country_code,product_code,product_description,year,indic_et,value_meur
AT,SITC0_1,food_drinks_tobacco,2002,balance,-504.7
BE,SITC0_1,food_drinks_tobacco,2002,balance,2625.4
BG,SITC0_1,food_drinks_tobacco,2002,balance,210.9
CY,SITC0_1,food_drinks_tobacco,2002,balance,-302.5
CZ,SITC0_1,food_drinks_tobacco,2002,balance,-688.3
DE,SITC0_1,food_drinks_tobacco,2002,balance,-10009.5
DK,SITC0_1,food_drinks_tobacco,2002,balance,5478.8
EE,SITC0_1,food_drinks_tobacco,2002,balance,-158.1
EL,SITC0_1,food_drinks_tobacco,2002,balance,-1814.5
ES,SITC0_1,food_drinks_tobacco,2002,balance,1924.7
FI,SITC0_1,food_drinks_tobacco,2002,balance,-1074.8
FR,SITC0_1,food_drinks_tobacco,2002,balance,9147.2
HR,SITC0_1,food_drinks_tobacco,2002,balance,-378.2
HU,SITC0_1,food_drinks_tobacco,2002,balance,1277.9
IE,SITC0_1,food_drinks_tobacco,2002,balance,2870.3
IT,SITC0_1,food_drinks_tobacco,2002,balance,-4555.2
LT,SITC0_1,food_drinks_tobacco,2002,balance,-25.7
LU,SITC0_1,food_drinks_tobacco,2002,balance,-617.9
LV,SITC0_1,food_drinks_tobacco,2002,balance,-283.1
MT,SITC0_1,food_drinks_tobacco,2002,balance,-198.7
NL,SITC0_1,food_drinks_tobacco,2002,balance,15233.0
PL,SITC0_1,food_drinks_tobacco,2002,balance,3.4
PT,SITC0_1,food_drinks_tobacco,2002,balance,-2857.3
RO,SITC0_1,food_drinks_tobacco,2002,balance,-676.0
SE,SITC0_1,food_drinks_tobacco,2002,balance,-2657.5
SI,SITC0_1,food_drinks_tobacco,2002,balance,-278.0
SK,SITC0_1,food_drinks_tobacco,2002,balance,-410.7
AT,SITC2_4,raw_materials,2002,balance,-508.7
BE,SITC2_4,raw_materials,2002,balance,-2257.4
BG,SITC2_4,raw_materials,2002,balance,-49.3
CY,SITC2_4,raw_materials,2002,balance,-42.6
CZ,SITC2_4,raw_materials,2002,balance,-168.7
DE,SITC2_4,raw_materials,2002,balance,-8061.1
DK,SITC2_4,raw_materials,2002,balance,318.5
EE,SITC2_4,raw_materials,2002,balance,217.1
EL,SITC2_4,raw_materials,2002,balance,-220.2
ES,SITC2_4,raw_materials,2002,balance,-2645.2
FI,SITC2_4,raw_materials,2002,balance,833.0
FR,SITC2_4,raw_materials,2002,balance,-2411.7
HR,SITC2_4,raw_materials,2002,balance,-6.1
HU,SITC2_4,raw_materials,2002,balance,-68.0
IE,SITC2_4,raw_materials,2002,balance,145.5
IT,SITC2_4,raw_materials,2002,balance,-10718.7
LT,SITC2_4,raw_materials,2002,balance,2.0
LU,SITC2_4,raw_materials,2002,balance,-432.5
LV,SITC2_4,raw_materials,2002,balance,475.0
MT,SITC2_4,raw_materials,2002,balance,-30.0
NL,SITC2_4,raw_materials,2002,balance,3821.6
PL,SITC2_4,raw_materials,2002,balance,-868.8
PT,SITC2_4,raw_materials,2002,balance,-570.2
RO,SITC2_4,raw_materials,2002,balance,130.1
SE,SITC2_4,raw_materials,2002,balance,2640.8
SI,SITC2_4,raw_materials,2002,balance,-416.6
SK,SITC2_4,raw_materials,2002,balance,-176.4
AT,SITC3,mineral_fuels,2002,balance,-3871.0
BE,SITC3,mineral_fuels,2002,balance,-6633.0
BG,SITC3,mineral_fuels,2002,balance,80.1
CY,SITC3,mineral_fuels,2002,balance,-404.3
CZ,SITC3,mineral_fuels,2002,balance,-2086.9
DE,SITC3,mineral_fuels,2002,balance,-34292.7
DK,SITC3,mineral_fuels,2002,balance,1509.2
EE,SITC3,mineral_fuels,2002,balance,-193.6
EL,SITC3,mineral_fuels,2002,balance,-3645.9
ES,SITC3,mineral_fuels,2002,balance,-14977.7
FI,SITC3,mineral_fuels,2002,balance,-2438.3
FR,SITC3,mineral_fuels,2002,balance,-21650.0
HR,SITC3,mineral_fuels,2002,balance,-899.5
HU,SITC3,mineral_fuels,2002,balance,-1723.4
IE,SITC3,mineral_fuels,2002,balance,-1500.4
IT,SITC3,mineral_fuels,2002,balance,-18414.1
LT,SITC3,mineral_fuels,2002,balance,-265.1
LU,SITC3,mineral_fuels,2002,balance,-929.9
LV,SITC3,mineral_fuels,2002,balance,-358.2
MT,SITC3,mineral_fuels,2002,balance,-129.6
NL,SITC3,mineral_fuels,2002,balance,-1684.9
PL,SITC3,mineral_fuels,2002,balance,-3177.9
PT,SITC3,mineral_fuels,2002,balance,-3546.6
RO,SITC3,mineral_fuels,2002,balance,-942.7
SE,SITC3,mineral_fuels,2002,balance,-3652.4
SI,SITC3,mineral_fuels,2002,balance,-696.7
SK,SITC3,mineral_fuels,2002,balance,-1425.4
AT,SITC5,chemicals,2002,balance,-766.0
BE,SITC5,chemicals,2002,balance,11630.1
BG,SITC5,chemicals,2002,balance,-397.3
CY,SITC5,chemicals,2002,balance,-310.5
CZ,SITC5,chemicals,2002,balance,-2402.9
DE,SITC5,chemicals,2002,balance,21592.5
DK,SITC5,chemicals,2002,balance,1693.7
EE,SITC5,chemicals,2002,balance,-309.5
EL,SITC5,chemicals,2002,balance,-3430.5
ES,SITC5,chemicals,2002,balance,-7602.7
FI,SITC5,chemicals,2002,balance,-868.5
FR,SITC5,chemicals,2002,balance,11059.5
HR,SITC5,chemicals,2002,balance,-751.5
HU,SITC5,chemicals,2002,balance,-1267.4
IE,SITC5,chemicals,2002,balance,32139.0
IT,SITC5,chemicals,2002,balance,-5876.1
LT,SITC5,chemicals,2002,balance,-517.0
LU,SITC5,chemicals,2002,balance,-561.8
LV,SITC5,chemicals,2002,balance,-401.4
MT,SITC5,chemicals,2002,balance,-193.9
NL,SITC5,chemicals,2002,balance,12942.0
PL,SITC5,chemicals,2002,balance,-5932.8
PT,SITC5,chemicals,2002,balance,-3043.4
RO,SITC5,chemicals,2002,balance,-1345.3
SE,SITC5,chemicals,2002,balance,2242.5
SI,SITC5,chemicals,2002,balance,-209.5
SK,SITC5,chemicals,2002,balance,-807.1
AT,SITC6_8,other_manufactured,2002,balance,2755.1
BE,SITC6_8,other_manufactured,2002,balance,8830.9
BG,SITC6_8,other_manufactured,2002,balance,447.5
CY,SITC6_8,other_manufactured,2002,balance,-1368.0
CZ,SITC6_8,other_manufactured,2002,balance,979.1
DE,SITC6_8,other_manufactured,2002,balance,18430.7
DK,SITC6_8,other_manufactured,2002,balance,-759.5
EE,SITC6_8,other_manufactured,2002,balance,-1.4
EL,SITC6_8,other_manufactured,2002,balance,-5371.5
ES,SITC6_8,other_manufactured,2002,balance,-5485.2
FI,SITC6_8,other_manufactured,2002,balance,9208.6
FR,SITC6_8,other_manufactured,2002,balance,-14637.4
HR,SITC6_8,other_manufactured,2002,balance,-1687.4
HU,SITC6_8,other_manufactured,2002,balance,-1809.9
IE,SITC6_8,other_manufactured,2002,balance,-419.7
IT,SITC6_8,other_manufactured,2002,balance,43821.4
LT,SITC6_8,other_manufactured,2002,balance,-187.7
LU,SITC6_8,other_manufactured,2002,balance,1215.7
LV,SITC6_8,other_manufactured,2002,balance,-188.3
MT,SITC6_8,other_manufactured,2002,balance,-104.7
NL,SITC6_8,other_manufactured,2002,balance,-1606.3
PL,SITC6_8,other_manufactured,2002,balance,651.0
PT,SITC6_8,other_manufactured,2002,balance,143.6
RO,SITC6_8,other_manufactured,2002,balance,834.6
SE,SITC6_8,other_manufactured,2002,balance,7039.9
SI,SITC6_8,other_manufactured,2002,balance,848.3
SK,SITC6_8,other_manufactured,2002,balance,1182.2
AT,SITC7,machinery_transport,2002,balance,3089.6
BE,SITC7,machinery_transport,2002,balance,4300.6
BG,SITC7,machinery_transport,2002,balance,-1475.1
CY,SITC7,machinery_transport,2002,balance,-1016.7
CZ,SITC7,machinery_transport,2002,balance,2025.9
DE,SITC7,machinery_transport,2002,balance,142920.0
DK,SITC7,machinery_transport,2002,balance,-2213.5
EE,SITC7,machinery_transport,2002,balance,-991.0
EL,SITC7,machinery_transport,2002,balance,-11554.7
ES,SITC7,machinery_transport,2002,balance,-12754.9
FI,SITC7,machinery_transport,2002,balance,6362.8
FR,SITC7,machinery_transport,2002,balance,18359.5
HR,SITC7,machinery_transport,2002,balance,-2408.2
HU,SITC7,machinery_transport,2002,balance,609.3
IE,SITC7,machinery_transport,2002,balance,4821.1
IT,SITC7,machinery_transport,2002,balance,13743.3
LT,SITC7,machinery_transport,2002,balance,-1277.4
LU,SITC7,machinery_transport,2002,balance,-1288.9
LV,SITC7,machinery_transport,2002,balance,-1111.8
MT,SITC7,machinery_transport,2002,balance,26.5
NL,SITC7,machinery_transport,2002,balance,-2861.6
PL,SITC7,machinery_transport,2002,balance,-5609.6
PT,SITC7,machinery_transport,2002,balance,-5133.7
RO,SITC7,machinery_transport,2002,balance,-2215.9
SE,SITC7,machinery_transport,2002,balance,10407.2
SI,SITC7,machinery_transport,2002,balance,127.0
SK,SITC7,machinery_transport,2002,balance,-645.3
AT,SITC9,unclassified,2002,balance,201.2
BE,SITC9,unclassified,2002,balance,344.8
BG,SITC9,unclassified,2002,balance,-1165.2
CY,SITC9,unclassified,2002,balance,-8.9
CZ,SITC9,unclassified,2002,balance,52.8
DE,SITC9,unclassified,2002,balance,2191.2
DK,SITC9,unclassified,2002,balance,1560.2
EE,SITC9,unclassified,2002,balance,-0.6
EL,SITC9,unclassified,2002,balance,-307.0
ES,SITC9,unclassified,2002,balance,-144.4
FI,SITC9,unclassified,2002,balance,-466.9
FR,SITC9,unclassified,2002,balance,2731.2
HR,SITC9,unclassified,2002,balance,-7.9
HU,SITC9,unclassified,2002,balance,-442.4
IE,SITC9,unclassified,2002,balance,-125.8
IT,SITC9,unclassified,2002,balance,-10162.8
LT,SITC9,unclassified,2002,balance,-150.6
LU,SITC9,unclassified,2002,balance,38.6
LV,SITC9,unclassified,2002,balance,5.7
MT,SITC9,unclassified,2002,balance,-23.8
NL,SITC9,unclassified,2002,balance,376.3
PL,SITC9,unclassified,2002,balance,-46.3
PT,SITC9,unclassified,2002,balance,-60.5
RO,SITC9,unclassified,2002,balance,9.2
SE,SITC9,unclassified,2002,balance,-639.7
SI,SITC9,unclassified,2002,balance,13.3
SK,SITC9,unclassified,2002,balance,0.1
AT,SITC0_1,food_drinks_tobacco,2002,export,4325.3
BE,SITC0_1,food_drinks_tobacco,2002,export,19085.4
BG,SITC0_1,food_drinks_tobacco,2002,export,643.2
CY,SITC0_1,food_drinks_tobacco,2002,export,129.0
CZ,SITC0_1,food_drinks_tobacco,2002,export,1283.2
DE,SITC0_1,food_drinks_tobacco,2002,export,28001.3
DK,SITC0_1,food_drinks_tobacco,2002,export,11693.2
EE,SITC0_1,food_drinks_tobacco,2002,export,281.8
EL,SITC0_1,food_drinks_tobacco,2002,export,2659.7
ES,SITC0_1,food_drinks_tobacco,2002,export,18434.0
FI,SITC0_1,food_drinks_tobacco,2002,export,905.5
FR,SITC0_1,food_drinks_tobacco,2002,export,35705.8
HR,SITC0_1,food_drinks_tobacco,2002,export,554.3
HU,SITC0_1,food_drinks_tobacco,2002,export,2473.7
IE,SITC0_1,food_drinks_tobacco,2002,export,6777.0
IT,SITC0_1,food_drinks_tobacco,2002,export,16953.5
LT,SITC0_1,food_drinks_tobacco,2002,export,528.2
LU,SITC0_1,food_drinks_tobacco,2002,export,655.5
LV,SITC0_1,food_drinks_tobacco,2002,export,235.4
MT,SITC0_1,food_drinks_tobacco,2002,export,113.9
NL,SITC0_1,food_drinks_tobacco,2002,export,37501.7
PL,SITC0_1,food_drinks_tobacco,2002,export,3263.9
PT,SITC0_1,food_drinks_tobacco,2002,export,1965.7
RO,SITC0_1,food_drinks_tobacco,2002,export,404.9
SE,SITC0_1,food_drinks_tobacco,2002,export,2636.5
SI,SITC0_1,food_drinks_tobacco,2002,export,388.7
SK,SITC0_1,food_drinks_tobacco,2002,export,493.5
AT,SITC2_4,raw_materials,2002,export,2660.7
BE,SITC2_4,raw_materials,2002,export,5457.2
BG,SITC2_4,raw_materials,2002,export,377.4
CY,SITC2_4,raw_materials,2002,export,28.6
CZ,SITC2_4,raw_materials,2002,export,1169.8
DE,SITC2_4,raw_materials,2002,export,10423.4
DK,SITC2_4,raw_materials,2002,export,2264.5
EE,SITC2_4,raw_materials,2002,export,468.0
EL,SITC2_4,raw_materials,2002,export,896.4
ES,SITC2_4,raw_materials,2002,export,4600.2
FI,SITC2_4,raw_materials,2002,export,3171.3
FR,SITC2_4,raw_materials,2002,export,6759.7
HR,SITC2_4,raw_materials,2002,export,303.5
HU,SITC2_4,raw_materials,2002,export,722.1
IE,SITC2_4,raw_materials,2002,export,1061.7
IT,SITC2_4,raw_materials,2002,export,3813.3
LT,SITC2_4,raw_materials,2002,export,360.8
LU,SITC2_4,raw_materials,2002,export,170.0
LV,SITC2_4,raw_materials,2002,export,647.3
MT,SITC2_4,raw_materials,2002,export,5.6
NL,SITC2_4,raw_materials,2002,export,15021.1
PL,SITC2_4,raw_materials,2002,export,1084.4
PT,SITC2_4,raw_materials,2002,export,1068.0
RO,SITC2_4,raw_materials,2002,export,803.6
SE,SITC2_4,raw_materials,2002,export,5221.5
SI,SITC2_4,raw_materials,2002,export,199.5
SK,SITC2_4,raw_materials,2002,export,485.6
AT,SITC3,mineral_fuels,2002,export,1870.6
BE,SITC3,mineral_fuels,2002,export,9937.2
BG,SITC3,mineral_fuels,2002,export,364.2
CY,SITC3,mineral_fuels,2002,export,14.0
CZ,SITC3,mineral_fuels,2002,export,1168.0
DE,SITC3,mineral_fuels,2002,export,9303.1
DK,SITC3,mineral_fuels,2002,export,3702.4
EE,SITC3,mineral_fuels,2002,export,82.7
EL,SITC3,mineral_fuels,2002,export,931.5
ES,SITC3,mineral_fuels,2002,export,3927.8
FI,SITC3,mineral_fuels,2002,export,1607.6
FR,SITC3,mineral_fuels,2002,export,7747.8
HR,SITC3,mineral_fuels,2002,export,481.3
HU,SITC3,mineral_fuels,2002,export,567.3
IE,SITC3,mineral_fuels,2002,export,361.9
IT,SITC3,mineral_fuels,2002,export,4815.7
LT,SITC3,mineral_fuels,2002,export,1095.9
LU,SITC3,mineral_fuels,2002,export,54.2
LV,SITC3,mineral_fuels,2002,export,36.3
MT,SITC3,mineral_fuels,2002,export,2.1
NL,SITC3,mineral_fuels,2002,export,22652.0
PL,SITC3,mineral_fuels,2002,export,2163.3
PT,SITC3,mineral_fuels,2002,export,537.8
RO,SITC3,mineral_fuels,2002,export,1160.1
SE,SITC3,mineral_fuels,2002,export,2544.0
SI,SITC3,mineral_fuels,2002,export,118.0
SK,SITC3,mineral_fuels,2002,export,924.3
AT,SITC5,chemicals,2002,export,8151.3
BE,SITC5,chemicals,2002,export,61711.3
BG,SITC5,chemicals,2002,export,466.8
CY,SITC5,chemicals,2002,export,96.7
CZ,SITC5,chemicals,2002,export,2418.4
DE,SITC5,chemicals,2002,export,79314.0
DK,SITC5,chemicals,2002,export,7352.4
EE,SITC5,chemicals,2002,export,176.2
EL,SITC5,chemicals,2002,export,1357.1
ES,SITC5,chemicals,2002,export,14394.8
FI,SITC5,chemicals,2002,export,3313.4
FR,SITC5,chemicals,2002,export,53498.4
HR,SITC5,chemicals,2002,export,535.6
HU,SITC5,chemicals,2002,export,2422.4
IE,SITC5,chemicals,2002,export,39136.4
IT,SITC5,chemicals,2002,export,27856.0
LT,SITC5,chemicals,2002,export,401.5
LU,SITC5,chemicals,2002,export,625.1
LV,SITC5,chemicals,2002,export,143.4
MT,SITC5,chemicals,2002,export,38.6
NL,SITC5,chemicals,2002,export,41310.2
PL,SITC5,chemicals,2002,export,2759.0
PT,SITC5,chemicals,2002,export,1601.4
RO,SITC5,chemicals,2002,export,685.9
SE,SITC5,chemicals,2002,export,9641.5
SI,SITC5,chemicals,2002,export,1338.5
SK,SITC5,chemicals,2002,export,1062.8
AT,SITC6_8,other_manufactured,2002,export,28964.7
BE,SITC6_8,other_manufactured,2002,export,68177.0
BG,SITC6_8,other_manufactured,2002,export,2993.8
CY,SITC6_8,other_manufactured,2002,export,129.4
CZ,SITC6_8,other_manufactured,2002,export,14391.0
DE,SITC6_8,other_manufactured,2002,export,156418.2
DK,SITC6_8,other_manufactured,2002,export,15416.9
EE,SITC6_8,other_manufactured,2002,export,1576.1
EL,SITC6_8,other_manufactured,2002,export,4520.3
ES,SITC6_8,other_manufactured,2002,export,36456.9
FI,SITC6_8,other_manufactured,2002,export,17400.4
FR,SITC6_8,other_manufactured,2002,export,78357.6
HR,SITC6_8,other_manufactured,2002,export,1831.6
HU,SITC6_8,other_manufactured,2002,export,8507.1
IE,SITC6_8,other_manufactured,2002,export,10030.1
IT,SITC6_8,other_manufactured,2002,export,110511.2
LT,SITC6_8,other_manufactured,2002,export,1701.7
LU,SITC6_8,other_manufactured,2002,export,4947.7
LV,SITC6_8,other_manufactured,2002,export,1146.8
MT,SITC6_8,other_manufactured,2002,export,574.0
NL,SITC6_8,other_manufactured,2002,export,56720.5
PL,SITC6_8,other_manufactured,2002,export,17867.2
PT,SITC6_8,other_manufactured,2002,export,12718.0
RO,SITC6_8,other_manufactured,2002,export,8448.0
SE,SITC6_8,other_manufactured,2002,export,26476.8
SI,SITC6_8,other_manufactured,2002,export,4828.1
SK,SITC6_8,other_manufactured,2002,export,6224.8
AT,SITC7,machinery_transport,2002,export,36610.2
BE,SITC7,machinery_transport,2002,export,63690.2
BG,SITC7,machinery_transport,2002,export,754.6
CY,SITC7,machinery_transport,2002,export,51.1
CZ,SITC7,machinery_transport,2002,export,20214.2
DE,SITC7,machinery_transport,2002,export,349157.4
DK,SITC7,machinery_transport,2002,export,17664.1
EE,SITC7,machinery_transport,2002,export,1057.5
EL,SITC7,machinery_transport,2002,export,1557.2
ES,SITC7,machinery_transport,2002,export,53721.1
FI,SITC7,machinery_transport,2002,export,20981.1
FR,SITC7,machinery_transport,2002,export,163553.7
HR,SITC7,machinery_transport,2002,export,1480.8
HU,SITC7,machinery_transport,2002,export,21366.7
IE,SITC7,machinery_transport,2002,export,32891.9
IT,SITC7,machinery_transport,2002,export,100629.1
LT,SITC7,machinery_transport,2002,export,1435.1
LU,SITC7,machinery_transport,2002,export,4238.1
LV,SITC7,machinery_transport,2002,export,200.6
MT,SITC7,machinery_transport,2002,export,1408.9
NL,SITC7,machinery_transport,2002,export,84215.5
PL,SITC7,machinery_transport,2002,export,16352.7
PT,SITC7,machinery_transport,2002,export,9433.4
RO,SITC7,machinery_transport,2002,export,3106.0
SE,SITC7,machinery_transport,2002,export,38211.8
SI,SITC7,machinery_transport,2002,export,4064.4
SK,SITC7,machinery_transport,2002,export,6035.8
AT,SITC9,unclassified,2002,export,616.2
BE,SITC9,unclassified,2002,export,502.9
BG,SITC9,unclassified,2002,export,463.0
CY,SITC9,unclassified,2002,export,0.7
CZ,SITC9,unclassified,2002,export,61.6
DE,SITC9,unclassified,2002,export,18641.8
DK,SITC9,unclassified,2002,export,2708.9
EE,SITC9,unclassified,2002,export,0.0
EL,SITC9,unclassified,2002,export,199.2
ES,SITC9,unclassified,2002,export,1383.2
FI,SITC9,unclassified,2002,export,363.1
FR,SITC9,unclassified,2002,export,5179.9
HR,SITC9,unclassified,2002,export,1.1
HU,SITC9,unclassified,2002,export,443.8
IE,SITC9,unclassified,2002,export,3084.3
IT,SITC9,unclassified,2002,export,4484.8
LT,SITC9,unclassified,2002,export,13.6
LU,SITC9,unclassified,2002,export,111.2
LV,SITC9,unclassified,2002,export,6.9
MT,SITC9,unclassified,2002,export,1.1
NL,SITC9,unclassified,2002,export,678.0
PL,SITC9,unclassified,2002,export,8.8
PT,SITC9,unclassified,2002,export,74.0
RO,SITC9,unclassified,2002,export,66.4
SE,SITC9,unclassified,2002,export,1455.6
SI,SITC9,unclassified,2002,export,24.8
SK,SITC9,unclassified,2002,export,7.3
AT,SITC0_1,food_drinks_tobacco,2002,import,4830.0
BE,SITC0_1,food_drinks_tobacco,2002,import,16460.0
BG,SITC0_1,food_drinks_tobacco,2002,import,432.3
CY,SITC0_1,food_drinks_tobacco,2002,import,431.5
CZ,SITC0_1,food_drinks_tobacco,2002,import,1971.5
DE,SITC0_1,food_drinks_tobacco,2002,import,38010.8
DK,SITC0_1,food_drinks_tobacco,2002,import,6214.5
EE,SITC0_1,food_drinks_tobacco,2002,import,439.9
EL,SITC0_1,food_drinks_tobacco,2002,import,4474.2
ES,SITC0_1,food_drinks_tobacco,2002,import,16509.3
FI,SITC0_1,food_drinks_tobacco,2002,import,1980.3
FR,SITC0_1,food_drinks_tobacco,2002,import,26558.6
HR,SITC0_1,food_drinks_tobacco,2002,import,932.4
HU,SITC0_1,food_drinks_tobacco,2002,import,1195.8
IE,SITC0_1,food_drinks_tobacco,2002,import,3906.7
IT,SITC0_1,food_drinks_tobacco,2002,import,21508.7
LT,SITC0_1,food_drinks_tobacco,2002,import,553.9
LU,SITC0_1,food_drinks_tobacco,2002,import,1273.4
LV,SITC0_1,food_drinks_tobacco,2002,import,518.6
MT,SITC0_1,food_drinks_tobacco,2002,import,312.6
NL,SITC0_1,food_drinks_tobacco,2002,import,22268.7
PL,SITC0_1,food_drinks_tobacco,2002,import,3260.5
PT,SITC0_1,food_drinks_tobacco,2002,import,4823.0
RO,SITC0_1,food_drinks_tobacco,2002,import,1080.9
SE,SITC0_1,food_drinks_tobacco,2002,import,5293.9
SI,SITC0_1,food_drinks_tobacco,2002,import,666.7
SK,SITC0_1,food_drinks_tobacco,2002,import,904.2
AT,SITC2_4,raw_materials,2002,import,3169.4
BE,SITC2_4,raw_materials,2002,import,7714.6
BG,SITC2_4,raw_materials,2002,import,426.8
CY,SITC2_4,raw_materials,2002,import,71.2
CZ,SITC2_4,raw_materials,2002,import,1338.5
DE,SITC2_4,raw_materials,2002,import,18484.6
DK,SITC2_4,raw_materials,2002,import,1946.0
EE,SITC2_4,raw_materials,2002,import,250.9
EL,SITC2_4,raw_materials,2002,import,1116.6
ES,SITC2_4,raw_materials,2002,import,7245.4
FI,SITC2_4,raw_materials,2002,import,2338.3
FR,SITC2_4,raw_materials,2002,import,9171.4
HR,SITC2_4,raw_materials,2002,import,309.6
HU,SITC2_4,raw_materials,2002,import,790.1
IE,SITC2_4,raw_materials,2002,import,916.2
IT,SITC2_4,raw_materials,2002,import,14532.0
LT,SITC2_4,raw_materials,2002,import,358.8
LU,SITC2_4,raw_materials,2002,import,602.5
LV,SITC2_4,raw_materials,2002,import,172.3
MT,SITC2_4,raw_materials,2002,import,35.7
NL,SITC2_4,raw_materials,2002,import,11199.5
PL,SITC2_4,raw_materials,2002,import,1953.2
PT,SITC2_4,raw_materials,2002,import,1638.2
RO,SITC2_4,raw_materials,2002,import,673.5
SE,SITC2_4,raw_materials,2002,import,2580.7
SI,SITC2_4,raw_materials,2002,import,616.1
SK,SITC2_4,raw_materials,2002,import,662.0
AT,SITC3,mineral_fuels,2002,import,5741.6
BE,SITC3,mineral_fuels,2002,import,16570.2
BG,SITC3,mineral_fuels,2002,import,284.0
CY,SITC3,mineral_fuels,2002,import,418.3
CZ,SITC3,mineral_fuels,2002,import,3254.9
DE,SITC3,mineral_fuels,2002,import,43595.9
DK,SITC3,mineral_fuels,2002,import,2193.2
EE,SITC3,mineral_fuels,2002,import,276.3
EL,SITC3,mineral_fuels,2002,import,4577.5
ES,SITC3,mineral_fuels,2002,import,18905.5
FI,SITC3,mineral_fuels,2002,import,4045.8
FR,SITC3,mineral_fuels,2002,import,29397.7
HR,SITC3,mineral_fuels,2002,import,1380.8
HU,SITC3,mineral_fuels,2002,import,2290.6
IE,SITC3,mineral_fuels,2002,import,1862.3
IT,SITC3,mineral_fuels,2002,import,23229.7
LT,SITC3,mineral_fuels,2002,import,1361.0
LU,SITC3,mineral_fuels,2002,import,984.1
LV,SITC3,mineral_fuels,2002,import,394.5
MT,SITC3,mineral_fuels,2002,import,131.7
NL,SITC3,mineral_fuels,2002,import,24336.8
PL,SITC3,mineral_fuels,2002,import,5341.3
PT,SITC3,mineral_fuels,2002,import,4084.4
RO,SITC3,mineral_fuels,2002,import,2102.7
SE,SITC3,mineral_fuels,2002,import,6196.3
SI,SITC3,mineral_fuels,2002,import,814.7
SK,SITC3,mineral_fuels,2002,import,2349.7
AT,SITC5,chemicals,2002,import,8917.3
BE,SITC5,chemicals,2002,import,50081.2
BG,SITC5,chemicals,2002,import,864.1
CY,SITC5,chemicals,2002,import,407.2
CZ,SITC5,chemicals,2002,import,4821.3
DE,SITC5,chemicals,2002,import,57721.5
DK,SITC5,chemicals,2002,import,5658.7
EE,SITC5,chemicals,2002,import,485.7
EL,SITC5,chemicals,2002,import,4787.7
ES,SITC5,chemicals,2002,import,21997.5
FI,SITC5,chemicals,2002,import,4181.9
FR,SITC5,chemicals,2002,import,42438.9
HR,SITC5,chemicals,2002,import,1287.2
HU,SITC5,chemicals,2002,import,3689.8
IE,SITC5,chemicals,2002,import,6997.4
IT,SITC5,chemicals,2002,import,33732.2
LT,SITC5,chemicals,2002,import,918.5
LU,SITC5,chemicals,2002,import,1186.9
LV,SITC5,chemicals,2002,import,544.8
MT,SITC5,chemicals,2002,import,232.5
NL,SITC5,chemicals,2002,import,28368.2
PL,SITC5,chemicals,2002,import,8691.8
PT,SITC5,chemicals,2002,import,4644.8
RO,SITC5,chemicals,2002,import,2031.2
SE,SITC5,chemicals,2002,import,7399.0
SI,SITC5,chemicals,2002,import,1547.9
SK,SITC5,chemicals,2002,import,1869.9
AT,SITC6_8,other_manufactured,2002,import,26209.6
BE,SITC6_8,other_manufactured,2002,import,59346.1
BG,SITC6_8,other_manufactured,2002,import,2546.3
CY,SITC6_8,other_manufactured,2002,import,1497.4
CZ,SITC6_8,other_manufactured,2002,import,13412.0
DE,SITC6_8,other_manufactured,2002,import,137987.5
DK,SITC6_8,other_manufactured,2002,import,16176.4
EE,SITC6_8,other_manufactured,2002,import,1577.5
EL,SITC6_8,other_manufactured,2002,import,9891.8
ES,SITC6_8,other_manufactured,2002,import,41942.1
FI,SITC6_8,other_manufactured,2002,import,8191.9
FR,SITC6_8,other_manufactured,2002,import,92995.0
HR,SITC6_8,other_manufactured,2002,import,3519.0
HU,SITC6_8,other_manufactured,2002,import,10317.0
IE,SITC6_8,other_manufactured,2002,import,10449.8
IT,SITC6_8,other_manufactured,2002,import,66689.8
LT,SITC6_8,other_manufactured,2002,import,1889.4
LU,SITC6_8,other_manufactured,2002,import,3732.0
LV,SITC6_8,other_manufactured,2002,import,1335.0
MT,SITC6_8,other_manufactured,2002,import,678.7
NL,SITC6_8,other_manufactured,2002,import,58326.8
PL,SITC6_8,other_manufactured,2002,import,17216.2
PT,SITC6_8,other_manufactured,2002,import,12574.3
RO,SITC6_8,other_manufactured,2002,import,7613.4
SE,SITC6_8,other_manufactured,2002,import,19436.9
SI,SITC6_8,other_manufactured,2002,import,3979.8
SK,SITC6_8,other_manufactured,2002,import,5042.7
AT,SITC7,machinery_transport,2002,import,33520.6
BE,SITC7,machinery_transport,2002,import,59389.6
BG,SITC7,machinery_transport,2002,import,2229.7
CY,SITC7,machinery_transport,2002,import,1067.8
CZ,SITC7,machinery_transport,2002,import,18188.3
DE,SITC7,machinery_transport,2002,import,206237.4
DK,SITC7,machinery_transport,2002,import,19877.6
EE,SITC7,machinery_transport,2002,import,2048.5
EL,SITC7,machinery_transport,2002,import,13111.9
ES,SITC7,machinery_transport,2002,import,66476.0
FI,SITC7,machinery_transport,2002,import,14618.3
FR,SITC7,machinery_transport,2002,import,145194.2
HR,SITC7,machinery_transport,2002,import,3889.0
HU,SITC7,machinery_transport,2002,import,20757.4
IE,SITC7,machinery_transport,2002,import,28070.8
IT,SITC7,machinery_transport,2002,import,86885.9
LT,SITC7,machinery_transport,2002,import,2712.5
LU,SITC7,machinery_transport,2002,import,5526.9
LV,SITC7,machinery_transport,2002,import,1312.4
MT,SITC7,machinery_transport,2002,import,1382.4
NL,SITC7,machinery_transport,2002,import,87077.1
PL,SITC7,machinery_transport,2002,import,21962.3
PT,SITC7,machinery_transport,2002,import,14567.1
RO,SITC7,machinery_transport,2002,import,5321.9
SE,SITC7,machinery_transport,2002,import,27804.7
SI,SITC7,machinery_transport,2002,import,3937.3
SK,SITC7,machinery_transport,2002,import,6681.1
AT,SITC9,unclassified,2002,import,415.0
BE,SITC9,unclassified,2002,import,158.1
BG,SITC9,unclassified,2002,import,1628.1
CY,SITC9,unclassified,2002,import,9.6
CZ,SITC9,unclassified,2002,import,8.8
DE,SITC9,unclassified,2002,import,16450.6
DK,SITC9,unclassified,2002,import,1148.7
EE,SITC9,unclassified,2002,import,0.6
EL,SITC9,unclassified,2002,import,506.1
ES,SITC9,unclassified,2002,import,1527.5
FI,SITC9,unclassified,2002,import,830.0
FR,SITC9,unclassified,2002,import,2448.7
HR,SITC9,unclassified,2002,import,9.0
HU,SITC9,unclassified,2002,import,886.2
IE,SITC9,unclassified,2002,import,3210.1
IT,SITC9,unclassified,2002,import,14647.6
LT,SITC9,unclassified,2002,import,164.3
LU,SITC9,unclassified,2002,import,72.6
LV,SITC9,unclassified,2002,import,1.2
MT,SITC9,unclassified,2002,import,24.9
NL,SITC9,unclassified,2002,import,301.7
PL,SITC9,unclassified,2002,import,55.1
PT,SITC9,unclassified,2002,import,134.5
RO,SITC9,unclassified,2002,import,57.2
SE,SITC9,unclassified,2002,import,2095.3
SI,SITC9,unclassified,2002,import,11.4
SK,SITC9,unclassified,2002,import,7.2
AT,SITC0_1,food_drinks_tobacco,2003,balance,-184.0
BE,SITC0_1,food_drinks_tobacco,2003,balance,2581.3
BG,SITC0_1,food_drinks_tobacco,2003,balance,116.5
CY,SITC0_1,food_drinks_tobacco,2003,balance,-291.1
CZ,SITC0_1,food_drinks_tobacco,2003,balance,-709.6
DE,SITC0_1,food_drinks_tobacco,2003,balance,-9506.0
DK,SITC0_1,food_drinks_tobacco,2003,balance,5144.4
EE,SITC0_1,food_drinks_tobacco,2003,balance,-203.2
EL,SITC0_1,food_drinks_tobacco,2003,balance,-2002.2
ES,SITC0_1,food_drinks_tobacco,2003,balance,2488.7
FI,SITC0_1,food_drinks_tobacco,2003,balance,-1210.9
FR,SITC0_1,food_drinks_tobacco,2003,balance,9202.0
HR,SITC0_1,food_drinks_tobacco,2003,balance,-348.8
HU,SITC0_1,food_drinks_tobacco,2003,balance,1188.4
IE,SITC0_1,food_drinks_tobacco,2003,balance,3025.8
IT,SITC0_1,food_drinks_tobacco,2003,balance,-5548.3
LT,SITC0_1,food_drinks_tobacco,2003,balance,41.8
LU,SITC0_1,food_drinks_tobacco,2003,balance,-694.4
LV,SITC0_1,food_drinks_tobacco,2003,balance,-287.0
MT,SITC0_1,food_drinks_tobacco,2003,balance,-212.7
NL,SITC0_1,food_drinks_tobacco,2003,balance,14563.0
PL,SITC0_1,food_drinks_tobacco,2003,balance,778.7
PT,SITC0_1,food_drinks_tobacco,2003,balance,-2788.8
RO,SITC0_1,food_drinks_tobacco,2003,balance,-1022.8
SE,SITC0_1,food_drinks_tobacco,2003,balance,-2709.4
SI,SITC0_1,food_drinks_tobacco,2003,balance,-297.7
SK,SITC0_1,food_drinks_tobacco,2003,balance,-324.4
AT,SITC2_4,raw_materials,2003,balance,-418.6
BE,SITC2_4,raw_materials,2003,balance,-2166.5
BG,SITC2_4,raw_materials,2003,balance,-164.4
CY,SITC2_4,raw_materials,2003,balance,-50.1
CZ,SITC2_4,raw_materials,2003,balance,-240.6
DE,SITC2_4,raw_materials,2003,balance,-7747.7
DK,SITC2_4,raw_materials,2003,balance,414.6
EE,SITC2_4,raw_materials,2003,balance,238.6
EL,SITC2_4,raw_materials,2003,balance,-61.0
ES,SITC2_4,raw_materials,2003,balance,-3097.6
FI,SITC2_4,raw_materials,2003,balance,511.8
FR,SITC2_4,raw_materials,2003,balance,-2315.2
HR,SITC2_4,raw_materials,2003,balance,-2.9
HU,SITC2_4,raw_materials,2003,balance,-53.9
IE,SITC2_4,raw_materials,2003,balance,207.0
IT,SITC2_4,raw_materials,2003,balance,-10177.9
LT,SITC2_4,raw_materials,2003,balance,21.5
LU,SITC2_4,raw_materials,2003,balance,-509.0
LV,SITC2_4,raw_materials,2003,balance,510.4
MT,SITC2_4,raw_materials,2003,balance,-28.4
NL,SITC2_4,raw_materials,2003,balance,3917.1
PL,SITC2_4,raw_materials,2003,balance,-795.0
PT,SITC2_4,raw_materials,2003,balance,-521.8
RO,SITC2_4,raw_materials,2003,balance,293.4
SE,SITC2_4,raw_materials,2003,balance,2640.9
SI,SITC2_4,raw_materials,2003,balance,-439.4
SK,SITC2_4,raw_materials,2003,balance,-186.6
AT,SITC3,mineral_fuels,2003,balance,-4422.8
BE,SITC3,mineral_fuels,2003,balance,-6012.7
BG,SITC3,mineral_fuels,2003,balance,10.0
CY,SITC3,mineral_fuels,2003,balance,-267.0
CZ,SITC3,mineral_fuels,2003,balance,-2280.0
DE,SITC3,mineral_fuels,2003,balance,-36825.9
DK,SITC3,mineral_fuels,2003,balance,2096.1
EE,SITC3,mineral_fuels,2003,balance,-194.3
EL,SITC3,mineral_fuels,2003,balance,-4295.5
ES,SITC3,mineral_fuels,2003,balance,-14413.3
FI,SITC3,mineral_fuels,2003,balance,-2650.2
FR,SITC3,mineral_fuels,2003,balance,-22649.3
HR,SITC3,mineral_fuels,2003,balance,-847.3
HU,SITC3,mineral_fuels,2003,balance,-1744.1
IE,SITC3,mineral_fuels,2003,balance,-1638.7
IT,SITC3,mineral_fuels,2003,balance,-17818.5
LT,SITC3,mineral_fuels,2003,balance,-227.0
LU,SITC3,mineral_fuels,2003,balance,-987.5
LV,SITC3,mineral_fuels,2003,balance,-403.0
MT,SITC3,mineral_fuels,2003,balance,-143.4
NL,SITC3,mineral_fuels,2003,balance,-2322.2
PL,SITC3,mineral_fuels,2003,balance,-3463.8
PT,SITC3,mineral_fuels,2003,balance,-3546.6
RO,SITC3,mineral_fuels,2003,balance,-1289.4
SE,SITC3,mineral_fuels,2003,balance,-4052.0
SI,SITC3,mineral_fuels,2003,balance,-793.9
SK,SITC3,mineral_fuels,2003,balance,-1417.1
AT,SITC5,chemicals,2003,balance,-1053.4
BE,SITC5,chemicals,2003,balance,12226.9
BG,SITC5,chemicals,2003,balance,-457.5
CY,SITC5,chemicals,2003,balance,-323.7
CZ,SITC5,chemicals,2003,balance,-2682.5
DE,SITC5,chemicals,2003,balance,26012.1
DK,SITC5,chemicals,2003,balance,2289.5
EE,SITC5,chemicals,2003,balance,-325.0
EL,SITC5,chemicals,2003,balance,-3771.9
ES,SITC5,chemicals,2003,balance,-8177.2
FI,SITC5,chemicals,2003,balance,-1008.2
FR,SITC5,chemicals,2003,balance,9706.9
HR,SITC5,chemicals,2003,balance,-855.9
HU,SITC5,chemicals,2003,balance,-1442.1
IE,SITC5,chemicals,2003,balance,28894.9
IT,SITC5,chemicals,2003,balance,-7233.8
LT,SITC5,chemicals,2003,balance,-527.8
LU,SITC5,chemicals,2003,balance,-553.3
LV,SITC5,chemicals,2003,balance,-416.1
MT,SITC5,chemicals,2003,balance,-197.6
NL,SITC5,chemicals,2003,balance,13869.4
PL,SITC5,chemicals,2003,balance,-5811.0
PT,SITC5,chemicals,2003,balance,-3018.5
RO,SITC5,chemicals,2003,balance,-1441.7
SE,SITC5,chemicals,2003,balance,2845.1
SI,SITC5,chemicals,2003,balance,-99.8
SK,SITC5,chemicals,2003,balance,-956.7
AT,SITC6_8,other_manufactured,2003,balance,2706.9
BE,SITC6_8,other_manufactured,2003,balance,8214.8
BG,SITC6_8,other_manufactured,2003,balance,562.5
CY,SITC6_8,other_manufactured,2003,balance,-1310.1
CZ,SITC6_8,other_manufactured,2003,balance,994.3
DE,SITC6_8,other_manufactured,2003,balance,17904.9
DK,SITC6_8,other_manufactured,2003,balance,-730.2
EE,SITC6_8,other_manufactured,2003,balance,37.9
EL,SITC6_8,other_manufactured,2003,balance,-5786.3
ES,SITC6_8,other_manufactured,2003,balance,-8934.1
FI,SITC6_8,other_manufactured,2003,balance,8969.1
FR,SITC6_8,other_manufactured,2003,balance,-16538.8
HR,SITC6_8,other_manufactured,2003,balance,-1961.4
HU,SITC6_8,other_manufactured,2003,balance,-2815.0
IE,SITC6_8,other_manufactured,2003,balance,684.2
IT,SITC6_8,other_manufactured,2003,balance,39521.8
LT,SITC6_8,other_manufactured,2003,balance,-238.5
LU,SITC6_8,other_manufactured,2003,balance,1040.4
LV,SITC6_8,other_manufactured,2003,balance,-282.1
MT,SITC6_8,other_manufactured,2003,balance,-143.4
NL,SITC6_8,other_manufactured,2003,balance,-904.7
PL,SITC6_8,other_manufactured,2003,balance,1508.9
PT,SITC6_8,other_manufactured,2003,balance,636.1
RO,SITC6_8,other_manufactured,2003,balance,728.7
SE,SITC6_8,other_manufactured,2003,balance,6900.6
SI,SITC6_8,other_manufactured,2003,balance,746.0
SK,SITC6_8,other_manufactured,2003,balance,1274.9
AT,SITC7,machinery_transport,2003,balance,1242.1
BE,SITC7,machinery_transport,2003,balance,3201.6
BG,SITC7,machinery_transport,2003,balance,-1812.7
CY,SITC7,machinery_transport,2003,balance,-907.0
CZ,SITC7,machinery_transport,2003,balance,2198.6
DE,SITC7,machinery_transport,2003,balance,138890.7
DK,SITC7,machinery_transport,2003,balance,-1674.9
EE,SITC7,machinery_transport,2003,balance,-1247.3
EL,SITC7,machinery_transport,2003,balance,-13720.5
ES,SITC7,machinery_transport,2003,balance,-14363.4
FI,SITC7,machinery_transport,2003,balance,5254.3
FR,SITC7,machinery_transport,2003,balance,14613.4
HR,SITC7,machinery_transport,2003,balance,-3032.9
HU,SITC7,machinery_transport,2003,balance,1501.1
IE,SITC7,machinery_transport,2003,balance,2658.6
IT,SITC7,machinery_transport,2003,balance,13128.7
LT,SITC7,machinery_transport,2003,balance,-1244.7
LU,SITC7,machinery_transport,2003,balance,-920.0
LV,SITC7,machinery_transport,2003,balance,-1198.6
MT,SITC7,machinery_transport,2003,balance,-112.2
NL,SITC7,machinery_transport,2003,balance,-1879.4
PL,SITC7,machinery_transport,2003,balance,-5008.6
PT,SITC7,machinery_transport,2003,balance,-4377.3
RO,SITC7,machinery_transport,2003,balance,-2893.7
SE,SITC7,machinery_transport,2003,balance,11408.7
SI,SITC7,machinery_transport,2003,balance,-86.0
SK,SITC7,machinery_transport,2003,balance,981.6
AT,SITC9,unclassified,2003,balance,21.1
BE,SITC9,unclassified,2003,balance,229.1
BG,SITC9,unclassified,2003,balance,-1196.6
CY,SITC9,unclassified,2003,balance,-6.7
CZ,SITC9,unclassified,2003,balance,44.6
DE,SITC9,unclassified,2003,balance,1176.4
DK,SITC9,unclassified,2003,balance,490.8
EE,SITC9,unclassified,2003,balance,-19.7
EL,SITC9,unclassified,2003,balance,-321.5
ES,SITC9,unclassified,2003,balance,125.0
FI,SITC9,unclassified,2003,balance,-444.2
FR,SITC9,unclassified,2003,balance,1968.8
HR,SITC9,unclassified,2003,balance,-24.4
HU,SITC9,unclassified,2003,balance,-801.7
IE,SITC9,unclassified,2003,balance,529.2
IT,SITC9,unclassified,2003,balance,-10268.4
LT,SITC9,unclassified,2003,balance,-193.0
LU,SITC9,unclassified,2003,balance,88.4
LV,SITC9,unclassified,2003,balance,6.3
MT,SITC9,unclassified,2003,balance,-24.2
NL,SITC9,unclassified,2003,balance,433.5
PL,SITC9,unclassified,2003,balance,-36.5
PT,SITC9,unclassified,2003,balance,-34.6
RO,SITC9,unclassified,2003,balance,37.8
SE,SITC9,unclassified,2003,balance,-623.2
SI,SITC9,unclassified,2003,balance,16.8
SK,SITC9,unclassified,2003,balance,3.0
AT,SITC0_1,food_drinks_tobacco,2003,export,4923.3
BE,SITC0_1,food_drinks_tobacco,2003,export,19250.5
BG,SITC0_1,food_drinks_tobacco,2003,export,583.9
CY,SITC0_1,food_drinks_tobacco,2003,export,139.6
CZ,SITC0_1,food_drinks_tobacco,2003,export,1400.5
DE,SITC0_1,food_drinks_tobacco,2003,export,29144.9
DK,SITC0_1,food_drinks_tobacco,2003,export,11283.7
EE,SITC0_1,food_drinks_tobacco,2003,export,278.7
EL,SITC0_1,food_drinks_tobacco,2003,export,2552.5
ES,SITC0_1,food_drinks_tobacco,2003,export,19437.7
FI,SITC0_1,food_drinks_tobacco,2003,export,876.7
FR,SITC0_1,food_drinks_tobacco,2003,export,36425.2
HR,SITC0_1,food_drinks_tobacco,2003,export,638.0
HU,SITC0_1,food_drinks_tobacco,2003,export,2481.2
IE,SITC0_1,food_drinks_tobacco,2003,export,6863.7
IT,SITC0_1,food_drinks_tobacco,2003,export,16834.1
LT,SITC0_1,food_drinks_tobacco,2003,export,640.6
LU,SITC0_1,food_drinks_tobacco,2003,export,685.2
LV,SITC0_1,food_drinks_tobacco,2003,export,220.4
MT,SITC0_1,food_drinks_tobacco,2003,export,92.0
NL,SITC0_1,food_drinks_tobacco,2003,export,37422.6
PL,SITC0_1,food_drinks_tobacco,2003,export,3762.1
PT,SITC0_1,food_drinks_tobacco,2003,export,1994.1
RO,SITC0_1,food_drinks_tobacco,2003,export,380.8
SE,SITC0_1,food_drinks_tobacco,2003,export,2796.5
SI,SITC0_1,food_drinks_tobacco,2003,export,384.8
SK,SITC0_1,food_drinks_tobacco,2003,export,551.1
AT,SITC2_4,raw_materials,2003,export,2750.6
BE,SITC2_4,raw_materials,2003,export,5652.9
BG,SITC2_4,raw_materials,2003,export,407.2
CY,SITC2_4,raw_materials,2003,export,26.8
CZ,SITC2_4,raw_materials,2003,export,1238.4
DE,SITC2_4,raw_materials,2003,export,10152.8
DK,SITC2_4,raw_materials,2003,export,2406.2
EE,SITC2_4,raw_materials,2003,export,499.0
EL,SITC2_4,raw_materials,2003,export,1069.9
ES,SITC2_4,raw_materials,2003,export,4344.9
FI,SITC2_4,raw_materials,2003,export,3157.0
FR,SITC2_4,raw_materials,2003,export,6942.1
HR,SITC2_4,raw_materials,2003,export,320.8
HU,SITC2_4,raw_materials,2003,export,777.5
IE,SITC2_4,raw_materials,2003,export,1115.3
IT,SITC2_4,raw_materials,2003,export,3689.8
LT,SITC2_4,raw_materials,2003,export,386.1
LU,SITC2_4,raw_materials,2003,export,164.2
LV,SITC2_4,raw_materials,2003,export,724.5
MT,SITC2_4,raw_materials,2003,export,5.9
NL,SITC2_4,raw_materials,2003,export,15195.5
PL,SITC2_4,raw_materials,2003,export,1241.7
PT,SITC2_4,raw_materials,2003,export,1068.4
RO,SITC2_4,raw_materials,2003,export,982.2
SE,SITC2_4,raw_materials,2003,export,5143.9
SI,SITC2_4,raw_materials,2003,export,200.7
SK,SITC2_4,raw_materials,2003,export,503.5
AT,SITC3,mineral_fuels,2003,export,2039.1
BE,SITC3,mineral_fuels,2003,export,12089.3
BG,SITC3,mineral_fuels,2003,export,387.5
CY,SITC3,mineral_fuels,2003,export,12.5
CZ,SITC3,mineral_fuels,2003,export,1237.9
DE,SITC3,mineral_fuels,2003,export,10696.4
DK,SITC3,mineral_fuels,2003,export,4386.3
EE,SITC3,mineral_fuels,2003,export,97.5
EL,SITC3,mineral_fuels,2003,export,764.5
ES,SITC3,mineral_fuels,2003,export,4700.0
FI,SITC3,mineral_fuels,2003,export,1830.3
FR,SITC3,mineral_fuels,2003,export,8431.9
HR,SITC3,mineral_fuels,2003,export,527.3
HU,SITC3,mineral_fuels,2003,export,615.1
IE,SITC3,mineral_fuels,2003,export,200.1
IT,SITC3,mineral_fuels,2003,export,5781.1
LT,SITC3,mineral_fuels,2003,export,1246.7
LU,SITC3,mineral_fuels,2003,export,41.6
LV,SITC3,mineral_fuels,2003,export,35.5
MT,SITC3,mineral_fuels,2003,export,7.1
NL,SITC3,mineral_fuels,2003,export,23111.9
PL,SITC3,mineral_fuels,2003,export,2055.1
PT,SITC3,mineral_fuels,2003,export,674.8
RO,SITC3,mineral_fuels,2003,export,1022.6
SE,SITC3,mineral_fuels,2003,export,2879.9
SI,SITC3,mineral_fuels,2003,export,152.6
SK,SITC3,mineral_fuels,2003,export,1003.5
AT,SITC5,chemicals,2003,export,8223.1
BE,SITC5,chemicals,2003,export,61858.3
BG,SITC5,chemicals,2003,export,499.9
CY,SITC5,chemicals,2003,export,87.0
CZ,SITC5,chemicals,2003,export,2531.1
DE,SITC5,chemicals,2003,export,84801.2
DK,SITC5,chemicals,2003,export,7957.3
EE,SITC5,chemicals,2003,export,219.7
EL,SITC5,chemicals,2003,export,1540.7
ES,SITC5,chemicals,2003,export,15202.8
FI,SITC5,chemicals,2003,export,3334.1
FR,SITC5,chemicals,2003,export,53825.4
HR,SITC5,chemicals,2003,export,524.7
HU,SITC5,chemicals,2003,export,2644.9
IE,SITC5,chemicals,2003,export,35785.1
IT,SITC5,chemicals,2003,export,27131.9
LT,SITC5,chemicals,2003,export,455.9
LU,SITC5,chemicals,2003,export,667.9
LV,SITC5,chemicals,2003,export,156.9
MT,SITC5,chemicals,2003,export,38.9
NL,SITC5,chemicals,2003,export,41823.9
PL,SITC5,chemicals,2003,export,3097.7
PT,SITC5,chemicals,2003,export,1727.9
RO,SITC5,chemicals,2003,export,742.9
SE,SITC5,chemicals,2003,export,10781.4
SI,SITC5,chemicals,2003,export,1531.3
SK,SITC5,chemicals,2003,export,997.9
AT,SITC6_8,other_manufactured,2003,export,29922.3
BE,SITC6_8,other_manufactured,2003,export,63990.6
BG,SITC6_8,other_manufactured,2003,export,3540.0
CY,SITC6_8,other_manufactured,2003,export,106.4
CZ,SITC6_8,other_manufactured,2003,export,15008.1
DE,SITC6_8,other_manufactured,2003,export,156398.1
DK,SITC6_8,other_manufactured,2003,export,15361.4
EE,SITC6_8,other_manufactured,2003,export,1731.4
EL,SITC6_8,other_manufactured,2003,export,4698.3
ES,SITC6_8,other_manufactured,2003,export,35961.1
FI,SITC6_8,other_manufactured,2003,export,17380.3
FR,SITC6_8,other_manufactured,2003,export,77636.5
HR,SITC6_8,other_manufactured,2003,export,1839.1
HU,SITC6_8,other_manufactured,2003,export,7960.7
IE,SITC6_8,other_manufactured,2003,export,11203.1
IT,SITC6_8,other_manufactured,2003,export,105920.6
LT,SITC6_8,other_manufactured,2003,export,1818.6
LU,SITC6_8,other_manufactured,2003,export,4926.1
LV,SITC6_8,other_manufactured,2003,export,1179.8
MT,SITC6_8,other_manufactured,2003,export,530.1
NL,SITC6_8,other_manufactured,2003,export,56993.1
PL,SITC6_8,other_manufactured,2003,export,19429.7
PT,SITC6_8,other_manufactured,2003,export,12761.1
RO,SITC6_8,other_manufactured,2003,export,9039.5
SE,SITC6_8,other_manufactured,2003,export,26731.6
SI,SITC6_8,other_manufactured,2003,export,4864.9
SK,SITC6_8,other_manufactured,2003,export,7088.9
AT,SITC7,machinery_transport,2003,export,37491.9
BE,SITC7,machinery_transport,2003,export,62707.9
BG,SITC7,machinery_transport,2003,export,869.1
CY,SITC7,machinery_transport,2003,export,48.1
CZ,SITC7,machinery_transport,2003,export,21581.2
DE,SITC7,machinery_transport,2003,export,349970.4
DK,SITC7,machinery_transport,2003,export,16138.6
EE,SITC7,machinery_transport,2003,export,1176.2
EL,SITC7,machinery_transport,2003,export,1624.2
ES,SITC7,machinery_transport,2003,export,56825.7
FI,SITC7,machinery_transport,2003,export,20042.9
FR,SITC7,machinery_transport,2003,export,158844.6
HR,SITC7,machinery_transport,2003,export,1607.8
HU,SITC7,machinery_transport,2003,export,23229.5
IE,SITC7,machinery_transport,2003,export,23340.0
IT,SITC7,machinery_transport,2003,export,98154.5
LT,SITC7,machinery_transport,2003,export,1595.9
LU,SITC7,machinery_transport,2003,export,5152.4
LV,SITC7,machinery_transport,2003,export,232.0
MT,SITC7,machinery_transport,2003,export,1316.7
NL,SITC7,machinery_transport,2003,export,86476.4
PL,SITC7,machinery_transport,2003,export,17930.8
PT,SITC7,machinery_transport,2003,export,9773.3
RO,SITC7,machinery_transport,2003,export,3354.1
SE,SITC7,machinery_transport,2003,export,40722.7
SI,SITC7,machinery_transport,2003,export,4126.1
SK,SITC7,machinery_transport,2003,export,9158.6
AT,SITC9,unclassified,2003,export,528.5
BE,SITC9,unclassified,2003,export,420.1
BG,SITC9,unclassified,2003,export,380.6
CY,SITC9,unclassified,2003,export,0.8
CZ,SITC9,unclassified,2003,export,55.8
DE,SITC9,unclassified,2003,export,23228.1
DK,SITC9,unclassified,2003,export,1264.7
EE,SITC9,unclassified,2003,export,0.1
EL,SITC9,unclassified,2003,export,266.5
ES,SITC9,unclassified,2003,export,1563.9
FI,SITC9,unclassified,2003,export,382.8
FR,SITC9,unclassified,2003,export,4463.7
HR,SITC9,unclassified,2003,export,6.8
HU,SITC9,unclassified,2003,export,387.2
IE,SITC9,unclassified,2003,export,3490.0
IT,SITC9,unclassified,2003,export,7103.5
LT,SITC9,unclassified,2003,export,14.4
LU,SITC9,unclassified,2003,export,117.3
LV,SITC9,unclassified,2003,export,8.0
MT,SITC9,unclassified,2003,export,0.4
NL,SITC9,unclassified,2003,export,656.4
PL,SITC9,unclassified,2003,export,9.5
PT,SITC9,unclassified,2003,export,74.3
RO,SITC9,unclassified,2003,export,91.5
SE,SITC9,unclassified,2003,export,1205.8
SI,SITC9,unclassified,2003,export,24.5
SK,SITC9,unclassified,2003,export,5.9
AT,SITC0_1,food_drinks_tobacco,2003,import,5107.3
BE,SITC0_1,food_drinks_tobacco,2003,import,16669.2
BG,SITC0_1,food_drinks_tobacco,2003,import,467.4
CY,SITC0_1,food_drinks_tobacco,2003,import,430.7
CZ,SITC0_1,food_drinks_tobacco,2003,import,2110.0
DE,SITC0_1,food_drinks_tobacco,2003,import,38650.9
DK,SITC0_1,food_drinks_tobacco,2003,import,6139.3
EE,SITC0_1,food_drinks_tobacco,2003,import,481.9
EL,SITC0_1,food_drinks_tobacco,2003,import,4554.7
ES,SITC0_1,food_drinks_tobacco,2003,import,16948.9
FI,SITC0_1,food_drinks_tobacco,2003,import,2087.6
FR,SITC0_1,food_drinks_tobacco,2003,import,27223.2
HR,SITC0_1,food_drinks_tobacco,2003,import,986.8
HU,SITC0_1,food_drinks_tobacco,2003,import,1292.8
IE,SITC0_1,food_drinks_tobacco,2003,import,3837.8
IT,SITC0_1,food_drinks_tobacco,2003,import,22382.5
LT,SITC0_1,food_drinks_tobacco,2003,import,598.8
LU,SITC0_1,food_drinks_tobacco,2003,import,1379.7
LV,SITC0_1,food_drinks_tobacco,2003,import,507.4
MT,SITC0_1,food_drinks_tobacco,2003,import,304.7
NL,SITC0_1,food_drinks_tobacco,2003,import,22859.7
PL,SITC0_1,food_drinks_tobacco,2003,import,2983.4
PT,SITC0_1,food_drinks_tobacco,2003,import,4782.9
RO,SITC0_1,food_drinks_tobacco,2003,import,1403.6
SE,SITC0_1,food_drinks_tobacco,2003,import,5506.0
SI,SITC0_1,food_drinks_tobacco,2003,import,682.5
SK,SITC0_1,food_drinks_tobacco,2003,import,875.4
AT,SITC2_4,raw_materials,2003,import,3169.2
BE,SITC2_4,raw_materials,2003,import,7819.4
BG,SITC2_4,raw_materials,2003,import,571.6
CY,SITC2_4,raw_materials,2003,import,76.8
CZ,SITC2_4,raw_materials,2003,import,1479.0
DE,SITC2_4,raw_materials,2003,import,17900.5
DK,SITC2_4,raw_materials,2003,import,1991.6
EE,SITC2_4,raw_materials,2003,import,260.4
EL,SITC2_4,raw_materials,2003,import,1130.9
ES,SITC2_4,raw_materials,2003,import,7442.5
FI,SITC2_4,raw_materials,2003,import,2645.1
FR,SITC2_4,raw_materials,2003,import,9257.3
HR,SITC2_4,raw_materials,2003,import,323.7
HU,SITC2_4,raw_materials,2003,import,831.3
IE,SITC2_4,raw_materials,2003,import,908.2
IT,SITC2_4,raw_materials,2003,import,13867.7
LT,SITC2_4,raw_materials,2003,import,364.6
LU,SITC2_4,raw_materials,2003,import,673.3
LV,SITC2_4,raw_materials,2003,import,214.1
MT,SITC2_4,raw_materials,2003,import,34.4
NL,SITC2_4,raw_materials,2003,import,11278.4
PL,SITC2_4,raw_materials,2003,import,2036.7
PT,SITC2_4,raw_materials,2003,import,1590.2
RO,SITC2_4,raw_materials,2003,import,688.8
SE,SITC2_4,raw_materials,2003,import,2503.0
SI,SITC2_4,raw_materials,2003,import,640.1
SK,SITC2_4,raw_materials,2003,import,690.1
AT,SITC3,mineral_fuels,2003,import,6461.9
BE,SITC3,mineral_fuels,2003,import,18102.1
BG,SITC3,mineral_fuels,2003,import,377.5
CY,SITC3,mineral_fuels,2003,import,279.5
CZ,SITC3,mineral_fuels,2003,import,3517.9
DE,SITC3,mineral_fuels,2003,import,47522.3
DK,SITC3,mineral_fuels,2003,import,2290.1
EE,SITC3,mineral_fuels,2003,import,291.8
EL,SITC3,mineral_fuels,2003,import,5060.0
ES,SITC3,mineral_fuels,2003,import,19113.3
FI,SITC3,mineral_fuels,2003,import,4480.5
FR,SITC3,mineral_fuels,2003,import,31081.2
HR,SITC3,mineral_fuels,2003,import,1374.6
HU,SITC3,mineral_fuels,2003,import,2359.2
IE,SITC3,mineral_fuels,2003,import,1838.8
IT,SITC3,mineral_fuels,2003,import,23599.6
LT,SITC3,mineral_fuels,2003,import,1473.6
LU,SITC3,mineral_fuels,2003,import,1029.1
LV,SITC3,mineral_fuels,2003,import,438.4
MT,SITC3,mineral_fuels,2003,import,150.4
NL,SITC3,mineral_fuels,2003,import,25434.1
PL,SITC3,mineral_fuels,2003,import,5518.9
PT,SITC3,mineral_fuels,2003,import,4221.4
RO,SITC3,mineral_fuels,2003,import,2312.0
SE,SITC3,mineral_fuels,2003,import,6931.9
SI,SITC3,mineral_fuels,2003,import,946.5
SK,SITC3,mineral_fuels,2003,import,2420.6
AT,SITC5,chemicals,2003,import,9276.5
BE,SITC5,chemicals,2003,import,49631.4
BG,SITC5,chemicals,2003,import,957.4
CY,SITC5,chemicals,2003,import,410.7
CZ,SITC5,chemicals,2003,import,5213.6
DE,SITC5,chemicals,2003,import,58789.1
DK,SITC5,chemicals,2003,import,5667.8
EE,SITC5,chemicals,2003,import,544.8
EL,SITC5,chemicals,2003,import,5312.6
ES,SITC5,chemicals,2003,import,23380.0
FI,SITC5,chemicals,2003,import,4342.3
FR,SITC5,chemicals,2003,import,44118.4
HR,SITC5,chemicals,2003,import,1380.6
HU,SITC5,chemicals,2003,import,4087.0
IE,SITC5,chemicals,2003,import,6890.2
IT,SITC5,chemicals,2003,import,34365.6
LT,SITC5,chemicals,2003,import,983.7
LU,SITC5,chemicals,2003,import,1221.2
LV,SITC5,chemicals,2003,import,573.0
MT,SITC5,chemicals,2003,import,236.6
NL,SITC5,chemicals,2003,import,27954.5
PL,SITC5,chemicals,2003,import,8908.7
PT,SITC5,chemicals,2003,import,4746.4
RO,SITC5,chemicals,2003,import,2184.6
SE,SITC5,chemicals,2003,import,7936.4
SI,SITC5,chemicals,2003,import,1631.1
SK,SITC5,chemicals,2003,import,1954.6
AT,SITC6_8,other_manufactured,2003,import,27215.4
BE,SITC6_8,other_manufactured,2003,import,55775.8
BG,SITC6_8,other_manufactured,2003,import,2977.5
CY,SITC6_8,other_manufactured,2003,import,1416.5
CZ,SITC6_8,other_manufactured,2003,import,14013.7
DE,SITC6_8,other_manufactured,2003,import,138493.2
DK,SITC6_8,other_manufactured,2003,import,16091.6
EE,SITC6_8,other_manufactured,2003,import,1693.5
EL,SITC6_8,other_manufactured,2003,import,10484.6
ES,SITC6_8,other_manufactured,2003,import,44895.2
FI,SITC6_8,other_manufactured,2003,import,8411.1
FR,SITC6_8,other_manufactured,2003,import,94175.3
HR,SITC6_8,other_manufactured,2003,import,3800.5
HU,SITC6_8,other_manufactured,2003,import,10775.7
IE,SITC6_8,other_manufactured,2003,import,10518.9
IT,SITC6_8,other_manufactured,2003,import,66398.8
LT,SITC6_8,other_manufactured,2003,import,2057.1
LU,SITC6_8,other_manufactured,2003,import,3885.7
LV,SITC6_8,other_manufactured,2003,import,1461.9
MT,SITC6_8,other_manufactured,2003,import,673.5
NL,SITC6_8,other_manufactured,2003,import,57897.8
PL,SITC6_8,other_manufactured,2003,import,17920.8
PT,SITC6_8,other_manufactured,2003,import,12125.1
RO,SITC6_8,other_manufactured,2003,import,8310.8
SE,SITC6_8,other_manufactured,2003,import,19831.0
SI,SITC6_8,other_manufactured,2003,import,4118.9
SK,SITC6_8,other_manufactured,2003,import,5814.0
AT,SITC7,machinery_transport,2003,import,36249.8
BE,SITC7,machinery_transport,2003,import,59506.2
BG,SITC7,machinery_transport,2003,import,2681.8
CY,SITC7,machinery_transport,2003,import,955.1
CZ,SITC7,machinery_transport,2003,import,19382.6
DE,SITC7,machinery_transport,2003,import,211079.7
DK,SITC7,machinery_transport,2003,import,17813.6
EE,SITC7,machinery_transport,2003,import,2423.5
EL,SITC7,machinery_transport,2003,import,15344.7
ES,SITC7,machinery_transport,2003,import,71189.1
FI,SITC7,machinery_transport,2003,import,14788.6
FR,SITC7,machinery_transport,2003,import,144231.2
HR,SITC7,machinery_transport,2003,import,4640.7
HU,SITC7,machinery_transport,2003,import,21728.4
IE,SITC7,machinery_transport,2003,import,20681.4
IT,SITC7,machinery_transport,2003,import,85025.8
LT,SITC7,machinery_transport,2003,import,2840.6
LU,SITC7,machinery_transport,2003,import,6072.3
LV,SITC7,machinery_transport,2003,import,1430.6
MT,SITC7,machinery_transport,2003,import,1428.9
NL,SITC7,machinery_transport,2003,import,88355.7
PL,SITC7,machinery_transport,2003,import,22939.4
PT,SITC7,machinery_transport,2003,import,14150.6
RO,SITC7,machinery_transport,2003,import,6247.8
SE,SITC7,machinery_transport,2003,import,29313.9
SI,SITC7,machinery_transport,2003,import,4212.1
SK,SITC7,machinery_transport,2003,import,8177.0
AT,SITC9,unclassified,2003,import,507.4
BE,SITC9,unclassified,2003,import,191.0
BG,SITC9,unclassified,2003,import,1577.3
CY,SITC9,unclassified,2003,import,7.6
CZ,SITC9,unclassified,2003,import,11.2
DE,SITC9,unclassified,2003,import,22051.8
DK,SITC9,unclassified,2003,import,773.9
EE,SITC9,unclassified,2003,import,19.9
EL,SITC9,unclassified,2003,import,588.0
ES,SITC9,unclassified,2003,import,1438.9
FI,SITC9,unclassified,2003,import,827.0
FR,SITC9,unclassified,2003,import,2494.9
HR,SITC9,unclassified,2003,import,31.2
HU,SITC9,unclassified,2003,import,1188.8
IE,SITC9,unclassified,2003,import,2960.8
IT,SITC9,unclassified,2003,import,17371.9
LT,SITC9,unclassified,2003,import,207.5
LU,SITC9,unclassified,2003,import,28.9
LV,SITC9,unclassified,2003,import,1.6
MT,SITC9,unclassified,2003,import,24.5
NL,SITC9,unclassified,2003,import,223.0
PL,SITC9,unclassified,2003,import,46.0
PT,SITC9,unclassified,2003,import,108.9
RO,SITC9,unclassified,2003,import,53.8
SE,SITC9,unclassified,2003,import,1829.0
SI,SITC9,unclassified,2003,import,7.7
SK,SITC9,unclassified,2003,import,2.9
AT,SITC0_1,food_drinks_tobacco,2004,balance,-160.3
BE,SITC0_1,food_drinks_tobacco,2004,balance,2882.7
BG,SITC0_1,food_drinks_tobacco,2004,balance,154.0
CY,SITC0_1,food_drinks_tobacco,2004,balance,-340.4
CZ,SITC0_1,food_drinks_tobacco,2004,balance,-853.4
DE,SITC0_1,food_drinks_tobacco,2004,balance,-8235.1
DK,SITC0_1,food_drinks_tobacco,2004,balance,5021.6
EE,SITC0_1,food_drinks_tobacco,2004,balance,-225.4
EL,SITC0_1,food_drinks_tobacco,2004,balance,-2300.7
ES,SITC0_1,food_drinks_tobacco,2004,balance,1150.9
FI,SITC0_1,food_drinks_tobacco,2004,balance,-1276.0
FR,SITC0_1,food_drinks_tobacco,2004,balance,8467.7
HR,SITC0_1,food_drinks_tobacco,2004,balance,-500.0
HU,SITC0_1,food_drinks_tobacco,2004,balance,879.0
IE,SITC0_1,food_drinks_tobacco,2004,balance,3150.5
IT,SITC0_1,food_drinks_tobacco,2004,balance,-6295.3
LT,SITC0_1,food_drinks_tobacco,2004,balance,67.9
LU,SITC0_1,food_drinks_tobacco,2004,balance,-790.7
LV,SITC0_1,food_drinks_tobacco,2004,balance,-313.0
MT,SITC0_1,food_drinks_tobacco,2004,balance,-232.5
NL,SITC0_1,food_drinks_tobacco,2004,balance,15330.0
PL,SITC0_1,food_drinks_tobacco,2004,balance,1193.1
PT,SITC0_1,food_drinks_tobacco,2004,balance,-2828.4
RO,SITC0_1,food_drinks_tobacco,2004,balance,-1122.9
SE,SITC0_1,food_drinks_tobacco,2004,balance,-2816.9
SI,SITC0_1,food_drinks_tobacco,2004,balance,-455.2
SK,SITC0_1,food_drinks_tobacco,2004,balance,-415.0
AT,SITC2_4,raw_materials,2004,balance,-520.9
BE,SITC2_4,raw_materials,2004,balance,-2833.7
BG,SITC2_4,raw_materials,2004,balance,-237.8
CY,SITC2_4,raw_materials,2004,balance,-48.3
CZ,SITC2_4,raw_materials,2004,balance,-297.9
DE,SITC2_4,raw_materials,2004,balance,-8438.3
DK,SITC2_4,raw_materials,2004,balance,471.4
EE,SITC2_4,raw_materials,2004,balance,193.8
EL,SITC2_4,raw_materials,2004,balance,-365.4
ES,SITC2_4,raw_materials,2004,balance,-3476.9
FI,SITC2_4,raw_materials,2004,balance,-348.0
FR,SITC2_4,raw_materials,2004,balance,-1808.4
HR,SITC2_4,raw_materials,2004,balance,45.6
HU,SITC2_4,raw_materials,2004,balance,61.2
IE,SITC2_4,raw_materials,2004,balance,223.1
IT,SITC2_4,raw_materials,2004,balance,-11098.5
LT,SITC2_4,raw_materials,2004,balance,29.9
LU,SITC2_4,raw_materials,2004,balance,-790.9
LV,SITC2_4,raw_materials,2004,balance,508.1
MT,SITC2_4,raw_materials,2004,balance,-25.1
NL,SITC2_4,raw_materials,2004,balance,4579.9
PL,SITC2_4,raw_materials,2004,balance,-1116.2
PT,SITC2_4,raw_materials,2004,balance,-376.0
RO,SITC2_4,raw_materials,2004,balance,364.0
SE,SITC2_4,raw_materials,2004,balance,2444.3
SI,SITC2_4,raw_materials,2004,balance,-477.8
SK,SITC2_4,raw_materials,2004,balance,-253.7
AT,SITC3,mineral_fuels,2004,balance,-5165.8
BE,SITC3,mineral_fuels,2004,balance,-8002.2
BG,SITC3,mineral_fuels,2004,balance,180.3
CY,SITC3,mineral_fuels,2004,balance,-449.4
CZ,SITC3,mineral_fuels,2004,balance,-2297.1
DE,SITC3,mineral_fuels,2004,balance,-38309.8
DK,SITC3,mineral_fuels,2004,balance,2673.8
EE,SITC3,mineral_fuels,2004,balance,-230.1
EL,SITC3,mineral_fuels,2004,balance,-4496.4
ES,SITC3,mineral_fuels,2004,balance,-17269.1
FI,SITC3,mineral_fuels,2004,balance,-2878.3
FR,SITC3,mineral_fuels,2004,balance,-28163.9
HR,SITC3,mineral_fuels,2004,balance,-863.7
HU,SITC3,mineral_fuels,2004,balance,-2447.8
IE,SITC3,mineral_fuels,2004,balance,-2269.7
IT,SITC3,mineral_fuels,2004,balance,-29344.3
LT,SITC3,mineral_fuels,2004,balance,9.6
LU,SITC3,mineral_fuels,2004,balance,-1242.7
LV,SITC3,mineral_fuels,2004,balance,-528.7
MT,SITC3,mineral_fuels,2004,balance,-147.1
NL,SITC3,mineral_fuels,2004,balance,-4372.4
PL,SITC3,mineral_fuels,2004,balance,-3335.1
PT,SITC3,mineral_fuels,2004,balance,-4086.5
RO,SITC3,mineral_fuels,2004,balance,-1831.5
SE,SITC3,mineral_fuels,2004,balance,-3765.5
SI,SITC3,mineral_fuels,2004,balance,-955.0
SK,SITC3,mineral_fuels,2004,balance,-1458.6
AT,SITC5,chemicals,2004,balance,-1226.8
BE,SITC5,chemicals,2004,balance,13370.4
BG,SITC5,chemicals,2004,balance,-682.1
CY,SITC5,chemicals,2004,balance,-330.2
CZ,SITC5,chemicals,2004,balance,-2831.3
DE,SITC5,chemicals,2004,balance,33494.0
DK,SITC5,chemicals,2004,balance,2115.5
EE,SITC5,chemicals,2004,balance,-378.8
EL,SITC5,chemicals,2004,balance,-4228.8
ES,SITC5,chemicals,2004,balance,-8860.5
FI,SITC5,chemicals,2004,balance,-1123.6
FR,SITC5,chemicals,2004,balance,9975.1
HR,SITC5,chemicals,2004,balance,-886.2
HU,SITC5,chemicals,2004,balance,-1288.4
IE,SITC5,chemicals,2004,balance,30426.1
IT,SITC5,chemicals,2004,balance,-8093.1
LT,SITC5,chemicals,2004,balance,-567.1
LU,SITC5,chemicals,2004,balance,-574.7
LV,SITC5,chemicals,2004,balance,-454.7
MT,SITC5,chemicals,2004,balance,-203.2
NL,SITC5,chemicals,2004,balance,14980.2
PL,SITC5,chemicals,2004,balance,-6310.4
PT,SITC5,chemicals,2004,balance,-3109.4
RO,SITC5,chemicals,2004,balance,-1680.3
SE,SITC5,chemicals,2004,balance,2659.5
SI,SITC5,chemicals,2004,balance,-134.0
SK,SITC5,chemicals,2004,balance,-1141.9
AT,SITC6_8,other_manufactured,2004,balance,2351.3
BE,SITC6_8,other_manufactured,2004,balance,9081.4
BG,SITC6_8,other_manufactured,2004,balance,679.3
CY,SITC6_8,other_manufactured,2004,balance,-1332.8
CZ,SITC6_8,other_manufactured,2004,balance,1214.9
DE,SITC6_8,other_manufactured,2004,balance,27998.7
DK,SITC6_8,other_manufactured,2004,balance,-1040.2
EE,SITC6_8,other_manufactured,2004,balance,-194.3
EL,SITC6_8,other_manufactured,2004,balance,-6971.0
ES,SITC6_8,other_manufactured,2004,balance,-11813.1
FI,SITC6_8,other_manufactured,2004,balance,9953.7
FR,SITC6_8,other_manufactured,2004,balance,-19705.5
HR,SITC6_8,other_manufactured,2004,balance,-2110.6
HU,SITC6_8,other_manufactured,2004,balance,-3022.4
IE,SITC6_8,other_manufactured,2004,balance,831.4
IT,SITC6_8,other_manufactured,2004,balance,39686.9
LT,SITC6_8,other_manufactured,2004,balance,-364.7
LU,SITC6_8,other_manufactured,2004,balance,1366.2
LV,SITC6_8,other_manufactured,2004,balance,-308.2
MT,SITC6_8,other_manufactured,2004,balance,-181.8
NL,SITC6_8,other_manufactured,2004,balance,578.6
PL,SITC6_8,other_manufactured,2004,balance,2268.6
PT,SITC6_8,other_manufactured,2004,balance,139.0
RO,SITC6_8,other_manufactured,2004,balance,959.1
SE,SITC6_8,other_manufactured,2004,balance,6603.3
SI,SITC6_8,other_manufactured,2004,balance,801.9
SK,SITC6_8,other_manufactured,2004,balance,914.6
AT,SITC7,machinery_transport,2004,balance,3336.9
BE,SITC7,machinery_transport,2004,balance,2358.1
BG,SITC7,machinery_transport,2004,balance,-2416.7
CY,SITC7,machinery_transport,2004,balance,-1158.5
CZ,SITC7,machinery_transport,2004,balance,4272.3
DE,SITC7,machinery_transport,2004,balance,154703.8
DK,SITC7,machinery_transport,2004,balance,-2580.3
EE,SITC7,machinery_transport,2004,balance,-1103.7
EL,SITC7,machinery_transport,2004,balance,-13411.4
ES,SITC7,machinery_transport,2004,balance,-20793.3
FI,SITC7,machinery_transport,2004,balance,4185.8
FR,SITC7,machinery_transport,2004,balance,11736.4
HR,SITC7,machinery_transport,2004,balance,-2579.6
HU,SITC7,machinery_transport,2004,balance,2099.5
IE,SITC7,machinery_transport,2004,balance,1828.9
IT,SITC7,machinery_transport,2004,balance,15904.6
LT,SITC7,machinery_transport,2004,balance,-1550.3
LU,SITC7,machinery_transport,2004,balance,-1127.4
LV,SITC7,machinery_transport,2004,balance,-1339.6
MT,SITC7,machinery_transport,2004,balance,-103.6
NL,SITC7,machinery_transport,2004,balance,-1137.1
PL,SITC7,machinery_transport,2004,balance,-4474.3
PT,SITC7,machinery_transport,2004,balance,-5144.6
RO,SITC7,machinery_transport,2004,balance,-4066.0
SE,SITC7,machinery_transport,2004,balance,13019.0
SI,SITC7,machinery_transport,2004,balance,95.5
SK,SITC7,machinery_transport,2004,balance,648.9
AT,SITC9,unclassified,2004,balance,155.7
BE,SITC9,unclassified,2004,balance,223.4
BG,SITC9,unclassified,2004,balance,-1311.7
CY,SITC9,unclassified,2004,balance,-1.5
CZ,SITC9,unclassified,2004,balance,3.9
DE,SITC9,unclassified,2004,balance,-5135.3
DK,SITC9,unclassified,2004,balance,511.3
EE,SITC9,unclassified,2004,balance,4.2
EL,SITC9,unclassified,2004,balance,-8.8
ES,SITC9,unclassified,2004,balance,198.6
FI,SITC9,unclassified,2004,balance,-412.1
FR,SITC9,unclassified,2004,balance,4353.8
HR,SITC9,unclassified,2004,balance,-6.0
HU,SITC9,unclassified,2004,balance,-278.0
IE,SITC9,unclassified,2004,balance,357.5
IT,SITC9,unclassified,2004,balance,-1981.3
LT,SITC9,unclassified,2004,balance,-105.8
LU,SITC9,unclassified,2004,balance,107.9
LV,SITC9,unclassified,2004,balance,-45.2
MT,SITC9,unclassified,2004,balance,-10.1
NL,SITC9,unclassified,2004,balance,387.5
PL,SITC9,unclassified,2004,balance,-2.8
PT,SITC9,unclassified,2004,balance,1.5
RO,SITC9,unclassified,2004,balance,31.9
SE,SITC9,unclassified,2004,balance,213.0
SI,SITC9,unclassified,2004,balance,1.4
SK,SITC9,unclassified,2004,balance,3.8
AT,SITC0_1,food_drinks_tobacco,2004,export,5421.1
BE,SITC0_1,food_drinks_tobacco,2004,export,20128.5
BG,SITC0_1,food_drinks_tobacco,2004,export,727.0
CY,SITC0_1,food_drinks_tobacco,2004,export,183.6
CZ,SITC0_1,food_drinks_tobacco,2004,export,1782.6
DE,SITC0_1,food_drinks_tobacco,2004,export,30780.4
DK,SITC0_1,food_drinks_tobacco,2004,export,11489.1
EE,SITC0_1,food_drinks_tobacco,2004,export,336.1
EL,SITC0_1,food_drinks_tobacco,2004,export,2530.2
ES,SITC0_1,food_drinks_tobacco,2004,export,19382.4
FI,SITC0_1,food_drinks_tobacco,2004,export,907.5
FR,SITC0_1,food_drinks_tobacco,2004,export,36288.9
HR,SITC0_1,food_drinks_tobacco,2004,export,557.9
HU,SITC0_1,food_drinks_tobacco,2004,export,2674.6
IE,SITC0_1,food_drinks_tobacco,2004,export,7077.5
IT,SITC0_1,food_drinks_tobacco,2004,export,17603.8
LT,SITC0_1,food_drinks_tobacco,2004,export,808.1
LU,SITC0_1,food_drinks_tobacco,2004,export,643.0
LV,SITC0_1,food_drinks_tobacco,2004,export,280.2
MT,SITC0_1,food_drinks_tobacco,2004,export,107.3
NL,SITC0_1,food_drinks_tobacco,2004,export,38841.6
PL,SITC0_1,food_drinks_tobacco,2004,export,4959.6
PT,SITC0_1,food_drinks_tobacco,2004,export,2055.5
RO,SITC0_1,food_drinks_tobacco,2004,export,434.4
SE,SITC0_1,food_drinks_tobacco,2004,export,3129.1
SI,SITC0_1,food_drinks_tobacco,2004,export,354.7
SK,SITC0_1,food_drinks_tobacco,2004,export,728.6
AT,SITC2_4,raw_materials,2004,export,3026.4
BE,SITC2_4,raw_materials,2004,export,6632.9
BG,SITC2_4,raw_materials,2004,export,497.3
CY,SITC2_4,raw_materials,2004,export,32.1
CZ,SITC2_4,raw_materials,2004,export,1512.2
DE,SITC2_4,raw_materials,2004,export,12164.1
DK,SITC2_4,raw_materials,2004,export,2495.8
EE,SITC2_4,raw_materials,2004,export,525.1
EL,SITC2_4,raw_materials,2004,export,916.1
ES,SITC2_4,raw_materials,2004,export,4828.7
FI,SITC2_4,raw_materials,2004,export,3126.8
FR,SITC2_4,raw_materials,2004,export,7895.8
HR,SITC2_4,raw_materials,2004,export,371.4
HU,SITC2_4,raw_materials,2004,export,970.8
IE,SITC2_4,raw_materials,2004,export,1176.1
IT,SITC2_4,raw_materials,2004,export,4521.6
LT,SITC2_4,raw_materials,2004,export,457.8
LU,SITC2_4,raw_materials,2004,export,193.2
LV,SITC2_4,raw_materials,2004,export,770.2
MT,SITC2_4,raw_materials,2004,export,7.5
NL,SITC2_4,raw_materials,2004,export,17561.1
PL,SITC2_4,raw_materials,2004,export,1599.9
PT,SITC2_4,raw_materials,2004,export,1185.9
RO,SITC2_4,raw_materials,2004,export,1205.5
SE,SITC2_4,raw_materials,2004,export,5548.9
SI,SITC2_4,raw_materials,2004,export,286.3
SK,SITC2_4,raw_materials,2004,export,680.0
AT,SITC3,mineral_fuels,2004,export,2933.0
BE,SITC3,mineral_fuels,2004,export,14115.4
BG,SITC3,mineral_fuels,2004,export,638.3
CY,SITC3,mineral_fuels,2004,export,54.3
CZ,SITC3,mineral_fuels,2004,export,1587.5
DE,SITC3,mineral_fuels,2004,export,14177.0
DK,SITC3,mineral_fuels,2004,export,5327.9
EE,SITC3,mineral_fuels,2004,export,204.2
EL,SITC3,mineral_fuels,2004,export,911.9
ES,SITC3,mineral_fuels,2004,export,6036.4
FI,SITC3,mineral_fuels,2004,export,2088.9
FR,SITC3,mineral_fuels,2004,export,9649.6
HR,SITC3,mineral_fuels,2004,export,731.0
HU,SITC3,mineral_fuels,2004,export,846.9
IE,SITC3,mineral_fuels,2004,export,399.5
IT,SITC3,mineral_fuels,2004,export,6811.6
LT,SITC3,mineral_fuels,2004,export,1870.2
LU,SITC3,mineral_fuels,2004,export,59.4
LV,SITC3,mineral_fuels,2004,export,161.9
MT,SITC3,mineral_fuels,2004,export,2.0
NL,SITC3,mineral_fuels,2004,export,26035.3
PL,SITC3,mineral_fuels,2004,export,3303.7
PT,SITC3,mineral_fuels,2004,export,854.6
RO,SITC3,mineral_fuels,2004,export,1282.1
SE,SITC3,mineral_fuels,2004,export,4073.4
SI,SITC3,mineral_fuels,2004,export,210.9
SK,SITC3,mineral_fuels,2004,export,1453.4
AT,SITC5,chemicals,2004,export,8361.3
BE,SITC5,chemicals,2004,export,68599.7
BG,SITC5,chemicals,2004,export,521.4
CY,SITC5,chemicals,2004,export,110.5
CZ,SITC5,chemicals,2004,export,3297.8
DE,SITC5,chemicals,2004,export,99915.0
DK,SITC5,chemicals,2004,export,8218.6
EE,SITC5,chemicals,2004,export,256.3
EL,SITC5,chemicals,2004,export,1792.6
ES,SITC5,chemicals,2004,export,16024.6
FI,SITC5,chemicals,2004,export,3627.0
FR,SITC5,chemicals,2004,export,56776.8
HR,SITC5,chemicals,2004,export,604.2
HU,SITC5,chemicals,2004,export,3339.6
IE,SITC5,chemicals,2004,export,37498.2
IT,SITC5,chemicals,2004,export,30275.7
LT,SITC5,chemicals,2004,export,595.8
LU,SITC5,chemicals,2004,export,747.1
LV,SITC5,chemicals,2004,export,195.1
MT,SITC5,chemicals,2004,export,54.4
NL,SITC5,chemicals,2004,export,46313.6
PL,SITC5,chemicals,2004,export,3888.5
PT,SITC5,chemicals,2004,export,1937.2
RO,SITC5,chemicals,2004,export,1036.7
SE,SITC5,chemicals,2004,export,11387.4
SI,SITC5,chemicals,2004,export,1718.9
SK,SITC5,chemicals,2004,export,1194.0
AT,SITC6_8,other_manufactured,2004,export,31854.2
BE,SITC6_8,other_manufactured,2004,export,70292.2
BG,SITC6_8,other_manufactured,2004,export,4230.8
CY,SITC6_8,other_manufactured,2004,export,127.3
CZ,SITC6_8,other_manufactured,2004,export,18554.3
DE,SITC6_8,other_manufactured,2004,export,174718.6
DK,SITC6_8,other_manufactured,2004,export,16122.5
EE,SITC6_8,other_manufactured,2004,export,1860.3
EL,SITC6_8,other_manufactured,2004,export,5040.5
ES,SITC6_8,other_manufactured,2004,export,37834.1
FI,SITC6_8,other_manufactured,2004,export,19223.8
FR,SITC6_8,other_manufactured,2004,export,82229.9
HR,SITC6_8,other_manufactured,2004,export,2104.2
HU,SITC6_8,other_manufactured,2004,export,8809.3
IE,SITC6_8,other_manufactured,2004,export,11700.7
IT,SITC6_8,other_manufactured,2004,export,115791.3
LT,SITC6_8,other_manufactured,2004,export,2116.9
LU,SITC6_8,other_manufactured,2004,export,5796.0
LV,SITC6_8,other_manufactured,2004,export,1399.8
MT,SITC6_8,other_manufactured,2004,export,505.8
NL,SITC6_8,other_manufactured,2004,export,61909.9
PL,SITC6_8,other_manufactured,2004,export,23178.8
PT,SITC6_8,other_manufactured,2004,export,12842.7
RO,SITC6_8,other_manufactured,2004,export,10403.7
SE,SITC6_8,other_manufactured,2004,export,29062.8
SI,SITC6_8,other_manufactured,2004,export,5548.6
SK,SITC6_8,other_manufactured,2004,export,7994.3
AT,SITC7,machinery_transport,2004,export,43109.6
BE,SITC7,machinery_transport,2004,export,66514.7
BG,SITC7,machinery_transport,2004,export,986.1
CY,SITC7,machinery_transport,2004,export,249.9
CZ,SITC7,machinery_transport,2004,export,28681.1
DE,SITC7,machinery_transport,2004,export,381209.5
DK,SITC7,machinery_transport,2004,export,16970.1
EE,SITC7,machinery_transport,2004,export,1577.4
EL,SITC7,machinery_transport,2004,export,1769.4
ES,SITC7,machinery_transport,2004,export,60864.2
FI,SITC7,machinery_transport,2004,export,19900.5
FR,SITC7,machinery_transport,2004,export,163658.3
HR,SITC7,machinery_transport,2004,export,2084.3
HU,SITC7,machinery_transport,2004,export,27908.3
IE,SITC7,machinery_transport,2004,export,22710.2
IT,SITC7,machinery_transport,2004,export,108188.9
LT,SITC7,machinery_transport,2004,export,1623.8
LU,SITC7,machinery_transport,2004,export,5480.4
LV,SITC7,machinery_transport,2004,export,320.0
MT,SITC7,machinery_transport,2004,export,1332.9
NL,SITC7,machinery_transport,2004,export,96063.6
PL,SITC7,machinery_transport,2004,export,23387.9
PT,SITC7,machinery_transport,2004,export,9807.6
RO,SITC7,machinery_transport,2004,export,4480.7
SE,SITC7,machinery_transport,2004,export,45665.7
SI,SITC7,machinery_transport,2004,export,5022.3
SK,SITC7,machinery_transport,2004,export,10224.6
AT,SITC9,unclassified,2004,export,459.3
BE,SITC9,unclassified,2004,export,413.7
BG,SITC9,unclassified,2004,export,383.9
CY,SITC9,unclassified,2004,export,4.0
CZ,SITC9,unclassified,2004,export,44.5
DE,SITC9,unclassified,2004,export,18514.5
DK,SITC9,unclassified,2004,export,1341.9
EE,SITC9,unclassified,2004,export,9.3
EL,SITC9,unclassified,2004,export,405.6
ES,SITC9,unclassified,2004,export,1844.4
FI,SITC9,unclassified,2004,export,583.2
FR,SITC9,unclassified,2004,export,6959.1
HR,SITC9,unclassified,2004,export,0.9
HU,SITC9,unclassified,2004,export,122.0
IE,SITC9,unclassified,2004,export,3679.4
IT,SITC9,unclassified,2004,export,1220.4
LT,SITC9,unclassified,2004,export,5.0
LU,SITC9,unclassified,2004,export,144.4
LV,SITC9,unclassified,2004,export,95.8
MT,SITC9,unclassified,2004,export,13.7
NL,SITC9,unclassified,2004,export,610.8
PL,SITC9,unclassified,2004,export,13.3
PT,SITC9,unclassified,2004,export,86.3
RO,SITC9,unclassified,2004,export,91.9
SE,SITC9,unclassified,2004,export,229.7
SI,SITC9,unclassified,2004,export,11.7
SK,SITC9,unclassified,2004,export,29.6
AT,SITC0_1,food_drinks_tobacco,2004,import,5581.4
BE,SITC0_1,food_drinks_tobacco,2004,import,17245.8
BG,SITC0_1,food_drinks_tobacco,2004,import,573.0
CY,SITC0_1,food_drinks_tobacco,2004,import,524.0
CZ,SITC0_1,food_drinks_tobacco,2004,import,2636.0
DE,SITC0_1,food_drinks_tobacco,2004,import,39015.6
DK,SITC0_1,food_drinks_tobacco,2004,import,6467.5
EE,SITC0_1,food_drinks_tobacco,2004,import,561.5
EL,SITC0_1,food_drinks_tobacco,2004,import,4830.9
ES,SITC0_1,food_drinks_tobacco,2004,import,18231.5
FI,SITC0_1,food_drinks_tobacco,2004,import,2183.5
FR,SITC0_1,food_drinks_tobacco,2004,import,27821.2
HR,SITC0_1,food_drinks_tobacco,2004,import,1057.9
HU,SITC0_1,food_drinks_tobacco,2004,import,1795.6
IE,SITC0_1,food_drinks_tobacco,2004,import,3927.0
IT,SITC0_1,food_drinks_tobacco,2004,import,23899.1
LT,SITC0_1,food_drinks_tobacco,2004,import,740.3
LU,SITC0_1,food_drinks_tobacco,2004,import,1433.7
LV,SITC0_1,food_drinks_tobacco,2004,import,593.2
MT,SITC0_1,food_drinks_tobacco,2004,import,339.8
NL,SITC0_1,food_drinks_tobacco,2004,import,23511.6
PL,SITC0_1,food_drinks_tobacco,2004,import,3766.5
PT,SITC0_1,food_drinks_tobacco,2004,import,4883.9
RO,SITC0_1,food_drinks_tobacco,2004,import,1557.3
SE,SITC0_1,food_drinks_tobacco,2004,import,5946.0
SI,SITC0_1,food_drinks_tobacco,2004,import,809.9
SK,SITC0_1,food_drinks_tobacco,2004,import,1143.5
AT,SITC2_4,raw_materials,2004,import,3547.3
BE,SITC2_4,raw_materials,2004,import,9466.5
BG,SITC2_4,raw_materials,2004,import,735.0
CY,SITC2_4,raw_materials,2004,import,80.4
CZ,SITC2_4,raw_materials,2004,import,1810.1
DE,SITC2_4,raw_materials,2004,import,20602.5
DK,SITC2_4,raw_materials,2004,import,2024.4
EE,SITC2_4,raw_materials,2004,import,331.3
EL,SITC2_4,raw_materials,2004,import,1281.4
ES,SITC2_4,raw_materials,2004,import,8305.6
FI,SITC2_4,raw_materials,2004,import,3474.8
FR,SITC2_4,raw_materials,2004,import,9704.2
HR,SITC2_4,raw_materials,2004,import,325.8
HU,SITC2_4,raw_materials,2004,import,909.6
IE,SITC2_4,raw_materials,2004,import,953.0
IT,SITC2_4,raw_materials,2004,import,15620.1
LT,SITC2_4,raw_materials,2004,import,427.9
LU,SITC2_4,raw_materials,2004,import,984.1
LV,SITC2_4,raw_materials,2004,import,262.0
MT,SITC2_4,raw_materials,2004,import,32.6
NL,SITC2_4,raw_materials,2004,import,12981.2
PL,SITC2_4,raw_materials,2004,import,2716.1
PT,SITC2_4,raw_materials,2004,import,1561.9
RO,SITC2_4,raw_materials,2004,import,841.6
SE,SITC2_4,raw_materials,2004,import,3104.5
SI,SITC2_4,raw_materials,2004,import,764.1
SK,SITC2_4,raw_materials,2004,import,933.7
AT,SITC3,mineral_fuels,2004,import,8098.8
BE,SITC3,mineral_fuels,2004,import,22117.6
BG,SITC3,mineral_fuels,2004,import,458.0
CY,SITC3,mineral_fuels,2004,import,503.7
CZ,SITC3,mineral_fuels,2004,import,3884.6
DE,SITC3,mineral_fuels,2004,import,52486.8
DK,SITC3,mineral_fuels,2004,import,2654.1
EE,SITC3,mineral_fuels,2004,import,434.4
EL,SITC3,mineral_fuels,2004,import,5408.3
ES,SITC3,mineral_fuels,2004,import,23305.4
FI,SITC3,mineral_fuels,2004,import,4967.2
FR,SITC3,mineral_fuels,2004,import,37813.5
HR,SITC3,mineral_fuels,2004,import,1594.7
HU,SITC3,mineral_fuels,2004,import,3294.7
IE,SITC3,mineral_fuels,2004,import,2669.2
IT,SITC3,mineral_fuels,2004,import,36155.9
LT,SITC3,mineral_fuels,2004,import,1860.6
LU,SITC3,mineral_fuels,2004,import,1302.1
LV,SITC3,mineral_fuels,2004,import,690.6
MT,SITC3,mineral_fuels,2004,import,149.0
NL,SITC3,mineral_fuels,2004,import,30407.7
PL,SITC3,mineral_fuels,2004,import,6638.8
PT,SITC3,mineral_fuels,2004,import,4941.0
RO,SITC3,mineral_fuels,2004,import,3113.6
SE,SITC3,mineral_fuels,2004,import,7838.9
SI,SITC3,mineral_fuels,2004,import,1165.8
SK,SITC3,mineral_fuels,2004,import,2912.0
AT,SITC5,chemicals,2004,import,9588.1
BE,SITC5,chemicals,2004,import,55229.3
BG,SITC5,chemicals,2004,import,1203.5
CY,SITC5,chemicals,2004,import,440.7
CZ,SITC5,chemicals,2004,import,6129.0
DE,SITC5,chemicals,2004,import,66421.0
DK,SITC5,chemicals,2004,import,6103.2
EE,SITC5,chemicals,2004,import,635.1
EL,SITC5,chemicals,2004,import,6021.4
ES,SITC5,chemicals,2004,import,24885.1
FI,SITC5,chemicals,2004,import,4750.6
FR,SITC5,chemicals,2004,import,46801.7
HR,SITC5,chemicals,2004,import,1490.4
HU,SITC5,chemicals,2004,import,4627.9
IE,SITC5,chemicals,2004,import,7072.2
IT,SITC5,chemicals,2004,import,38368.8
LT,SITC5,chemicals,2004,import,1162.8
LU,SITC5,chemicals,2004,import,1321.8
LV,SITC5,chemicals,2004,import,649.7
MT,SITC5,chemicals,2004,import,257.6
NL,SITC5,chemicals,2004,import,31333.4
PL,SITC5,chemicals,2004,import,10198.8
PT,SITC5,chemicals,2004,import,5046.7
RO,SITC5,chemicals,2004,import,2716.9
SE,SITC5,chemicals,2004,import,8728.0
SI,SITC5,chemicals,2004,import,1852.8
SK,SITC5,chemicals,2004,import,2335.9
AT,SITC6_8,other_manufactured,2004,import,29502.9
BE,SITC6_8,other_manufactured,2004,import,61210.8
BG,SITC6_8,other_manufactured,2004,import,3551.6
CY,SITC6_8,other_manufactured,2004,import,1460.1
CZ,SITC6_8,other_manufactured,2004,import,17339.4
DE,SITC6_8,other_manufactured,2004,import,146720.0
DK,SITC6_8,other_manufactured,2004,import,17162.6
EE,SITC6_8,other_manufactured,2004,import,2054.7
EL,SITC6_8,other_manufactured,2004,import,12011.5
ES,SITC6_8,other_manufactured,2004,import,49647.2
FI,SITC6_8,other_manufactured,2004,import,9270.1
FR,SITC6_8,other_manufactured,2004,import,101935.4
HR,SITC6_8,other_manufactured,2004,import,4214.8
HU,SITC6_8,other_manufactured,2004,import,11831.7
IE,SITC6_8,other_manufactured,2004,import,10869.4
IT,SITC6_8,other_manufactured,2004,import,76104.4
LT,SITC6_8,other_manufactured,2004,import,2481.7
LU,SITC6_8,other_manufactured,2004,import,4429.8
LV,SITC6_8,other_manufactured,2004,import,1708.1
MT,SITC6_8,other_manufactured,2004,import,687.6
NL,SITC6_8,other_manufactured,2004,import,61331.3
PL,SITC6_8,other_manufactured,2004,import,20910.3
PT,SITC6_8,other_manufactured,2004,import,12703.7
RO,SITC6_8,other_manufactured,2004,import,9444.6
SE,SITC6_8,other_manufactured,2004,import,22459.5
SI,SITC6_8,other_manufactured,2004,import,4746.7
SK,SITC6_8,other_manufactured,2004,import,7079.7
AT,SITC7,machinery_transport,2004,import,39772.7
BE,SITC7,machinery_transport,2004,import,64156.6
BG,SITC7,machinery_transport,2004,import,3402.8
CY,SITC7,machinery_transport,2004,import,1408.4
CZ,SITC7,machinery_transport,2004,import,24408.8
DE,SITC7,machinery_transport,2004,import,226505.7
DK,SITC7,machinery_transport,2004,import,19550.4
EE,SITC7,machinery_transport,2004,import,2681.1
EL,SITC7,machinery_transport,2004,import,15180.8
ES,SITC7,machinery_transport,2004,import,81657.6
FI,SITC7,machinery_transport,2004,import,15714.8
FR,SITC7,machinery_transport,2004,import,151921.9
HR,SITC7,machinery_transport,2004,import,4663.9
HU,SITC7,machinery_transport,2004,import,25808.7
IE,SITC7,machinery_transport,2004,import,20881.3
IT,SITC7,machinery_transport,2004,import,92284.3
LT,SITC7,machinery_transport,2004,import,3174.1
LU,SITC7,machinery_transport,2004,import,6607.8
LV,SITC7,machinery_transport,2004,import,1659.6
MT,SITC7,machinery_transport,2004,import,1436.5
NL,SITC7,machinery_transport,2004,import,97200.7
PL,SITC7,machinery_transport,2004,import,27862.2
PT,SITC7,machinery_transport,2004,import,14952.1
RO,SITC7,machinery_transport,2004,import,8546.6
SE,SITC7,machinery_transport,2004,import,32646.7
SI,SITC7,machinery_transport,2004,import,4926.8
SK,SITC7,machinery_transport,2004,import,9575.8
AT,SITC9,unclassified,2004,import,303.6
BE,SITC9,unclassified,2004,import,190.3
BG,SITC9,unclassified,2004,import,1695.5
CY,SITC9,unclassified,2004,import,5.5
CZ,SITC9,unclassified,2004,import,40.6
DE,SITC9,unclassified,2004,import,23649.7
DK,SITC9,unclassified,2004,import,830.6
EE,SITC9,unclassified,2004,import,5.1
EL,SITC9,unclassified,2004,import,414.4
ES,SITC9,unclassified,2004,import,1645.8
FI,SITC9,unclassified,2004,import,995.3
FR,SITC9,unclassified,2004,import,2605.3
HR,SITC9,unclassified,2004,import,6.9
HU,SITC9,unclassified,2004,import,399.9
IE,SITC9,unclassified,2004,import,3321.8
IT,SITC9,unclassified,2004,import,3201.8
LT,SITC9,unclassified,2004,import,110.9
LU,SITC9,unclassified,2004,import,36.5
LV,SITC9,unclassified,2004,import,141.0
MT,SITC9,unclassified,2004,import,23.7
NL,SITC9,unclassified,2004,import,223.3
PL,SITC9,unclassified,2004,import,16.1
PT,SITC9,unclassified,2004,import,84.8
RO,SITC9,unclassified,2004,import,60.1
SE,SITC9,unclassified,2004,import,16.7
SI,SITC9,unclassified,2004,import,10.3
SK,SITC9,unclassified,2004,import,25.8
AT,SITC0_1,food_drinks_tobacco,2005,balance,133.8
BE,SITC0_1,food_drinks_tobacco,2005,balance,3238.2
BG,SITC0_1,food_drinks_tobacco,2005,balance,197.7
CY,SITC0_1,food_drinks_tobacco,2005,balance,-387.6
CZ,SITC0_1,food_drinks_tobacco,2005,balance,-730.5
DE,SITC0_1,food_drinks_tobacco,2005,balance,-7427.6
DK,SITC0_1,food_drinks_tobacco,2005,balance,5052.4
EE,SITC0_1,food_drinks_tobacco,2005,balance,-249.1
EL,SITC0_1,food_drinks_tobacco,2005,balance,-2108.3
ES,SITC0_1,food_drinks_tobacco,2005,balance,222.5
FI,SITC0_1,food_drinks_tobacco,2005,balance,-1426.6
FR,SITC0_1,food_drinks_tobacco,2005,balance,8318.9
HR,SITC0_1,food_drinks_tobacco,2005,balance,-466.6
HU,SITC0_1,food_drinks_tobacco,2005,balance,699.1
IE,SITC0_1,food_drinks_tobacco,2005,balance,3043.5
IT,SITC0_1,food_drinks_tobacco,2005,balance,-6206.6
LT,SITC0_1,food_drinks_tobacco,2005,balance,191.7
LU,SITC0_1,food_drinks_tobacco,2005,balance,-782.3
LV,SITC0_1,food_drinks_tobacco,2005,balance,-279.9
MT,SITC0_1,food_drinks_tobacco,2005,balance,-239.4
NL,SITC0_1,food_drinks_tobacco,2005,balance,16045.7
PL,SITC0_1,food_drinks_tobacco,2005,balance,1992.6
PT,SITC0_1,food_drinks_tobacco,2005,balance,-2940.7
RO,SITC0_1,food_drinks_tobacco,2005,balance,-1316.2
SE,SITC0_1,food_drinks_tobacco,2005,balance,-2913.2
SI,SITC0_1,food_drinks_tobacco,2005,balance,-519.5
SK,SITC0_1,food_drinks_tobacco,2005,balance,-523.6
AT,SITC2_4,raw_materials,2005,balance,-1074.5
BE,SITC2_4,raw_materials,2005,balance,-3379.7
BG,SITC2_4,raw_materials,2005,balance,-312.5
CY,SITC2_4,raw_materials,2005,balance,-54.5
CZ,SITC2_4,raw_materials,2005,balance,-204.2
DE,SITC2_4,raw_materials,2005,balance,-9022.7
DK,SITC2_4,raw_materials,2005,balance,554.5
EE,SITC2_4,raw_materials,2005,balance,263.5
EL,SITC2_4,raw_materials,2005,balance,-115.7
ES,SITC2_4,raw_materials,2005,balance,-4139.7
FI,SITC2_4,raw_materials,2005,balance,-685.9
FR,SITC2_4,raw_materials,2005,balance,-2081.1
HR,SITC2_4,raw_materials,2005,balance,62.8
HU,SITC2_4,raw_materials,2005,balance,64.4
IE,SITC2_4,raw_materials,2005,balance,239.1
IT,SITC2_4,raw_materials,2005,balance,-11214.5
LT,SITC2_4,raw_materials,2005,balance,33.3
LU,SITC2_4,raw_materials,2005,balance,-699.1
LV,SITC2_4,raw_materials,2005,balance,576.6
MT,SITC2_4,raw_materials,2005,balance,-32.8
NL,SITC2_4,raw_materials,2005,balance,4506.1
PL,SITC2_4,raw_materials,2005,balance,-1023.4
PT,SITC2_4,raw_materials,2005,balance,-152.1
RO,SITC2_4,raw_materials,2005,balance,154.5
SE,SITC2_4,raw_materials,2005,balance,2871.6
SI,SITC2_4,raw_materials,2005,balance,-443.5
SK,SITC2_4,raw_materials,2005,balance,-220.6
AT,SITC3,mineral_fuels,2005,balance,-7381.6
BE,SITC3,mineral_fuels,2005,balance,-13279.6
BG,SITC3,mineral_fuels,2005,balance,196.8
CY,SITC3,mineral_fuels,2005,balance,-640.2
CZ,SITC3,mineral_fuels,2005,balance,-3709.5
DE,SITC3,mineral_fuels,2005,balance,-55985.4
DK,SITC3,mineral_fuels,2005,balance,3570.6
EE,SITC3,mineral_fuels,2005,balance,-269.5
EL,SITC3,mineral_fuels,2005,balance,-6545.1
ES,SITC3,mineral_fuels,2005,balance,-25290.4
FI,SITC3,mineral_fuels,2005,balance,-4133.3
FR,SITC3,mineral_fuels,2005,balance,-37482.3
HR,SITC3,mineral_fuels,2005,balance,-1279.4
HU,SITC3,mineral_fuels,2005,balance,-4040.0
IE,SITC3,mineral_fuels,2005,balance,-3170.0
IT,SITC3,mineral_fuels,2005,balance,-38493.8
LT,SITC3,mineral_fuels,2005,balance,-489.8
LU,SITC3,mineral_fuels,2005,balance,-1665.6
LV,SITC3,mineral_fuels,2005,balance,-661.6
MT,SITC3,mineral_fuels,2005,balance,-214.3
NL,SITC3,mineral_fuels,2005,balance,-6351.4
PL,SITC3,mineral_fuels,2005,balance,-5611.3
PT,SITC3,mineral_fuels,2005,balance,-5996.4
RO,SITC3,mineral_fuels,2005,balance,-2170.2
SE,SITC3,mineral_fuels,2005,balance,-4857.5
SI,SITC3,mineral_fuels,2005,balance,-1366.3
SK,SITC3,mineral_fuels,2005,balance,-1922.4
AT,SITC5,chemicals,2005,balance,-1257.4
BE,SITC5,chemicals,2005,balance,12686.1
BG,SITC5,chemicals,2005,balance,-671.9
CY,SITC5,chemicals,2005,balance,-329.5
CZ,SITC5,chemicals,2005,balance,-2761.8
DE,SITC5,chemicals,2005,balance,35166.9
DK,SITC5,chemicals,2005,balance,2671.6
EE,SITC5,chemicals,2005,balance,-443.0
EL,SITC5,chemicals,2005,balance,-4396.5
ES,SITC5,chemicals,2005,balance,-8000.6
FI,SITC5,chemicals,2005,balance,-1373.5
FR,SITC5,chemicals,2005,balance,9259.2
HR,SITC5,chemicals,2005,balance,-954.5
HU,SITC5,chemicals,2005,balance,-1056.1
IE,SITC5,chemicals,2005,balance,32978.5
IT,SITC5,chemicals,2005,balance,-7721.4
LT,SITC5,chemicals,2005,balance,-585.6
LU,SITC5,chemicals,2005,balance,-742.8
LV,SITC5,chemicals,2005,balance,-491.1
MT,SITC5,chemicals,2005,balance,-171.0
NL,SITC5,chemicals,2005,balance,15576.2
PL,SITC5,chemicals,2005,balance,-6757.6
PT,SITC5,chemicals,2005,balance,-3267.8
RO,SITC5,chemicals,2005,balance,-2035.8
SE,SITC5,chemicals,2005,balance,2171.5
SI,SITC5,chemicals,2005,balance,-117.2
SK,SITC5,chemicals,2005,balance,-1217.0
AT,SITC6_8,other_manufactured,2005,balance,3855.0
BE,SITC6_8,other_manufactured,2005,balance,10407.6
BG,SITC6_8,other_manufactured,2005,balance,542.0
CY,SITC6_8,other_manufactured,2005,balance,-1406.9
CZ,SITC6_8,other_manufactured,2005,balance,1588.0
DE,SITC6_8,other_manufactured,2005,balance,28455.9
DK,SITC6_8,other_manufactured,2005,balance,-1247.6
EE,SITC6_8,other_manufactured,2005,balance,-140.3
EL,SITC6_8,other_manufactured,2005,balance,-6931.2
ES,SITC6_8,other_manufactured,2005,balance,-14267.6
FI,SITC6_8,other_manufactured,2005,balance,8762.0
FR,SITC6_8,other_manufactured,2005,balance,-21541.4
HR,SITC6_8,other_manufactured,2005,balance,-2355.4
HU,SITC6_8,other_manufactured,2005,balance,-2412.4
IE,SITC6_8,other_manufactured,2005,balance,-64.7
IT,SITC6_8,other_manufactured,2005,balance,37996.7
LT,SITC6_8,other_manufactured,2005,balance,-374.0
LU,SITC6_8,other_manufactured,2005,balance,1713.1
LV,SITC6_8,other_manufactured,2005,balance,-410.1
MT,SITC6_8,other_manufactured,2005,balance,-216.7
NL,SITC6_8,other_manufactured,2005,balance,1087.1
PL,SITC6_8,other_manufactured,2005,balance,2795.9
PT,SITC6_8,other_manufactured,2005,balance,-823.5
RO,SITC6_8,other_manufactured,2005,balance,183.2
SE,SITC6_8,other_manufactured,2005,balance,5820.7
SI,SITC6_8,other_manufactured,2005,balance,915.6
SK,SITC6_8,other_manufactured,2005,balance,966.6
AT,SITC7,machinery_transport,2005,balance,3887.1
BE,SITC7,machinery_transport,2005,balance,2622.7
BG,SITC7,machinery_transport,2005,balance,-3075.7
CY,SITC7,machinery_transport,2005,balance,-1084.3
CZ,SITC7,machinery_transport,2005,balance,7105.9
DE,SITC7,machinery_transport,2005,balance,163852.8
DK,SITC7,machinery_transport,2005,balance,-2942.9
EE,SITC7,machinery_transport,2005,balance,-1196.7
EL,SITC7,machinery_transport,2005,balance,-11235.4
ES,SITC7,machinery_transport,2005,balance,-25891.2
FI,SITC7,machinery_transport,2005,balance,4267.9
FR,SITC7,machinery_transport,2005,balance,7654.0
HR,SITC7,machinery_transport,2005,balance,-2881.0
HU,SITC7,machinery_transport,2005,balance,3924.8
IE,SITC7,machinery_transport,2005,balance,-47.8
IT,SITC7,machinery_transport,2005,balance,18062.8
LT,SITC7,machinery_transport,2005,balance,-1740.5
LU,SITC7,machinery_transport,2005,balance,-522.0
LV,SITC7,machinery_transport,2005,balance,-1577.8
MT,SITC7,machinery_transport,2005,balance,-177.4
NL,SITC7,machinery_transport,2005,balance,2777.7
PL,SITC7,machinery_transport,2005,balance,-1213.5
PT,SITC7,machinery_transport,2005,balance,-7014.1
RO,SITC7,machinery_transport,2005,balance,-5148.9
SE,SITC7,machinery_transport,2005,balance,12130.4
SI,SITC7,machinery_transport,2005,balance,650.6
SK,SITC7,machinery_transport,2005,balance,719.5
AT,SITC9,unclassified,2005,balance,113.5
BE,SITC9,unclassified,2005,balance,324.4
BG,SITC9,unclassified,2005,balance,-150.6
CY,SITC9,unclassified,2005,balance,3.9
CZ,SITC9,unclassified,2005,balance,-3.1
DE,SITC9,unclassified,2005,balance,769.0
DK,SITC9,unclassified,2005,balance,9.4
EE,SITC9,unclassified,2005,balance,7.4
EL,SITC9,unclassified,2005,balance,-248.2
ES,SITC9,unclassified,2005,balance,89.1
FI,SITC9,unclassified,2005,balance,0.3
FR,SITC9,unclassified,2005,balance,3161.0
HR,SITC9,unclassified,2005,balance,-6.0
HU,SITC9,unclassified,2005,balance,-86.3
IE,SITC9,unclassified,2005,balance,51.2
IT,SITC9,unclassified,2005,balance,-1791.8
LT,SITC9,unclassified,2005,balance,-42.7
LU,SITC9,unclassified,2005,balance,-61.8
LV,SITC9,unclassified,2005,balance,1.7
MT,SITC9,unclassified,2005,balance,-8.7
NL,SITC9,unclassified,2005,balance,560.1
PL,SITC9,unclassified,2005,balance,9.9
PT,SITC9,unclassified,2005,balance,-47.8
RO,SITC9,unclassified,2005,balance,19.9
SE,SITC9,unclassified,2005,balance,261.6
SI,SITC9,unclassified,2005,balance,5.0
SK,SITC9,unclassified,2005,balance,-20.9
AT,SITC0_1,food_drinks_tobacco,2005,export,6071.2
BE,SITC0_1,food_drinks_tobacco,2005,export,21318.0
BG,SITC0_1,food_drinks_tobacco,2005,export,823.5
CY,SITC0_1,food_drinks_tobacco,2005,export,185.4
CZ,SITC0_1,food_drinks_tobacco,2005,export,2409.4
DE,SITC0_1,food_drinks_tobacco,2005,export,34789.9
DK,SITC0_1,food_drinks_tobacco,2005,export,11985.6
EE,SITC0_1,food_drinks_tobacco,2005,export,408.8
EL,SITC0_1,food_drinks_tobacco,2005,export,2907.5
ES,SITC0_1,food_drinks_tobacco,2005,export,19980.9
FI,SITC0_1,food_drinks_tobacco,2005,export,932.1
FR,SITC0_1,food_drinks_tobacco,2005,export,36973.3
HR,SITC0_1,food_drinks_tobacco,2005,export,711.6
HU,SITC0_1,food_drinks_tobacco,2005,export,2959.9
IE,SITC0_1,food_drinks_tobacco,2005,export,7482.1
IT,SITC0_1,food_drinks_tobacco,2005,export,18538.2
LT,SITC0_1,food_drinks_tobacco,2005,export,1140.3
LU,SITC0_1,food_drinks_tobacco,2005,export,713.0
LV,SITC0_1,food_drinks_tobacco,2005,export,464.5
MT,SITC0_1,food_drinks_tobacco,2005,export,113.8
NL,SITC0_1,food_drinks_tobacco,2005,export,40275.1
PL,SITC0_1,food_drinks_tobacco,2005,export,6747.3
PT,SITC0_1,food_drinks_tobacco,2005,export,2444.3
RO,SITC0_1,food_drinks_tobacco,2005,export,520.1
SE,SITC0_1,food_drinks_tobacco,2005,export,3551.4
SI,SITC0_1,food_drinks_tobacco,2005,export,490.5
SK,SITC0_1,food_drinks_tobacco,2005,export,1098.2
AT,SITC2_4,raw_materials,2005,export,3017.1
BE,SITC2_4,raw_materials,2005,export,7035.2
BG,SITC2_4,raw_materials,2005,export,631.9
CY,SITC2_4,raw_materials,2005,export,36.6
CZ,SITC2_4,raw_materials,2005,export,1638.7
DE,SITC2_4,raw_materials,2005,export,14017.0
DK,SITC2_4,raw_materials,2005,export,2590.2
EE,SITC2_4,raw_materials,2005,export,628.4
EL,SITC2_4,raw_materials,2005,export,1186.2
ES,SITC2_4,raw_materials,2005,export,5262.2
FI,SITC2_4,raw_materials,2005,export,3065.5
FR,SITC2_4,raw_materials,2005,export,8067.9
HR,SITC2_4,raw_materials,2005,export,407.7
HU,SITC2_4,raw_materials,2005,export,1067.7
IE,SITC2_4,raw_materials,2005,export,1303.7
IT,SITC2_4,raw_materials,2005,export,4896.2
LT,SITC2_4,raw_materials,2005,export,519.5
LU,SITC2_4,raw_materials,2005,export,201.2
LV,SITC2_4,raw_materials,2005,export,878.3
MT,SITC2_4,raw_materials,2005,export,6.4
NL,SITC2_4,raw_materials,2005,export,18951.3
PL,SITC2_4,raw_materials,2005,export,1716.7
PT,SITC2_4,raw_materials,2005,export,1612.6
RO,SITC2_4,raw_materials,2005,export,1135.2
SE,SITC2_4,raw_materials,2005,export,6048.7
SI,SITC2_4,raw_materials,2005,export,457.3
SK,SITC2_4,raw_materials,2005,export,811.4
AT,SITC3,mineral_fuels,2005,export,4406.1
BE,SITC3,mineral_fuels,2005,export,18708.0
BG,SITC3,mineral_fuels,2005,export,982.4
CY,SITC3,mineral_fuels,2005,export,193.9
CZ,SITC3,mineral_fuels,2005,export,1928.1
DE,SITC3,mineral_fuels,2005,export,17331.4
DK,SITC3,mineral_fuels,2005,export,7122.2
EE,SITC3,mineral_fuels,2005,export,461.2
EL,SITC3,mineral_fuels,2005,export,1397.9
ES,SITC3,mineral_fuels,2005,export,7344.4
FI,SITC3,mineral_fuels,2005,export,2363.8
FR,SITC3,mineral_fuels,2005,export,14411.7
HR,SITC3,mineral_fuels,2005,export,984.5
HU,SITC3,mineral_fuels,2005,export,1367.4
IE,SITC3,mineral_fuels,2005,export,599.3
IT,SITC3,mineral_fuels,2005,export,10573.6
LT,SITC3,mineral_fuels,2005,export,2569.2
LU,SITC3,mineral_fuels,2005,export,78.2
LV,SITC3,mineral_fuels,2005,export,373.3
MT,SITC3,mineral_fuels,2005,export,2.4
NL,SITC3,mineral_fuels,2005,export,38799.4
PL,SITC3,mineral_fuels,2005,export,3800.1
PT,SITC3,mineral_fuels,2005,export,1266.0
RO,SITC3,mineral_fuels,2005,export,2377.9
SE,SITC3,mineral_fuels,2005,export,5687.7
SI,SITC3,mineral_fuels,2005,export,329.1
SK,SITC3,mineral_fuels,2005,export,1749.5
AT,SITC5,chemicals,2005,export,9540.5
BE,SITC5,chemicals,2005,export,77145.9
BG,SITC5,chemicals,2005,export,719.7
CY,SITC5,chemicals,2005,export,129.0
CZ,SITC5,chemicals,2005,export,4005.3
DE,SITC5,chemicals,2005,export,111159.2
DK,SITC5,chemicals,2005,export,9421.1
EE,SITC5,chemicals,2005,export,320.0
EL,SITC5,chemicals,2005,export,2189.9
ES,SITC5,chemicals,2005,export,19057.7
FI,SITC5,chemicals,2005,export,4000.5
FR,SITC5,chemicals,2005,export,60422.6
HR,SITC5,chemicals,2005,export,701.9
HU,SITC5,chemicals,2005,export,4092.4
IE,SITC5,chemicals,2005,export,40357.1
IT,SITC5,chemicals,2005,export,33482.4
LT,SITC5,chemicals,2005,export,823.9
LU,SITC5,chemicals,2005,export,708.4
LV,SITC5,chemicals,2005,export,263.4
MT,SITC5,chemicals,2005,export,95.0
NL,SITC5,chemicals,2005,export,50948.9
PL,SITC5,chemicals,2005,export,4882.0
PT,SITC5,chemicals,2005,export,2302.6
RO,SITC5,chemicals,2005,export,1277.0
SE,SITC5,chemicals,2005,export,11758.7
SI,SITC5,chemicals,2005,export,1919.0
SK,SITC5,chemicals,2005,export,1497.3
AT,SITC6_8,other_manufactured,2005,export,34692.7
BE,SITC6_8,other_manufactured,2005,export,76057.7
BG,SITC6_8,other_manufactured,2005,export,4620.7
CY,SITC6_8,other_manufactured,2005,export,138.7
CZ,SITC6_8,other_manufactured,2005,export,20871.4
DE,SITC6_8,other_manufactured,2005,export,188133.0
DK,SITC6_8,other_manufactured,2005,export,17462.9
EE,SITC6_8,other_manufactured,2005,export,2188.0
EL,SITC6_8,other_manufactured,2005,export,5269.4
ES,SITC6_8,other_manufactured,2005,export,39769.9
FI,SITC6_8,other_manufactured,2005,export,18811.3
FR,SITC6_8,other_manufactured,2005,export,85436.1
HR,SITC6_8,other_manufactured,2005,export,2216.1
HU,SITC6_8,other_manufactured,2005,export,9799.8
IE,SITC6_8,other_manufactured,2005,export,11955.9
IT,SITC6_8,other_manufactured,2005,export,118929.0
LT,SITC6_8,other_manufactured,2005,export,2488.7
LU,SITC6_8,other_manufactured,2005,export,6045.0
LV,SITC6_8,other_manufactured,2005,export,1625.4
MT,SITC6_8,other_manufactured,2005,export,500.2
NL,SITC6_8,other_manufactured,2005,export,68011.9
PL,SITC6_8,other_manufactured,2005,export,26633.6
PT,SITC6_8,other_manufactured,2005,export,13179.4
RO,SITC6_8,other_manufactured,2005,export,11138.8
SE,SITC6_8,other_manufactured,2005,export,30389.5
SI,SITC6_8,other_manufactured,2005,export,6226.1
SK,SITC6_8,other_manufactured,2005,export,9073.8
AT,SITC7,machinery_transport,2005,export,42353.3
BE,SITC7,machinery_transport,2005,export,67958.7
BG,SITC7,machinery_transport,2005,export,1346.3
CY,SITC7,machinery_transport,2005,export,484.7
CZ,SITC7,machinery_transport,2005,export,31913.3
DE,SITC7,machinery_transport,2005,export,406950.2
DK,SITC7,machinery_transport,2005,export,19149.8
EE,SITC7,machinery_transport,2005,export,2178.6
EL,SITC7,machinery_transport,2005,export,1797.8
ES,SITC7,machinery_transport,2005,export,62404.9
FI,SITC7,machinery_transport,2005,export,23458.7
FR,SITC7,machinery_transport,2005,export,161180.9
HR,SITC7,machinery_transport,2005,export,2046.6
HU,SITC7,machinery_transport,2005,export,31267.8
IE,SITC7,machinery_transport,2005,export,22899.3
IT,SITC7,machinery_transport,2005,export,112172.0
LT,SITC7,machinery_transport,2005,export,1946.2
LU,SITC7,machinery_transport,2005,export,7615.5
LV,SITC7,machinery_transport,2005,export,541.6
MT,SITC7,machinery_transport,2005,export,1194.2
NL,SITC7,machinery_transport,2005,export,108839.1
PL,SITC7,machinery_transport,2005,export,28087.6
PT,SITC7,machinery_transport,2005,export,10309.2
RO,SITC7,machinery_transport,2005,export,5662.8
SE,SITC7,machinery_transport,2005,export,47553.1
SI,SITC7,machinery_transport,2005,export,6038.0
SK,SITC7,machinery_transport,2005,export,11362.7
AT,SITC9,unclassified,2005,export,539.7
BE,SITC9,unclassified,2005,export,565.3
BG,SITC9,unclassified,2005,export,98.9
CY,SITC9,unclassified,2005,export,9.0
CZ,SITC9,unclassified,2005,export,18.3
DE,SITC9,unclassified,2005,export,8034.4
DK,SITC9,unclassified,2005,export,688.0
EE,SITC9,unclassified,2005,export,17.1
EL,SITC9,unclassified,2005,export,108.2
ES,SITC9,unclassified,2005,export,1026.3
FI,SITC9,unclassified,2005,export,14.6
FR,SITC9,unclassified,2005,export,6007.9
HR,SITC9,unclassified,2005,export,1.0
HU,SITC9,unclassified,2005,export,32.8
IE,SITC9,unclassified,2005,export,3544.5
IT,SITC9,unclassified,2005,export,1331.9
LT,SITC9,unclassified,2005,export,2.3
LU,SITC9,unclassified,2005,export,32.8
LV,SITC9,unclassified,2005,export,2.0
MT,SITC9,unclassified,2005,export,16.3
NL,SITC9,unclassified,2005,export,814.0
PL,SITC9,unclassified,2005,export,21.9
PT,SITC9,unclassified,2005,export,23.0
RO,SITC9,unclassified,2005,export,143.2
SE,SITC9,unclassified,2005,export,277.3
SI,SITC9,unclassified,2005,export,11.2
SK,SITC9,unclassified,2005,export,39.4
AT,SITC0_1,food_drinks_tobacco,2005,import,5937.4
BE,SITC0_1,food_drinks_tobacco,2005,import,18079.8
BG,SITC0_1,food_drinks_tobacco,2005,import,625.8
CY,SITC0_1,food_drinks_tobacco,2005,import,573.0
CZ,SITC0_1,food_drinks_tobacco,2005,import,3139.9
DE,SITC0_1,food_drinks_tobacco,2005,import,42217.6
DK,SITC0_1,food_drinks_tobacco,2005,import,6933.2
EE,SITC0_1,food_drinks_tobacco,2005,import,657.9
EL,SITC0_1,food_drinks_tobacco,2005,import,5015.7
ES,SITC0_1,food_drinks_tobacco,2005,import,19758.4
FI,SITC0_1,food_drinks_tobacco,2005,import,2358.7
FR,SITC0_1,food_drinks_tobacco,2005,import,28654.4
HR,SITC0_1,food_drinks_tobacco,2005,import,1178.2
HU,SITC0_1,food_drinks_tobacco,2005,import,2260.9
IE,SITC0_1,food_drinks_tobacco,2005,import,4438.6
IT,SITC0_1,food_drinks_tobacco,2005,import,24744.9
LT,SITC0_1,food_drinks_tobacco,2005,import,948.5
LU,SITC0_1,food_drinks_tobacco,2005,import,1495.3
LV,SITC0_1,food_drinks_tobacco,2005,import,744.4
MT,SITC0_1,food_drinks_tobacco,2005,import,353.1
NL,SITC0_1,food_drinks_tobacco,2005,import,24229.3
PL,SITC0_1,food_drinks_tobacco,2005,import,4754.6
PT,SITC0_1,food_drinks_tobacco,2005,import,5384.9
RO,SITC0_1,food_drinks_tobacco,2005,import,1836.3
SE,SITC0_1,food_drinks_tobacco,2005,import,6464.5
SI,SITC0_1,food_drinks_tobacco,2005,import,1009.9
SK,SITC0_1,food_drinks_tobacco,2005,import,1621.8
AT,SITC2_4,raw_materials,2005,import,4091.6
BE,SITC2_4,raw_materials,2005,import,10414.9
BG,SITC2_4,raw_materials,2005,import,944.4
CY,SITC2_4,raw_materials,2005,import,91.1
CZ,SITC2_4,raw_materials,2005,import,1842.9
DE,SITC2_4,raw_materials,2005,import,23039.7
DK,SITC2_4,raw_materials,2005,import,2035.8
EE,SITC2_4,raw_materials,2005,import,364.9
EL,SITC2_4,raw_materials,2005,import,1302.0
ES,SITC2_4,raw_materials,2005,import,9401.9
FI,SITC2_4,raw_materials,2005,import,3751.3
FR,SITC2_4,raw_materials,2005,import,10149.0
HR,SITC2_4,raw_materials,2005,import,345.0
HU,SITC2_4,raw_materials,2005,import,1003.3
IE,SITC2_4,raw_materials,2005,import,1064.6
IT,SITC2_4,raw_materials,2005,import,16110.7
LT,SITC2_4,raw_materials,2005,import,486.2
LU,SITC2_4,raw_materials,2005,import,900.3
LV,SITC2_4,raw_materials,2005,import,301.7
MT,SITC2_4,raw_materials,2005,import,39.1
NL,SITC2_4,raw_materials,2005,import,14445.2
PL,SITC2_4,raw_materials,2005,import,2740.1
PT,SITC2_4,raw_materials,2005,import,1764.6
RO,SITC2_4,raw_materials,2005,import,980.7
SE,SITC2_4,raw_materials,2005,import,3177.1
SI,SITC2_4,raw_materials,2005,import,900.8
SK,SITC2_4,raw_materials,2005,import,1032.0
AT,SITC3,mineral_fuels,2005,import,11787.7
BE,SITC3,mineral_fuels,2005,import,31987.6
BG,SITC3,mineral_fuels,2005,import,785.5
CY,SITC3,mineral_fuels,2005,import,834.1
CZ,SITC3,mineral_fuels,2005,import,5637.7
DE,SITC3,mineral_fuels,2005,import,73316.8
DK,SITC3,mineral_fuels,2005,import,3551.5
EE,SITC3,mineral_fuels,2005,import,730.7
EL,SITC3,mineral_fuels,2005,import,7943.0
ES,SITC3,mineral_fuels,2005,import,32634.8
FI,SITC3,mineral_fuels,2005,import,6497.1
FR,SITC3,mineral_fuels,2005,import,51894.0
HR,SITC3,mineral_fuels,2005,import,2263.9
HU,SITC3,mineral_fuels,2005,import,5407.4
IE,SITC3,mineral_fuels,2005,import,3769.4
IT,SITC3,mineral_fuels,2005,import,49067.5
LT,SITC3,mineral_fuels,2005,import,3059.0
LU,SITC3,mineral_fuels,2005,import,1743.8
LV,SITC3,mineral_fuels,2005,import,1034.8
MT,SITC3,mineral_fuels,2005,import,216.8
NL,SITC3,mineral_fuels,2005,import,45150.8
PL,SITC3,mineral_fuels,2005,import,9411.4
PT,SITC3,mineral_fuels,2005,import,7262.4
RO,SITC3,mineral_fuels,2005,import,4548.1
SE,SITC3,mineral_fuels,2005,import,10545.2
SI,SITC3,mineral_fuels,2005,import,1695.4
SK,SITC3,mineral_fuels,2005,import,3672.0
AT,SITC5,chemicals,2005,import,10797.9
BE,SITC5,chemicals,2005,import,64459.8
BG,SITC5,chemicals,2005,import,1391.6
CY,SITC5,chemicals,2005,import,458.6
CZ,SITC5,chemicals,2005,import,6767.1
DE,SITC5,chemicals,2005,import,75992.3
DK,SITC5,chemicals,2005,import,6749.5
EE,SITC5,chemicals,2005,import,763.0
EL,SITC5,chemicals,2005,import,6586.4
ES,SITC5,chemicals,2005,import,27058.3
FI,SITC5,chemicals,2005,import,5374.0
FR,SITC5,chemicals,2005,import,51163.4
HR,SITC5,chemicals,2005,import,1656.4
HU,SITC5,chemicals,2005,import,5148.5
IE,SITC5,chemicals,2005,import,7378.6
IT,SITC5,chemicals,2005,import,41203.8
LT,SITC5,chemicals,2005,import,1409.5
LU,SITC5,chemicals,2005,import,1451.2
LV,SITC5,chemicals,2005,import,754.5
MT,SITC5,chemicals,2005,import,266.0
NL,SITC5,chemicals,2005,import,35372.7
PL,SITC5,chemicals,2005,import,11639.6
PT,SITC5,chemicals,2005,import,5570.4
RO,SITC5,chemicals,2005,import,3312.8
SE,SITC5,chemicals,2005,import,9587.2
SI,SITC5,chemicals,2005,import,2036.3
SK,SITC5,chemicals,2005,import,2714.3
AT,SITC6_8,other_manufactured,2005,import,30837.7
BE,SITC6_8,other_manufactured,2005,import,65650.1
BG,SITC6_8,other_manufactured,2005,import,4078.7
CY,SITC6_8,other_manufactured,2005,import,1545.6
CZ,SITC6_8,other_manufactured,2005,import,19283.4
DE,SITC6_8,other_manufactured,2005,import,159677.1
DK,SITC6_8,other_manufactured,2005,import,18710.4
EE,SITC6_8,other_manufactured,2005,import,2328.3
EL,SITC6_8,other_manufactured,2005,import,12200.6
ES,SITC6_8,other_manufactured,2005,import,54037.5
FI,SITC6_8,other_manufactured,2005,import,10049.3
FR,SITC6_8,other_manufactured,2005,import,106977.5
HR,SITC6_8,other_manufactured,2005,import,4571.5
HU,SITC6_8,other_manufactured,2005,import,12212.2
IE,SITC6_8,other_manufactured,2005,import,12020.6
IT,SITC6_8,other_manufactured,2005,import,80932.3
LT,SITC6_8,other_manufactured,2005,import,2862.7
LU,SITC6_8,other_manufactured,2005,import,4331.9
LV,SITC6_8,other_manufactured,2005,import,2035.5
MT,SITC6_8,other_manufactured,2005,import,716.8
NL,SITC6_8,other_manufactured,2005,import,66924.8
PL,SITC6_8,other_manufactured,2005,import,23837.8
PT,SITC6_8,other_manufactured,2005,import,14002.9
RO,SITC6_8,other_manufactured,2005,import,10955.6
SE,SITC6_8,other_manufactured,2005,import,24568.8
SI,SITC6_8,other_manufactured,2005,import,5310.5
SK,SITC6_8,other_manufactured,2005,import,8107.3
AT,SITC7,machinery_transport,2005,import,38466.3
BE,SITC7,machinery_transport,2005,import,65336.0
BG,SITC7,machinery_transport,2005,import,4422.0
CY,SITC7,machinery_transport,2005,import,1569.0
CZ,SITC7,machinery_transport,2005,import,24807.4
DE,SITC7,machinery_transport,2005,import,243097.4
DK,SITC7,machinery_transport,2005,import,22092.7
EE,SITC7,machinery_transport,2005,import,3375.2
EL,SITC7,machinery_transport,2005,import,13033.2
ES,SITC7,machinery_transport,2005,import,88296.2
FI,SITC7,machinery_transport,2005,import,19190.7
FR,SITC7,machinery_transport,2005,import,153526.9
HR,SITC7,machinery_transport,2005,import,4927.5
HU,SITC7,machinery_transport,2005,import,27343.0
IE,SITC7,machinery_transport,2005,import,22947.1
IT,SITC7,machinery_transport,2005,import,94109.2
LT,SITC7,machinery_transport,2005,import,3686.7
LU,SITC7,machinery_transport,2005,import,8137.5
LV,SITC7,machinery_transport,2005,import,2119.3
MT,SITC7,machinery_transport,2005,import,1371.6
NL,SITC7,machinery_transport,2005,import,106061.5
PL,SITC7,machinery_transport,2005,import,29301.1
PT,SITC7,machinery_transport,2005,import,17323.3
RO,SITC7,machinery_transport,2005,import,10811.7
SE,SITC7,machinery_transport,2005,import,35422.7
SI,SITC7,machinery_transport,2005,import,5387.4
SK,SITC7,machinery_transport,2005,import,10643.2
AT,SITC9,unclassified,2005,import,426.2
BE,SITC9,unclassified,2005,import,240.9
BG,SITC9,unclassified,2005,import,249.5
CY,SITC9,unclassified,2005,import,5.1
CZ,SITC9,unclassified,2005,import,21.4
DE,SITC9,unclassified,2005,import,7265.4
DK,SITC9,unclassified,2005,import,678.6
EE,SITC9,unclassified,2005,import,9.6
EL,SITC9,unclassified,2005,import,356.4
ES,SITC9,unclassified,2005,import,937.2
FI,SITC9,unclassified,2005,import,14.3
FR,SITC9,unclassified,2005,import,2846.9
HR,SITC9,unclassified,2005,import,7.0
HU,SITC9,unclassified,2005,import,119.0
IE,SITC9,unclassified,2005,import,3493.3
IT,SITC9,unclassified,2005,import,3123.8
LT,SITC9,unclassified,2005,import,45.0
LU,SITC9,unclassified,2005,import,94.6
LV,SITC9,unclassified,2005,import,0.3
MT,SITC9,unclassified,2005,import,25.0
NL,SITC9,unclassified,2005,import,253.9
PL,SITC9,unclassified,2005,import,12.0
PT,SITC9,unclassified,2005,import,70.8
RO,SITC9,unclassified,2005,import,123.3
SE,SITC9,unclassified,2005,import,15.7
SI,SITC9,unclassified,2005,import,6.2
SK,SITC9,unclassified,2005,import,60.4
AT,SITC0_1,food_drinks_tobacco,2006,balance,407.8
BE,SITC0_1,food_drinks_tobacco,2006,balance,3376.4
BG,SITC0_1,food_drinks_tobacco,2006,balance,76.1
CY,SITC0_1,food_drinks_tobacco,2006,balance,-455.2
CZ,SITC0_1,food_drinks_tobacco,2006,balance,-999.4
DE,SITC0_1,food_drinks_tobacco,2006,balance,-7976.5
DK,SITC0_1,food_drinks_tobacco,2006,balance,5272.5
EE,SITC0_1,food_drinks_tobacco,2006,balance,-229.4
EL,SITC0_1,food_drinks_tobacco,2006,balance,-2228.8
ES,SITC0_1,food_drinks_tobacco,2006,balance,727.0
FI,SITC0_1,food_drinks_tobacco,2006,balance,-1485.1
FR,SITC0_1,food_drinks_tobacco,2006,balance,9265.0
HR,SITC0_1,food_drinks_tobacco,2006,balance,-432.0
HU,SITC0_1,food_drinks_tobacco,2006,balance,803.7
IE,SITC0_1,food_drinks_tobacco,2006,balance,3513.2
IT,SITC0_1,food_drinks_tobacco,2006,balance,-6683.9
LT,SITC0_1,food_drinks_tobacco,2006,balance,231.6
LU,SITC0_1,food_drinks_tobacco,2006,balance,-809.8
LV,SITC0_1,food_drinks_tobacco,2006,balance,-339.8
MT,SITC0_1,food_drinks_tobacco,2006,balance,-237.8
NL,SITC0_1,food_drinks_tobacco,2006,balance,16729.2
PL,SITC0_1,food_drinks_tobacco,2006,balance,2502.0
PT,SITC0_1,food_drinks_tobacco,2006,balance,-3019.8
RO,SITC0_1,food_drinks_tobacco,2006,balance,-1587.0
SE,SITC0_1,food_drinks_tobacco,2006,balance,-3250.1
SI,SITC0_1,food_drinks_tobacco,2006,balance,-548.0
SK,SITC0_1,food_drinks_tobacco,2006,balance,-378.7
AT,SITC2_4,raw_materials,2006,balance,-1416.6
BE,SITC2_4,raw_materials,2006,balance,-5219.7
BG,SITC2_4,raw_materials,2006,balance,-555.0
CY,SITC2_4,raw_materials,2006,balance,-41.8
CZ,SITC2_4,raw_materials,2006,balance,-160.1
DE,SITC2_4,raw_materials,2006,balance,-12108.8
DK,SITC2_4,raw_materials,2006,balance,785.4
EE,SITC2_4,raw_materials,2006,balance,317.9
EL,SITC2_4,raw_materials,2006,balance,-46.3
ES,SITC2_4,raw_materials,2006,balance,-5930.6
FI,SITC2_4,raw_materials,2006,balance,-1597.4
FR,SITC2_4,raw_materials,2006,balance,-1554.9
HR,SITC2_4,raw_materials,2006,balance,149.9
HU,SITC2_4,raw_materials,2006,balance,-2.9
IE,SITC2_4,raw_materials,2006,balance,499.1
IT,SITC2_4,raw_materials,2006,balance,-12846.0
LT,SITC2_4,raw_materials,2006,balance,-14.1
LU,SITC2_4,raw_materials,2006,balance,-1043.4
LV,SITC2_4,raw_materials,2006,balance,578.7
MT,SITC2_4,raw_materials,2006,balance,-31.0
NL,SITC2_4,raw_materials,2006,balance,5522.7
PL,SITC2_4,raw_materials,2006,balance,-1262.4
PT,SITC2_4,raw_materials,2006,balance,135.2
RO,SITC2_4,raw_materials,2006,balance,421.8
SE,SITC2_4,raw_materials,2006,balance,3293.7
SI,SITC2_4,raw_materials,2006,balance,-456.9
SK,SITC2_4,raw_materials,2006,balance,-309.5
AT,SITC3,mineral_fuels,2006,balance,-9281.7
BE,SITC3,mineral_fuels,2006,balance,-14787.8
BG,SITC3,mineral_fuels,2006,balance,619.3
CY,SITC3,mineral_fuels,2006,balance,-806.1
CZ,SITC3,mineral_fuels,2006,balance,-4916.7
DE,SITC3,mineral_fuels,2006,balance,-67277.8
DK,SITC3,mineral_fuels,2006,balance,4514.8
EE,SITC3,mineral_fuels,2006,balance,-475.1
EL,SITC3,mineral_fuels,2006,balance,-7572.4
ES,SITC3,mineral_fuels,2006,balance,-32289.4
FI,SITC3,mineral_fuels,2006,balance,-5225.7
FR,SITC3,mineral_fuels,2006,balance,-44497.8
HR,SITC3,mineral_fuels,2006,balance,-1474.2
HU,SITC3,mineral_fuels,2006,balance,-5309.3
IE,SITC3,mineral_fuels,2006,balance,-3726.1
IT,SITC3,mineral_fuels,2006,balance,-49347.5
LT,SITC3,mineral_fuels,2006,balance,-798.8
LU,SITC3,mineral_fuels,2006,balance,-1966.7
LV,SITC3,mineral_fuels,2006,balance,-919.4
MT,SITC3,mineral_fuels,2006,balance,-244.6
NL,SITC3,mineral_fuels,2006,balance,-6384.5
PL,SITC3,mineral_fuels,2006,balance,-6559.5
PT,SITC3,mineral_fuels,2006,balance,-6257.9
RO,SITC3,mineral_fuels,2006,balance,-2920.1
SE,SITC3,mineral_fuels,2006,balance,-5732.2
SI,SITC3,mineral_fuels,2006,balance,-1590.0
SK,SITC3,mineral_fuels,2006,balance,-2815.2
AT,SITC5,chemicals,2006,balance,-884.3
BE,SITC5,chemicals,2006,balance,14590.8
BG,SITC5,chemicals,2006,balance,-864.4
CY,SITC5,chemicals,2006,balance,-365.2
CZ,SITC5,chemicals,2006,balance,-3177.2
DE,SITC5,chemicals,2006,balance,39212.4
DK,SITC5,chemicals,2006,balance,1833.4
EE,SITC5,chemicals,2006,balance,-580.5
EL,SITC5,chemicals,2006,balance,-4829.6
ES,SITC5,chemicals,2006,balance,-8253.7
FI,SITC5,chemicals,2006,balance,-1483.3
FR,SITC5,chemicals,2006,balance,12101.9
HR,SITC5,chemicals,2006,balance,-1097.6
HU,SITC5,chemicals,2006,balance,-858.4
IE,SITC5,chemicals,2006,balance,31828.5
IT,SITC5,chemicals,2006,balance,-8992.6
LT,SITC5,chemicals,2006,balance,-755.3
LU,SITC5,chemicals,2006,balance,-801.3
LV,SITC5,chemicals,2006,balance,-589.1
MT,SITC5,chemicals,2006,balance,-154.0
NL,SITC5,chemicals,2006,balance,17479.7
PL,SITC5,chemicals,2006,balance,-7332.1
PT,SITC5,chemicals,2006,balance,-3722.8
RO,SITC5,chemicals,2006,balance,-2834.9
SE,SITC5,chemicals,2006,balance,2915.7
SI,SITC5,chemicals,2006,balance,118.4
SK,SITC5,chemicals,2006,balance,-1374.1
AT,SITC6_8,other_manufactured,2006,balance,4468.1
BE,SITC6_8,other_manufactured,2006,balance,11746.4
BG,SITC6_8,other_manufactured,2006,balance,931.5
CY,SITC6_8,other_manufactured,2006,balance,-1558.2
CZ,SITC6_8,other_manufactured,2006,balance,1073.6
DE,SITC6_8,other_manufactured,2006,balance,32562.0
DK,SITC6_8,other_manufactured,2006,balance,-2852.0
EE,SITC6_8,other_manufactured,2006,balance,-347.6
EL,SITC6_8,other_manufactured,2006,balance,-8179.8
ES,SITC6_8,other_manufactured,2006,balance,-17415.6
FI,SITC6_8,other_manufactured,2006,balance,10926.0
FR,SITC6_8,other_manufactured,2006,balance,-23921.1
HR,SITC6_8,other_manufactured,2006,balance,-2857.1
HU,SITC6_8,other_manufactured,2006,balance,-2308.5
IE,SITC6_8,other_manufactured,2006,balance,-2466.5
IT,SITC6_8,other_manufactured,2006,balance,35529.3
LT,SITC6_8,other_manufactured,2006,balance,-510.4
LU,SITC6_8,other_manufactured,2006,balance,2033.4
LV,SITC6_8,other_manufactured,2006,balance,-822.9
MT,SITC6_8,other_manufactured,2006,balance,-282.3
NL,SITC6_8,other_manufactured,2006,balance,793.5
PL,SITC6_8,other_manufactured,2006,balance,3037.3
PT,SITC6_8,other_manufactured,2006,balance,-1142.2
RO,SITC6_8,other_manufactured,2006,balance,-1296.7
SE,SITC6_8,other_manufactured,2006,balance,6203.7
SI,SITC6_8,other_manufactured,2006,balance,1013.0
SK,SITC6_8,other_manufactured,2006,balance,318.0
AT,SITC7,machinery_transport,2006,balance,6126.6
BE,SITC7,machinery_transport,2006,balance,1977.6
BG,SITC7,machinery_transport,2006,balance,-3687.2
CY,SITC7,machinery_transport,2006,balance,-1228.2
CZ,SITC7,machinery_transport,2006,balance,9578.6
DE,SITC7,machinery_transport,2006,balance,174413.8
DK,SITC7,machinery_transport,2006,balance,-4853.0
EE,SITC7,machinery_transport,2006,balance,-1689.8
EL,SITC7,machinery_transport,2006,balance,-13268.1
ES,SITC7,machinery_transport,2006,balance,-28691.9
FI,SITC7,machinery_transport,2006,balance,5079.8
FR,SITC7,machinery_transport,2006,balance,7532.9
HR,SITC7,machinery_transport,2006,balance,-3135.4
HU,SITC7,machinery_transport,2006,balance,5379.0
IE,SITC7,machinery_transport,2006,balance,-752.2
IT,SITC7,machinery_transport,2006,balance,23660.3
LT,SITC7,machinery_transport,2006,balance,-2302.4
LU,SITC7,machinery_transport,2006,balance,-678.4
LV,SITC7,machinery_transport,2006,balance,-2200.9
MT,SITC7,machinery_transport,2006,balance,-236.9
NL,SITC7,machinery_transport,2006,balance,2389.5
PL,SITC7,machinery_transport,2006,balance,-840.0
PT,SITC7,machinery_transport,2006,balance,-6614.4
RO,SITC7,machinery_transport,2006,balance,-6678.7
SE,SITC7,machinery_transport,2006,balance,12389.2
SI,SITC7,machinery_transport,2006,balance,738.6
SK,SITC7,machinery_transport,2006,balance,2112.0
AT,SITC9,unclassified,2006,balance,213.2
BE,SITC9,unclassified,2006,balance,350.1
BG,SITC9,unclassified,2006,balance,-196.4
CY,SITC9,unclassified,2006,balance,-1.2
CZ,SITC9,unclassified,2006,balance,-14.4
DE,SITC9,unclassified,2006,balance,1594.5
DK,SITC9,unclassified,2006,balance,914.7
EE,SITC9,unclassified,2006,balance,12.1
EL,SITC9,unclassified,2006,balance,-318.3
ES,SITC9,unclassified,2006,balance,280.8
FI,SITC9,unclassified,2006,balance,22.3
FR,SITC9,unclassified,2006,balance,4397.2
HR,SITC9,unclassified,2006,balance,-6.8
HU,SITC9,unclassified,2006,balance,-98.4
IE,SITC9,unclassified,2006,balance,-536.9
IT,SITC9,unclassified,2006,balance,-1771.3
LT,SITC9,unclassified,2006,balance,-17.1
LU,SITC9,unclassified,2006,balance,-7.6
LV,SITC9,unclassified,2006,balance,3.9
MT,SITC9,unclassified,2006,balance,-17.4
NL,SITC9,unclassified,2006,balance,740.5
PL,SITC9,unclassified,2006,balance,-2454.8
PT,SITC9,unclassified,2006,balance,-32.2
RO,SITC9,unclassified,2006,balance,0.3
SE,SITC9,unclassified,2006,balance,304.4
SI,SITC9,unclassified,2006,balance,-0.7
SK,SITC9,unclassified,2006,balance,-40.5
AT,SITC0_1,food_drinks_tobacco,2006,export,6900.9
BE,SITC0_1,food_drinks_tobacco,2006,export,22291.5
BG,SITC0_1,food_drinks_tobacco,2006,export,866.9
CY,SITC0_1,food_drinks_tobacco,2006,export,180.8
CZ,SITC0_1,food_drinks_tobacco,2006,export,2597.7
DE,SITC0_1,food_drinks_tobacco,2006,export,38350.1
DK,SITC0_1,food_drinks_tobacco,2006,export,12864.4
EE,SITC0_1,food_drinks_tobacco,2006,export,510.6
EL,SITC0_1,food_drinks_tobacco,2006,export,3069.1
ES,SITC0_1,food_drinks_tobacco,2006,export,21066.2
FI,SITC0_1,food_drinks_tobacco,2006,export,1069.1
FR,SITC0_1,food_drinks_tobacco,2006,export,39329.7
HR,SITC0_1,food_drinks_tobacco,2006,export,911.8
HU,SITC0_1,food_drinks_tobacco,2006,export,3305.7
IE,SITC0_1,food_drinks_tobacco,2006,export,8389.4
IT,SITC0_1,food_drinks_tobacco,2006,export,19925.6
LT,SITC0_1,food_drinks_tobacco,2006,export,1502.0
LU,SITC0_1,food_drinks_tobacco,2006,export,710.5
LV,SITC0_1,food_drinks_tobacco,2006,export,591.2
MT,SITC0_1,food_drinks_tobacco,2006,export,129.6
NL,SITC0_1,food_drinks_tobacco,2006,export,42704.0
PL,SITC0_1,food_drinks_tobacco,2006,export,8081.8
PT,SITC0_1,food_drinks_tobacco,2006,export,2829.2
RO,SITC0_1,food_drinks_tobacco,2006,export,609.1
SE,SITC0_1,food_drinks_tobacco,2006,export,4028.4
SI,SITC0_1,food_drinks_tobacco,2006,export,688.5
SK,SITC0_1,food_drinks_tobacco,2006,export,1386.0
AT,SITC2_4,raw_materials,2006,export,3379.9
BE,SITC2_4,raw_materials,2006,export,8295.5
BG,SITC2_4,raw_materials,2006,export,885.9
CY,SITC2_4,raw_materials,2006,export,51.8
CZ,SITC2_4,raw_materials,2006,export,2004.8
DE,SITC2_4,raw_materials,2006,export,17563.3
DK,SITC2_4,raw_materials,2006,export,3182.7
EE,SITC2_4,raw_materials,2006,export,724.1
EL,SITC2_4,raw_materials,2006,export,1420.4
ES,SITC2_4,raw_materials,2006,export,5746.7
FI,SITC2_4,raw_materials,2006,export,3792.4
FR,SITC2_4,raw_materials,2006,export,9956.1
HR,SITC2_4,raw_materials,2006,export,499.5
HU,SITC2_4,raw_materials,2006,export,1138.2
IE,SITC2_4,raw_materials,2006,export,1731.3
IT,SITC2_4,raw_materials,2006,export,5647.0
LT,SITC2_4,raw_materials,2006,export,546.7
LU,SITC2_4,raw_materials,2006,export,222.2
LV,SITC2_4,raw_materials,2006,export,940.5
MT,SITC2_4,raw_materials,2006,export,9.4
NL,SITC2_4,raw_materials,2006,export,21468.7
PL,SITC2_4,raw_materials,2006,export,2170.3
PT,SITC2_4,raw_materials,2006,export,2094.4
RO,SITC2_4,raw_materials,2006,export,1521.1
SE,SITC2_4,raw_materials,2006,export,7062.4
SI,SITC2_4,raw_materials,2006,export,640.9
SK,SITC2_4,raw_materials,2006,export,873.9
AT,SITC3,mineral_fuels,2006,export,2469.9
BE,SITC3,mineral_fuels,2006,export,23295.3
BG,SITC3,mineral_fuels,2006,export,1595.5
CY,SITC3,mineral_fuels,2006,export,205.3
CZ,SITC3,mineral_fuels,2006,export,2201.3
DE,SITC3,mineral_fuels,2006,export,23116.2
DK,SITC3,mineral_fuels,2006,export,8342.4
EE,SITC3,mineral_fuels,2006,export,1244.4
EL,SITC3,mineral_fuels,2006,export,2183.4
ES,SITC3,mineral_fuels,2006,export,8834.1
FI,SITC3,mineral_fuels,2006,export,3296.1
FR,SITC3,mineral_fuels,2006,export,16273.4
HR,SITC3,mineral_fuels,2006,export,1248.9
HU,SITC3,mineral_fuels,2006,export,1466.1
IE,SITC3,mineral_fuels,2006,export,562.3
IT,SITC3,mineral_fuels,2006,export,12204.5
LT,SITC3,mineral_fuels,2006,export,2668.0
LU,SITC3,mineral_fuels,2006,export,81.7
LV,SITC3,mineral_fuels,2006,export,250.6
MT,SITC3,mineral_fuels,2006,export,9.8
NL,SITC3,mineral_fuels,2006,export,51385.0
PL,SITC3,mineral_fuels,2006,export,3968.3
PT,SITC3,mineral_fuels,2006,export,1887.0
RO,SITC3,mineral_fuels,2006,export,2597.1
SE,SITC3,mineral_fuels,2006,export,6955.8
SI,SITC3,mineral_fuels,2006,export,505.9
SK,SITC3,mineral_fuels,2006,export,1948.6
AT,SITC5,chemicals,2006,export,11258.0
BE,SITC5,chemicals,2006,export,83043.9
BG,SITC5,chemicals,2006,export,764.6
CY,SITC5,chemicals,2006,export,141.3
CZ,SITC5,chemicals,2006,export,4571.3
DE,SITC5,chemicals,2006,export,127580.1
DK,SITC5,chemicals,2006,export,9342.1
EE,SITC5,chemicals,2006,export,387.7
EL,SITC5,chemicals,2006,export,2330.0
ES,SITC5,chemicals,2006,export,20940.9
FI,SITC5,chemicals,2006,export,4587.3
FR,SITC5,chemicals,2006,export,66090.8
HR,SITC5,chemicals,2006,export,757.2
HU,SITC5,chemicals,2006,export,5141.4
IE,SITC5,chemicals,2006,export,39765.1
IT,SITC5,chemicals,2006,export,36423.7
LT,SITC5,chemicals,2006,export,1029.8
LU,SITC5,chemicals,2006,export,810.0
LV,SITC5,chemicals,2006,export,390.0
MT,SITC5,chemicals,2006,export,138.5
NL,SITC5,chemicals,2006,export,56515.9
PL,SITC5,chemicals,2006,export,6305.1
PT,SITC5,chemicals,2006,export,2592.6
RO,SITC5,chemicals,2006,export,1465.3
SE,SITC5,chemicals,2006,export,13527.2
SI,SITC5,chemicals,2006,export,2366.6
SK,SITC5,chemicals,2006,export,1829.5
AT,SITC6_8,other_manufactured,2006,export,38741.4
BE,SITC6_8,other_manufactured,2006,export,83312.2
BG,SITC6_8,other_manufactured,2006,export,5955.8
CY,SITC6_8,other_manufactured,2006,export,142.2
CZ,SITC6_8,other_manufactured,2006,export,24042.2
DE,SITC6_8,other_manufactured,2006,export,217760.2
DK,SITC6_8,other_manufactured,2006,export,18893.7
EE,SITC6_8,other_manufactured,2006,export,2422.5
EL,SITC6_8,other_manufactured,2006,export,5922.4
ES,SITC6_8,other_manufactured,2006,export,44749.6
FI,SITC6_8,other_manufactured,2006,export,22539.4
FR,SITC6_8,other_manufactured,2006,export,93434.8
HR,SITC6_8,other_manufactured,2006,export,2457.5
HU,SITC6_8,other_manufactured,2006,export,11331.1
IE,SITC6_8,other_manufactured,2006,export,10416.9
IT,SITC6_8,other_manufactured,2006,export,132409.9
LT,SITC6_8,other_manufactured,2006,export,2982.7
LU,SITC6_8,other_manufactured,2006,export,6793.4
LV,SITC6_8,other_manufactured,2006,export,1904.4
MT,SITC6_8,other_manufactured,2006,export,483.4
NL,SITC6_8,other_manufactured,2006,export,80611.1
PL,SITC6_8,other_manufactured,2006,export,32143.5
PT,SITC6_8,other_manufactured,2006,export,14541.2
RO,SITC6_8,other_manufactured,2006,export,11803.1
SE,SITC6_8,other_manufactured,2006,export,33782.7
SI,SITC6_8,other_manufactured,2006,export,7222.1
SK,SITC6_8,other_manufactured,2006,export,11194.3
AT,SITC7,machinery_transport,2006,export,45643.1
BE,SITC7,machinery_transport,2006,export,71185.8
BG,SITC7,machinery_transport,2006,export,1617.6
CY,SITC7,machinery_transport,2006,export,335.9
CZ,SITC7,machinery_transport,2006,export,40164.0
DE,SITC7,machinery_transport,2006,export,449322.8
DK,SITC7,machinery_transport,2006,export,19692.8
EE,SITC7,machinery_transport,2006,export,2411.8
EL,SITC7,machinery_transport,2006,export,2116.1
ES,SITC7,machinery_transport,2006,export,67549.2
FI,SITC7,machinery_transport,2006,export,26165.5
FR,SITC7,machinery_transport,2006,export,163135.5
HR,SITC7,machinery_transport,2006,export,2375.6
HU,SITC7,machinery_transport,2006,export,37518.8
IE,SITC7,machinery_transport,2006,export,22756.2
IT,SITC7,machinery_transport,2006,export,123869.1
LT,SITC7,machinery_transport,2006,export,2530.7
LU,SITC7,machinery_transport,2006,export,9687.8
LV,SITC7,machinery_transport,2006,export,820.4
MT,SITC7,machinery_transport,2006,export,1439.5
NL,SITC7,machinery_transport,2006,export,115326.4
PL,SITC7,machinery_transport,2006,export,35512.7
PT,SITC7,machinery_transport,2006,export,11669.8
RO,SITC7,machinery_transport,2006,export,7734.2
SE,SITC7,machinery_transport,2006,export,52005.4
SI,SITC7,machinery_transport,2006,export,7068.6
SK,SITC7,machinery_transport,2006,export,16069.3
AT,SITC9,unclassified,2006,export,519.9
BE,SITC9,unclassified,2006,export,662.8
BG,SITC9,unclassified,2006,export,61.8
CY,SITC9,unclassified,2006,export,4.4
CZ,SITC9,unclassified,2006,export,23.0
DE,SITC9,unclassified,2006,export,8838.7
DK,SITC9,unclassified,2006,export,1398.0
EE,SITC9,unclassified,2006,export,18.0
EL,SITC9,unclassified,2006,export,89.7
ES,SITC9,unclassified,2006,export,1324.2
FI,SITC9,unclassified,2006,export,39.5
FR,SITC9,unclassified,2006,export,6704.6
HR,SITC9,unclassified,2006,export,1.2
HU,SITC9,unclassified,2006,export,34.6
IE,SITC9,unclassified,2006,export,2971.3
IT,SITC9,unclassified,2006,export,1533.1
LT,SITC9,unclassified,2006,export,2.9
LU,SITC9,unclassified,2006,export,31.4
LV,SITC9,unclassified,2006,export,4.8
MT,SITC9,unclassified,2006,export,16.2
NL,SITC9,unclassified,2006,export,1238.2
PL,SITC9,unclassified,2006,export,47.3
PT,SITC9,unclassified,2006,export,26.3
RO,SITC9,unclassified,2006,export,120.4
SE,SITC9,unclassified,2006,export,345.1
SI,SITC9,unclassified,2006,export,8.4
SK,SITC9,unclassified,2006,export,38.3
AT,SITC0_1,food_drinks_tobacco,2006,import,6493.1
BE,SITC0_1,food_drinks_tobacco,2006,import,18915.2
BG,SITC0_1,food_drinks_tobacco,2006,import,790.7
CY,SITC0_1,food_drinks_tobacco,2006,import,636.0
CZ,SITC0_1,food_drinks_tobacco,2006,import,3597.1
DE,SITC0_1,food_drinks_tobacco,2006,import,46326.7
DK,SITC0_1,food_drinks_tobacco,2006,import,7591.9
EE,SITC0_1,food_drinks_tobacco,2006,import,740.0
EL,SITC0_1,food_drinks_tobacco,2006,import,5297.9
ES,SITC0_1,food_drinks_tobacco,2006,import,20339.2
FI,SITC0_1,food_drinks_tobacco,2006,import,2554.2
FR,SITC0_1,food_drinks_tobacco,2006,import,30064.8
HR,SITC0_1,food_drinks_tobacco,2006,import,1343.7
HU,SITC0_1,food_drinks_tobacco,2006,import,2501.9
IE,SITC0_1,food_drinks_tobacco,2006,import,4876.1
IT,SITC0_1,food_drinks_tobacco,2006,import,26609.5
LT,SITC0_1,food_drinks_tobacco,2006,import,1270.4
LU,SITC0_1,food_drinks_tobacco,2006,import,1520.3
LV,SITC0_1,food_drinks_tobacco,2006,import,931.0
MT,SITC0_1,food_drinks_tobacco,2006,import,367.3
NL,SITC0_1,food_drinks_tobacco,2006,import,25974.9
PL,SITC0_1,food_drinks_tobacco,2006,import,5579.8
PT,SITC0_1,food_drinks_tobacco,2006,import,5849.0
RO,SITC0_1,food_drinks_tobacco,2006,import,2196.1
SE,SITC0_1,food_drinks_tobacco,2006,import,7278.5
SI,SITC0_1,food_drinks_tobacco,2006,import,1236.5
SK,SITC0_1,food_drinks_tobacco,2006,import,1764.7
AT,SITC2_4,raw_materials,2006,import,4796.6
BE,SITC2_4,raw_materials,2006,import,13515.2
BG,SITC2_4,raw_materials,2006,import,1440.9
CY,SITC2_4,raw_materials,2006,import,93.6
CZ,SITC2_4,raw_materials,2006,import,2164.9
DE,SITC2_4,raw_materials,2006,import,29672.1
DK,SITC2_4,raw_materials,2006,import,2397.3
EE,SITC2_4,raw_materials,2006,import,406.2
EL,SITC2_4,raw_materials,2006,import,1466.7
ES,SITC2_4,raw_materials,2006,import,11677.3
FI,SITC2_4,raw_materials,2006,import,5389.8
FR,SITC2_4,raw_materials,2006,import,11511.1
HR,SITC2_4,raw_materials,2006,import,349.6
HU,SITC2_4,raw_materials,2006,import,1141.0
IE,SITC2_4,raw_materials,2006,import,1232.2
IT,SITC2_4,raw_materials,2006,import,18493.0
LT,SITC2_4,raw_materials,2006,import,560.8
LU,SITC2_4,raw_materials,2006,import,1265.6
LV,SITC2_4,raw_materials,2006,import,361.7
MT,SITC2_4,raw_materials,2006,import,40.4
NL,SITC2_4,raw_materials,2006,import,15946.0
PL,SITC2_4,raw_materials,2006,import,3432.7
PT,SITC2_4,raw_materials,2006,import,1959.2
RO,SITC2_4,raw_materials,2006,import,1099.4
SE,SITC2_4,raw_materials,2006,import,3768.7
SI,SITC2_4,raw_materials,2006,import,1097.8
SK,SITC2_4,raw_materials,2006,import,1183.4
AT,SITC3,mineral_fuels,2006,import,11751.6
BE,SITC3,mineral_fuels,2006,import,38083.1
BG,SITC3,mineral_fuels,2006,import,976.2
CY,SITC3,mineral_fuels,2006,import,1011.4
CZ,SITC3,mineral_fuels,2006,import,7118.1
DE,SITC3,mineral_fuels,2006,import,90394.0
DK,SITC3,mineral_fuels,2006,import,3827.6
EE,SITC3,mineral_fuels,2006,import,1719.5
EL,SITC3,mineral_fuels,2006,import,9755.9
ES,SITC3,mineral_fuels,2006,import,41123.4
FI,SITC3,mineral_fuels,2006,import,8521.8
FR,SITC3,mineral_fuels,2006,import,60771.2
HR,SITC3,mineral_fuels,2006,import,2723.1
HU,SITC3,mineral_fuels,2006,import,6775.4
IE,SITC3,mineral_fuels,2006,import,4288.3
IT,SITC3,mineral_fuels,2006,import,61552.0
LT,SITC3,mineral_fuels,2006,import,3466.8
LU,SITC3,mineral_fuels,2006,import,2048.4
LV,SITC3,mineral_fuels,2006,import,1170.1
MT,SITC3,mineral_fuels,2006,import,254.3
NL,SITC3,mineral_fuels,2006,import,57769.4
PL,SITC3,mineral_fuels,2006,import,10527.8
PT,SITC3,mineral_fuels,2006,import,8144.9
RO,SITC3,mineral_fuels,2006,import,5517.3
SE,SITC3,mineral_fuels,2006,import,12688.0
SI,SITC3,mineral_fuels,2006,import,2095.9
SK,SITC3,mineral_fuels,2006,import,4763.8
AT,SITC5,chemicals,2006,import,12142.3
BE,SITC5,chemicals,2006,import,68453.2
BG,SITC5,chemicals,2006,import,1629.0
CY,SITC5,chemicals,2006,import,506.5
CZ,SITC5,chemicals,2006,import,7748.5
DE,SITC5,chemicals,2006,import,88367.7
DK,SITC5,chemicals,2006,import,7508.7
EE,SITC5,chemicals,2006,import,968.1
EL,SITC5,chemicals,2006,import,7159.6
ES,SITC5,chemicals,2006,import,29194.6
FI,SITC5,chemicals,2006,import,6070.6
FR,SITC5,chemicals,2006,import,53988.9
HR,SITC5,chemicals,2006,import,1854.7
HU,SITC5,chemicals,2006,import,5999.8
IE,SITC5,chemicals,2006,import,7936.7
IT,SITC5,chemicals,2006,import,45416.3
LT,SITC5,chemicals,2006,import,1785.1
LU,SITC5,chemicals,2006,import,1611.3
LV,SITC5,chemicals,2006,import,979.1
MT,SITC5,chemicals,2006,import,292.5
NL,SITC5,chemicals,2006,import,39036.2
PL,SITC5,chemicals,2006,import,13637.2
PT,SITC5,chemicals,2006,import,6315.4
RO,SITC5,chemicals,2006,import,4300.2
SE,SITC5,chemicals,2006,import,10611.5
SI,SITC5,chemicals,2006,import,2248.2
SK,SITC5,chemicals,2006,import,3203.6
AT,SITC6_8,other_manufactured,2006,import,34273.3
BE,SITC6_8,other_manufactured,2006,import,71565.9
BG,SITC6_8,other_manufactured,2006,import,5024.3
CY,SITC6_8,other_manufactured,2006,import,1700.5
CZ,SITC6_8,other_manufactured,2006,import,22968.6
DE,SITC6_8,other_manufactured,2006,import,185198.3
DK,SITC6_8,other_manufactured,2006,import,21745.8
EE,SITC6_8,other_manufactured,2006,import,2770.1
EL,SITC6_8,other_manufactured,2006,import,14102.1
ES,SITC6_8,other_manufactured,2006,import,62165.3
FI,SITC6_8,other_manufactured,2006,import,11613.4
FR,SITC6_8,other_manufactured,2006,import,117356.0
HR,SITC6_8,other_manufactured,2006,import,5314.6
HU,SITC6_8,other_manufactured,2006,import,13639.7
IE,SITC6_8,other_manufactured,2006,import,12883.4
IT,SITC6_8,other_manufactured,2006,import,96880.7
LT,SITC6_8,other_manufactured,2006,import,3493.1
LU,SITC6_8,other_manufactured,2006,import,4760.0
LV,SITC6_8,other_manufactured,2006,import,2727.4
MT,SITC6_8,other_manufactured,2006,import,765.6
NL,SITC6_8,other_manufactured,2006,import,79817.6
PL,SITC6_8,other_manufactured,2006,import,29106.2
PT,SITC6_8,other_manufactured,2006,import,15683.4
RO,SITC6_8,other_manufactured,2006,import,13099.8
SE,SITC6_8,other_manufactured,2006,import,27578.9
SI,SITC6_8,other_manufactured,2006,import,6209.0
SK,SITC6_8,other_manufactured,2006,import,10876.3
AT,SITC7,machinery_transport,2006,import,39516.4
BE,SITC7,machinery_transport,2006,import,69208.3
BG,SITC7,machinery_transport,2006,import,5304.8
CY,SITC7,machinery_transport,2006,import,1564.0
CZ,SITC7,machinery_transport,2006,import,30585.4
DE,SITC7,machinery_transport,2006,import,274909.0
DK,SITC7,machinery_transport,2006,import,24545.8
EE,SITC7,machinery_transport,2006,import,4101.6
EL,SITC7,machinery_transport,2006,import,15384.2
ES,SITC7,machinery_transport,2006,import,96241.1
FI,SITC7,machinery_transport,2006,import,21085.6
FR,SITC7,machinery_transport,2006,import,155602.6
HR,SITC7,machinery_transport,2006,import,5510.9
HU,SITC7,machinery_transport,2006,import,32139.9
IE,SITC7,machinery_transport,2006,import,23508.4
IT,SITC7,machinery_transport,2006,import,100208.8
LT,SITC7,machinery_transport,2006,import,4833.2
LU,SITC7,machinery_transport,2006,import,10366.2
LV,SITC7,machinery_transport,2006,import,3021.3
MT,SITC7,machinery_transport,2006,import,1676.4
NL,SITC7,machinery_transport,2006,import,112936.9
PL,SITC7,machinery_transport,2006,import,36352.7
PT,SITC7,machinery_transport,2006,import,18284.2
RO,SITC7,machinery_transport,2006,import,14413.0
SE,SITC7,machinery_transport,2006,import,39616.2
SI,SITC7,machinery_transport,2006,import,6329.9
SK,SITC7,machinery_transport,2006,import,13957.3
AT,SITC9,unclassified,2006,import,306.7
BE,SITC9,unclassified,2006,import,312.7
BG,SITC9,unclassified,2006,import,258.2
CY,SITC9,unclassified,2006,import,5.6
CZ,SITC9,unclassified,2006,import,37.4
DE,SITC9,unclassified,2006,import,7244.3
DK,SITC9,unclassified,2006,import,483.4
EE,SITC9,unclassified,2006,import,5.9
EL,SITC9,unclassified,2006,import,408.0
ES,SITC9,unclassified,2006,import,1043.4
FI,SITC9,unclassified,2006,import,17.2
FR,SITC9,unclassified,2006,import,2307.4
HR,SITC9,unclassified,2006,import,8.0
HU,SITC9,unclassified,2006,import,132.9
IE,SITC9,unclassified,2006,import,3508.2
IT,SITC9,unclassified,2006,import,3304.5
LT,SITC9,unclassified,2006,import,20.0
LU,SITC9,unclassified,2006,import,39.0
LV,SITC9,unclassified,2006,import,0.9
MT,SITC9,unclassified,2006,import,33.6
NL,SITC9,unclassified,2006,import,497.7
PL,SITC9,unclassified,2006,import,2502.1
PT,SITC9,unclassified,2006,import,58.5
RO,SITC9,unclassified,2006,import,120.1
SE,SITC9,unclassified,2006,import,40.6
SI,SITC9,unclassified,2006,import,9.2
SK,SITC9,unclassified,2006,import,78.8
AT,SITC0_1,food_drinks_tobacco,2007,balance,146.8
BE,SITC0_1,food_drinks_tobacco,2007,balance,3429.1
BG,SITC0_1,food_drinks_tobacco,2007,balance,-175.3
CY,SITC0_1,food_drinks_tobacco,2007,balance,-549.6
CZ,SITC0_1,food_drinks_tobacco,2007,balance,-1166.1
DE,SITC0_1,food_drinks_tobacco,2007,balance,-7109.8
DK,SITC0_1,food_drinks_tobacco,2007,balance,4979.8
EE,SITC0_1,food_drinks_tobacco,2007,balance,-325.0
EL,SITC0_1,food_drinks_tobacco,2007,balance,-2708.3
ES,SITC0_1,food_drinks_tobacco,2007,balance,-192.5
FI,SITC0_1,food_drinks_tobacco,2007,balance,-1560.6
FR,SITC0_1,food_drinks_tobacco,2007,balance,9620.9
HR,SITC0_1,food_drinks_tobacco,2007,balance,-529.3
HU,SITC0_1,food_drinks_tobacco,2007,balance,1432.2
IE,SITC0_1,food_drinks_tobacco,2007,balance,3231.0
IT,SITC0_1,food_drinks_tobacco,2007,balance,-6280.5
LT,SITC0_1,food_drinks_tobacco,2007,balance,409.9
LU,SITC0_1,food_drinks_tobacco,2007,balance,-870.1
LV,SITC0_1,food_drinks_tobacco,2007,balance,-349.1
MT,SITC0_1,food_drinks_tobacco,2007,balance,-292.6
NL,SITC0_1,food_drinks_tobacco,2007,balance,17856.5
PL,SITC0_1,food_drinks_tobacco,2007,balance,2359.1
PT,SITC0_1,food_drinks_tobacco,2007,balance,-3275.6
RO,SITC0_1,food_drinks_tobacco,2007,balance,-2120.6
SE,SITC0_1,food_drinks_tobacco,2007,balance,-3598.6
SI,SITC0_1,food_drinks_tobacco,2007,balance,-670.9
SK,SITC0_1,food_drinks_tobacco,2007,balance,-656.2
AT,SITC2_4,raw_materials,2007,balance,-1156.8
BE,SITC2_4,raw_materials,2007,balance,-6166.7
BG,SITC2_4,raw_materials,2007,balance,-746.8
CY,SITC2_4,raw_materials,2007,balance,-61.4
CZ,SITC2_4,raw_materials,2007,balance,192.7
DE,SITC2_4,raw_materials,2007,balance,-12774.9
DK,SITC2_4,raw_materials,2007,balance,437.8
EE,SITC2_4,raw_materials,2007,balance,329.7
EL,SITC2_4,raw_materials,2007,balance,-651.7
ES,SITC2_4,raw_materials,2007,balance,-6032.0
FI,SITC2_4,raw_materials,2007,balance,-2523.1
FR,SITC2_4,raw_materials,2007,balance,-1967.1
HR,SITC2_4,raw_materials,2007,balance,219.7
HU,SITC2_4,raw_materials,2007,balance,27.4
IE,SITC2_4,raw_materials,2007,balance,416.2
IT,SITC2_4,raw_materials,2007,balance,-12891.6
LT,SITC2_4,raw_materials,2007,balance,80.2
LU,SITC2_4,raw_materials,2007,balance,-1094.8
LV,SITC2_4,raw_materials,2007,balance,623.0
MT,SITC2_4,raw_materials,2007,balance,-21.0
NL,SITC2_4,raw_materials,2007,balance,5540.3
PL,SITC2_4,raw_materials,2007,balance,-1412.0
PT,SITC2_4,raw_materials,2007,balance,6.5
RO,SITC2_4,raw_materials,2007,balance,144.7
SE,SITC2_4,raw_materials,2007,balance,3339.4
SI,SITC2_4,raw_materials,2007,balance,-571.4
SK,SITC2_4,raw_materials,2007,balance,-331.8
AT,SITC3,mineral_fuels,2007,balance,-7946.3
BE,SITC3,mineral_fuels,2007,balance,-12556.3
BG,SITC3,mineral_fuels,2007,balance,-2352.9
CY,SITC3,mineral_fuels,2007,balance,-899.1
CZ,SITC3,mineral_fuels,2007,balance,-4463.4
DE,SITC3,mineral_fuels,2007,balance,-60229.2
DK,SITC3,mineral_fuels,2007,balance,4238.4
EE,SITC3,mineral_fuels,2007,balance,-577.3
EL,SITC3,mineral_fuels,2007,balance,-6644.9
ES,SITC3,mineral_fuels,2007,balance,-32264.0
FI,SITC3,mineral_fuels,2007,balance,-4658.2
FR,SITC3,mineral_fuels,2007,balance,-43364.1
HR,SITC3,mineral_fuels,2007,balance,-1697.2
HU,SITC3,mineral_fuels,2007,balance,-4619.1
IE,SITC3,mineral_fuels,2007,balance,-4643.1
IT,SITC3,mineral_fuels,2007,balance,-46259.6
LT,SITC3,mineral_fuels,2007,balance,-1211.3
LU,SITC3,mineral_fuels,2007,balance,-1967.5
LV,SITC3,mineral_fuels,2007,balance,-979.1
MT,SITC3,mineral_fuels,2007,balance,-83.5
NL,SITC3,mineral_fuels,2007,balance,-7324.3
PL,SITC3,mineral_fuels,2007,balance,-8105.8
PT,SITC3,mineral_fuels,2007,balance,-6368.2
RO,SITC3,mineral_fuels,2007,balance,-3266.0
SE,SITC3,mineral_fuels,2007,balance,-5618.4
SI,SITC3,mineral_fuels,2007,balance,-1642.3
SK,SITC3,mineral_fuels,2007,balance,-2743.3
AT,SITC5,chemicals,2007,balance,-644.9
BE,SITC5,chemicals,2007,balance,18325.4
BG,SITC5,chemicals,2007,balance,-872.5
CY,SITC5,chemicals,2007,balance,-412.4
CZ,SITC5,chemicals,2007,balance,-3758.9
DE,SITC5,chemicals,2007,balance,40902.9
DK,SITC5,chemicals,2007,balance,2273.1
EE,SITC5,chemicals,2007,balance,-609.2
EL,SITC5,chemicals,2007,balance,-5614.0
ES,SITC5,chemicals,2007,balance,-8100.6
FI,SITC5,chemicals,2007,balance,-1171.2
FR,SITC5,chemicals,2007,balance,9925.1
HR,SITC5,chemicals,2007,balance,-1219.1
HU,SITC5,chemicals,2007,balance,-852.7
IE,SITC5,chemicals,2007,balance,35092.7
IT,SITC5,chemicals,2007,balance,-9638.5
LT,SITC5,chemicals,2007,balance,-593.2
LU,SITC5,chemicals,2007,balance,-799.7
LV,SITC5,chemicals,2007,balance,-631.7
MT,SITC5,chemicals,2007,balance,-135.2
NL,SITC5,chemicals,2007,balance,18440.3
PL,SITC5,chemicals,2007,balance,-8191.6
PT,SITC5,chemicals,2007,balance,-3666.9
RO,SITC5,chemicals,2007,balance,-3560.2
SE,SITC5,chemicals,2007,balance,1615.6
SI,SITC5,chemicals,2007,balance,150.6
SK,SITC5,chemicals,2007,balance,-1780.0
AT,SITC6_8,other_manufactured,2007,balance,4265.9
BE,SITC6_8,other_manufactured,2007,balance,12177.6
BG,SITC6_8,other_manufactured,2007,balance,421.4
CY,SITC6_8,other_manufactured,2007,balance,-1770.0
CZ,SITC6_8,other_manufactured,2007,balance,1000.1
DE,SITC6_8,other_manufactured,2007,balance,33196.8
DK,SITC6_8,other_manufactured,2007,balance,-3593.4
EE,SITC6_8,other_manufactured,2007,balance,-501.1
EL,SITC6_8,other_manufactured,2007,balance,-9730.2
ES,SITC6_8,other_manufactured,2007,balance,-20603.5
FI,SITC6_8,other_manufactured,2007,balance,10627.8
FR,SITC6_8,other_manufactured,2007,balance,-28854.7
HR,SITC6_8,other_manufactured,2007,balance,-3258.2
HU,SITC6_8,other_manufactured,2007,balance,-2788.9
IE,SITC6_8,other_manufactured,2007,balance,-3384.2
IT,SITC6_8,other_manufactured,2007,balance,36767.6
LT,SITC6_8,other_manufactured,2007,balance,-796.6
LU,SITC6_8,other_manufactured,2007,balance,2347.3
LV,SITC6_8,other_manufactured,2007,balance,-1052.9
MT,SITC6_8,other_manufactured,2007,balance,-294.9
NL,SITC6_8,other_manufactured,2007,balance,-4948.9
PL,SITC6_8,other_manufactured,2007,balance,993.0
PT,SITC6_8,other_manufactured,2007,balance,-1053.3
RO,SITC6_8,other_manufactured,2007,balance,-3352.1
SE,SITC6_8,other_manufactured,2007,balance,4492.0
SI,SITC6_8,other_manufactured,2007,balance,805.1
SK,SITC6_8,other_manufactured,2007,balance,890.1
AT,SITC7,machinery_transport,2007,balance,5939.9
BE,SITC7,machinery_transport,2007,balance,-1519.7
BG,SITC7,machinery_transport,2007,balance,-4625.5
CY,SITC7,machinery_transport,2007,balance,-1572.9
CZ,SITC7,machinery_transport,2007,balance,11371.4
DE,SITC7,machinery_transport,2007,balance,199060.5
DK,SITC7,machinery_transport,2007,balance,-5198.6
EE,SITC7,machinery_transport,2007,balance,-1730.1
EL,SITC7,machinery_transport,2007,balance,-16386.8
ES,SITC7,machinery_transport,2007,balance,-32449.5
FI,SITC7,machinery_transport,2007,balance,5350.7
FR,SITC7,machinery_transport,2007,balance,-1604.0
HR,SITC7,machinery_transport,2007,balance,-3335.4
HU,SITC7,machinery_transport,2007,balance,6762.5
IE,SITC7,machinery_transport,2007,balance,-2176.2
IT,SITC7,machinery_transport,2007,balance,31551.7
LT,SITC7,machinery_transport,2007,balance,-3155.7
LU,SITC7,machinery_transport,2007,balance,-1345.0
LV,SITC7,machinery_transport,2007,balance,-2730.4
MT,SITC7,machinery_transport,2007,balance,-148.5
NL,SITC7,machinery_transport,2007,balance,12251.2
PL,SITC7,machinery_transport,2007,balance,-1263.5
PT,SITC7,machinery_transport,2007,balance,-7268.7
RO,SITC7,machinery_transport,2007,balance,-9608.1
SE,SITC7,machinery_transport,2007,balance,10899.9
SI,SITC7,machinery_transport,2007,balance,882.0
SK,SITC7,machinery_transport,2007,balance,3074.9
AT,SITC9,unclassified,2007,balance,-179.2
BE,SITC9,unclassified,2007,balance,461.6
BG,SITC9,unclassified,2007,balance,2.2
CY,SITC9,unclassified,2007,balance,-3.3
CZ,SITC9,unclassified,2007,balance,-17.2
DE,SITC9,unclassified,2007,balance,1212.2
DK,SITC9,unclassified,2007,balance,616.6
EE,SITC9,unclassified,2007,balance,7.5
EL,SITC9,unclassified,2007,balance,-805.8
ES,SITC9,unclassified,2007,balance,405.4
FI,SITC9,unclassified,2007,balance,6.2
FR,SITC9,unclassified,2007,balance,4256.0
HR,SITC9,unclassified,2007,balance,-9.4
HU,SITC9,unclassified,2007,balance,-82.0
IE,SITC9,unclassified,2007,balance,-1012.4
IT,SITC9,unclassified,2007,balance,-1845.0
LT,SITC9,unclassified,2007,balance,-36.6
LU,SITC9,unclassified,2007,balance,11.7
LV,SITC9,unclassified,2007,balance,2.7
MT,SITC9,unclassified,2007,balance,-19.9
NL,SITC9,unclassified,2007,balance,643.1
PL,SITC9,unclassified,2007,balance,-3031.7
PT,SITC9,unclassified,2007,balance,-6.1
RO,SITC9,unclassified,2007,balance,0.0
SE,SITC9,unclassified,2007,balance,246.0
SI,SITC9,unclassified,2007,balance,-12.1
SK,SITC9,unclassified,2007,balance,13.3
AT,SITC0_1,food_drinks_tobacco,2007,export,7468.5
BE,SITC0_1,food_drinks_tobacco,2007,export,24450.1
BG,SITC0_1,food_drinks_tobacco,2007,export,999.3
CY,SITC0_1,food_drinks_tobacco,2007,export,205.7
CZ,SITC0_1,food_drinks_tobacco,2007,export,3115.7
DE,SITC0_1,food_drinks_tobacco,2007,export,43492.1
DK,SITC0_1,food_drinks_tobacco,2007,export,13020.5
EE,SITC0_1,food_drinks_tobacco,2007,export,663.7
EL,SITC0_1,food_drinks_tobacco,2007,export,3304.9
ES,SITC0_1,food_drinks_tobacco,2007,export,22732.6
FI,SITC0_1,food_drinks_tobacco,2007,export,1263.6
FR,SITC0_1,food_drinks_tobacco,2007,export,42498.2
HR,SITC0_1,food_drinks_tobacco,2007,export,904.3
HU,SITC0_1,food_drinks_tobacco,2007,export,4351.8
IE,SITC0_1,food_drinks_tobacco,2007,export,8694.9
IT,SITC0_1,food_drinks_tobacco,2007,export,21990.0
LT,SITC0_1,food_drinks_tobacco,2007,export,1992.3
LU,SITC0_1,food_drinks_tobacco,2007,export,733.3
LV,SITC0_1,food_drinks_tobacco,2007,export,792.5
MT,SITC0_1,food_drinks_tobacco,2007,export,156.6
NL,SITC0_1,food_drinks_tobacco,2007,export,46798.9
PL,SITC0_1,food_drinks_tobacco,2007,export,9450.5
PT,SITC0_1,food_drinks_tobacco,2007,export,3307.7
RO,SITC0_1,food_drinks_tobacco,2007,export,853.9
SE,SITC0_1,food_drinks_tobacco,2007,export,4290.8
SI,SITC0_1,food_drinks_tobacco,2007,export,867.2
SK,SITC0_1,food_drinks_tobacco,2007,export,1590.9
AT,SITC2_4,raw_materials,2007,export,3970.1
BE,SITC2_4,raw_materials,2007,export,8898.7
BG,SITC2_4,raw_materials,2007,export,944.8
CY,SITC2_4,raw_materials,2007,export,57.7
CZ,SITC2_4,raw_materials,2007,export,2406.6
DE,SITC2_4,raw_materials,2007,export,20476.8
DK,SITC2_4,raw_materials,2007,export,2990.8
EE,SITC2_4,raw_materials,2007,export,797.4
EL,SITC2_4,raw_materials,2007,export,1225.6
ES,SITC2_4,raw_materials,2007,export,6337.8
FI,SITC2_4,raw_materials,2007,export,3902.5
FR,SITC2_4,raw_materials,2007,export,10475.3
HR,SITC2_4,raw_materials,2007,export,590.9
HU,SITC2_4,raw_materials,2007,export,1317.3
IE,SITC2_4,raw_materials,2007,export,1687.9
IT,SITC2_4,raw_materials,2007,export,5803.4
LT,SITC2_4,raw_materials,2007,export,728.1
LU,SITC2_4,raw_materials,2007,export,215.7
LV,SITC2_4,raw_materials,2007,export,1137.7
MT,SITC2_4,raw_materials,2007,export,14.2
NL,SITC2_4,raw_materials,2007,export,23792.1
PL,SITC2_4,raw_materials,2007,export,2566.2
PT,SITC2_4,raw_materials,2007,export,2267.9
RO,SITC2_4,raw_materials,2007,export,1636.1
SE,SITC2_4,raw_materials,2007,export,7782.1
SI,SITC2_4,raw_materials,2007,export,715.5
SK,SITC2_4,raw_materials,2007,export,995.1
AT,SITC3,mineral_fuels,2007,export,3210.2
BE,SITC3,mineral_fuels,2007,export,22097.3
BG,SITC3,mineral_fuels,2007,export,1995.3
CY,SITC3,mineral_fuels,2007,export,168.4
CZ,SITC3,mineral_fuels,2007,export,2438.3
DE,SITC3,mineral_fuels,2007,export,23090.3
DK,SITC3,mineral_fuels,2007,export,7869.0
EE,SITC3,mineral_fuels,2007,export,1001.9
EL,SITC3,mineral_fuels,2007,export,3271.0
ES,SITC3,mineral_fuels,2007,export,10163.9
FI,SITC3,mineral_fuels,2007,export,3622.4
FR,SITC3,mineral_fuels,2007,export,17108.8
HR,SITC3,mineral_fuels,2007,export,1165.0
HU,SITC3,mineral_fuels,2007,export,2004.4
IE,SITC3,mineral_fuels,2007,export,686.6
IT,SITC3,mineral_fuels,2007,export,14451.8
LT,SITC3,mineral_fuels,2007,export,1680.3
LU,SITC3,mineral_fuels,2007,export,89.6
LV,SITC3,mineral_fuels,2007,export,223.6
MT,SITC3,mineral_fuels,2007,export,287.7
NL,SITC3,mineral_fuels,2007,export,53140.7
PL,SITC3,mineral_fuels,2007,export,3899.4
PT,SITC3,mineral_fuels,2007,export,1724.6
RO,SITC3,mineral_fuels,2007,export,2235.1
SE,SITC3,mineral_fuels,2007,export,6773.6
SI,SITC3,mineral_fuels,2007,export,429.2
SK,SITC3,mineral_fuels,2007,export,1993.9
AT,SITC5,chemicals,2007,export,12407.6
BE,SITC5,chemicals,2007,export,91020.9
BG,SITC5,chemicals,2007,export,1050.1
CY,SITC5,chemicals,2007,export,161.9
CZ,SITC5,chemicals,2007,export,5192.8
DE,SITC5,chemicals,2007,export,139634.1
DK,SITC5,chemicals,2007,export,10106.2
EE,SITC5,chemicals,2007,export,447.4
EL,SITC5,chemicals,2007,export,2485.1
ES,SITC5,chemicals,2007,export,23769.6
FI,SITC5,chemicals,2007,export,4986.1
FR,SITC5,chemicals,2007,export,69803.9
HR,SITC5,chemicals,2007,export,849.2
HU,SITC5,chemicals,2007,export,5705.1
IE,SITC5,chemicals,2007,export,43182.2
IT,SITC5,chemicals,2007,export,38671.5
LT,SITC5,chemicals,2007,export,1684.6
LU,SITC5,chemicals,2007,export,911.3
LV,SITC5,chemicals,2007,export,508.4
MT,SITC5,chemicals,2007,export,201.2
NL,SITC5,chemicals,2007,export,63144.5
PL,SITC5,chemicals,2007,export,7508.4
PT,SITC5,chemicals,2007,export,2956.3
RO,SITC5,chemicals,2007,export,1695.3
SE,SITC5,chemicals,2007,export,13648.6
SI,SITC5,chemicals,2007,export,2789.2
SK,SITC5,chemicals,2007,export,2100.1
AT,SITC6_8,other_manufactured,2007,export,41968.9
BE,SITC6_8,other_manufactured,2007,export,92144.7
BG,SITC6_8,other_manufactured,2007,export,6496.8
CY,SITC6_8,other_manufactured,2007,export,169.4
CZ,SITC6_8,other_manufactured,2007,export,27722.8
DE,SITC6_8,other_manufactured,2007,export,240534.4
DK,SITC6_8,other_manufactured,2007,export,19915.3
EE,SITC6_8,other_manufactured,2007,export,2735.1
EL,SITC6_8,other_manufactured,2007,export,6584.0
ES,SITC6_8,other_manufactured,2007,export,48758.1
FI,SITC6_8,other_manufactured,2007,export,23724.4
FR,SITC6_8,other_manufactured,2007,export,99246.3
HR,SITC6_8,other_manufactured,2007,export,2698.1
HU,SITC6_8,other_manufactured,2007,export,12801.3
IE,SITC6_8,other_manufactured,2007,export,10304.5
IT,SITC6_8,other_manufactured,2007,export,142632.2
LT,SITC6_8,other_manufactured,2007,export,3517.5
LU,SITC6_8,other_manufactured,2007,export,7153.7
LV,SITC6_8,other_manufactured,2007,export,2221.1
MT,SITC6_8,other_manufactured,2007,export,463.5
NL,SITC6_8,other_manufactured,2007,export,81840.6
PL,SITC6_8,other_manufactured,2007,export,36993.0
PT,SITC6_8,other_manufactured,2007,export,15663.7
RO,SITC6_8,other_manufactured,2007,export,13057.4
SE,SITC6_8,other_manufactured,2007,export,36147.3
SI,SITC6_8,other_manufactured,2007,export,8060.1
SK,SITC6_8,other_manufactured,2007,export,13336.8
AT,SITC7,machinery_transport,2007,export,49976.6
BE,SITC7,machinery_transport,2007,export,75065.7
BG,SITC7,machinery_transport,2007,export,2018.8
CY,SITC7,machinery_transport,2007,export,251.9
CZ,SITC7,machinery_transport,2007,export,48475.7
DE,SITC7,machinery_transport,2007,export,487983.8
DK,SITC7,machinery_transport,2007,export,20153.4
EE,SITC7,machinery_transport,2007,export,2366.6
EL,SITC7,machinery_transport,2007,export,2262.0
ES,SITC7,machinery_transport,2007,export,71397.0
FI,SITC7,machinery_transport,2007,export,28160.8
FR,SITC7,machinery_transport,2007,export,162664.2
HR,SITC7,machinery_transport,2007,export,2793.3
HU,SITC7,machinery_transport,2007,export,43386.4
IE,SITC7,machinery_transport,2007,export,21425.1
IT,SITC7,machinery_transport,2007,export,139136.0
LT,SITC7,machinery_transport,2007,export,2903.2
LU,SITC7,machinery_transport,2007,export,7548.7
LV,SITC7,machinery_transport,2007,export,1175.1
MT,SITC7,machinery_transport,2007,export,1368.0
NL,SITC7,machinery_transport,2007,export,131798.6
PL,SITC7,machinery_transport,2007,export,41805.7
PT,SITC7,machinery_transport,2007,export,12337.2
RO,SITC7,machinery_transport,2007,export,10064.8
SE,SITC7,machinery_transport,2007,export,54203.2
SI,SITC7,machinery_transport,2007,export,9107.8
SK,SITC7,machinery_transport,2007,export,22579.6
AT,SITC9,unclassified,2007,export,385.5
BE,SITC9,unclassified,2007,export,771.3
BG,SITC9,unclassified,2007,export,7.0
CY,SITC9,unclassified,2007,export,2.2
CZ,SITC9,unclassified,2007,export,30.0
DE,SITC9,unclassified,2007,export,8826.5
DK,SITC9,unclassified,2007,export,1224.8
EE,SITC9,unclassified,2007,export,21.4
EL,SITC9,unclassified,2007,export,184.6
ES,SITC9,unclassified,2007,export,1662.1
FI,SITC9,unclassified,2007,export,27.7
FR,SITC9,unclassified,2007,export,6530.2
HR,SITC9,unclassified,2007,export,3.4
HU,SITC9,unclassified,2007,export,43.3
IE,SITC9,unclassified,2007,export,2704.4
IT,SITC9,unclassified,2007,export,2059.1
LT,SITC9,unclassified,2007,export,3.4
LU,SITC9,unclassified,2007,export,81.3
LV,SITC9,unclassified,2007,export,3.9
MT,SITC9,unclassified,2007,export,16.6
NL,SITC9,unclassified,2007,export,1385.3
PL,SITC9,unclassified,2007,export,36.1
PT,SITC9,unclassified,2007,export,36.6
RO,SITC9,unclassified,2007,export,0.0
SE,SITC9,unclassified,2007,export,333.7
SI,SITC9,unclassified,2007,export,10.5
SK,SITC9,unclassified,2007,export,100.1
AT,SITC0_1,food_drinks_tobacco,2007,import,7321.6
BE,SITC0_1,food_drinks_tobacco,2007,import,21020.9
BG,SITC0_1,food_drinks_tobacco,2007,import,1174.6
CY,SITC0_1,food_drinks_tobacco,2007,import,755.2
CZ,SITC0_1,food_drinks_tobacco,2007,import,4281.8
DE,SITC0_1,food_drinks_tobacco,2007,import,50602.0
DK,SITC0_1,food_drinks_tobacco,2007,import,8040.7
EE,SITC0_1,food_drinks_tobacco,2007,import,988.7
EL,SITC0_1,food_drinks_tobacco,2007,import,6013.1
ES,SITC0_1,food_drinks_tobacco,2007,import,22925.1
FI,SITC0_1,food_drinks_tobacco,2007,import,2824.2
FR,SITC0_1,food_drinks_tobacco,2007,import,32877.3
HR,SITC0_1,food_drinks_tobacco,2007,import,1433.6
HU,SITC0_1,food_drinks_tobacco,2007,import,2919.6
IE,SITC0_1,food_drinks_tobacco,2007,import,5463.9
IT,SITC0_1,food_drinks_tobacco,2007,import,28270.5
LT,SITC0_1,food_drinks_tobacco,2007,import,1582.4
LU,SITC0_1,food_drinks_tobacco,2007,import,1603.4
LV,SITC0_1,food_drinks_tobacco,2007,import,1141.5
MT,SITC0_1,food_drinks_tobacco,2007,import,449.3
NL,SITC0_1,food_drinks_tobacco,2007,import,28942.4
PL,SITC0_1,food_drinks_tobacco,2007,import,7091.5
PT,SITC0_1,food_drinks_tobacco,2007,import,6583.4
RO,SITC0_1,food_drinks_tobacco,2007,import,2974.6
SE,SITC0_1,food_drinks_tobacco,2007,import,7889.4
SI,SITC0_1,food_drinks_tobacco,2007,import,1538.1
SK,SITC0_1,food_drinks_tobacco,2007,import,2247.1
AT,SITC2_4,raw_materials,2007,import,5126.9
BE,SITC2_4,raw_materials,2007,import,15065.4
BG,SITC2_4,raw_materials,2007,import,1691.6
CY,SITC2_4,raw_materials,2007,import,119.1
CZ,SITC2_4,raw_materials,2007,import,2213.9
DE,SITC2_4,raw_materials,2007,import,33251.7
DK,SITC2_4,raw_materials,2007,import,2553.0
EE,SITC2_4,raw_materials,2007,import,467.7
EL,SITC2_4,raw_materials,2007,import,1877.3
ES,SITC2_4,raw_materials,2007,import,12369.8
FI,SITC2_4,raw_materials,2007,import,6425.6
FR,SITC2_4,raw_materials,2007,import,12442.4
HR,SITC2_4,raw_materials,2007,import,371.1
HU,SITC2_4,raw_materials,2007,import,1289.9
IE,SITC2_4,raw_materials,2007,import,1271.7
IT,SITC2_4,raw_materials,2007,import,18695.0
LT,SITC2_4,raw_materials,2007,import,647.9
LU,SITC2_4,raw_materials,2007,import,1310.5
LV,SITC2_4,raw_materials,2007,import,514.6
MT,SITC2_4,raw_materials,2007,import,35.2
NL,SITC2_4,raw_materials,2007,import,18251.8
PL,SITC2_4,raw_materials,2007,import,3978.2
PT,SITC2_4,raw_materials,2007,import,2261.5
RO,SITC2_4,raw_materials,2007,import,1491.4
SE,SITC2_4,raw_materials,2007,import,4442.6
SI,SITC2_4,raw_materials,2007,import,1286.9
SK,SITC2_4,raw_materials,2007,import,1326.8
AT,SITC3,mineral_fuels,2007,import,11156.5
BE,SITC3,mineral_fuels,2007,import,34653.6
BG,SITC3,mineral_fuels,2007,import,4348.1
CY,SITC3,mineral_fuels,2007,import,1067.5
CZ,SITC3,mineral_fuels,2007,import,6901.7
DE,SITC3,mineral_fuels,2007,import,83319.4
DK,SITC3,mineral_fuels,2007,import,3630.6
EE,SITC3,mineral_fuels,2007,import,1579.3
EL,SITC3,mineral_fuels,2007,import,9915.9
ES,SITC3,mineral_fuels,2007,import,42427.9
FI,SITC3,mineral_fuels,2007,import,8280.6
FR,SITC3,mineral_fuels,2007,import,60472.8
HR,SITC3,mineral_fuels,2007,import,2862.3
HU,SITC3,mineral_fuels,2007,import,6623.5
IE,SITC3,mineral_fuels,2007,import,5329.7
IT,SITC3,mineral_fuels,2007,import,60711.3
LT,SITC3,mineral_fuels,2007,import,2891.6
LU,SITC3,mineral_fuels,2007,import,2057.1
LV,SITC3,mineral_fuels,2007,import,1202.7
MT,SITC3,mineral_fuels,2007,import,371.2
NL,SITC3,mineral_fuels,2007,import,60465.0
PL,SITC3,mineral_fuels,2007,import,12005.2
PT,SITC3,mineral_fuels,2007,import,8092.8
RO,SITC3,mineral_fuels,2007,import,5501.1
SE,SITC3,mineral_fuels,2007,import,12391.9
SI,SITC3,mineral_fuels,2007,import,2071.5
SK,SITC3,mineral_fuels,2007,import,4737.2
AT,SITC5,chemicals,2007,import,13052.5
BE,SITC5,chemicals,2007,import,72695.5
BG,SITC5,chemicals,2007,import,1922.6
CY,SITC5,chemicals,2007,import,574.3
CZ,SITC5,chemicals,2007,import,8951.7
DE,SITC5,chemicals,2007,import,98731.2
DK,SITC5,chemicals,2007,import,7833.1
EE,SITC5,chemicals,2007,import,1056.6
EL,SITC5,chemicals,2007,import,8099.1
ES,SITC5,chemicals,2007,import,31870.2
FI,SITC5,chemicals,2007,import,6157.3
FR,SITC5,chemicals,2007,import,59878.7
HR,SITC5,chemicals,2007,import,2068.2
HU,SITC5,chemicals,2007,import,6557.8
IE,SITC5,chemicals,2007,import,8089.5
IT,SITC5,chemicals,2007,import,48310.0
LT,SITC5,chemicals,2007,import,2277.8
LU,SITC5,chemicals,2007,import,1711.0
LV,SITC5,chemicals,2007,import,1140.1
MT,SITC5,chemicals,2007,import,336.4
NL,SITC5,chemicals,2007,import,44704.2
PL,SITC5,chemicals,2007,import,15700.0
PT,SITC5,chemicals,2007,import,6623.2
RO,SITC5,chemicals,2007,import,5255.5
SE,SITC5,chemicals,2007,import,12033.0
SI,SITC5,chemicals,2007,import,2638.6
SK,SITC5,chemicals,2007,import,3880.1
AT,SITC6_8,other_manufactured,2007,import,37703.0
BE,SITC6_8,other_manufactured,2007,import,79967.1
BG,SITC6_8,other_manufactured,2007,import,6075.4
CY,SITC6_8,other_manufactured,2007,import,1939.4
CZ,SITC6_8,other_manufactured,2007,import,26722.8
DE,SITC6_8,other_manufactured,2007,import,207337.5
DK,SITC6_8,other_manufactured,2007,import,23508.7
EE,SITC6_8,other_manufactured,2007,import,3236.2
EL,SITC6_8,other_manufactured,2007,import,16314.2
ES,SITC6_8,other_manufactured,2007,import,69361.6
FI,SITC6_8,other_manufactured,2007,import,13096.6
FR,SITC6_8,other_manufactured,2007,import,128101.0
HR,SITC6_8,other_manufactured,2007,import,5956.2
HU,SITC6_8,other_manufactured,2007,import,15590.2
IE,SITC6_8,other_manufactured,2007,import,13688.7
IT,SITC6_8,other_manufactured,2007,import,105864.6
LT,SITC6_8,other_manufactured,2007,import,4314.1
LU,SITC6_8,other_manufactured,2007,import,4806.4
LV,SITC6_8,other_manufactured,2007,import,3273.9
MT,SITC6_8,other_manufactured,2007,import,758.4
NL,SITC6_8,other_manufactured,2007,import,86789.5
PL,SITC6_8,other_manufactured,2007,import,36000.0
PT,SITC6_8,other_manufactured,2007,import,16717.0
RO,SITC6_8,other_manufactured,2007,import,16409.6
SE,SITC6_8,other_manufactured,2007,import,31655.3
SI,SITC6_8,other_manufactured,2007,import,7254.9
SK,SITC6_8,other_manufactured,2007,import,12446.7
AT,SITC7,machinery_transport,2007,import,44036.6
BE,SITC7,machinery_transport,2007,import,76585.4
BG,SITC7,machinery_transport,2007,import,6644.4
CY,SITC7,machinery_transport,2007,import,1824.8
CZ,SITC7,machinery_transport,2007,import,37104.2
DE,SITC7,machinery_transport,2007,import,288923.3
DK,SITC7,machinery_transport,2007,import,25352.1
EE,SITC7,machinery_transport,2007,import,4096.7
EL,SITC7,machinery_transport,2007,import,18648.9
ES,SITC7,machinery_transport,2007,import,103846.5
FI,SITC7,machinery_transport,2007,import,22810.1
FR,SITC7,machinery_transport,2007,import,164268.3
HR,SITC7,machinery_transport,2007,import,6128.7
HU,SITC7,machinery_transport,2007,import,36623.9
IE,SITC7,machinery_transport,2007,import,23601.3
IT,SITC7,machinery_transport,2007,import,107584.3
LT,SITC7,machinery_transport,2007,import,6058.8
LU,SITC7,machinery_transport,2007,import,8893.6
LV,SITC7,machinery_transport,2007,import,3905.6
MT,SITC7,machinery_transport,2007,import,1516.5
NL,SITC7,machinery_transport,2007,import,119547.5
PL,SITC7,machinery_transport,2007,import,43069.2
PT,SITC7,machinery_transport,2007,import,19606.0
RO,SITC7,machinery_transport,2007,import,19673.0
SE,SITC7,machinery_transport,2007,import,43303.3
SI,SITC7,machinery_transport,2007,import,8225.8
SK,SITC7,machinery_transport,2007,import,19504.7
AT,SITC9,unclassified,2007,import,564.7
BE,SITC9,unclassified,2007,import,309.7
BG,SITC9,unclassified,2007,import,4.8
CY,SITC9,unclassified,2007,import,5.4
CZ,SITC9,unclassified,2007,import,47.2
DE,SITC9,unclassified,2007,import,7614.3
DK,SITC9,unclassified,2007,import,608.2
EE,SITC9,unclassified,2007,import,13.9
EL,SITC9,unclassified,2007,import,990.4
ES,SITC9,unclassified,2007,import,1256.7
FI,SITC9,unclassified,2007,import,21.6
FR,SITC9,unclassified,2007,import,2274.2
HR,SITC9,unclassified,2007,import,12.8
HU,SITC9,unclassified,2007,import,125.3
IE,SITC9,unclassified,2007,import,3716.8
IT,SITC9,unclassified,2007,import,3904.1
LT,SITC9,unclassified,2007,import,40.0
LU,SITC9,unclassified,2007,import,69.6
LV,SITC9,unclassified,2007,import,1.2
MT,SITC9,unclassified,2007,import,36.5
NL,SITC9,unclassified,2007,import,742.2
PL,SITC9,unclassified,2007,import,3067.8
PT,SITC9,unclassified,2007,import,42.7
RO,SITC9,unclassified,2007,import,0.0
SE,SITC9,unclassified,2007,import,87.7
SI,SITC9,unclassified,2007,import,22.6
SK,SITC9,unclassified,2007,import,86.8
AT,SITC0_1,food_drinks_tobacco,2008,balance,107.8
BE,SITC0_1,food_drinks_tobacco,2008,balance,3411.3
BG,SITC0_1,food_drinks_tobacco,2008,balance,-57.9
CY,SITC0_1,food_drinks_tobacco,2008,balance,-680.0
CZ,SITC0_1,food_drinks_tobacco,2008,balance,-942.8
DE,SITC0_1,food_drinks_tobacco,2008,balance,-5524.1
DK,SITC0_1,food_drinks_tobacco,2008,balance,4951.9
EE,SITC0_1,food_drinks_tobacco,2008,balance,-326.6
EL,SITC0_1,food_drinks_tobacco,2008,balance,-2673.3
ES,SITC0_1,food_drinks_tobacco,2008,balance,1048.6
FI,SITC0_1,food_drinks_tobacco,2008,balance,-1823.4
FR,SITC0_1,food_drinks_tobacco,2008,balance,10060.2
HR,SITC0_1,food_drinks_tobacco,2008,balance,-715.4
HU,SITC0_1,food_drinks_tobacco,2008,balance,1496.6
IE,SITC0_1,food_drinks_tobacco,2008,balance,2483.0
IT,SITC0_1,food_drinks_tobacco,2008,balance,-5271.3
LT,SITC0_1,food_drinks_tobacco,2008,balance,292.0
LU,SITC0_1,food_drinks_tobacco,2008,balance,-900.3
LV,SITC0_1,food_drinks_tobacco,2008,balance,-309.1
MT,SITC0_1,food_drinks_tobacco,2008,balance,-325.3
NL,SITC0_1,food_drinks_tobacco,2008,balance,18175.7
PL,SITC0_1,food_drinks_tobacco,2008,balance,2123.1
PT,SITC0_1,food_drinks_tobacco,2008,balance,-3244.1
RO,SITC0_1,food_drinks_tobacco,2008,balance,-2181.9
SE,SITC0_1,food_drinks_tobacco,2008,balance,-3822.6
SI,SITC0_1,food_drinks_tobacco,2008,balance,-734.9
SK,SITC0_1,food_drinks_tobacco,2008,balance,-880.4
AT,SITC2_4,raw_materials,2008,balance,-1699.3
BE,SITC2_4,raw_materials,2008,balance,-5092.4
BG,SITC2_4,raw_materials,2008,balance,-717.2
CY,SITC2_4,raw_materials,2008,balance,-63.8
CZ,SITC2_4,raw_materials,2008,balance,-21.2
DE,SITC2_4,raw_materials,2008,balance,-13263.2
DK,SITC2_4,raw_materials,2008,balance,632.4
EE,SITC2_4,raw_materials,2008,balance,444.3
EL,SITC2_4,raw_materials,2008,balance,-825.8
ES,SITC2_4,raw_materials,2008,balance,-6320.4
FI,SITC2_4,raw_materials,2008,balance,-2203.5
FR,SITC2_4,raw_materials,2008,balance,-3055.9
HR,SITC2_4,raw_materials,2008,balance,99.6
HU,SITC2_4,raw_materials,2008,balance,175.1
IE,SITC2_4,raw_materials,2008,balance,345.8
IT,SITC2_4,raw_materials,2008,balance,-13283.7
LT,SITC2_4,raw_materials,2008,balance,-213.1
LU,SITC2_4,raw_materials,2008,balance,-1210.3
LV,SITC2_4,raw_materials,2008,balance,516.5
MT,SITC2_4,raw_materials,2008,balance,-21.6
NL,SITC2_4,raw_materials,2008,balance,4525.0
PL,SITC2_4,raw_materials,2008,balance,-2055.8
PT,SITC2_4,raw_materials,2008,balance,-443.1
RO,SITC2_4,raw_materials,2008,balance,200.7
SE,SITC2_4,raw_materials,2008,balance,3405.1
SI,SITC2_4,raw_materials,2008,balance,-552.8
SK,SITC2_4,raw_materials,2008,balance,-303.3
AT,SITC3,mineral_fuels,2008,balance,-10197.4
BE,SITC3,mineral_fuels,2008,balance,-18745.8
BG,SITC3,mineral_fuels,2008,balance,-2981.6
CY,SITC3,mineral_fuels,2008,balance,-1221.8
CZ,SITC3,mineral_fuels,2008,balance,-6649.1
DE,SITC3,mineral_fuels,2008,balance,-87819.1
DK,SITC3,mineral_fuels,2008,balance,3963.1
EE,SITC3,mineral_fuels,2008,balance,-680.6
EL,SITC3,mineral_fuels,2008,balance,-9272.8
ES,SITC3,mineral_fuels,2008,balance,-40702.7
FI,SITC3,mineral_fuels,2008,balance,-6415.4
FR,SITC3,mineral_fuels,2008,balance,-56505.8
HR,SITC3,mineral_fuels,2008,balance,-2437.2
HU,SITC3,mineral_fuels,2008,balance,-6660.7
IE,SITC3,mineral_fuels,2008,balance,-5742.6
IT,SITC3,mineral_fuels,2008,balance,-58360.7
LT,SITC3,mineral_fuels,2008,balance,-1870.3
LU,SITC3,mineral_fuels,2008,balance,-2519.3
LV,SITC3,mineral_fuels,2008,balance,-1345.9
MT,SITC3,mineral_fuels,2008,balance,-142.8
NL,SITC3,mineral_fuels,2008,balance,-4360.2
PL,SITC3,mineral_fuels,2008,balance,-11090.2
PT,SITC3,mineral_fuels,2008,balance,-8204.3
RO,SITC3,mineral_fuels,2008,balance,-4031.3
SE,SITC3,mineral_fuels,2008,balance,-6743.4
SI,SITC3,mineral_fuels,2008,balance,-2338.3
SK,SITC3,mineral_fuels,2008,balance,-3860.7
AT,SITC5,chemicals,2008,balance,-450.6
BE,SITC5,chemicals,2008,balance,18689.7
BG,SITC5,chemicals,2008,balance,-985.0
CY,SITC5,chemicals,2008,balance,-449.6
CZ,SITC5,chemicals,2008,balance,-3943.5
DE,SITC5,chemicals,2008,balance,46971.0
DK,SITC5,chemicals,2008,balance,2232.3
EE,SITC5,chemicals,2008,balance,-614.4
EL,SITC5,chemicals,2008,balance,-6197.0
ES,SITC5,chemicals,2008,balance,-9484.2
FI,SITC5,chemicals,2008,balance,-1172.4
FR,SITC5,chemicals,2008,balance,11558.7
HR,SITC5,chemicals,2008,balance,-1258.6
HU,SITC5,chemicals,2008,balance,-1116.3
IE,SITC5,chemicals,2008,balance,35819.2
IT,SITC5,chemicals,2008,balance,-9230.9
LT,SITC5,chemicals,2008,balance,-234.6
LU,SITC5,chemicals,2008,balance,-860.5
LV,SITC5,chemicals,2008,balance,-670.6
MT,SITC5,chemicals,2008,balance,-126.4
NL,SITC5,chemicals,2008,balance,17712.1
PL,SITC5,chemicals,2008,balance,-9407.2
PT,SITC5,chemicals,2008,balance,-3998.8
RO,SITC5,chemicals,2008,balance,-4152.9
SE,SITC5,chemicals,2008,balance,841.5
SI,SITC5,chemicals,2008,balance,325.5
SK,SITC5,chemicals,2008,balance,-1984.9
AT,SITC6_8,other_manufactured,2008,balance,5555.4
BE,SITC6_8,other_manufactured,2008,balance,10272.6
BG,SITC6_8,other_manufactured,2008,balance,-114.7
CY,SITC6_8,other_manufactured,2008,balance,-1944.2
CZ,SITC6_8,other_manufactured,2008,balance,1036.9
DE,SITC6_8,other_manufactured,2008,balance,33120.9
DK,SITC6_8,other_manufactured,2008,balance,-3285.7
EE,SITC6_8,other_manufactured,2008,balance,-210.4
EL,SITC6_8,other_manufactured,2008,balance,-9965.3
ES,SITC6_8,other_manufactured,2008,balance,-15625.1
FI,SITC6_8,other_manufactured,2008,balance,8658.7
FR,SITC6_8,other_manufactured,2008,balance,-30796.8
HR,SITC6_8,other_manufactured,2008,balance,-3388.5
HU,SITC6_8,other_manufactured,2008,balance,-2400.1
IE,SITC6_8,other_manufactured,2008,balance,-1724.5
IT,SITC6_8,other_manufactured,2008,balance,38273.6
LT,SITC6_8,other_manufactured,2008,balance,-430.7
LU,SITC6_8,other_manufactured,2008,balance,2337.6
LV,SITC6_8,other_manufactured,2008,balance,-601.5
MT,SITC6_8,other_manufactured,2008,balance,-326.0
NL,SITC6_8,other_manufactured,2008,balance,-6322.1
PL,SITC6_8,other_manufactured,2008,balance,511.3
PT,SITC6_8,other_manufactured,2008,balance,-1356.2
RO,SITC6_8,other_manufactured,2008,balance,-4844.3
SE,SITC6_8,other_manufactured,2008,balance,5502.1
SI,SITC6_8,other_manufactured,2008,balance,694.6
SK,SITC6_8,other_manufactured,2008,balance,834.5
AT,SITC7,machinery_transport,2008,balance,5663.9
BE,SITC7,machinery_transport,2008,balance,-4319.9
BG,SITC7,machinery_transport,2008,balance,-5016.6
CY,SITC7,machinery_transport,2008,balance,-1769.5
CZ,SITC7,machinery_transport,2008,balance,13785.5
DE,SITC7,machinery_transport,2008,balance,203104.4
DK,SITC7,machinery_transport,2008,balance,-3973.9
EE,SITC7,machinery_transport,2008,balance,-1038.6
EL,SITC7,machinery_transport,2008,balance,-15332.1
ES,SITC7,machinery_transport,2008,balance,-24417.4
FI,SITC7,machinery_transport,2008,balance,6147.9
FR,SITC7,machinery_transport,2008,balance,-3322.8
HR,SITC7,machinery_transport,2008,balance,-3526.5
HU,SITC7,machinery_transport,2008,balance,8291.3
IE,SITC7,machinery_transport,2008,balance,-1727.5
IT,SITC7,machinery_transport,2008,balance,36037.6
LT,SITC7,machinery_transport,2008,balance,-2553.7
LU,SITC7,machinery_transport,2008,balance,-1238.7
LV,SITC7,machinery_transport,2008,balance,-1669.4
MT,SITC7,machinery_transport,2008,balance,-284.0
NL,SITC7,machinery_transport,2008,balance,8321.6
PL,SITC7,machinery_transport,2008,balance,-2341.0
PT,SITC7,machinery_transport,2008,balance,-8124.8
RO,SITC7,machinery_transport,2008,balance,-8459.3
SE,SITC7,machinery_transport,2008,balance,10595.9
SI,SITC7,machinery_transport,2008,balance,669.1
SK,SITC7,machinery_transport,2008,balance,4317.8
AT,SITC9,unclassified,2008,balance,-1022.4
BE,SITC9,unclassified,2008,balance,-453.8
BG,SITC9,unclassified,2008,balance,-16.9
CY,SITC9,unclassified,2008,balance,2.8
CZ,SITC9,unclassified,2008,balance,-28.6
DE,SITC9,unclassified,2008,balance,935.5
DK,SITC9,unclassified,2008,balance,620.2
EE,SITC9,unclassified,2008,balance,-0.1
EL,SITC9,unclassified,2008,balance,-35.4
ES,SITC9,unclassified,2008,balance,784.2
FI,SITC9,unclassified,2008,balance,-13.9
FR,SITC9,unclassified,2008,balance,3694.9
HR,SITC9,unclassified,2008,balance,-5.4
HU,SITC9,unclassified,2008,balance,-82.4
IE,SITC9,unclassified,2008,balance,-1064.3
IT,SITC9,unclassified,2008,balance,-1199.3
LT,SITC9,unclassified,2008,balance,-56.8
LU,SITC9,unclassified,2008,balance,-2.5
LV,SITC9,unclassified,2008,balance,1.8
MT,SITC9,unclassified,2008,balance,-10.5
NL,SITC9,unclassified,2008,balance,689.4
PL,SITC9,unclassified,2008,balance,-3811.9
PT,SITC9,unclassified,2008,balance,24.8
RO,SITC9,unclassified,2008,balance,0.0
SE,SITC9,unclassified,2008,balance,300.8
SI,SITC9,unclassified,2008,balance,-39.3
SK,SITC9,unclassified,2008,balance,-5.9
AT,SITC0_1,food_drinks_tobacco,2008,export,8066.8
BE,SITC0_1,food_drinks_tobacco,2008,export,26494.1
BG,SITC0_1,food_drinks_tobacco,2008,export,1537.7
CY,SITC0_1,food_drinks_tobacco,2008,export,215.8
CZ,SITC0_1,food_drinks_tobacco,2008,export,3785.3
DE,SITC0_1,food_drinks_tobacco,2008,export,48119.6
DK,SITC0_1,food_drinks_tobacco,2008,export,13561.8
EE,SITC0_1,food_drinks_tobacco,2008,export,705.7
EL,SITC0_1,food_drinks_tobacco,2008,export,3658.5
ES,SITC0_1,food_drinks_tobacco,2008,export,24679.6
FI,SITC0_1,food_drinks_tobacco,2008,export,1317.5
FR,SITC0_1,food_drinks_tobacco,2008,export,45479.8
HR,SITC0_1,food_drinks_tobacco,2008,export,895.3
HU,SITC0_1,food_drinks_tobacco,2008,export,4922.8
IE,SITC0_1,food_drinks_tobacco,2008,export,7993.4
IT,SITC0_1,food_drinks_tobacco,2008,export,23968.7
LT,SITC0_1,food_drinks_tobacco,2008,export,2383.7
LU,SITC0_1,food_drinks_tobacco,2008,export,785.4
LV,SITC0_1,food_drinks_tobacco,2008,export,1047.9
MT,SITC0_1,food_drinks_tobacco,2008,export,161.3
NL,SITC0_1,food_drinks_tobacco,2008,export,50817.6
PL,SITC0_1,food_drinks_tobacco,2008,export,10898.7
PT,SITC0_1,food_drinks_tobacco,2008,export,3759.0
RO,SITC0_1,food_drinks_tobacco,2008,export,1582.3
SE,SITC0_1,food_drinks_tobacco,2008,export,4740.3
SI,SITC0_1,food_drinks_tobacco,2008,export,992.0
SK,SITC0_1,food_drinks_tobacco,2008,export,1671.7
AT,SITC2_4,raw_materials,2008,export,3926.4
BE,SITC2_4,raw_materials,2008,export,9137.6
BG,SITC2_4,raw_materials,2008,export,1068.1
CY,SITC2_4,raw_materials,2008,export,60.8
CZ,SITC2_4,raw_materials,2008,export,2743.0
DE,SITC2_4,raw_materials,2008,export,20910.3
DK,SITC2_4,raw_materials,2008,export,3220.4
EE,SITC2_4,raw_materials,2008,export,806.8
EL,SITC2_4,raw_materials,2008,export,1222.2
ES,SITC2_4,raw_materials,2008,export,6727.8
FI,SITC2_4,raw_materials,2008,export,3311.2
FR,SITC2_4,raw_materials,2008,export,10978.7
HR,SITC2_4,raw_materials,2008,export,607.1
HU,SITC2_4,raw_materials,2008,export,1672.8
IE,SITC2_4,raw_materials,2008,export,1385.8
IT,SITC2_4,raw_materials,2008,export,5917.4
LT,SITC2_4,raw_materials,2008,export,710.0
LU,SITC2_4,raw_materials,2008,export,223.9
LV,SITC2_4,raw_materials,2008,export,1003.7
MT,SITC2_4,raw_materials,2008,export,13.0
NL,SITC2_4,raw_materials,2008,export,25576.6
PL,SITC2_4,raw_materials,2008,export,2824.7
PT,SITC2_4,raw_materials,2008,export,2202.7
RO,SITC2_4,raw_materials,2008,export,2030.1
SE,SITC2_4,raw_materials,2008,export,7619.0
SI,SITC2_4,raw_materials,2008,export,763.0
SK,SITC2_4,raw_materials,2008,export,1320.8
AT,SITC3,mineral_fuels,2008,export,4151.1
BE,SITC3,mineral_fuels,2008,export,29973.8
BG,SITC3,mineral_fuels,2008,export,2500.0
CY,SITC3,mineral_fuels,2008,export,230.5
CZ,SITC3,mineral_fuels,2008,export,3390.1
DE,SITC3,mineral_fuels,2008,export,26500.3
DK,SITC3,mineral_fuels,2008,export,9497.0
EE,SITC3,mineral_fuels,2008,export,1026.2
EL,SITC3,mineral_fuels,2008,export,4576.2
ES,SITC3,mineral_fuels,2008,export,14223.3
FI,SITC3,mineral_fuels,2008,export,4608.5
FR,SITC3,mineral_fuels,2008,export,23026.9
HR,SITC3,mineral_fuels,2008,export,1222.1
HU,SITC3,mineral_fuels,2008,export,2749.0
IE,SITC3,mineral_fuels,2008,export,832.1
IT,SITC3,mineral_fuels,2008,export,18455.7
LT,SITC3,mineral_fuels,2008,export,3966.9
LU,SITC3,mineral_fuels,2008,export,101.5
LV,SITC3,mineral_fuels,2008,export,245.5
MT,SITC3,mineral_fuels,2008,export,345.6
NL,SITC3,mineral_fuels,2008,export,72596.9
PL,SITC3,mineral_fuels,2008,export,4932.8
PT,SITC3,mineral_fuels,2008,export,2157.4
RO,SITC3,mineral_fuels,2008,export,3059.2
SE,SITC3,mineral_fuels,2008,export,9875.1
SI,SITC3,mineral_fuels,2008,export,652.8
SK,SITC3,mineral_fuels,2008,export,2440.4
AT,SITC5,chemicals,2008,export,13209.7
BE,SITC5,chemicals,2008,export,90221.5
BG,SITC5,chemicals,2008,export,1220.0
CY,SITC5,chemicals,2008,export,188.3
CZ,SITC5,chemicals,2008,export,5978.1
DE,SITC5,chemicals,2008,export,149642.6
DK,SITC5,chemicals,2008,export,10520.3
EE,SITC5,chemicals,2008,export,535.4
EL,SITC5,chemicals,2008,export,2441.2
ES,SITC5,chemicals,2008,export,24662.7
FI,SITC5,chemicals,2008,export,5400.7
FR,SITC5,chemicals,2008,export,73431.2
HR,SITC5,chemicals,2008,export,944.8
HU,SITC5,chemicals,2008,export,6335.5
IE,SITC5,chemicals,2008,export,44095.3
IT,SITC5,chemicals,2008,export,38526.1
LT,SITC5,chemicals,2008,export,2199.4
LU,SITC5,chemicals,2008,export,853.1
LV,SITC5,chemicals,2008,export,631.6
MT,SITC5,chemicals,2008,export,220.8
NL,SITC5,chemicals,2008,export,69990.7
PL,SITC5,chemicals,2008,export,9105.2
PT,SITC5,chemicals,2008,export,2990.3
RO,SITC5,chemicals,2008,export,2059.6
SE,SITC5,chemicals,2008,export,13651.5
SI,SITC5,chemicals,2008,export,3119.8
SK,SITC5,chemicals,2008,export,2298.1
AT,SITC6_8,other_manufactured,2008,export,43994.3
BE,SITC6_8,other_manufactured,2008,export,88604.4
BG,SITC6_8,other_manufactured,2008,export,6470.4
CY,SITC6_8,other_manufactured,2008,export,211.5
CZ,SITC6_8,other_manufactured,2008,export,30154.3
DE,SITC6_8,other_manufactured,2008,export,243269.4
DK,SITC6_8,other_manufactured,2008,export,20258.4
EE,SITC6_8,other_manufactured,2008,export,2871.9
EL,SITC6_8,other_manufactured,2008,export,6599.3
ES,SITC6_8,other_manufactured,2008,export,51144.8
FI,SITC6_8,other_manufactured,2008,export,21828.3
FR,SITC6_8,other_manufactured,2008,export,98502.4
HR,SITC6_8,other_manufactured,2008,export,2701.8
HU,SITC6_8,other_manufactured,2008,export,13363.9
IE,SITC6_8,other_manufactured,2008,export,10558.0
IT,SITC6_8,other_manufactured,2008,export,139926.7
LT,SITC6_8,other_manufactured,2008,export,3755.1
LU,SITC6_8,other_manufactured,2008,export,7207.1
LV,SITC6_8,other_manufactured,2008,export,2491.7
MT,SITC6_8,other_manufactured,2008,export,441.9
NL,SITC6_8,other_manufactured,2008,export,82134.4
PL,SITC6_8,other_manufactured,2008,export,40092.6
PT,SITC6_8,other_manufactured,2008,export,15512.9
RO,SITC6_8,other_manufactured,2008,export,12846.8
SE,SITC6_8,other_manufactured,2008,export,36001.2
SI,SITC6_8,other_manufactured,2008,export,8104.3
SK,SITC6_8,other_manufactured,2008,export,14436.9
AT,SITC7,machinery_transport,2008,export,49487.7
BE,SITC7,machinery_transport,2008,export,74377.9
BG,SITC7,machinery_transport,2008,export,2396.9
CY,SITC7,machinery_transport,2008,export,196.8
CZ,SITC7,machinery_transport,2008,export,53705.3
DE,SITC7,machinery_transport,2008,export,485559.3
DK,SITC7,machinery_transport,2008,export,21213.7
EE,SITC7,machinery_transport,2008,export,2501.0
EL,SITC7,machinery_transport,2008,export,2513.3
ES,SITC7,machinery_transport,2008,export,68216.2
FI,SITC7,machinery_transport,2008,export,29099.4
FR,SITC7,machinery_transport,2008,export,161292.9
HR,SITC7,machinery_transport,2008,export,3212.3
HU,SITC7,machinery_transport,2008,export,44652.3
IE,SITC7,machinery_transport,2008,export,17906.3
IT,SITC7,machinery_transport,2008,export,139896.1
LT,SITC7,machinery_transport,2008,export,3057.3
LU,SITC7,machinery_transport,2008,export,8196.8
LV,SITC7,machinery_transport,2008,export,1472.1
MT,SITC7,machinery_transport,2008,export,1162.2
NL,SITC7,machinery_transport,2008,export,130620.7
PL,SITC7,machinery_transport,2008,export,47985.9
PT,SITC7,machinery_transport,2008,export,12156.2
RO,SITC7,machinery_transport,2008,export,12101.0
SE,SITC7,machinery_transport,2008,export,52366.2
SI,SITC7,machinery_transport,2008,export,9562.4
SK,SITC7,machinery_transport,2008,export,26096.2
AT,SITC9,unclassified,2008,export,422.6
BE,SITC9,unclassified,2008,export,1995.8
BG,SITC9,unclassified,2008,export,11.0
CY,SITC9,unclassified,2008,export,6.8
CZ,SITC9,unclassified,2008,export,52.9
DE,SITC9,unclassified,2008,export,9253.5
DK,SITC9,unclassified,2008,export,1224.4
EE,SITC9,unclassified,2008,export,23.1
EL,SITC9,unclassified,2008,export,217.0
ES,SITC9,unclassified,2008,export,1733.5
FI,SITC9,unclassified,2008,export,14.7
FR,SITC9,unclassified,2008,export,6270.9
HR,SITC9,unclassified,2008,export,1.7
HU,SITC9,unclassified,2008,export,75.9
IE,SITC9,unclassified,2008,export,2705.8
IT,SITC9,unclassified,2008,export,2324.9
LT,SITC9,unclassified,2008,export,4.7
LU,SITC9,unclassified,2008,export,101.7
LV,SITC9,unclassified,2008,export,4.6
MT,SITC9,unclassified,2008,export,22.1
NL,SITC9,unclassified,2008,export,1984.9
PL,SITC9,unclassified,2008,export,54.8
PT,SITC9,unclassified,2008,export,68.8
RO,SITC9,unclassified,2008,export,0.0
SE,SITC9,unclassified,2008,export,391.3
SI,SITC9,unclassified,2008,export,9.3
SK,SITC9,unclassified,2008,export,105.6
AT,SITC0_1,food_drinks_tobacco,2008,import,7959.1
BE,SITC0_1,food_drinks_tobacco,2008,import,23082.8
BG,SITC0_1,food_drinks_tobacco,2008,import,1595.6
CY,SITC0_1,food_drinks_tobacco,2008,import,895.8
CZ,SITC0_1,food_drinks_tobacco,2008,import,4728.0
DE,SITC0_1,food_drinks_tobacco,2008,import,53643.7
DK,SITC0_1,food_drinks_tobacco,2008,import,8609.9
EE,SITC0_1,food_drinks_tobacco,2008,import,1032.3
EL,SITC0_1,food_drinks_tobacco,2008,import,6331.8
ES,SITC0_1,food_drinks_tobacco,2008,import,23631.1
FI,SITC0_1,food_drinks_tobacco,2008,import,3140.9
FR,SITC0_1,food_drinks_tobacco,2008,import,35419.7
HR,SITC0_1,food_drinks_tobacco,2008,import,1610.8
HU,SITC0_1,food_drinks_tobacco,2008,import,3426.1
IE,SITC0_1,food_drinks_tobacco,2008,import,5510.5
IT,SITC0_1,food_drinks_tobacco,2008,import,29240.0
LT,SITC0_1,food_drinks_tobacco,2008,import,2091.6
LU,SITC0_1,food_drinks_tobacco,2008,import,1685.7
LV,SITC0_1,food_drinks_tobacco,2008,import,1357.1
MT,SITC0_1,food_drinks_tobacco,2008,import,486.6
NL,SITC0_1,food_drinks_tobacco,2008,import,32641.9
PL,SITC0_1,food_drinks_tobacco,2008,import,8775.6
PT,SITC0_1,food_drinks_tobacco,2008,import,7003.1
RO,SITC0_1,food_drinks_tobacco,2008,import,3764.2
SE,SITC0_1,food_drinks_tobacco,2008,import,8562.9
SI,SITC0_1,food_drinks_tobacco,2008,import,1726.9
SK,SITC0_1,food_drinks_tobacco,2008,import,2552.1
AT,SITC2_4,raw_materials,2008,import,5625.7
BE,SITC2_4,raw_materials,2008,import,14230.0
BG,SITC2_4,raw_materials,2008,import,1785.3
CY,SITC2_4,raw_materials,2008,import,124.6
CZ,SITC2_4,raw_materials,2008,import,2764.2
DE,SITC2_4,raw_materials,2008,import,34173.5
DK,SITC2_4,raw_materials,2008,import,2588.0
EE,SITC2_4,raw_materials,2008,import,362.4
EL,SITC2_4,raw_materials,2008,import,2048.0
ES,SITC2_4,raw_materials,2008,import,13048.2
FI,SITC2_4,raw_materials,2008,import,5514.7
FR,SITC2_4,raw_materials,2008,import,14034.5
HR,SITC2_4,raw_materials,2008,import,507.5
HU,SITC2_4,raw_materials,2008,import,1497.7
IE,SITC2_4,raw_materials,2008,import,1040.0
IT,SITC2_4,raw_materials,2008,import,19201.1
LT,SITC2_4,raw_materials,2008,import,923.1
LU,SITC2_4,raw_materials,2008,import,1434.2
LV,SITC2_4,raw_materials,2008,import,487.2
MT,SITC2_4,raw_materials,2008,import,34.7
NL,SITC2_4,raw_materials,2008,import,21051.6
PL,SITC2_4,raw_materials,2008,import,4880.4
PT,SITC2_4,raw_materials,2008,import,2645.9
RO,SITC2_4,raw_materials,2008,import,1829.3
SE,SITC2_4,raw_materials,2008,import,4213.9
SI,SITC2_4,raw_materials,2008,import,1315.8
SK,SITC2_4,raw_materials,2008,import,1624.1
AT,SITC3,mineral_fuels,2008,import,14348.6
BE,SITC3,mineral_fuels,2008,import,48719.6
BG,SITC3,mineral_fuels,2008,import,5481.6
CY,SITC3,mineral_fuels,2008,import,1452.3
CZ,SITC3,mineral_fuels,2008,import,10039.2
DE,SITC3,mineral_fuels,2008,import,114319.4
DK,SITC3,mineral_fuels,2008,import,5533.8
EE,SITC3,mineral_fuels,2008,import,1706.9
EL,SITC3,mineral_fuels,2008,import,13849.0
ES,SITC3,mineral_fuels,2008,import,54925.9
FI,SITC3,mineral_fuels,2008,import,11024.0
FR,SITC3,mineral_fuels,2008,import,79532.7
HR,SITC3,mineral_fuels,2008,import,3659.3
HU,SITC3,mineral_fuels,2008,import,9409.6
IE,SITC3,mineral_fuels,2008,import,6574.7
IT,SITC3,mineral_fuels,2008,import,76816.4
LT,SITC3,mineral_fuels,2008,import,5837.1
LU,SITC3,mineral_fuels,2008,import,2620.8
LV,SITC3,mineral_fuels,2008,import,1591.4
MT,SITC3,mineral_fuels,2008,import,488.5
NL,SITC3,mineral_fuels,2008,import,76957.2
PL,SITC3,mineral_fuels,2008,import,16023.0
PT,SITC3,mineral_fuels,2008,import,10361.6
RO,SITC3,mineral_fuels,2008,import,7090.5
SE,SITC3,mineral_fuels,2008,import,16618.4
SI,SITC3,mineral_fuels,2008,import,2991.1
SK,SITC3,mineral_fuels,2008,import,6301.1
AT,SITC5,chemicals,2008,import,13660.3
BE,SITC5,chemicals,2008,import,71531.8
BG,SITC5,chemicals,2008,import,2205.0
CY,SITC5,chemicals,2008,import,637.9
CZ,SITC5,chemicals,2008,import,9921.7
DE,SITC5,chemicals,2008,import,102671.5
DK,SITC5,chemicals,2008,import,8288.0
EE,SITC5,chemicals,2008,import,1149.8
EL,SITC5,chemicals,2008,import,8638.2
ES,SITC5,chemicals,2008,import,34146.9
FI,SITC5,chemicals,2008,import,6573.2
FR,SITC5,chemicals,2008,import,61872.5
HR,SITC5,chemicals,2008,import,2203.4
HU,SITC5,chemicals,2008,import,7451.8
IE,SITC5,chemicals,2008,import,8276.2
IT,SITC5,chemicals,2008,import,47756.9
LT,SITC5,chemicals,2008,import,2433.9
LU,SITC5,chemicals,2008,import,1713.6
LV,SITC5,chemicals,2008,import,1302.2
MT,SITC5,chemicals,2008,import,347.2
NL,SITC5,chemicals,2008,import,52278.6
PL,SITC5,chemicals,2008,import,18512.5
PT,SITC5,chemicals,2008,import,6989.1
RO,SITC5,chemicals,2008,import,6212.5
SE,SITC5,chemicals,2008,import,12810.0
SI,SITC5,chemicals,2008,import,2794.3
SK,SITC5,chemicals,2008,import,4283.1
AT,SITC6_8,other_manufactured,2008,import,38438.9
BE,SITC6_8,other_manufactured,2008,import,78331.9
BG,SITC6_8,other_manufactured,2008,import,6585.1
CY,SITC6_8,other_manufactured,2008,import,2155.7
CZ,SITC6_8,other_manufactured,2008,import,29117.4
DE,SITC6_8,other_manufactured,2008,import,210148.5
DK,SITC6_8,other_manufactured,2008,import,23544.1
EE,SITC6_8,other_manufactured,2008,import,3082.3
EL,SITC6_8,other_manufactured,2008,import,16564.6
ES,SITC6_8,other_manufactured,2008,import,66770.0
FI,SITC6_8,other_manufactured,2008,import,13169.5
FR,SITC6_8,other_manufactured,2008,import,129299.2
HR,SITC6_8,other_manufactured,2008,import,6090.3
HU,SITC6_8,other_manufactured,2008,import,15764.1
IE,SITC6_8,other_manufactured,2008,import,12282.5
IT,SITC6_8,other_manufactured,2008,import,101653.1
LT,SITC6_8,other_manufactured,2008,import,4185.8
LU,SITC6_8,other_manufactured,2008,import,4869.5
LV,SITC6_8,other_manufactured,2008,import,3093.2
MT,SITC6_8,other_manufactured,2008,import,767.9
NL,SITC6_8,other_manufactured,2008,import,88456.5
PL,SITC6_8,other_manufactured,2008,import,39581.3
PT,SITC6_8,other_manufactured,2008,import,16869.1
RO,SITC6_8,other_manufactured,2008,import,17691.1
SE,SITC6_8,other_manufactured,2008,import,30499.1
SI,SITC6_8,other_manufactured,2008,import,7409.7
SK,SITC6_8,other_manufactured,2008,import,13602.4
AT,SITC7,machinery_transport,2008,import,43823.8
BE,SITC7,machinery_transport,2008,import,78697.8
BG,SITC7,machinery_transport,2008,import,7413.5
CY,SITC7,machinery_transport,2008,import,1966.3
CZ,SITC7,machinery_transport,2008,import,39919.9
DE,SITC7,machinery_transport,2008,import,282454.9
DK,SITC7,machinery_transport,2008,import,25187.5
EE,SITC7,machinery_transport,2008,import,3539.6
EL,SITC7,machinery_transport,2008,import,17845.4
ES,SITC7,machinery_transport,2008,import,92633.5
FI,SITC7,machinery_transport,2008,import,22951.5
FR,SITC7,machinery_transport,2008,import,164615.7
HR,SITC7,machinery_transport,2008,import,6738.8
HU,SITC7,machinery_transport,2008,import,36361.0
IE,SITC7,machinery_transport,2008,import,19633.9
IT,SITC7,machinery_transport,2008,import,103858.5
LT,SITC7,machinery_transport,2008,import,5611.0
LU,SITC7,machinery_transport,2008,import,9435.5
LV,SITC7,machinery_transport,2008,import,3141.5
MT,SITC7,machinery_transport,2008,import,1446.2
NL,SITC7,machinery_transport,2008,import,122299.0
PL,SITC7,machinery_transport,2008,import,50326.9
PT,SITC7,machinery_transport,2008,import,20281.1
RO,SITC7,machinery_transport,2008,import,20560.3
SE,SITC7,machinery_transport,2008,import,41770.3
SI,SITC7,machinery_transport,2008,import,8893.3
SK,SITC7,machinery_transport,2008,import,21778.4
AT,SITC9,unclassified,2008,import,1445.1
BE,SITC9,unclassified,2008,import,2449.6
BG,SITC9,unclassified,2008,import,27.9
CY,SITC9,unclassified,2008,import,4.0
CZ,SITC9,unclassified,2008,import,81.5
DE,SITC9,unclassified,2008,import,8318.0
DK,SITC9,unclassified,2008,import,604.2
EE,SITC9,unclassified,2008,import,23.2
EL,SITC9,unclassified,2008,import,252.4
ES,SITC9,unclassified,2008,import,949.3
FI,SITC9,unclassified,2008,import,28.7
FR,SITC9,unclassified,2008,import,2576.0
HR,SITC9,unclassified,2008,import,7.1
HU,SITC9,unclassified,2008,import,158.3
IE,SITC9,unclassified,2008,import,3770.1
IT,SITC9,unclassified,2008,import,3524.1
LT,SITC9,unclassified,2008,import,61.6
LU,SITC9,unclassified,2008,import,104.2
LV,SITC9,unclassified,2008,import,2.8
MT,SITC9,unclassified,2008,import,32.6
NL,SITC9,unclassified,2008,import,1295.4
PL,SITC9,unclassified,2008,import,3866.7
PT,SITC9,unclassified,2008,import,44.0
RO,SITC9,unclassified,2008,import,0.0
SE,SITC9,unclassified,2008,import,90.6
SI,SITC9,unclassified,2008,import,48.6
SK,SITC9,unclassified,2008,import,111.5
AT,SITC0_1,food_drinks_tobacco,2009,balance,-306.0
BE,SITC0_1,food_drinks_tobacco,2009,balance,3828.2
BG,SITC0_1,food_drinks_tobacco,2009,balance,-26.5
CY,SITC0_1,food_drinks_tobacco,2009,balance,-614.0
CZ,SITC0_1,food_drinks_tobacco,2009,balance,-1147.3
DE,SITC0_1,food_drinks_tobacco,2009,balance,-5497.7
DK,SITC0_1,food_drinks_tobacco,2009,balance,4865.4
EE,SITC0_1,food_drinks_tobacco,2009,balance,-262.1
EL,SITC0_1,food_drinks_tobacco,2009,balance,-2354.5
ES,SITC0_1,food_drinks_tobacco,2009,balance,2247.4
FI,SITC0_1,food_drinks_tobacco,2009,balance,-1968.9
FR,SITC0_1,food_drinks_tobacco,2009,balance,6177.1
HR,SITC0_1,food_drinks_tobacco,2009,balance,-567.9
HU,SITC0_1,food_drinks_tobacco,2009,balance,1227.0
IE,SITC0_1,food_drinks_tobacco,2009,balance,1934.0
IT,SITC0_1,food_drinks_tobacco,2009,balance,-5354.2
LT,SITC0_1,food_drinks_tobacco,2009,balance,398.7
LU,SITC0_1,food_drinks_tobacco,2009,balance,-885.0
LV,SITC0_1,food_drinks_tobacco,2009,balance,-250.1
MT,SITC0_1,food_drinks_tobacco,2009,balance,-368.4
NL,SITC0_1,food_drinks_tobacco,2009,balance,17211.9
PL,SITC0_1,food_drinks_tobacco,2009,balance,2722.6
PT,SITC0_1,food_drinks_tobacco,2009,balance,-3064.4
RO,SITC0_1,food_drinks_tobacco,2009,balance,-1608.2
SE,SITC0_1,food_drinks_tobacco,2009,balance,-3765.5
SI,SITC0_1,food_drinks_tobacco,2009,balance,-790.2
SK,SITC0_1,food_drinks_tobacco,2009,balance,-940.9
AT,SITC2_4,raw_materials,2009,balance,-1168.7
BE,SITC2_4,raw_materials,2009,balance,-3033.4
BG,SITC2_4,raw_materials,2009,balance,-300.8
CY,SITC2_4,raw_materials,2009,balance,-39.7
CZ,SITC2_4,raw_materials,2009,balance,401.8
DE,SITC2_4,raw_materials,2009,balance,-9589.4
DK,SITC2_4,raw_materials,2009,balance,612.5
EE,SITC2_4,raw_materials,2009,balance,270.5
EL,SITC2_4,raw_materials,2009,balance,-219.9
ES,SITC2_4,raw_materials,2009,balance,-3145.7
FI,SITC2_4,raw_materials,2009,balance,-656.3
FR,SITC2_4,raw_materials,2009,balance,-2278.5
HR,SITC2_4,raw_materials,2009,balance,173.6
HU,SITC2_4,raw_materials,2009,balance,372.6
IE,SITC2_4,raw_materials,2009,balance,232.8
IT,SITC2_4,raw_materials,2009,balance,-7960.7
LT,SITC2_4,raw_materials,2009,balance,-42.4
LU,SITC2_4,raw_materials,2009,balance,-698.3
LV,SITC2_4,raw_materials,2009,balance,488.9
MT,SITC2_4,raw_materials,2009,balance,-28.2
NL,SITC2_4,raw_materials,2009,balance,6208.7
PL,SITC2_4,raw_materials,2009,balance,-1230.7
PT,SITC2_4,raw_materials,2009,balance,-169.0
RO,SITC2_4,raw_materials,2009,balance,666.4
SE,SITC2_4,raw_materials,2009,balance,2807.3
SI,SITC2_4,raw_materials,2009,balance,-277.5
SK,SITC2_4,raw_materials,2009,balance,-110.5
AT,SITC3,mineral_fuels,2009,balance,-6817.4
BE,SITC3,mineral_fuels,2009,balance,-11286.6
BG,SITC3,mineral_fuels,2009,balance,-1862.7
CY,SITC3,mineral_fuels,2009,balance,-854.8
CZ,SITC3,mineral_fuels,2009,balance,-4020.2
DE,SITC3,mineral_fuels,2009,balance,-60513.6
DK,SITC3,mineral_fuels,2009,balance,2308.0
EE,SITC3,mineral_fuels,2009,balance,-318.3
EL,SITC3,mineral_fuels,2009,balance,-5286.8
ES,SITC3,mineral_fuels,2009,balance,-24719.1
FI,SITC3,mineral_fuels,2009,balance,-4337.5
FR,SITC3,mineral_fuels,2009,balance,-38288.8
HR,SITC3,mineral_fuels,2009,balance,-1600.1
HU,SITC3,mineral_fuels,2009,balance,-4540.2
IE,SITC3,mineral_fuels,2009,balance,-3837.0
IT,SITC3,mineral_fuels,2009,balance,-41234.8
LT,SITC3,mineral_fuels,2009,balance,-1108.8
LU,SITC3,mineral_fuels,2009,balance,-1524.0
LV,SITC3,mineral_fuels,2009,balance,-830.5
MT,SITC3,mineral_fuels,2009,balance,-3.5
NL,SITC3,mineral_fuels,2009,balance,-4464.2
PL,SITC3,mineral_fuels,2009,balance,-7051.8
PT,SITC3,mineral_fuels,2009,balance,-4958.1
RO,SITC3,mineral_fuels,2009,balance,-1916.8
SE,SITC3,mineral_fuels,2009,balance,-3818.5
SI,SITC3,mineral_fuels,2009,balance,-1427.9
SK,SITC3,mineral_fuels,2009,balance,-2787.0
AT,SITC5,chemicals,2009,balance,-112.0
BE,SITC5,chemicals,2009,balance,19362.4
BG,SITC5,chemicals,2009,balance,-986.0
CY,SITC5,chemicals,2009,balance,-404.4
CZ,SITC5,chemicals,2009,balance,-3259.4
DE,SITC5,chemicals,2009,balance,40670.1
DK,SITC5,chemicals,2009,balance,3378.5
EE,SITC5,chemicals,2009,balance,-480.5
EL,SITC5,chemicals,2009,balance,-5662.9
ES,SITC5,chemicals,2009,balance,-9049.5
FI,SITC5,chemicals,2009,balance,-691.0
FR,SITC5,chemicals,2009,balance,10422.9
HR,SITC5,chemicals,2009,balance,-1158.4
HU,SITC5,chemicals,2009,balance,-622.1
IE,SITC5,chemicals,2009,balance,39995.3
IT,SITC5,chemicals,2009,balance,-9382.7
LT,SITC5,chemicals,2009,balance,-353.2
LU,SITC5,chemicals,2009,balance,-638.9
LV,SITC5,chemicals,2009,balance,-472.9
MT,SITC5,chemicals,2009,balance,-111.1
NL,SITC5,chemicals,2009,balance,15396.4
PL,SITC5,chemicals,2009,balance,-7363.1
PT,SITC5,chemicals,2009,balance,-4019.0
RO,SITC5,chemicals,2009,balance,-3980.5
SE,SITC5,chemicals,2009,balance,1615.4
SI,SITC5,chemicals,2009,balance,464.6
SK,SITC5,chemicals,2009,balance,-1976.3
AT,SITC6_8,other_manufactured,2009,balance,3078.1
BE,SITC6_8,other_manufactured,2009,balance,7491.3
BG,SITC6_8,other_manufactured,2009,balance,580.4
CY,SITC6_8,other_manufactured,2009,balance,-1502.1
CZ,SITC6_8,other_manufactured,2009,balance,1479.7
DE,SITC6_8,other_manufactured,2009,balance,32110.8
DK,SITC6_8,other_manufactured,2009,balance,-979.4
EE,SITC6_8,other_manufactured,2009,balance,148.0
EL,SITC6_8,other_manufactured,2009,balance,-7763.4
ES,SITC6_8,other_manufactured,2009,balance,-8775.2
FI,SITC6_8,other_manufactured,2009,balance,5394.4
FR,SITC6_8,other_manufactured,2009,balance,-27608.7
HR,SITC6_8,other_manufactured,2009,balance,-2433.1
HU,SITC6_8,other_manufactured,2009,balance,-861.2
IE,SITC6_8,other_manufactured,2009,balance,893.7
IT,SITC6_8,other_manufactured,2009,balance,32848.5
LT,SITC6_8,other_manufactured,2009,balance,349.0
LU,SITC6_8,other_manufactured,2009,balance,1119.9
LV,SITC6_8,other_manufactured,2009,balance,-100.3
MT,SITC6_8,other_manufactured,2009,balance,-253.9
NL,SITC6_8,other_manufactured,2009,balance,-3322.9
PL,SITC6_8,other_manufactured,2009,balance,1924.5
PT,SITC6_8,other_manufactured,2009,balance,-610.8
RO,SITC6_8,other_manufactured,2009,balance,-2286.9
SE,SITC6_8,other_manufactured,2009,balance,5060.1
SI,SITC6_8,other_manufactured,2009,balance,486.7
SK,SITC6_8,other_manufactured,2009,balance,1146.0
AT,SITC7,machinery_transport,2009,balance,2565.1
BE,SITC7,machinery_transport,2009,balance,-4786.0
BG,SITC7,machinery_transport,2009,balance,-2551.4
CY,SITC7,machinery_transport,2009,balance,-1302.4
CZ,SITC7,machinery_transport,2009,balance,12224.9
DE,SITC7,machinery_transport,2009,balance,142358.7
DK,SITC7,machinery_transport,2009,balance,-2926.1
EE,SITC7,machinery_transport,2009,balance,-153.1
EL,SITC7,machinery_transport,2009,balance,-13931.5
ES,SITC7,machinery_transport,2009,balance,-5132.8
FI,SITC7,machinery_transport,2009,balance,3614.3
FR,SITC7,machinery_transport,2009,balance,-7878.0
HR,SITC7,machinery_transport,2009,balance,-2102.7
HU,SITC7,machinery_transport,2009,balance,8291.1
IE,SITC7,machinery_transport,2009,balance,-900.3
IT,SITC7,machinery_transport,2009,balance,24930.9
LT,SITC7,machinery_transport,2009,balance,-555.4
LU,SITC7,machinery_transport,2009,balance,-29.2
LV,SITC7,machinery_transport,2009,balance,-358.9
MT,SITC7,machinery_transport,2009,balance,-390.0
NL,SITC7,machinery_transport,2009,balance,7708.3
PL,SITC7,machinery_transport,2009,balance,4194.1
PT,SITC7,machinery_transport,2009,balance,-6948.4
RO,SITC7,machinery_transport,2009,balance,-737.0
SE,SITC7,machinery_transport,2009,balance,5531.9
SI,SITC7,machinery_transport,2009,balance,1203.8
SK,SITC7,machinery_transport,2009,balance,5001.7
AT,SITC9,unclassified,2009,balance,-1594.5
BE,SITC9,unclassified,2009,balance,42.7
BG,SITC9,unclassified,2009,balance,-29.4
CY,SITC9,unclassified,2009,balance,1.6
CZ,SITC9,unclassified,2009,balance,-10.3
DE,SITC9,unclassified,2009,balance,-670.5
DK,SITC9,unclassified,2009,balance,520.7
EE,SITC9,unclassified,2009,balance,12.6
EL,SITC9,unclassified,2009,balance,95.9
ES,SITC9,unclassified,2009,balance,1342.8
FI,SITC9,unclassified,2009,balance,53.8
FR,SITC9,unclassified,2009,balance,3391.8
HR,SITC9,unclassified,2009,balance,-13.6
HU,SITC9,unclassified,2009,balance,-105.1
IE,SITC9,unclassified,2009,balance,-159.5
IT,SITC9,unclassified,2009,balance,277.5
LT,SITC9,unclassified,2009,balance,-14.0
LU,SITC9,unclassified,2009,balance,-206.1
LV,SITC9,unclassified,2009,balance,11.7
MT,SITC9,unclassified,2009,balance,-6.6
NL,SITC9,unclassified,2009,balance,506.3
PL,SITC9,unclassified,2009,balance,-2484.7
PT,SITC9,unclassified,2009,balance,88.1
RO,SITC9,unclassified,2009,balance,0.0
SE,SITC9,unclassified,2009,balance,387.6
SI,SITC9,unclassified,2009,balance,-16.9
SK,SITC9,unclassified,2009,balance,-23.3
AT,SITC0_1,food_drinks_tobacco,2009,export,7386.6
BE,SITC0_1,food_drinks_tobacco,2009,export,24986.0
BG,SITC0_1,food_drinks_tobacco,2009,export,1559.1
CY,SITC0_1,food_drinks_tobacco,2009,export,186.1
CZ,SITC0_1,food_drinks_tobacco,2009,export,3408.1
DE,SITC0_1,food_drinks_tobacco,2009,export,46082.5
DK,SITC0_1,food_drinks_tobacco,2009,export,12769.1
EE,SITC0_1,food_drinks_tobacco,2009,export,604.0
EL,SITC0_1,food_drinks_tobacco,2009,export,3606.0
ES,SITC0_1,food_drinks_tobacco,2009,export,23869.1
FI,SITC0_1,food_drinks_tobacco,2009,export,1137.6
FR,SITC0_1,food_drinks_tobacco,2009,export,40814.8
HR,SITC0_1,food_drinks_tobacco,2009,export,903.5
HU,SITC0_1,food_drinks_tobacco,2009,export,4289.9
IE,SITC0_1,food_drinks_tobacco,2009,export,7120.2
IT,SITC0_1,food_drinks_tobacco,2009,export,22573.6
LT,SITC0_1,food_drinks_tobacco,2009,export,2122.6
LU,SITC0_1,food_drinks_tobacco,2009,export,782.7
LV,SITC0_1,food_drinks_tobacco,2009,export,933.5
MT,SITC0_1,food_drinks_tobacco,2009,export,71.5
NL,SITC0_1,food_drinks_tobacco,2009,export,48256.0
PL,SITC0_1,food_drinks_tobacco,2009,export,10788.4
PT,SITC0_1,food_drinks_tobacco,2009,export,3630.9
RO,SITC0_1,food_drinks_tobacco,2009,export,1755.4
SE,SITC0_1,food_drinks_tobacco,2009,export,4487.5
SI,SITC0_1,food_drinks_tobacco,2009,export,981.5
SK,SITC0_1,food_drinks_tobacco,2009,export,1627.0
AT,SITC2_4,raw_materials,2009,export,3173.9
BE,SITC2_4,raw_materials,2009,export,7035.0
BG,SITC2_4,raw_materials,2009,export,925.9
CY,SITC2_4,raw_materials,2009,export,49.4
CZ,SITC2_4,raw_materials,2009,export,2307.6
DE,SITC2_4,raw_materials,2009,export,15072.0
DK,SITC2_4,raw_materials,2009,export,2641.5
EE,SITC2_4,raw_materials,2009,export,534.6
EL,SITC2_4,raw_materials,2009,export,1113.6
ES,SITC2_4,raw_materials,2009,export,5653.1
FI,SITC2_4,raw_materials,2009,export,2228.6
FR,SITC2_4,raw_materials,2009,export,7862.4
HR,SITC2_4,raw_materials,2009,export,477.2
HU,SITC2_4,raw_materials,2009,export,1354.4
IE,SITC2_4,raw_materials,2009,export,992.5
IT,SITC2_4,raw_materials,2009,export,4887.2
LT,SITC2_4,raw_materials,2009,export,507.2
LU,SITC2_4,raw_materials,2009,export,148.0
LV,SITC2_4,raw_materials,2009,export,765.6
MT,SITC2_4,raw_materials,2009,export,9.6
NL,SITC2_4,raw_materials,2009,export,20734.3
PL,SITC2_4,raw_materials,2009,export,2050.7
PT,SITC2_4,raw_materials,2009,export,1704.8
RO,SITC2_4,raw_materials,2009,export,1743.2
SE,SITC2_4,raw_materials,2009,export,5905.2
SI,SITC2_4,raw_materials,2009,export,627.3
SK,SITC2_4,raw_materials,2009,export,1043.8
AT,SITC3,mineral_fuels,2009,export,3036.3
BE,SITC3,mineral_fuels,2009,export,20084.3
BG,SITC3,mineral_fuels,2009,export,1511.8
CY,SITC3,mineral_fuels,2009,export,134.9
CZ,SITC3,mineral_fuels,2009,export,2936.9
DE,SITC3,mineral_fuels,2009,export,17378.2
DK,SITC3,mineral_fuels,2009,export,6120.4
EE,SITC3,mineral_fuels,2009,export,1073.4
EL,SITC3,mineral_fuels,2009,export,3535.3
ES,SITC3,mineral_fuels,2009,export,9188.3
FI,SITC3,mineral_fuels,2009,export,2948.8
FR,SITC3,mineral_fuels,2009,export,13598.1
HR,SITC3,mineral_fuels,2009,export,964.6
HU,SITC3,mineral_fuels,2009,export,1522.6
IE,SITC3,mineral_fuels,2009,export,594.8
IT,SITC3,mineral_fuels,2009,export,11027.2
LT,SITC3,mineral_fuels,2009,export,2519.5
LU,SITC3,mineral_fuels,2009,export,111.2
LV,SITC3,mineral_fuels,2009,export,280.0
MT,SITC3,mineral_fuels,2009,export,419.7
NL,SITC3,mineral_fuels,2009,export,48387.2
PL,SITC3,mineral_fuels,2009,export,3012.9
PT,SITC3,mineral_fuels,2009,export,1540.3
RO,SITC3,mineral_fuels,2009,export,1735.4
SE,SITC3,mineral_fuels,2009,export,6126.0
SI,SITC3,mineral_fuels,2009,export,529.1
SK,SITC3,mineral_fuels,2009,export,1831.3
AT,SITC5,chemicals,2009,export,12458.7
BE,SITC5,chemicals,2009,export,85558.4
BG,SITC5,chemicals,2009,export,899.6
CY,SITC5,chemicals,2009,export,185.1
CZ,SITC5,chemicals,2009,export,5169.7
DE,SITC5,chemicals,2009,export,132061.4
DK,SITC5,chemicals,2009,export,10400.8
EE,SITC5,chemicals,2009,export,420.0
EL,SITC5,chemicals,2009,export,2260.4
ES,SITC5,chemicals,2009,export,22585.8
FI,SITC5,chemicals,2009,export,4602.2
FR,SITC5,chemicals,2009,export,67393.5
HR,SITC5,chemicals,2009,export,726.9
HU,SITC5,chemicals,2009,export,5554.6
IE,SITC5,chemicals,2009,export,47325.9
IT,SITC5,chemicals,2009,export,33633.1
LT,SITC5,chemicals,2009,export,1622.8
LU,SITC5,chemicals,2009,export,774.7
LV,SITC5,chemicals,2009,export,509.1
MT,SITC5,chemicals,2009,export,204.9
NL,SITC5,chemicals,2009,export,62285.4
PL,SITC5,chemicals,2009,export,7670.6
PT,SITC5,chemicals,2009,export,2442.2
RO,SITC5,chemicals,2009,export,1483.0
SE,SITC5,chemicals,2009,export,12673.9
SI,SITC5,chemicals,2009,export,2859.8
SK,SITC5,chemicals,2009,export,1782.7
AT,SITC6_8,other_manufactured,2009,export,34542.2
BE,SITC6_8,other_manufactured,2009,export,69214.1
BG,SITC6_8,other_manufactured,2009,export,4814.1
CY,SITC6_8,other_manufactured,2009,export,162.5
CZ,SITC6_8,other_manufactured,2009,export,23680.4
DE,SITC6_8,other_manufactured,2009,export,200039.6
DK,SITC6_8,other_manufactured,2009,export,17025.7
EE,SITC6_8,other_manufactured,2009,export,2142.4
EL,SITC6_8,other_manufactured,2009,export,4875.0
ES,SITC6_8,other_manufactured,2009,export,42140.7
FI,SITC6_8,other_manufactured,2009,export,15567.4
FR,SITC6_8,other_manufactured,2009,export,80619.4
HR,SITC6_8,other_manufactured,2009,export,2206.3
HU,SITC6_8,other_manufactured,2009,export,10825.1
IE,SITC6_8,other_manufactured,2009,export,10423.2
IT,SITC6_8,other_manufactured,2009,export,107631.0
LT,SITC6_8,other_manufactured,2009,export,3005.7
LU,SITC6_8,other_manufactured,2009,export,5335.4
LV,SITC6_8,other_manufactured,2009,export,1786.8
MT,SITC6_8,other_manufactured,2009,export,388.1
NL,SITC6_8,other_manufactured,2009,export,67059.2
PL,SITC6_8,other_manufactured,2009,export,32021.1
PT,SITC6_8,other_manufactured,2009,export,13411.0
RO,SITC6_8,other_manufactured,2009,export,9882.8
SE,SITC6_8,other_manufactured,2009,export,27840.1
SI,SITC6_8,other_manufactured,2009,export,6055.9
SK,SITC6_8,other_manufactured,2009,export,11755.3
AT,SITC7,machinery_transport,2009,export,37116.4
BE,SITC7,machinery_transport,2009,export,57162.5
BG,SITC7,machinery_transport,2009,export,1974.1
CY,SITC7,machinery_transport,2009,export,180.6
CZ,SITC7,machinery_transport,2009,export,43404.0
DE,SITC7,machinery_transport,2009,export,382536.9
DK,SITC7,machinery_transport,2009,export,17279.4
EE,SITC7,machinery_transport,2009,export,1686.8
EL,SITC7,machinery_transport,2009,export,2427.1
ES,SITC7,machinery_transport,2009,export,57609.0
FI,SITC7,machinery_transport,2009,export,18494.8
FR,SITC7,machinery_transport,2009,export,132051.3
HR,SITC7,machinery_transport,2009,export,2234.1
HU,SITC7,machinery_transport,2009,export,35878.2
IE,SITC7,machinery_transport,2009,export,13361.8
IT,SITC7,machinery_transport,2009,export,108432.1
LT,SITC7,machinery_transport,2009,export,2014.9
LU,SITC7,machinery_transport,2009,export,8050.9
LV,SITC7,machinery_transport,2009,export,1233.3
MT,SITC7,machinery_transport,2009,export,936.1
NL,SITC7,machinery_transport,2009,export,108441.4
PL,SITC7,machinery_transport,2009,export,42274.7
PT,SITC7,machinery_transport,2009,export,8828.1
RO,SITC7,machinery_transport,2009,export,12484.7
SE,SITC7,machinery_transport,2009,export,36254.6
SI,SITC7,machinery_transport,2009,export,7632.0
SK,SITC7,machinery_transport,2009,export,22050.9
AT,SITC9,unclassified,2009,export,499.6
BE,SITC9,unclassified,2009,export,1945.7
BG,SITC9,unclassified,2009,export,14.8
CY,SITC9,unclassified,2009,export,2.8
CZ,SITC9,unclassified,2009,export,76.6
DE,SITC9,unclassified,2009,export,9841.1
DK,SITC9,unclassified,2009,export,1144.8
EE,SITC9,unclassified,2009,export,25.8
EL,SITC9,unclassified,2009,export,197.7
ES,SITC9,unclassified,2009,export,1944.0
FI,SITC9,unclassified,2009,export,84.1
FR,SITC9,unclassified,2009,export,5695.9
HR,SITC9,unclassified,2009,export,3.0
HU,SITC9,unclassified,2009,export,87.5
IE,SITC9,unclassified,2009,export,3296.0
IT,SITC9,unclassified,2009,export,3548.9
LT,SITC9,unclassified,2009,export,4.2
LU,SITC9,unclassified,2009,export,95.9
LV,SITC9,unclassified,2009,export,13.7
MT,SITC9,unclassified,2009,export,18.7
NL,SITC9,unclassified,2009,export,1798.8
PL,SITC9,unclassified,2009,export,47.1
PT,SITC9,unclassified,2009,export,139.5
RO,SITC9,unclassified,2009,export,0.0
SE,SITC9,unclassified,2009,export,475.7
SI,SITC9,unclassified,2009,export,9.8
SK,SITC9,unclassified,2009,export,116.8
AT,SITC0_1,food_drinks_tobacco,2009,import,7692.6
BE,SITC0_1,food_drinks_tobacco,2009,import,21157.7
BG,SITC0_1,food_drinks_tobacco,2009,import,1585.6
CY,SITC0_1,food_drinks_tobacco,2009,import,800.1
CZ,SITC0_1,food_drinks_tobacco,2009,import,4555.4
DE,SITC0_1,food_drinks_tobacco,2009,import,51580.2
DK,SITC0_1,food_drinks_tobacco,2009,import,7903.7
EE,SITC0_1,food_drinks_tobacco,2009,import,866.1
EL,SITC0_1,food_drinks_tobacco,2009,import,5960.5
ES,SITC0_1,food_drinks_tobacco,2009,import,21621.7
FI,SITC0_1,food_drinks_tobacco,2009,import,3106.5
FR,SITC0_1,food_drinks_tobacco,2009,import,34637.7
HR,SITC0_1,food_drinks_tobacco,2009,import,1471.4
HU,SITC0_1,food_drinks_tobacco,2009,import,3063.0
IE,SITC0_1,food_drinks_tobacco,2009,import,5186.2
IT,SITC0_1,food_drinks_tobacco,2009,import,27927.9
LT,SITC0_1,food_drinks_tobacco,2009,import,1724.0
LU,SITC0_1,food_drinks_tobacco,2009,import,1667.8
LV,SITC0_1,food_drinks_tobacco,2009,import,1183.6
MT,SITC0_1,food_drinks_tobacco,2009,import,439.9
NL,SITC0_1,food_drinks_tobacco,2009,import,31044.1
PL,SITC0_1,food_drinks_tobacco,2009,import,8065.8
PT,SITC0_1,food_drinks_tobacco,2009,import,6695.3
RO,SITC0_1,food_drinks_tobacco,2009,import,3363.6
SE,SITC0_1,food_drinks_tobacco,2009,import,8253.0
SI,SITC0_1,food_drinks_tobacco,2009,import,1771.7
SK,SITC0_1,food_drinks_tobacco,2009,import,2567.8
AT,SITC2_4,raw_materials,2009,import,4342.7
BE,SITC2_4,raw_materials,2009,import,10068.4
BG,SITC2_4,raw_materials,2009,import,1226.8
CY,SITC2_4,raw_materials,2009,import,89.1
CZ,SITC2_4,raw_materials,2009,import,1905.7
DE,SITC2_4,raw_materials,2009,import,24661.4
DK,SITC2_4,raw_materials,2009,import,2029.0
EE,SITC2_4,raw_materials,2009,import,264.1
EL,SITC2_4,raw_materials,2009,import,1333.5
ES,SITC2_4,raw_materials,2009,import,8798.9
FI,SITC2_4,raw_materials,2009,import,2884.9
FR,SITC2_4,raw_materials,2009,import,10141.0
HR,SITC2_4,raw_materials,2009,import,303.6
HU,SITC2_4,raw_materials,2009,import,981.8
IE,SITC2_4,raw_materials,2009,import,759.7
IT,SITC2_4,raw_materials,2009,import,12847.9
LT,SITC2_4,raw_materials,2009,import,549.6
LU,SITC2_4,raw_materials,2009,import,846.2
LV,SITC2_4,raw_materials,2009,import,276.7
MT,SITC2_4,raw_materials,2009,import,37.7
NL,SITC2_4,raw_materials,2009,import,14525.7
PL,SITC2_4,raw_materials,2009,import,3281.4
PT,SITC2_4,raw_materials,2009,import,1873.8
RO,SITC2_4,raw_materials,2009,import,1076.9
SE,SITC2_4,raw_materials,2009,import,3097.9
SI,SITC2_4,raw_materials,2009,import,904.7
SK,SITC2_4,raw_materials,2009,import,1154.3
AT,SITC3,mineral_fuels,2009,import,9853.7
BE,SITC3,mineral_fuels,2009,import,31371.0
BG,SITC3,mineral_fuels,2009,import,3374.5
CY,SITC3,mineral_fuels,2009,import,989.7
CZ,SITC3,mineral_fuels,2009,import,6957.1
DE,SITC3,mineral_fuels,2009,import,77891.9
DK,SITC3,mineral_fuels,2009,import,3812.4
EE,SITC3,mineral_fuels,2009,import,1391.7
EL,SITC3,mineral_fuels,2009,import,8822.0
ES,SITC3,mineral_fuels,2009,import,33907.4
FI,SITC3,mineral_fuels,2009,import,7286.3
FR,SITC3,mineral_fuels,2009,import,51886.9
HR,SITC3,mineral_fuels,2009,import,2564.8
HU,SITC3,mineral_fuels,2009,import,6062.8
IE,SITC3,mineral_fuels,2009,import,4431.8
IT,SITC3,mineral_fuels,2009,import,52262.1
LT,SITC3,mineral_fuels,2009,import,3628.3
LU,SITC3,mineral_fuels,2009,import,1635.2
LV,SITC3,mineral_fuels,2009,import,1110.5
MT,SITC3,mineral_fuels,2009,import,423.2
NL,SITC3,mineral_fuels,2009,import,52851.3
PL,SITC3,mineral_fuels,2009,import,10064.7
PT,SITC3,mineral_fuels,2009,import,6498.4
RO,SITC3,mineral_fuels,2009,import,3652.2
SE,SITC3,mineral_fuels,2009,import,9944.5
SI,SITC3,mineral_fuels,2009,import,1957.0
SK,SITC3,mineral_fuels,2009,import,4618.3
AT,SITC5,chemicals,2009,import,12570.7
BE,SITC5,chemicals,2009,import,66195.9
BG,SITC5,chemicals,2009,import,1885.6
CY,SITC5,chemicals,2009,import,589.5
CZ,SITC5,chemicals,2009,import,8429.0
DE,SITC5,chemicals,2009,import,91391.3
DK,SITC5,chemicals,2009,import,7022.3
EE,SITC5,chemicals,2009,import,900.5
EL,SITC5,chemicals,2009,import,7923.3
ES,SITC5,chemicals,2009,import,31635.2
FI,SITC5,chemicals,2009,import,5293.2
FR,SITC5,chemicals,2009,import,56970.6
HR,SITC5,chemicals,2009,import,1885.3
HU,SITC5,chemicals,2009,import,6176.6
IE,SITC5,chemicals,2009,import,7330.7
IT,SITC5,chemicals,2009,import,43015.8
LT,SITC5,chemicals,2009,import,1976.0
LU,SITC5,chemicals,2009,import,1413.7
LV,SITC5,chemicals,2009,import,982.0
MT,SITC5,chemicals,2009,import,316.0
NL,SITC5,chemicals,2009,import,46889.0
PL,SITC5,chemicals,2009,import,15033.7
PT,SITC5,chemicals,2009,import,6461.2
RO,SITC5,chemicals,2009,import,5463.5
SE,SITC5,chemicals,2009,import,11058.6
SI,SITC5,chemicals,2009,import,2395.2
SK,SITC5,chemicals,2009,import,3759.0
AT,SITC6_8,other_manufactured,2009,import,31464.1
BE,SITC6_8,other_manufactured,2009,import,61722.9
BG,SITC6_8,other_manufactured,2009,import,4233.7
CY,SITC6_8,other_manufactured,2009,import,1664.6
CZ,SITC6_8,other_manufactured,2009,import,22200.7
DE,SITC6_8,other_manufactured,2009,import,167928.7
DK,SITC6_8,other_manufactured,2009,import,18005.1
EE,SITC6_8,other_manufactured,2009,import,1994.4
EL,SITC6_8,other_manufactured,2009,import,12638.4
ES,SITC6_8,other_manufactured,2009,import,50915.9
FI,SITC6_8,other_manufactured,2009,import,10173.0
FR,SITC6_8,other_manufactured,2009,import,108228.1
HR,SITC6_8,other_manufactured,2009,import,4639.5
HU,SITC6_8,other_manufactured,2009,import,11686.4
IE,SITC6_8,other_manufactured,2009,import,9529.5
IT,SITC6_8,other_manufactured,2009,import,74782.5
LT,SITC6_8,other_manufactured,2009,import,2656.6
LU,SITC6_8,other_manufactured,2009,import,4215.5
LV,SITC6_8,other_manufactured,2009,import,1887.1
MT,SITC6_8,other_manufactured,2009,import,642.0
NL,SITC6_8,other_manufactured,2009,import,70382.2
PL,SITC6_8,other_manufactured,2009,import,30096.6
PT,SITC6_8,other_manufactured,2009,import,14021.9
RO,SITC6_8,other_manufactured,2009,import,12169.7
SE,SITC6_8,other_manufactured,2009,import,22780.0
SI,SITC6_8,other_manufactured,2009,import,5569.2
SK,SITC6_8,other_manufactured,2009,import,10609.4
AT,SITC7,machinery_transport,2009,import,34551.3
BE,SITC7,machinery_transport,2009,import,61948.5
BG,SITC7,machinery_transport,2009,import,4525.5
CY,SITC7,machinery_transport,2009,import,1483.1
CZ,SITC7,machinery_transport,2009,import,31179.0
DE,SITC7,machinery_transport,2009,import,240178.2
DK,SITC7,machinery_transport,2009,import,20205.5
EE,SITC7,machinery_transport,2009,import,1839.9
EL,SITC7,machinery_transport,2009,import,16358.6
ES,SITC7,machinery_transport,2009,import,62741.7
FI,SITC7,machinery_transport,2009,import,14880.5
FR,SITC7,machinery_transport,2009,import,139929.4
HR,SITC7,machinery_transport,2009,import,4336.9
HU,SITC7,machinery_transport,2009,import,27587.1
IE,SITC7,machinery_transport,2009,import,14262.0
IT,SITC7,machinery_transport,2009,import,83501.2
LT,SITC7,machinery_transport,2009,import,2570.3
LU,SITC7,machinery_transport,2009,import,8080.1
LV,SITC7,machinery_transport,2009,import,1592.2
MT,SITC7,machinery_transport,2009,import,1326.1
NL,SITC7,machinery_transport,2009,import,100733.1
PL,SITC7,machinery_transport,2009,import,38080.6
PT,SITC7,machinery_transport,2009,import,15776.5
RO,SITC7,machinery_transport,2009,import,13221.6
SE,SITC7,machinery_transport,2009,import,30722.7
SI,SITC7,machinery_transport,2009,import,6428.2
SK,SITC7,machinery_transport,2009,import,17049.2
AT,SITC9,unclassified,2009,import,2094.0
BE,SITC9,unclassified,2009,import,1903.0
BG,SITC9,unclassified,2009,import,44.2
CY,SITC9,unclassified,2009,import,1.2
CZ,SITC9,unclassified,2009,import,87.0
DE,SITC9,unclassified,2009,import,10511.6
DK,SITC9,unclassified,2009,import,624.1
EE,SITC9,unclassified,2009,import,13.1
EL,SITC9,unclassified,2009,import,101.9
ES,SITC9,unclassified,2009,import,601.2
FI,SITC9,unclassified,2009,import,30.3
FR,SITC9,unclassified,2009,import,2304.1
HR,SITC9,unclassified,2009,import,16.7
HU,SITC9,unclassified,2009,import,192.6
IE,SITC9,unclassified,2009,import,3455.5
IT,SITC9,unclassified,2009,import,3271.3
LT,SITC9,unclassified,2009,import,18.2
LU,SITC9,unclassified,2009,import,302.0
LV,SITC9,unclassified,2009,import,2.0
MT,SITC9,unclassified,2009,import,25.3
NL,SITC9,unclassified,2009,import,1292.5
PL,SITC9,unclassified,2009,import,2531.8
PT,SITC9,unclassified,2009,import,51.5
RO,SITC9,unclassified,2009,import,0.0
SE,SITC9,unclassified,2009,import,88.2
SI,SITC9,unclassified,2009,import,26.7
SK,SITC9,unclassified,2009,import,140.0
AT,SITC0_1,food_drinks_tobacco,2010,balance,-256.3
BE,SITC0_1,food_drinks_tobacco,2010,balance,4111.2
BG,SITC0_1,food_drinks_tobacco,2010,balance,292.8
CY,SITC0_1,food_drinks_tobacco,2010,balance,-681.7
CZ,SITC0_1,food_drinks_tobacco,2010,balance,-1341.3
DE,SITC0_1,food_drinks_tobacco,2010,balance,-5925.3
DK,SITC0_1,food_drinks_tobacco,2010,balance,5518.6
EE,SITC0_1,food_drinks_tobacco,2010,balance,-207.5
EL,SITC0_1,food_drinks_tobacco,2010,balance,-1942.9
ES,SITC0_1,food_drinks_tobacco,2010,balance,3523.5
FI,SITC0_1,food_drinks_tobacco,2010,balance,-2098.5
FR,SITC0_1,food_drinks_tobacco,2010,balance,8880.4
HR,SITC0_1,food_drinks_tobacco,2010,balance,-549.0
HU,SITC0_1,food_drinks_tobacco,2010,balance,1684.3
IE,SITC0_1,food_drinks_tobacco,2010,balance,2563.1
IT,SITC0_1,food_drinks_tobacco,2010,balance,-5288.3
LT,SITC0_1,food_drinks_tobacco,2010,balance,491.4
LU,SITC0_1,food_drinks_tobacco,2010,balance,-916.7
LV,SITC0_1,food_drinks_tobacco,2010,balance,-158.7
MT,SITC0_1,food_drinks_tobacco,2010,balance,-312.8
NL,SITC0_1,food_drinks_tobacco,2010,balance,19691.1
PL,SITC0_1,food_drinks_tobacco,2010,balance,3109.4
PT,SITC0_1,food_drinks_tobacco,2010,balance,-3183.5
RO,SITC0_1,food_drinks_tobacco,2010,balance,-936.1
SE,SITC0_1,food_drinks_tobacco,2010,balance,-4026.6
SI,SITC0_1,food_drinks_tobacco,2010,balance,-725.1
SK,SITC0_1,food_drinks_tobacco,2010,balance,-1086.2
AT,SITC2_4,raw_materials,2010,balance,-2325.9
BE,SITC2_4,raw_materials,2010,balance,-4583.3
BG,SITC2_4,raw_materials,2010,balance,-277.1
CY,SITC2_4,raw_materials,2010,balance,-19.4
CZ,SITC2_4,raw_materials,2010,balance,496.9
DE,SITC2_4,raw_materials,2010,balance,-14572.2
DK,SITC2_4,raw_materials,2010,balance,1157.6
EE,SITC2_4,raw_materials,2010,balance,527.5
EL,SITC2_4,raw_materials,2010,balance,-125.5
ES,SITC2_4,raw_materials,2010,balance,-4874.9
FI,SITC2_4,raw_materials,2010,balance,-1428.1
FR,SITC2_4,raw_materials,2010,balance,-2087.1
HR,SITC2_4,raw_materials,2010,balance,310.0
HU,SITC2_4,raw_materials,2010,balance,309.4
IE,SITC2_4,raw_materials,2010,balance,612.9
IT,SITC2_4,raw_materials,2010,balance,-12158.6
LT,SITC2_4,raw_materials,2010,balance,37.6
LU,SITC2_4,raw_materials,2010,balance,-1364.2
LV,SITC2_4,raw_materials,2010,balance,782.6
MT,SITC2_4,raw_materials,2010,balance,-24.5
NL,SITC2_4,raw_materials,2010,balance,5524.8
PL,SITC2_4,raw_materials,2010,balance,-1487.5
PT,SITC2_4,raw_materials,2010,balance,-54.6
RO,SITC2_4,raw_materials,2010,balance,928.8
SE,SITC2_4,raw_materials,2010,balance,4019.5
SI,SITC2_4,raw_materials,2010,balance,-482.1
SK,SITC2_4,raw_materials,2010,balance,-515.8
AT,SITC3,mineral_fuels,2010,balance,-8556.9
BE,SITC3,mineral_fuels,2010,balance,-13482.1
BG,SITC3,mineral_fuels,2010,balance,-2184.1
CY,SITC3,mineral_fuels,2010,balance,-1150.2
CZ,SITC3,mineral_fuels,2010,balance,-5442.9
DE,SITC3,mineral_fuels,2010,balance,-73714.5
DK,SITC3,mineral_fuels,2010,balance,2237.2
EE,SITC3,mineral_fuels,2010,balance,-225.0
EL,SITC3,mineral_fuels,2010,balance,-6857.2
ES,SITC3,mineral_fuels,2010,balance,-31611.0
FI,SITC3,mineral_fuels,2010,balance,-5256.3
FR,SITC3,mineral_fuels,2010,balance,-47344.1
HR,SITC3,mineral_fuels,2010,balance,-1730.4
HU,SITC3,mineral_fuels,2010,balance,-5055.7
IE,SITC3,mineral_fuels,2010,balance,-4706.3
IT,SITC3,mineral_fuels,2010,balance,-51382.7
LT,SITC3,mineral_fuels,2010,balance,-1982.3
LU,SITC3,mineral_fuels,2010,balance,-1942.4
LV,SITC3,mineral_fuels,2010,balance,-876.3
MT,SITC3,mineral_fuels,2010,balance,69.9
NL,SITC3,mineral_fuels,2010,balance,-9321.0
PL,SITC3,mineral_fuels,2010,balance,-9449.5
PT,SITC3,mineral_fuels,2010,balance,-6032.4
RO,SITC3,mineral_fuels,2010,balance,-2752.2
SE,SITC3,mineral_fuels,2010,balance,-6065.6
SI,SITC3,mineral_fuels,2010,balance,-1818.0
SK,SITC3,mineral_fuels,2010,balance,-3859.6
AT,SITC5,chemicals,2010,balance,-275.2
BE,SITC5,chemicals,2010,balance,22945.9
BG,SITC5,chemicals,2010,balance,-1013.9
CY,SITC5,chemicals,2010,balance,-364.4
CZ,SITC5,chemicals,2010,balance,-3687.7
DE,SITC5,chemicals,2010,balance,46100.0
DK,SITC5,chemicals,2010,balance,4514.4
EE,SITC5,chemicals,2010,balance,-538.7
EL,SITC5,chemicals,2010,balance,-4981.9
ES,SITC5,chemicals,2010,balance,-8189.9
FI,SITC5,chemicals,2010,balance,-544.0
FR,SITC5,chemicals,2010,balance,10531.1
HR,SITC5,chemicals,2010,balance,-1123.7
HU,SITC5,chemicals,2010,balance,-634.3
IE,SITC5,chemicals,2010,balance,44104.7
IT,SITC5,chemicals,2010,balance,-10124.3
LT,SITC5,chemicals,2010,balance,-389.3
LU,SITC5,chemicals,2010,balance,-814.7
LV,SITC5,chemicals,2010,balance,-614.1
MT,SITC5,chemicals,2010,balance,-101.8
NL,SITC5,chemicals,2010,balance,19831.4
PL,SITC5,chemicals,2010,balance,-8839.2
PT,SITC5,chemicals,2010,balance,-4319.0
RO,SITC5,chemicals,2010,balance,-4033.4
SE,SITC5,chemicals,2010,balance,1714.8
SI,SITC5,chemicals,2010,balance,386.3
SK,SITC5,chemicals,2010,balance,-1911.7
AT,SITC6_8,other_manufactured,2010,balance,3527.0
BE,SITC6_8,other_manufactured,2010,balance,9631.8
BG,SITC6_8,other_manufactured,2010,balance,1457.2
CY,SITC6_8,other_manufactured,2010,balance,-1689.7
CZ,SITC6_8,other_manufactured,2010,balance,1487.1
DE,SITC6_8,other_manufactured,2010,balance,28739.7
DK,SITC6_8,other_manufactured,2010,balance,-1715.0
EE,SITC6_8,other_manufactured,2010,balance,190.8
EL,SITC6_8,other_manufactured,2010,balance,-6447.9
ES,SITC6_8,other_manufactured,2010,balance,-8887.3
FI,SITC6_8,other_manufactured,2010,balance,8361.0
FR,SITC6_8,other_manufactured,2010,balance,-34107.0
HR,SITC6_8,other_manufactured,2010,balance,-2080.2
HU,SITC6_8,other_manufactured,2010,balance,-453.4
IE,SITC6_8,other_manufactured,2010,balance,2728.8
IT,SITC6_8,other_manufactured,2010,balance,29987.1
LT,SITC6_8,other_manufactured,2010,balance,561.1
LU,SITC6_8,other_manufactured,2010,balance,1327.2
LV,SITC6_8,other_manufactured,2010,balance,-20.4
MT,SITC6_8,other_manufactured,2010,balance,-265.7
NL,SITC6_8,other_manufactured,2010,balance,-3673.3
PL,SITC6_8,other_manufactured,2010,balance,2182.7
PT,SITC6_8,other_manufactured,2010,balance,-400.1
RO,SITC6_8,other_manufactured,2010,balance,-1922.9
SE,SITC6_8,other_manufactured,2010,balance,5592.2
SI,SITC6_8,other_manufactured,2010,balance,589.0
SK,SITC6_8,other_manufactured,2010,balance,1484.1
AT,SITC7,machinery_transport,2010,balance,3797.7
BE,SITC7,machinery_transport,2010,balance,-6358.9
BG,SITC7,machinery_transport,2010,balance,-1871.0
CY,SITC7,machinery_transport,2010,balance,-1510.1
CZ,SITC7,machinery_transport,2010,balance,13276.8
DE,SITC7,machinery_transport,2010,balance,170939.0
DK,SITC7,machinery_transport,2010,balance,-1716.7
EE,SITC7,machinery_transport,2010,balance,-291.5
EL,SITC7,machinery_transport,2010,balance,-8002.3
ES,SITC7,machinery_transport,2010,balance,-6771.0
FI,SITC7,machinery_transport,2010,balance,1365.7
FR,SITC7,machinery_transport,2010,balance,-5291.7
HR,SITC7,machinery_transport,2010,balance,-1060.9
HU,SITC7,machinery_transport,2010,balance,9674.0
IE,SITC7,machinery_transport,2010,balance,-4901.5
IT,SITC7,machinery_transport,2010,balance,18587.5
LT,SITC7,machinery_transport,2010,balance,-720.9
LU,SITC7,machinery_transport,2010,balance,-557.1
LV,SITC7,machinery_transport,2010,balance,-651.7
MT,SITC7,machinery_transport,2010,balance,-464.2
NL,SITC7,machinery_transport,2010,balance,13569.9
PL,SITC7,machinery_transport,2010,balance,3451.2
PT,SITC7,machinery_transport,2010,balance,-7619.6
RO,SITC7,machinery_transport,2010,balance,-735.4
SE,SITC7,machinery_transport,2010,balance,5488.1
SI,SITC7,machinery_transport,2010,balance,1403.1
SK,SITC7,machinery_transport,2010,balance,5413.5
AT,SITC9,unclassified,2010,balance,-775.3
BE,SITC9,unclassified,2010,balance,193.2
BG,SITC9,unclassified,2010,balance,-87.6
CY,SITC9,unclassified,2010,balance,9.3
CZ,SITC9,unclassified,2010,balance,-14.6
DE,SITC9,unclassified,2010,balance,2397.0
DK,SITC9,unclassified,2010,balance,102.9
EE,SITC9,unclassified,2010,balance,19.2
EL,SITC9,unclassified,2010,balance,-129.4
ES,SITC9,unclassified,2010,balance,2048.6
FI,SITC9,unclassified,2010,balance,139.4
FR,SITC9,unclassified,2010,balance,3564.4
HR,SITC9,unclassified,2010,balance,2.4
HU,SITC9,unclassified,2010,balance,-14.3
IE,SITC9,unclassified,2010,balance,551.3
IT,SITC9,unclassified,2010,balance,396.8
LT,SITC9,unclassified,2010,balance,-0.1
LU,SITC9,unclassified,2010,balance,-265.1
LV,SITC9,unclassified,2010,balance,-89.7
MT,SITC9,unclassified,2010,balance,-14.3
NL,SITC9,unclassified,2010,balance,716.6
PL,SITC9,unclassified,2010,balance,-2790.4
PT,SITC9,unclassified,2010,balance,229.6
RO,SITC9,unclassified,2010,balance,0.0
SE,SITC9,unclassified,2010,balance,521.8
SI,SITC9,unclassified,2010,balance,-45.9
SK,SITC9,unclassified,2010,balance,-35.5
AT,SITC0_1,food_drinks_tobacco,2010,export,7993.3
BE,SITC0_1,food_drinks_tobacco,2010,export,26021.7
BG,SITC0_1,food_drinks_tobacco,2010,export,2007.0
CY,SITC0_1,food_drinks_tobacco,2010,export,205.0
CZ,SITC0_1,food_drinks_tobacco,2010,export,3684.4
DE,SITC0_1,food_drinks_tobacco,2010,export,49528.4
DK,SITC0_1,food_drinks_tobacco,2010,export,13862.6
EE,SITC0_1,food_drinks_tobacco,2010,export,754.1
EL,SITC0_1,food_drinks_tobacco,2010,export,3871.2
ES,SITC0_1,food_drinks_tobacco,2010,export,26625.2
FI,SITC0_1,food_drinks_tobacco,2010,export,1279.9
FR,SITC0_1,food_drinks_tobacco,2010,export,45567.2
HR,SITC0_1,food_drinks_tobacco,2010,export,949.3
HU,SITC0_1,food_drinks_tobacco,2010,export,4991.3
IE,SITC0_1,food_drinks_tobacco,2010,export,7963.2
IT,SITC0_1,food_drinks_tobacco,2010,export,25057.9
LT,SITC0_1,food_drinks_tobacco,2010,export,2599.4
LU,SITC0_1,food_drinks_tobacco,2010,export,869.5
LV,SITC0_1,food_drinks_tobacco,2010,export,1167.2
MT,SITC0_1,food_drinks_tobacco,2010,export,136.1
NL,SITC0_1,food_drinks_tobacco,2010,export,53582.3
PL,SITC0_1,food_drinks_tobacco,2010,export,12708.3
PT,SITC0_1,food_drinks_tobacco,2010,export,3913.6
RO,SITC0_1,food_drinks_tobacco,2010,export,2352.2
SE,SITC0_1,food_drinks_tobacco,2010,export,5477.5
SI,SITC0_1,food_drinks_tobacco,2010,export,1137.2
SK,SITC0_1,food_drinks_tobacco,2010,export,1878.1
AT,SITC2_4,raw_materials,2010,export,3963.0
BE,SITC2_4,raw_materials,2010,export,9117.9
BG,SITC2_4,raw_materials,2010,export,1467.3
CY,SITC2_4,raw_materials,2010,export,73.2
CZ,SITC2_4,raw_materials,2010,export,3221.5
DE,SITC2_4,raw_materials,2010,export,21083.7
DK,SITC2_4,raw_materials,2010,export,3497.5
EE,SITC2_4,raw_materials,2010,export,846.7
EL,SITC2_4,raw_materials,2010,export,1379.7
ES,SITC2_4,raw_materials,2010,export,7501.1
FI,SITC2_4,raw_materials,2010,export,3636.7
FR,SITC2_4,raw_materials,2010,export,11022.7
HR,SITC2_4,raw_materials,2010,export,622.0
HU,SITC2_4,raw_materials,2010,export,1778.3
IE,SITC2_4,raw_materials,2010,export,1471.8
IT,SITC2_4,raw_materials,2010,export,6230.8
LT,SITC2_4,raw_materials,2010,export,721.9
LU,SITC2_4,raw_materials,2010,export,139.2
LV,SITC2_4,raw_materials,2010,export,1188.0
MT,SITC2_4,raw_materials,2010,export,13.7
NL,SITC2_4,raw_materials,2010,export,26307.7
PL,SITC2_4,raw_materials,2010,export,3040.8
PT,SITC2_4,raw_materials,2010,export,2371.6
RO,SITC2_4,raw_materials,2010,export,2576.3
SE,SITC2_4,raw_materials,2010,export,8273.0
SI,SITC2_4,raw_materials,2010,export,946.5
SK,SITC2_4,raw_materials,2010,export,1476.2
AT,SITC3,mineral_fuels,2010,export,3597.8
BE,SITC3,mineral_fuels,2010,export,27361.8
BG,SITC3,mineral_fuels,2010,export,2102.2
CY,SITC3,mineral_fuels,2010,export,162.2
CZ,SITC3,mineral_fuels,2010,export,3719.3
DE,SITC3,mineral_fuels,2010,export,20384.3
DK,SITC3,mineral_fuels,2010,export,6953.2
EE,SITC3,mineral_fuels,2010,export,1355.6
EL,SITC3,mineral_fuels,2010,export,5421.3
ES,SITC3,mineral_fuels,2010,export,12590.0
FI,SITC3,mineral_fuels,2010,export,4270.2
FR,SITC3,mineral_fuels,2010,export,15471.2
HR,SITC3,mineral_fuels,2010,export,1113.1
HU,SITC3,mineral_fuels,2010,export,2030.5
IE,SITC3,mineral_fuels,2010,export,895.0
IT,SITC3,mineral_fuels,2010,export,16410.5
LT,SITC3,mineral_fuels,2010,export,3672.3
LU,SITC3,mineral_fuels,2010,export,99.1
LV,SITC3,mineral_fuels,2010,export,373.3
MT,SITC3,mineral_fuels,2010,export,641.9
NL,SITC3,mineral_fuels,2010,export,64087.5
PL,SITC3,mineral_fuels,2010,export,4954.1
PT,SITC3,mineral_fuels,2010,export,2389.0
RO,SITC3,mineral_fuels,2010,export,1978.5
SE,SITC3,mineral_fuels,2010,export,8979.0
SI,SITC3,mineral_fuels,2010,export,801.3
SK,SITC3,mineral_fuels,2010,export,2634.9
AT,SITC5,chemicals,2010,export,14652.5
BE,SITC5,chemicals,2010,export,97287.3
BG,SITC5,chemicals,2010,export,1239.5
CY,SITC5,chemicals,2010,export,266.3
CZ,SITC5,chemicals,2010,export,6501.1
DE,SITC5,chemicals,2010,export,152369.5
DK,SITC5,chemicals,2010,export,11796.2
EE,SITC5,chemicals,2010,export,486.4
EL,SITC5,chemicals,2010,export,2548.5
ES,SITC5,chemicals,2010,export,27626.6
FI,SITC5,chemicals,2010,export,5549.1
FR,SITC5,chemicals,2010,export,75255.9
HR,SITC5,chemicals,2010,export,1013.5
HU,SITC5,chemicals,2010,export,6771.2
IE,SITC5,chemicals,2010,export,52860.2
IT,SITC5,chemicals,2010,export,40368.8
LT,SITC5,chemicals,2010,export,2051.1
LU,SITC5,chemicals,2010,export,880.1
LV,SITC5,chemicals,2010,export,612.2
MT,SITC5,chemicals,2010,export,273.6
NL,SITC5,chemicals,2010,export,73802.1
PL,SITC5,chemicals,2010,export,10305.4
PT,SITC5,chemicals,2010,export,3070.4
RO,SITC5,chemicals,2010,export,2177.4
SE,SITC5,chemicals,2010,export,14512.1
SI,SITC5,chemicals,2010,export,3254.8
SK,SITC5,chemicals,2010,export,2277.8
AT,SITC6_8,other_manufactured,2010,export,40120.2
BE,SITC6_8,other_manufactured,2010,export,81125.1
BG,SITC6_8,other_manufactured,2010,export,6113.3
CY,SITC6_8,other_manufactured,2010,export,154.9
CZ,SITC6_8,other_manufactured,2010,export,28299.9
DE,SITC6_8,other_manufactured,2010,export,230830.8
DK,SITC6_8,other_manufactured,2010,export,17888.5
EE,SITC6_8,other_manufactured,2010,export,2699.1
EL,SITC6_8,other_manufactured,2010,export,5248.1
ES,SITC6_8,other_manufactured,2010,export,49357.4
FI,SITC6_8,other_manufactured,2010,export,20094.1
FR,SITC6_8,other_manufactured,2010,export,90322.4
HR,SITC6_8,other_manufactured,2010,export,2380.9
HU,SITC6_8,other_manufactured,2010,export,13008.1
IE,SITC6_8,other_manufactured,2010,export,12313.7
IT,SITC6_8,other_manufactured,2010,export,123807.7
LT,SITC6_8,other_manufactured,2010,export,3790.4
LU,SITC6_8,other_manufactured,2010,export,6008.0
LV,SITC6_8,other_manufactured,2010,export,2388.8
MT,SITC6_8,other_manufactured,2010,export,444.4
NL,SITC6_8,other_manufactured,2010,export,80587.6
PL,SITC6_8,other_manufactured,2010,export,39906.1
PT,SITC6_8,other_manufactured,2010,export,15099.4
RO,SITC6_8,other_manufactured,2010,export,12481.3
SE,SITC6_8,other_manufactured,2010,export,34453.5
SI,SITC6_8,other_manufactured,2010,export,7166.7
SK,SITC6_8,other_manufactured,2010,export,14446.2
AT,SITC7,machinery_transport,2010,export,43728.5
BE,SITC7,machinery_transport,2010,export,62742.0
BG,SITC7,machinery_transport,2010,export,2605.5
CY,SITC7,machinery_transport,2010,export,184.5
CZ,SITC7,machinery_transport,2010,export,54766.3
DE,SITC7,machinery_transport,2010,export,461432.3
DK,SITC7,machinery_transport,2010,export,18038.6
EE,SITC7,machinery_transport,2010,export,2542.0
EL,SITC7,machinery_transport,2010,export,2161.7
ES,SITC7,machinery_transport,2010,export,64974.9
FI,SITC7,machinery_transport,2010,export,17435.2
FR,SITC7,machinery_transport,2010,export,152071.6
HR,SITC7,machinery_transport,2010,export,2819.5
HU,SITC7,machinery_transport,2010,export,43356.5
IE,SITC7,machinery_transport,2010,export,10801.2
IT,SITC7,machinery_transport,2010,export,120934.9
LT,SITC7,machinery_transport,2010,export,2809.6
LU,SITC7,machinery_transport,2010,export,5953.7
LV,SITC7,machinery_transport,2010,export,1439.8
MT,SITC7,machinery_transport,2010,export,1166.7
NL,SITC7,machinery_transport,2010,export,132610.9
PL,SITC7,machinery_transport,2010,export,49506.4
PT,SITC7,machinery_transport,2010,export,10106.0
RO,SITC7,machinery_transport,2010,export,15832.7
SE,SITC7,machinery_transport,2010,export,47317.7
SI,SITC7,machinery_transport,2010,export,8707.6
SK,SITC7,machinery_transport,2010,export,26886.2
AT,SITC9,unclassified,2010,export,1023.3
BE,SITC9,unclassified,2010,export,3874.2
BG,SITC9,unclassified,2010,export,26.6
CY,SITC9,unclassified,2010,export,11.6
CZ,SITC9,unclassified,2010,export,118.0
DE,SITC9,unclassified,2010,export,14000.5
DK,SITC9,unclassified,2010,export,710.0
EE,SITC9,unclassified,2010,export,59.1
EL,SITC9,unclassified,2010,export,530.9
ES,SITC9,unclassified,2010,export,3236.6
FI,SITC9,unclassified,2010,export,173.4
FR,SITC9,unclassified,2010,export,5376.1
HR,SITC9,unclassified,2010,export,6.9
HU,SITC9,unclassified,2010,export,88.3
IE,SITC9,unclassified,2010,export,2355.2
IT,SITC9,unclassified,2010,export,4596.8
LT,SITC9,unclassified,2010,export,6.0
LU,SITC9,unclassified,2010,export,230.8
LV,SITC9,unclassified,2010,export,21.3
MT,SITC9,unclassified,2010,export,28.4
NL,SITC9,unclassified,2010,export,2195.0
PL,SITC9,unclassified,2010,export,61.5
PT,SITC9,unclassified,2010,export,318.0
RO,SITC9,unclassified,2010,export,0.0
SE,SITC9,unclassified,2010,export,583.9
SI,SITC9,unclassified,2010,export,12.8
SK,SITC9,unclassified,2010,export,144.6
AT,SITC0_1,food_drinks_tobacco,2010,import,8249.6
BE,SITC0_1,food_drinks_tobacco,2010,import,21910.5
BG,SITC0_1,food_drinks_tobacco,2010,import,1714.2
CY,SITC0_1,food_drinks_tobacco,2010,import,886.7
CZ,SITC0_1,food_drinks_tobacco,2010,import,5025.8
DE,SITC0_1,food_drinks_tobacco,2010,import,55453.7
DK,SITC0_1,food_drinks_tobacco,2010,import,8344.0
EE,SITC0_1,food_drinks_tobacco,2010,import,961.7
EL,SITC0_1,food_drinks_tobacco,2010,import,5814.1
ES,SITC0_1,food_drinks_tobacco,2010,import,23101.8
FI,SITC0_1,food_drinks_tobacco,2010,import,3378.4
FR,SITC0_1,food_drinks_tobacco,2010,import,36686.8
HR,SITC0_1,food_drinks_tobacco,2010,import,1498.3
HU,SITC0_1,food_drinks_tobacco,2010,import,3307.0
IE,SITC0_1,food_drinks_tobacco,2010,import,5400.0
IT,SITC0_1,food_drinks_tobacco,2010,import,30346.2
LT,SITC0_1,food_drinks_tobacco,2010,import,2108.0
LU,SITC0_1,food_drinks_tobacco,2010,import,1786.3
LV,SITC0_1,food_drinks_tobacco,2010,import,1325.9
MT,SITC0_1,food_drinks_tobacco,2010,import,448.9
NL,SITC0_1,food_drinks_tobacco,2010,import,33891.1
PL,SITC0_1,food_drinks_tobacco,2010,import,9598.9
PT,SITC0_1,food_drinks_tobacco,2010,import,7097.1
RO,SITC0_1,food_drinks_tobacco,2010,import,3288.4
SE,SITC0_1,food_drinks_tobacco,2010,import,9504.1
SI,SITC0_1,food_drinks_tobacco,2010,import,1862.3
SK,SITC0_1,food_drinks_tobacco,2010,import,2964.3
AT,SITC2_4,raw_materials,2010,import,6288.9
BE,SITC2_4,raw_materials,2010,import,13701.2
BG,SITC2_4,raw_materials,2010,import,1744.4
CY,SITC2_4,raw_materials,2010,import,92.6
CZ,SITC2_4,raw_materials,2010,import,2724.6
DE,SITC2_4,raw_materials,2010,import,35655.9
DK,SITC2_4,raw_materials,2010,import,2339.9
EE,SITC2_4,raw_materials,2010,import,319.2
EL,SITC2_4,raw_materials,2010,import,1505.2
ES,SITC2_4,raw_materials,2010,import,12375.9
FI,SITC2_4,raw_materials,2010,import,5064.8
FR,SITC2_4,raw_materials,2010,import,13109.9
HR,SITC2_4,raw_materials,2010,import,312.0
HU,SITC2_4,raw_materials,2010,import,1468.9
IE,SITC2_4,raw_materials,2010,import,858.9
IT,SITC2_4,raw_materials,2010,import,18389.4
LT,SITC2_4,raw_materials,2010,import,684.3
LU,SITC2_4,raw_materials,2010,import,1503.4
LV,SITC2_4,raw_materials,2010,import,405.4
MT,SITC2_4,raw_materials,2010,import,38.2
NL,SITC2_4,raw_materials,2010,import,20782.9
PL,SITC2_4,raw_materials,2010,import,4528.3
PT,SITC2_4,raw_materials,2010,import,2426.2
RO,SITC2_4,raw_materials,2010,import,1647.5
SE,SITC2_4,raw_materials,2010,import,4253.4
SI,SITC2_4,raw_materials,2010,import,1428.6
SK,SITC2_4,raw_materials,2010,import,1992.0
AT,SITC3,mineral_fuels,2010,import,12154.7
BE,SITC3,mineral_fuels,2010,import,40843.8
BG,SITC3,mineral_fuels,2010,import,4286.3
CY,SITC3,mineral_fuels,2010,import,1312.4
CZ,SITC3,mineral_fuels,2010,import,9162.1
DE,SITC3,mineral_fuels,2010,import,94098.7
DK,SITC3,mineral_fuels,2010,import,4716.1
EE,SITC3,mineral_fuels,2010,import,1580.6
EL,SITC3,mineral_fuels,2010,import,12278.5
ES,SITC3,mineral_fuels,2010,import,44201.0
FI,SITC3,mineral_fuels,2010,import,9526.5
FR,SITC3,mineral_fuels,2010,import,62815.3
HR,SITC3,mineral_fuels,2010,import,2843.5
HU,SITC3,mineral_fuels,2010,import,7086.2
IE,SITC3,mineral_fuels,2010,import,5601.3
IT,SITC3,mineral_fuels,2010,import,67793.2
LT,SITC3,mineral_fuels,2010,import,5654.6
LU,SITC3,mineral_fuels,2010,import,2041.5
LV,SITC3,mineral_fuels,2010,import,1249.6
MT,SITC3,mineral_fuels,2010,import,572.0
NL,SITC3,mineral_fuels,2010,import,73408.5
PL,SITC3,mineral_fuels,2010,import,14403.5
PT,SITC3,mineral_fuels,2010,import,8421.3
RO,SITC3,mineral_fuels,2010,import,4730.8
SE,SITC3,mineral_fuels,2010,import,15044.6
SI,SITC3,mineral_fuels,2010,import,2619.3
SK,SITC3,mineral_fuels,2010,import,6494.5
AT,SITC5,chemicals,2010,import,14927.7
BE,SITC5,chemicals,2010,import,74341.4
BG,SITC5,chemicals,2010,import,2253.4
CY,SITC5,chemicals,2010,import,630.7
CZ,SITC5,chemicals,2010,import,10188.7
DE,SITC5,chemicals,2010,import,106269.5
DK,SITC5,chemicals,2010,import,7281.8
EE,SITC5,chemicals,2010,import,1025.0
EL,SITC5,chemicals,2010,import,7530.4
ES,SITC5,chemicals,2010,import,35816.5
FI,SITC5,chemicals,2010,import,6093.0
FR,SITC5,chemicals,2010,import,64724.8
HR,SITC5,chemicals,2010,import,2137.2
HU,SITC5,chemicals,2010,import,7405.5
IE,SITC5,chemicals,2010,import,8755.5
IT,SITC5,chemicals,2010,import,50493.1
LT,SITC5,chemicals,2010,import,2440.3
LU,SITC5,chemicals,2010,import,1694.8
LV,SITC5,chemicals,2010,import,1226.3
MT,SITC5,chemicals,2010,import,375.5
NL,SITC5,chemicals,2010,import,53970.7
PL,SITC5,chemicals,2010,import,19144.6
PT,SITC5,chemicals,2010,import,7389.4
RO,SITC5,chemicals,2010,import,6210.8
SE,SITC5,chemicals,2010,import,12797.3
SI,SITC5,chemicals,2010,import,2868.5
SK,SITC5,chemicals,2010,import,4189.5
AT,SITC6_8,other_manufactured,2010,import,36593.2
BE,SITC6_8,other_manufactured,2010,import,71493.2
BG,SITC6_8,other_manufactured,2010,import,4656.1
CY,SITC6_8,other_manufactured,2010,import,1844.5
CZ,SITC6_8,other_manufactured,2010,import,26812.8
DE,SITC6_8,other_manufactured,2010,import,202091.1
DK,SITC6_8,other_manufactured,2010,import,19603.5
EE,SITC6_8,other_manufactured,2010,import,2508.2
EL,SITC6_8,other_manufactured,2010,import,11695.9
ES,SITC6_8,other_manufactured,2010,import,58244.6
FI,SITC6_8,other_manufactured,2010,import,11733.0
FR,SITC6_8,other_manufactured,2010,import,124429.3
HR,SITC6_8,other_manufactured,2010,import,4461.1
HU,SITC6_8,other_manufactured,2010,import,13461.5
IE,SITC6_8,other_manufactured,2010,import,9584.9
IT,SITC6_8,other_manufactured,2010,import,93820.5
LT,SITC6_8,other_manufactured,2010,import,3229.3
LU,SITC6_8,other_manufactured,2010,import,4680.8
LV,SITC6_8,other_manufactured,2010,import,2409.2
MT,SITC6_8,other_manufactured,2010,import,710.2
NL,SITC6_8,other_manufactured,2010,import,84260.9
PL,SITC6_8,other_manufactured,2010,import,37723.4
PT,SITC6_8,other_manufactured,2010,import,15499.5
RO,SITC6_8,other_manufactured,2010,import,14404.2
SE,SITC6_8,other_manufactured,2010,import,28861.3
SI,SITC6_8,other_manufactured,2010,import,6577.7
SK,SITC6_8,other_manufactured,2010,import,12962.1
AT,SITC7,machinery_transport,2010,import,39930.8
BE,SITC7,machinery_transport,2010,import,69100.9
BG,SITC7,machinery_transport,2010,import,4476.5
CY,SITC7,machinery_transport,2010,import,1694.6
CZ,SITC7,machinery_transport,2010,import,41489.5
DE,SITC7,machinery_transport,2010,import,290493.3
DK,SITC7,machinery_transport,2010,import,19755.3
EE,SITC7,machinery_transport,2010,import,2833.6
EL,SITC7,machinery_transport,2010,import,10164.0
ES,SITC7,machinery_transport,2010,import,71745.9
FI,SITC7,machinery_transport,2010,import,16069.6
FR,SITC7,machinery_transport,2010,import,157363.3
HR,SITC7,machinery_transport,2010,import,3880.4
HU,SITC7,machinery_transport,2010,import,33682.5
IE,SITC7,machinery_transport,2010,import,15702.7
IT,SITC7,machinery_transport,2010,import,102347.4
LT,SITC7,machinery_transport,2010,import,3530.4
LU,SITC7,machinery_transport,2010,import,6510.8
LV,SITC7,machinery_transport,2010,import,2091.5
MT,SITC7,machinery_transport,2010,import,1631.0
NL,SITC7,machinery_transport,2010,import,119041.0
PL,SITC7,machinery_transport,2010,import,46055.2
PT,SITC7,machinery_transport,2010,import,17725.6
RO,SITC7,machinery_transport,2010,import,16568.1
SE,SITC7,machinery_transport,2010,import,41829.6
SI,SITC7,machinery_transport,2010,import,7304.5
SK,SITC7,machinery_transport,2010,import,21472.8
AT,SITC9,unclassified,2010,import,1798.6
BE,SITC9,unclassified,2010,import,3681.0
BG,SITC9,unclassified,2010,import,114.2
CY,SITC9,unclassified,2010,import,2.3
CZ,SITC9,unclassified,2010,import,132.6
DE,SITC9,unclassified,2010,import,11603.5
DK,SITC9,unclassified,2010,import,607.1
EE,SITC9,unclassified,2010,import,40.0
EL,SITC9,unclassified,2010,import,660.3
ES,SITC9,unclassified,2010,import,1188.1
FI,SITC9,unclassified,2010,import,34.0
FR,SITC9,unclassified,2010,import,1811.7
HR,SITC9,unclassified,2010,import,4.5
HU,SITC9,unclassified,2010,import,102.7
IE,SITC9,unclassified,2010,import,1804.0
IT,SITC9,unclassified,2010,import,4200.0
LT,SITC9,unclassified,2010,import,6.2
LU,SITC9,unclassified,2010,import,495.9
LV,SITC9,unclassified,2010,import,111.0
MT,SITC9,unclassified,2010,import,42.6
NL,SITC9,unclassified,2010,import,1478.4
PL,SITC9,unclassified,2010,import,2851.9
PT,SITC9,unclassified,2010,import,88.4
RO,SITC9,unclassified,2010,import,0.0
SE,SITC9,unclassified,2010,import,62.1
SI,SITC9,unclassified,2010,import,58.7
SK,SITC9,unclassified,2010,import,180.1
AT,SITC0_1,food_drinks_tobacco,2011,balance,-179.8
BE,SITC0_1,food_drinks_tobacco,2011,balance,3858.5
BG,SITC0_1,food_drinks_tobacco,2011,balance,287.2
CY,SITC0_1,food_drinks_tobacco,2011,balance,-683.2
CZ,SITC0_1,food_drinks_tobacco,2011,balance,-1262.3
DE,SITC0_1,food_drinks_tobacco,2011,balance,-6312.0
DK,SITC0_1,food_drinks_tobacco,2011,balance,5552.8
EE,SITC0_1,food_drinks_tobacco,2011,balance,-273.1
EL,SITC0_1,food_drinks_tobacco,2011,balance,-1876.0
ES,SITC0_1,food_drinks_tobacco,2011,balance,4089.7
FI,SITC0_1,food_drinks_tobacco,2011,balance,-2300.0
FR,SITC0_1,food_drinks_tobacco,2011,balance,11867.3
HR,SITC0_1,food_drinks_tobacco,2011,balance,-663.6
HU,SITC0_1,food_drinks_tobacco,2011,balance,2132.2
IE,SITC0_1,food_drinks_tobacco,2011,balance,2976.6
IT,SITC0_1,food_drinks_tobacco,2011,balance,-6458.2
LT,SITC0_1,food_drinks_tobacco,2011,balance,549.8
LU,SITC0_1,food_drinks_tobacco,2011,balance,-905.9
LV,SITC0_1,food_drinks_tobacco,2011,balance,-171.9
MT,SITC0_1,food_drinks_tobacco,2011,balance,-345.0
NL,SITC0_1,food_drinks_tobacco,2011,balance,19378.0
PL,SITC0_1,food_drinks_tobacco,2011,balance,3541.4
PT,SITC0_1,food_drinks_tobacco,2011,balance,-3288.3
RO,SITC0_1,food_drinks_tobacco,2011,balance,-825.6
SE,SITC0_1,food_drinks_tobacco,2011,balance,-4578.7
SI,SITC0_1,food_drinks_tobacco,2011,balance,-852.4
SK,SITC0_1,food_drinks_tobacco,2011,balance,-959.5
AT,SITC2_4,raw_materials,2011,balance,-2987.2
BE,SITC2_4,raw_materials,2011,balance,-5905.5
BG,SITC2_4,raw_materials,2011,balance,-244.0
CY,SITC2_4,raw_materials,2011,balance,5.7
CZ,SITC2_4,raw_materials,2011,balance,9.8
DE,SITC2_4,raw_materials,2011,balance,-18626.7
DK,SITC2_4,raw_materials,2011,balance,1333.8
EE,SITC2_4,raw_materials,2011,balance,584.9
EL,SITC2_4,raw_materials,2011,balance,-320.5
ES,SITC2_4,raw_materials,2011,balance,-5454.9
FI,SITC2_4,raw_materials,2011,balance,-1376.0
FR,SITC2_4,raw_materials,2011,balance,-1868.0
HR,SITC2_4,raw_materials,2011,balance,417.9
HU,SITC2_4,raw_materials,2011,balance,547.9
IE,SITC2_4,raw_materials,2011,balance,845.0
IT,SITC2_4,raw_materials,2011,balance,-14557.4
LT,SITC2_4,raw_materials,2011,balance,40.7
LU,SITC2_4,raw_materials,2011,balance,-1656.2
LV,SITC2_4,raw_materials,2011,balance,942.3
MT,SITC2_4,raw_materials,2011,balance,-12.3
NL,SITC2_4,raw_materials,2011,balance,4730.5
PL,SITC2_4,raw_materials,2011,balance,-2432.6
PT,SITC2_4,raw_materials,2011,balance,-257.4
RO,SITC2_4,raw_materials,2011,balance,1279.2
SE,SITC2_4,raw_materials,2011,balance,4269.7
SI,SITC2_4,raw_materials,2011,balance,-476.9
SK,SITC2_4,raw_materials,2011,balance,-554.8
AT,SITC3,mineral_fuels,2011,balance,-11379.2
BE,SITC3,mineral_fuels,2011,balance,-17588.6
BG,SITC3,mineral_fuels,2011,balance,-2591.8
CY,SITC3,mineral_fuels,2011,balance,-1332.4
CZ,SITC3,mineral_fuels,2011,balance,-7183.4
DE,SITC3,mineral_fuels,2011,balance,-95829.1
DK,SITC3,mineral_fuels,2011,balance,1625.9
EE,SITC3,mineral_fuels,2011,balance,-62.9
EL,SITC3,mineral_fuels,2011,balance,-7414.4
ES,SITC3,mineral_fuels,2011,balance,-40059.9
FI,SITC3,mineral_fuels,2011,balance,-7350.4
FR,SITC3,mineral_fuels,2011,balance,-62138.4
HR,SITC3,mineral_fuels,2011,balance,-2398.4
HU,SITC3,mineral_fuels,2011,balance,-6089.7
IE,SITC3,mineral_fuels,2011,balance,-5612.3
IT,SITC3,mineral_fuels,2011,balance,-59809.2
LT,SITC3,mineral_fuels,2011,balance,-2382.4
LU,SITC3,mineral_fuels,2011,balance,-2534.5
LV,SITC3,mineral_fuels,2011,balance,-1110.6
MT,SITC3,mineral_fuels,2011,balance,-194.5
NL,SITC3,mineral_fuels,2011,balance,-12475.5
PL,SITC3,mineral_fuels,2011,balance,-12435.9
PT,SITC3,mineral_fuels,2011,balance,-7378.7
RO,SITC3,mineral_fuels,2011,balance,-3617.3
SE,SITC3,mineral_fuels,2011,balance,-7275.6
SI,SITC3,mineral_fuels,2011,balance,-2287.2
SK,SITC3,mineral_fuels,2011,balance,-4829.9
AT,SITC5,chemicals,2011,balance,-546.4
BE,SITC5,chemicals,2011,balance,23772.2
BG,SITC5,chemicals,2011,balance,-1033.6
CY,SITC5,chemicals,2011,balance,-289.4
CZ,SITC5,chemicals,2011,balance,-4617.1
DE,SITC5,chemicals,2011,balance,46872.5
DK,SITC5,chemicals,2011,balance,4822.5
EE,SITC5,chemicals,2011,balance,-607.5
EL,SITC5,chemicals,2011,balance,-4741.1
ES,SITC5,chemicals,2011,balance,-9024.2
FI,SITC5,chemicals,2011,balance,-506.0
FR,SITC5,chemicals,2011,balance,7768.6
HR,SITC5,chemicals,2011,balance,-1149.9
HU,SITC5,chemicals,2011,balance,-572.8
IE,SITC5,chemicals,2011,balance,45611.9
IT,SITC5,chemicals,2011,balance,-12441.8
LT,SITC5,chemicals,2011,balance,-206.7
LU,SITC5,chemicals,2011,balance,-1020.3
LV,SITC5,chemicals,2011,balance,-612.3
MT,SITC5,chemicals,2011,balance,-163.0
NL,SITC5,chemicals,2011,balance,26853.3
PL,SITC5,chemicals,2011,balance,-9346.4
PT,SITC5,chemicals,2011,balance,-4097.7
RO,SITC5,chemicals,2011,balance,-4421.6
SE,SITC5,chemicals,2011,balance,255.9
SI,SITC5,chemicals,2011,balance,498.3
SK,SITC5,chemicals,2011,balance,-2189.3
AT,SITC6_8,other_manufactured,2011,balance,2914.4
BE,SITC6_8,other_manufactured,2011,balance,8227.6
BG,SITC6_8,other_manufactured,2011,balance,2421.5
CY,SITC6_8,other_manufactured,2011,balance,-1449.6
CZ,SITC6_8,other_manufactured,2011,balance,2652.4
DE,SITC6_8,other_manufactured,2011,balance,25150.8
DK,SITC6_8,other_manufactured,2011,balance,-1315.4
EE,SITC6_8,other_manufactured,2011,balance,359.7
EL,SITC6_8,other_manufactured,2011,balance,-4253.0
ES,SITC6_8,other_manufactured,2011,balance,-5449.5
FI,SITC6_8,other_manufactured,2011,balance,8617.4
FR,SITC6_8,other_manufactured,2011,balance,-38150.4
HR,SITC6_8,other_manufactured,2011,balance,-2177.0
HU,SITC6_8,other_manufactured,2011,balance,-204.0
IE,SITC6_8,other_manufactured,2011,balance,2344.2
IT,SITC6_8,other_manufactured,2011,balance,34301.6
LT,SITC6_8,other_manufactured,2011,balance,589.9
LU,SITC6_8,other_manufactured,2011,balance,1434.0
LV,SITC6_8,other_manufactured,2011,balance,-193.3
MT,SITC6_8,other_manufactured,2011,balance,-188.5
NL,SITC6_8,other_manufactured,2011,balance,-4006.6
PL,SITC6_8,other_manufactured,2011,balance,3803.2
PT,SITC6_8,other_manufactured,2011,balance,1349.9
RO,SITC6_8,other_manufactured,2011,balance,-1587.0
SE,SITC6_8,other_manufactured,2011,balance,5535.0
SI,SITC6_8,other_manufactured,2011,balance,935.8
SK,SITC6_8,other_manufactured,2011,balance,1344.3
AT,SITC7,machinery_transport,2011,balance,3480.7
BE,SITC7,machinery_transport,2011,balance,-6231.3
BG,SITC7,machinery_transport,2011,balance,-1959.5
CY,SITC7,machinery_transport,2011,balance,-1148.2
CZ,SITC7,machinery_transport,2011,balance,18240.6
DE,SITC7,machinery_transport,2011,balance,203912.2
DK,SITC7,machinery_transport,2011,balance,-446.5
EE,SITC7,machinery_transport,2011,balance,-608.9
EL,SITC7,machinery_transport,2011,balance,-5561.3
ES,SITC7,machinery_transport,2011,balance,1955.6
FI,SITC7,machinery_transport,2011,balance,-1050.0
FR,SITC7,machinery_transport,2011,balance,-11016.4
HR,SITC7,machinery_transport,2011,balance,-768.8
HU,SITC7,machinery_transport,2011,balance,11327.3
IE,SITC7,machinery_transport,2011,balance,-6595.2
IT,SITC7,machinery_transport,2011,balance,31181.5
LT,SITC7,machinery_transport,2011,balance,-1271.3
LU,SITC7,machinery_transport,2011,balance,-961.7
LV,SITC7,machinery_transport,2011,balance,-1136.4
MT,SITC7,machinery_transport,2011,balance,-457.5
NL,SITC7,machinery_transport,2011,balance,16550.2
PL,SITC7,machinery_transport,2011,balance,4689.3
PT,SITC7,machinery_transport,2011,balance,-3551.8
RO,SITC7,machinery_transport,2011,balance,-489.5
SE,SITC7,machinery_transport,2011,balance,8333.8
SI,SITC7,machinery_transport,2011,balance,1649.3
SK,SITC7,machinery_transport,2011,balance,6978.3
AT,SITC9,unclassified,2011,balance,-1352.7
BE,SITC9,unclassified,2011,balance,137.9
BG,SITC9,unclassified,2011,balance,-21.7
CY,SITC9,unclassified,2011,balance,-30.7
CZ,SITC9,unclassified,2011,balance,-71.2
DE,SITC9,unclassified,2011,balance,2243.0
DK,SITC9,unclassified,2011,balance,65.5
EE,SITC9,unclassified,2011,balance,68.6
EL,SITC9,unclassified,2011,balance,520.6
ES,SITC9,unclassified,2011,balance,3616.1
FI,SITC9,unclassified,2011,balance,285.5
FR,SITC9,unclassified,2011,balance,4776.0
HR,SITC9,unclassified,2011,balance,40.9
HU,SITC9,unclassified,2011,balance,-48.9
IE,SITC9,unclassified,2011,balance,-476.1
IT,SITC9,unclassified,2011,balance,2259.7
LT,SITC9,unclassified,2011,balance,5.1
LU,SITC9,unclassified,2011,balance,-97.8
LV,SITC9,unclassified,2011,balance,12.4
MT,SITC9,unclassified,2011,balance,-9.1
NL,SITC9,unclassified,2011,balance,1222.5
PL,SITC9,unclassified,2011,balance,-3552.2
PT,SITC9,unclassified,2011,balance,500.7
RO,SITC9,unclassified,2011,balance,3.0
SE,SITC9,unclassified,2011,balance,598.7
SI,SITC9,unclassified,2011,balance,-77.3
SK,SITC9,unclassified,2011,balance,-93.4
AT,SITC0_1,food_drinks_tobacco,2011,export,8793.6
BE,SITC0_1,food_drinks_tobacco,2011,export,28465.1
BG,SITC0_1,food_drinks_tobacco,2011,export,2334.0
CY,SITC0_1,food_drinks_tobacco,2011,export,232.1
CZ,SITC0_1,food_drinks_tobacco,2011,export,4407.5
DE,SITC0_1,food_drinks_tobacco,2011,export,54756.0
DK,SITC0_1,food_drinks_tobacco,2011,export,14493.8
EE,SITC0_1,food_drinks_tobacco,2011,export,918.0
EL,SITC0_1,food_drinks_tobacco,2011,export,4067.8
ES,SITC0_1,food_drinks_tobacco,2011,export,29299.4
FI,SITC0_1,food_drinks_tobacco,2011,export,1523.9
FR,SITC0_1,food_drinks_tobacco,2011,export,51778.1
HR,SITC0_1,food_drinks_tobacco,2011,export,1024.1
HU,SITC0_1,food_drinks_tobacco,2011,export,6070.0
IE,SITC0_1,food_drinks_tobacco,2011,export,8798.8
IT,SITC0_1,food_drinks_tobacco,2011,export,27047.7
LT,SITC0_1,food_drinks_tobacco,2011,export,3082.3
LU,SITC0_1,food_drinks_tobacco,2011,export,945.3
LV,SITC0_1,food_drinks_tobacco,2011,export,1361.2
MT,SITC0_1,food_drinks_tobacco,2011,export,132.9
NL,SITC0_1,food_drinks_tobacco,2011,export,57368.1
PL,SITC0_1,food_drinks_tobacco,2011,export,14280.4
PT,SITC0_1,food_drinks_tobacco,2011,export,4322.9
RO,SITC0_1,food_drinks_tobacco,2011,export,2917.5
SE,SITC0_1,food_drinks_tobacco,2011,export,5826.2
SI,SITC0_1,food_drinks_tobacco,2011,export,1143.5
SK,SITC0_1,food_drinks_tobacco,2011,export,2333.5
AT,SITC2_4,raw_materials,2011,export,4353.7
BE,SITC2_4,raw_materials,2011,export,10557.0
BG,SITC2_4,raw_materials,2011,export,2197.4
CY,SITC2_4,raw_materials,2011,export,98.4
CZ,SITC2_4,raw_materials,2011,export,3506.0
DE,SITC2_4,raw_materials,2011,export,24736.1
DK,SITC2_4,raw_materials,2011,export,4080.6
EE,SITC2_4,raw_materials,2011,export,971.7
EL,SITC2_4,raw_materials,2011,export,1353.8
ES,SITC2_4,raw_materials,2011,export,9200.2
FI,SITC2_4,raw_materials,2011,export,4154.6
FR,SITC2_4,raw_materials,2011,export,13467.3
HR,SITC2_4,raw_materials,2011,export,767.6
HU,SITC2_4,raw_materials,2011,export,2489.9
IE,SITC2_4,raw_materials,2011,export,1818.7
IT,SITC2_4,raw_materials,2011,export,6965.3
LT,SITC2_4,raw_materials,2011,export,948.3
LU,SITC2_4,raw_materials,2011,export,173.2
LV,SITC2_4,raw_materials,2011,export,1454.2
MT,SITC2_4,raw_materials,2011,export,19.5
NL,SITC2_4,raw_materials,2011,export,29811.2
PL,SITC2_4,raw_materials,2011,export,3470.6
PT,SITC2_4,raw_materials,2011,export,2598.3
RO,SITC2_4,raw_materials,2011,export,3244.5
SE,SITC2_4,raw_materials,2011,export,9104.6
SI,SITC2_4,raw_materials,2011,export,1103.7
SK,SITC2_4,raw_materials,2011,export,1693.5
AT,SITC3,mineral_fuels,2011,export,4238.8
BE,SITC3,mineral_fuels,2011,export,37002.8
BG,SITC3,mineral_fuels,2011,export,2787.7
CY,SITC3,mineral_fuels,2011,export,249.8
CZ,SITC3,mineral_fuels,2011,export,4455.2
DE,SITC3,mineral_fuels,2011,export,27124.1
DK,SITC3,mineral_fuels,2011,export,8090.8
EE,SITC3,mineral_fuels,2011,export,2026.3
EL,SITC3,mineral_fuels,2011,export,7399.8
ES,SITC3,mineral_fuels,2011,export,16486.3
FI,SITC3,mineral_fuels,2011,export,5829.8
FR,SITC3,mineral_fuels,2011,export,20534.1
HR,SITC3,mineral_fuels,2011,export,1154.7
HU,SITC3,mineral_fuels,2011,export,2902.1
IE,SITC3,mineral_fuels,2011,export,1253.5
IT,SITC3,mineral_fuels,2011,export,19289.4
LT,SITC3,mineral_fuels,2011,export,5141.1
LU,SITC3,mineral_fuels,2011,export,95.8
LV,SITC3,mineral_fuels,2011,export,738.3
MT,SITC3,mineral_fuels,2011,export,987.0
NL,SITC3,mineral_fuels,2011,export,83521.6
PL,SITC3,mineral_fuels,2011,export,6633.4
PT,SITC3,mineral_fuels,2011,export,3070.1
RO,SITC3,mineral_fuels,2011,export,2598.4
SE,SITC3,mineral_fuels,2011,export,10718.8
SI,SITC3,mineral_fuels,2011,export,1291.5
SK,SITC3,mineral_fuels,2011,export,3613.8
AT,SITC5,chemicals,2011,export,16144.1
BE,SITC5,chemicals,2011,export,99156.5
BG,SITC5,chemicals,2011,export,1616.0
CY,SITC5,chemicals,2011,export,348.7
CZ,SITC5,chemicals,2011,export,7331.7
DE,SITC5,chemicals,2011,export,164052.1
DK,SITC5,chemicals,2011,export,12895.2
EE,SITC5,chemicals,2011,export,688.3
EL,SITC5,chemicals,2011,export,2473.0
ES,SITC5,chemicals,2011,export,29315.9
FI,SITC5,chemicals,2011,export,6359.5
FR,SITC5,chemicals,2011,export,78701.6
HR,SITC5,chemicals,2011,export,1097.0
HU,SITC5,chemicals,2011,export,8018.2
IE,SITC5,chemicals,2011,export,56030.5
IT,SITC5,chemicals,2011,export,44127.2
LT,SITC5,chemicals,2011,export,2760.7
LU,SITC5,chemicals,2011,export,965.8
LV,SITC5,chemicals,2011,export,781.6
MT,SITC5,chemicals,2011,export,266.4
NL,SITC5,chemicals,2011,export,76966.0
PL,SITC5,chemicals,2011,export,12114.8
PT,SITC5,chemicals,2011,export,3816.5
RO,SITC5,chemicals,2011,export,2840.3
SE,SITC5,chemicals,2011,export,14548.6
SI,SITC5,chemicals,2011,export,3681.3
SK,SITC5,chemicals,2011,export,2826.2
AT,SITC6_8,other_manufactured,2011,export,44913.8
BE,SITC6_8,other_manufactured,2011,export,90417.3
BG,SITC6_8,other_manufactured,2011,export,7864.6
CY,SITC6_8,other_manufactured,2011,export,146.4
CZ,SITC6_8,other_manufactured,2011,export,33111.7
DE,SITC6_8,other_manufactured,2011,export,258096.9
DK,SITC6_8,other_manufactured,2011,export,19810.2
EE,SITC6_8,other_manufactured,2011,export,3348.1
EL,SITC6_8,other_manufactured,2011,export,6045.3
ES,SITC6_8,other_manufactured,2011,export,56198.7
FI,SITC6_8,other_manufactured,2011,export,21638.3
FR,SITC6_8,other_manufactured,2011,export,98298.5
HR,SITC6_8,other_manufactured,2011,export,2643.2
HU,SITC6_8,other_manufactured,2011,export,15448.1
IE,SITC6_8,other_manufactured,2011,export,11977.5
IT,SITC6_8,other_manufactured,2011,export,137799.5
LT,SITC6_8,other_manufactured,2011,export,4598.8
LU,SITC6_8,other_manufactured,2011,export,6694.2
LV,SITC6_8,other_manufactured,2011,export,3132.4
MT,SITC6_8,other_manufactured,2011,export,499.7
NL,SITC6_8,other_manufactured,2011,export,88260.1
PL,SITC6_8,other_manufactured,2011,export,46169.5
PT,SITC6_8,other_manufactured,2011,export,16689.3
RO,SITC6_8,other_manufactured,2011,export,15075.9
SE,SITC6_8,other_manufactured,2011,export,37890.3
SI,SITC6_8,other_manufactured,2011,export,8251.8
SK,SITC6_8,other_manufactured,2011,export,16533.5
AT,SITC7,machinery_transport,2011,export,47934.1
BE,SITC7,machinery_transport,2011,export,70779.4
BG,SITC7,machinery_transport,2011,export,3411.6
CY,SITC7,machinery_transport,2011,export,196.1
CZ,SITC7,machinery_transport,2011,export,64098.2
DE,SITC7,machinery_transport,2011,export,513467.9
DK,SITC7,machinery_transport,2011,export,20192.6
EE,SITC7,machinery_transport,2011,export,3875.4
EL,SITC7,machinery_transport,2011,export,2225.0
ES,SITC7,machinery_transport,2011,export,74305.0
FI,SITC7,machinery_transport,2011,export,17022.0
FR,SITC7,machinery_transport,2011,export,158836.5
HR,SITC7,machinery_transport,2011,export,2845.4
HU,SITC7,machinery_transport,2011,export,45609.5
IE,SITC7,machinery_transport,2011,export,11030.3
IT,SITC7,machinery_transport,2011,export,132822.3
LT,SITC7,machinery_transport,2011,export,3604.3
LU,SITC7,machinery_transport,2011,export,5687.7
LV,SITC7,machinery_transport,2011,export,1930.3
MT,SITC7,machinery_transport,2011,export,1217.1
NL,SITC7,machinery_transport,2011,export,140428.3
PL,SITC7,machinery_transport,2011,export,52722.4
PT,SITC7,machinery_transport,2011,export,11758.3
RO,SITC7,machinery_transport,2011,export,18604.3
SE,SITC7,machinery_transport,2011,export,55541.3
SI,SITC7,machinery_transport,2011,export,9415.8
SK,SITC7,machinery_transport,2011,export,30192.6
AT,SITC9,unclassified,2011,export,1084.4
BE,SITC9,unclassified,2011,export,5340.1
BG,SITC9,unclassified,2011,export,53.3
CY,SITC9,unclassified,2011,export,34.5
CZ,SITC9,unclassified,2011,export,143.8
DE,SITC9,unclassified,2011,export,16664.3
DK,SITC9,unclassified,2011,export,798.8
EE,SITC9,unclassified,2011,export,175.4
EL,SITC9,unclassified,2011,export,677.8
ES,SITC9,unclassified,2011,export,5417.7
FI,SITC9,unclassified,2011,export,327.1
FR,SITC9,unclassified,2011,export,6884.4
HR,SITC9,unclassified,2011,export,50.2
HU,SITC9,unclassified,2011,export,145.9
IE,SITC9,unclassified,2011,export,645.2
IT,SITC9,unclassified,2011,export,7852.3
LT,SITC9,unclassified,2011,export,15.3
LU,SITC9,unclassified,2011,export,428.1
LV,SITC9,unclassified,2011,export,34.7
MT,SITC9,unclassified,2011,export,28.0
NL,SITC9,unclassified,2011,export,2884.0
PL,SITC9,unclassified,2011,export,166.8
PT,SITC9,unclassified,2011,export,572.6
RO,SITC9,unclassified,2011,export,3.1
SE,SITC9,unclassified,2011,export,683.0
SI,SITC9,unclassified,2011,export,27.5
SK,SITC9,unclassified,2011,export,104.2
AT,SITC0_1,food_drinks_tobacco,2011,import,8973.4
BE,SITC0_1,food_drinks_tobacco,2011,import,24606.6
BG,SITC0_1,food_drinks_tobacco,2011,import,2046.8
CY,SITC0_1,food_drinks_tobacco,2011,import,915.3
CZ,SITC0_1,food_drinks_tobacco,2011,import,5669.8
DE,SITC0_1,food_drinks_tobacco,2011,import,61068.0
DK,SITC0_1,food_drinks_tobacco,2011,import,8941.0
EE,SITC0_1,food_drinks_tobacco,2011,import,1191.1
EL,SITC0_1,food_drinks_tobacco,2011,import,5943.8
ES,SITC0_1,food_drinks_tobacco,2011,import,25209.7
FI,SITC0_1,food_drinks_tobacco,2011,import,3823.9
FR,SITC0_1,food_drinks_tobacco,2011,import,39910.8
HR,SITC0_1,food_drinks_tobacco,2011,import,1687.7
HU,SITC0_1,food_drinks_tobacco,2011,import,3937.8
IE,SITC0_1,food_drinks_tobacco,2011,import,5822.2
IT,SITC0_1,food_drinks_tobacco,2011,import,33505.9
LT,SITC0_1,food_drinks_tobacco,2011,import,2532.5
LU,SITC0_1,food_drinks_tobacco,2011,import,1851.2
LV,SITC0_1,food_drinks_tobacco,2011,import,1533.1
MT,SITC0_1,food_drinks_tobacco,2011,import,477.9
NL,SITC0_1,food_drinks_tobacco,2011,import,37990.1
PL,SITC0_1,food_drinks_tobacco,2011,import,10738.9
PT,SITC0_1,food_drinks_tobacco,2011,import,7611.3
RO,SITC0_1,food_drinks_tobacco,2011,import,3743.0
SE,SITC0_1,food_drinks_tobacco,2011,import,10404.9
SI,SITC0_1,food_drinks_tobacco,2011,import,1995.9
SK,SITC0_1,food_drinks_tobacco,2011,import,3293.0
AT,SITC2_4,raw_materials,2011,import,7340.9
BE,SITC2_4,raw_materials,2011,import,16462.5
BG,SITC2_4,raw_materials,2011,import,2441.5
CY,SITC2_4,raw_materials,2011,import,92.7
CZ,SITC2_4,raw_materials,2011,import,3496.2
DE,SITC2_4,raw_materials,2011,import,43362.8
DK,SITC2_4,raw_materials,2011,import,2746.9
EE,SITC2_4,raw_materials,2011,import,386.9
EL,SITC2_4,raw_materials,2011,import,1674.3
ES,SITC2_4,raw_materials,2011,import,14655.1
FI,SITC2_4,raw_materials,2011,import,5530.6
FR,SITC2_4,raw_materials,2011,import,15335.3
HR,SITC2_4,raw_materials,2011,import,349.7
HU,SITC2_4,raw_materials,2011,import,1942.0
IE,SITC2_4,raw_materials,2011,import,973.7
IT,SITC2_4,raw_materials,2011,import,21522.7
LT,SITC2_4,raw_materials,2011,import,907.5
LU,SITC2_4,raw_materials,2011,import,1829.4
LV,SITC2_4,raw_materials,2011,import,511.9
MT,SITC2_4,raw_materials,2011,import,31.8
NL,SITC2_4,raw_materials,2011,import,25080.7
PL,SITC2_4,raw_materials,2011,import,5903.1
PT,SITC2_4,raw_materials,2011,import,2855.7
RO,SITC2_4,raw_materials,2011,import,1965.3
SE,SITC2_4,raw_materials,2011,import,4835.0
SI,SITC2_4,raw_materials,2011,import,1580.6
SK,SITC2_4,raw_materials,2011,import,2248.4
AT,SITC3,mineral_fuels,2011,import,15618.0
BE,SITC3,mineral_fuels,2011,import,54591.4
BG,SITC3,mineral_fuels,2011,import,5379.4
CY,SITC3,mineral_fuels,2011,import,1582.2
CZ,SITC3,mineral_fuels,2011,import,11638.6
DE,SITC3,mineral_fuels,2011,import,122953.2
DK,SITC3,mineral_fuels,2011,import,6464.9
EE,SITC3,mineral_fuels,2011,import,2089.2
EL,SITC3,mineral_fuels,2011,import,14814.2
ES,SITC3,mineral_fuels,2011,import,56546.2
FI,SITC3,mineral_fuels,2011,import,13180.2
FR,SITC3,mineral_fuels,2011,import,82672.5
HR,SITC3,mineral_fuels,2011,import,3553.2
HU,SITC3,mineral_fuels,2011,import,8991.8
IE,SITC3,mineral_fuels,2011,import,6865.8
IT,SITC3,mineral_fuels,2011,import,79098.7
LT,SITC3,mineral_fuels,2011,import,7523.5
LU,SITC3,mineral_fuels,2011,import,2630.4
LV,SITC3,mineral_fuels,2011,import,1848.9
MT,SITC3,mineral_fuels,2011,import,1181.5
NL,SITC3,mineral_fuels,2011,import,95997.2
PL,SITC3,mineral_fuels,2011,import,19069.4
PT,SITC3,mineral_fuels,2011,import,10448.9
RO,SITC3,mineral_fuels,2011,import,6215.7
SE,SITC3,mineral_fuels,2011,import,17994.3
SI,SITC3,mineral_fuels,2011,import,3578.7
SK,SITC3,mineral_fuels,2011,import,8443.7
AT,SITC5,chemicals,2011,import,16690.5
BE,SITC5,chemicals,2011,import,75384.2
BG,SITC5,chemicals,2011,import,2649.6
CY,SITC5,chemicals,2011,import,638.0
CZ,SITC5,chemicals,2011,import,11948.8
DE,SITC5,chemicals,2011,import,117179.5
DK,SITC5,chemicals,2011,import,8072.7
EE,SITC5,chemicals,2011,import,1295.8
EL,SITC5,chemicals,2011,import,7214.1
ES,SITC5,chemicals,2011,import,38340.1
FI,SITC5,chemicals,2011,import,6865.5
FR,SITC5,chemicals,2011,import,70933.1
HR,SITC5,chemicals,2011,import,2246.9
HU,SITC5,chemicals,2011,import,8591.0
IE,SITC5,chemicals,2011,import,10418.6
IT,SITC5,chemicals,2011,import,56569.0
LT,SITC5,chemicals,2011,import,2967.4
LU,SITC5,chemicals,2011,import,1986.1
LV,SITC5,chemicals,2011,import,1393.9
MT,SITC5,chemicals,2011,import,429.4
NL,SITC5,chemicals,2011,import,50112.8
PL,SITC5,chemicals,2011,import,21461.2
PT,SITC5,chemicals,2011,import,7914.2
RO,SITC5,chemicals,2011,import,7261.9
SE,SITC5,chemicals,2011,import,14292.6
SI,SITC5,chemicals,2011,import,3183.1
SK,SITC5,chemicals,2011,import,5015.5
AT,SITC6_8,other_manufactured,2011,import,41999.4
BE,SITC6_8,other_manufactured,2011,import,82189.7
BG,SITC6_8,other_manufactured,2011,import,5443.1
CY,SITC6_8,other_manufactured,2011,import,1596.0
CZ,SITC6_8,other_manufactured,2011,import,30459.3
DE,SITC6_8,other_manufactured,2011,import,232946.1
DK,SITC6_8,other_manufactured,2011,import,21125.6
EE,SITC6_8,other_manufactured,2011,import,2988.4
EL,SITC6_8,other_manufactured,2011,import,10298.3
ES,SITC6_8,other_manufactured,2011,import,61648.2
FI,SITC6_8,other_manufactured,2011,import,13020.9
FR,SITC6_8,other_manufactured,2011,import,136448.9
HR,SITC6_8,other_manufactured,2011,import,4820.2
HU,SITC6_8,other_manufactured,2011,import,15652.1
IE,SITC6_8,other_manufactured,2011,import,9633.3
IT,SITC6_8,other_manufactured,2011,import,103498.0
LT,SITC6_8,other_manufactured,2011,import,4008.9
LU,SITC6_8,other_manufactured,2011,import,5260.2
LV,SITC6_8,other_manufactured,2011,import,3325.7
MT,SITC6_8,other_manufactured,2011,import,688.2
NL,SITC6_8,other_manufactured,2011,import,92266.7
PL,SITC6_8,other_manufactured,2011,import,42366.3
PT,SITC6_8,other_manufactured,2011,import,15339.5
RO,SITC6_8,other_manufactured,2011,import,16662.9
SE,SITC6_8,other_manufactured,2011,import,32355.2
SI,SITC6_8,other_manufactured,2011,import,7316.0
SK,SITC6_8,other_manufactured,2011,import,15189.2
AT,SITC7,machinery_transport,2011,import,44453.4
BE,SITC7,machinery_transport,2011,import,77010.8
BG,SITC7,machinery_transport,2011,import,5371.1
CY,SITC7,machinery_transport,2011,import,1344.3
CZ,SITC7,machinery_transport,2011,import,45857.6
DE,SITC7,machinery_transport,2011,import,309555.7
DK,SITC7,machinery_transport,2011,import,20639.1
EE,SITC7,machinery_transport,2011,import,4484.3
EL,SITC7,machinery_transport,2011,import,7786.3
ES,SITC7,machinery_transport,2011,import,72349.3
FI,SITC7,machinery_transport,2011,import,18072.0
FR,SITC7,machinery_transport,2011,import,169852.9
HR,SITC7,machinery_transport,2011,import,3614.2
HU,SITC7,machinery_transport,2011,import,34282.2
IE,SITC7,machinery_transport,2011,import,17625.5
IT,SITC7,machinery_transport,2011,import,101640.9
LT,SITC7,machinery_transport,2011,import,4875.6
LU,SITC7,machinery_transport,2011,import,6649.4
LV,SITC7,machinery_transport,2011,import,3066.7
MT,SITC7,machinery_transport,2011,import,1674.6
NL,SITC7,machinery_transport,2011,import,123878.1
PL,SITC7,machinery_transport,2011,import,48033.1
PT,SITC7,machinery_transport,2011,import,15310.1
RO,SITC7,machinery_transport,2011,import,19093.8
SE,SITC7,machinery_transport,2011,import,47207.5
SI,SITC7,machinery_transport,2011,import,7766.5
SK,SITC7,machinery_transport,2011,import,23214.3
AT,SITC9,unclassified,2011,import,2437.1
BE,SITC9,unclassified,2011,import,5202.2
BG,SITC9,unclassified,2011,import,75.0
CY,SITC9,unclassified,2011,import,65.2
CZ,SITC9,unclassified,2011,import,215.0
DE,SITC9,unclassified,2011,import,14421.3
DK,SITC9,unclassified,2011,import,733.3
EE,SITC9,unclassified,2011,import,106.9
EL,SITC9,unclassified,2011,import,157.2
ES,SITC9,unclassified,2011,import,1801.6
FI,SITC9,unclassified,2011,import,41.6
FR,SITC9,unclassified,2011,import,2108.5
HR,SITC9,unclassified,2011,import,9.4
HU,SITC9,unclassified,2011,import,194.8
IE,SITC9,unclassified,2011,import,1121.4
IT,SITC9,unclassified,2011,import,5592.6
LT,SITC9,unclassified,2011,import,10.2
LU,SITC9,unclassified,2011,import,525.9
LV,SITC9,unclassified,2011,import,22.3
MT,SITC9,unclassified,2011,import,37.1
NL,SITC9,unclassified,2011,import,1661.5
PL,SITC9,unclassified,2011,import,3719.0
PT,SITC9,unclassified,2011,import,71.9
RO,SITC9,unclassified,2011,import,0.1
SE,SITC9,unclassified,2011,import,84.3
SI,SITC9,unclassified,2011,import,104.8
SK,SITC9,unclassified,2011,import,197.6
AT,SITC0_1,food_drinks_tobacco,2012,balance,-368.2
BE,SITC0_1,food_drinks_tobacco,2012,balance,4344.6
BG,SITC0_1,food_drinks_tobacco,2012,balance,436.8
CY,SITC0_1,food_drinks_tobacco,2012,balance,-701.6
CZ,SITC0_1,food_drinks_tobacco,2012,balance,-1089.4
DE,SITC0_1,food_drinks_tobacco,2012,balance,-5305.0
DK,SITC0_1,food_drinks_tobacco,2012,balance,5649.2
EE,SITC0_1,food_drinks_tobacco,2012,balance,-205.7
EL,SITC0_1,food_drinks_tobacco,2012,balance,-1297.3
ES,SITC0_1,food_drinks_tobacco,2012,balance,6660.3
FI,SITC0_1,food_drinks_tobacco,2012,balance,-2476.7
FR,SITC0_1,food_drinks_tobacco,2012,balance,11877.8
HR,SITC0_1,food_drinks_tobacco,2012,balance,-633.8
HU,SITC0_1,food_drinks_tobacco,2012,balance,2661.6
IE,SITC0_1,food_drinks_tobacco,2012,balance,2849.3
IT,SITC0_1,food_drinks_tobacco,2012,balance,-4292.2
LT,SITC0_1,food_drinks_tobacco,2012,balance,865.1
LU,SITC0_1,food_drinks_tobacco,2012,balance,-971.2
LV,SITC0_1,food_drinks_tobacco,2012,balance,202.8
MT,SITC0_1,food_drinks_tobacco,2012,balance,-368.1
NL,SITC0_1,food_drinks_tobacco,2012,balance,19782.9
PL,SITC0_1,food_drinks_tobacco,2012,balance,5307.3
PT,SITC0_1,food_drinks_tobacco,2012,balance,-2811.0
RO,SITC0_1,food_drinks_tobacco,2012,balance,-757.2
SE,SITC0_1,food_drinks_tobacco,2012,balance,-4778.5
SI,SITC0_1,food_drinks_tobacco,2012,balance,-819.7
SK,SITC0_1,food_drinks_tobacco,2012,balance,-711.5
AT,SITC2_4,raw_materials,2012,balance,-2708.8
BE,SITC2_4,raw_materials,2012,balance,-5418.3
BG,SITC2_4,raw_materials,2012,balance,-395.8
CY,SITC2_4,raw_materials,2012,balance,20.7
CZ,SITC2_4,raw_materials,2012,balance,458.1
DE,SITC2_4,raw_materials,2012,balance,-16878.5
DK,SITC2_4,raw_materials,2012,balance,1472.8
EE,SITC2_4,raw_materials,2012,balance,491.1
EL,SITC2_4,raw_materials,2012,balance,53.0
ES,SITC2_4,raw_materials,2012,balance,-4193.0
FI,SITC2_4,raw_materials,2012,balance,65.5
FR,SITC2_4,raw_materials,2012,balance,-1172.2
HR,SITC2_4,raw_materials,2012,balance,421.8
HU,SITC2_4,raw_materials,2012,balance,826.4
IE,SITC2_4,raw_materials,2012,balance,843.9
IT,SITC2_4,raw_materials,2012,balance,-12460.8
LT,SITC2_4,raw_materials,2012,balance,156.4
LU,SITC2_4,raw_materials,2012,balance,-1349.7
LV,SITC2_4,raw_materials,2012,balance,699.4
MT,SITC2_4,raw_materials,2012,balance,-17.7
NL,SITC2_4,raw_materials,2012,balance,5164.9
PL,SITC2_4,raw_materials,2012,balance,-2317.5
PT,SITC2_4,raw_materials,2012,balance,-88.6
RO,SITC2_4,raw_materials,2012,balance,711.7
SE,SITC2_4,raw_materials,2012,balance,4390.1
SI,SITC2_4,raw_materials,2012,balance,-346.1
SK,SITC2_4,raw_materials,2012,balance,-410.0
AT,SITC3,mineral_fuels,2012,balance,-12457.1
BE,SITC3,mineral_fuels,2012,balance,-19398.4
BG,SITC3,mineral_fuels,2012,balance,-2891.9
CY,SITC3,mineral_fuels,2012,balance,-1470.4
CZ,SITC3,mineral_fuels,2012,balance,-7513.8
DE,SITC3,mineral_fuels,2012,balance,-98240.7
DK,SITC3,mineral_fuels,2012,balance,1938.4
EE,SITC3,mineral_fuels,2012,balance,-241.6
EL,SITC3,mineral_fuels,2012,balance,-7631.1
ES,SITC3,mineral_fuels,2012,balance,-39117.6
FI,SITC3,mineral_fuels,2012,balance,-6575.1
FR,SITC3,mineral_fuels,2012,balance,-68185.3
HR,SITC3,mineral_fuels,2012,balance,-2447.2
HU,SITC3,mineral_fuels,2012,balance,-6304.1
IE,SITC3,mineral_fuels,2012,balance,-5273.7
IT,SITC3,mineral_fuels,2012,balance,-61526.5
LT,SITC3,mineral_fuels,2012,balance,-2497.4
LU,SITC3,mineral_fuels,2012,balance,-2777.3
LV,SITC3,mineral_fuels,2012,balance,-1342.2
MT,SITC3,mineral_fuels,2012,balance,-875.2
NL,SITC3,mineral_fuels,2012,balance,-16769.7
PL,SITC3,mineral_fuels,2012,balance,-13299.0
PT,SITC3,mineral_fuels,2012,balance,-7942.1
RO,SITC3,mineral_fuels,2012,balance,-4056.8
SE,SITC3,mineral_fuels,2012,balance,-7194.1
SI,SITC3,mineral_fuels,2012,balance,-2434.3
SK,SITC3,mineral_fuels,2012,balance,-4202.6
AT,SITC5,chemicals,2012,balance,8.1
BE,SITC5,chemicals,2012,balance,22316.4
BG,SITC5,chemicals,2012,balance,-1195.8
CY,SITC5,chemicals,2012,balance,-256.9
CZ,SITC5,chemicals,2012,balance,-4673.3
DE,SITC5,chemicals,2012,balance,54823.6
DK,SITC5,chemicals,2012,balance,5516.8
EE,SITC5,chemicals,2012,balance,-736.6
EL,SITC5,chemicals,2012,balance,-4105.2
ES,SITC5,chemicals,2012,balance,-6851.4
FI,SITC5,chemicals,2012,balance,-833.3
FR,SITC5,chemicals,2012,balance,8884.4
HR,SITC5,chemicals,2012,balance,-1145.7
HU,SITC5,chemicals,2012,balance,-41.9
IE,SITC5,chemicals,2012,balance,44770.1
IT,SITC5,chemicals,2012,balance,-10125.5
LT,SITC5,chemicals,2012,balance,-229.6
LU,SITC5,chemicals,2012,balance,-948.6
LV,SITC5,chemicals,2012,balance,-676.8
MT,SITC5,chemicals,2012,balance,-123.7
NL,SITC5,chemicals,2012,balance,27287.2
PL,SITC5,chemicals,2012,balance,-8418.7
PT,SITC5,chemicals,2012,balance,-3818.1
RO,SITC5,chemicals,2012,balance,-4531.3
SE,SITC5,chemicals,2012,balance,390.1
SI,SITC5,chemicals,2012,balance,666.3
SK,SITC5,chemicals,2012,balance,-2361.7
AT,SITC6_8,other_manufactured,2012,balance,3644.3
BE,SITC6_8,other_manufactured,2012,balance,8264.1
BG,SITC6_8,other_manufactured,2012,balance,2036.6
CY,SITC6_8,other_manufactured,2012,balance,-1195.0
CZ,SITC6_8,other_manufactured,2012,balance,4427.6
DE,SITC6_8,other_manufactured,2012,balance,29238.6
DK,SITC6_8,other_manufactured,2012,balance,-1591.3
EE,SITC6_8,other_manufactured,2012,balance,241.9
EL,SITC6_8,other_manufactured,2012,balance,-3159.0
ES,SITC6_8,other_manufactured,2012,balance,213.3
FI,SITC6_8,other_manufactured,2012,balance,7388.2
FR,SITC6_8,other_manufactured,2012,balance,-36138.5
HR,SITC6_8,other_manufactured,2012,balance,-1938.4
HU,SITC6_8,other_manufactured,2012,balance,577.0
IE,SITC6_8,other_manufactured,2012,balance,3038.9
IT,SITC6_8,other_manufactured,2012,balance,47527.3
LT,SITC6_8,other_manufactured,2012,balance,945.1
LU,SITC6_8,other_manufactured,2012,balance,1040.7
LV,SITC6_8,other_manufactured,2012,balance,48.5
MT,SITC6_8,other_manufactured,2012,balance,-205.1
NL,SITC6_8,other_manufactured,2012,balance,-1139.5
PL,SITC6_8,other_manufactured,2012,balance,7786.1
PT,SITC6_8,other_manufactured,2012,balance,3698.4
RO,SITC6_8,other_manufactured,2012,balance,-687.5
SE,SITC6_8,other_manufactured,2012,balance,6146.5
SI,SITC6_8,other_manufactured,2012,balance,1201.6
SK,SITC6_8,other_manufactured,2012,balance,645.0
AT,SITC7,machinery_transport,2012,balance,3855.2
BE,SITC7,machinery_transport,2012,balance,-4367.4
BG,SITC7,machinery_transport,2012,balance,-2692.8
CY,SITC7,machinery_transport,2012,balance,-763.4
CZ,SITC7,machinery_transport,2012,balance,20629.6
DE,SITC7,machinery_transport,2012,balance,225367.3
DK,SITC7,machinery_transport,2012,balance,-1209.9
EE,SITC7,machinery_transport,2012,balance,-1176.2
EL,SITC7,machinery_transport,2012,balance,-4907.0
ES,SITC7,machinery_transport,2012,balance,5954.1
FI,SITC7,machinery_transport,2012,balance,-344.8
FR,SITC7,machinery_transport,2012,balance,-2314.7
HR,SITC7,machinery_transport,2012,balance,-1021.5
HU,SITC7,machinery_transport,2012,balance,8832.8
IE,SITC7,machinery_transport,2012,balance,-8164.3
IT,SITC7,machinery_transport,2012,balance,47343.7
LT,SITC7,machinery_transport,2012,balance,-1080.6
LU,SITC7,machinery_transport,2012,balance,-1616.9
LV,SITC7,machinery_transport,2012,balance,-1410.9
MT,SITC7,machinery_transport,2012,balance,-238.2
NL,SITC7,machinery_transport,2012,balance,17415.5
PL,SITC7,machinery_transport,2012,balance,4142.0
PT,SITC7,machinery_transport,2012,balance,-902.1
RO,SITC7,machinery_transport,2012,balance,-309.9
SE,SITC7,machinery_transport,2012,balance,6408.4
SI,SITC7,machinery_transport,2012,balance,1859.0
SK,SITC7,machinery_transport,2012,balance,9624.0
AT,SITC9,unclassified,2012,balance,-1237.5
BE,SITC9,unclassified,2012,balance,-440.0
BG,SITC9,unclassified,2012,balance,13.9
CY,SITC9,unclassified,2012,balance,42.2
CZ,SITC9,unclassified,2012,balance,-74.3
DE,SITC9,unclassified,2012,balance,2667.1
DK,SITC9,unclassified,2012,balance,106.6
EE,SITC9,unclassified,2012,balance,71.2
EL,SITC9,unclassified,2012,balance,558.4
ES,SITC9,unclassified,2012,balance,4575.5
FI,SITC9,unclassified,2012,balance,137.0
FR,SITC9,unclassified,2012,balance,4773.5
HR,SITC9,unclassified,2012,balance,179.0
HU,SITC9,unclassified,2012,balance,-18.5
IE,SITC9,unclassified,2012,balance,-447.4
IT,SITC9,unclassified,2012,balance,3423.6
LT,SITC9,unclassified,2012,balance,9.2
LU,SITC9,unclassified,2012,balance,53.5
LV,SITC9,unclassified,2012,balance,53.9
MT,SITC9,unclassified,2012,balance,0.8
NL,SITC9,unclassified,2012,balance,1533.0
PL,SITC9,unclassified,2012,balance,-3852.0
PT,SITC9,unclassified,2012,balance,702.6
RO,SITC9,unclassified,2012,balance,6.4
SE,SITC9,unclassified,2012,balance,793.6
SI,SITC9,unclassified,2012,balance,-27.2
SK,SITC9,unclassified,2012,balance,-42.7
AT,SITC0_1,food_drinks_tobacco,2012,export,9251.5
BE,SITC0_1,food_drinks_tobacco,2012,export,30191.0
BG,SITC0_1,food_drinks_tobacco,2012,export,2546.5
CY,SITC0_1,food_drinks_tobacco,2012,export,228.7
CZ,SITC0_1,food_drinks_tobacco,2012,export,5089.1
DE,SITC0_1,food_drinks_tobacco,2012,export,57990.6
DK,SITC0_1,food_drinks_tobacco,2012,export,14979.5
EE,SITC0_1,food_drinks_tobacco,2012,export,1093.4
EL,SITC0_1,food_drinks_tobacco,2012,export,4246.1
ES,SITC0_1,food_drinks_tobacco,2012,export,32033.9
FI,SITC0_1,food_drinks_tobacco,2012,export,1530.5
FR,SITC0_1,food_drinks_tobacco,2012,export,53070.9
HR,SITC0_1,food_drinks_tobacco,2012,export,1141.3
HU,SITC0_1,food_drinks_tobacco,2012,export,6609.7
IE,SITC0_1,food_drinks_tobacco,2012,export,9294.5
IT,SITC0_1,food_drinks_tobacco,2012,export,28636.5
LT,SITC0_1,food_drinks_tobacco,2012,export,3844.0
LU,SITC0_1,food_drinks_tobacco,2012,export,958.1
LV,SITC0_1,food_drinks_tobacco,2012,export,2025.2
MT,SITC0_1,food_drinks_tobacco,2012,export,184.7
NL,SITC0_1,food_drinks_tobacco,2012,export,59577.9
PL,SITC0_1,food_drinks_tobacco,2012,export,17049.4
PT,SITC0_1,food_drinks_tobacco,2012,export,4605.4
RO,SITC0_1,food_drinks_tobacco,2012,export,3349.0
SE,SITC0_1,food_drinks_tobacco,2012,export,6450.5
SI,SITC0_1,food_drinks_tobacco,2012,export,1426.6
SK,SITC0_1,food_drinks_tobacco,2012,export,2674.5
AT,SITC2_4,raw_materials,2012,export,4147.6
BE,SITC2_4,raw_materials,2012,export,10746.7
BG,SITC2_4,raw_materials,2012,export,1991.7
CY,SITC2_4,raw_materials,2012,export,105.5
CZ,SITC2_4,raw_materials,2012,export,3815.1
DE,SITC2_4,raw_materials,2012,export,24303.1
DK,SITC2_4,raw_materials,2012,export,4318.5
EE,SITC2_4,raw_materials,2012,export,987.6
EL,SITC2_4,raw_materials,2012,export,1663.1
ES,SITC2_4,raw_materials,2012,export,9615.4
FI,SITC2_4,raw_materials,2012,export,4383.3
FR,SITC2_4,raw_materials,2012,export,12799.3
HR,SITC2_4,raw_materials,2012,export,777.4
HU,SITC2_4,raw_materials,2012,export,2761.9
IE,SITC2_4,raw_materials,2012,export,1787.9
IT,SITC2_4,raw_materials,2012,export,7059.0
LT,SITC2_4,raw_materials,2012,export,1113.2
LU,SITC2_4,raw_materials,2012,export,197.1
LV,SITC2_4,raw_materials,2012,export,1523.2
MT,SITC2_4,raw_materials,2012,export,20.0
NL,SITC2_4,raw_materials,2012,export,29593.3
PL,SITC2_4,raw_materials,2012,export,3738.8
PT,SITC2_4,raw_materials,2012,export,2549.9
RO,SITC2_4,raw_materials,2012,export,2691.6
SE,SITC2_4,raw_materials,2012,export,9169.0
SI,SITC2_4,raw_materials,2012,export,1202.6
SK,SITC2_4,raw_materials,2012,export,2038.3
AT,SITC3,mineral_fuels,2012,export,4654.1
BE,SITC3,mineral_fuels,2012,export,39918.3
BG,SITC3,mineral_fuels,2012,export,3449.6
CY,SITC3,mineral_fuels,2012,export,260.9
CZ,SITC3,mineral_fuels,2012,export,4722.5
DE,SITC3,mineral_fuels,2012,export,31889.5
DK,SITC3,mineral_fuels,2012,export,9259.6
EE,SITC3,mineral_fuels,2012,export,1839.2
EL,SITC3,mineral_fuels,2012,export,10649.4
ES,SITC3,mineral_fuels,2012,export,23038.7
FI,SITC3,mineral_fuels,2012,export,6578.3
FR,SITC3,mineral_fuels,2012,export,21307.5
HR,SITC3,mineral_fuels,2012,export,1320.1
HU,SITC3,mineral_fuels,2012,export,3284.6
IE,SITC3,mineral_fuels,2012,export,1846.7
IT,SITC3,mineral_fuels,2012,export,23362.0
LT,SITC3,mineral_fuels,2012,export,5690.7
LU,SITC3,mineral_fuels,2012,export,96.4
LV,SITC3,mineral_fuels,2012,export,820.4
MT,SITC3,mineral_fuels,2012,export,945.4
NL,SITC3,mineral_fuels,2012,export,104516.5
PL,SITC3,mineral_fuels,2012,export,7164.3
PT,SITC3,mineral_fuels,2012,export,3760.6
RO,SITC3,mineral_fuels,2012,export,2632.2
SE,SITC3,mineral_fuels,2012,export,13505.2
SI,SITC3,mineral_fuels,2012,export,1379.5
SK,SITC3,mineral_fuels,2012,export,3699.5
AT,SITC5,chemicals,2012,export,16927.4
BE,SITC5,chemicals,2012,export,102086.7
BG,SITC5,chemicals,2012,export,1724.0
CY,SITC5,chemicals,2012,export,358.6
CZ,SITC5,chemicals,2012,export,7538.9
DE,SITC5,chemicals,2012,export,171927.9
DK,SITC5,chemicals,2012,export,14222.9
EE,SITC5,chemicals,2012,export,781.4
EL,SITC5,chemicals,2012,export,2476.5
ES,SITC5,chemicals,2012,export,31094.5
FI,SITC5,chemicals,2012,export,6373.7
FR,SITC5,chemicals,2012,export,82876.6
HR,SITC5,chemicals,2012,export,1050.1
HU,SITC5,chemicals,2012,export,8603.6
IE,SITC5,chemicals,2012,export,55014.7
IT,SITC5,chemicals,2012,export,46387.6
LT,SITC5,chemicals,2012,export,3034.2
LU,SITC5,chemicals,2012,export,1031.2
LV,SITC5,chemicals,2012,export,820.5
MT,SITC5,chemicals,2012,export,307.7
NL,SITC5,chemicals,2012,export,80824.6
PL,SITC5,chemicals,2012,export,13115.8
PT,SITC5,chemicals,2012,export,3976.0
RO,SITC5,chemicals,2012,export,2962.3
SE,SITC5,chemicals,2012,export,15110.4
SI,SITC5,chemicals,2012,export,3969.1
SK,SITC5,chemicals,2012,export,2645.8
AT,SITC6_8,other_manufactured,2012,export,44249.3
BE,SITC6_8,other_manufactured,2012,export,87328.0
BG,SITC6_8,other_manufactured,2012,export,7545.4
CY,SITC6_8,other_manufactured,2012,export,162.0
CZ,SITC6_8,other_manufactured,2012,export,34692.0
DE,SITC6_8,other_manufactured,2012,export,255665.4
DK,SITC6_8,other_manufactured,2012,export,19434.8
EE,SITC6_8,other_manufactured,2012,export,3469.1
EL,SITC6_8,other_manufactured,2012,export,5590.9
ES,SITC6_8,other_manufactured,2012,export,57010.8
FI,SITC6_8,other_manufactured,2012,export,20885.6
FR,SITC6_8,other_manufactured,2012,export,98071.6
HR,SITC6_8,other_manufactured,2012,export,2578.0
HU,SITC6_8,other_manufactured,2012,export,16300.0
IE,SITC6_8,other_manufactured,2012,export,12778.6
IT,SITC6_8,other_manufactured,2012,export,140677.2
LT,SITC6_8,other_manufactured,2012,export,5258.8
LU,SITC6_8,other_manufactured,2012,export,6286.2
LV,SITC6_8,other_manufactured,2012,export,3534.8
MT,SITC6_8,other_manufactured,2012,export,506.6
NL,SITC6_8,other_manufactured,2012,export,87128.8
PL,SITC6_8,other_manufactured,2012,export,48719.8
PT,SITC6_8,other_manufactured,2012,export,17448.0
RO,SITC6_8,other_manufactured,2012,export,15199.2
SE,SITC6_8,other_manufactured,2012,export,37450.7
SI,SITC6_8,other_manufactured,2012,export,8065.4
SK,SITC6_8,other_manufactured,2012,export,17230.6
AT,SITC7,machinery_transport,2012,export,49475.4
BE,SITC7,machinery_transport,2012,export,72110.2
BG,SITC7,machinery_transport,2012,export,3438.4
CY,SITC7,machinery_transport,2012,export,179.1
CZ,SITC7,machinery_transport,2012,export,66190.2
DE,SITC7,machinery_transport,2012,export,531920.8
DK,SITC7,machinery_transport,2012,export,20242.4
EE,SITC7,machinery_transport,2012,export,4180.1
EL,SITC7,machinery_transport,2012,export,2224.0
ES,SITC7,machinery_transport,2012,export,70252.8
FI,SITC7,machinery_transport,2012,export,16931.0
FR,SITC7,machinery_transport,2012,export,166945.7
HR,SITC7,machinery_transport,2012,export,2582.0
HU,SITC7,machinery_transport,2012,export,42846.6
IE,SITC7,machinery_transport,2012,export,11100.5
IT,SITC7,machinery_transport,2012,export,133799.4
LT,SITC7,machinery_transport,2012,export,4090.4
LU,SITC7,machinery_transport,2012,export,5792.5
LV,SITC7,machinery_transport,2012,export,2192.2
MT,SITC7,machinery_transport,2012,export,1311.5
NL,SITC7,machinery_transport,2012,export,145262.2
PL,SITC7,machinery_transport,2012,export,53949.5
PT,SITC7,machinery_transport,2012,export,12116.3
RO,SITC7,machinery_transport,2012,export,18178.0
SE,SITC7,machinery_transport,2012,export,51568.3
SI,SITC7,machinery_transport,2012,export,8946.2
SK,SITC7,machinery_transport,2012,export,34377.5
AT,SITC9,unclassified,2012,export,973.2
BE,SITC9,unclassified,2012,export,4707.8
BG,SITC9,unclassified,2012,export,75.0
CY,SITC9,unclassified,2012,export,59.2
CZ,SITC9,unclassified,2012,export,182.2
DE,SITC9,unclassified,2012,export,16832.4
DK,SITC9,unclassified,2012,export,878.6
EE,SITC9,unclassified,2012,export,169.8
EL,SITC9,unclassified,2012,export,628.5
ES,SITC9,unclassified,2012,export,6756.1
FI,SITC9,unclassified,2012,export,195.6
FR,SITC9,unclassified,2012,export,7571.8
HR,SITC9,unclassified,2012,export,179.7
HU,SITC9,unclassified,2012,export,205.4
IE,SITC9,unclassified,2012,export,657.4
IT,SITC9,unclassified,2012,export,10260.4
LT,SITC9,unclassified,2012,export,16.1
LU,SITC9,unclassified,2012,export,297.2
LV,SITC9,unclassified,2012,export,67.2
MT,SITC9,unclassified,2012,export,32.2
NL,SITC9,unclassified,2012,export,3194.7
PL,SITC9,unclassified,2012,export,544.8
PT,SITC9,unclassified,2012,export,756.8
RO,SITC9,unclassified,2012,export,7.2
SE,SITC9,unclassified,2012,export,887.4
SI,SITC9,unclassified,2012,export,43.8
SK,SITC9,unclassified,2012,export,126.0
AT,SITC0_1,food_drinks_tobacco,2012,import,9619.6
BE,SITC0_1,food_drinks_tobacco,2012,import,25846.4
BG,SITC0_1,food_drinks_tobacco,2012,import,2109.7
CY,SITC0_1,food_drinks_tobacco,2012,import,930.3
CZ,SITC0_1,food_drinks_tobacco,2012,import,6178.5
DE,SITC0_1,food_drinks_tobacco,2012,import,63295.6
DK,SITC0_1,food_drinks_tobacco,2012,import,9330.3
EE,SITC0_1,food_drinks_tobacco,2012,import,1299.2
EL,SITC0_1,food_drinks_tobacco,2012,import,5543.4
ES,SITC0_1,food_drinks_tobacco,2012,import,25373.6
FI,SITC0_1,food_drinks_tobacco,2012,import,4007.2
FR,SITC0_1,food_drinks_tobacco,2012,import,41193.1
HR,SITC0_1,food_drinks_tobacco,2012,import,1775.1
HU,SITC0_1,food_drinks_tobacco,2012,import,3948.0
IE,SITC0_1,food_drinks_tobacco,2012,import,6445.3
IT,SITC0_1,food_drinks_tobacco,2012,import,32928.7
LT,SITC0_1,food_drinks_tobacco,2012,import,2978.9
LU,SITC0_1,food_drinks_tobacco,2012,import,1929.3
LV,SITC0_1,food_drinks_tobacco,2012,import,1822.4
MT,SITC0_1,food_drinks_tobacco,2012,import,552.9
NL,SITC0_1,food_drinks_tobacco,2012,import,39795.0
PL,SITC0_1,food_drinks_tobacco,2012,import,11742.1
PT,SITC0_1,food_drinks_tobacco,2012,import,7416.5
RO,SITC0_1,food_drinks_tobacco,2012,import,4106.2
SE,SITC0_1,food_drinks_tobacco,2012,import,11229.0
SI,SITC0_1,food_drinks_tobacco,2012,import,2246.3
SK,SITC0_1,food_drinks_tobacco,2012,import,3386.0
AT,SITC2_4,raw_materials,2012,import,6856.3
BE,SITC2_4,raw_materials,2012,import,16164.9
BG,SITC2_4,raw_materials,2012,import,2387.5
CY,SITC2_4,raw_materials,2012,import,84.8
CZ,SITC2_4,raw_materials,2012,import,3357.0
DE,SITC2_4,raw_materials,2012,import,41181.6
DK,SITC2_4,raw_materials,2012,import,2845.7
EE,SITC2_4,raw_materials,2012,import,496.5
EL,SITC2_4,raw_materials,2012,import,1610.2
ES,SITC2_4,raw_materials,2012,import,13808.4
FI,SITC2_4,raw_materials,2012,import,4317.8
FR,SITC2_4,raw_materials,2012,import,13971.5
HR,SITC2_4,raw_materials,2012,import,355.6
HU,SITC2_4,raw_materials,2012,import,1935.5
IE,SITC2_4,raw_materials,2012,import,944.0
IT,SITC2_4,raw_materials,2012,import,19519.8
LT,SITC2_4,raw_materials,2012,import,956.8
LU,SITC2_4,raw_materials,2012,import,1546.8
LV,SITC2_4,raw_materials,2012,import,823.8
MT,SITC2_4,raw_materials,2012,import,37.7
NL,SITC2_4,raw_materials,2012,import,24428.4
PL,SITC2_4,raw_materials,2012,import,6056.3
PT,SITC2_4,raw_materials,2012,import,2638.5
RO,SITC2_4,raw_materials,2012,import,1979.9
SE,SITC2_4,raw_materials,2012,import,4778.9
SI,SITC2_4,raw_materials,2012,import,1548.7
SK,SITC2_4,raw_materials,2012,import,2448.3
AT,SITC3,mineral_fuels,2012,import,17111.2
BE,SITC3,mineral_fuels,2012,import,59316.6
BG,SITC3,mineral_fuels,2012,import,6341.4
CY,SITC3,mineral_fuels,2012,import,1731.2
CZ,SITC3,mineral_fuels,2012,import,12236.3
DE,SITC3,mineral_fuels,2012,import,130130.2
DK,SITC3,mineral_fuels,2012,import,7321.2
EE,SITC3,mineral_fuels,2012,import,2080.9
EL,SITC3,mineral_fuels,2012,import,18280.4
ES,SITC3,mineral_fuels,2012,import,62156.4
FI,SITC3,mineral_fuels,2012,import,13153.4
FR,SITC3,mineral_fuels,2012,import,89492.8
HR,SITC3,mineral_fuels,2012,import,3767.3
HU,SITC3,mineral_fuels,2012,import,9588.7
IE,SITC3,mineral_fuels,2012,import,7120.4
IT,SITC3,mineral_fuels,2012,import,84888.4
LT,SITC3,mineral_fuels,2012,import,8188.1
LU,SITC3,mineral_fuels,2012,import,2873.7
LV,SITC3,mineral_fuels,2012,import,2162.6
MT,SITC3,mineral_fuels,2012,import,1820.6
NL,SITC3,mineral_fuels,2012,import,121286.1
PL,SITC3,mineral_fuels,2012,import,20463.3
PT,SITC3,mineral_fuels,2012,import,11702.7
RO,SITC3,mineral_fuels,2012,import,6689.0
SE,SITC3,mineral_fuels,2012,import,20699.3
SI,SITC3,mineral_fuels,2012,import,3813.9
SK,SITC3,mineral_fuels,2012,import,7902.1
AT,SITC5,chemicals,2012,import,16919.3
BE,SITC5,chemicals,2012,import,79770.3
BG,SITC5,chemicals,2012,import,2919.8
CY,SITC5,chemicals,2012,import,615.5
CZ,SITC5,chemicals,2012,import,12212.2
DE,SITC5,chemicals,2012,import,117104.3
DK,SITC5,chemicals,2012,import,8706.0
EE,SITC5,chemicals,2012,import,1518.0
EL,SITC5,chemicals,2012,import,6581.6
ES,SITC5,chemicals,2012,import,37945.9
FI,SITC5,chemicals,2012,import,7207.0
FR,SITC5,chemicals,2012,import,73992.2
HR,SITC5,chemicals,2012,import,2195.9
HU,SITC5,chemicals,2012,import,8645.5
IE,SITC5,chemicals,2012,import,10244.6
IT,SITC5,chemicals,2012,import,56513.0
LT,SITC5,chemicals,2012,import,3263.7
LU,SITC5,chemicals,2012,import,1979.8
LV,SITC5,chemicals,2012,import,1497.2
MT,SITC5,chemicals,2012,import,431.3
NL,SITC5,chemicals,2012,import,53537.4
PL,SITC5,chemicals,2012,import,21534.5
PT,SITC5,chemicals,2012,import,7794.1
RO,SITC5,chemicals,2012,import,7493.6
SE,SITC5,chemicals,2012,import,14720.3
SI,SITC5,chemicals,2012,import,3302.8
SK,SITC5,chemicals,2012,import,5007.5
AT,SITC6_8,other_manufactured,2012,import,40605.0
BE,SITC6_8,other_manufactured,2012,import,79063.9
BG,SITC6_8,other_manufactured,2012,import,5508.8
CY,SITC6_8,other_manufactured,2012,import,1357.0
CZ,SITC6_8,other_manufactured,2012,import,30264.4
DE,SITC6_8,other_manufactured,2012,import,226426.9
DK,SITC6_8,other_manufactured,2012,import,21026.1
EE,SITC6_8,other_manufactured,2012,import,3227.2
EL,SITC6_8,other_manufactured,2012,import,8749.9
ES,SITC6_8,other_manufactured,2012,import,56797.5
FI,SITC6_8,other_manufactured,2012,import,13497.4
FR,SITC6_8,other_manufactured,2012,import,134210.0
HR,SITC6_8,other_manufactured,2012,import,4516.4
HU,SITC6_8,other_manufactured,2012,import,15723.0
IE,SITC6_8,other_manufactured,2012,import,9739.6
IT,SITC6_8,other_manufactured,2012,import,93149.9
LT,SITC6_8,other_manufactured,2012,import,4313.6
LU,SITC6_8,other_manufactured,2012,import,5245.6
LV,SITC6_8,other_manufactured,2012,import,3486.3
MT,SITC6_8,other_manufactured,2012,import,711.7
NL,SITC6_8,other_manufactured,2012,import,88268.3
PL,SITC6_8,other_manufactured,2012,import,40933.7
PT,SITC6_8,other_manufactured,2012,import,13749.7
RO,SITC6_8,other_manufactured,2012,import,15886.8
SE,SITC6_8,other_manufactured,2012,import,31304.2
SI,SITC6_8,other_manufactured,2012,import,6863.8
SK,SITC6_8,other_manufactured,2012,import,16585.6
AT,SITC7,machinery_transport,2012,import,45620.2
BE,SITC7,machinery_transport,2012,import,76477.6
BG,SITC7,machinery_transport,2012,import,6131.2
CY,SITC7,machinery_transport,2012,import,942.6
CZ,SITC7,machinery_transport,2012,import,45560.6
DE,SITC7,machinery_transport,2012,import,306553.5
DK,SITC7,machinery_transport,2012,import,21452.4
EE,SITC7,machinery_transport,2012,import,5356.3
EL,SITC7,machinery_transport,2012,import,7131.0
ES,SITC7,machinery_transport,2012,import,64298.7
FI,SITC7,machinery_transport,2012,import,17275.8
FR,SITC7,machinery_transport,2012,import,169260.4
HR,SITC7,machinery_transport,2012,import,3603.4
HU,SITC7,machinery_transport,2012,import,34013.8
IE,SITC7,machinery_transport,2012,import,19264.7
IT,SITC7,machinery_transport,2012,import,86455.7
LT,SITC7,machinery_transport,2012,import,5170.9
LU,SITC7,machinery_transport,2012,import,7409.4
LV,SITC7,machinery_transport,2012,import,3603.1
MT,SITC7,machinery_transport,2012,import,1549.7
NL,SITC7,machinery_transport,2012,import,127846.7
PL,SITC7,machinery_transport,2012,import,49807.4
PT,SITC7,machinery_transport,2012,import,13018.4
RO,SITC7,machinery_transport,2012,import,18487.9
SE,SITC7,machinery_transport,2012,import,45159.9
SI,SITC7,machinery_transport,2012,import,7087.2
SK,SITC7,machinery_transport,2012,import,24753.5
AT,SITC9,unclassified,2012,import,2210.7
BE,SITC9,unclassified,2012,import,5147.8
BG,SITC9,unclassified,2012,import,61.1
CY,SITC9,unclassified,2012,import,17.0
CZ,SITC9,unclassified,2012,import,256.5
DE,SITC9,unclassified,2012,import,14165.2
DK,SITC9,unclassified,2012,import,772.0
EE,SITC9,unclassified,2012,import,98.6
EL,SITC9,unclassified,2012,import,70.1
ES,SITC9,unclassified,2012,import,2180.6
FI,SITC9,unclassified,2012,import,58.7
FR,SITC9,unclassified,2012,import,2798.3
HR,SITC9,unclassified,2012,import,0.7
HU,SITC9,unclassified,2012,import,223.9
IE,SITC9,unclassified,2012,import,1104.8
IT,SITC9,unclassified,2012,import,6836.9
LT,SITC9,unclassified,2012,import,6.9
LU,SITC9,unclassified,2012,import,243.7
LV,SITC9,unclassified,2012,import,13.4
MT,SITC9,unclassified,2012,import,31.4
NL,SITC9,unclassified,2012,import,1661.7
PL,SITC9,unclassified,2012,import,4396.8
PT,SITC9,unclassified,2012,import,54.2
RO,SITC9,unclassified,2012,import,0.8
SE,SITC9,unclassified,2012,import,93.8
SI,SITC9,unclassified,2012,import,71.0
SK,SITC9,unclassified,2012,import,168.7
AT,SITC0_1,food_drinks_tobacco,2013,balance,-397.6
BE,SITC0_1,food_drinks_tobacco,2013,balance,4240.6
BG,SITC0_1,food_drinks_tobacco,2013,balance,854.2
CY,SITC0_1,food_drinks_tobacco,2013,balance,-626.6
CZ,SITC0_1,food_drinks_tobacco,2013,balance,-1031.5
DE,SITC0_1,food_drinks_tobacco,2013,balance,-4240.0
DK,SITC0_1,food_drinks_tobacco,2013,balance,5580.2
EE,SITC0_1,food_drinks_tobacco,2013,balance,-255.2
EL,SITC0_1,food_drinks_tobacco,2013,balance,-1409.6
ES,SITC0_1,food_drinks_tobacco,2013,balance,8812.3
FI,SITC0_1,food_drinks_tobacco,2013,balance,-2669.1
FR,SITC0_1,food_drinks_tobacco,2013,balance,11883.5
HR,SITC0_1,food_drinks_tobacco,2013,balance,-834.0
HU,SITC0_1,food_drinks_tobacco,2013,balance,2741.0
IE,SITC0_1,food_drinks_tobacco,2013,balance,3014.6
IT,SITC0_1,food_drinks_tobacco,2013,balance,-3642.7
LT,SITC0_1,food_drinks_tobacco,2013,balance,941.1
LU,SITC0_1,food_drinks_tobacco,2013,balance,-1029.8
LV,SITC0_1,food_drinks_tobacco,2013,balance,59.3
MT,SITC0_1,food_drinks_tobacco,2013,balance,-358.6
NL,SITC0_1,food_drinks_tobacco,2013,balance,22375.0
PL,SITC0_1,food_drinks_tobacco,2013,balance,6510.7
PT,SITC0_1,food_drinks_tobacco,2013,balance,-2777.3
RO,SITC0_1,food_drinks_tobacco,2013,balance,-112.3
SE,SITC0_1,food_drinks_tobacco,2013,balance,-5048.9
SI,SITC0_1,food_drinks_tobacco,2013,balance,-824.4
SK,SITC0_1,food_drinks_tobacco,2013,balance,-995.2
AT,SITC2_4,raw_materials,2013,balance,-2199.4
BE,SITC2_4,raw_materials,2013,balance,-4356.2
BG,SITC2_4,raw_materials,2013,balance,-382.1
CY,SITC2_4,raw_materials,2013,balance,15.0
CZ,SITC2_4,raw_materials,2013,balance,373.3
DE,SITC2_4,raw_materials,2013,balance,-16811.8
DK,SITC2_4,raw_materials,2013,balance,1553.1
EE,SITC2_4,raw_materials,2013,balance,510.2
EL,SITC2_4,raw_materials,2013,balance,232.0
ES,SITC2_4,raw_materials,2013,balance,-3914.8
FI,SITC2_4,raw_materials,2013,balance,767.4
FR,SITC2_4,raw_materials,2013,balance,-1838.8
HR,SITC2_4,raw_materials,2013,balance,441.2
HU,SITC2_4,raw_materials,2013,balance,678.3
IE,SITC2_4,raw_materials,2013,balance,876.4
IT,SITC2_4,raw_materials,2013,balance,-12142.6
LT,SITC2_4,raw_materials,2013,balance,116.7
LU,SITC2_4,raw_materials,2013,balance,-1104.5
LV,SITC2_4,raw_materials,2013,balance,894.3
MT,SITC2_4,raw_materials,2013,balance,-19.3
NL,SITC2_4,raw_materials,2013,balance,4973.3
PL,SITC2_4,raw_materials,2013,balance,-1530.7
PT,SITC2_4,raw_materials,2013,balance,-198.1
RO,SITC2_4,raw_materials,2013,balance,1190.1
SE,SITC2_4,raw_materials,2013,balance,4202.4
SI,SITC2_4,raw_materials,2013,balance,-299.7
SK,SITC2_4,raw_materials,2013,balance,-399.0
AT,SITC3,mineral_fuels,2013,balance,-11277.9
BE,SITC3,mineral_fuels,2013,balance,-17752.9
BG,SITC3,mineral_fuels,2013,balance,-2608.6
CY,SITC3,mineral_fuels,2013,balance,-1150.3
CZ,SITC3,mineral_fuels,2013,balance,-7511.8
DE,SITC3,mineral_fuels,2013,balance,-96504.8
DK,SITC3,mineral_fuels,2013,balance,813.4
EE,SITC3,mineral_fuels,2013,balance,-420.9
EL,SITC3,mineral_fuels,2013,balance,-6635.1
ES,SITC3,mineral_fuels,2013,balance,-34479.7
FI,SITC3,mineral_fuels,2013,balance,-6397.2
FR,SITC3,mineral_fuels,2013,balance,-64701.3
HR,SITC3,mineral_fuels,2013,balance,-2219.0
HU,SITC3,mineral_fuels,2013,balance,-6431.6
IE,SITC3,mineral_fuels,2013,balance,-5709.3
IT,SITC3,mineral_fuels,2013,balance,-53159.6
LT,SITC3,mineral_fuels,2013,balance,-2141.1
LU,SITC3,mineral_fuels,2013,balance,-2523.5
LV,SITC3,mineral_fuels,2013,balance,-1273.3
MT,SITC3,mineral_fuels,2013,balance,-690.2
NL,SITC3,mineral_fuels,2013,balance,-8949.9
PL,SITC3,mineral_fuels,2013,balance,-10677.3
PT,SITC3,mineral_fuels,2013,balance,-6227.4
RO,SITC3,mineral_fuels,2013,balance,-2728.9
SE,SITC3,mineral_fuels,2013,balance,-6666.7
SI,SITC3,mineral_fuels,2013,balance,-1989.1
SK,SITC3,mineral_fuels,2013,balance,-4427.8
AT,SITC5,chemicals,2013,balance,-336.7
BE,SITC5,chemicals,2013,balance,24211.0
BG,SITC5,chemicals,2013,balance,-1306.1
CY,SITC5,chemicals,2013,balance,-255.6
CZ,SITC5,chemicals,2013,balance,-4642.2
DE,SITC5,chemicals,2013,balance,58282.1
DK,SITC5,chemicals,2013,balance,5899.2
EE,SITC5,chemicals,2013,balance,-634.1
EL,SITC5,chemicals,2013,balance,-3971.1
ES,SITC5,chemicals,2013,balance,-5555.3
FI,SITC5,chemicals,2013,balance,-737.5
FR,SITC5,chemicals,2013,balance,11708.0
HR,SITC5,chemicals,2013,balance,-1167.8
HU,SITC5,chemicals,2013,balance,328.6
IE,SITC5,chemicals,2013,balance,39498.4
IT,SITC5,chemicals,2013,balance,-7395.5
LT,SITC5,chemicals,2013,balance,-345.3
LU,SITC5,chemicals,2013,balance,-866.4
LV,SITC5,chemicals,2013,balance,-738.3
MT,SITC5,chemicals,2013,balance,-91.2
NL,SITC5,chemicals,2013,balance,23246.4
PL,SITC5,chemicals,2013,balance,-8187.2
PT,SITC5,chemicals,2013,balance,-3459.7
RO,SITC5,chemicals,2013,balance,-4979.4
SE,SITC5,chemicals,2013,balance,1341.3
SI,SITC5,chemicals,2013,balance,881.0
SK,SITC5,chemicals,2013,balance,-2227.3
AT,SITC6_8,other_manufactured,2013,balance,4068.9
BE,SITC6_8,other_manufactured,2013,balance,7778.6
BG,SITC6_8,other_manufactured,2013,balance,2032.9
CY,SITC6_8,other_manufactured,2013,balance,-930.5
CZ,SITC6_8,other_manufactured,2013,balance,5079.1
DE,SITC6_8,other_manufactured,2013,balance,30019.1
DK,SITC6_8,other_manufactured,2013,balance,-1701.8
EE,SITC6_8,other_manufactured,2013,balance,228.5
EL,SITC6_8,other_manufactured,2013,balance,-3369.7
ES,SITC6_8,other_manufactured,2013,balance,2614.0
FI,SITC6_8,other_manufactured,2013,balance,7762.0
FR,SITC6_8,other_manufactured,2013,balance,-35882.5
HR,SITC6_8,other_manufactured,2013,balance,-1853.8
HU,SITC6_8,other_manufactured,2013,balance,276.6
IE,SITC6_8,other_manufactured,2013,balance,2944.2
IT,SITC6_8,other_manufactured,2013,balance,50492.2
LT,SITC6_8,other_manufactured,2013,balance,1130.4
LU,SITC6_8,other_manufactured,2013,balance,1090.2
LV,SITC6_8,other_manufactured,2013,balance,-326.9
MT,SITC6_8,other_manufactured,2013,balance,-189.8
NL,SITC6_8,other_manufactured,2013,balance,1235.3
PL,SITC6_8,other_manufactured,2013,balance,9824.7
PT,SITC6_8,other_manufactured,2013,balance,4098.4
RO,SITC6_8,other_manufactured,2013,balance,-434.1
SE,SITC6_8,other_manufactured,2013,balance,4835.5
SI,SITC6_8,other_manufactured,2013,balance,1173.9
SK,SITC6_8,other_manufactured,2013,balance,489.7
AT,SITC7,machinery_transport,2013,balance,4785.3
BE,SITC7,machinery_transport,2013,balance,-3718.2
BG,SITC7,machinery_transport,2013,balance,-2107.4
CY,SITC7,machinery_transport,2013,balance,-333.3
CZ,SITC7,machinery_transport,2013,balance,21339.9
DE,SITC7,machinery_transport,2013,balance,226914.0
DK,SITC7,machinery_transport,2013,balance,-1980.4
EE,SITC7,machinery_transport,2013,balance,-1051.9
EL,SITC7,machinery_transport,2013,balance,-3999.7
ES,SITC7,machinery_transport,2013,balance,11059.4
FI,SITC7,machinery_transport,2013,balance,-1192.0
FR,SITC7,machinery_transport,2013,balance,-2418.6
HR,SITC7,machinery_transport,2013,balance,-1524.1
HU,SITC7,machinery_transport,2013,balance,8018.5
IE,SITC7,machinery_transport,2013,balance,-7473.4
IT,SITC7,machinery_transport,2013,balance,53192.0
LT,SITC7,machinery_transport,2013,balance,-1372.2
LU,SITC7,machinery_transport,2013,balance,-1838.4
LV,SITC7,machinery_transport,2013,balance,-1205.5
MT,SITC7,machinery_transport,2013,balance,-532.3
NL,SITC7,machinery_transport,2013,balance,17690.0
PL,SITC7,machinery_transport,2013,balance,5636.0
PT,SITC7,machinery_transport,2013,balance,-1517.2
RO,SITC7,machinery_transport,2013,balance,1295.4
SE,SITC7,machinery_transport,2013,balance,5930.8
SI,SITC7,machinery_transport,2013,balance,1537.7
SK,SITC7,machinery_transport,2013,balance,10479.8
AT,SITC9,unclassified,2013,balance,-757.8
BE,SITC9,unclassified,2013,balance,2459.9
BG,SITC9,unclassified,2013,balance,-39.8
CY,SITC9,unclassified,2013,balance,47.7
CZ,SITC9,unclassified,2013,balance,-42.6
DE,SITC9,unclassified,2013,balance,996.8
DK,SITC9,unclassified,2013,balance,76.9
EE,SITC9,unclassified,2013,balance,8.9
EL,SITC9,unclassified,2013,balance,553.2
ES,SITC9,unclassified,2013,balance,4321.3
FI,SITC9,unclassified,2013,balance,107.4
FR,SITC9,unclassified,2013,balance,4511.5
HR,SITC9,unclassified,2013,balance,107.6
HU,SITC9,unclassified,2013,balance,-45.6
IE,SITC9,unclassified,2013,balance,-510.8
IT,SITC9,unclassified,2013,balance,1886.6
LT,SITC9,unclassified,2013,balance,7.4
LU,SITC9,unclassified,2013,balance,62.9
LV,SITC9,unclassified,2013,balance,31.8
MT,SITC9,unclassified,2013,balance,5.8
NL,SITC9,unclassified,2013,balance,1065.9
PL,SITC9,unclassified,2013,balance,-3551.3
PT,SITC9,unclassified,2013,balance,371.5
RO,SITC9,unclassified,2013,balance,11.7
SE,SITC9,unclassified,2013,balance,631.7
SI,SITC9,unclassified,2013,balance,6.6
SK,SITC9,unclassified,2013,balance,-52.5
AT,SITC0_1,food_drinks_tobacco,2013,export,9460.6
BE,SITC0_1,food_drinks_tobacco,2013,export,30976.7
BG,SITC0_1,food_drinks_tobacco,2013,export,3052.7
CY,SITC0_1,food_drinks_tobacco,2013,export,281.3
CZ,SITC0_1,food_drinks_tobacco,2013,export,5335.0
DE,SITC0_1,food_drinks_tobacco,2013,export,61246.5
DK,SITC0_1,food_drinks_tobacco,2013,export,15472.2
EE,SITC0_1,food_drinks_tobacco,2013,export,1156.3
EL,SITC0_1,food_drinks_tobacco,2013,export,4247.5
ES,SITC0_1,food_drinks_tobacco,2013,export,33517.5
FI,SITC0_1,food_drinks_tobacco,2013,export,1552.1
FR,SITC0_1,food_drinks_tobacco,2013,export,55297.2
HR,SITC0_1,food_drinks_tobacco,2013,export,1072.9
HU,SITC0_1,food_drinks_tobacco,2013,export,6578.1
IE,SITC0_1,food_drinks_tobacco,2013,export,9871.5
IT,SITC0_1,food_drinks_tobacco,2013,export,30038.1
LT,SITC0_1,food_drinks_tobacco,2013,export,4306.9
LU,SITC0_1,food_drinks_tobacco,2013,export,978.9
LV,SITC0_1,food_drinks_tobacco,2013,export,2113.5
MT,SITC0_1,food_drinks_tobacco,2013,export,208.1
NL,SITC0_1,food_drinks_tobacco,2013,export,63695.4
PL,SITC0_1,food_drinks_tobacco,2013,export,18977.3
PT,SITC0_1,food_drinks_tobacco,2013,export,4885.9
RO,SITC0_1,food_drinks_tobacco,2013,export,4198.0
SE,SITC0_1,food_drinks_tobacco,2013,export,7100.2
SI,SITC0_1,food_drinks_tobacco,2013,export,1374.6
SK,SITC0_1,food_drinks_tobacco,2013,export,2487.7
AT,SITC2_4,raw_materials,2013,export,4207.4
BE,SITC2_4,raw_materials,2013,export,10390.9
BG,SITC2_4,raw_materials,2013,export,2104.5
CY,SITC2_4,raw_materials,2013,export,83.4
CZ,SITC2_4,raw_materials,2013,export,3647.6
DE,SITC2_4,raw_materials,2013,export,22684.5
DK,SITC2_4,raw_materials,2013,export,4472.3
EE,SITC2_4,raw_materials,2013,export,1051.2
EL,SITC2_4,raw_materials,2013,export,1728.0
ES,SITC2_4,raw_materials,2013,export,9591.6
FI,SITC2_4,raw_materials,2013,export,4899.9
FR,SITC2_4,raw_materials,2013,export,11894.7
HR,SITC2_4,raw_materials,2013,export,805.4
HU,SITC2_4,raw_materials,2013,export,2530.7
IE,SITC2_4,raw_materials,2013,export,1783.9
IT,SITC2_4,raw_materials,2013,export,6849.1
LT,SITC2_4,raw_materials,2013,export,1161.2
LU,SITC2_4,raw_materials,2013,export,328.6
LV,SITC2_4,raw_materials,2013,export,1527.2
MT,SITC2_4,raw_materials,2013,export,15.3
NL,SITC2_4,raw_materials,2013,export,28107.6
PL,SITC2_4,raw_materials,2013,export,4308.4
PT,SITC2_4,raw_materials,2013,export,2614.0
RO,SITC2_4,raw_materials,2013,export,3130.1
SE,SITC2_4,raw_materials,2013,export,8522.4
SI,SITC2_4,raw_materials,2013,export,1155.6
SK,SITC2_4,raw_materials,2013,export,1768.4
AT,SITC3,mineral_fuels,2013,export,3482.1
BE,SITC3,mineral_fuels,2013,export,45249.9
BG,SITC3,mineral_fuels,2013,export,3349.8
CY,SITC3,mineral_fuels,2013,export,246.1
CZ,SITC3,mineral_fuels,2013,export,3731.5
DE,SITC3,mineral_fuels,2013,export,30745.6
DK,SITC3,mineral_fuels,2013,export,8562.3
EE,SITC3,mineral_fuels,2013,export,1243.9
EL,SITC3,mineral_fuels,2013,export,10597.4
ES,SITC3,mineral_fuels,2013,export,22784.7
FI,SITC3,mineral_fuels,2013,export,7196.2
FR,SITC3,mineral_fuels,2013,export,18652.1
HR,SITC3,mineral_fuels,2013,export,1369.9
HU,SITC3,mineral_fuels,2013,export,2935.4
IE,SITC3,mineral_fuels,2013,export,1121.2
IT,SITC3,mineral_fuels,2013,export,18779.8
LT,SITC3,mineral_fuels,2013,export,5713.7
LU,SITC3,mineral_fuels,2013,export,94.6
LV,SITC3,mineral_fuels,2013,export,833.7
MT,SITC3,mineral_fuels,2013,export,528.0
NL,SITC3,mineral_fuels,2013,export,101571.3
PL,SITC3,mineral_fuels,2013,export,7338.5
PT,SITC3,mineral_fuels,2013,export,4922.8
RO,SITC3,mineral_fuels,2013,export,2728.4
SE,SITC3,mineral_fuels,2013,export,10674.3
SI,SITC3,mineral_fuels,2013,export,1433.8
SK,SITC3,mineral_fuels,2013,export,3532.4
AT,SITC5,chemicals,2013,export,17088.7
BE,SITC5,chemicals,2013,export,103094.2
BG,SITC5,chemicals,2013,export,1818.7
CY,SITC5,chemicals,2013,export,346.9
CZ,SITC5,chemicals,2013,export,7794.6
DE,SITC5,chemicals,2013,export,174761.0
DK,SITC5,chemicals,2013,export,15004.4
EE,SITC5,chemicals,2013,export,834.8
EL,SITC5,chemicals,2013,export,2599.9
ES,SITC5,chemicals,2013,export,31977.5
FI,SITC5,chemicals,2013,export,6294.5
FR,SITC5,chemicals,2013,export,82857.4
HR,SITC5,chemicals,2013,export,1061.2
HU,SITC5,chemicals,2013,export,9108.2
IE,SITC5,chemicals,2013,export,50331.8
IT,SITC5,chemicals,2013,export,49253.1
LT,SITC5,chemicals,2013,export,3025.8
LU,SITC5,chemicals,2013,export,1163.3
LV,SITC5,chemicals,2013,export,834.6
MT,SITC5,chemicals,2013,export,339.4
NL,SITC5,chemicals,2013,export,79453.1
PL,SITC5,chemicals,2013,export,14190.4
PT,SITC5,chemicals,2013,export,4221.0
RO,SITC5,chemicals,2013,export,2812.0
SE,SITC5,chemicals,2013,export,15242.9
SI,SITC5,chemicals,2013,export,4277.4
SK,SITC5,chemicals,2013,export,3007.1
AT,SITC6_8,other_manufactured,2013,export,44112.9
BE,SITC6_8,other_manufactured,2013,export,85541.5
BG,SITC6_8,other_manufactured,2013,export,7872.1
CY,SITC6_8,other_manufactured,2013,export,169.1
CZ,SITC6_8,other_manufactured,2013,export,35557.4
DE,SITC6_8,other_manufactured,2013,export,254631.8
DK,SITC6_8,other_manufactured,2013,export,18711.3
EE,SITC6_8,other_manufactured,2013,export,3573.2
EL,SITC6_8,other_manufactured,2013,export,5465.2
ES,SITC6_8,other_manufactured,2013,export,58786.1
FI,SITC6_8,other_manufactured,2013,export,20555.7
FR,SITC6_8,other_manufactured,2013,export,97864.8
HR,SITC6_8,other_manufactured,2013,export,2830.7
HU,SITC6_8,other_manufactured,2013,export,16755.6
IE,SITC6_8,other_manufactured,2013,export,12839.8
IT,SITC6_8,other_manufactured,2013,export,142415.8
LT,SITC6_8,other_manufactured,2013,export,5929.5
LU,SITC6_8,other_manufactured,2013,export,6144.0
LV,SITC6_8,other_manufactured,2013,export,3213.9
MT,SITC6_8,other_manufactured,2013,export,502.1
NL,SITC6_8,other_manufactured,2013,export,88425.2
PL,SITC6_8,other_manufactured,2013,export,51178.8
PT,SITC6_8,other_manufactured,2013,export,18356.6
RO,SITC6_8,other_manufactured,2013,export,15843.2
SE,SITC6_8,other_manufactured,2013,export,34649.3
SI,SITC6_8,other_manufactured,2013,export,8003.4
SK,SITC6_8,other_manufactured,2013,export,16963.0
AT,SITC7,machinery_transport,2013,export,52181.2
BE,SITC7,machinery_transport,2013,export,71323.6
BG,SITC7,machinery_transport,2013,export,3990.0
CY,SITC7,machinery_transport,2013,export,340.9
CZ,SITC7,machinery_transport,2013,export,65841.9
DE,SITC7,machinery_transport,2013,export,529333.5
DK,SITC7,machinery_transport,2013,export,20550.5
EE,SITC7,machinery_transport,2013,export,4268.9
EL,SITC7,machinery_transport,2013,export,1996.5
ES,SITC7,machinery_transport,2013,export,77448.9
FI,SITC7,machinery_transport,2013,export,15401.8
FR,SITC7,machinery_transport,2013,export,163676.6
HR,SITC7,machinery_transport,2013,export,2280.4
HU,SITC7,machinery_transport,2013,export,42875.4
IE,SITC7,machinery_transport,2013,export,11246.0
IT,SITC7,machinery_transport,2013,export,135741.4
LT,SITC7,machinery_transport,2013,export,4391.5
LU,SITC7,machinery_transport,2013,export,4958.0
LV,SITC7,machinery_transport,2013,export,2312.9
MT,SITC7,machinery_transport,2013,export,1130.7
NL,SITC7,machinery_transport,2013,export,141938.4
PL,SITC7,machinery_transport,2013,export,58077.5
PT,SITC7,machinery_transport,2013,export,11882.5
RO,SITC7,machinery_transport,2013,export,20845.5
SE,SITC7,machinery_transport,2013,export,49254.2
SI,SITC7,machinery_transport,2013,export,9321.7
SK,SITC7,machinery_transport,2013,export,36591.2
AT,SITC9,unclassified,2013,export,1351.8
BE,SITC9,unclassified,2013,export,6378.8
BG,SITC9,unclassified,2013,export,84.0
CY,SITC9,unclassified,2013,export,52.6
CZ,SITC9,unclassified,2013,export,277.0
DE,SITC9,unclassified,2013,export,14668.2
DK,SITC9,unclassified,2013,export,766.4
EE,SITC9,unclassified,2013,export,159.9
EL,SITC9,unclassified,2013,export,588.5
ES,SITC9,unclassified,2013,export,5204.5
FI,SITC9,unclassified,2013,export,147.4
FR,SITC9,unclassified,2013,export,6907.9
HR,SITC9,unclassified,2013,export,110.9
HU,SITC9,unclassified,2013,export,161.8
IE,SITC9,unclassified,2013,export,739.6
IT,SITC9,unclassified,2013,export,7155.2
LT,SITC9,unclassified,2013,export,16.0
LU,SITC9,unclassified,2013,export,200.7
LV,SITC9,unclassified,2013,export,56.9
MT,SITC9,unclassified,2013,export,28.9
NL,SITC9,unclassified,2013,export,2460.5
PL,SITC9,unclassified,2013,export,272.7
PT,SITC9,unclassified,2013,export,420.2
RO,SITC9,unclassified,2013,export,13.6
SE,SITC9,unclassified,2013,export,714.1
SI,SITC9,unclassified,2013,export,48.3
SK,SITC9,unclassified,2013,export,164.2
AT,SITC0_1,food_drinks_tobacco,2013,import,9858.2
BE,SITC0_1,food_drinks_tobacco,2013,import,26736.1
BG,SITC0_1,food_drinks_tobacco,2013,import,2198.5
CY,SITC0_1,food_drinks_tobacco,2013,import,907.9
CZ,SITC0_1,food_drinks_tobacco,2013,import,6366.5
DE,SITC0_1,food_drinks_tobacco,2013,import,65486.4
DK,SITC0_1,food_drinks_tobacco,2013,import,9892.0
EE,SITC0_1,food_drinks_tobacco,2013,import,1411.5
EL,SITC0_1,food_drinks_tobacco,2013,import,5657.1
ES,SITC0_1,food_drinks_tobacco,2013,import,24705.2
FI,SITC0_1,food_drinks_tobacco,2013,import,4221.2
FR,SITC0_1,food_drinks_tobacco,2013,import,43413.7
HR,SITC0_1,food_drinks_tobacco,2013,import,1906.9
HU,SITC0_1,food_drinks_tobacco,2013,import,3837.1
IE,SITC0_1,food_drinks_tobacco,2013,import,6856.9
IT,SITC0_1,food_drinks_tobacco,2013,import,33680.8
LT,SITC0_1,food_drinks_tobacco,2013,import,3365.8
LU,SITC0_1,food_drinks_tobacco,2013,import,2008.7
LV,SITC0_1,food_drinks_tobacco,2013,import,2054.2
MT,SITC0_1,food_drinks_tobacco,2013,import,566.7
NL,SITC0_1,food_drinks_tobacco,2013,import,41320.4
PL,SITC0_1,food_drinks_tobacco,2013,import,12466.6
PT,SITC0_1,food_drinks_tobacco,2013,import,7663.2
RO,SITC0_1,food_drinks_tobacco,2013,import,4310.3
SE,SITC0_1,food_drinks_tobacco,2013,import,12149.1
SI,SITC0_1,food_drinks_tobacco,2013,import,2199.0
SK,SITC0_1,food_drinks_tobacco,2013,import,3482.9
AT,SITC2_4,raw_materials,2013,import,6406.8
BE,SITC2_4,raw_materials,2013,import,14747.1
BG,SITC2_4,raw_materials,2013,import,2486.6
CY,SITC2_4,raw_materials,2013,import,68.4
CZ,SITC2_4,raw_materials,2013,import,3274.3
DE,SITC2_4,raw_materials,2013,import,39496.3
DK,SITC2_4,raw_materials,2013,import,2919.2
EE,SITC2_4,raw_materials,2013,import,541.0
EL,SITC2_4,raw_materials,2013,import,1495.9
ES,SITC2_4,raw_materials,2013,import,13506.3
FI,SITC2_4,raw_materials,2013,import,4132.5
FR,SITC2_4,raw_materials,2013,import,13733.4
HR,SITC2_4,raw_materials,2013,import,364.2
HU,SITC2_4,raw_materials,2013,import,1852.4
IE,SITC2_4,raw_materials,2013,import,907.4
IT,SITC2_4,raw_materials,2013,import,18991.8
LT,SITC2_4,raw_materials,2013,import,1044.5
LU,SITC2_4,raw_materials,2013,import,1433.1
LV,SITC2_4,raw_materials,2013,import,632.9
MT,SITC2_4,raw_materials,2013,import,34.7
NL,SITC2_4,raw_materials,2013,import,23134.3
PL,SITC2_4,raw_materials,2013,import,5839.2
PT,SITC2_4,raw_materials,2013,import,2812.1
RO,SITC2_4,raw_materials,2013,import,1939.9
SE,SITC2_4,raw_materials,2013,import,4320.0
SI,SITC2_4,raw_materials,2013,import,1455.3
SK,SITC2_4,raw_materials,2013,import,2167.4
AT,SITC3,mineral_fuels,2013,import,14760.0
BE,SITC3,mineral_fuels,2013,import,63002.8
BG,SITC3,mineral_fuels,2013,import,5958.3
CY,SITC3,mineral_fuels,2013,import,1396.4
CZ,SITC3,mineral_fuels,2013,import,11243.4
DE,SITC3,mineral_fuels,2013,import,127250.4
DK,SITC3,mineral_fuels,2013,import,7748.9
EE,SITC3,mineral_fuels,2013,import,1664.8
EL,SITC3,mineral_fuels,2013,import,17232.5
ES,SITC3,mineral_fuels,2013,import,57264.3
FI,SITC3,mineral_fuels,2013,import,13593.4
FR,SITC3,mineral_fuels,2013,import,83353.4
HR,SITC3,mineral_fuels,2013,import,3588.9
HU,SITC3,mineral_fuels,2013,import,9367.0
IE,SITC3,mineral_fuels,2013,import,6830.6
IT,SITC3,mineral_fuels,2013,import,71939.4
LT,SITC3,mineral_fuels,2013,import,7854.8
LU,SITC3,mineral_fuels,2013,import,2618.1
LV,SITC3,mineral_fuels,2013,import,2107.1
MT,SITC3,mineral_fuels,2013,import,1218.3
NL,SITC3,mineral_fuels,2013,import,110521.2
PL,SITC3,mineral_fuels,2013,import,18015.8
PT,SITC3,mineral_fuels,2013,import,11150.1
RO,SITC3,mineral_fuels,2013,import,5457.3
SE,SITC3,mineral_fuels,2013,import,17341.0
SI,SITC3,mineral_fuels,2013,import,3422.9
SK,SITC3,mineral_fuels,2013,import,7960.2
AT,SITC5,chemicals,2013,import,17425.4
BE,SITC5,chemicals,2013,import,78883.2
BG,SITC5,chemicals,2013,import,3124.8
CY,SITC5,chemicals,2013,import,602.4
CZ,SITC5,chemicals,2013,import,12436.8
DE,SITC5,chemicals,2013,import,116478.9
DK,SITC5,chemicals,2013,import,9105.1
EE,SITC5,chemicals,2013,import,1468.9
EL,SITC5,chemicals,2013,import,6571.0
ES,SITC5,chemicals,2013,import,37532.8
FI,SITC5,chemicals,2013,import,7032.1
FR,SITC5,chemicals,2013,import,71149.4
HR,SITC5,chemicals,2013,import,2229.0
HU,SITC5,chemicals,2013,import,8779.7
IE,SITC5,chemicals,2013,import,10833.4
IT,SITC5,chemicals,2013,import,56648.6
LT,SITC5,chemicals,2013,import,3371.0
LU,SITC5,chemicals,2013,import,2029.7
LV,SITC5,chemicals,2013,import,1572.9
MT,SITC5,chemicals,2013,import,430.6
NL,SITC5,chemicals,2013,import,56206.7
PL,SITC5,chemicals,2013,import,22377.6
PT,SITC5,chemicals,2013,import,7680.7
RO,SITC5,chemicals,2013,import,7791.4
SE,SITC5,chemicals,2013,import,13901.6
SI,SITC5,chemicals,2013,import,3396.4
SK,SITC5,chemicals,2013,import,5234.5
AT,SITC6_8,other_manufactured,2013,import,40043.9
BE,SITC6_8,other_manufactured,2013,import,77762.9
BG,SITC6_8,other_manufactured,2013,import,5839.2
CY,SITC6_8,other_manufactured,2013,import,1099.6
CZ,SITC6_8,other_manufactured,2013,import,30478.3
DE,SITC6_8,other_manufactured,2013,import,224612.8
DK,SITC6_8,other_manufactured,2013,import,20413.1
EE,SITC6_8,other_manufactured,2013,import,3344.7
EL,SITC6_8,other_manufactured,2013,import,8834.9
ES,SITC6_8,other_manufactured,2013,import,56172.1
FI,SITC6_8,other_manufactured,2013,import,12793.7
FR,SITC6_8,other_manufactured,2013,import,133747.4
HR,SITC6_8,other_manufactured,2013,import,4684.5
HU,SITC6_8,other_manufactured,2013,import,16479.0
IE,SITC6_8,other_manufactured,2013,import,9895.6
IT,SITC6_8,other_manufactured,2013,import,91923.6
LT,SITC6_8,other_manufactured,2013,import,4799.1
LU,SITC6_8,other_manufactured,2013,import,5053.9
LV,SITC6_8,other_manufactured,2013,import,3540.8
MT,SITC6_8,other_manufactured,2013,import,691.9
NL,SITC6_8,other_manufactured,2013,import,87190.0
PL,SITC6_8,other_manufactured,2013,import,41354.1
PT,SITC6_8,other_manufactured,2013,import,14258.2
RO,SITC6_8,other_manufactured,2013,import,16277.3
SE,SITC6_8,other_manufactured,2013,import,29813.8
SI,SITC6_8,other_manufactured,2013,import,6829.4
SK,SITC6_8,other_manufactured,2013,import,16473.3
AT,SITC7,machinery_transport,2013,import,47395.9
BE,SITC7,machinery_transport,2013,import,75041.9
BG,SITC7,machinery_transport,2013,import,6097.4
CY,SITC7,machinery_transport,2013,import,674.3
CZ,SITC7,machinery_transport,2013,import,44502.0
DE,SITC7,machinery_transport,2013,import,302419.6
DK,SITC7,machinery_transport,2013,import,22531.0
EE,SITC7,machinery_transport,2013,import,5320.7
EL,SITC7,machinery_transport,2013,import,5996.2
ES,SITC7,machinery_transport,2013,import,66389.5
FI,SITC7,machinery_transport,2013,import,16593.8
FR,SITC7,machinery_transport,2013,import,166095.2
HR,SITC7,machinery_transport,2013,import,3804.5
HU,SITC7,machinery_transport,2013,import,34856.9
IE,SITC7,machinery_transport,2013,import,18719.5
IT,SITC7,machinery_transport,2013,import,82549.4
LT,SITC7,machinery_transport,2013,import,5763.7
LU,SITC7,machinery_transport,2013,import,6796.4
LV,SITC7,machinery_transport,2013,import,3518.4
MT,SITC7,machinery_transport,2013,import,1663.0
NL,SITC7,machinery_transport,2013,import,124248.3
PL,SITC7,machinery_transport,2013,import,52441.5
PT,SITC7,machinery_transport,2013,import,13399.7
RO,SITC7,machinery_transport,2013,import,19550.1
SE,SITC7,machinery_transport,2013,import,43323.4
SI,SITC7,machinery_transport,2013,import,7783.9
SK,SITC7,machinery_transport,2013,import,26111.3
AT,SITC9,unclassified,2013,import,2109.6
BE,SITC9,unclassified,2013,import,3918.9
BG,SITC9,unclassified,2013,import,123.7
CY,SITC9,unclassified,2013,import,4.9
CZ,SITC9,unclassified,2013,import,319.7
DE,SITC9,unclassified,2013,import,13671.3
DK,SITC9,unclassified,2013,import,689.6
EE,SITC9,unclassified,2013,import,151.0
EL,SITC9,unclassified,2013,import,35.4
ES,SITC9,unclassified,2013,import,883.2
FI,SITC9,unclassified,2013,import,40.0
FR,SITC9,unclassified,2013,import,2396.4
HR,SITC9,unclassified,2013,import,3.3
HU,SITC9,unclassified,2013,import,207.4
IE,SITC9,unclassified,2013,import,1250.4
IT,SITC9,unclassified,2013,import,5268.6
LT,SITC9,unclassified,2013,import,8.7
LU,SITC9,unclassified,2013,import,137.8
LV,SITC9,unclassified,2013,import,25.1
MT,SITC9,unclassified,2013,import,23.1
NL,SITC9,unclassified,2013,import,1394.6
PL,SITC9,unclassified,2013,import,3823.9
PT,SITC9,unclassified,2013,import,48.7
RO,SITC9,unclassified,2013,import,1.8
SE,SITC9,unclassified,2013,import,82.4
SI,SITC9,unclassified,2013,import,41.7
SK,SITC9,unclassified,2013,import,216.7
AT,SITC0_1,food_drinks_tobacco,2014,balance,-397.4
BE,SITC0_1,food_drinks_tobacco,2014,balance,3999.1
BG,SITC0_1,food_drinks_tobacco,2014,balance,608.9
CY,SITC0_1,food_drinks_tobacco,2014,balance,-677.2
CZ,SITC0_1,food_drinks_tobacco,2014,balance,-752.2
DE,SITC0_1,food_drinks_tobacco,2014,balance,-4810.8
DK,SITC0_1,food_drinks_tobacco,2014,balance,5368.4
EE,SITC0_1,food_drinks_tobacco,2014,balance,-255.5
EL,SITC0_1,food_drinks_tobacco,2014,balance,-1297.0
ES,SITC0_1,food_drinks_tobacco,2014,balance,8865.5
FI,SITC0_1,food_drinks_tobacco,2014,balance,-2665.8
FR,SITC0_1,food_drinks_tobacco,2014,balance,9512.6
HR,SITC0_1,food_drinks_tobacco,2014,balance,-890.8
HU,SITC0_1,food_drinks_tobacco,2014,balance,2365.1
IE,SITC0_1,food_drinks_tobacco,2014,balance,3421.7
IT,SITC0_1,food_drinks_tobacco,2014,balance,-3356.3
LT,SITC0_1,food_drinks_tobacco,2014,balance,934.9
LU,SITC0_1,food_drinks_tobacco,2014,balance,-1041.6
LV,SITC0_1,food_drinks_tobacco,2014,balance,39.4
MT,SITC0_1,food_drinks_tobacco,2014,balance,-358.9
NL,SITC0_1,food_drinks_tobacco,2014,balance,23099.2
PL,SITC0_1,food_drinks_tobacco,2014,balance,7271.5
PT,SITC0_1,food_drinks_tobacco,2014,balance,-2343.5
RO,SITC0_1,food_drinks_tobacco,2014,balance,-36.5
SE,SITC0_1,food_drinks_tobacco,2014,balance,-4994.8
SI,SITC0_1,food_drinks_tobacco,2014,balance,-797.1
SK,SITC0_1,food_drinks_tobacco,2014,balance,-1106.7
AT,SITC2_4,raw_materials,2014,balance,-2113.5
BE,SITC2_4,raw_materials,2014,balance,-4711.9
BG,SITC2_4,raw_materials,2014,balance,-418.6
CY,SITC2_4,raw_materials,2014,balance,-4.5
CZ,SITC2_4,raw_materials,2014,balance,441.5
DE,SITC2_4,raw_materials,2014,balance,-15938.5
DK,SITC2_4,raw_materials,2014,balance,904.9
EE,SITC2_4,raw_materials,2014,balance,510.1
EL,SITC2_4,raw_materials,2014,balance,-146.3
ES,SITC2_4,raw_materials,2014,balance,-3481.3
FI,SITC2_4,raw_materials,2014,balance,477.0
FR,SITC2_4,raw_materials,2014,balance,-1278.6
HR,SITC2_4,raw_materials,2014,balance,456.0
HU,SITC2_4,raw_materials,2014,balance,505.7
IE,SITC2_4,raw_materials,2014,balance,911.7
IT,SITC2_4,raw_materials,2014,balance,-12460.4
LT,SITC2_4,raw_materials,2014,balance,135.3
LU,SITC2_4,raw_materials,2014,balance,-1050.2
LV,SITC2_4,raw_materials,2014,balance,921.1
MT,SITC2_4,raw_materials,2014,balance,-16.9
NL,SITC2_4,raw_materials,2014,balance,5319.8
PL,SITC2_4,raw_materials,2014,balance,-1549.6
PT,SITC2_4,raw_materials,2014,balance,-139.4
RO,SITC2_4,raw_materials,2014,balance,1003.6
SE,SITC2_4,raw_materials,2014,balance,4579.7
SI,SITC2_4,raw_materials,2014,balance,-219.7
SK,SITC2_4,raw_materials,2014,balance,-523.5
AT,SITC3,mineral_fuels,2014,balance,-9839.5
BE,SITC3,mineral_fuels,2014,balance,-15239.0
BG,SITC3,mineral_fuels,2014,balance,-2390.7
CY,SITC3,mineral_fuels,2014,balance,-1032.9
CZ,SITC3,mineral_fuels,2014,balance,-6196.0
DE,SITC3,mineral_fuels,2014,balance,-83316.3
DK,SITC3,mineral_fuels,2014,balance,90.6
EE,SITC3,mineral_fuels,2014,balance,-419.4
EL,SITC3,mineral_fuels,2014,balance,-6042.4
ES,SITC3,mineral_fuels,2014,balance,-30089.4
FI,SITC3,mineral_fuels,2014,balance,-5859.6
FR,SITC3,mineral_fuels,2014,balance,-54280.7
HR,SITC3,mineral_fuels,2014,balance,-1736.2
HU,SITC3,mineral_fuels,2014,balance,-6496.7
IE,SITC3,mineral_fuels,2014,balance,-5260.6
IT,SITC3,mineral_fuels,2014,balance,-42444.5
LT,SITC3,mineral_fuels,2014,balance,-1714.0
LU,SITC3,mineral_fuels,2014,balance,-2195.0
LV,SITC3,mineral_fuels,2014,balance,-1105.4
MT,SITC3,mineral_fuels,2014,balance,-1264.0
NL,SITC3,mineral_fuels,2014,balance,-10512.9
PL,SITC3,mineral_fuels,2014,balance,-10763.8
PT,SITC3,mineral_fuels,2014,balance,-6177.4
RO,SITC3,mineral_fuels,2014,balance,-2120.2
SE,SITC3,mineral_fuels,2014,balance,-5721.2
SI,SITC3,mineral_fuels,2014,balance,-1525.8
SK,SITC3,mineral_fuels,2014,balance,-3055.7
AT,SITC5,chemicals,2014,balance,147.0
BE,SITC5,chemicals,2014,balance,22491.9
BG,SITC5,chemicals,2014,balance,-1330.6
CY,SITC5,chemicals,2014,balance,-279.8
CZ,SITC5,chemicals,2014,balance,-4741.5
DE,SITC5,chemicals,2014,balance,59202.3
DK,SITC5,chemicals,2014,balance,6126.7
EE,SITC5,chemicals,2014,balance,-779.4
EL,SITC5,chemicals,2014,balance,-3974.6
ES,SITC5,chemicals,2014,balance,-6101.1
FI,SITC5,chemicals,2014,balance,-757.7
FR,SITC5,chemicals,2014,balance,11105.6
HR,SITC5,chemicals,2014,balance,-1165.1
HU,SITC5,chemicals,2014,balance,41.1
IE,SITC5,chemicals,2014,balance,40137.3
IT,SITC5,chemicals,2014,balance,-4343.7
LT,SITC5,chemicals,2014,balance,-350.2
LU,SITC5,chemicals,2014,balance,-721.9
LV,SITC5,chemicals,2014,balance,-698.0
MT,SITC5,chemicals,2014,balance,-112.4
NL,SITC5,chemicals,2014,balance,24219.7
PL,SITC5,chemicals,2014,balance,-9117.4
PT,SITC5,chemicals,2014,balance,-3722.0
RO,SITC5,chemicals,2014,balance,-5272.8
SE,SITC5,chemicals,2014,balance,537.0
SI,SITC5,chemicals,2014,balance,905.7
SK,SITC5,chemicals,2014,balance,-2301.4
AT,SITC6_8,other_manufactured,2014,balance,3900.0
BE,SITC6_8,other_manufactured,2014,balance,7115.6
BG,SITC6_8,other_manufactured,2014,balance,1771.1
CY,SITC6_8,other_manufactured,2014,balance,-1000.7
CZ,SITC6_8,other_manufactured,2014,balance,4581.4
DE,SITC6_8,other_manufactured,2014,balance,24401.2
DK,SITC6_8,other_manufactured,2014,balance,-2145.9
EE,SITC6_8,other_manufactured,2014,balance,155.0
EL,SITC6_8,other_manufactured,2014,balance,-3895.8
ES,SITC6_8,other_manufactured,2014,balance,-966.7
FI,SITC6_8,other_manufactured,2014,balance,7643.0
FR,SITC6_8,other_manufactured,2014,balance,-38041.1
HR,SITC6_8,other_manufactured,2014,balance,-1920.9
HU,SITC6_8,other_manufactured,2014,balance,-147.2
IE,SITC6_8,other_manufactured,2014,balance,2654.4
IT,SITC6_8,other_manufactured,2014,balance,49419.0
LT,SITC6_8,other_manufactured,2014,balance,872.7
LU,SITC6_8,other_manufactured,2014,balance,1044.4
LV,SITC6_8,other_manufactured,2014,balance,-446.4
MT,SITC6_8,other_manufactured,2014,balance,-272.4
NL,SITC6_8,other_manufactured,2014,balance,143.4
PL,SITC6_8,other_manufactured,2014,balance,8631.5
PT,SITC6_8,other_manufactured,2014,balance,4208.3
RO,SITC6_8,other_manufactured,2014,balance,-993.0
SE,SITC6_8,other_manufactured,2014,balance,3958.9
SI,SITC6_8,other_manufactured,2014,balance,1288.5
SK,SITC6_8,other_manufactured,2014,balance,289.2
AT,SITC7,machinery_transport,2014,balance,6010.9
BE,SITC7,machinery_transport,2014,balance,-3496.2
BG,SITC7,machinery_transport,2014,balance,-2265.5
CY,SITC7,machinery_transport,2014,balance,-699.7
CZ,SITC7,machinery_transport,2014,balance,22282.0
DE,SITC7,machinery_transport,2014,balance,232299.4
DK,SITC7,machinery_transport,2014,balance,-1310.7
EE,SITC7,machinery_transport,2014,balance,-905.6
EL,SITC7,machinery_transport,2014,balance,-4693.9
ES,SITC7,machinery_transport,2014,balance,2911.8
FI,SITC7,machinery_transport,2014,balance,-711.1
FR,SITC7,machinery_transport,2014,balance,-2423.5
HR,SITC7,machinery_transport,2014,balance,-1560.0
HU,SITC7,machinery_transport,2014,balance,8068.7
IE,SITC7,machinery_transport,2014,balance,-11681.6
IT,SITC7,machinery_transport,2014,balance,54239.6
LT,SITC7,machinery_transport,2014,balance,-1417.6
LU,SITC7,machinery_transport,2014,balance,-2070.1
LV,SITC7,machinery_transport,2014,balance,-1202.7
MT,SITC7,machinery_transport,2014,balance,-915.4
NL,SITC7,machinery_transport,2014,balance,19037.9
PL,SITC7,machinery_transport,2014,balance,5728.4
PT,SITC7,machinery_transport,2014,balance,-3019.3
RO,SITC7,machinery_transport,2014,balance,1353.7
SE,SITC7,machinery_transport,2014,balance,2904.1
SI,SITC7,machinery_transport,2014,balance,1865.5
SK,SITC7,machinery_transport,2014,balance,10145.9
AT,SITC9,unclassified,2014,balance,-536.1
BE,SITC9,unclassified,2014,balance,3701.2
BG,SITC9,unclassified,2014,balance,-49.3
CY,SITC9,unclassified,2014,balance,53.3
CZ,SITC9,unclassified,2014,balance,-18.8
DE,SITC9,unclassified,2014,balance,4622.3
DK,SITC9,unclassified,2014,balance,-92.9
EE,SITC9,unclassified,2014,balance,1.5
EL,SITC9,unclassified,2014,balance,440.2
ES,SITC9,unclassified,2014,balance,2975.8
FI,SITC9,unclassified,2014,balance,78.1
FR,SITC9,unclassified,2014,balance,3960.6
HR,SITC9,unclassified,2014,balance,93.9
HU,SITC9,unclassified,2014,balance,-48.7
IE,SITC9,unclassified,2014,balance,-797.7
IT,SITC9,unclassified,2014,balance,877.8
LT,SITC9,unclassified,2014,balance,10.7
LU,SITC9,unclassified,2014,balance,337.3
LV,SITC9,unclassified,2014,balance,46.6
MT,SITC9,unclassified,2014,balance,13.3
NL,SITC9,unclassified,2014,balance,1343.2
PL,SITC9,unclassified,2014,balance,-2852.1
PT,SITC9,unclassified,2014,balance,214.9
RO,SITC9,unclassified,2014,balance,10.2
SE,SITC9,unclassified,2014,balance,524.4
SI,SITC9,unclassified,2014,balance,6.9
SK,SITC9,unclassified,2014,balance,60.5
AT,SITC0_1,food_drinks_tobacco,2014,export,9702.3
BE,SITC0_1,food_drinks_tobacco,2014,export,31776.9
BG,SITC0_1,food_drinks_tobacco,2014,export,2822.4
CY,SITC0_1,food_drinks_tobacco,2014,export,277.7
CZ,SITC0_1,food_drinks_tobacco,2014,export,5727.9
DE,SITC0_1,food_drinks_tobacco,2014,export,62483.0
DK,SITC0_1,food_drinks_tobacco,2014,export,15504.5
EE,SITC0_1,food_drinks_tobacco,2014,export,1138.4
EL,SITC0_1,food_drinks_tobacco,2014,export,4368.9
ES,SITC0_1,food_drinks_tobacco,2014,export,34413.3
FI,SITC0_1,food_drinks_tobacco,2014,export,1522.8
FR,SITC0_1,food_drinks_tobacco,2014,export,53652.9
HR,SITC0_1,food_drinks_tobacco,2014,export,1231.5
HU,SITC0_1,food_drinks_tobacco,2014,export,6430.6
IE,SITC0_1,food_drinks_tobacco,2014,export,10445.5
IT,SITC0_1,food_drinks_tobacco,2014,export,31028.1
LT,SITC0_1,food_drinks_tobacco,2014,export,4261.5
LU,SITC0_1,food_drinks_tobacco,2014,export,1114.5
LV,SITC0_1,food_drinks_tobacco,2014,export,1998.2
MT,SITC0_1,food_drinks_tobacco,2014,export,206.0
NL,SITC0_1,food_drinks_tobacco,2014,export,64853.7
PL,SITC0_1,food_drinks_tobacco,2014,export,20565.3
PT,SITC0_1,food_drinks_tobacco,2014,export,5309.2
RO,SITC0_1,food_drinks_tobacco,2014,export,4484.2
SE,SITC0_1,food_drinks_tobacco,2014,export,7303.4
SI,SITC0_1,food_drinks_tobacco,2014,export,1305.5
SK,SITC0_1,food_drinks_tobacco,2014,export,2300.4
AT,SITC2_4,raw_materials,2014,export,4101.6
BE,SITC2_4,raw_materials,2014,export,10120.0
BG,SITC2_4,raw_materials,2014,export,1839.4
CY,SITC2_4,raw_materials,2014,export,66.9
CZ,SITC2_4,raw_materials,2014,export,3635.0
DE,SITC2_4,raw_materials,2014,export,22553.6
DK,SITC2_4,raw_materials,2014,export,4002.1
EE,SITC2_4,raw_materials,2014,export,1054.9
EL,SITC2_4,raw_materials,2014,export,1359.4
ES,SITC2_4,raw_materials,2014,export,9885.4
FI,SITC2_4,raw_materials,2014,export,4627.7
FR,SITC2_4,raw_materials,2014,export,11710.6
HR,SITC2_4,raw_materials,2014,export,853.4
HU,SITC2_4,raw_materials,2014,export,2268.9
IE,SITC2_4,raw_materials,2014,export,1856.0
IT,SITC2_4,raw_materials,2014,export,6851.4
LT,SITC2_4,raw_materials,2014,export,1212.2
LU,SITC2_4,raw_materials,2014,export,294.3
LV,SITC2_4,raw_materials,2014,export,1562.6
MT,SITC2_4,raw_materials,2014,export,16.1
NL,SITC2_4,raw_materials,2014,export,26998.0
PL,SITC2_4,raw_materials,2014,export,4522.9
PT,SITC2_4,raw_materials,2014,export,2521.9
RO,SITC2_4,raw_materials,2014,export,2855.1
SE,SITC2_4,raw_materials,2014,export,8744.4
SI,SITC2_4,raw_materials,2014,export,1231.5
SK,SITC2_4,raw_materials,2014,export,1421.7
AT,SITC3,mineral_fuels,2014,export,3184.2
BE,SITC3,mineral_fuels,2014,export,40417.7
BG,SITC3,mineral_fuels,2014,export,2807.1
CY,SITC3,mineral_fuels,2014,export,234.2
CZ,SITC3,mineral_fuels,2014,export,3587.5
DE,SITC3,mineral_fuels,2014,export,29882.0
DK,SITC3,mineral_fuels,2014,export,6404.8
EE,SITC3,mineral_fuels,2014,export,1301.6
EL,SITC3,mineral_fuels,2014,export,10257.2
ES,SITC3,mineral_fuels,2014,export,24395.4
FI,SITC3,mineral_fuels,2014,export,6353.5
FR,SITC3,mineral_fuels,2014,export,18191.0
HR,SITC3,mineral_fuels,2014,export,1441.8
HU,SITC3,mineral_fuels,2014,export,2839.1
IE,SITC3,mineral_fuels,2014,export,1235.7
IT,SITC3,mineral_fuels,2014,export,15869.3
LT,SITC3,mineral_fuels,2014,export,4335.3
LU,SITC3,mineral_fuels,2014,export,87.9
LV,SITC3,mineral_fuels,2014,export,924.1
MT,SITC3,mineral_fuels,2014,export,192.4
NL,SITC3,mineral_fuels,2014,export,88317.3
PL,SITC3,mineral_fuels,2014,export,6874.1
PT,SITC3,mineral_fuels,2014,export,4016.9
RO,SITC3,mineral_fuels,2014,export,3336.3
SE,SITC3,mineral_fuels,2014,export,10850.7
SI,SITC3,mineral_fuels,2014,export,1486.4
SK,SITC3,mineral_fuels,2014,export,2903.3
AT,SITC5,chemicals,2014,export,18235.8
BE,SITC5,chemicals,2014,export,103814.2
BG,SITC5,chemicals,2014,export,2024.4
CY,SITC5,chemicals,2014,export,314.4
CZ,SITC5,chemicals,2014,export,8750.9
DE,SITC5,chemicals,2014,export,181014.7
DK,SITC5,chemicals,2014,export,15596.5
EE,SITC5,chemicals,2014,export,728.3
EL,SITC5,chemicals,2014,export,2694.5
ES,SITC5,chemicals,2014,export,32787.9
FI,SITC5,chemicals,2014,export,6241.2
FR,SITC5,chemicals,2014,export,82977.1
HR,SITC5,chemicals,2014,export,1106.7
HU,SITC5,chemicals,2014,export,9454.0
IE,SITC5,chemicals,2014,export,51552.1
IT,SITC5,chemicals,2014,export,51295.2
LT,SITC5,chemicals,2014,export,3250.4
LU,SITC5,chemicals,2014,export,1268.9
LV,SITC5,chemicals,2014,export,882.9
MT,SITC5,chemicals,2014,export,315.7
NL,SITC5,chemicals,2014,export,82105.0
PL,SITC5,chemicals,2014,export,15063.9
PT,SITC5,chemicals,2014,export,4281.8
RO,SITC5,chemicals,2014,export,2733.9
SE,SITC5,chemicals,2014,export,15152.0
SI,SITC5,chemicals,2014,export,4447.0
SK,SITC5,chemicals,2014,export,3136.7
AT,SITC6_8,other_manufactured,2014,export,44868.9
BE,SITC6_8,other_manufactured,2014,export,88437.3
BG,SITC6_8,other_manufactured,2014,export,8188.1
CY,SITC6_8,other_manufactured,2014,export,182.5
CZ,SITC6_8,other_manufactured,2014,export,37245.1
DE,SITC6_8,other_manufactured,2014,export,261128.1
DK,SITC6_8,other_manufactured,2014,export,19466.3
EE,SITC6_8,other_manufactured,2014,export,3606.0
EL,SITC6_8,other_manufactured,2014,export,5575.5
ES,SITC6_8,other_manufactured,2014,export,61284.4
FI,SITC6_8,other_manufactured,2014,export,20692.8
FR,SITC6_8,other_manufactured,2014,export,99692.2
HR,SITC6_8,other_manufactured,2014,export,3382.4
HU,SITC6_8,other_manufactured,2014,export,17360.0
IE,SITC6_8,other_manufactured,2014,export,13603.2
IT,SITC6_8,other_manufactured,2014,export,146865.0
LT,SITC6_8,other_manufactured,2014,export,6354.1
LU,SITC6_8,other_manufactured,2014,export,6308.4
LV,SITC6_8,other_manufactured,2014,export,3157.9
MT,SITC6_8,other_manufactured,2014,export,466.5
NL,SITC6_8,other_manufactured,2014,export,93309.5
PL,SITC6_8,other_manufactured,2014,export,55817.8
PT,SITC6_8,other_manufactured,2014,export,19484.4
RO,SITC6_8,other_manufactured,2014,export,16869.9
SE,SITC6_8,other_manufactured,2014,export,33665.5
SI,SITC6_8,other_manufactured,2014,export,8400.2
SK,SITC6_8,other_manufactured,2014,export,17614.9
AT,SITC7,machinery_transport,2014,export,53082.1
BE,SITC7,machinery_transport,2014,export,73034.7
BG,SITC7,machinery_transport,2014,export,4273.4
CY,SITC7,machinery_transport,2014,export,1240.7
CZ,SITC7,machinery_transport,2014,export,72563.1
DE,SITC7,machinery_transport,2014,export,551387.9
DK,SITC7,machinery_transport,2014,export,22207.4
EE,SITC7,machinery_transport,2014,export,4136.0
EL,SITC7,machinery_transport,2014,export,2254.0
ES,SITC7,machinery_transport,2014,export,77887.5
FI,SITC7,machinery_transport,2014,export,16419.5
FR,SITC7,machinery_transport,2014,export,165187.7
HR,SITC7,machinery_transport,2014,export,2291.7
HU,SITC7,machinery_transport,2014,export,44817.6
IE,SITC7,machinery_transport,2014,export,11768.2
IT,SITC7,machinery_transport,2014,export,141422.9
LT,SITC7,machinery_transport,2014,export,4929.6
LU,SITC7,machinery_transport,2014,export,4935.3
LV,SITC7,machinery_transport,2014,export,2498.3
MT,SITC7,machinery_transport,2014,export,981.5
NL,SITC7,machinery_transport,2014,export,148686.9
PL,SITC7,machinery_transport,2014,export,62665.5
PT,SITC7,machinery_transport,2014,export,12178.9
RO,SITC7,machinery_transport,2014,export,22208.7
SE,SITC7,machinery_transport,2014,export,47599.2
SI,SITC7,machinery_transport,2014,export,10173.7
SK,SITC7,machinery_transport,2014,export,37360.0
AT,SITC9,unclassified,2014,export,997.7
BE,SITC9,unclassified,2014,export,7687.0
BG,SITC9,unclassified,2014,export,88.8
CY,SITC9,unclassified,2014,export,57.2
CZ,SITC9,unclassified,2014,export,289.4
DE,SITC9,unclassified,2014,export,16584.9
DK,SITC9,unclassified,2014,export,730.1
EE,SITC9,unclassified,2014,export,118.0
EL,SITC9,unclassified,2014,export,576.0
ES,SITC9,unclassified,2014,export,3633.4
FI,SITC9,unclassified,2014,export,116.0
FR,SITC9,unclassified,2014,export,6374.3
HR,SITC9,unclassified,2014,export,123.9
HU,SITC9,unclassified,2014,export,95.8
IE,SITC9,unclassified,2014,export,756.5
IT,SITC9,unclassified,2014,export,5538.5
LT,SITC9,unclassified,2014,export,18.2
LU,SITC9,unclassified,2014,export,391.7
LV,SITC9,unclassified,2014,export,71.0
MT,SITC9,unclassified,2014,export,27.3
NL,SITC9,unclassified,2014,export,2068.4
PL,SITC9,unclassified,2014,export,205.3
PT,SITC9,unclassified,2014,export,260.5
RO,SITC9,unclassified,2014,export,12.5
SE,SITC9,unclassified,2014,export,605.4
SI,SITC9,unclassified,2014,export,30.7
SK,SITC9,unclassified,2014,export,176.0
AT,SITC0_1,food_drinks_tobacco,2014,import,10099.7
BE,SITC0_1,food_drinks_tobacco,2014,import,27777.7
BG,SITC0_1,food_drinks_tobacco,2014,import,2213.5
CY,SITC0_1,food_drinks_tobacco,2014,import,954.9
CZ,SITC0_1,food_drinks_tobacco,2014,import,6480.1
DE,SITC0_1,food_drinks_tobacco,2014,import,67293.8
DK,SITC0_1,food_drinks_tobacco,2014,import,10136.0
EE,SITC0_1,food_drinks_tobacco,2014,import,1393.9
EL,SITC0_1,food_drinks_tobacco,2014,import,5665.9
ES,SITC0_1,food_drinks_tobacco,2014,import,25547.8
FI,SITC0_1,food_drinks_tobacco,2014,import,4188.6
FR,SITC0_1,food_drinks_tobacco,2014,import,44140.4
HR,SITC0_1,food_drinks_tobacco,2014,import,2122.2
HU,SITC0_1,food_drinks_tobacco,2014,import,4065.5
IE,SITC0_1,food_drinks_tobacco,2014,import,7023.8
IT,SITC0_1,food_drinks_tobacco,2014,import,34384.4
LT,SITC0_1,food_drinks_tobacco,2014,import,3326.6
LU,SITC0_1,food_drinks_tobacco,2014,import,2156.1
LV,SITC0_1,food_drinks_tobacco,2014,import,1958.9
MT,SITC0_1,food_drinks_tobacco,2014,import,564.9
NL,SITC0_1,food_drinks_tobacco,2014,import,41754.5
PL,SITC0_1,food_drinks_tobacco,2014,import,13293.7
PT,SITC0_1,food_drinks_tobacco,2014,import,7652.8
RO,SITC0_1,food_drinks_tobacco,2014,import,4520.7
SE,SITC0_1,food_drinks_tobacco,2014,import,12298.2
SI,SITC0_1,food_drinks_tobacco,2014,import,2102.6
SK,SITC0_1,food_drinks_tobacco,2014,import,3407.1
AT,SITC2_4,raw_materials,2014,import,6215.1
BE,SITC2_4,raw_materials,2014,import,14831.9
BG,SITC2_4,raw_materials,2014,import,2258.0
CY,SITC2_4,raw_materials,2014,import,71.4
CZ,SITC2_4,raw_materials,2014,import,3193.6
DE,SITC2_4,raw_materials,2014,import,38492.1
DK,SITC2_4,raw_materials,2014,import,3097.2
EE,SITC2_4,raw_materials,2014,import,544.8
EL,SITC2_4,raw_materials,2014,import,1505.6
ES,SITC2_4,raw_materials,2014,import,13366.7
FI,SITC2_4,raw_materials,2014,import,4150.7
FR,SITC2_4,raw_materials,2014,import,12989.2
HR,SITC2_4,raw_materials,2014,import,397.4
HU,SITC2_4,raw_materials,2014,import,1763.2
IE,SITC2_4,raw_materials,2014,import,944.3
IT,SITC2_4,raw_materials,2014,import,19311.8
LT,SITC2_4,raw_materials,2014,import,1076.9
LU,SITC2_4,raw_materials,2014,import,1344.5
LV,SITC2_4,raw_materials,2014,import,641.5
MT,SITC2_4,raw_materials,2014,import,33.0
NL,SITC2_4,raw_materials,2014,import,21678.2
PL,SITC2_4,raw_materials,2014,import,6072.5
PT,SITC2_4,raw_materials,2014,import,2661.3
RO,SITC2_4,raw_materials,2014,import,1851.5
SE,SITC2_4,raw_materials,2014,import,4164.7
SI,SITC2_4,raw_materials,2014,import,1451.2
SK,SITC2_4,raw_materials,2014,import,1945.1
AT,SITC3,mineral_fuels,2014,import,13023.7
BE,SITC3,mineral_fuels,2014,import,55656.7
BG,SITC3,mineral_fuels,2014,import,5197.8
CY,SITC3,mineral_fuels,2014,import,1267.2
CZ,SITC3,mineral_fuels,2014,import,9783.6
DE,SITC3,mineral_fuels,2014,import,113198.3
DK,SITC3,mineral_fuels,2014,import,6314.2
EE,SITC3,mineral_fuels,2014,import,1721.0
EL,SITC3,mineral_fuels,2014,import,16299.6
ES,SITC3,mineral_fuels,2014,import,54484.9
FI,SITC3,mineral_fuels,2014,import,12213.1
FR,SITC3,mineral_fuels,2014,import,72471.7
HR,SITC3,mineral_fuels,2014,import,3178.0
HU,SITC3,mineral_fuels,2014,import,9335.8
IE,SITC3,mineral_fuels,2014,import,6496.3
IT,SITC3,mineral_fuels,2014,import,58313.7
LT,SITC3,mineral_fuels,2014,import,6049.4
LU,SITC3,mineral_fuels,2014,import,2282.9
LV,SITC3,mineral_fuels,2014,import,2029.5
MT,SITC3,mineral_fuels,2014,import,1456.4
NL,SITC3,mineral_fuels,2014,import,98830.2
PL,SITC3,mineral_fuels,2014,import,17637.9
PT,SITC3,mineral_fuels,2014,import,10194.3
RO,SITC3,mineral_fuels,2014,import,5456.5
SE,SITC3,mineral_fuels,2014,import,16571.9
SI,SITC3,mineral_fuels,2014,import,3012.2
SK,SITC3,mineral_fuels,2014,import,5959.0
AT,SITC5,chemicals,2014,import,18088.8
BE,SITC5,chemicals,2014,import,81322.2
BG,SITC5,chemicals,2014,import,3355.0
CY,SITC5,chemicals,2014,import,594.2
CZ,SITC5,chemicals,2014,import,13492.4
DE,SITC5,chemicals,2014,import,121812.4
DK,SITC5,chemicals,2014,import,9469.8
EE,SITC5,chemicals,2014,import,1507.7
EL,SITC5,chemicals,2014,import,6669.1
ES,SITC5,chemicals,2014,import,38888.9
FI,SITC5,chemicals,2014,import,6998.9
FR,SITC5,chemicals,2014,import,71871.5
HR,SITC5,chemicals,2014,import,2271.9
HU,SITC5,chemicals,2014,import,9413.0
IE,SITC5,chemicals,2014,import,11414.8
IT,SITC5,chemicals,2014,import,55638.9
LT,SITC5,chemicals,2014,import,3600.6
LU,SITC5,chemicals,2014,import,1990.8
LV,SITC5,chemicals,2014,import,1580.8
MT,SITC5,chemicals,2014,import,428.1
NL,SITC5,chemicals,2014,import,57885.2
PL,SITC5,chemicals,2014,import,24181.4
PT,SITC5,chemicals,2014,import,8003.8
RO,SITC5,chemicals,2014,import,8006.7
SE,SITC5,chemicals,2014,import,14615.1
SI,SITC5,chemicals,2014,import,3541.3
SK,SITC5,chemicals,2014,import,5438.1
AT,SITC6_8,other_manufactured,2014,import,40968.9
BE,SITC6_8,other_manufactured,2014,import,81321.7
BG,SITC6_8,other_manufactured,2014,import,6417.0
CY,SITC6_8,other_manufactured,2014,import,1183.2
CZ,SITC6_8,other_manufactured,2014,import,32663.7
DE,SITC6_8,other_manufactured,2014,import,236726.8
DK,SITC6_8,other_manufactured,2014,import,21612.2
EE,SITC6_8,other_manufactured,2014,import,3451.1
EL,SITC6_8,other_manufactured,2014,import,9471.3
ES,SITC6_8,other_manufactured,2014,import,62251.1
FI,SITC6_8,other_manufactured,2014,import,13049.8
FR,SITC6_8,other_manufactured,2014,import,137733.3
HR,SITC6_8,other_manufactured,2014,import,5303.3
HU,SITC6_8,other_manufactured,2014,import,17507.2
IE,SITC6_8,other_manufactured,2014,import,10948.8
IT,SITC6_8,other_manufactured,2014,import,97446.0
LT,SITC6_8,other_manufactured,2014,import,5481.5
LU,SITC6_8,other_manufactured,2014,import,5264.1
LV,SITC6_8,other_manufactured,2014,import,3604.3
MT,SITC6_8,other_manufactured,2014,import,738.8
NL,SITC6_8,other_manufactured,2014,import,93166.1
PL,SITC6_8,other_manufactured,2014,import,47186.2
PT,SITC6_8,other_manufactured,2014,import,15276.1
RO,SITC6_8,other_manufactured,2014,import,17862.9
SE,SITC6_8,other_manufactured,2014,import,29706.5
SI,SITC6_8,other_manufactured,2014,import,7111.8
SK,SITC6_8,other_manufactured,2014,import,17325.7
AT,SITC7,machinery_transport,2014,import,47071.2
BE,SITC7,machinery_transport,2014,import,76530.9
BG,SITC7,machinery_transport,2014,import,6539.0
CY,SITC7,machinery_transport,2014,import,1940.3
CZ,SITC7,machinery_transport,2014,import,50281.1
DE,SITC7,machinery_transport,2014,import,319088.5
DK,SITC7,machinery_transport,2014,import,23518.2
EE,SITC7,machinery_transport,2014,import,5041.5
EL,SITC7,machinery_transport,2014,import,6947.8
ES,SITC7,machinery_transport,2014,import,74975.7
FI,SITC7,machinery_transport,2014,import,17130.5
FR,SITC7,machinery_transport,2014,import,167611.2
HR,SITC7,machinery_transport,2014,import,3851.8
HU,SITC7,machinery_transport,2014,import,36748.9
IE,SITC7,machinery_transport,2014,import,23449.8
IT,SITC7,machinery_transport,2014,import,87183.3
LT,SITC7,machinery_transport,2014,import,6347.1
LU,SITC7,machinery_transport,2014,import,7005.4
LV,SITC7,machinery_transport,2014,import,3700.9
MT,SITC7,machinery_transport,2014,import,1896.9
NL,SITC7,machinery_transport,2014,import,129649.0
PL,SITC7,machinery_transport,2014,import,56937.2
PT,SITC7,machinery_transport,2014,import,15198.2
RO,SITC7,machinery_transport,2014,import,20855.0
SE,SITC7,machinery_transport,2014,import,44695.1
SI,SITC7,machinery_transport,2014,import,8308.2
SK,SITC7,machinery_transport,2014,import,27214.1
AT,SITC9,unclassified,2014,import,1533.8
BE,SITC9,unclassified,2014,import,3985.7
BG,SITC9,unclassified,2014,import,138.0
CY,SITC9,unclassified,2014,import,3.9
CZ,SITC9,unclassified,2014,import,308.2
DE,SITC9,unclassified,2014,import,11962.6
DK,SITC9,unclassified,2014,import,823.0
EE,SITC9,unclassified,2014,import,116.5
EL,SITC9,unclassified,2014,import,135.8
ES,SITC9,unclassified,2014,import,657.5
FI,SITC9,unclassified,2014,import,37.9
FR,SITC9,unclassified,2014,import,2413.7
HR,SITC9,unclassified,2014,import,30.0
HU,SITC9,unclassified,2014,import,144.6
IE,SITC9,unclassified,2014,import,1554.2
IT,SITC9,unclassified,2014,import,4660.7
LT,SITC9,unclassified,2014,import,7.5
LU,SITC9,unclassified,2014,import,54.4
LV,SITC9,unclassified,2014,import,24.3
MT,SITC9,unclassified,2014,import,14.0
NL,SITC9,unclassified,2014,import,725.2
PL,SITC9,unclassified,2014,import,3057.5
PT,SITC9,unclassified,2014,import,45.6
RO,SITC9,unclassified,2014,import,2.3
SE,SITC9,unclassified,2014,import,80.9
SI,SITC9,unclassified,2014,import,23.8
SK,SITC9,unclassified,2014,import,115.5
AT,SITC0_1,food_drinks_tobacco,2015,balance,-403.5
BE,SITC0_1,food_drinks_tobacco,2015,balance,5462.7
BG,SITC0_1,food_drinks_tobacco,2015,balance,481.3
CY,SITC0_1,food_drinks_tobacco,2015,balance,-676.4
CZ,SITC0_1,food_drinks_tobacco,2015,balance,-802.5
DE,SITC0_1,food_drinks_tobacco,2015,balance,-7370.6
DK,SITC0_1,food_drinks_tobacco,2015,balance,5056.5
EE,SITC0_1,food_drinks_tobacco,2015,balance,-259.6
EL,SITC0_1,food_drinks_tobacco,2015,balance,-1064.2
ES,SITC0_1,food_drinks_tobacco,2015,balance,10190.7
FI,SITC0_1,food_drinks_tobacco,2015,balance,-2916.0
FR,SITC0_1,food_drinks_tobacco,2015,balance,9698.3
HR,SITC0_1,food_drinks_tobacco,2015,balance,-882.8
HU,SITC0_1,food_drinks_tobacco,2015,balance,2365.8
IE,SITC0_1,food_drinks_tobacco,2015,balance,3565.8
IT,SITC0_1,food_drinks_tobacco,2015,balance,-2015.3
LT,SITC0_1,food_drinks_tobacco,2015,balance,778.6
LU,SITC0_1,food_drinks_tobacco,2015,balance,-1026.4
LV,SITC0_1,food_drinks_tobacco,2015,balance,25.9
MT,SITC0_1,food_drinks_tobacco,2015,balance,-356.2
NL,SITC0_1,food_drinks_tobacco,2015,balance,20450.6
PL,SITC0_1,food_drinks_tobacco,2015,balance,8164.5
PT,SITC0_1,food_drinks_tobacco,2015,balance,-2502.7
RO,SITC0_1,food_drinks_tobacco,2015,balance,-531.8
SE,SITC0_1,food_drinks_tobacco,2015,balance,-5468.4
SI,SITC0_1,food_drinks_tobacco,2015,balance,-812.2
SK,SITC0_1,food_drinks_tobacco,2015,balance,-1126.7
AT,SITC2_4,raw_materials,2015,balance,-1860.0
BE,SITC2_4,raw_materials,2015,balance,-4002.6
BG,SITC2_4,raw_materials,2015,balance,-494.8
CY,SITC2_4,raw_materials,2015,balance,-12.5
CZ,SITC2_4,raw_materials,2015,balance,514.8
DE,SITC2_4,raw_materials,2015,balance,-15420.2
DK,SITC2_4,raw_materials,2015,balance,1067.3
EE,SITC2_4,raw_materials,2015,balance,500.2
EL,SITC2_4,raw_materials,2015,balance,346.0
ES,SITC2_4,raw_materials,2015,balance,-4068.5
FI,SITC2_4,raw_materials,2015,balance,1195.7
FR,SITC2_4,raw_materials,2015,balance,-1837.3
HR,SITC2_4,raw_materials,2015,balance,488.2
HU,SITC2_4,raw_materials,2015,balance,299.9
IE,SITC2_4,raw_materials,2015,balance,728.9
IT,SITC2_4,raw_materials,2015,balance,-12072.7
LT,SITC2_4,raw_materials,2015,balance,82.2
LU,SITC2_4,raw_materials,2015,balance,-925.5
LV,SITC2_4,raw_materials,2015,balance,916.0
MT,SITC2_4,raw_materials,2015,balance,-20.6
NL,SITC2_4,raw_materials,2015,balance,5123.4
PL,SITC2_4,raw_materials,2015,balance,-1621.7
PT,SITC2_4,raw_materials,2015,balance,-104.1
RO,SITC2_4,raw_materials,2015,balance,530.7
SE,SITC2_4,raw_materials,2015,balance,3756.4
SI,SITC2_4,raw_materials,2015,balance,-157.8
SK,SITC2_4,raw_materials,2015,balance,-387.6
AT,SITC3,mineral_fuels,2015,balance,-7865.0
BE,SITC3,mineral_fuels,2015,balance,-11173.5
BG,SITC3,mineral_fuels,2015,balance,-1722.4
CY,SITC3,mineral_fuels,2015,balance,-721.8
CZ,SITC3,mineral_fuels,2015,balance,-4095.0
DE,SITC3,mineral_fuels,2015,balance,-59855.5
DK,SITC3,mineral_fuels,2015,balance,110.0
EE,SITC3,mineral_fuels,2015,balance,-319.5
EL,SITC3,mineral_fuels,2015,balance,-3796.2
ES,SITC3,mineral_fuels,2015,balance,-21622.2
FI,SITC3,mineral_fuels,2015,balance,-3854.4
FR,SITC3,mineral_fuels,2015,balance,-39413.8
HR,SITC3,mineral_fuels,2015,balance,-1516.1
HU,SITC3,mineral_fuels,2015,balance,-4610.4
IE,SITC3,mineral_fuels,2015,balance,-4054.7
IT,SITC3,mineral_fuels,2015,balance,-33051.0
LT,SITC3,mineral_fuels,2015,balance,-1339.0
LU,SITC3,mineral_fuels,2015,balance,-1593.1
LV,SITC3,mineral_fuels,2015,balance,-865.3
MT,SITC3,mineral_fuels,2015,balance,-848.8
NL,SITC3,mineral_fuels,2015,balance,-7251.4
PL,SITC3,mineral_fuels,2015,balance,-6952.7
PT,SITC3,mineral_fuels,2015,balance,-4115.7
RO,SITC3,mineral_fuels,2015,balance,-1460.6
SE,SITC3,mineral_fuels,2015,balance,-3836.2
SI,SITC3,mineral_fuels,2015,balance,-1203.5
SK,SITC3,mineral_fuels,2015,balance,-2429.7
AT,SITC5,chemicals,2015,balance,-479.8
BE,SITC5,chemicals,2015,balance,20623.4
BG,SITC5,chemicals,2015,balance,-1438.6
CY,SITC5,chemicals,2015,balance,-276.1
CZ,SITC5,chemicals,2015,balance,-5510.3
DE,SITC5,chemicals,2015,balance,60777.9
DK,SITC5,chemicals,2015,balance,7532.7
EE,SITC5,chemicals,2015,balance,-787.1
EL,SITC5,chemicals,2015,balance,-4069.9
ES,SITC5,chemicals,2015,balance,-7709.1
FI,SITC5,chemicals,2015,balance,-1062.6
FR,SITC5,chemicals,2015,balance,13159.9
HR,SITC5,chemicals,2015,balance,-1247.5
HU,SITC5,chemicals,2015,balance,-3.1
IE,SITC5,chemicals,2015,balance,50360.0
IT,SITC5,chemicals,2015,balance,-7560.8
LT,SITC5,chemicals,2015,balance,-509.6
LU,SITC5,chemicals,2015,balance,-594.9
LV,SITC5,chemicals,2015,balance,-710.6
MT,SITC5,chemicals,2015,balance,-155.8
NL,SITC5,chemicals,2015,balance,24122.1
PL,SITC5,chemicals,2015,balance,-8981.9
PT,SITC5,chemicals,2015,balance,-4137.8
RO,SITC5,chemicals,2015,balance,-5937.6
SE,SITC5,chemicals,2015,balance,1806.3
SI,SITC5,chemicals,2015,balance,776.8
SK,SITC5,chemicals,2015,balance,-2568.8
AT,SITC6_8,other_manufactured,2015,balance,2845.6
BE,SITC6_8,other_manufactured,2015,balance,8522.0
BG,SITC6_8,other_manufactured,2015,balance,2129.0
CY,SITC6_8,other_manufactured,2015,balance,-1097.7
CZ,SITC6_8,other_manufactured,2015,balance,4060.3
DE,SITC6_8,other_manufactured,2015,balance,18549.3
DK,SITC6_8,other_manufactured,2015,balance,-2585.7
EE,SITC6_8,other_manufactured,2015,balance,293.7
EL,SITC6_8,other_manufactured,2015,balance,-3556.4
ES,SITC6_8,other_manufactured,2015,balance,-4180.2
FI,SITC6_8,other_manufactured,2015,balance,7264.0
FR,SITC6_8,other_manufactured,2015,balance,-40880.3
HR,SITC6_8,other_manufactured,2015,balance,-2188.6
HU,SITC6_8,other_manufactured,2015,balance,-979.3
IE,SITC6_8,other_manufactured,2015,balance,3246.5
IT,SITC6_8,other_manufactured,2015,balance,45774.7
LT,SITC6_8,other_manufactured,2015,balance,673.9
LU,SITC6_8,other_manufactured,2015,balance,1123.0
LV,SITC6_8,other_manufactured,2015,balance,-285.2
MT,SITC6_8,other_manufactured,2015,balance,-311.7
NL,SITC6_8,other_manufactured,2015,balance,-3619.3
PL,SITC6_8,other_manufactured,2015,balance,9703.7
PT,SITC6_8,other_manufactured,2015,balance,3857.7
RO,SITC6_8,other_manufactured,2015,balance,-1733.2
SE,SITC6_8,other_manufactured,2015,balance,2165.5
SI,SITC6_8,other_manufactured,2015,balance,1293.5
SK,SITC6_8,other_manufactured,2015,balance,-286.3
AT,SITC7,machinery_transport,2015,balance,5956.1
BE,SITC7,machinery_transport,2015,balance,-3714.2
BG,SITC7,machinery_transport,2015,balance,-2371.2
CY,SITC7,machinery_transport,2015,balance,-599.8
CZ,SITC7,machinery_transport,2015,balance,20706.1
DE,SITC7,machinery_transport,2015,balance,247055.1
DK,SITC7,machinery_transport,2015,balance,-2282.3
EE,SITC7,machinery_transport,2015,balance,-910.0
EL,SITC7,machinery_transport,2015,balance,-4818.4
ES,SITC7,machinery_transport,2015,balance,-2254.6
FI,SITC7,machinery_transport,2015,balance,-1464.9
FR,SITC7,machinery_transport,2015,balance,-3514.5
HR,SITC7,machinery_transport,2015,balance,-1645.0
HU,SITC7,machinery_transport,2015,balance,8874.4
IE,SITC7,machinery_transport,2015,balance,-11216.1
IT,SITC7,machinery_transport,2015,balance,49926.8
LT,SITC7,machinery_transport,2015,balance,-2189.5
LU,SITC7,machinery_transport,2015,balance,-2728.9
LV,SITC7,machinery_transport,2015,balance,-1225.3
MT,SITC7,machinery_transport,2015,balance,-1407.7
NL,SITC7,machinery_transport,2015,balance,12220.9
PL,SITC7,machinery_transport,2015,balance,4307.3
PT,SITC7,machinery_transport,2015,balance,-3888.1
RO,SITC7,machinery_transport,2015,balance,766.0
SE,SITC7,machinery_transport,2015,balance,2435.3
SI,SITC7,machinery_transport,2015,balance,2018.0
SK,SITC7,machinery_transport,2015,balance,8879.6
AT,SITC9,unclassified,2015,balance,-1135.7
BE,SITC9,unclassified,2015,balance,3484.1
BG,SITC9,unclassified,2015,balance,-52.6
CY,SITC9,unclassified,2015,balance,6.6
CZ,SITC9,unclassified,2015,balance,9.4
DE,SITC9,unclassified,2015,balance,4459.8
DK,SITC9,unclassified,2015,balance,-11.4
EE,SITC9,unclassified,2015,balance,-38.9
EL,SITC9,unclassified,2015,balance,501.4
ES,SITC9,unclassified,2015,balance,3021.1
FI,SITC9,unclassified,2015,balance,302.0
FR,SITC9,unclassified,2015,balance,4689.3
HR,SITC9,unclassified,2015,balance,91.4
HU,SITC9,unclassified,2015,balance,-48.5
IE,SITC9,unclassified,2015,balance,-822.1
IT,SITC9,unclassified,2015,balance,805.2
LT,SITC9,unclassified,2015,balance,7.9
LU,SITC9,unclassified,2015,balance,189.9
LV,SITC9,unclassified,2015,balance,58.3
MT,SITC9,unclassified,2015,balance,13.1
NL,SITC9,unclassified,2015,balance,1465.6
PL,SITC9,unclassified,2015,balance,-2268.6
PT,SITC9,unclassified,2015,balance,179.8
RO,SITC9,unclassified,2015,balance,7.5
SE,SITC9,unclassified,2015,balance,592.3
SI,SITC9,unclassified,2015,balance,-9.7
SK,SITC9,unclassified,2015,balance,-11.7
AT,SITC0_1,food_drinks_tobacco,2015,export,10035.6
BE,SITC0_1,food_drinks_tobacco,2015,export,33567.9
BG,SITC0_1,food_drinks_tobacco,2015,export,2891.5
CY,SITC0_1,food_drinks_tobacco,2015,export,288.3
CZ,SITC0_1,food_drinks_tobacco,2015,export,6425.0
DE,SITC0_1,food_drinks_tobacco,2015,export,64301.1
DK,SITC0_1,food_drinks_tobacco,2015,export,15616.6
EE,SITC0_1,food_drinks_tobacco,2015,export,1064.0
EL,SITC0_1,food_drinks_tobacco,2015,export,4589.9
ES,SITC0_1,food_drinks_tobacco,2015,export,38030.4
FI,SITC0_1,food_drinks_tobacco,2015,export,1398.5
FR,SITC0_1,food_drinks_tobacco,2015,export,55706.2
HR,SITC0_1,food_drinks_tobacco,2015,export,1459.5
HU,SITC0_1,food_drinks_tobacco,2015,export,6642.9
IE,SITC0_1,food_drinks_tobacco,2015,export,11126.2
IT,SITC0_1,food_drinks_tobacco,2015,export,33396.2
LT,SITC0_1,food_drinks_tobacco,2015,export,3960.2
LU,SITC0_1,food_drinks_tobacco,2015,export,1157.9
LV,SITC0_1,food_drinks_tobacco,2015,export,1903.5
MT,SITC0_1,food_drinks_tobacco,2015,export,242.0
NL,SITC0_1,food_drinks_tobacco,2015,export,66183.0
PL,SITC0_1,food_drinks_tobacco,2015,export,22384.5
PT,SITC0_1,food_drinks_tobacco,2015,export,5468.7
RO,SITC0_1,food_drinks_tobacco,2015,export,4832.7
SE,SITC0_1,food_drinks_tobacco,2015,export,7808.4
SI,SITC0_1,food_drinks_tobacco,2015,export,1476.7
SK,SITC0_1,food_drinks_tobacco,2015,export,2395.3
AT,SITC2_4,raw_materials,2015,export,4198.2
BE,SITC2_4,raw_materials,2015,export,9624.5
BG,SITC2_4,raw_materials,2015,export,1775.4
CY,SITC2_4,raw_materials,2015,export,60.2
CZ,SITC2_4,raw_materials,2015,export,3641.7
DE,SITC2_4,raw_materials,2015,export,22049.5
DK,SITC2_4,raw_materials,2015,export,4242.6
EE,SITC2_4,raw_materials,2015,export,1018.5
EL,SITC2_4,raw_materials,2015,export,1758.7
ES,SITC2_4,raw_materials,2015,export,9666.9
FI,SITC2_4,raw_materials,2015,export,4874.3
FR,SITC2_4,raw_materials,2015,export,11226.8
HR,SITC2_4,raw_materials,2015,export,924.3
HU,SITC2_4,raw_materials,2015,export,2097.5
IE,SITC2_4,raw_materials,2015,export,1827.8
IT,SITC2_4,raw_materials,2015,export,7174.3
LT,SITC2_4,raw_materials,2015,export,1267.0
LU,SITC2_4,raw_materials,2015,export,282.7
LV,SITC2_4,raw_materials,2015,export,1537.8
MT,SITC2_4,raw_materials,2015,export,15.9
NL,SITC2_4,raw_materials,2015,export,26974.6
PL,SITC2_4,raw_materials,2015,export,4583.6
PT,SITC2_4,raw_materials,2015,export,2632.8
RO,SITC2_4,raw_materials,2015,export,2504.9
SE,SITC2_4,raw_materials,2015,export,7986.7
SI,SITC2_4,raw_materials,2015,export,1278.1
SK,SITC2_4,raw_materials,2015,export,1351.9
AT,SITC3,mineral_fuels,2015,export,2671.5
BE,SITC3,mineral_fuels,2015,export,29876.8
BG,SITC3,mineral_fuels,2015,export,2379.6
CY,SITC3,mineral_fuels,2015,export,400.2
CZ,SITC3,mineral_fuels,2015,export,4269.4
DE,SITC3,mineral_fuels,2015,export,29090.3
DK,SITC3,mineral_fuels,2015,export,5151.7
EE,SITC3,mineral_fuels,2015,export,1052.6
EL,SITC3,mineral_fuels,2015,export,7547.0
ES,SITC3,mineral_fuels,2015,export,16982.2
FI,SITC3,mineral_fuels,2015,export,3889.6
FR,SITC3,mineral_fuels,2015,export,14697.2
HR,SITC3,mineral_fuels,2015,export,1293.6
HU,SITC3,mineral_fuels,2015,export,2096.6
IE,SITC3,mineral_fuels,2015,export,1068.1
IT,SITC3,mineral_fuels,2015,export,14120.9
LT,SITC3,mineral_fuels,2015,export,3781.7
LU,SITC3,mineral_fuels,2015,export,54.8
LV,SITC3,mineral_fuels,2015,export,798.7
MT,SITC3,mineral_fuels,2015,export,311.2
NL,SITC3,mineral_fuels,2015,export,66959.2
PL,SITC3,mineral_fuels,2015,export,5884.3
PT,SITC3,mineral_fuels,2015,export,3855.2
RO,SITC3,mineral_fuels,2015,export,2579.5
SE,SITC3,mineral_fuels,2015,export,8306.1
SI,SITC3,mineral_fuels,2015,export,1386.0
SK,SITC3,mineral_fuels,2015,export,2412.1
AT,SITC5,chemicals,2015,export,18343.6
BE,SITC5,chemicals,2015,export,108292.6
BG,SITC5,chemicals,2015,export,2274.8
CY,SITC5,chemicals,2015,export,338.0
CZ,SITC5,chemicals,2015,export,8820.4
DE,SITC5,chemicals,2015,export,191663.4
DK,SITC5,chemicals,2015,export,17271.3
EE,SITC5,chemicals,2015,export,675.6
EL,SITC5,chemicals,2015,export,2738.5
ES,SITC5,chemicals,2015,export,34567.4
FI,SITC5,chemicals,2015,export,5946.4
FR,SITC5,chemicals,2015,export,85096.5
HR,SITC5,chemicals,2015,export,1365.6
HU,SITC5,chemicals,2015,export,10353.8
IE,SITC5,chemicals,2015,export,64189.4
IT,SITC5,chemicals,2015,export,51656.2
LT,SITC5,chemicals,2015,export,3424.2
LU,SITC5,chemicals,2015,export,1550.3
LV,SITC5,chemicals,2015,export,905.5
MT,SITC5,chemicals,2015,export,302.0
NL,SITC5,chemicals,2015,export,86456.6
PL,SITC5,chemicals,2015,export,15849.9
PT,SITC5,chemicals,2015,export,4388.9
RO,SITC5,chemicals,2015,export,2699.2
SE,SITC5,chemicals,2015,export,16455.4
SI,SITC5,chemicals,2015,export,4535.5
SK,SITC5,chemicals,2015,export,3228.0
AT,SITC6_8,other_manufactured,2015,export,45662.4
BE,SITC6_8,other_manufactured,2015,export,90937.9
BG,SITC6_8,other_manufactured,2015,export,8675.9
CY,SITC6_8,other_manufactured,2015,export,179.0
CZ,SITC6_8,other_manufactured,2015,export,39868.9
DE,SITC6_8,other_manufactured,2015,export,272712.4
DK,SITC6_8,other_manufactured,2015,export,20174.7
EE,SITC6_8,other_manufactured,2015,export,3696.0
EL,SITC6_8,other_manufactured,2015,export,5962.3
ES,SITC6_8,other_manufactured,2015,export,64839.3
FI,SITC6_8,other_manufactured,2015,export,20367.9
FR,SITC6_8,other_manufactured,2015,export,104408.8
HR,SITC6_8,other_manufactured,2015,export,3710.2
HU,SITC6_8,other_manufactured,2015,export,17775.6
IE,SITC6_8,other_manufactured,2015,export,15829.9
IT,SITC6_8,other_manufactured,2015,export,149849.3
LT,SITC6_8,other_manufactured,2015,export,6198.6
LU,SITC6_8,other_manufactured,2015,export,6630.1
LV,SITC6_8,other_manufactured,2015,export,3182.5
MT,SITC6_8,other_manufactured,2015,export,503.1
NL,SITC6_8,other_manufactured,2015,export,99075.3
PL,SITC6_8,other_manufactured,2015,export,61532.1
PT,SITC6_8,other_manufactured,2015,export,20160.4
RO,SITC6_8,other_manufactured,2015,export,17698.3
SE,SITC6_8,other_manufactured,2015,export,34439.8
SI,SITC6_8,other_manufactured,2015,export,8934.0
SK,SITC6_8,other_manufactured,2015,export,18211.6
AT,SITC7,machinery_transport,2015,export,55820.3
BE,SITC7,machinery_transport,2015,export,77737.6
BG,SITC7,machinery_transport,2015,export,4789.8
CY,SITC7,machinery_transport,2015,export,1677.4
CZ,SITC7,machinery_transport,2015,export,78999.6
DE,SITC7,machinery_transport,2015,export,598219.0
DK,SITC7,machinery_transport,2015,export,22824.9
EE,SITC7,machinery_transport,2015,export,3976.0
EL,SITC7,machinery_transport,2015,export,2555.7
ES,SITC7,machinery_transport,2015,export,86537.3
FI,SITC7,machinery_transport,2015,export,17138.1
FR,SITC7,machinery_transport,2015,export,178286.0
HR,SITC7,machinery_transport,2015,export,2807.4
HU,SITC7,machinery_transport,2015,export,49775.8
IE,SITC7,machinery_transport,2015,export,16428.4
IT,SITC7,machinery_transport,2015,export,150486.1
LT,SITC7,machinery_transport,2015,export,4248.9
LU,SITC7,machinery_transport,2015,export,5519.6
LV,SITC7,machinery_transport,2015,export,2681.9
MT,SITC7,machinery_transport,2015,export,952.7
NL,SITC7,machinery_transport,2015,export,166274.3
PL,SITC7,machinery_transport,2015,export,69038.4
PT,SITC7,machinery_transport,2015,export,12907.7
RO,SITC7,machinery_transport,2015,export,24293.9
SE,SITC7,machinery_transport,2015,export,50588.9
SI,SITC7,machinery_transport,2015,export,11149.7
SK,SITC7,machinery_transport,2015,export,40023.0
AT,SITC9,unclassified,2015,export,1025.0
BE,SITC9,unclassified,2015,export,7734.6
BG,SITC9,unclassified,2015,export,90.6
CY,SITC9,unclassified,2015,export,17.7
CZ,SITC9,unclassified,2015,export,339.0
DE,SITC9,unclassified,2015,export,17786.7
DK,SITC9,unclassified,2015,export,778.6
EE,SITC9,unclassified,2015,export,92.6
EL,SITC9,unclassified,2015,export,601.6
ES,SITC9,unclassified,2015,export,3975.9
FI,SITC9,unclassified,2015,export,336.5
FR,SITC9,unclassified,2015,export,7093.1
HR,SITC9,unclassified,2015,export,102.8
HU,SITC9,unclassified,2015,export,104.0
IE,SITC9,unclassified,2015,export,789.3
IT,SITC9,unclassified,2015,export,5608.3
LT,SITC9,unclassified,2015,export,23.3
LU,SITC9,unclassified,2015,export,265.0
LV,SITC9,unclassified,2015,export,69.9
MT,SITC9,unclassified,2015,export,28.1
NL,SITC9,unclassified,2015,export,2386.2
PL,SITC9,unclassified,2015,export,259.9
PT,SITC9,unclassified,2015,export,220.3
RO,SITC9,unclassified,2015,export,11.6
SE,SITC9,unclassified,2015,export,673.0
SI,SITC9,unclassified,2015,export,32.6
SK,SITC9,unclassified,2015,export,142.6
AT,SITC0_1,food_drinks_tobacco,2015,import,10439.2
BE,SITC0_1,food_drinks_tobacco,2015,import,28105.3
BG,SITC0_1,food_drinks_tobacco,2015,import,2410.2
CY,SITC0_1,food_drinks_tobacco,2015,import,964.7
CZ,SITC0_1,food_drinks_tobacco,2015,import,7227.5
DE,SITC0_1,food_drinks_tobacco,2015,import,71671.8
DK,SITC0_1,food_drinks_tobacco,2015,import,10560.1
EE,SITC0_1,food_drinks_tobacco,2015,import,1323.6
EL,SITC0_1,food_drinks_tobacco,2015,import,5654.1
ES,SITC0_1,food_drinks_tobacco,2015,import,27839.7
FI,SITC0_1,food_drinks_tobacco,2015,import,4314.5
FR,SITC0_1,food_drinks_tobacco,2015,import,46008.0
HR,SITC0_1,food_drinks_tobacco,2015,import,2342.2
HU,SITC0_1,food_drinks_tobacco,2015,import,4277.2
IE,SITC0_1,food_drinks_tobacco,2015,import,7560.4
IT,SITC0_1,food_drinks_tobacco,2015,import,35411.5
LT,SITC0_1,food_drinks_tobacco,2015,import,3181.5
LU,SITC0_1,food_drinks_tobacco,2015,import,2184.3
LV,SITC0_1,food_drinks_tobacco,2015,import,1877.6
MT,SITC0_1,food_drinks_tobacco,2015,import,598.1
NL,SITC0_1,food_drinks_tobacco,2015,import,45732.3
PL,SITC0_1,food_drinks_tobacco,2015,import,14219.9
PT,SITC0_1,food_drinks_tobacco,2015,import,7971.4
RO,SITC0_1,food_drinks_tobacco,2015,import,5364.5
SE,SITC0_1,food_drinks_tobacco,2015,import,13276.9
SI,SITC0_1,food_drinks_tobacco,2015,import,2288.9
SK,SITC0_1,food_drinks_tobacco,2015,import,3522.0
AT,SITC2_4,raw_materials,2015,import,6058.2
BE,SITC2_4,raw_materials,2015,import,13627.1
BG,SITC2_4,raw_materials,2015,import,2270.2
CY,SITC2_4,raw_materials,2015,import,72.7
CZ,SITC2_4,raw_materials,2015,import,3127.0
DE,SITC2_4,raw_materials,2015,import,37469.6
DK,SITC2_4,raw_materials,2015,import,3175.2
EE,SITC2_4,raw_materials,2015,import,518.3
EL,SITC2_4,raw_materials,2015,import,1412.7
ES,SITC2_4,raw_materials,2015,import,13735.4
FI,SITC2_4,raw_materials,2015,import,3678.7
FR,SITC2_4,raw_materials,2015,import,13064.1
HR,SITC2_4,raw_materials,2015,import,436.1
HU,SITC2_4,raw_materials,2015,import,1797.6
IE,SITC2_4,raw_materials,2015,import,1098.9
IT,SITC2_4,raw_materials,2015,import,19247.0
LT,SITC2_4,raw_materials,2015,import,1184.8
LU,SITC2_4,raw_materials,2015,import,1208.1
LV,SITC2_4,raw_materials,2015,import,621.8
MT,SITC2_4,raw_materials,2015,import,36.5
NL,SITC2_4,raw_materials,2015,import,21851.2
PL,SITC2_4,raw_materials,2015,import,6205.3
PT,SITC2_4,raw_materials,2015,import,2736.9
RO,SITC2_4,raw_materials,2015,import,1974.2
SE,SITC2_4,raw_materials,2015,import,4230.3
SI,SITC2_4,raw_materials,2015,import,1435.9
SK,SITC2_4,raw_materials,2015,import,1739.5
AT,SITC3,mineral_fuels,2015,import,10536.5
BE,SITC3,mineral_fuels,2015,import,41050.3
BG,SITC3,mineral_fuels,2015,import,4102.0
CY,SITC3,mineral_fuels,2015,import,1121.9
CZ,SITC3,mineral_fuels,2015,import,8364.4
DE,SITC3,mineral_fuels,2015,import,88945.9
DK,SITC3,mineral_fuels,2015,import,5041.7
EE,SITC3,mineral_fuels,2015,import,1372.2
EL,SITC3,mineral_fuels,2015,import,11343.1
ES,SITC3,mineral_fuels,2015,import,38604.4
FI,SITC3,mineral_fuels,2015,import,7744.0
FR,SITC3,mineral_fuels,2015,import,54111.0
HR,SITC3,mineral_fuels,2015,import,2809.8
HU,SITC3,mineral_fuels,2015,import,6707.0
IE,SITC3,mineral_fuels,2015,import,5122.8
IT,SITC3,mineral_fuels,2015,import,47171.9
LT,SITC3,mineral_fuels,2015,import,5120.7
LU,SITC3,mineral_fuels,2015,import,1647.9
LV,SITC3,mineral_fuels,2015,import,1664.0
MT,SITC3,mineral_fuels,2015,import,1160.0
NL,SITC3,mineral_fuels,2015,import,74210.6
PL,SITC3,mineral_fuels,2015,import,12837.0
PT,SITC3,mineral_fuels,2015,import,7970.9
RO,SITC3,mineral_fuels,2015,import,4040.1
SE,SITC3,mineral_fuels,2015,import,12142.3
SI,SITC3,mineral_fuels,2015,import,2589.5
SK,SITC3,mineral_fuels,2015,import,4841.8
AT,SITC5,chemicals,2015,import,18823.5
BE,SITC5,chemicals,2015,import,87669.1
BG,SITC5,chemicals,2015,import,3713.4
CY,SITC5,chemicals,2015,import,614.0
CZ,SITC5,chemicals,2015,import,14330.7
DE,SITC5,chemicals,2015,import,130885.5
DK,SITC5,chemicals,2015,import,9738.6
EE,SITC5,chemicals,2015,import,1462.8
EL,SITC5,chemicals,2015,import,6808.4
ES,SITC5,chemicals,2015,import,42276.6
FI,SITC5,chemicals,2015,import,7009.0
FR,SITC5,chemicals,2015,import,71936.6
HR,SITC5,chemicals,2015,import,2613.1
HU,SITC5,chemicals,2015,import,10356.9
IE,SITC5,chemicals,2015,import,13829.4
IT,SITC5,chemicals,2015,import,59216.9
LT,SITC5,chemicals,2015,import,3933.8
LU,SITC5,chemicals,2015,import,2145.1
LV,SITC5,chemicals,2015,import,1616.1
MT,SITC5,chemicals,2015,import,457.8
NL,SITC5,chemicals,2015,import,62334.5
PL,SITC5,chemicals,2015,import,24831.9
PT,SITC5,chemicals,2015,import,8526.7
RO,SITC5,chemicals,2015,import,8636.8
SE,SITC5,chemicals,2015,import,14649.0
SI,SITC5,chemicals,2015,import,3758.7
SK,SITC5,chemicals,2015,import,5796.7
AT,SITC6_8,other_manufactured,2015,import,42816.9
BE,SITC6_8,other_manufactured,2015,import,82415.9
BG,SITC6_8,other_manufactured,2015,import,6546.9
CY,SITC6_8,other_manufactured,2015,import,1276.7
CZ,SITC6_8,other_manufactured,2015,import,35808.6
DE,SITC6_8,other_manufactured,2015,import,254163.1
DK,SITC6_8,other_manufactured,2015,import,22760.4
EE,SITC6_8,other_manufactured,2015,import,3402.3
EL,SITC6_8,other_manufactured,2015,import,9518.7
ES,SITC6_8,other_manufactured,2015,import,69019.5
FI,SITC6_8,other_manufactured,2015,import,13103.9
FR,SITC6_8,other_manufactured,2015,import,145289.1
HR,SITC6_8,other_manufactured,2015,import,5898.8
HU,SITC6_8,other_manufactured,2015,import,18754.8
IE,SITC6_8,other_manufactured,2015,import,12583.4
IT,SITC6_8,other_manufactured,2015,import,104074.7
LT,SITC6_8,other_manufactured,2015,import,5524.7
LU,SITC6_8,other_manufactured,2015,import,5507.0
LV,SITC6_8,other_manufactured,2015,import,3467.7
MT,SITC6_8,other_manufactured,2015,import,814.8
NL,SITC6_8,other_manufactured,2015,import,102694.6
PL,SITC6_8,other_manufactured,2015,import,51828.4
PT,SITC6_8,other_manufactured,2015,import,16302.7
RO,SITC6_8,other_manufactured,2015,import,19431.5
SE,SITC6_8,other_manufactured,2015,import,32274.2
SI,SITC6_8,other_manufactured,2015,import,7640.4
SK,SITC6_8,other_manufactured,2015,import,18497.9
AT,SITC7,machinery_transport,2015,import,49864.3
BE,SITC7,machinery_transport,2015,import,81451.7
BG,SITC7,machinery_transport,2015,import,7161.0
CY,SITC7,machinery_transport,2015,import,2277.1
CZ,SITC7,machinery_transport,2015,import,58293.5
DE,SITC7,machinery_transport,2015,import,351163.8
DK,SITC7,machinery_transport,2015,import,25107.2
EE,SITC7,machinery_transport,2015,import,4886.0
EL,SITC7,machinery_transport,2015,import,7374.1
ES,SITC7,machinery_transport,2015,import,88791.8
FI,SITC7,machinery_transport,2015,import,18603.0
FR,SITC7,machinery_transport,2015,import,181800.5
HR,SITC7,machinery_transport,2015,import,4452.3
HU,SITC7,machinery_transport,2015,import,40901.4
IE,SITC7,machinery_transport,2015,import,27644.5
IT,SITC7,machinery_transport,2015,import,100559.3
LT,SITC7,machinery_transport,2015,import,6438.5
LU,SITC7,machinery_transport,2015,import,8248.5
LV,SITC7,machinery_transport,2015,import,3907.2
MT,SITC7,machinery_transport,2015,import,2360.4
NL,SITC7,machinery_transport,2015,import,154053.4
PL,SITC7,machinery_transport,2015,import,64731.1
PT,SITC7,machinery_transport,2015,import,16795.8
RO,SITC7,machinery_transport,2015,import,23527.9
SE,SITC7,machinery_transport,2015,import,48153.7
SI,SITC7,machinery_transport,2015,import,9131.7
SK,SITC7,machinery_transport,2015,import,31143.5
AT,SITC9,unclassified,2015,import,2160.8
BE,SITC9,unclassified,2015,import,4250.4
BG,SITC9,unclassified,2015,import,143.2
CY,SITC9,unclassified,2015,import,11.2
CZ,SITC9,unclassified,2015,import,329.7
DE,SITC9,unclassified,2015,import,13327.0
DK,SITC9,unclassified,2015,import,790.0
EE,SITC9,unclassified,2015,import,131.5
EL,SITC9,unclassified,2015,import,100.2
ES,SITC9,unclassified,2015,import,954.8
FI,SITC9,unclassified,2015,import,34.5
FR,SITC9,unclassified,2015,import,2403.9
HR,SITC9,unclassified,2015,import,11.4
HU,SITC9,unclassified,2015,import,152.5
IE,SITC9,unclassified,2015,import,1611.4
IT,SITC9,unclassified,2015,import,4803.1
LT,SITC9,unclassified,2015,import,15.5
LU,SITC9,unclassified,2015,import,75.1
LV,SITC9,unclassified,2015,import,11.6
MT,SITC9,unclassified,2015,import,15.0
NL,SITC9,unclassified,2015,import,920.6
PL,SITC9,unclassified,2015,import,2528.5
PT,SITC9,unclassified,2015,import,40.5
RO,SITC9,unclassified,2015,import,4.1
SE,SITC9,unclassified,2015,import,80.7
SI,SITC9,unclassified,2015,import,42.3
SK,SITC9,unclassified,2015,import,154.3
AT,SITC0_1,food_drinks_tobacco,2016,balance,-440.8
BE,SITC0_1,food_drinks_tobacco,2016,balance,5091.2
BG,SITC0_1,food_drinks_tobacco,2016,balance,640.5
CY,SITC0_1,food_drinks_tobacco,2016,balance,-671.5
CZ,SITC0_1,food_drinks_tobacco,2016,balance,-818.3
DE,SITC0_1,food_drinks_tobacco,2016,balance,-8486.6
DK,SITC0_1,food_drinks_tobacco,2016,balance,5457.9
EE,SITC0_1,food_drinks_tobacco,2016,balance,-355.0
EL,SITC0_1,food_drinks_tobacco,2016,balance,-991.0
ES,SITC0_1,food_drinks_tobacco,2016,balance,11010.1
FI,SITC0_1,food_drinks_tobacco,2016,balance,-2970.5
FR,SITC0_1,food_drinks_tobacco,2016,balance,6647.3
HR,SITC0_1,food_drinks_tobacco,2016,balance,-764.3
HU,SITC0_1,food_drinks_tobacco,2016,balance,2075.4
IE,SITC0_1,food_drinks_tobacco,2016,balance,3806.2
IT,SITC0_1,food_drinks_tobacco,2016,balance,-970.5
LT,SITC0_1,food_drinks_tobacco,2016,balance,969.0
LU,SITC0_1,food_drinks_tobacco,2016,balance,-1138.9
LV,SITC0_1,food_drinks_tobacco,2016,balance,-64.9
MT,SITC0_1,food_drinks_tobacco,2016,balance,-389.3
NL,SITC0_1,food_drinks_tobacco,2016,balance,23471.5
PL,SITC0_1,food_drinks_tobacco,2016,balance,7771.5
PT,SITC0_1,food_drinks_tobacco,2016,balance,-2790.5
RO,SITC0_1,food_drinks_tobacco,2016,balance,-1231.9
SE,SITC0_1,food_drinks_tobacco,2016,balance,-5755.8
SI,SITC0_1,food_drinks_tobacco,2016,balance,-808.3
SK,SITC0_1,food_drinks_tobacco,2016,balance,-1329.0
AT,SITC2_4,raw_materials,2016,balance,-1392.8
BE,SITC2_4,raw_materials,2016,balance,-4328.3
BG,SITC2_4,raw_materials,2016,balance,-129.9
CY,SITC2_4,raw_materials,2016,balance,-22.1
CZ,SITC2_4,raw_materials,2016,balance,411.0
DE,SITC2_4,raw_materials,2016,balance,-15243.2
DK,SITC2_4,raw_materials,2016,balance,835.3
EE,SITC2_4,raw_materials,2016,balance,533.0
EL,SITC2_4,raw_materials,2016,balance,332.7
ES,SITC2_4,raw_materials,2016,balance,-3067.6
FI,SITC2_4,raw_materials,2016,balance,1068.1
FR,SITC2_4,raw_materials,2016,balance,-1706.3
HR,SITC2_4,raw_materials,2016,balance,525.8
HU,SITC2_4,raw_materials,2016,balance,294.2
IE,SITC2_4,raw_materials,2016,balance,539.5
IT,SITC2_4,raw_materials,2016,balance,-11054.4
LT,SITC2_4,raw_materials,2016,balance,-17.4
LU,SITC2_4,raw_materials,2016,balance,-871.2
LV,SITC2_4,raw_materials,2016,balance,926.3
MT,SITC2_4,raw_materials,2016,balance,-22.2
NL,SITC2_4,raw_materials,2016,balance,5991.9
PL,SITC2_4,raw_materials,2016,balance,-1943.2
PT,SITC2_4,raw_materials,2016,balance,-152.4
RO,SITC2_4,raw_materials,2016,balance,360.6
SE,SITC2_4,raw_materials,2016,balance,3717.5
SI,SITC2_4,raw_materials,2016,balance,-100.1
SK,SITC2_4,raw_materials,2016,balance,-404.4
AT,SITC3,mineral_fuels,2016,balance,-6636.2
BE,SITC3,mineral_fuels,2016,balance,-9399.5
BG,SITC3,mineral_fuels,2016,balance,-1156.4
CY,SITC3,mineral_fuels,2016,balance,-627.3
CZ,SITC3,mineral_fuels,2016,balance,-3628.2
DE,SITC3,mineral_fuels,2016,balance,-47575.7
DK,SITC3,mineral_fuels,2016,balance,-26.3
EE,SITC3,mineral_fuels,2016,balance,-214.8
EL,SITC3,mineral_fuels,2016,balance,-2831.8
ES,SITC3,mineral_fuels,2016,balance,-16736.1
FI,SITC3,mineral_fuels,2016,balance,-2992.8
FR,SITC3,mineral_fuels,2016,balance,-31688.2
HR,SITC3,mineral_fuels,2016,balance,-1247.7
HU,SITC3,mineral_fuels,2016,balance,-3610.2
IE,SITC3,mineral_fuels,2016,balance,-3044.2
IT,SITC3,mineral_fuels,2016,balance,-26199.7
LT,SITC3,mineral_fuels,2016,balance,-1001.3
LU,SITC3,mineral_fuels,2016,balance,-1311.6
LV,SITC3,mineral_fuels,2016,balance,-617.7
MT,SITC3,mineral_fuels,2016,balance,-851.7
NL,SITC3,mineral_fuels,2016,balance,-3998.9
PL,SITC3,mineral_fuels,2016,balance,-6096.2
PT,SITC3,mineral_fuels,2016,balance,-3073.1
RO,SITC3,mineral_fuels,2016,balance,-1604.2
SE,SITC3,mineral_fuels,2016,balance,-3746.5
SI,SITC3,mineral_fuels,2016,balance,-842.0
SK,SITC3,mineral_fuels,2016,balance,-2000.7
AT,SITC5,chemicals,2016,balance,-922.5
BE,SITC5,chemicals,2016,balance,21181.8
BG,SITC5,chemicals,2016,balance,-1492.2
CY,SITC5,chemicals,2016,balance,-289.0
CZ,SITC5,chemicals,2016,balance,-5962.4
DE,SITC5,chemicals,2016,balance,59105.4
DK,SITC5,chemicals,2016,balance,8325.9
EE,SITC5,chemicals,2016,balance,-813.4
EL,SITC5,chemicals,2016,balance,-4149.8
ES,SITC5,chemicals,2016,balance,-6684.7
FI,SITC5,chemicals,2016,balance,-1026.6
FR,SITC5,chemicals,2016,balance,13381.2
HR,SITC5,chemicals,2016,balance,-1382.0
HU,SITC5,chemicals,2016,balance,-24.4
IE,SITC5,chemicals,2016,balance,51630.9
IT,SITC5,chemicals,2016,balance,-5793.5
LT,SITC5,chemicals,2016,balance,-366.6
LU,SITC5,chemicals,2016,balance,-574.2
LV,SITC5,chemicals,2016,balance,-686.2
MT,SITC5,chemicals,2016,balance,494.7
NL,SITC5,chemicals,2016,balance,25323.9
PL,SITC5,chemicals,2016,balance,-9645.1
PT,SITC5,chemicals,2016,balance,-4084.5
RO,SITC5,chemicals,2016,balance,-6563.5
SE,SITC5,chemicals,2016,balance,1749.1
SI,SITC5,chemicals,2016,balance,721.7
SK,SITC5,chemicals,2016,balance,-2926.4
AT,SITC6_8,other_manufactured,2016,balance,1145.3
BE,SITC6_8,other_manufactured,2016,balance,8768.6
BG,SITC6_8,other_manufactured,2016,balance,2204.2
CY,SITC6_8,other_manufactured,2016,balance,-1084.8
CZ,SITC6_8,other_manufactured,2016,balance,4172.0
DE,SITC6_8,other_manufactured,2016,balance,17726.6
DK,SITC6_8,other_manufactured,2016,balance,-2630.3
EE,SITC6_8,other_manufactured,2016,balance,222.9
EL,SITC6_8,other_manufactured,2016,balance,-4426.3
ES,SITC6_8,other_manufactured,2016,balance,-5840.9
FI,SITC6_8,other_manufactured,2016,balance,6719.2
FR,SITC6_8,other_manufactured,2016,balance,-42429.9
HR,SITC6_8,other_manufactured,2016,balance,-2333.6
HU,SITC6_8,other_manufactured,2016,balance,-1086.0
IE,SITC6_8,other_manufactured,2016,balance,3723.4
IT,SITC6_8,other_manufactured,2016,balance,47375.0
LT,SITC6_8,other_manufactured,2016,balance,828.4
LU,SITC6_8,other_manufactured,2016,balance,712.8
LV,SITC6_8,other_manufactured,2016,balance,-209.3
MT,SITC6_8,other_manufactured,2016,balance,-292.5
NL,SITC6_8,other_manufactured,2016,balance,-2637.1
PL,SITC6_8,other_manufactured,2016,balance,10025.6
PT,SITC6_8,other_manufactured,2016,balance,3953.3
RO,SITC6_8,other_manufactured,2016,balance,-2287.2
SE,SITC6_8,other_manufactured,2016,balance,695.0
SI,SITC6_8,other_manufactured,2016,balance,1312.4
SK,SITC6_8,other_manufactured,2016,balance,-906.6
AT,SITC7,machinery_transport,2016,balance,3642.5
BE,SITC7,machinery_transport,2016,balance,-9562.5
BG,SITC7,machinery_transport,2016,balance,-2135.2
CY,SITC7,machinery_transport,2016,balance,-1708.1
CZ,SITC7,machinery_transport,2016,balance,23533.2
DE,SITC7,machinery_transport,2016,balance,241856.5
DK,SITC7,machinery_transport,2016,balance,-2999.0
EE,SITC7,machinery_transport,2016,balance,-936.9
EL,SITC7,machinery_transport,2016,balance,-5307.6
ES,SITC7,machinery_transport,2016,balance,-677.5
FI,SITC7,machinery_transport,2016,balance,-3820.5
FR,SITC7,machinery_transport,2016,balance,-9923.1
HR,SITC7,machinery_transport,2016,balance,-2140.9
HU,SITC7,machinery_transport,2016,balance,9636.1
IE,SITC7,machinery_transport,2016,balance,-10467.2
IT,SITC7,machinery_transport,2016,balance,44900.2
LT,SITC7,machinery_transport,2016,balance,-2549.2
LU,SITC7,machinery_transport,2016,balance,-2570.3
LV,SITC7,machinery_transport,2016,balance,-1314.4
MT,SITC7,machinery_transport,2016,balance,-1885.8
NL,SITC7,machinery_transport,2016,balance,13688.3
PL,SITC7,machinery_transport,2016,balance,5434.1
PT,SITC7,machinery_transport,2016,balance,-5414.7
RO,SITC7,machinery_transport,2016,balance,1350.0
SE,SITC7,machinery_transport,2016,balance,1125.7
SI,SITC7,machinery_transport,2016,balance,1863.8
SK,SITC7,machinery_transport,2016,balance,9748.8
AT,SITC9,unclassified,2016,balance,-497.6
BE,SITC9,unclassified,2016,balance,5174.6
BG,SITC9,unclassified,2016,balance,-68.0
CY,SITC9,unclassified,2016,balance,6.3
CZ,SITC9,unclassified,2016,balance,3.6
DE,SITC9,unclassified,2016,balance,4344.9
DK,SITC9,unclassified,2016,balance,-119.0
EE,SITC9,unclassified,2016,balance,-53.7
EL,SITC9,unclassified,2016,balance,502.6
ES,SITC9,unclassified,2016,balance,2981.1
FI,SITC9,unclassified,2016,balance,348.9
FR,SITC9,unclassified,2016,balance,5695.0
HR,SITC9,unclassified,2016,balance,41.1
HU,SITC9,unclassified,2016,balance,-40.7
IE,SITC9,unclassified,2016,balance,-1337.3
IT,SITC9,unclassified,2016,balance,1386.0
LT,SITC9,unclassified,2016,balance,6.8
LU,SITC9,unclassified,2016,balance,251.3
LV,SITC9,unclassified,2016,balance,47.4
MT,SITC9,unclassified,2016,balance,14.8
NL,SITC9,unclassified,2016,balance,1331.5
PL,SITC9,unclassified,2016,balance,-1660.9
PT,SITC9,unclassified,2016,balance,176.6
RO,SITC9,unclassified,2016,balance,5.4
SE,SITC9,unclassified,2016,balance,653.5
SI,SITC9,unclassified,2016,balance,-2.7
SK,SITC9,unclassified,2016,balance,-49.6
AT,SITC0_1,food_drinks_tobacco,2016,export,10308.9
BE,SITC0_1,food_drinks_tobacco,2016,export,34913.8
BG,SITC0_1,food_drinks_tobacco,2016,export,3164.2
CY,SITC0_1,food_drinks_tobacco,2016,export,338.2
CZ,SITC0_1,food_drinks_tobacco,2016,export,6557.6
DE,SITC0_1,food_drinks_tobacco,2016,export,65784.2
DK,SITC0_1,food_drinks_tobacco,2016,export,16194.5
EE,SITC0_1,food_drinks_tobacco,2016,export,1009.2
EL,SITC0_1,food_drinks_tobacco,2016,export,5028.5
ES,SITC0_1,food_drinks_tobacco,2016,export,40042.1
FI,SITC0_1,food_drinks_tobacco,2016,export,1374.5
FR,SITC0_1,food_drinks_tobacco,2016,export,54192.5
HR,SITC0_1,food_drinks_tobacco,2016,export,1690.6
HU,SITC0_1,food_drinks_tobacco,2016,export,6637.1
IE,SITC0_1,food_drinks_tobacco,2016,export,11405.8
IT,SITC0_1,food_drinks_tobacco,2016,export,34771.4
LT,SITC0_1,food_drinks_tobacco,2016,export,3953.7
LU,SITC0_1,food_drinks_tobacco,2016,export,1080.1
LV,SITC0_1,food_drinks_tobacco,2016,export,1986.9
MT,SITC0_1,food_drinks_tobacco,2016,export,265.0
NL,SITC0_1,food_drinks_tobacco,2016,export,69617.4
PL,SITC0_1,food_drinks_tobacco,2016,export,22921.0
PT,SITC0_1,food_drinks_tobacco,2016,export,5607.9
RO,SITC0_1,food_drinks_tobacco,2016,export,4831.8
SE,SITC0_1,food_drinks_tobacco,2016,export,8485.6
SI,SITC0_1,food_drinks_tobacco,2016,export,1563.1
SK,SITC0_1,food_drinks_tobacco,2016,export,2444.5
AT,SITC2_4,raw_materials,2016,export,4452.9
BE,SITC2_4,raw_materials,2016,export,9639.6
BG,SITC2_4,raw_materials,2016,export,1873.4
CY,SITC2_4,raw_materials,2016,export,58.0
CZ,SITC2_4,raw_materials,2016,export,3547.9
DE,SITC2_4,raw_materials,2016,export,21473.5
DK,SITC2_4,raw_materials,2016,export,3829.8
EE,SITC2_4,raw_materials,2016,export,1071.3
EL,SITC2_4,raw_materials,2016,export,1703.5
ES,SITC2_4,raw_materials,2016,export,10087.6
FI,SITC2_4,raw_materials,2016,export,4773.3
FR,SITC2_4,raw_materials,2016,export,11054.7
HR,SITC2_4,raw_materials,2016,export,968.0
HU,SITC2_4,raw_materials,2016,export,2100.6
IE,SITC2_4,raw_materials,2016,export,1607.6
IT,SITC2_4,raw_materials,2016,export,7307.1
LT,SITC2_4,raw_materials,2016,export,1178.8
LU,SITC2_4,raw_materials,2016,export,275.0
LV,SITC2_4,raw_materials,2016,export,1495.4
MT,SITC2_4,raw_materials,2016,export,12.4
NL,SITC2_4,raw_materials,2016,export,26386.4
PL,SITC2_4,raw_materials,2016,export,4394.7
PT,SITC2_4,raw_materials,2016,export,2512.0
RO,SITC2_4,raw_materials,2016,export,2499.7
SE,SITC2_4,raw_materials,2016,export,7852.9
SI,SITC2_4,raw_materials,2016,export,1299.7
SK,SITC2_4,raw_materials,2016,export,1283.9
AT,SITC3,mineral_fuels,2016,export,2297.4
BE,SITC3,mineral_fuels,2016,export,24903.9
BG,SITC3,mineral_fuels,2016,export,2081.4
CY,SITC3,mineral_fuels,2016,export,469.9
CZ,SITC3,mineral_fuels,2016,export,2849.0
DE,SITC3,mineral_fuels,2016,export,23085.1
DK,SITC3,mineral_fuels,2016,export,3996.8
EE,SITC3,mineral_fuels,2016,export,914.8
EL,SITC3,mineral_fuels,2016,export,6896.7
ES,SITC3,mineral_fuels,2016,export,13794.7
FI,SITC3,mineral_fuels,2016,export,4188.5
FR,SITC3,mineral_fuels,2016,export,11180.2
HR,SITC3,mineral_fuels,2016,export,1177.8
HU,SITC3,mineral_fuels,2016,export,1731.8
IE,SITC3,mineral_fuels,2016,export,815.5
IT,SITC3,mineral_fuels,2016,export,11455.4
LT,SITC3,mineral_fuels,2016,export,3174.8
LU,SITC3,mineral_fuels,2016,export,7.3
LV,SITC3,mineral_fuels,2016,export,608.5
MT,SITC3,mineral_fuels,2016,export,238.4
NL,SITC3,mineral_fuels,2016,export,59044.8
PL,SITC3,mineral_fuels,2016,export,4606.7
PT,SITC3,mineral_fuels,2016,export,3172.9
RO,SITC3,mineral_fuels,2016,export,2205.1
SE,SITC3,mineral_fuels,2016,export,7591.6
SI,SITC3,mineral_fuels,2016,export,1248.1
SK,SITC3,mineral_fuels,2016,export,1878.9
AT,SITC5,chemicals,2016,export,18079.3
BE,SITC5,chemicals,2016,export,107604.0
BG,SITC5,chemicals,2016,export,2425.1
CY,SITC5,chemicals,2016,export,346.7
CZ,SITC5,chemicals,2016,export,8841.1
DE,SITC5,chemicals,2016,export,192921.5
DK,SITC5,chemicals,2016,export,17978.0
EE,SITC5,chemicals,2016,export,715.0
EL,SITC5,chemicals,2016,export,2746.9
ES,SITC5,chemicals,2016,export,34554.1
FI,SITC5,chemicals,2016,export,5689.6
FR,SITC5,chemicals,2016,export,83954.2
HR,SITC5,chemicals,2016,export,1634.7
HU,SITC5,chemicals,2016,export,10442.0
IE,SITC5,chemicals,2016,export,66273.3
IT,SITC5,chemicals,2016,export,53811.8
LT,SITC5,chemicals,2016,export,3453.1
LU,SITC5,chemicals,2016,export,1584.0
LV,SITC5,chemicals,2016,export,1002.4
MT,SITC5,chemicals,2016,export,932.2
NL,SITC5,chemicals,2016,export,85690.7
PL,SITC5,chemicals,2016,export,16858.6
PT,SITC5,chemicals,2016,export,4556.6
RO,SITC5,chemicals,2016,export,2532.8
SE,SITC5,chemicals,2016,export,16040.7
SI,SITC5,chemicals,2016,export,4629.6
SK,SITC5,chemicals,2016,export,3198.0
AT,SITC6_8,other_manufactured,2016,export,44879.0
BE,SITC6_8,other_manufactured,2016,export,92316.0
BG,SITC6_8,other_manufactured,2016,export,9206.2
CY,SITC6_8,other_manufactured,2016,export,171.9
CZ,SITC6_8,other_manufactured,2016,export,42050.5
DE,SITC6_8,other_manufactured,2016,export,275558.6
DK,SITC6_8,other_manufactured,2016,export,20607.1
EE,SITC6_8,other_manufactured,2016,export,3855.3
EL,SITC6_8,other_manufactured,2016,export,5932.4
ES,SITC6_8,other_manufactured,2016,export,66733.4
FI,SITC6_8,other_manufactured,2016,export,19986.8
FR,SITC6_8,other_manufactured,2016,export,103724.7
HR,SITC6_8,other_manufactured,2016,export,4039.1
HU,SITC6_8,other_manufactured,2016,export,18850.5
IE,SITC6_8,other_manufactured,2016,export,16449.6
IT,SITC6_8,other_manufactured,2016,export,150596.0
LT,SITC6_8,other_manufactured,2016,export,6540.2
LU,SITC6_8,other_manufactured,2016,export,6277.1
LV,SITC6_8,other_manufactured,2016,export,3283.1
MT,SITC6_8,other_manufactured,2016,export,465.0
NL,SITC6_8,other_manufactured,2016,export,103654.8
PL,SITC6_8,other_manufactured,2016,export,64666.4
PT,SITC6_8,other_manufactured,2016,export,20611.3
RO,SITC6_8,other_manufactured,2016,export,18377.4
SE,SITC6_8,other_manufactured,2016,export,33928.3
SI,SITC6_8,other_manufactured,2016,export,9392.1
SK,SITC6_8,other_manufactured,2016,export,18146.1
AT,SITC7,machinery_transport,2016,export,56390.4
BE,SITC7,machinery_transport,2016,export,81446.5
BG,SITC7,machinery_transport,2016,export,5186.3
CY,SITC7,machinery_transport,2016,export,1251.3
CZ,SITC7,machinery_transport,2016,export,82803.0
DE,SITC7,machinery_transport,2016,export,607542.1
DK,SITC7,machinery_transport,2016,export,22872.2
EE,SITC7,machinery_transport,2016,export,4210.4
EL,SITC7,machinery_transport,2016,export,2590.1
ES,SITC7,machinery_transport,2016,export,92662.7
FI,SITC7,machinery_transport,2016,export,15901.6
FR,SITC7,machinery_transport,2016,export,180712.8
HR,SITC7,machinery_transport,2016,export,2926.0
HU,SITC7,machinery_transport,2016,export,52188.5
IE,SITC7,machinery_transport,2016,export,20881.3
IT,SITC7,machinery_transport,2016,export,153417.3
LT,SITC7,machinery_transport,2016,export,4283.8
LU,SITC7,machinery_transport,2016,export,4697.1
LV,SITC7,machinery_transport,2016,export,2667.5
MT,SITC7,machinery_transport,2016,export,939.6
NL,SITC7,machinery_transport,2016,export,168949.8
PL,SITC7,machinery_transport,2016,export,70276.9
PT,SITC7,machinery_transport,2016,export,13345.1
RO,SITC7,machinery_transport,2016,export,26936.9
SE,SITC7,machinery_transport,2016,export,51230.2
SI,SITC7,machinery_transport,2016,export,11574.2
SK,SITC7,machinery_transport,2016,export,42474.8
AT,SITC9,unclassified,2016,export,1001.9
BE,SITC9,unclassified,2016,export,8933.6
BG,SITC9,unclassified,2016,export,85.1
CY,SITC9,unclassified,2016,export,44.6
CZ,SITC9,unclassified,2016,export,329.9
DE,SITC9,unclassified,2016,export,19123.8
DK,SITC9,unclassified,2016,export,658.3
EE,SITC9,unclassified,2016,export,120.9
EL,SITC9,unclassified,2016,export,547.7
ES,SITC9,unclassified,2016,export,4166.7
FI,SITC9,unclassified,2016,export,406.9
FR,SITC9,unclassified,2016,export,8256.7
HR,SITC9,unclassified,2016,export,53.3
HU,SITC9,unclassified,2016,export,122.6
IE,SITC9,unclassified,2016,export,797.3
IT,SITC9,unclassified,2016,export,5909.9
LT,SITC9,unclassified,2016,export,22.5
LU,SITC9,unclassified,2016,export,339.1
LV,SITC9,unclassified,2016,export,68.0
MT,SITC9,unclassified,2016,export,26.6
NL,SITC9,unclassified,2016,export,2590.8
PL,SITC9,unclassified,2016,export,447.1
PT,SITC9,unclassified,2016,export,232.9
RO,SITC9,unclassified,2016,export,8.7
SE,SITC9,unclassified,2016,export,771.9
SI,SITC9,unclassified,2016,export,35.6
SK,SITC9,unclassified,2016,export,180.2
AT,SITC0_1,food_drinks_tobacco,2016,import,10749.7
BE,SITC0_1,food_drinks_tobacco,2016,import,29822.5
BG,SITC0_1,food_drinks_tobacco,2016,import,2523.7
CY,SITC0_1,food_drinks_tobacco,2016,import,1009.8
CZ,SITC0_1,food_drinks_tobacco,2016,import,7376.0
DE,SITC0_1,food_drinks_tobacco,2016,import,74270.8
DK,SITC0_1,food_drinks_tobacco,2016,import,10736.5
EE,SITC0_1,food_drinks_tobacco,2016,import,1364.3
EL,SITC0_1,food_drinks_tobacco,2016,import,6019.5
ES,SITC0_1,food_drinks_tobacco,2016,import,29032.0
FI,SITC0_1,food_drinks_tobacco,2016,import,4345.1
FR,SITC0_1,food_drinks_tobacco,2016,import,47545.2
HR,SITC0_1,food_drinks_tobacco,2016,import,2454.9
HU,SITC0_1,food_drinks_tobacco,2016,import,4561.7
IE,SITC0_1,food_drinks_tobacco,2016,import,7599.6
IT,SITC0_1,food_drinks_tobacco,2016,import,35741.9
LT,SITC0_1,food_drinks_tobacco,2016,import,2984.8
LU,SITC0_1,food_drinks_tobacco,2016,import,2219.0
LV,SITC0_1,food_drinks_tobacco,2016,import,2051.8
MT,SITC0_1,food_drinks_tobacco,2016,import,654.3
NL,SITC0_1,food_drinks_tobacco,2016,import,46145.9
PL,SITC0_1,food_drinks_tobacco,2016,import,15149.5
PT,SITC0_1,food_drinks_tobacco,2016,import,8398.4
RO,SITC0_1,food_drinks_tobacco,2016,import,6063.7
SE,SITC0_1,food_drinks_tobacco,2016,import,14241.4
SI,SITC0_1,food_drinks_tobacco,2016,import,2371.4
SK,SITC0_1,food_drinks_tobacco,2016,import,3773.5
AT,SITC2_4,raw_materials,2016,import,5845.7
BE,SITC2_4,raw_materials,2016,import,13968.0
BG,SITC2_4,raw_materials,2016,import,2003.3
CY,SITC2_4,raw_materials,2016,import,80.0
CZ,SITC2_4,raw_materials,2016,import,3136.9
DE,SITC2_4,raw_materials,2016,import,36716.7
DK,SITC2_4,raw_materials,2016,import,2994.6
EE,SITC2_4,raw_materials,2016,import,538.3
EL,SITC2_4,raw_materials,2016,import,1370.8
ES,SITC2_4,raw_materials,2016,import,13155.2
FI,SITC2_4,raw_materials,2016,import,3705.3
FR,SITC2_4,raw_materials,2016,import,12761.0
HR,SITC2_4,raw_materials,2016,import,442.3
HU,SITC2_4,raw_materials,2016,import,1806.5
IE,SITC2_4,raw_materials,2016,import,1068.1
IT,SITC2_4,raw_materials,2016,import,18361.5
LT,SITC2_4,raw_materials,2016,import,1196.3
LU,SITC2_4,raw_materials,2016,import,1146.2
LV,SITC2_4,raw_materials,2016,import,569.0
MT,SITC2_4,raw_materials,2016,import,34.6
NL,SITC2_4,raw_materials,2016,import,20394.5
PL,SITC2_4,raw_materials,2016,import,6337.8
PT,SITC2_4,raw_materials,2016,import,2664.4
RO,SITC2_4,raw_materials,2016,import,2139.1
SE,SITC2_4,raw_materials,2016,import,4135.4
SI,SITC2_4,raw_materials,2016,import,1399.8
SK,SITC2_4,raw_materials,2016,import,1688.4
AT,SITC3,mineral_fuels,2016,import,8933.7
BE,SITC3,mineral_fuels,2016,import,34303.4
BG,SITC3,mineral_fuels,2016,import,3237.8
CY,SITC3,mineral_fuels,2016,import,1097.2
CZ,SITC3,mineral_fuels,2016,import,6477.1
DE,SITC3,mineral_fuels,2016,import,70660.8
DK,SITC3,mineral_fuels,2016,import,4023.1
EE,SITC3,mineral_fuels,2016,import,1129.6
EL,SITC3,mineral_fuels,2016,import,9728.5
ES,SITC3,mineral_fuels,2016,import,30530.8
FI,SITC3,mineral_fuels,2016,import,7181.4
FR,SITC3,mineral_fuels,2016,import,42868.4
HR,SITC3,mineral_fuels,2016,import,2425.5
HU,SITC3,mineral_fuels,2016,import,5342.1
IE,SITC3,mineral_fuels,2016,import,3859.7
IT,SITC3,mineral_fuels,2016,import,37655.1
LT,SITC3,mineral_fuels,2016,import,4176.1
LU,SITC3,mineral_fuels,2016,import,1319.0
LV,SITC3,mineral_fuels,2016,import,1226.3
MT,SITC3,mineral_fuels,2016,import,1090.1
NL,SITC3,mineral_fuels,2016,import,63043.6
PL,SITC3,mineral_fuels,2016,import,10702.8
PT,SITC3,mineral_fuels,2016,import,6246.1
RO,SITC3,mineral_fuels,2016,import,3809.3
SE,SITC3,mineral_fuels,2016,import,11338.1
SI,SITC3,mineral_fuels,2016,import,2090.1
SK,SITC3,mineral_fuels,2016,import,3879.6
AT,SITC5,chemicals,2016,import,19001.8
BE,SITC5,chemicals,2016,import,86422.2
BG,SITC5,chemicals,2016,import,3917.3
CY,SITC5,chemicals,2016,import,635.7
CZ,SITC5,chemicals,2016,import,14803.5
DE,SITC5,chemicals,2016,import,133816.1
DK,SITC5,chemicals,2016,import,9652.1
EE,SITC5,chemicals,2016,import,1528.5
EL,SITC5,chemicals,2016,import,6896.7
ES,SITC5,chemicals,2016,import,41238.8
FI,SITC5,chemicals,2016,import,6716.1
FR,SITC5,chemicals,2016,import,70573.0
HR,SITC5,chemicals,2016,import,3016.7
HU,SITC5,chemicals,2016,import,10466.4
IE,SITC5,chemicals,2016,import,14642.3
IT,SITC5,chemicals,2016,import,59605.3
LT,SITC5,chemicals,2016,import,3819.7
LU,SITC5,chemicals,2016,import,2158.3
LV,SITC5,chemicals,2016,import,1688.7
MT,SITC5,chemicals,2016,import,437.6
NL,SITC5,chemicals,2016,import,60366.9
PL,SITC5,chemicals,2016,import,26503.7
PT,SITC5,chemicals,2016,import,8641.1
RO,SITC5,chemicals,2016,import,9096.3
SE,SITC5,chemicals,2016,import,14291.6
SI,SITC5,chemicals,2016,import,3907.9
SK,SITC5,chemicals,2016,import,6124.5
AT,SITC6_8,other_manufactured,2016,import,43733.7
BE,SITC6_8,other_manufactured,2016,import,83547.3
BG,SITC6_8,other_manufactured,2016,import,7002.0
CY,SITC6_8,other_manufactured,2016,import,1256.7
CZ,SITC6_8,other_manufactured,2016,import,37878.5
DE,SITC6_8,other_manufactured,2016,import,257832.1
DK,SITC6_8,other_manufactured,2016,import,23237.3
EE,SITC6_8,other_manufactured,2016,import,3632.4
EL,SITC6_8,other_manufactured,2016,import,10358.7
ES,SITC6_8,other_manufactured,2016,import,72574.3
FI,SITC6_8,other_manufactured,2016,import,13267.7
FR,SITC6_8,other_manufactured,2016,import,146154.6
HR,SITC6_8,other_manufactured,2016,import,6372.7
HU,SITC6_8,other_manufactured,2016,import,19936.5
IE,SITC6_8,other_manufactured,2016,import,12726.2
IT,SITC6_8,other_manufactured,2016,import,103221.0
LT,SITC6_8,other_manufactured,2016,import,5711.7
LU,SITC6_8,other_manufactured,2016,import,5564.3
LV,SITC6_8,other_manufactured,2016,import,3492.4
MT,SITC6_8,other_manufactured,2016,import,757.5
NL,SITC6_8,other_manufactured,2016,import,106291.9
PL,SITC6_8,other_manufactured,2016,import,54640.7
PT,SITC6_8,other_manufactured,2016,import,16658.0
RO,SITC6_8,other_manufactured,2016,import,20664.6
SE,SITC6_8,other_manufactured,2016,import,33233.3
SI,SITC6_8,other_manufactured,2016,import,8079.7
SK,SITC6_8,other_manufactured,2016,import,19052.7
AT,SITC7,machinery_transport,2016,import,52747.9
BE,SITC7,machinery_transport,2016,import,91009.0
BG,SITC7,machinery_transport,2016,import,7321.4
CY,SITC7,machinery_transport,2016,import,2959.4
CZ,SITC7,machinery_transport,2016,import,59269.8
DE,SITC7,machinery_transport,2016,import,365685.7
DK,SITC7,machinery_transport,2016,import,25871.1
EE,SITC7,machinery_transport,2016,import,5147.2
EL,SITC7,machinery_transport,2016,import,7897.8
ES,SITC7,machinery_transport,2016,import,93340.1
FI,SITC7,machinery_transport,2016,import,19722.1
FR,SITC7,machinery_transport,2016,import,190635.9
HR,SITC7,machinery_transport,2016,import,5067.0
HU,SITC7,machinery_transport,2016,import,42552.4
IE,SITC7,machinery_transport,2016,import,31348.5
IT,SITC7,machinery_transport,2016,import,108517.1
LT,SITC7,machinery_transport,2016,import,6833.0
LU,SITC7,machinery_transport,2016,import,7267.3
LV,SITC7,machinery_transport,2016,import,3981.8
MT,SITC7,machinery_transport,2016,import,2825.4
NL,SITC7,machinery_transport,2016,import,155261.4
PL,SITC7,machinery_transport,2016,import,64842.7
PT,SITC7,machinery_transport,2016,import,18759.8
RO,SITC7,machinery_transport,2016,import,25586.9
SE,SITC7,machinery_transport,2016,import,50104.5
SI,SITC7,machinery_transport,2016,import,9710.4
SK,SITC7,machinery_transport,2016,import,32725.9
AT,SITC9,unclassified,2016,import,1499.5
BE,SITC9,unclassified,2016,import,3759.0
BG,SITC9,unclassified,2016,import,153.1
CY,SITC9,unclassified,2016,import,38.3
CZ,SITC9,unclassified,2016,import,326.3
DE,SITC9,unclassified,2016,import,14778.9
DK,SITC9,unclassified,2016,import,777.3
EE,SITC9,unclassified,2016,import,174.6
EL,SITC9,unclassified,2016,import,45.1
ES,SITC9,unclassified,2016,import,1185.6
FI,SITC9,unclassified,2016,import,58.0
FR,SITC9,unclassified,2016,import,2561.7
HR,SITC9,unclassified,2016,import,12.2
HU,SITC9,unclassified,2016,import,163.3
IE,SITC9,unclassified,2016,import,2134.6
IT,SITC9,unclassified,2016,import,4523.9
LT,SITC9,unclassified,2016,import,15.7
LU,SITC9,unclassified,2016,import,87.9
LV,SITC9,unclassified,2016,import,20.6
MT,SITC9,unclassified,2016,import,11.7
NL,SITC9,unclassified,2016,import,1259.4
PL,SITC9,unclassified,2016,import,2108.0
PT,SITC9,unclassified,2016,import,56.3
RO,SITC9,unclassified,2016,import,3.3
SE,SITC9,unclassified,2016,import,118.3
SI,SITC9,unclassified,2016,import,38.3
SK,SITC9,unclassified,2016,import,229.9
AT,SITC0_1,food_drinks_tobacco,2017,balance,-299.9
BE,SITC0_1,food_drinks_tobacco,2017,balance,5461.5
BG,SITC0_1,food_drinks_tobacco,2017,balance,433.0
CY,SITC0_1,food_drinks_tobacco,2017,balance,-719.0
CZ,SITC0_1,food_drinks_tobacco,2017,balance,-1109.9
DE,SITC0_1,food_drinks_tobacco,2017,balance,-10360.1
DK,SITC0_1,food_drinks_tobacco,2017,balance,5942.3
EE,SITC0_1,food_drinks_tobacco,2017,balance,-338.8
EL,SITC0_1,food_drinks_tobacco,2017,balance,-1222.7
ES,SITC0_1,food_drinks_tobacco,2017,balance,11184.6
FI,SITC0_1,food_drinks_tobacco,2017,balance,-3068.8
FR,SITC0_1,food_drinks_tobacco,2017,balance,6091.9
HR,SITC0_1,food_drinks_tobacco,2017,balance,-936.6
HU,SITC0_1,food_drinks_tobacco,2017,balance,2367.4
IE,SITC0_1,food_drinks_tobacco,2017,balance,4616.3
IT,SITC0_1,food_drinks_tobacco,2017,balance,203.6
LT,SITC0_1,food_drinks_tobacco,2017,balance,1023.1
LU,SITC0_1,food_drinks_tobacco,2017,balance,-1131.0
LV,SITC0_1,food_drinks_tobacco,2017,balance,-22.1
MT,SITC0_1,food_drinks_tobacco,2017,balance,-431.7
NL,SITC0_1,food_drinks_tobacco,2017,balance,24405.0
PL,SITC0_1,food_drinks_tobacco,2017,balance,9540.0
PT,SITC0_1,food_drinks_tobacco,2017,balance,-3135.3
RO,SITC0_1,food_drinks_tobacco,2017,balance,-1699.5
SE,SITC0_1,food_drinks_tobacco,2017,balance,-5848.5
SI,SITC0_1,food_drinks_tobacco,2017,balance,-812.6
SK,SITC0_1,food_drinks_tobacco,2017,balance,-1453.4
AT,SITC2_4,raw_materials,2017,balance,-1639.5
BE,SITC2_4,raw_materials,2017,balance,-4613.2
BG,SITC2_4,raw_materials,2017,balance,-841.3
CY,SITC2_4,raw_materials,2017,balance,-10.7
CZ,SITC2_4,raw_materials,2017,balance,507.4
DE,SITC2_4,raw_materials,2017,balance,-17185.5
DK,SITC2_4,raw_materials,2017,balance,993.3
EE,SITC2_4,raw_materials,2017,balance,677.1
EL,SITC2_4,raw_materials,2017,balance,289.4
ES,SITC2_4,raw_materials,2017,balance,-3506.7
FI,SITC2_4,raw_materials,2017,balance,1445.1
FR,SITC2_4,raw_materials,2017,balance,-1617.9
HR,SITC2_4,raw_materials,2017,balance,630.4
HU,SITC2_4,raw_materials,2017,balance,224.4
IE,SITC2_4,raw_materials,2017,balance,739.8
IT,SITC2_4,raw_materials,2017,balance,-12374.6
LT,SITC2_4,raw_materials,2017,balance,114.3
LU,SITC2_4,raw_materials,2017,balance,-1095.1
LV,SITC2_4,raw_materials,2017,balance,966.4
MT,SITC2_4,raw_materials,2017,balance,-22.1
NL,SITC2_4,raw_materials,2017,balance,5983.3
PL,SITC2_4,raw_materials,2017,balance,-2545.0
PT,SITC2_4,raw_materials,2017,balance,-276.2
RO,SITC2_4,raw_materials,2017,balance,312.2
SE,SITC2_4,raw_materials,2017,balance,4599.1
SI,SITC2_4,raw_materials,2017,balance,-143.4
SK,SITC2_4,raw_materials,2017,balance,-658.3
AT,SITC3,mineral_fuels,2017,balance,-7934.3
BE,SITC3,mineral_fuels,2017,balance,-10916.8
BG,SITC3,mineral_fuels,2017,balance,-1579.2
CY,SITC3,mineral_fuels,2017,balance,-819.7
CZ,SITC3,mineral_fuels,2017,balance,-4929.5
DE,SITC3,mineral_fuels,2017,balance,-55621.9
DK,SITC3,mineral_fuels,2017,balance,-202.4
EE,SITC3,mineral_fuels,2017,balance,-154.0
EL,SITC3,mineral_fuels,2017,balance,-3236.6
ES,SITC3,mineral_fuels,2017,balance,-20804.2
FI,SITC3,mineral_fuels,2017,balance,-3597.9
FR,SITC3,mineral_fuels,2017,balance,-39004.5
HR,SITC3,mineral_fuels,2017,balance,-1403.2
HU,SITC3,mineral_fuels,2017,balance,-4677.2
IE,SITC3,mineral_fuels,2017,balance,-3532.0
IT,SITC3,mineral_fuels,2017,balance,-32733.6
LT,SITC3,mineral_fuels,2017,balance,-1255.6
LU,SITC3,mineral_fuels,2017,balance,-1565.3
LV,SITC3,mineral_fuels,2017,balance,-793.2
MT,SITC3,mineral_fuels,2017,balance,-727.2
NL,SITC3,mineral_fuels,2017,balance,-5402.1
PL,SITC3,mineral_fuels,2017,balance,-9351.3
PT,SITC3,mineral_fuels,2017,balance,-4212.9
RO,SITC3,mineral_fuels,2017,balance,-2455.3
SE,SITC3,mineral_fuels,2017,balance,-4342.6
SI,SITC3,mineral_fuels,2017,balance,-1124.3
SK,SITC3,mineral_fuels,2017,balance,-2467.8
AT,SITC5,chemicals,2017,balance,-434.3
BE,SITC5,chemicals,2017,balance,20516.0
BG,SITC5,chemicals,2017,balance,-1553.8
CY,SITC5,chemicals,2017,balance,-324.9
CZ,SITC5,chemicals,2017,balance,-5985.2
DE,SITC5,chemicals,2017,balance,61482.2
DK,SITC5,chemicals,2017,balance,8291.5
EE,SITC5,chemicals,2017,balance,-879.7
EL,SITC5,chemicals,2017,balance,-4369.3
ES,SITC5,chemicals,2017,balance,-6714.9
FI,SITC5,chemicals,2017,balance,-1157.4
FR,SITC5,chemicals,2017,balance,14344.6
HR,SITC5,chemicals,2017,balance,-1059.2
HU,SITC5,chemicals,2017,balance,398.2
IE,SITC5,chemicals,2017,balance,50018.5
IT,SITC5,chemicals,2017,balance,-3524.0
LT,SITC5,chemicals,2017,balance,-521.3
LU,SITC5,chemicals,2017,balance,-669.9
LV,SITC5,chemicals,2017,balance,-768.9
MT,SITC5,chemicals,2017,balance,-146.4
NL,SITC5,chemicals,2017,balance,27152.6
PL,SITC5,chemicals,2017,balance,-10221.7
PT,SITC5,chemicals,2017,balance,-4426.7
RO,SITC5,chemicals,2017,balance,-7291.3
SE,SITC5,chemicals,2017,balance,1992.5
SI,SITC5,chemicals,2017,balance,678.0
SK,SITC5,chemicals,2017,balance,-3176.7
AT,SITC6_8,other_manufactured,2017,balance,1253.9
BE,SITC6_8,other_manufactured,2017,balance,11278.0
BG,SITC6_8,other_manufactured,2017,balance,3500.1
CY,SITC6_8,other_manufactured,2017,balance,-1298.6
CZ,SITC6_8,other_manufactured,2017,balance,3028.5
DE,SITC6_8,other_manufactured,2017,balance,22830.8
DK,SITC6_8,other_manufactured,2017,balance,-2943.6
EE,SITC6_8,other_manufactured,2017,balance,259.0
EL,SITC6_8,other_manufactured,2017,balance,-4546.1
ES,SITC6_8,other_manufactured,2017,balance,-4421.7
FI,SITC6_8,other_manufactured,2017,balance,6414.4
FR,SITC6_8,other_manufactured,2017,balance,-46425.4
HR,SITC6_8,other_manufactured,2017,balance,-2690.8
HU,SITC6_8,other_manufactured,2017,balance,-1516.4
IE,SITC6_8,other_manufactured,2017,balance,3688.1
IT,SITC6_8,other_manufactured,2017,balance,48464.4
LT,SITC6_8,other_manufactured,2017,balance,939.2
LU,SITC6_8,other_manufactured,2017,balance,897.9
LV,SITC6_8,other_manufactured,2017,balance,-172.4
MT,SITC6_8,other_manufactured,2017,balance,-275.4
NL,SITC6_8,other_manufactured,2017,balance,302.2
PL,SITC6_8,other_manufactured,2017,balance,10862.1
PT,SITC6_8,other_manufactured,2017,balance,3657.2
RO,SITC6_8,other_manufactured,2017,balance,-2590.0
SE,SITC6_8,other_manufactured,2017,balance,-90.4
SI,SITC6_8,other_manufactured,2017,balance,1288.1
SK,SITC6_8,other_manufactured,2017,balance,138.6
AT,SITC7,machinery_transport,2017,balance,3082.5
BE,SITC7,machinery_transport,2017,balance,-8845.3
BG,SITC7,machinery_transport,2017,balance,-2329.7
CY,SITC7,machinery_transport,2017,balance,-2090.4
CZ,SITC7,machinery_transport,2017,balance,25218.8
DE,SITC7,machinery_transport,2017,balance,252388.1
DK,SITC7,machinery_transport,2017,balance,-3408.3
EE,SITC7,machinery_transport,2017,balance,-1415.7
EL,SITC7,machinery_transport,2017,balance,-5685.6
ES,SITC7,machinery_transport,2017,balance,-6748.4
FI,SITC7,machinery_transport,2017,balance,-2603.7
FR,SITC7,machinery_transport,2017,balance,-12826.3
HR,SITC7,machinery_transport,2017,balance,-2337.3
HU,SITC7,machinery_transport,2017,balance,8711.2
IE,SITC7,machinery_transport,2017,balance,-14904.1
IT,SITC7,machinery_transport,2017,balance,46595.1
LT,SITC7,machinery_transport,2017,balance,-2422.9
LU,SITC7,machinery_transport,2017,balance,-3123.3
LV,SITC7,machinery_transport,2017,balance,-1747.6
MT,SITC7,machinery_transport,2017,balance,-1209.6
NL,SITC7,machinery_transport,2017,balance,14613.2
PL,SITC7,machinery_transport,2017,balance,4869.4
PT,SITC7,machinery_transport,2017,balance,-6446.9
RO,SITC7,machinery_transport,2017,balance,765.8
SE,SITC7,machinery_transport,2017,balance,1940.5
SI,SITC7,machinery_transport,2017,balance,2223.2
SK,SITC7,machinery_transport,2017,balance,9303.5
AT,SITC9,unclassified,2017,balance,-848.3
BE,SITC9,unclassified,2017,balance,5124.6
BG,SITC9,unclassified,2017,balance,-62.4
CY,SITC9,unclassified,2017,balance,18.7
CZ,SITC9,unclassified,2017,balance,1.2
DE,SITC9,unclassified,2017,balance,-1286.2
DK,SITC9,unclassified,2017,balance,-162.0
EE,SITC9,unclassified,2017,balance,-41.0
EL,SITC9,unclassified,2017,balance,277.9
ES,SITC9,unclassified,2017,balance,2454.9
FI,SITC9,unclassified,2017,balance,347.2
FR,SITC9,unclassified,2017,balance,4625.9
HR,SITC9,unclassified,2017,balance,21.9
HU,SITC9,unclassified,2017,balance,87.3
IE,SITC9,unclassified,2017,balance,-1460.8
IT,SITC9,unclassified,2017,balance,1010.9
LT,SITC9,unclassified,2017,balance,17.6
LU,SITC9,unclassified,2017,balance,385.4
LV,SITC9,unclassified,2017,balance,32.5
MT,SITC9,unclassified,2017,balance,25.5
NL,SITC9,unclassified,2017,balance,1660.3
PL,SITC9,unclassified,2017,balance,-2588.8
PT,SITC9,unclassified,2017,balance,170.2
RO,SITC9,unclassified,2017,balance,6.1
SE,SITC9,unclassified,2017,balance,630.6
SI,SITC9,unclassified,2017,balance,-19.0
SK,SITC9,unclassified,2017,balance,-87.8
AT,SITC0_1,food_drinks_tobacco,2017,export,10965.0
BE,SITC0_1,food_drinks_tobacco,2017,export,36938.6
BG,SITC0_1,food_drinks_tobacco,2017,export,3204.9
CY,SITC0_1,food_drinks_tobacco,2017,export,368.0
CZ,SITC0_1,food_drinks_tobacco,2017,export,6660.6
DE,SITC0_1,food_drinks_tobacco,2017,export,68174.5
DK,SITC0_1,food_drinks_tobacco,2017,export,17109.8
EE,SITC0_1,food_drinks_tobacco,2017,export,1113.9
EL,SITC0_1,food_drinks_tobacco,2017,export,5079.7
ES,SITC0_1,food_drinks_tobacco,2017,export,42290.7
FI,SITC0_1,food_drinks_tobacco,2017,export,1536.1
FR,SITC0_1,food_drinks_tobacco,2017,export,56413.6
HR,SITC0_1,food_drinks_tobacco,2017,export,1782.8
HU,SITC0_1,food_drinks_tobacco,2017,export,7312.9
IE,SITC0_1,food_drinks_tobacco,2017,export,12708.3
IT,SITC0_1,food_drinks_tobacco,2017,export,37516.2
LT,SITC0_1,food_drinks_tobacco,2017,export,4367.8
LU,SITC0_1,food_drinks_tobacco,2017,export,1148.2
LV,SITC0_1,food_drinks_tobacco,2017,export,2414.5
MT,SITC0_1,food_drinks_tobacco,2017,export,280.0
NL,SITC0_1,food_drinks_tobacco,2017,export,73355.6
PL,SITC0_1,food_drinks_tobacco,2017,export,26532.6
PT,SITC0_1,food_drinks_tobacco,2017,export,5937.4
RO,SITC0_1,food_drinks_tobacco,2017,export,4923.6
SE,SITC0_1,food_drinks_tobacco,2017,export,8370.2
SI,SITC0_1,food_drinks_tobacco,2017,export,1707.9
SK,SITC0_1,food_drinks_tobacco,2017,export,2477.1
AT,SITC2_4,raw_materials,2017,export,4824.7
BE,SITC2_4,raw_materials,2017,export,10413.0
BG,SITC2_4,raw_materials,2017,export,2036.3
CY,SITC2_4,raw_materials,2017,export,70.9
CZ,SITC2_4,raw_materials,2017,export,3902.7
DE,SITC2_4,raw_materials,2017,export,23713.3
DK,SITC2_4,raw_materials,2017,export,4265.8
EE,SITC2_4,raw_materials,2017,export,1281.9
EL,SITC2_4,raw_materials,2017,export,1871.4
ES,SITC2_4,raw_materials,2017,export,12514.9
FI,SITC2_4,raw_materials,2017,export,5737.2
FR,SITC2_4,raw_materials,2017,export,12351.5
HR,SITC2_4,raw_materials,2017,export,1131.2
HU,SITC2_4,raw_materials,2017,export,2401.5
IE,SITC2_4,raw_materials,2017,export,1906.0
IT,SITC2_4,raw_materials,2017,export,7882.0
LT,SITC2_4,raw_materials,2017,export,1381.2
LU,SITC2_4,raw_materials,2017,export,305.7
LV,SITC2_4,raw_materials,2017,export,1610.9
MT,SITC2_4,raw_materials,2017,export,13.4
NL,SITC2_4,raw_materials,2017,export,29827.3
PL,SITC2_4,raw_materials,2017,export,4824.8
PT,SITC2_4,raw_materials,2017,export,2912.1
RO,SITC2_4,raw_materials,2017,export,2748.3
SE,SITC2_4,raw_materials,2017,export,9141.4
SI,SITC2_4,raw_materials,2017,export,1414.5
SK,SITC2_4,raw_materials,2017,export,1435.6
AT,SITC3,mineral_fuels,2017,export,2802.3
BE,SITC3,mineral_fuels,2017,export,31812.6
BG,SITC3,mineral_fuels,2017,export,2639.6
CY,SITC3,mineral_fuels,2017,export,637.0
CZ,SITC3,mineral_fuels,2017,export,2953.7
DE,SITC3,mineral_fuels,2017,export,25928.5
DK,SITC3,mineral_fuels,2017,export,4541.4
EE,SITC3,mineral_fuels,2017,export,1237.8
EL,SITC3,mineral_fuels,2017,export,8979.5
ES,SITC3,mineral_fuels,2017,export,19891.5
FI,SITC3,mineral_fuels,2017,export,5058.6
FR,SITC3,mineral_fuels,2017,export,14184.6
HR,SITC3,mineral_fuels,2017,export,1508.6
HU,SITC3,mineral_fuels,2017,export,3071.0
IE,SITC3,mineral_fuels,2017,export,1213.9
IT,SITC3,mineral_fuels,2017,export,15188.5
LT,SITC3,mineral_fuels,2017,export,3920.6
LU,SITC3,mineral_fuels,2017,export,10.3
LV,SITC3,mineral_fuels,2017,export,620.4
MT,SITC3,mineral_fuels,2017,export,433.9
NL,SITC3,mineral_fuels,2017,export,72618.9
PL,SITC3,mineral_fuels,2017,export,5147.0
PT,SITC3,mineral_fuels,2017,export,3993.0
RO,SITC3,mineral_fuels,2017,export,2525.5
SE,SITC3,mineral_fuels,2017,export,9416.8
SI,SITC3,mineral_fuels,2017,export,1644.6
SK,SITC3,mineral_fuels,2017,export,2411.9
AT,SITC5,chemicals,2017,export,20191.1
BE,SITC5,chemicals,2017,export,107986.9
BG,SITC5,chemicals,2017,export,2776.1
CY,SITC5,chemicals,2017,export,361.6
CZ,SITC5,chemicals,2017,export,9846.9
DE,SITC5,chemicals,2017,export,207948.9
DK,SITC5,chemicals,2017,export,18592.8
EE,SITC5,chemicals,2017,export,859.1
EL,SITC5,chemicals,2017,export,3077.5
ES,SITC5,chemicals,2017,export,37340.9
FI,SITC5,chemicals,2017,export,6032.3
FR,SITC5,chemicals,2017,export,89227.2
HR,SITC5,chemicals,2017,export,1979.2
HU,SITC5,chemicals,2017,export,12067.9
IE,SITC5,chemicals,2017,export,67776.4
IT,SITC5,chemicals,2017,export,60092.0
LT,SITC5,chemicals,2017,export,3798.4
LU,SITC5,chemicals,2017,export,1657.0
LV,SITC5,chemicals,2017,export,1158.2
MT,SITC5,chemicals,2017,export,338.8
NL,SITC5,chemicals,2017,export,94179.2
PL,SITC5,chemicals,2017,export,19785.8
PT,SITC5,chemicals,2017,export,4830.3
RO,SITC5,chemicals,2017,export,2814.1
SE,SITC5,chemicals,2017,export,16944.0
SI,SITC5,chemicals,2017,export,5015.2
SK,SITC5,chemicals,2017,export,3255.8
AT,SITC6_8,other_manufactured,2017,export,48190.9
BE,SITC6_8,other_manufactured,2017,export,98275.3
BG,SITC6_8,other_manufactured,2017,export,11170.9
CY,SITC6_8,other_manufactured,2017,export,199.0
CZ,SITC6_8,other_manufactured,2017,export,45454.8
DE,SITC6_8,other_manufactured,2017,export,297169.9
DK,SITC6_8,other_manufactured,2017,export,21511.9
EE,SITC6_8,other_manufactured,2017,export,4105.0
EL,SITC6_8,other_manufactured,2017,export,6741.0
ES,SITC6_8,other_manufactured,2017,export,73671.8
FI,SITC6_8,other_manufactured,2017,export,21836.4
FR,SITC6_8,other_manufactured,2017,export,108823.1
HR,SITC6_8,other_manufactured,2017,export,4447.4
HU,SITC6_8,other_manufactured,2017,export,20758.9
IE,SITC6_8,other_manufactured,2017,export,16774.8
IT,SITC6_8,other_manufactured,2017,export,160045.0
LT,SITC6_8,other_manufactured,2017,export,7381.7
LU,SITC6_8,other_manufactured,2017,export,6680.1
LV,SITC6_8,other_manufactured,2017,export,3682.9
MT,SITC6_8,other_manufactured,2017,export,490.6
NL,SITC6_8,other_manufactured,2017,export,115305.0
PL,SITC6_8,other_manufactured,2017,export,73890.2
PT,SITC6_8,other_manufactured,2017,export,22157.8
RO,SITC6_8,other_manufactured,2017,export,20560.7
SE,SITC6_8,other_manufactured,2017,export,35937.1
SI,SITC6_8,other_manufactured,2017,export,10372.6
SK,SITC6_8,other_manufactured,2017,export,19884.2
AT,SITC7,machinery_transport,2017,export,60945.8
BE,SITC7,machinery_transport,2017,export,85206.2
BG,SITC7,machinery_transport,2017,export,5850.8
CY,SITC7,machinery_transport,2017,export,1188.8
CZ,SITC7,machinery_transport,2017,export,91981.8
DE,SITC7,machinery_transport,2017,export,644670.0
DK,SITC7,machinery_transport,2017,export,24075.4
EE,SITC7,machinery_transport,2017,export,4183.8
EL,SITC7,machinery_transport,2017,export,2579.8
ES,SITC7,machinery_transport,2017,export,93879.7
FI,SITC7,machinery_transport,2017,export,19646.8
FR,SITC7,machinery_transport,2017,export,184960.0
HR,SITC7,machinery_transport,2017,export,3312.9
HU,SITC7,machinery_transport,2017,export,54869.9
IE,SITC7,machinery_transport,2017,export,20633.6
IT,SITC7,machinery_transport,2017,export,162944.2
LT,SITC7,machinery_transport,2017,export,5529.6
LU,SITC7,machinery_transport,2017,export,3713.0
LV,SITC7,machinery_transport,2017,export,2824.5
MT,SITC7,machinery_transport,2017,export,936.9
NL,SITC7,machinery_transport,2017,export,188915.8
PL,SITC7,machinery_transport,2017,export,76786.3
PT,SITC7,machinery_transport,2017,export,14978.9
RO,SITC7,machinery_transport,2017,export,29034.5
SE,SITC7,machinery_transport,2017,export,54822.7
SI,SITC7,machinery_transport,2017,export,13824.8
SK,SITC7,machinery_transport,2017,export,44156.6
AT,SITC9,unclassified,2017,export,836.7
BE,SITC9,unclassified,2017,export,9957.8
BG,SITC9,unclassified,2017,export,101.3
CY,SITC9,unclassified,2017,export,79.1
CZ,SITC9,unclassified,2017,export,413.3
DE,SITC9,unclassified,2017,export,14259.5
DK,SITC9,unclassified,2017,export,659.2
EE,SITC9,unclassified,2017,export,96.2
EL,SITC9,unclassified,2017,export,534.0
ES,SITC9,unclassified,2017,export,3505.2
FI,SITC9,unclassified,2017,export,391.8
FR,SITC9,unclassified,2017,export,7854.8
HR,SITC9,unclassified,2017,export,39.3
HU,SITC9,unclassified,2017,export,270.4
IE,SITC9,unclassified,2017,export,746.7
IT,SITC9,unclassified,2017,export,5461.1
LT,SITC9,unclassified,2017,export,31.2
LU,SITC9,unclassified,2017,export,458.5
LV,SITC9,unclassified,2017,export,39.6
MT,SITC9,unclassified,2017,export,30.9
NL,SITC9,unclassified,2017,export,2885.3
PL,SITC9,unclassified,2017,export,418.8
PT,SITC9,unclassified,2017,export,208.5
RO,SITC9,unclassified,2017,export,8.9
SE,SITC9,unclassified,2017,export,724.7
SI,SITC9,unclassified,2017,export,27.5
SK,SITC9,unclassified,2017,export,169.0
AT,SITC0_1,food_drinks_tobacco,2017,import,11264.9
BE,SITC0_1,food_drinks_tobacco,2017,import,31477.1
BG,SITC0_1,food_drinks_tobacco,2017,import,2771.9
CY,SITC0_1,food_drinks_tobacco,2017,import,1087.1
CZ,SITC0_1,food_drinks_tobacco,2017,import,7770.5
DE,SITC0_1,food_drinks_tobacco,2017,import,78534.6
DK,SITC0_1,food_drinks_tobacco,2017,import,11167.6
EE,SITC0_1,food_drinks_tobacco,2017,import,1452.6
EL,SITC0_1,food_drinks_tobacco,2017,import,6302.4
ES,SITC0_1,food_drinks_tobacco,2017,import,31106.1
FI,SITC0_1,food_drinks_tobacco,2017,import,4604.9
FR,SITC0_1,food_drinks_tobacco,2017,import,50321.7
HR,SITC0_1,food_drinks_tobacco,2017,import,2719.4
HU,SITC0_1,food_drinks_tobacco,2017,import,4945.5
IE,SITC0_1,food_drinks_tobacco,2017,import,8091.9
IT,SITC0_1,food_drinks_tobacco,2017,import,37312.6
LT,SITC0_1,food_drinks_tobacco,2017,import,3344.6
LU,SITC0_1,food_drinks_tobacco,2017,import,2279.3
LV,SITC0_1,food_drinks_tobacco,2017,import,2436.6
MT,SITC0_1,food_drinks_tobacco,2017,import,711.7
NL,SITC0_1,food_drinks_tobacco,2017,import,48950.6
PL,SITC0_1,food_drinks_tobacco,2017,import,16992.6
PT,SITC0_1,food_drinks_tobacco,2017,import,9072.7
RO,SITC0_1,food_drinks_tobacco,2017,import,6623.1
SE,SITC0_1,food_drinks_tobacco,2017,import,14218.7
SI,SITC0_1,food_drinks_tobacco,2017,import,2520.5
SK,SITC0_1,food_drinks_tobacco,2017,import,3930.5
AT,SITC2_4,raw_materials,2017,import,6464.2
BE,SITC2_4,raw_materials,2017,import,15026.2
BG,SITC2_4,raw_materials,2017,import,2877.6
CY,SITC2_4,raw_materials,2017,import,81.6
CZ,SITC2_4,raw_materials,2017,import,3395.3
DE,SITC2_4,raw_materials,2017,import,40898.7
DK,SITC2_4,raw_materials,2017,import,3272.5
EE,SITC2_4,raw_materials,2017,import,604.8
EL,SITC2_4,raw_materials,2017,import,1582.0
ES,SITC2_4,raw_materials,2017,import,16021.6
FI,SITC2_4,raw_materials,2017,import,4292.1
FR,SITC2_4,raw_materials,2017,import,13969.5
HR,SITC2_4,raw_materials,2017,import,500.7
HU,SITC2_4,raw_materials,2017,import,2177.1
IE,SITC2_4,raw_materials,2017,import,1166.2
IT,SITC2_4,raw_materials,2017,import,20256.6
LT,SITC2_4,raw_materials,2017,import,1266.9
LU,SITC2_4,raw_materials,2017,import,1400.8
LV,SITC2_4,raw_materials,2017,import,644.5
MT,SITC2_4,raw_materials,2017,import,35.4
NL,SITC2_4,raw_materials,2017,import,23844.0
PL,SITC2_4,raw_materials,2017,import,7369.7
PT,SITC2_4,raw_materials,2017,import,3188.2
RO,SITC2_4,raw_materials,2017,import,2436.1
SE,SITC2_4,raw_materials,2017,import,4542.3
SI,SITC2_4,raw_materials,2017,import,1557.9
SK,SITC2_4,raw_materials,2017,import,2093.9
AT,SITC3,mineral_fuels,2017,import,10736.6
BE,SITC3,mineral_fuels,2017,import,42729.4
BG,SITC3,mineral_fuels,2017,import,4218.8
CY,SITC3,mineral_fuels,2017,import,1456.7
CZ,SITC3,mineral_fuels,2017,import,7883.3
DE,SITC3,mineral_fuels,2017,import,81550.4
DK,SITC3,mineral_fuels,2017,import,4743.7
EE,SITC3,mineral_fuels,2017,import,1391.8
EL,SITC3,mineral_fuels,2017,import,12216.2
ES,SITC3,mineral_fuels,2017,import,40695.8
FI,SITC3,mineral_fuels,2017,import,8656.5
FR,SITC3,mineral_fuels,2017,import,53189.0
HR,SITC3,mineral_fuels,2017,import,2911.8
HU,SITC3,mineral_fuels,2017,import,7748.1
IE,SITC3,mineral_fuels,2017,import,4746.0
IT,SITC3,mineral_fuels,2017,import,47922.1
LT,SITC3,mineral_fuels,2017,import,5176.3
LU,SITC3,mineral_fuels,2017,import,1575.6
LV,SITC3,mineral_fuels,2017,import,1413.5
MT,SITC3,mineral_fuels,2017,import,1161.1
NL,SITC3,mineral_fuels,2017,import,78021.0
PL,SITC3,mineral_fuels,2017,import,14498.3
PT,SITC3,mineral_fuels,2017,import,8205.9
RO,SITC3,mineral_fuels,2017,import,4980.8
SE,SITC3,mineral_fuels,2017,import,13759.4
SI,SITC3,mineral_fuels,2017,import,2769.0
SK,SITC3,mineral_fuels,2017,import,4879.7
AT,SITC5,chemicals,2017,import,20625.4
BE,SITC5,chemicals,2017,import,87470.9
BG,SITC5,chemicals,2017,import,4329.9
CY,SITC5,chemicals,2017,import,686.4
CZ,SITC5,chemicals,2017,import,15832.1
DE,SITC5,chemicals,2017,import,146466.8
DK,SITC5,chemicals,2017,import,10301.3
EE,SITC5,chemicals,2017,import,1738.8
EL,SITC5,chemicals,2017,import,7446.9
ES,SITC5,chemicals,2017,import,44055.7
FI,SITC5,chemicals,2017,import,7189.7
FR,SITC5,chemicals,2017,import,74882.6
HR,SITC5,chemicals,2017,import,3038.4
HU,SITC5,chemicals,2017,import,11669.7
IE,SITC5,chemicals,2017,import,17757.9
IT,SITC5,chemicals,2017,import,63616.0
LT,SITC5,chemicals,2017,import,4319.7
LU,SITC5,chemicals,2017,import,2326.9
LV,SITC5,chemicals,2017,import,1927.1
MT,SITC5,chemicals,2017,import,485.2
NL,SITC5,chemicals,2017,import,67026.6
PL,SITC5,chemicals,2017,import,30007.4
PT,SITC5,chemicals,2017,import,9256.9
RO,SITC5,chemicals,2017,import,10105.4
SE,SITC5,chemicals,2017,import,14951.5
SI,SITC5,chemicals,2017,import,4337.2
SK,SITC5,chemicals,2017,import,6432.5
AT,SITC6_8,other_manufactured,2017,import,46937.0
BE,SITC6_8,other_manufactured,2017,import,86997.4
BG,SITC6_8,other_manufactured,2017,import,7670.8
CY,SITC6_8,other_manufactured,2017,import,1497.6
CZ,SITC6_8,other_manufactured,2017,import,42426.3
DE,SITC6_8,other_manufactured,2017,import,274339.0
DK,SITC6_8,other_manufactured,2017,import,24455.5
EE,SITC6_8,other_manufactured,2017,import,3846.1
EL,SITC6_8,other_manufactured,2017,import,11287.1
ES,SITC6_8,other_manufactured,2017,import,78093.5
FI,SITC6_8,other_manufactured,2017,import,15422.0
FR,SITC6_8,other_manufactured,2017,import,155248.4
HR,SITC6_8,other_manufactured,2017,import,7138.2
HU,SITC6_8,other_manufactured,2017,import,22275.3
IE,SITC6_8,other_manufactured,2017,import,13086.7
IT,SITC6_8,other_manufactured,2017,import,111580.6
LT,SITC6_8,other_manufactured,2017,import,6442.5
LU,SITC6_8,other_manufactured,2017,import,5782.2
LV,SITC6_8,other_manufactured,2017,import,3855.4
MT,SITC6_8,other_manufactured,2017,import,766.0
NL,SITC6_8,other_manufactured,2017,import,115002.8
PL,SITC6_8,other_manufactured,2017,import,63028.1
PT,SITC6_8,other_manufactured,2017,import,18500.7
RO,SITC6_8,other_manufactured,2017,import,23150.7
SE,SITC6_8,other_manufactured,2017,import,36027.5
SI,SITC6_8,other_manufactured,2017,import,9084.4
SK,SITC6_8,other_manufactured,2017,import,19745.6
AT,SITC7,machinery_transport,2017,import,57863.3
BE,SITC7,machinery_transport,2017,import,94051.4
BG,SITC7,machinery_transport,2017,import,8180.5
CY,SITC7,machinery_transport,2017,import,3279.3
CZ,SITC7,machinery_transport,2017,import,66763.1
DE,SITC7,machinery_transport,2017,import,392281.9
DK,SITC7,machinery_transport,2017,import,27483.8
EE,SITC7,machinery_transport,2017,import,5599.5
EL,SITC7,machinery_transport,2017,import,8265.4
ES,SITC7,machinery_transport,2017,import,100628.1
FI,SITC7,machinery_transport,2017,import,22250.5
FR,SITC7,machinery_transport,2017,import,197786.3
HR,SITC7,machinery_transport,2017,import,5650.2
HU,SITC7,machinery_transport,2017,import,46158.7
IE,SITC7,machinery_transport,2017,import,35537.7
IT,SITC7,machinery_transport,2017,import,116349.1
LT,SITC7,machinery_transport,2017,import,7952.6
LU,SITC7,machinery_transport,2017,import,6836.3
LV,SITC7,machinery_transport,2017,import,4572.1
MT,SITC7,machinery_transport,2017,import,2146.5
NL,SITC7,machinery_transport,2017,import,174302.6
PL,SITC7,machinery_transport,2017,import,71916.8
PT,SITC7,machinery_transport,2017,import,21425.9
RO,SITC7,machinery_transport,2017,import,28268.7
SE,SITC7,machinery_transport,2017,import,52882.3
SI,SITC7,machinery_transport,2017,import,11601.6
SK,SITC7,machinery_transport,2017,import,34853.1
AT,SITC9,unclassified,2017,import,1684.9
BE,SITC9,unclassified,2017,import,4833.2
BG,SITC9,unclassified,2017,import,163.7
CY,SITC9,unclassified,2017,import,60.4
CZ,SITC9,unclassified,2017,import,412.2
DE,SITC9,unclassified,2017,import,15545.7
DK,SITC9,unclassified,2017,import,821.2
EE,SITC9,unclassified,2017,import,137.2
EL,SITC9,unclassified,2017,import,256.0
ES,SITC9,unclassified,2017,import,1050.3
FI,SITC9,unclassified,2017,import,44.6
FR,SITC9,unclassified,2017,import,3228.8
HR,SITC9,unclassified,2017,import,17.4
HU,SITC9,unclassified,2017,import,183.1
IE,SITC9,unclassified,2017,import,2207.5
IT,SITC9,unclassified,2017,import,4450.3
LT,SITC9,unclassified,2017,import,13.6
LU,SITC9,unclassified,2017,import,73.1
LV,SITC9,unclassified,2017,import,7.1
MT,SITC9,unclassified,2017,import,5.5
NL,SITC9,unclassified,2017,import,1225.0
PL,SITC9,unclassified,2017,import,3007.5
PT,SITC9,unclassified,2017,import,38.2
RO,SITC9,unclassified,2017,import,2.8
SE,SITC9,unclassified,2017,import,94.0
SI,SITC9,unclassified,2017,import,46.5
SK,SITC9,unclassified,2017,import,256.8
AT,SITC0_1,food_drinks_tobacco,2018,balance,-84.2
BE,SITC0_1,food_drinks_tobacco,2018,balance,5724.0
BG,SITC0_1,food_drinks_tobacco,2018,balance,505.3
CY,SITC0_1,food_drinks_tobacco,2018,balance,-717.5
CZ,SITC0_1,food_drinks_tobacco,2018,balance,-1455.6
DE,SITC0_1,food_drinks_tobacco,2018,balance,-11396.0
DK,SITC0_1,food_drinks_tobacco,2018,balance,5113.2
EE,SITC0_1,food_drinks_tobacco,2018,balance,-373.3
EL,SITC0_1,food_drinks_tobacco,2018,balance,-1083.1
ES,SITC0_1,food_drinks_tobacco,2018,balance,11294.4
FI,SITC0_1,food_drinks_tobacco,2018,balance,-3186.6
FR,SITC0_1,food_drinks_tobacco,2018,balance,7152.7
HR,SITC0_1,food_drinks_tobacco,2018,balance,-858.0
HU,SITC0_1,food_drinks_tobacco,2018,balance,1961.4
IE,SITC0_1,food_drinks_tobacco,2018,balance,3880.3
IT,SITC0_1,food_drinks_tobacco,2018,balance,1090.4
LT,SITC0_1,food_drinks_tobacco,2018,balance,1023.5
LU,SITC0_1,food_drinks_tobacco,2018,balance,-1182.4
LV,SITC0_1,food_drinks_tobacco,2018,balance,-84.6
MT,SITC0_1,food_drinks_tobacco,2018,balance,-375.7
NL,SITC0_1,food_drinks_tobacco,2018,balance,23963.0
PL,SITC0_1,food_drinks_tobacco,2018,balance,10785.6
PT,SITC0_1,food_drinks_tobacco,2018,balance,-3357.3
RO,SITC0_1,food_drinks_tobacco,2018,balance,-1718.8
SE,SITC0_1,food_drinks_tobacco,2018,balance,-6013.0
SI,SITC0_1,food_drinks_tobacco,2018,balance,-772.9
SK,SITC0_1,food_drinks_tobacco,2018,balance,-1727.0
AT,SITC2_4,raw_materials,2018,balance,-1685.0
BE,SITC2_4,raw_materials,2018,balance,-6178.2
BG,SITC2_4,raw_materials,2018,balance,-892.3
CY,SITC2_4,raw_materials,2018,balance,-2.4
CZ,SITC2_4,raw_materials,2018,balance,584.2
DE,SITC2_4,raw_materials,2018,balance,-17612.0
DK,SITC2_4,raw_materials,2018,balance,622.6
EE,SITC2_4,raw_materials,2018,balance,735.2
EL,SITC2_4,raw_materials,2018,balance,414.7
ES,SITC2_4,raw_materials,2018,balance,-3647.1
FI,SITC2_4,raw_materials,2018,balance,1827.0
FR,SITC2_4,raw_materials,2018,balance,-1818.5
HR,SITC2_4,raw_materials,2018,balance,603.0
HU,SITC2_4,raw_materials,2018,balance,147.6
IE,SITC2_4,raw_materials,2018,balance,770.8
IT,SITC2_4,raw_materials,2018,balance,-12898.8
LT,SITC2_4,raw_materials,2018,balance,115.7
LU,SITC2_4,raw_materials,2018,balance,-1222.2
LV,SITC2_4,raw_materials,2018,balance,1093.9
MT,SITC2_4,raw_materials,2018,balance,-23.5
NL,SITC2_4,raw_materials,2018,balance,5670.9
PL,SITC2_4,raw_materials,2018,balance,-2342.1
PT,SITC2_4,raw_materials,2018,balance,-150.2
RO,SITC2_4,raw_materials,2018,balance,155.0
SE,SITC2_4,raw_materials,2018,balance,4667.4
SI,SITC2_4,raw_materials,2018,balance,-193.4
SK,SITC2_4,raw_materials,2018,balance,-614.4
AT,SITC3,mineral_fuels,2018,balance,-9482.3
BE,SITC3,mineral_fuels,2018,balance,-15780.1
BG,SITC3,mineral_fuels,2018,balance,-1888.5
CY,SITC3,mineral_fuels,2018,balance,-888.5
CZ,SITC3,mineral_fuels,2018,balance,-6101.6
DE,SITC3,mineral_fuels,2018,balance,-66145.2
DK,SITC3,mineral_fuels,2018,balance,-687.1
EE,SITC3,mineral_fuels,2018,balance,-270.4
EL,SITC3,mineral_fuels,2018,balance,-4478.5
ES,SITC3,mineral_fuels,2018,balance,-24971.2
FI,SITC3,mineral_fuels,2018,balance,-4674.0
FR,SITC3,mineral_fuels,2018,balance,-44979.6
HR,SITC3,mineral_fuels,2018,balance,-1663.7
HU,SITC3,mineral_fuels,2018,balance,-5153.5
IE,SITC3,mineral_fuels,2018,balance,-4540.8
IT,SITC3,mineral_fuels,2018,balance,-39955.4
LT,SITC3,mineral_fuels,2018,balance,-1813.4
LU,SITC3,mineral_fuels,2018,balance,-2010.6
LV,SITC3,mineral_fuels,2018,balance,-988.7
MT,SITC3,mineral_fuels,2018,balance,-1121.6
NL,SITC3,mineral_fuels,2018,balance,-10798.7
PL,SITC3,mineral_fuels,2018,balance,-13359.0
PT,SITC3,mineral_fuels,2018,balance,-5036.0
RO,SITC3,mineral_fuels,2018,balance,-3288.8
SE,SITC3,mineral_fuels,2018,balance,-5887.5
SI,SITC3,mineral_fuels,2018,balance,-1349.7
SK,SITC3,mineral_fuels,2018,balance,-3546.6
AT,SITC5,chemicals,2018,balance,-1298.6
BE,SITC5,chemicals,2018,balance,22415.7
BG,SITC5,chemicals,2018,balance,-1600.8
CY,SITC5,chemicals,2018,balance,-337.4
CZ,SITC5,chemicals,2018,balance,-6514.7
DE,SITC5,chemicals,2018,balance,59844.7
DK,SITC5,chemicals,2018,balance,9136.2
EE,SITC5,chemicals,2018,balance,-930.0
EL,SITC5,chemicals,2018,balance,-4506.5
ES,SITC5,chemicals,2018,balance,-8795.1
FI,SITC5,chemicals,2018,balance,-1349.2
FR,SITC5,chemicals,2018,balance,16253.8
HR,SITC5,chemicals,2018,balance,-1489.0
HU,SITC5,chemicals,2018,balance,-1.4
IE,SITC5,chemicals,2018,balance,65524.7
IT,SITC5,chemicals,2018,balance,-5175.5
LT,SITC5,chemicals,2018,balance,-337.0
LU,SITC5,chemicals,2018,balance,-798.2
LV,SITC5,chemicals,2018,balance,-738.6
MT,SITC5,chemicals,2018,balance,-203.8
NL,SITC5,chemicals,2018,balance,34324.1
PL,SITC5,chemicals,2018,balance,-11049.8
PT,SITC5,chemicals,2018,balance,-5250.1
RO,SITC5,chemicals,2018,balance,-7494.6
SE,SITC5,chemicals,2018,balance,1609.9
SI,SITC5,chemicals,2018,balance,495.4
SK,SITC5,chemicals,2018,balance,-3120.2
AT,SITC6_8,other_manufactured,2018,balance,1761.8
BE,SITC6_8,other_manufactured,2018,balance,11314.4
BG,SITC6_8,other_manufactured,2018,balance,2922.3
CY,SITC6_8,other_manufactured,2018,balance,-1446.0
CZ,SITC6_8,other_manufactured,2018,balance,2860.2
DE,SITC6_8,other_manufactured,2018,balance,25528.1
DK,SITC6_8,other_manufactured,2018,balance,-2926.8
EE,SITC6_8,other_manufactured,2018,balance,286.7
EL,SITC6_8,other_manufactured,2018,balance,-4729.2
ES,SITC6_8,other_manufactured,2018,balance,-5534.5
FI,SITC6_8,other_manufactured,2018,balance,7517.7
FR,SITC6_8,other_manufactured,2018,balance,-47936.7
HR,SITC6_8,other_manufactured,2018,balance,-2885.9
HU,SITC6_8,other_manufactured,2018,balance,-2514.7
IE,SITC6_8,other_manufactured,2018,balance,3971.5
IT,SITC6_8,other_manufactured,2018,balance,48271.1
LT,SITC6_8,other_manufactured,2018,balance,1070.6
LU,SITC6_8,other_manufactured,2018,balance,1082.4
LV,SITC6_8,other_manufactured,2018,balance,-264.8
MT,SITC6_8,other_manufactured,2018,balance,-291.7
NL,SITC6_8,other_manufactured,2018,balance,-1107.5
PL,SITC6_8,other_manufactured,2018,balance,10657.7
PT,SITC6_8,other_manufactured,2018,balance,3189.1
RO,SITC6_8,other_manufactured,2018,balance,-3482.8
SE,SITC6_8,other_manufactured,2018,balance,-990.6
SI,SITC6_8,other_manufactured,2018,balance,1215.8
SK,SITC6_8,other_manufactured,2018,balance,445.0
AT,SITC7,machinery_transport,2018,balance,3931.2
BE,SITC7,machinery_transport,2018,balance,-8643.9
BG,SITC7,machinery_transport,2018,balance,-2562.5
CY,SITC7,machinery_transport,2018,balance,-1461.6
CZ,SITC7,machinery_transport,2018,balance,25433.3
DE,SITC7,machinery_transport,2018,balance,246949.7
DK,SITC7,machinery_transport,2018,balance,-5079.0
EE,SITC7,machinery_transport,2018,balance,-1208.7
EL,SITC7,machinery_transport,2018,balance,-6769.9
ES,SITC7,machinery_transport,2018,balance,-7986.5
FI,SITC7,machinery_transport,2018,balance,-2824.7
FR,SITC7,machinery_transport,2018,balance,-13185.5
HR,SITC7,machinery_transport,2018,balance,-2866.1
HU,SITC7,machinery_transport,2018,balance,8603.6
IE,SITC7,machinery_transport,2018,balance,-19969.9
IT,SITC7,machinery_transport,2018,balance,46489.6
LT,SITC7,machinery_transport,2018,balance,-2747.8
LU,SITC7,machinery_transport,2018,balance,-2683.3
LV,SITC7,machinery_transport,2018,balance,-1636.5
MT,SITC7,machinery_transport,2018,balance,-1039.5
NL,SITC7,machinery_transport,2018,balance,14695.0
PL,SITC7,machinery_transport,2018,balance,3879.9
PT,SITC7,machinery_transport,2018,balance,-7131.4
RO,SITC7,machinery_transport,2018,balance,420.4
SE,SITC7,machinery_transport,2018,balance,2093.5
SI,SITC7,machinery_transport,2018,balance,2248.1
SK,SITC7,machinery_transport,2018,balance,9017.2
AT,SITC9,unclassified,2018,balance,-721.5
BE,SITC9,unclassified,2018,balance,2063.1
BG,SITC9,unclassified,2018,balance,-71.0
CY,SITC9,unclassified,2018,balance,-61.3
CZ,SITC9,unclassified,2018,balance,-3.1
DE,SITC9,unclassified,2018,balance,-3868.2
DK,SITC9,unclassified,2018,balance,-204.1
EE,SITC9,unclassified,2018,balance,-34.6
EL,SITC9,unclassified,2018,balance,505.0
ES,SITC9,unclassified,2018,balance,2462.8
FI,SITC9,unclassified,2018,balance,348.6
FR,SITC9,unclassified,2018,balance,4901.8
HR,SITC9,unclassified,2018,balance,23.6
HU,SITC9,unclassified,2018,balance,269.1
IE,SITC9,unclassified,2018,balance,-1409.4
IT,SITC9,unclassified,2018,balance,1458.3
LT,SITC9,unclassified,2018,balance,16.9
LU,SITC9,unclassified,2018,balance,234.5
LV,SITC9,unclassified,2018,balance,51.3
MT,SITC9,unclassified,2018,balance,25.9
NL,SITC9,unclassified,2018,balance,2027.2
PL,SITC9,unclassified,2018,balance,-3155.4
PT,SITC9,unclassified,2018,balance,146.7
RO,SITC9,unclassified,2018,balance,5.4
SE,SITC9,unclassified,2018,balance,583.1
SI,SITC9,unclassified,2018,balance,-23.6
SK,SITC9,unclassified,2018,balance,-44.5
AT,SITC0_1,food_drinks_tobacco,2018,export,11333.3
BE,SITC0_1,food_drinks_tobacco,2018,export,36667.3
BG,SITC0_1,food_drinks_tobacco,2018,export,3346.1
CY,SITC0_1,food_drinks_tobacco,2018,export,409.2
CZ,SITC0_1,food_drinks_tobacco,2018,export,6531.5
DE,SITC0_1,food_drinks_tobacco,2018,export,66976.8
DK,SITC0_1,food_drinks_tobacco,2018,export,16639.3
EE,SITC0_1,food_drinks_tobacco,2018,export,1081.3
EL,SITC0_1,food_drinks_tobacco,2018,export,5339.0
ES,SITC0_1,food_drinks_tobacco,2018,export,43323.2
FI,SITC0_1,food_drinks_tobacco,2018,export,1471.4
FR,SITC0_1,food_drinks_tobacco,2018,export,57607.2
HR,SITC0_1,food_drinks_tobacco,2018,export,1965.3
HU,SITC0_1,food_drinks_tobacco,2018,export,7163.8
IE,SITC0_1,food_drinks_tobacco,2018,export,12585.4
IT,SITC0_1,food_drinks_tobacco,2018,export,38299.8
LT,SITC0_1,food_drinks_tobacco,2018,export,4473.5
LU,SITC0_1,food_drinks_tobacco,2018,export,1222.1
LV,SITC0_1,food_drinks_tobacco,2018,export,2488.3
MT,SITC0_1,food_drinks_tobacco,2018,export,351.4
NL,SITC0_1,food_drinks_tobacco,2018,export,74190.0
PL,SITC0_1,food_drinks_tobacco,2018,export,28305.7
PT,SITC0_1,food_drinks_tobacco,2018,export,6118.8
RO,SITC0_1,food_drinks_tobacco,2018,export,5063.9
SE,SITC0_1,food_drinks_tobacco,2018,export,8659.3
SI,SITC0_1,food_drinks_tobacco,2018,export,1927.4
SK,SITC0_1,food_drinks_tobacco,2018,export,2446.8
AT,SITC2_4,raw_materials,2018,export,5245.9
BE,SITC2_4,raw_materials,2018,export,11147.3
BG,SITC2_4,raw_materials,2018,export,2155.0
CY,SITC2_4,raw_materials,2018,export,80.2
CZ,SITC2_4,raw_materials,2018,export,4010.8
DE,SITC2_4,raw_materials,2018,export,23959.4
DK,SITC2_4,raw_materials,2018,export,4112.4
EE,SITC2_4,raw_materials,2018,export,1411.4
EL,SITC2_4,raw_materials,2018,export,2086.2
ES,SITC2_4,raw_materials,2018,export,12869.5
FI,SITC2_4,raw_materials,2018,export,6629.8
FR,SITC2_4,raw_materials,2018,export,12467.4
HR,SITC2_4,raw_materials,2018,export,1164.4
HU,SITC2_4,raw_materials,2018,export,2406.0
IE,SITC2_4,raw_materials,2018,export,1986.4
IT,SITC2_4,raw_materials,2018,export,7897.1
LT,SITC2_4,raw_materials,2018,export,1570.4
LU,SITC2_4,raw_materials,2018,export,273.8
LV,SITC2_4,raw_materials,2018,export,1905.3
MT,SITC2_4,raw_materials,2018,export,13.3
NL,SITC2_4,raw_materials,2018,export,30242.4
PL,SITC2_4,raw_materials,2018,export,5436.9
PT,SITC2_4,raw_materials,2018,export,3223.0
RO,SITC2_4,raw_materials,2018,export,2764.1
SE,SITC2_4,raw_materials,2018,export,9591.2
SI,SITC2_4,raw_materials,2018,export,1522.9
SK,SITC2_4,raw_materials,2018,export,1603.2
AT,SITC3,mineral_fuels,2018,export,3284.7
BE,SITC3,mineral_fuels,2018,export,37440.6
BG,SITC3,mineral_fuels,2018,export,2407.7
CY,SITC3,mineral_fuels,2018,export,1013.5
CZ,SITC3,mineral_fuels,2018,export,3521.4
DE,SITC3,mineral_fuels,2018,export,31735.1
DK,SITC3,mineral_fuels,2018,export,5047.3
EE,SITC3,mineral_fuels,2018,export,2137.4
EL,SITC3,mineral_fuels,2018,export,11484.6
ES,SITC3,mineral_fuels,2018,export,23155.2
FI,SITC3,mineral_fuels,2018,export,5850.6
FR,SITC3,mineral_fuels,2018,export,17484.5
HR,SITC3,mineral_fuels,2018,export,1573.3
HU,SITC3,mineral_fuels,2018,export,4632.7
IE,SITC3,mineral_fuels,2018,export,1237.7
IT,SITC3,mineral_fuels,2018,export,17289.4
LT,SITC3,mineral_fuels,2018,export,4259.0
LU,SITC3,mineral_fuels,2018,export,13.0
LV,SITC3,mineral_fuels,2018,export,686.9
MT,SITC3,mineral_fuels,2018,export,414.2
NL,SITC3,mineral_fuels,2018,export,82703.6
PL,SITC3,mineral_fuels,2018,export,5847.6
PT,SITC3,mineral_fuels,2018,export,4009.4
RO,SITC3,mineral_fuels,2018,export,2941.6
SE,SITC3,mineral_fuels,2018,export,11202.3
SI,SITC3,mineral_fuels,2018,export,1876.3
SK,SITC3,mineral_fuels,2018,export,2323.6
AT,SITC5,chemicals,2018,export,20256.8
BE,SITC5,chemicals,2018,export,119573.7
BG,SITC5,chemicals,2018,export,2924.0
CY,SITC5,chemicals,2018,export,414.2
CZ,SITC5,chemicals,2018,export,10642.6
DE,SITC5,chemicals,2018,export,217570.8
DK,SITC5,chemicals,2018,export,19798.9
EE,SITC5,chemicals,2018,export,915.3
EL,SITC5,chemicals,2018,export,3501.5
ES,SITC5,chemicals,2018,export,39136.9
FI,SITC5,chemicals,2018,export,6273.3
FR,SITC5,chemicals,2018,export,91712.0
HR,SITC5,chemicals,2018,export,1845.5
HU,SITC5,chemicals,2018,export,12700.8
IE,SITC5,chemicals,2018,export,85699.6
IT,SITC5,chemicals,2018,export,62499.8
LT,SITC5,chemicals,2018,export,4266.6
LU,SITC5,chemicals,2018,export,1688.6
LV,SITC5,chemicals,2018,export,1236.2
MT,SITC5,chemicals,2018,export,360.8
NL,SITC5,chemicals,2018,export,105654.4
PL,SITC5,chemicals,2018,export,20038.7
PT,SITC5,chemicals,2018,export,5024.6
RO,SITC5,chemicals,2018,export,2956.7
SE,SITC5,chemicals,2018,export,17235.2
SI,SITC5,chemicals,2018,export,5581.6
SK,SITC5,chemicals,2018,export,3426.8
AT,SITC6_8,other_manufactured,2018,export,51341.2
BE,SITC6_8,other_manufactured,2018,export,100608.4
BG,SITC6_8,other_manufactured,2018,export,11094.5
CY,SITC6_8,other_manufactured,2018,export,287.5
CZ,SITC6_8,other_manufactured,2018,export,46683.8
DE,SITC6_8,other_manufactured,2018,export,312213.1
DK,SITC6_8,other_manufactured,2018,export,22015.0
EE,SITC6_8,other_manufactured,2018,export,4390.8
EL,SITC6_8,other_manufactured,2018,export,7575.2
ES,SITC6_8,other_manufactured,2018,export,75784.8
FI,SITC6_8,other_manufactured,2018,export,23519.1
FR,SITC6_8,other_manufactured,2018,export,113439.9
HR,SITC6_8,other_manufactured,2018,export,4692.1
HU,SITC6_8,other_manufactured,2018,export,21335.0
IE,SITC6_8,other_manufactured,2018,export,17834.9
IT,SITC6_8,other_manufactured,2018,export,165813.8
LT,SITC6_8,other_manufactured,2018,export,7945.2
LU,SITC6_8,other_manufactured,2018,export,6554.1
LV,SITC6_8,other_manufactured,2018,export,3944.8
MT,SITC6_8,other_manufactured,2018,export,590.8
NL,SITC6_8,other_manufactured,2018,export,121836.8
PL,SITC6_8,other_manufactured,2018,export,80007.2
PT,SITC6_8,other_manufactured,2018,export,22844.6
RO,SITC6_8,other_manufactured,2018,export,21775.2
SE,SITC6_8,other_manufactured,2018,export,35863.0
SI,SITC6_8,other_manufactured,2018,export,11308.6
SK,SITC6_8,other_manufactured,2018,export,21179.4
AT,SITC7,machinery_transport,2018,export,63995.0
BE,SITC7,machinery_transport,2018,export,86772.2
BG,SITC7,machinery_transport,2018,export,6464.8
CY,SITC7,machinery_transport,2018,export,1971.4
CZ,SITC7,machinery_transport,2018,export,99432.0
DE,SITC7,machinery_transport,2018,export,657088.8
DK,SITC7,machinery_transport,2018,export,24592.1
EE,SITC7,machinery_transport,2018,export,4383.4
EL,SITC7,machinery_transport,2018,export,2929.4
ES,SITC7,machinery_transport,2018,export,95708.1
FI,SITC7,machinery_transport,2018,export,20115.0
FR,SITC7,machinery_transport,2018,export,192210.3
HR,SITC7,machinery_transport,2018,export,3466.3
HU,SITC7,machinery_transport,2018,export,56833.8
IE,SITC7,machinery_transport,2018,export,19450.1
IT,SITC7,machinery_transport,2018,export,167430.3
LT,SITC7,machinery_transport,2018,export,5731.2
LU,SITC7,machinery_transport,2018,export,3844.3
LV,SITC7,machinery_transport,2018,export,3019.1
MT,SITC7,machinery_transport,2018,export,942.2
NL,SITC7,machinery_transport,2018,export,198514.7
PL,SITC7,machinery_transport,2018,export,83243.9
PT,SITC7,machinery_transport,2018,export,16451.2
RO,SITC7,machinery_transport,2018,export,31915.0
SE,SITC7,machinery_transport,2018,export,57326.3
SI,SITC7,machinery_transport,2018,export,15176.2
SK,SITC7,machinery_transport,2018,export,47960.6
AT,SITC9,unclassified,2018,export,971.9
BE,SITC9,unclassified,2018,export,4060.5
BG,SITC9,unclassified,2018,export,103.8
CY,SITC9,unclassified,2018,export,75.6
CZ,SITC9,unclassified,2018,export,438.2
DE,SITC9,unclassified,2018,export,11188.4
DK,SITC9,unclassified,2018,export,708.4
EE,SITC9,unclassified,2018,export,102.9
EL,SITC9,unclassified,2018,export,556.4
ES,SITC9,unclassified,2018,export,3481.1
FI,SITC9,unclassified,2018,export,376.6
FR,SITC9,unclassified,2018,export,8042.9
HR,SITC9,unclassified,2018,export,43.6
HU,SITC9,unclassified,2018,export,500.9
IE,SITC9,unclassified,2018,export,843.1
IT,SITC9,unclassified,2018,export,6095.3
LT,SITC9,unclassified,2018,export,25.2
LU,SITC9,unclassified,2018,export,287.4
LV,SITC9,unclassified,2018,export,54.8
MT,SITC9,unclassified,2018,export,31.7
NL,SITC9,unclassified,2018,export,2458.8
PL,SITC9,unclassified,2018,export,333.0
PT,SITC9,unclassified,2018,export,178.4
RO,SITC9,unclassified,2018,export,8.1
SE,SITC9,unclassified,2018,export,674.5
SI,SITC9,unclassified,2018,export,30.1
SK,SITC9,unclassified,2018,export,196.6
AT,SITC0_1,food_drinks_tobacco,2018,import,11417.5
BE,SITC0_1,food_drinks_tobacco,2018,import,30943.4
BG,SITC0_1,food_drinks_tobacco,2018,import,2840.8
CY,SITC0_1,food_drinks_tobacco,2018,import,1126.7
CZ,SITC0_1,food_drinks_tobacco,2018,import,7987.1
DE,SITC0_1,food_drinks_tobacco,2018,import,78372.9
DK,SITC0_1,food_drinks_tobacco,2018,import,11526.1
EE,SITC0_1,food_drinks_tobacco,2018,import,1454.6
EL,SITC0_1,food_drinks_tobacco,2018,import,6422.1
ES,SITC0_1,food_drinks_tobacco,2018,import,32028.8
FI,SITC0_1,food_drinks_tobacco,2018,import,4658.0
FR,SITC0_1,food_drinks_tobacco,2018,import,50454.6
HR,SITC0_1,food_drinks_tobacco,2018,import,2823.3
HU,SITC0_1,food_drinks_tobacco,2018,import,5202.4
IE,SITC0_1,food_drinks_tobacco,2018,import,8705.1
IT,SITC0_1,food_drinks_tobacco,2018,import,37209.4
LT,SITC0_1,food_drinks_tobacco,2018,import,3450.0
LU,SITC0_1,food_drinks_tobacco,2018,import,2404.4
LV,SITC0_1,food_drinks_tobacco,2018,import,2572.9
MT,SITC0_1,food_drinks_tobacco,2018,import,727.1
NL,SITC0_1,food_drinks_tobacco,2018,import,50227.0
PL,SITC0_1,food_drinks_tobacco,2018,import,17520.1
PT,SITC0_1,food_drinks_tobacco,2018,import,9476.0
RO,SITC0_1,food_drinks_tobacco,2018,import,6782.6
SE,SITC0_1,food_drinks_tobacco,2018,import,14672.3
SI,SITC0_1,food_drinks_tobacco,2018,import,2700.3
SK,SITC0_1,food_drinks_tobacco,2018,import,4173.8
AT,SITC2_4,raw_materials,2018,import,6930.9
BE,SITC2_4,raw_materials,2018,import,17325.6
BG,SITC2_4,raw_materials,2018,import,3047.3
CY,SITC2_4,raw_materials,2018,import,82.6
CZ,SITC2_4,raw_materials,2018,import,3426.6
DE,SITC2_4,raw_materials,2018,import,41571.3
DK,SITC2_4,raw_materials,2018,import,3489.8
EE,SITC2_4,raw_materials,2018,import,676.1
EL,SITC2_4,raw_materials,2018,import,1671.5
ES,SITC2_4,raw_materials,2018,import,16516.6
FI,SITC2_4,raw_materials,2018,import,4802.8
FR,SITC2_4,raw_materials,2018,import,14285.8
HR,SITC2_4,raw_materials,2018,import,561.4
HU,SITC2_4,raw_materials,2018,import,2258.3
IE,SITC2_4,raw_materials,2018,import,1215.6
IT,SITC2_4,raw_materials,2018,import,20795.8
LT,SITC2_4,raw_materials,2018,import,1454.6
LU,SITC2_4,raw_materials,2018,import,1496.0
LV,SITC2_4,raw_materials,2018,import,811.4
MT,SITC2_4,raw_materials,2018,import,36.8
NL,SITC2_4,raw_materials,2018,import,24571.5
PL,SITC2_4,raw_materials,2018,import,7779.0
PT,SITC2_4,raw_materials,2018,import,3373.2
RO,SITC2_4,raw_materials,2018,import,2609.1
SE,SITC2_4,raw_materials,2018,import,4923.8
SI,SITC2_4,raw_materials,2018,import,1716.3
SK,SITC2_4,raw_materials,2018,import,2217.5
AT,SITC3,mineral_fuels,2018,import,12767.0
BE,SITC3,mineral_fuels,2018,import,53220.7
BG,SITC3,mineral_fuels,2018,import,4296.2
CY,SITC3,mineral_fuels,2018,import,1902.1
CZ,SITC3,mineral_fuels,2018,import,9623.0
DE,SITC3,mineral_fuels,2018,import,97880.3
DK,SITC3,mineral_fuels,2018,import,5734.4
EE,SITC3,mineral_fuels,2018,import,2407.8
EL,SITC3,mineral_fuels,2018,import,15963.1
ES,SITC3,mineral_fuels,2018,import,48126.3
FI,SITC3,mineral_fuels,2018,import,10524.6
FR,SITC3,mineral_fuels,2018,import,62464.1
HR,SITC3,mineral_fuels,2018,import,3237.0
HU,SITC3,mineral_fuels,2018,import,9786.2
IE,SITC3,mineral_fuels,2018,import,5778.4
IT,SITC3,mineral_fuels,2018,import,57244.8
LT,SITC3,mineral_fuels,2018,import,6072.4
LU,SITC3,mineral_fuels,2018,import,2023.6
LV,SITC3,mineral_fuels,2018,import,1675.7
MT,SITC3,mineral_fuels,2018,import,1535.8
NL,SITC3,mineral_fuels,2018,import,93502.3
PL,SITC3,mineral_fuels,2018,import,19206.6
PT,SITC3,mineral_fuels,2018,import,9045.4
RO,SITC3,mineral_fuels,2018,import,6230.4
SE,SITC3,mineral_fuels,2018,import,17089.8
SI,SITC3,mineral_fuels,2018,import,3226.0
SK,SITC3,mineral_fuels,2018,import,5870.2
AT,SITC5,chemicals,2018,import,21555.5
BE,SITC5,chemicals,2018,import,97158.0
BG,SITC5,chemicals,2018,import,4524.8
CY,SITC5,chemicals,2018,import,751.6
CZ,SITC5,chemicals,2018,import,17157.2
DE,SITC5,chemicals,2018,import,157726.1
DK,SITC5,chemicals,2018,import,10662.7
EE,SITC5,chemicals,2018,import,1845.3
EL,SITC5,chemicals,2018,import,8008.0
ES,SITC5,chemicals,2018,import,47932.0
FI,SITC5,chemicals,2018,import,7622.5
FR,SITC5,chemicals,2018,import,75458.1
HR,SITC5,chemicals,2018,import,3334.6
HU,SITC5,chemicals,2018,import,12702.1
IE,SITC5,chemicals,2018,import,20174.9
IT,SITC5,chemicals,2018,import,67675.3
LT,SITC5,chemicals,2018,import,4603.6
LU,SITC5,chemicals,2018,import,2486.8
LV,SITC5,chemicals,2018,import,1974.8
MT,SITC5,chemicals,2018,import,564.6
NL,SITC5,chemicals,2018,import,71330.3
PL,SITC5,chemicals,2018,import,31088.6
PT,SITC5,chemicals,2018,import,10274.8
RO,SITC5,chemicals,2018,import,10451.3
SE,SITC5,chemicals,2018,import,15625.3
SI,SITC5,chemicals,2018,import,5086.2
SK,SITC5,chemicals,2018,import,6547.0
AT,SITC6_8,other_manufactured,2018,import,49579.4
BE,SITC6_8,other_manufactured,2018,import,89294.0
BG,SITC6_8,other_manufactured,2018,import,8172.2
CY,SITC6_8,other_manufactured,2018,import,1733.5
CZ,SITC6_8,other_manufactured,2018,import,43823.6
DE,SITC6_8,other_manufactured,2018,import,286685.0
DK,SITC6_8,other_manufactured,2018,import,24941.8
EE,SITC6_8,other_manufactured,2018,import,4104.0
EL,SITC6_8,other_manufactured,2018,import,12304.4
ES,SITC6_8,other_manufactured,2018,import,81319.2
FI,SITC6_8,other_manufactured,2018,import,16001.4
FR,SITC6_8,other_manufactured,2018,import,161376.6
HR,SITC6_8,other_manufactured,2018,import,7578.0
HU,SITC6_8,other_manufactured,2018,import,23849.6
IE,SITC6_8,other_manufactured,2018,import,13863.4
IT,SITC6_8,other_manufactured,2018,import,117542.7
LT,SITC6_8,other_manufactured,2018,import,6874.7
LU,SITC6_8,other_manufactured,2018,import,5471.7
LV,SITC6_8,other_manufactured,2018,import,4209.7
MT,SITC6_8,other_manufactured,2018,import,882.5
NL,SITC6_8,other_manufactured,2018,import,122944.3
PL,SITC6_8,other_manufactured,2018,import,69349.5
PT,SITC6_8,other_manufactured,2018,import,19655.5
RO,SITC6_8,other_manufactured,2018,import,25258.0
SE,SITC6_8,other_manufactured,2018,import,36853.6
SI,SITC6_8,other_manufactured,2018,import,10092.8
SK,SITC6_8,other_manufactured,2018,import,20734.4
AT,SITC7,machinery_transport,2018,import,60063.9
BE,SITC7,machinery_transport,2018,import,95416.2
BG,SITC7,machinery_transport,2018,import,9027.3
CY,SITC7,machinery_transport,2018,import,3433.1
CZ,SITC7,machinery_transport,2018,import,73998.7
DE,SITC7,machinery_transport,2018,import,410139.1
DK,SITC7,machinery_transport,2018,import,29671.0
EE,SITC7,machinery_transport,2018,import,5592.1
EL,SITC7,machinery_transport,2018,import,9699.3
ES,SITC7,machinery_transport,2018,import,103694.6
FI,SITC7,machinery_transport,2018,import,22939.7
FR,SITC7,machinery_transport,2018,import,205395.7
HR,SITC7,machinery_transport,2018,import,6332.4
HU,SITC7,machinery_transport,2018,import,48230.1
IE,SITC7,machinery_transport,2018,import,39420.0
IT,SITC7,machinery_transport,2018,import,120940.7
LT,SITC7,machinery_transport,2018,import,8479.0
LU,SITC7,machinery_transport,2018,import,6527.6
LV,SITC7,machinery_transport,2018,import,4655.6
MT,SITC7,machinery_transport,2018,import,1981.7
NL,SITC7,machinery_transport,2018,import,183819.7
PL,SITC7,machinery_transport,2018,import,79364.1
PT,SITC7,machinery_transport,2018,import,23582.6
RO,SITC7,machinery_transport,2018,import,31494.6
SE,SITC7,machinery_transport,2018,import,55232.8
SI,SITC7,machinery_transport,2018,import,12928.0
SK,SITC7,machinery_transport,2018,import,38943.4
AT,SITC9,unclassified,2018,import,1693.4
BE,SITC9,unclassified,2018,import,1997.4
BG,SITC9,unclassified,2018,import,174.8
CY,SITC9,unclassified,2018,import,136.9
CZ,SITC9,unclassified,2018,import,441.3
DE,SITC9,unclassified,2018,import,15056.6
DK,SITC9,unclassified,2018,import,912.5
EE,SITC9,unclassified,2018,import,137.5
EL,SITC9,unclassified,2018,import,51.4
ES,SITC9,unclassified,2018,import,1018.3
FI,SITC9,unclassified,2018,import,28.0
FR,SITC9,unclassified,2018,import,3141.1
HR,SITC9,unclassified,2018,import,20.0
HU,SITC9,unclassified,2018,import,231.8
IE,SITC9,unclassified,2018,import,2252.5
IT,SITC9,unclassified,2018,import,4637.0
LT,SITC9,unclassified,2018,import,8.3
LU,SITC9,unclassified,2018,import,52.8
LV,SITC9,unclassified,2018,import,3.5
MT,SITC9,unclassified,2018,import,5.9
NL,SITC9,unclassified,2018,import,431.6
PL,SITC9,unclassified,2018,import,3488.5
PT,SITC9,unclassified,2018,import,31.7
RO,SITC9,unclassified,2018,import,2.7
SE,SITC9,unclassified,2018,import,91.4
SI,SITC9,unclassified,2018,import,53.7
SK,SITC9,unclassified,2018,import,241.1
AT,SITC0_1,food_drinks_tobacco,2019,balance,131.1
BE,SITC0_1,food_drinks_tobacco,2019,balance,7189.3
BG,SITC0_1,food_drinks_tobacco,2019,balance,630.6
CY,SITC0_1,food_drinks_tobacco,2019,balance,-729.3
CZ,SITC0_1,food_drinks_tobacco,2019,balance,-1689.1
DE,SITC0_1,food_drinks_tobacco,2019,balance,-10677.1
DK,SITC0_1,food_drinks_tobacco,2019,balance,5373.0
EE,SITC0_1,food_drinks_tobacco,2019,balance,-254.0
EL,SITC0_1,food_drinks_tobacco,2019,balance,-1179.4
ES,SITC0_1,food_drinks_tobacco,2019,balance,13507.5
FI,SITC0_1,food_drinks_tobacco,2019,balance,-3042.2
FR,SITC0_1,food_drinks_tobacco,2019,balance,8362.3
HR,SITC0_1,food_drinks_tobacco,2019,balance,-1164.7
HU,SITC0_1,food_drinks_tobacco,2019,balance,1967.1
IE,SITC0_1,food_drinks_tobacco,2019,balance,4626.8
IT,SITC0_1,food_drinks_tobacco,2019,balance,3244.0
LT,SITC0_1,food_drinks_tobacco,2019,balance,1214.0
LU,SITC0_1,food_drinks_tobacco,2019,balance,-1242.2
LV,SITC0_1,food_drinks_tobacco,2019,balance,104.8
MT,SITC0_1,food_drinks_tobacco,2019,balance,-419.6
NL,SITC0_1,food_drinks_tobacco,2019,balance,25384.6
PL,SITC0_1,food_drinks_tobacco,2019,balance,11445.4
PT,SITC0_1,food_drinks_tobacco,2019,balance,-3396.7
RO,SITC0_1,food_drinks_tobacco,2019,balance,-1645.0
SE,SITC0_1,food_drinks_tobacco,2019,balance,-5844.0
SI,SITC0_1,food_drinks_tobacco,2019,balance,-793.7
SK,SITC0_1,food_drinks_tobacco,2019,balance,-1849.4
AT,SITC2_4,raw_materials,2019,balance,-1525.0
BE,SITC2_4,raw_materials,2019,balance,-5909.7
BG,SITC2_4,raw_materials,2019,balance,-510.1
CY,SITC2_4,raw_materials,2019,balance,-19.0
CZ,SITC2_4,raw_materials,2019,balance,698.9
DE,SITC2_4,raw_materials,2019,balance,-17962.3
DK,SITC2_4,raw_materials,2019,balance,701.0
EE,SITC2_4,raw_materials,2019,balance,653.4
EL,SITC2_4,raw_materials,2019,balance,238.4
ES,SITC2_4,raw_materials,2019,balance,-2737.2
FI,SITC2_4,raw_materials,2019,balance,1623.2
FR,SITC2_4,raw_materials,2019,balance,-2074.7
HR,SITC2_4,raw_materials,2019,balance,617.3
HU,SITC2_4,raw_materials,2019,balance,218.5
IE,SITC2_4,raw_materials,2019,balance,477.7
IT,SITC2_4,raw_materials,2019,balance,-12465.3
LT,SITC2_4,raw_materials,2019,balance,91.1
LU,SITC2_4,raw_materials,2019,balance,-1083.5
LV,SITC2_4,raw_materials,2019,balance,1115.4
MT,SITC2_4,raw_materials,2019,balance,-35.9
NL,SITC2_4,raw_materials,2019,balance,5298.4
PL,SITC2_4,raw_materials,2019,balance,-2037.0
PT,SITC2_4,raw_materials,2019,balance,-65.8
RO,SITC2_4,raw_materials,2019,balance,84.0
SE,SITC2_4,raw_materials,2019,balance,5030.0
SI,SITC2_4,raw_materials,2019,balance,-187.6
SK,SITC2_4,raw_materials,2019,balance,-572.5
AT,SITC3,mineral_fuels,2019,balance,-8670.5
BE,SITC3,mineral_fuels,2019,balance,-12210.4
BG,SITC3,mineral_fuels,2019,balance,-1827.8
CY,SITC3,mineral_fuels,2019,balance,-902.7
CZ,SITC3,mineral_fuels,2019,balance,-5444.2
DE,SITC3,mineral_fuels,2019,balance,-62341.6
DK,SITC3,mineral_fuels,2019,balance,-560.3
EE,SITC3,mineral_fuels,2019,balance,-349.4
EL,SITC3,mineral_fuels,2019,balance,-4248.8
ES,SITC3,mineral_fuels,2019,balance,-23656.8
FI,SITC3,mineral_fuels,2019,balance,-3977.1
FR,SITC3,mineral_fuels,2019,balance,-43302.7
HR,SITC3,mineral_fuels,2019,balance,-1579.2
HU,SITC3,mineral_fuels,2019,balance,-5548.1
IE,SITC3,mineral_fuels,2019,balance,-4425.1
IT,SITC3,mineral_fuels,2019,balance,-36040.6
LT,SITC3,mineral_fuels,2019,balance,-1777.1
LU,SITC3,mineral_fuels,2019,balance,-2019.9
LV,SITC3,mineral_fuels,2019,balance,-820.7
MT,SITC3,mineral_fuels,2019,balance,-848.9
NL,SITC3,mineral_fuels,2019,balance,-7606.5
PL,SITC3,mineral_fuels,2019,balance,-12632.5
PT,SITC3,mineral_fuels,2019,balance,-5384.9
RO,SITC3,mineral_fuels,2019,balance,-3794.7
SE,SITC3,mineral_fuels,2019,balance,-5225.4
SI,SITC3,mineral_fuels,2019,balance,-1687.7
SK,SITC3,mineral_fuels,2019,balance,-2916.7
AT,SITC5,chemicals,2019,balance,-276.8
BE,SITC5,chemicals,2019,balance,23262.8
BG,SITC5,chemicals,2019,balance,-1512.0
CY,SITC5,chemicals,2019,balance,-408.7
CZ,SITC5,chemicals,2019,balance,-6305.7
DE,SITC5,chemicals,2019,balance,59620.4
DK,SITC5,chemicals,2019,balance,12685.0
EE,SITC5,chemicals,2019,balance,-988.3
EL,SITC5,chemicals,2019,balance,-4563.2
ES,SITC5,chemicals,2019,balance,-8947.8
FI,SITC5,chemicals,2019,balance,-1299.1
FR,SITC5,chemicals,2019,balance,19570.6
HR,SITC5,chemicals,2019,balance,-1551.5
HU,SITC5,chemicals,2019,balance,-307.2
IE,SITC5,chemicals,2019,balance,75332.9
IT,SITC5,chemicals,2019,balance,203.4
LT,SITC5,chemicals,2019,balance,-362.9
LU,SITC5,chemicals,2019,balance,-846.1
LV,SITC5,chemicals,2019,balance,-794.0
MT,SITC5,chemicals,2019,balance,-164.1
NL,SITC5,chemicals,2019,balance,32952.6
PL,SITC5,chemicals,2019,balance,-10397.3
PT,SITC5,chemicals,2019,balance,-5321.4
RO,SITC5,chemicals,2019,balance,-8223.7
SE,SITC5,chemicals,2019,balance,3411.1
SI,SITC5,chemicals,2019,balance,11.8
SK,SITC5,chemicals,2019,balance,-3193.7
AT,SITC6_8,other_manufactured,2019,balance,838.1
BE,SITC6_8,other_manufactured,2019,balance,13487.5
BG,SITC6_8,other_manufactured,2019,balance,1914.9
CY,SITC6_8,other_manufactured,2019,balance,-1492.2
CZ,SITC6_8,other_manufactured,2019,balance,3212.9
DE,SITC6_8,other_manufactured,2019,balance,29210.7
DK,SITC6_8,other_manufactured,2019,balance,-3559.4
EE,SITC6_8,other_manufactured,2019,balance,264.6
EL,SITC6_8,other_manufactured,2019,balance,-5029.6
ES,SITC6_8,other_manufactured,2019,balance,-7110.6
FI,SITC6_8,other_manufactured,2019,balance,7998.8
FR,SITC6_8,other_manufactured,2019,balance,-47850.0
HR,SITC6_8,other_manufactured,2019,balance,-3172.9
HU,SITC6_8,other_manufactured,2019,balance,-3641.7
IE,SITC6_8,other_manufactured,2019,balance,3372.4
IT,SITC6_8,other_manufactured,2019,balance,54754.3
LT,SITC6_8,other_manufactured,2019,balance,1147.3
LU,SITC6_8,other_manufactured,2019,balance,1003.5
LV,SITC6_8,other_manufactured,2019,balance,-315.4
MT,SITC6_8,other_manufactured,2019,balance,-286.3
NL,SITC6_8,other_manufactured,2019,balance,-682.8
PL,SITC6_8,other_manufactured,2019,balance,13682.6
PT,SITC6_8,other_manufactured,2019,balance,2832.5
RO,SITC6_8,other_manufactured,2019,balance,-4398.4
SE,SITC6_8,other_manufactured,2019,balance,-137.4
SI,SITC6_8,other_manufactured,2019,balance,1308.7
SK,SITC6_8,other_manufactured,2019,balance,-562.0
AT,SITC7,machinery_transport,2019,balance,3968.1
BE,SITC7,machinery_transport,2019,balance,-11514.6
BG,SITC7,machinery_transport,2019,balance,-2475.7
CY,SITC7,machinery_transport,2019,balance,-1487.6
CZ,SITC7,machinery_transport,2019,balance,27398.7
DE,SITC7,machinery_transport,2019,balance,232212.8
DK,SITC7,machinery_transport,2019,balance,-3040.5
EE,SITC7,machinery_transport,2019,balance,-1035.0
EL,SITC7,machinery_transport,2019,balance,-7345.1
ES,SITC7,machinery_transport,2019,balance,-8374.6
FI,SITC7,machinery_transport,2019,balance,-1874.4
FR,SITC7,machinery_transport,2019,balance,-15521.4
HR,SITC7,machinery_transport,2019,balance,-2978.3
HU,SITC7,machinery_transport,2019,balance,9931.5
IE,SITC7,machinery_transport,2019,balance,-16821.4
IT,SITC7,machinery_transport,2019,balance,44170.2
LT,SITC7,machinery_transport,2019,balance,-2647.8
LU,SITC7,machinery_transport,2019,balance,-2953.1
LV,SITC7,machinery_transport,2019,balance,-1654.4
MT,SITC7,machinery_transport,2019,balance,-2031.5
NL,SITC7,machinery_transport,2019,balance,7700.5
PL,SITC7,machinery_transport,2019,balance,4387.2
PT,SITC7,machinery_transport,2019,balance,-8913.2
RO,SITC7,machinery_transport,2019,balance,386.3
SE,SITC7,machinery_transport,2019,balance,3526.2
SI,SITC7,machinery_transport,2019,balance,2177.1
SK,SITC7,machinery_transport,2019,balance,8665.2
AT,SITC9,unclassified,2019,balance,115.2
BE,SITC9,unclassified,2019,balance,2151.1
BG,SITC9,unclassified,2019,balance,-81.6
CY,SITC9,unclassified,2019,balance,-32.7
CZ,SITC9,unclassified,2019,balance,73.6
DE,SITC9,unclassified,2019,balance,-1802.1
DK,SITC9,unclassified,2019,balance,-69.7
EE,SITC9,unclassified,2019,balance,-12.0
EL,SITC9,unclassified,2019,balance,265.6
ES,SITC9,unclassified,2019,balance,2698.1
FI,SITC9,unclassified,2019,balance,338.6
FR,SITC9,unclassified,2019,balance,6081.5
HR,SITC9,unclassified,2019,balance,25.4
HU,SITC9,unclassified,2019,balance,231.8
IE,SITC9,unclassified,2019,balance,-1375.9
IT,SITC9,unclassified,2019,balance,2249.8
LT,SITC9,unclassified,2019,balance,9.9
LU,SITC9,unclassified,2019,balance,156.8
LV,SITC9,unclassified,2019,balance,43.8
MT,SITC9,unclassified,2019,balance,31.3
NL,SITC9,unclassified,2019,balance,2119.9
PL,SITC9,unclassified,2019,balance,-3260.9
PT,SITC9,unclassified,2019,balance,175.3
RO,SITC9,unclassified,2019,balance,4.1
SE,SITC9,unclassified,2019,balance,654.4
SI,SITC9,unclassified,2019,balance,-0.2
SK,SITC9,unclassified,2019,balance,-16.4
AT,SITC0_1,food_drinks_tobacco,2019,export,12039.8
BE,SITC0_1,food_drinks_tobacco,2019,export,38184.1
BG,SITC0_1,food_drinks_tobacco,2019,export,3812.6
CY,SITC0_1,food_drinks_tobacco,2019,export,439.0
CZ,SITC0_1,food_drinks_tobacco,2019,export,6875.8
DE,SITC0_1,food_drinks_tobacco,2019,export,69312.5
DK,SITC0_1,food_drinks_tobacco,2019,export,17364.1
EE,SITC0_1,food_drinks_tobacco,2019,export,1278.1
EL,SITC0_1,food_drinks_tobacco,2019,export,5568.2
ES,SITC0_1,food_drinks_tobacco,2019,export,46833.7
FI,SITC0_1,food_drinks_tobacco,2019,export,1666.4
FR,SITC0_1,food_drinks_tobacco,2019,export,59625.6
HR,SITC0_1,food_drinks_tobacco,2019,export,2019.4
HU,SITC0_1,food_drinks_tobacco,2019,export,7593.8
IE,SITC0_1,food_drinks_tobacco,2019,export,13435.8
IT,SITC0_1,food_drinks_tobacco,2019,export,41306.7
LT,SITC0_1,food_drinks_tobacco,2019,export,4901.7
LU,SITC0_1,food_drinks_tobacco,2019,export,1189.7
LV,SITC0_1,food_drinks_tobacco,2019,export,2874.7
MT,SITC0_1,food_drinks_tobacco,2019,export,292.9
NL,SITC0_1,food_drinks_tobacco,2019,export,77374.3
PL,SITC0_1,food_drinks_tobacco,2019,export,30176.7
PT,SITC0_1,food_drinks_tobacco,2019,export,6300.5
RO,SITC0_1,food_drinks_tobacco,2019,export,5864.1
SE,SITC0_1,food_drinks_tobacco,2019,export,8870.5
SI,SITC0_1,food_drinks_tobacco,2019,export,2014.7
SK,SITC0_1,food_drinks_tobacco,2019,export,2619.2
AT,SITC2_4,raw_materials,2019,export,5121.8
BE,SITC2_4,raw_materials,2019,export,10929.0
BG,SITC2_4,raw_materials,2019,export,2371.0
CY,SITC2_4,raw_materials,2019,export,68.9
CZ,SITC2_4,raw_materials,2019,export,4100.8
DE,SITC2_4,raw_materials,2019,export,23595.4
DK,SITC2_4,raw_materials,2019,export,4106.1
EE,SITC2_4,raw_materials,2019,export,1320.0
EL,SITC2_4,raw_materials,2019,export,1906.0
ES,SITC2_4,raw_materials,2019,export,12441.1
FI,SITC2_4,raw_materials,2019,export,6222.6
FR,SITC2_4,raw_materials,2019,export,12034.9
HR,SITC2_4,raw_materials,2019,export,1185.8
HU,SITC2_4,raw_materials,2019,export,2550.7
IE,SITC2_4,raw_materials,2019,export,1738.6
IT,SITC2_4,raw_materials,2019,export,7786.0
LT,SITC2_4,raw_materials,2019,export,1662.4
LU,SITC2_4,raw_materials,2019,export,253.2
LV,SITC2_4,raw_materials,2019,export,1956.2
MT,SITC2_4,raw_materials,2019,export,10.0
NL,SITC2_4,raw_materials,2019,export,30522.4
PL,SITC2_4,raw_materials,2019,export,5695.2
PT,SITC2_4,raw_materials,2019,export,3141.9
RO,SITC2_4,raw_materials,2019,export,2628.0
SE,SITC2_4,raw_materials,2019,export,9762.0
SI,SITC2_4,raw_materials,2019,export,1418.6
SK,SITC2_4,raw_materials,2019,export,1485.5
AT,SITC3,mineral_fuels,2019,export,3590.4
BE,SITC3,mineral_fuels,2019,export,32875.2
BG,SITC3,mineral_fuels,2019,export,2755.0
CY,SITC3,mineral_fuels,2019,export,650.6
CZ,SITC3,mineral_fuels,2019,export,3281.9
DE,SITC3,mineral_fuels,2019,export,33697.3
DK,SITC3,mineral_fuels,2019,export,5185.0
EE,SITC3,mineral_fuels,2019,export,1686.3
EL,SITC3,mineral_fuels,2019,export,10668.3
ES,SITC3,mineral_fuels,2019,export,20966.0
FI,SITC3,mineral_fuels,2019,export,6185.2
FR,SITC3,mineral_fuels,2019,export,15704.0
HR,SITC3,mineral_fuels,2019,export,1492.7
HU,SITC3,mineral_fuels,2019,export,3775.8
IE,SITC3,mineral_fuels,2019,export,1074.1
IT,SITC3,mineral_fuels,2019,export,16196.8
LT,SITC3,mineral_fuels,2019,export,4012.4
LU,SITC3,mineral_fuels,2019,export,12.7
LV,SITC3,mineral_fuels,2019,export,637.4
MT,SITC3,mineral_fuels,2019,export,383.9
NL,SITC3,mineral_fuels,2019,export,81214.3
PL,SITC3,mineral_fuels,2019,export,5260.4
PT,SITC3,mineral_fuels,2019,export,3708.4
RO,SITC3,mineral_fuels,2019,export,2792.8
SE,SITC3,mineral_fuels,2019,export,9803.0
SI,SITC3,mineral_fuels,2019,export,2101.0
SK,SITC3,mineral_fuels,2019,export,2281.6
AT,SITC5,chemicals,2019,export,21894.2
BE,SITC5,chemicals,2019,export,121107.1
BG,SITC5,chemicals,2019,export,3275.3
CY,SITC5,chemicals,2019,export,413.2
CZ,SITC5,chemicals,2019,export,11638.4
DE,SITC5,chemicals,2019,export,217573.5
DK,SITC5,chemicals,2019,export,23534.6
EE,SITC5,chemicals,2019,export,927.2
EL,SITC5,chemicals,2019,export,4116.0
ES,SITC5,chemicals,2019,export,40478.0
FI,SITC5,chemicals,2019,export,6116.4
FR,SITC5,chemicals,2019,export,96131.9
HR,SITC5,chemicals,2019,export,2059.5
HU,SITC5,chemicals,2019,export,13065.4
IE,SITC5,chemicals,2019,export,92887.6
IT,SITC5,chemicals,2019,export,69215.3
LT,SITC5,chemicals,2019,export,4527.4
LU,SITC5,chemicals,2019,export,1587.8
LV,SITC5,chemicals,2019,export,1294.9
MT,SITC5,chemicals,2019,export,412.7
NL,SITC5,chemicals,2019,export,109940.7
PL,SITC5,chemicals,2019,export,21662.6
PT,SITC5,chemicals,2019,export,5409.1
RO,SITC5,chemicals,2019,export,3147.5
SE,SITC5,chemicals,2019,export,19421.8
SI,SITC5,chemicals,2019,export,7521.5
SK,SITC5,chemicals,2019,export,3340.0
AT,SITC6_8,other_manufactured,2019,export,50517.2
BE,SITC6_8,other_manufactured,2019,export,98929.7
BG,SITC6_8,other_manufactured,2019,export,10463.8
CY,SITC6_8,other_manufactured,2019,export,169.5
CZ,SITC6_8,other_manufactured,2019,export,46813.5
DE,SITC6_8,other_manufactured,2019,export,313905.9
DK,SITC6_8,other_manufactured,2019,export,21726.0
EE,SITC6_8,other_manufactured,2019,export,4538.5
EL,SITC6_8,other_manufactured,2019,export,7891.5
ES,SITC6_8,other_manufactured,2019,export,77464.9
FI,SITC6_8,other_manufactured,2019,export,23324.2
FR,SITC6_8,other_manufactured,2019,export,118011.8
HR,SITC6_8,other_manufactured,2019,export,4655.1
HU,SITC6_8,other_manufactured,2019,export,20825.5
IE,SITC6_8,other_manufactured,2019,export,18391.5
IT,SITC6_8,other_manufactured,2019,export,170935.4
LT,SITC6_8,other_manufactured,2019,export,8236.3
LU,SITC6_8,other_manufactured,2019,export,6098.9
LV,SITC6_8,other_manufactured,2019,export,4064.3
MT,SITC6_8,other_manufactured,2019,export,690.7
NL,SITC6_8,other_manufactured,2019,export,124989.2
PL,SITC6_8,other_manufactured,2019,export,84307.6
PT,SITC6_8,other_manufactured,2019,export,23032.0
RO,SITC6_8,other_manufactured,2019,export,21750.1
SE,SITC6_8,other_manufactured,2019,export,36665.9
SI,SITC6_8,other_manufactured,2019,export,11376.1
SK,SITC6_8,other_manufactured,2019,export,20229.5
AT,SITC7,machinery_transport,2019,export,65381.4
BE,SITC7,machinery_transport,2019,export,93311.3
BG,SITC7,machinery_transport,2019,export,6990.1
CY,SITC7,machinery_transport,2019,export,1248.4
CZ,SITC7,machinery_transport,2019,export,104609.2
DE,SITC7,machinery_transport,2019,export,658568.0
DK,SITC7,machinery_transport,2019,export,26466.2
EE,SITC7,machinery_transport,2019,export,4457.2
EL,SITC7,machinery_transport,2019,export,3178.8
ES,SITC7,machinery_transport,2019,export,96206.3
FI,SITC7,machinery_transport,2019,export,21683.7
FR,SITC7,machinery_transport,2019,export,198432.6
HR,SITC7,machinery_transport,2019,export,3890.8
HU,SITC7,machinery_transport,2019,export,61952.8
IE,SITC7,machinery_transport,2019,export,23234.2
IT,SITC7,machinery_transport,2019,export,166728.1
LT,SITC7,machinery_transport,2019,export,6262.7
LU,SITC7,machinery_transport,2019,export,5281.3
LV,SITC7,machinery_transport,2019,export,3150.9
MT,SITC7,machinery_transport,2019,export,1012.3
NL,SITC7,machinery_transport,2019,export,206601.3
PL,SITC7,machinery_transport,2019,export,90685.9
PT,SITC7,machinery_transport,2019,export,18092.2
RO,SITC7,machinery_transport,2019,export,32477.2
SE,SITC7,machinery_transport,2019,export,58159.5
SI,SITC7,machinery_transport,2019,export,15682.2
SK,SITC7,machinery_transport,2019,export,49763.9
AT,SITC9,unclassified,2019,export,1043.5
BE,SITC9,unclassified,2019,export,4504.7
BG,SITC9,unclassified,2019,export,121.1
CY,SITC9,unclassified,2019,export,89.5
CZ,SITC9,unclassified,2019,export,583.3
DE,SITC9,unclassified,2019,export,13761.5
DK,SITC9,unclassified,2019,export,855.3
EE,SITC9,unclassified,2019,export,174.7
EL,SITC9,unclassified,2019,export,535.6
ES,SITC9,unclassified,2019,export,3947.1
FI,SITC9,unclassified,2019,export,417.0
FR,SITC9,unclassified,2019,export,10007.4
HR,SITC9,unclassified,2019,export,46.7
HU,SITC9,unclassified,2019,export,814.5
IE,SITC9,unclassified,2019,export,753.8
IT,SITC9,unclassified,2019,export,8183.9
LT,SITC9,unclassified,2019,export,20.6
LU,SITC9,unclassified,2019,export,249.3
LV,SITC9,unclassified,2019,export,44.8
MT,SITC9,unclassified,2019,export,36.7
NL,SITC9,unclassified,2019,export,2414.8
PL,SITC9,unclassified,2019,export,389.9
PT,SITC9,unclassified,2019,export,218.7
RO,SITC9,unclassified,2019,export,7.4
SE,SITC9,unclassified,2019,export,738.4
SI,SITC9,unclassified,2019,export,33.0
SK,SITC9,unclassified,2019,export,242.1
AT,SITC0_1,food_drinks_tobacco,2019,import,11908.7
BE,SITC0_1,food_drinks_tobacco,2019,import,30994.9
BG,SITC0_1,food_drinks_tobacco,2019,import,3182.0
CY,SITC0_1,food_drinks_tobacco,2019,import,1168.3
CZ,SITC0_1,food_drinks_tobacco,2019,import,8564.9
DE,SITC0_1,food_drinks_tobacco,2019,import,79989.6
DK,SITC0_1,food_drinks_tobacco,2019,import,11991.1
EE,SITC0_1,food_drinks_tobacco,2019,import,1532.2
EL,SITC0_1,food_drinks_tobacco,2019,import,6747.6
ES,SITC0_1,food_drinks_tobacco,2019,import,33326.2
FI,SITC0_1,food_drinks_tobacco,2019,import,4708.5
FR,SITC0_1,food_drinks_tobacco,2019,import,51263.2
HR,SITC0_1,food_drinks_tobacco,2019,import,3184.1
HU,SITC0_1,food_drinks_tobacco,2019,import,5626.7
IE,SITC0_1,food_drinks_tobacco,2019,import,8809.0
IT,SITC0_1,food_drinks_tobacco,2019,import,38062.6
LT,SITC0_1,food_drinks_tobacco,2019,import,3687.6
LU,SITC0_1,food_drinks_tobacco,2019,import,2431.9
LV,SITC0_1,food_drinks_tobacco,2019,import,2769.9
MT,SITC0_1,food_drinks_tobacco,2019,import,712.5
NL,SITC0_1,food_drinks_tobacco,2019,import,51989.7
PL,SITC0_1,food_drinks_tobacco,2019,import,18731.3
PT,SITC0_1,food_drinks_tobacco,2019,import,9697.2
RO,SITC0_1,food_drinks_tobacco,2019,import,7509.1
SE,SITC0_1,food_drinks_tobacco,2019,import,14714.5
SI,SITC0_1,food_drinks_tobacco,2019,import,2808.4
SK,SITC0_1,food_drinks_tobacco,2019,import,4468.6
AT,SITC2_4,raw_materials,2019,import,6646.8
BE,SITC2_4,raw_materials,2019,import,16838.7
BG,SITC2_4,raw_materials,2019,import,2881.0
CY,SITC2_4,raw_materials,2019,import,87.9
CZ,SITC2_4,raw_materials,2019,import,3402.0
DE,SITC2_4,raw_materials,2019,import,41557.7
DK,SITC2_4,raw_materials,2019,import,3405.1
EE,SITC2_4,raw_materials,2019,import,666.6
EL,SITC2_4,raw_materials,2019,import,1667.7
ES,SITC2_4,raw_materials,2019,import,15178.3
FI,SITC2_4,raw_materials,2019,import,4599.4
FR,SITC2_4,raw_materials,2019,import,14109.5
HR,SITC2_4,raw_materials,2019,import,568.5
HU,SITC2_4,raw_materials,2019,import,2332.2
IE,SITC2_4,raw_materials,2019,import,1261.0
IT,SITC2_4,raw_materials,2019,import,20251.3
LT,SITC2_4,raw_materials,2019,import,1571.4
LU,SITC2_4,raw_materials,2019,import,1336.7
LV,SITC2_4,raw_materials,2019,import,840.8
MT,SITC2_4,raw_materials,2019,import,45.9
NL,SITC2_4,raw_materials,2019,import,25224.0
PL,SITC2_4,raw_materials,2019,import,7732.2
PT,SITC2_4,raw_materials,2019,import,3207.7
RO,SITC2_4,raw_materials,2019,import,2544.0
SE,SITC2_4,raw_materials,2019,import,4732.0
SI,SITC2_4,raw_materials,2019,import,1606.2
SK,SITC2_4,raw_materials,2019,import,2058.0
AT,SITC3,mineral_fuels,2019,import,12261.0
BE,SITC3,mineral_fuels,2019,import,45085.6
BG,SITC3,mineral_fuels,2019,import,4582.7
CY,SITC3,mineral_fuels,2019,import,1553.3
CZ,SITC3,mineral_fuels,2019,import,8726.1
DE,SITC3,mineral_fuels,2019,import,96038.8
DK,SITC3,mineral_fuels,2019,import,5745.3
EE,SITC3,mineral_fuels,2019,import,2035.7
EL,SITC3,mineral_fuels,2019,import,14917.1
ES,SITC3,mineral_fuels,2019,import,44622.8
FI,SITC3,mineral_fuels,2019,import,10162.4
FR,SITC3,mineral_fuels,2019,import,59006.8
HR,SITC3,mineral_fuels,2019,import,3071.9
HU,SITC3,mineral_fuels,2019,import,9323.9
IE,SITC3,mineral_fuels,2019,import,5499.3
IT,SITC3,mineral_fuels,2019,import,52237.3
LT,SITC3,mineral_fuels,2019,import,5789.5
LU,SITC3,mineral_fuels,2019,import,2032.7
LV,SITC3,mineral_fuels,2019,import,1458.1
MT,SITC3,mineral_fuels,2019,import,1232.8
NL,SITC3,mineral_fuels,2019,import,88820.8
PL,SITC3,mineral_fuels,2019,import,17893.0
PT,SITC3,mineral_fuels,2019,import,9093.4
RO,SITC3,mineral_fuels,2019,import,6587.5
SE,SITC3,mineral_fuels,2019,import,15028.4
SI,SITC3,mineral_fuels,2019,import,3788.7
SK,SITC3,mineral_fuels,2019,import,5198.3
AT,SITC5,chemicals,2019,import,22171.0
BE,SITC5,chemicals,2019,import,97844.3
BG,SITC5,chemicals,2019,import,4787.3
CY,SITC5,chemicals,2019,import,821.9
CZ,SITC5,chemicals,2019,import,17944.2
DE,SITC5,chemicals,2019,import,157953.1
DK,SITC5,chemicals,2019,import,10849.6
EE,SITC5,chemicals,2019,import,1915.5
EL,SITC5,chemicals,2019,import,8679.2
ES,SITC5,chemicals,2019,import,49425.8
FI,SITC5,chemicals,2019,import,7415.4
FR,SITC5,chemicals,2019,import,76561.3
HR,SITC5,chemicals,2019,import,3610.9
HU,SITC5,chemicals,2019,import,13372.7
IE,SITC5,chemicals,2019,import,17554.8
IT,SITC5,chemicals,2019,import,69011.9
LT,SITC5,chemicals,2019,import,4890.3
LU,SITC5,chemicals,2019,import,2433.9
LV,SITC5,chemicals,2019,import,2089.0
MT,SITC5,chemicals,2019,import,576.8
NL,SITC5,chemicals,2019,import,76988.1
PL,SITC5,chemicals,2019,import,32059.9
PT,SITC5,chemicals,2019,import,10730.5
RO,SITC5,chemicals,2019,import,11371.2
SE,SITC5,chemicals,2019,import,16010.8
SI,SITC5,chemicals,2019,import,7509.8
SK,SITC5,chemicals,2019,import,6533.7
AT,SITC6_8,other_manufactured,2019,import,49679.2
BE,SITC6_8,other_manufactured,2019,import,85442.2
BG,SITC6_8,other_manufactured,2019,import,8548.8
CY,SITC6_8,other_manufactured,2019,import,1661.7
CZ,SITC6_8,other_manufactured,2019,import,43600.6
DE,SITC6_8,other_manufactured,2019,import,284695.2
DK,SITC6_8,other_manufactured,2019,import,25285.4
EE,SITC6_8,other_manufactured,2019,import,4273.9
EL,SITC6_8,other_manufactured,2019,import,12921.1
ES,SITC6_8,other_manufactured,2019,import,84575.5
FI,SITC6_8,other_manufactured,2019,import,15325.4
FR,SITC6_8,other_manufactured,2019,import,165861.8
HR,SITC6_8,other_manufactured,2019,import,7827.9
HU,SITC6_8,other_manufactured,2019,import,24467.2
IE,SITC6_8,other_manufactured,2019,import,15019.1
IT,SITC6_8,other_manufactured,2019,import,116181.1
LT,SITC6_8,other_manufactured,2019,import,7089.0
LU,SITC6_8,other_manufactured,2019,import,5095.5
LV,SITC6_8,other_manufactured,2019,import,4379.7
MT,SITC6_8,other_manufactured,2019,import,977.0
NL,SITC6_8,other_manufactured,2019,import,125672.0
PL,SITC6_8,other_manufactured,2019,import,70625.1
PT,SITC6_8,other_manufactured,2019,import,20199.5
RO,SITC6_8,other_manufactured,2019,import,26148.4
SE,SITC6_8,other_manufactured,2019,import,36803.3
SI,SITC6_8,other_manufactured,2019,import,10067.4
SK,SITC6_8,other_manufactured,2019,import,20791.6
AT,SITC7,machinery_transport,2019,import,61413.3
BE,SITC7,machinery_transport,2019,import,104825.8
BG,SITC7,machinery_transport,2019,import,9465.8
CY,SITC7,machinery_transport,2019,import,2736.0
CZ,SITC7,machinery_transport,2019,import,77210.6
DE,SITC7,machinery_transport,2019,import,426355.2
DK,SITC7,machinery_transport,2019,import,29506.7
EE,SITC7,machinery_transport,2019,import,5492.2
EL,SITC7,machinery_transport,2019,import,10524.0
ES,SITC7,machinery_transport,2019,import,104580.9
FI,SITC7,machinery_transport,2019,import,23558.1
FR,SITC7,machinery_transport,2019,import,213954.0
HR,SITC7,machinery_transport,2019,import,6869.2
HU,SITC7,machinery_transport,2019,import,52021.3
IE,SITC7,machinery_transport,2019,import,40055.5
IT,SITC7,machinery_transport,2019,import,122557.9
LT,SITC7,machinery_transport,2019,import,8910.5
LU,SITC7,machinery_transport,2019,import,8234.4
LV,SITC7,machinery_transport,2019,import,4805.3
MT,SITC7,machinery_transport,2019,import,3043.8
NL,SITC7,machinery_transport,2019,import,198900.8
PL,SITC7,machinery_transport,2019,import,86298.6
PT,SITC7,machinery_transport,2019,import,27005.4
RO,SITC7,machinery_transport,2019,import,32090.9
SE,SITC7,machinery_transport,2019,import,54633.3
SI,SITC7,machinery_transport,2019,import,13505.1
SK,SITC7,machinery_transport,2019,import,41098.7
AT,SITC9,unclassified,2019,import,928.3
BE,SITC9,unclassified,2019,import,2353.6
BG,SITC9,unclassified,2019,import,202.7
CY,SITC9,unclassified,2019,import,122.3
CZ,SITC9,unclassified,2019,import,509.8
DE,SITC9,unclassified,2019,import,15563.6
DK,SITC9,unclassified,2019,import,925.0
EE,SITC9,unclassified,2019,import,186.7
EL,SITC9,unclassified,2019,import,270.1
ES,SITC9,unclassified,2019,import,1249.0
FI,SITC9,unclassified,2019,import,78.4
FR,SITC9,unclassified,2019,import,3925.9
HR,SITC9,unclassified,2019,import,21.3
HU,SITC9,unclassified,2019,import,582.7
IE,SITC9,unclassified,2019,import,2129.7
IT,SITC9,unclassified,2019,import,5934.1
LT,SITC9,unclassified,2019,import,10.7
LU,SITC9,unclassified,2019,import,92.5
LV,SITC9,unclassified,2019,import,1.0
MT,SITC9,unclassified,2019,import,5.5
NL,SITC9,unclassified,2019,import,294.8
PL,SITC9,unclassified,2019,import,3650.8
PT,SITC9,unclassified,2019,import,43.4
RO,SITC9,unclassified,2019,import,3.3
SE,SITC9,unclassified,2019,import,84.1
SI,SITC9,unclassified,2019,import,33.2
SK,SITC9,unclassified,2019,import,258.5
AT,SITC0_1,food_drinks_tobacco,2020,balance,562.0
BE,SITC0_1,food_drinks_tobacco,2020,balance,6816.8
BG,SITC0_1,food_drinks_tobacco,2020,balance,418.0
CY,SITC0_1,food_drinks_tobacco,2020,balance,-621.4
CZ,SITC0_1,food_drinks_tobacco,2020,balance,-1176.7
DE,SITC0_1,food_drinks_tobacco,2020,balance,-12705.2
DK,SITC0_1,food_drinks_tobacco,2020,balance,5358.1
EE,SITC0_1,food_drinks_tobacco,2020,balance,-220.8
EL,SITC0_1,food_drinks_tobacco,2020,balance,-115.2
ES,SITC0_1,food_drinks_tobacco,2020,balance,17864.5
FI,SITC0_1,food_drinks_tobacco,2020,balance,-2880.4
FR,SITC0_1,food_drinks_tobacco,2020,balance,6568.6
HR,SITC0_1,food_drinks_tobacco,2020,balance,-786.4
HU,SITC0_1,food_drinks_tobacco,2020,balance,2240.5
IE,SITC0_1,food_drinks_tobacco,2020,balance,3948.7
IT,SITC0_1,food_drinks_tobacco,2020,balance,6481.0
LT,SITC0_1,food_drinks_tobacco,2020,balance,1701.1
LU,SITC0_1,food_drinks_tobacco,2020,balance,-1285.2
LV,SITC0_1,food_drinks_tobacco,2020,balance,73.2
MT,SITC0_1,food_drinks_tobacco,2020,balance,-343.6
NL,SITC0_1,food_drinks_tobacco,2020,balance,25251.2
PL,SITC0_1,food_drinks_tobacco,2020,balance,12527.6
PT,SITC0_1,food_drinks_tobacco,2020,balance,-2800.2
RO,SITC0_1,food_drinks_tobacco,2020,balance,-2067.8
SE,SITC0_1,food_drinks_tobacco,2020,balance,-5416.6
SI,SITC0_1,food_drinks_tobacco,2020,balance,-713.4
SK,SITC0_1,food_drinks_tobacco,2020,balance,-1734.2
AT,SITC2_4,raw_materials,2020,balance,-1740.6
BE,SITC2_4,raw_materials,2020,balance,-7433.8
BG,SITC2_4,raw_materials,2020,balance,-939.4
CY,SITC2_4,raw_materials,2020,balance,-6.7
CZ,SITC2_4,raw_materials,2020,balance,780.9
DE,SITC2_4,raw_materials,2020,balance,-17448.5
DK,SITC2_4,raw_materials,2020,balance,474.9
EE,SITC2_4,raw_materials,2020,balance,568.1
EL,SITC2_4,raw_materials,2020,balance,292.1
ES,SITC2_4,raw_materials,2020,balance,-2735.8
FI,SITC2_4,raw_materials,2020,balance,722.8
FR,SITC2_4,raw_materials,2020,balance,-1980.4
HR,SITC2_4,raw_materials,2020,balance,635.5
HU,SITC2_4,raw_materials,2020,balance,287.7
IE,SITC2_4,raw_materials,2020,balance,258.8
IT,SITC2_4,raw_materials,2020,balance,-10647.6
LT,SITC2_4,raw_materials,2020,balance,290.6
LU,SITC2_4,raw_materials,2020,balance,-845.6
LV,SITC2_4,raw_materials,2020,balance,1093.1
MT,SITC2_4,raw_materials,2020,balance,-30.5
NL,SITC2_4,raw_materials,2020,balance,5094.3
PL,SITC2_4,raw_materials,2020,balance,-1831.6
PT,SITC2_4,raw_materials,2020,balance,-82.7
RO,SITC2_4,raw_materials,2020,balance,88.1
SE,SITC2_4,raw_materials,2020,balance,5661.4
SI,SITC2_4,raw_materials,2020,balance,-149.8
SK,SITC2_4,raw_materials,2020,balance,-398.4
AT,SITC3,mineral_fuels,2020,balance,-5424.1
BE,SITC3,mineral_fuels,2020,balance,-7609.2
BG,SITC3,mineral_fuels,2020,balance,-1260.1
CY,SITC3,mineral_fuels,2020,balance,-710.3
CZ,SITC3,mineral_fuels,2020,balance,-3272.6
DE,SITC3,mineral_fuels,2020,balance,-42077.8
DK,SITC3,mineral_fuels,2020,balance,-1018.8
EE,SITC3,mineral_fuels,2020,balance,-141.1
EL,SITC3,mineral_fuels,2020,balance,-2982.2
ES,SITC3,mineral_fuels,2020,balance,-14768.2
FI,SITC3,mineral_fuels,2020,balance,-2174.6
FR,SITC3,mineral_fuels,2020,balance,-25603.2
HR,SITC3,mineral_fuels,2020,balance,-1024.0
HU,SITC3,mineral_fuels,2020,balance,-3215.3
IE,SITC3,mineral_fuels,2020,balance,-2553.3
IT,SITC3,mineral_fuels,2020,balance,-21535.5
LT,SITC3,mineral_fuels,2020,balance,-1206.1
LU,SITC3,mineral_fuels,2020,balance,-1267.9
LV,SITC3,mineral_fuels,2020,balance,-467.6
MT,SITC3,mineral_fuels,2020,balance,-779.8
NL,SITC3,mineral_fuels,2020,balance,-3554.7
PL,SITC3,mineral_fuels,2020,balance,-8239.1
PT,SITC3,mineral_fuels,2020,balance,-3389.6
RO,SITC3,mineral_fuels,2020,balance,-2590.8
SE,SITC3,mineral_fuels,2020,balance,-3545.3
SI,SITC3,mineral_fuels,2020,balance,-923.7
SK,SITC3,mineral_fuels,2020,balance,-1942.1
AT,SITC5,chemicals,2020,balance,1227.5
BE,SITC5,chemicals,2020,balance,26979.4
BG,SITC5,chemicals,2020,balance,-1408.9
CY,SITC5,chemicals,2020,balance,-383.6
CZ,SITC5,chemicals,2020,balance,-6106.1
DE,SITC5,chemicals,2020,balance,60810.1
DK,SITC5,chemicals,2020,balance,13623.3
EE,SITC5,chemicals,2020,balance,-968.3
EL,SITC5,chemicals,2020,balance,-4946.6
ES,SITC5,chemicals,2020,balance,-9013.9
FI,SITC5,chemicals,2020,balance,-1118.9
FR,SITC5,chemicals,2020,balance,16582.3
HR,SITC5,chemicals,2020,balance,-1830.8
HU,SITC5,chemicals,2020,balance,-770.8
IE,SITC5,chemicals,2020,balance,79881.6
IT,SITC5,chemicals,2020,balance,1051.1
LT,SITC5,chemicals,2020,balance,212.4
LU,SITC5,chemicals,2020,balance,-810.0
LV,SITC5,chemicals,2020,balance,-809.2
MT,SITC5,chemicals,2020,balance,-166.9
NL,SITC5,chemicals,2020,balance,31112.6
PL,SITC5,chemicals,2020,balance,-10256.5
PT,SITC5,chemicals,2020,balance,-5424.6
RO,SITC5,chemicals,2020,balance,-8687.5
SE,SITC5,chemicals,2020,balance,4118.4
SI,SITC5,chemicals,2020,balance,607.9
SK,SITC5,chemicals,2020,balance,-3362.2
AT,SITC6_8,other_manufactured,2020,balance,-128.6
BE,SITC6_8,other_manufactured,2020,balance,12446.7
BG,SITC6_8,other_manufactured,2020,balance,2705.2
CY,SITC6_8,other_manufactured,2020,balance,-1475.7
CZ,SITC6_8,other_manufactured,2020,balance,4283.3
DE,SITC6_8,other_manufactured,2020,balance,17622.8
DK,SITC6_8,other_manufactured,2020,balance,-4009.6
EE,SITC6_8,other_manufactured,2020,balance,289.8
EL,SITC6_8,other_manufactured,2020,balance,-4149.6
ES,SITC6_8,other_manufactured,2020,balance,-5977.5
FI,SITC6_8,other_manufactured,2020,balance,5689.0
FR,SITC6_8,other_manufactured,2020,balance,-49981.2
HR,SITC6_8,other_manufactured,2020,balance,-2857.6
HU,SITC6_8,other_manufactured,2020,balance,-4824.3
IE,SITC6_8,other_manufactured,2020,balance,1040.9
IT,SITC6_8,other_manufactured,2020,balance,45747.9
LT,SITC6_8,other_manufactured,2020,balance,795.6
LU,SITC6_8,other_manufactured,2020,balance,715.8
LV,SITC6_8,other_manufactured,2020,balance,-196.9
MT,SITC6_8,other_manufactured,2020,balance,-249.1
NL,SITC6_8,other_manufactured,2020,balance,1449.2
PL,SITC6_8,other_manufactured,2020,balance,13450.4
PT,SITC6_8,other_manufactured,2020,balance,2891.7
RO,SITC6_8,other_manufactured,2020,balance,-5530.2
SE,SITC6_8,other_manufactured,2020,balance,684.0
SI,SITC6_8,other_manufactured,2020,balance,1133.7
SK,SITC6_8,other_manufactured,2020,balance,-342.4
AT,SITC7,machinery_transport,2020,balance,3227.0
BE,SITC7,machinery_transport,2020,balance,-10173.8
BG,SITC7,machinery_transport,2020,balance,-2093.6
CY,SITC7,machinery_transport,2020,balance,-1752.1
CZ,SITC7,machinery_transport,2020,balance,23547.9
DE,SITC7,machinery_transport,2020,balance,181194.5
DK,SITC7,machinery_transport,2020,balance,-4900.1
EE,SITC7,machinery_transport,2020,balance,-386.6
EL,SITC7,machinery_transport,2020,balance,-6614.6
ES,SITC7,machinery_transport,2020,balance,-4174.7
FI,SITC7,machinery_transport,2020,balance,-2145.7
FR,SITC7,machinery_transport,2020,balance,-32153.7
HR,SITC7,machinery_transport,2020,balance,-2627.3
HU,SITC7,machinery_transport,2020,balance,9988.8
IE,SITC7,machinery_transport,2020,balance,-10537.1
IT,SITC7,machinery_transport,2020,balance,42044.7
LT,SITC7,machinery_transport,2020,balance,-2281.3
LU,SITC7,machinery_transport,2020,balance,-2969.6
LV,SITC7,machinery_transport,2020,balance,-1293.7
MT,SITC7,machinery_transport,2020,balance,-976.8
NL,SITC7,machinery_transport,2020,balance,8507.2
PL,SITC7,machinery_transport,2020,balance,6716.0
PT,SITC7,machinery_transport,2020,balance,-5772.3
RO,SITC7,machinery_transport,2020,balance,79.3
SE,SITC7,machinery_transport,2020,balance,2760.6
SI,SITC7,machinery_transport,2020,balance,2460.5
SK,SITC7,machinery_transport,2020,balance,10353.6
AT,SITC9,unclassified,2020,balance,-370.0
BE,SITC9,unclassified,2020,balance,2174.6
BG,SITC9,unclassified,2020,balance,-103.2
CY,SITC9,unclassified,2020,balance,-10.9
CZ,SITC9,unclassified,2020,balance,-23.9
DE,SITC9,unclassified,2020,balance,-3679.0
DK,SITC9,unclassified,2020,balance,-507.3
EE,SITC9,unclassified,2020,balance,-7.8
EL,SITC9,unclassified,2020,balance,363.0
ES,SITC9,unclassified,2020,balance,3111.2
FI,SITC9,unclassified,2020,balance,25.0
FR,SITC9,unclassified,2020,balance,5304.4
HR,SITC9,unclassified,2020,balance,35.6
HU,SITC9,unclassified,2020,balance,305.4
IE,SITC9,unclassified,2020,balance,-1411.9
IT,SITC9,unclassified,2020,balance,147.9
LT,SITC9,unclassified,2020,balance,8.8
LU,SITC9,unclassified,2020,balance,71.5
LV,SITC9,unclassified,2020,balance,14.5
MT,SITC9,unclassified,2020,balance,4.2
NL,SITC9,unclassified,2020,balance,1609.6
PL,SITC9,unclassified,2020,balance,-1804.6
PT,SITC9,unclassified,2020,balance,189.6
RO,SITC9,unclassified,2020,balance,2.9
SE,SITC9,unclassified,2020,balance,666.5
SI,SITC9,unclassified,2020,balance,-81.9
SK,SITC9,unclassified,2020,balance,-688.3
AT,SITC0_1,food_drinks_tobacco,2020,export,12342.0
BE,SITC0_1,food_drinks_tobacco,2020,export,37977.9
BG,SITC0_1,food_drinks_tobacco,2020,export,3646.1
CY,SITC0_1,food_drinks_tobacco,2020,export,452.1
CZ,SITC0_1,food_drinks_tobacco,2020,export,7299.6
DE,SITC0_1,food_drinks_tobacco,2020,export,68093.2
DK,SITC0_1,food_drinks_tobacco,2020,export,17120.0
EE,SITC0_1,food_drinks_tobacco,2020,export,1274.8
EL,SITC0_1,food_drinks_tobacco,2020,export,6116.3
ES,SITC0_1,food_drinks_tobacco,2020,export,48541.8
FI,SITC0_1,food_drinks_tobacco,2020,export,1775.0
FR,SITC0_1,food_drinks_tobacco,2020,export,57178.3
HR,SITC0_1,food_drinks_tobacco,2020,export,2194.3
HU,SITC0_1,food_drinks_tobacco,2020,export,7929.9
IE,SITC0_1,food_drinks_tobacco,2020,export,13009.1
IT,SITC0_1,food_drinks_tobacco,2020,export,42605.9
LT,SITC0_1,food_drinks_tobacco,2020,export,5393.2
LU,SITC0_1,food_drinks_tobacco,2020,export,1163.7
LV,SITC0_1,food_drinks_tobacco,2020,export,2986.3
MT,SITC0_1,food_drinks_tobacco,2020,export,289.7
NL,SITC0_1,food_drinks_tobacco,2020,export,76713.3
PL,SITC0_1,food_drinks_tobacco,2020,export,32413.6
PT,SITC0_1,food_drinks_tobacco,2020,export,6402.2
RO,SITC0_1,food_drinks_tobacco,2020,export,5849.9
SE,SITC0_1,food_drinks_tobacco,2020,export,9018.2
SI,SITC0_1,food_drinks_tobacco,2020,export,2043.8
SK,SITC0_1,food_drinks_tobacco,2020,export,2706.1
AT,SITC2_4,raw_materials,2020,export,4667.3
BE,SITC2_4,raw_materials,2020,export,10769.4
BG,SITC2_4,raw_materials,2020,export,2447.5
CY,SITC2_4,raw_materials,2020,export,70.4
CZ,SITC2_4,raw_materials,2020,export,3867.7
DE,SITC2_4,raw_materials,2020,export,23380.4
DK,SITC2_4,raw_materials,2020,export,3813.5
EE,SITC2_4,raw_materials,2020,export,1259.0
EL,SITC2_4,raw_materials,2020,export,1844.6
ES,SITC2_4,raw_materials,2020,export,11395.0
FI,SITC2_4,raw_materials,2020,export,5584.7
FR,SITC2_4,raw_materials,2020,export,11155.4
HR,SITC2_4,raw_materials,2020,export,1182.8
HU,SITC2_4,raw_materials,2020,export,2370.7
IE,SITC2_4,raw_materials,2020,export,1507.4
IT,SITC2_4,raw_materials,2020,export,7513.8
LT,SITC2_4,raw_materials,2020,export,1844.4
LU,SITC2_4,raw_materials,2020,export,265.6
LV,SITC2_4,raw_materials,2020,export,1964.0
MT,SITC2_4,raw_materials,2020,export,10.6
NL,SITC2_4,raw_materials,2020,export,30232.0
PL,SITC2_4,raw_materials,2020,export,5623.4
PT,SITC2_4,raw_materials,2020,export,2944.9
RO,SITC2_4,raw_materials,2020,export,2454.7
SE,SITC2_4,raw_materials,2020,export,10077.0
SI,SITC2_4,raw_materials,2020,export,1267.5
SK,SITC2_4,raw_materials,2020,export,1488.5
AT,SITC3,mineral_fuels,2020,export,2824.3
BE,SITC3,mineral_fuels,2020,export,21949.8
BG,SITC3,mineral_fuels,2020,export,1261.8
CY,SITC3,mineral_fuels,2020,export,433.8
CZ,SITC3,mineral_fuels,2020,export,2107.1
DE,SITC3,mineral_fuels,2020,export,24230.6
DK,SITC3,mineral_fuels,2020,export,2635.0
EE,SITC3,mineral_fuels,2020,export,1560.1
EL,SITC3,mineral_fuels,2020,export,6731.6
ES,SITC3,mineral_fuels,2020,export,12331.0
FI,SITC3,mineral_fuels,2020,export,4296.1
FR,SITC3,mineral_fuels,2020,export,8764.0
HR,SITC3,mineral_fuels,2020,export,1348.9
HU,SITC3,mineral_fuels,2020,export,2678.3
IE,SITC3,mineral_fuels,2020,export,838.0
IT,SITC3,mineral_fuels,2020,export,9774.5
LT,SITC3,mineral_fuels,2020,export,2049.0
LU,SITC3,mineral_fuels,2020,export,9.7
LV,SITC3,mineral_fuels,2020,export,509.0
MT,SITC3,mineral_fuels,2020,export,79.2
NL,SITC3,mineral_fuels,2020,export,51909.2
PL,SITC3,mineral_fuels,2020,export,3617.5
PT,SITC3,mineral_fuels,2020,export,2497.1
RO,SITC3,mineral_fuels,2020,export,1578.4
SE,SITC3,mineral_fuels,2020,export,6604.7
SI,SITC3,mineral_fuels,2020,export,1315.8
SK,SITC3,mineral_fuels,2020,export,1821.0
AT,SITC5,chemicals,2020,export,22506.5
BE,SITC5,chemicals,2020,export,122770.2
BG,SITC5,chemicals,2020,export,3278.0
CY,SITC5,chemicals,2020,export,459.4
CZ,SITC5,chemicals,2020,export,11597.1
DE,SITC5,chemicals,2020,export,215571.5
DK,SITC5,chemicals,2020,export,25437.7
EE,SITC5,chemicals,2020,export,975.1
EL,SITC5,chemicals,2020,export,5057.6
ES,SITC5,chemicals,2020,export,38799.3
FI,SITC5,chemicals,2020,export,6156.1
FR,SITC5,chemicals,2020,export,92002.5
HR,SITC5,chemicals,2020,export,2050.7
HU,SITC5,chemicals,2020,export,13831.2
IE,SITC5,chemicals,2020,export,102159.9
IT,SITC5,chemicals,2020,export,69257.8
LT,SITC5,chemicals,2020,export,5056.4
LU,SITC5,chemicals,2020,export,1550.8
LV,SITC5,chemicals,2020,export,1338.3
MT,SITC5,chemicals,2020,export,462.8
NL,SITC5,chemicals,2020,export,107741.6
PL,SITC5,chemicals,2020,export,23069.9
PT,SITC5,chemicals,2020,export,5136.2
RO,SITC5,chemicals,2020,export,3094.0
SE,SITC5,chemicals,2020,export,20184.4
SI,SITC5,chemicals,2020,export,9486.6
SK,SITC5,chemicals,2020,export,3121.7
AT,SITC6_8,other_manufactured,2020,export,46075.1
BE,SITC6_8,other_manufactured,2020,export,90443.6
BG,SITC6_8,other_manufactured,2020,export,10563.2
CY,SITC6_8,other_manufactured,2020,export,130.0
CZ,SITC6_8,other_manufactured,2020,export,43999.2
DE,SITC6_8,other_manufactured,2020,export,287784.1
DK,SITC6_8,other_manufactured,2020,export,21388.8
EE,SITC6_8,other_manufactured,2020,export,4401.4
EL,SITC6_8,other_manufactured,2020,export,7319.4
ES,SITC6_8,other_manufactured,2020,export,68591.6
FI,SITC6_8,other_manufactured,2020,export,20146.0
FR,SITC6_8,other_manufactured,2020,export,99733.0
HR,SITC6_8,other_manufactured,2020,export,4582.8
HU,SITC6_8,other_manufactured,2020,export,19068.6
IE,SITC6_8,other_manufactured,2020,export,17013.7
IT,SITC6_8,other_manufactured,2020,export,147705.9
LT,SITC6_8,other_manufactured,2020,export,8243.8
LU,SITC6_8,other_manufactured,2020,export,5456.4
LV,SITC6_8,other_manufactured,2020,export,4068.0
MT,SITC6_8,other_manufactured,2020,export,698.2
NL,SITC6_8,other_manufactured,2020,export,117272.6
PL,SITC6_8,other_manufactured,2020,export,84459.1
PT,SITC6_8,other_manufactured,2020,export,20708.0
RO,SITC6_8,other_manufactured,2020,export,18812.5
SE,SITC6_8,other_manufactured,2020,export,35421.9
SI,SITC6_8,other_manufactured,2020,export,10605.8
SK,SITC6_8,other_manufactured,2020,export,17922.7
AT,SITC7,machinery_transport,2020,export,57739.4
BE,SITC7,machinery_transport,2020,export,82169.5
BG,SITC7,machinery_transport,2020,export,6634.5
CY,SITC7,machinery_transport,2020,export,1068.7
CZ,SITC7,machinery_transport,2020,export,98070.4
DE,SITC7,machinery_transport,2020,export,573690.0
DK,SITC7,machinery_transport,2020,export,24096.7
EE,SITC7,machinery_transport,2020,export,4519.8
EL,SITC7,machinery_transport,2020,export,3267.7
ES,SITC7,machinery_transport,2020,export,85605.6
FI,SITC7,machinery_transport,2020,export,19729.8
FR,SITC7,machinery_transport,2020,export,149604.2
HR,SITC7,machinery_transport,2020,export,3591.1
HU,SITC7,machinery_transport,2020,export,58745.1
IE,SITC7,machinery_transport,2020,export,22453.3
IT,SITC7,machinery_transport,2020,export,149721.5
LT,SITC7,machinery_transport,2020,export,6040.0
LU,SITC7,machinery_transport,2020,export,3483.4
LV,SITC7,machinery_transport,2020,export,3371.3
MT,SITC7,machinery_transport,2020,export,930.7
NL,SITC7,machinery_transport,2020,export,204091.2
PL,SITC7,machinery_transport,2020,export,89670.8
PT,SITC7,machinery_transport,2020,export,15832.6
RO,SITC7,machinery_transport,2020,export,29979.5
SE,SITC7,machinery_transport,2020,export,53890.7
SI,SITC7,machinery_transport,2020,export,14488.6
SK,SITC7,machinery_transport,2020,export,48406.0
AT,SITC9,unclassified,2020,export,2133.5
BE,SITC9,unclassified,2020,export,3883.2
BG,SITC9,unclassified,2020,export,135.8
CY,SITC9,unclassified,2020,export,82.6
CZ,SITC9,unclassified,2020,export,656.4
DE,SITC9,unclassified,2020,export,16458.0
DK,SITC9,unclassified,2020,export,535.9
EE,SITC9,unclassified,2020,export,283.7
EL,SITC9,unclassified,2020,export,463.6
ES,SITC9,unclassified,2020,export,4256.7
FI,SITC9,unclassified,2020,export,186.8
FR,SITC9,unclassified,2020,export,8798.8
HR,SITC9,unclassified,2020,export,71.8
HU,SITC9,unclassified,2020,export,804.7
IE,SITC9,unclassified,2020,export,847.0
IT,SITC9,unclassified,2020,export,10138.4
LT,SITC9,unclassified,2020,export,21.5
LU,SITC9,unclassified,2020,export,183.6
LV,SITC9,unclassified,2020,export,28.9
MT,SITC9,unclassified,2020,export,8.2
NL,SITC9,unclassified,2020,export,2273.2
PL,SITC9,unclassified,2020,export,359.4
PT,SITC9,unclassified,2020,export,236.3
RO,SITC9,unclassified,2020,export,6.6
SE,SITC9,unclassified,2020,export,911.2
SI,SITC9,unclassified,2020,export,38.8
SK,SITC9,unclassified,2020,export,120.1
AT,SITC0_1,food_drinks_tobacco,2020,import,11780.0
BE,SITC0_1,food_drinks_tobacco,2020,import,31161.1
BG,SITC0_1,food_drinks_tobacco,2020,import,3228.1
CY,SITC0_1,food_drinks_tobacco,2020,import,1073.5
CZ,SITC0_1,food_drinks_tobacco,2020,import,8476.3
DE,SITC0_1,food_drinks_tobacco,2020,import,80798.3
DK,SITC0_1,food_drinks_tobacco,2020,import,11761.9
EE,SITC0_1,food_drinks_tobacco,2020,import,1495.6
EL,SITC0_1,food_drinks_tobacco,2020,import,6231.5
ES,SITC0_1,food_drinks_tobacco,2020,import,30677.3
FI,SITC0_1,food_drinks_tobacco,2020,import,4655.4
FR,SITC0_1,food_drinks_tobacco,2020,import,50609.7
HR,SITC0_1,food_drinks_tobacco,2020,import,2980.7
HU,SITC0_1,food_drinks_tobacco,2020,import,5689.4
IE,SITC0_1,food_drinks_tobacco,2020,import,9060.4
IT,SITC0_1,food_drinks_tobacco,2020,import,36124.9
LT,SITC0_1,food_drinks_tobacco,2020,import,3692.1
LU,SITC0_1,food_drinks_tobacco,2020,import,2449.0
LV,SITC0_1,food_drinks_tobacco,2020,import,2913.1
MT,SITC0_1,food_drinks_tobacco,2020,import,633.3
NL,SITC0_1,food_drinks_tobacco,2020,import,51462.1
PL,SITC0_1,food_drinks_tobacco,2020,import,19886.0
PT,SITC0_1,food_drinks_tobacco,2020,import,9202.4
RO,SITC0_1,food_drinks_tobacco,2020,import,7917.6
SE,SITC0_1,food_drinks_tobacco,2020,import,14434.8
SI,SITC0_1,food_drinks_tobacco,2020,import,2757.3
SK,SITC0_1,food_drinks_tobacco,2020,import,4440.3
AT,SITC2_4,raw_materials,2020,import,6407.9
BE,SITC2_4,raw_materials,2020,import,18203.2
BG,SITC2_4,raw_materials,2020,import,3386.9
CY,SITC2_4,raw_materials,2020,import,77.1
CZ,SITC2_4,raw_materials,2020,import,3086.7
DE,SITC2_4,raw_materials,2020,import,40828.9
DK,SITC2_4,raw_materials,2020,import,3338.6
EE,SITC2_4,raw_materials,2020,import,691.0
EL,SITC2_4,raw_materials,2020,import,1552.5
ES,SITC2_4,raw_materials,2020,import,14130.8
FI,SITC2_4,raw_materials,2020,import,4861.9
FR,SITC2_4,raw_materials,2020,import,13135.8
HR,SITC2_4,raw_materials,2020,import,547.4
HU,SITC2_4,raw_materials,2020,import,2083.0
IE,SITC2_4,raw_materials,2020,import,1248.7
IT,SITC2_4,raw_materials,2020,import,18161.3
LT,SITC2_4,raw_materials,2020,import,1553.8
LU,SITC2_4,raw_materials,2020,import,1111.2
LV,SITC2_4,raw_materials,2020,import,870.8
MT,SITC2_4,raw_materials,2020,import,41.2
NL,SITC2_4,raw_materials,2020,import,25137.7
PL,SITC2_4,raw_materials,2020,import,7455.0
PT,SITC2_4,raw_materials,2020,import,3027.6
RO,SITC2_4,raw_materials,2020,import,2366.5
SE,SITC2_4,raw_materials,2020,import,4415.7
SI,SITC2_4,raw_materials,2020,import,1417.3
SK,SITC2_4,raw_materials,2020,import,1886.9
AT,SITC3,mineral_fuels,2020,import,8248.4
BE,SITC3,mineral_fuels,2020,import,29559.0
BG,SITC3,mineral_fuels,2020,import,2521.9
CY,SITC3,mineral_fuels,2020,import,1144.1
CZ,SITC3,mineral_fuels,2020,import,5379.6
DE,SITC3,mineral_fuels,2020,import,66308.3
DK,SITC3,mineral_fuels,2020,import,3653.8
EE,SITC3,mineral_fuels,2020,import,1701.2
EL,SITC3,mineral_fuels,2020,import,9713.7
ES,SITC3,mineral_fuels,2020,import,27099.2
FI,SITC3,mineral_fuels,2020,import,6470.7
FR,SITC3,mineral_fuels,2020,import,34367.1
HR,SITC3,mineral_fuels,2020,import,2372.9
HU,SITC3,mineral_fuels,2020,import,5893.6
IE,SITC3,mineral_fuels,2020,import,3391.3
IT,SITC3,mineral_fuels,2020,import,31310.0
LT,SITC3,mineral_fuels,2020,import,3255.1
LU,SITC3,mineral_fuels,2020,import,1277.6
LV,SITC3,mineral_fuels,2020,import,976.6
MT,SITC3,mineral_fuels,2020,import,859.0
NL,SITC3,mineral_fuels,2020,import,55463.9
PL,SITC3,mineral_fuels,2020,import,11856.6
PT,SITC3,mineral_fuels,2020,import,5886.7
RO,SITC3,mineral_fuels,2020,import,4169.2
SE,SITC3,mineral_fuels,2020,import,10150.0
SI,SITC3,mineral_fuels,2020,import,2239.4
SK,SITC3,mineral_fuels,2020,import,3763.1
AT,SITC5,chemicals,2020,import,21279.0
BE,SITC5,chemicals,2020,import,95790.8
BG,SITC5,chemicals,2020,import,4687.0
CY,SITC5,chemicals,2020,import,843.0
CZ,SITC5,chemicals,2020,import,17703.2
DE,SITC5,chemicals,2020,import,154761.4
DK,SITC5,chemicals,2020,import,11814.4
EE,SITC5,chemicals,2020,import,1943.3
EL,SITC5,chemicals,2020,import,10004.1
ES,SITC5,chemicals,2020,import,47813.1
FI,SITC5,chemicals,2020,import,7274.9
FR,SITC5,chemicals,2020,import,75420.3
HR,SITC5,chemicals,2020,import,3881.5
HU,SITC5,chemicals,2020,import,14602.0
IE,SITC5,chemicals,2020,import,22278.3
IT,SITC5,chemicals,2020,import,68206.7
LT,SITC5,chemicals,2020,import,4844.0
LU,SITC5,chemicals,2020,import,2360.8
LV,SITC5,chemicals,2020,import,2147.6
MT,SITC5,chemicals,2020,import,629.7
NL,SITC5,chemicals,2020,import,76628.9
PL,SITC5,chemicals,2020,import,33326.4
PT,SITC5,chemicals,2020,import,10560.9
RO,SITC5,chemicals,2020,import,11781.5
SE,SITC5,chemicals,2020,import,16066.0
SI,SITC5,chemicals,2020,import,8878.7
SK,SITC5,chemicals,2020,import,6483.9
AT,SITC6_8,other_manufactured,2020,import,46203.7
BE,SITC6_8,other_manufactured,2020,import,77996.9
BG,SITC6_8,other_manufactured,2020,import,7857.9
CY,SITC6_8,other_manufactured,2020,import,1605.8
CZ,SITC6_8,other_manufactured,2020,import,39715.9
DE,SITC6_8,other_manufactured,2020,import,270161.3
DK,SITC6_8,other_manufactured,2020,import,25398.4
EE,SITC6_8,other_manufactured,2020,import,4111.6
EL,SITC6_8,other_manufactured,2020,import,11469.0
ES,SITC6_8,other_manufactured,2020,import,74569.1
FI,SITC6_8,other_manufactured,2020,import,14457.1
FR,SITC6_8,other_manufactured,2020,import,149714.2
HR,SITC6_8,other_manufactured,2020,import,7440.4
HU,SITC6_8,other_manufactured,2020,import,23892.9
IE,SITC6_8,other_manufactured,2020,import,15972.8
IT,SITC6_8,other_manufactured,2020,import,101958.0
LT,SITC6_8,other_manufactured,2020,import,7448.1
LU,SITC6_8,other_manufactured,2020,import,4740.5
LV,SITC6_8,other_manufactured,2020,import,4264.9
MT,SITC6_8,other_manufactured,2020,import,947.3
NL,SITC6_8,other_manufactured,2020,import,115823.5
PL,SITC6_8,other_manufactured,2020,import,71008.7
PT,SITC6_8,other_manufactured,2020,import,17816.3
RO,SITC6_8,other_manufactured,2020,import,24342.7
SE,SITC6_8,other_manufactured,2020,import,34738.0
SI,SITC6_8,other_manufactured,2020,import,9472.1
SK,SITC6_8,other_manufactured,2020,import,18265.1
AT,SITC7,machinery_transport,2020,import,54512.3
BE,SITC7,machinery_transport,2020,import,92343.3
BG,SITC7,machinery_transport,2020,import,8728.0
CY,SITC7,machinery_transport,2020,import,2820.8
CZ,SITC7,machinery_transport,2020,import,74522.5
DE,SITC7,machinery_transport,2020,import,392495.6
DK,SITC7,machinery_transport,2020,import,28996.8
EE,SITC7,machinery_transport,2020,import,4906.4
EL,SITC7,machinery_transport,2020,import,9882.3
ES,SITC7,machinery_transport,2020,import,89780.3
FI,SITC7,machinery_transport,2020,import,21875.5
FR,SITC7,machinery_transport,2020,import,181757.9
HR,SITC7,machinery_transport,2020,import,6218.5
HU,SITC7,machinery_transport,2020,import,48756.3
IE,SITC7,machinery_transport,2020,import,32990.4
IT,SITC7,machinery_transport,2020,import,107676.8
LT,SITC7,machinery_transport,2020,import,8321.3
LU,SITC7,machinery_transport,2020,import,6453.0
LV,SITC7,machinery_transport,2020,import,4665.0
MT,SITC7,machinery_transport,2020,import,1907.6
NL,SITC7,machinery_transport,2020,import,195584.1
PL,SITC7,machinery_transport,2020,import,82954.8
PT,SITC7,machinery_transport,2020,import,21604.9
RO,SITC7,machinery_transport,2020,import,29900.3
SE,SITC7,machinery_transport,2020,import,51130.0
SI,SITC7,machinery_transport,2020,import,12028.1
SK,SITC7,machinery_transport,2020,import,38052.4
AT,SITC9,unclassified,2020,import,2503.5
BE,SITC9,unclassified,2020,import,1708.7
BG,SITC9,unclassified,2020,import,239.0
CY,SITC9,unclassified,2020,import,93.5
CZ,SITC9,unclassified,2020,import,680.3
DE,SITC9,unclassified,2020,import,20137.0
DK,SITC9,unclassified,2020,import,1043.2
EE,SITC9,unclassified,2020,import,291.5
EL,SITC9,unclassified,2020,import,100.6
ES,SITC9,unclassified,2020,import,1145.5
FI,SITC9,unclassified,2020,import,161.8
FR,SITC9,unclassified,2020,import,3494.4
HR,SITC9,unclassified,2020,import,36.3
HU,SITC9,unclassified,2020,import,499.3
IE,SITC9,unclassified,2020,import,2258.9
IT,SITC9,unclassified,2020,import,9990.5
LT,SITC9,unclassified,2020,import,12.7
LU,SITC9,unclassified,2020,import,112.2
LV,SITC9,unclassified,2020,import,14.4
MT,SITC9,unclassified,2020,import,4.0
NL,SITC9,unclassified,2020,import,663.6
PL,SITC9,unclassified,2020,import,2164.0
PT,SITC9,unclassified,2020,import,46.7
RO,SITC9,unclassified,2020,import,3.8
SE,SITC9,unclassified,2020,import,244.7
SI,SITC9,unclassified,2020,import,120.6
SK,SITC9,unclassified,2020,import,808.4
AT,SITC0_1,food_drinks_tobacco,2021,balance,786.8
BE,SITC0_1,food_drinks_tobacco,2021,balance,7685.8
BG,SITC0_1,food_drinks_tobacco,2021,balance,807.9
CY,SITC0_1,food_drinks_tobacco,2021,balance,-814.2
CZ,SITC0_1,food_drinks_tobacco,2021,balance,-1430.0
DE,SITC0_1,food_drinks_tobacco,2021,balance,-13563.7
DK,SITC0_1,food_drinks_tobacco,2021,balance,5145.4
EE,SITC0_1,food_drinks_tobacco,2021,balance,-324.8
EL,SITC0_1,food_drinks_tobacco,2021,balance,-362.2
ES,SITC0_1,food_drinks_tobacco,2021,balance,18366.4
FI,SITC0_1,food_drinks_tobacco,2021,balance,-3005.0
FR,SITC0_1,food_drinks_tobacco,2021,balance,8797.5
HR,SITC0_1,food_drinks_tobacco,2021,balance,-950.3
HU,SITC0_1,food_drinks_tobacco,2021,balance,2434.1
IE,SITC0_1,food_drinks_tobacco,2021,balance,5295.2
IT,SITC0_1,food_drinks_tobacco,2021,balance,7919.7
LT,SITC0_1,food_drinks_tobacco,2021,balance,1317.6
LU,SITC0_1,food_drinks_tobacco,2021,balance,-1355.5
LV,SITC0_1,food_drinks_tobacco,2021,balance,35.5
MT,SITC0_1,food_drinks_tobacco,2021,balance,-430.8
NL,SITC0_1,food_drinks_tobacco,2021,balance,26903.9
PL,SITC0_1,food_drinks_tobacco,2021,balance,13963.3
PT,SITC0_1,food_drinks_tobacco,2021,balance,-2936.7
RO,SITC0_1,food_drinks_tobacco,2021,balance,-1273.2
SE,SITC0_1,food_drinks_tobacco,2021,balance,-5374.8
SI,SITC0_1,food_drinks_tobacco,2021,balance,-652.7
SK,SITC0_1,food_drinks_tobacco,2021,balance,-1854.5
AT,SITC2_4,raw_materials,2021,balance,-2715.8
BE,SITC2_4,raw_materials,2021,balance,-10774.7
BG,SITC2_4,raw_materials,2021,balance,-373.4
CY,SITC2_4,raw_materials,2021,balance,-7.3
CZ,SITC2_4,raw_materials,2021,balance,1200.9
DE,SITC2_4,raw_materials,2021,balance,-23964.3
DK,SITC2_4,raw_materials,2021,balance,719.5
EE,SITC2_4,raw_materials,2021,balance,687.5
EL,SITC2_4,raw_materials,2021,balance,407.6
ES,SITC2_4,raw_materials,2021,balance,-5122.1
FI,SITC2_4,raw_materials,2021,balance,1795.4
FR,SITC2_4,raw_materials,2021,balance,-1660.6
HR,SITC2_4,raw_materials,2021,balance,798.8
HU,SITC2_4,raw_materials,2021,balance,370.4
IE,SITC2_4,raw_materials,2021,balance,739.0
IT,SITC2_4,raw_materials,2021,balance,-15197.1
LT,SITC2_4,raw_materials,2021,balance,361.5
LU,SITC2_4,raw_materials,2021,balance,-1491.9
LV,SITC2_4,raw_materials,2021,balance,1538.4
MT,SITC2_4,raw_materials,2021,balance,-21.8
NL,SITC2_4,raw_materials,2021,balance,6822.3
PL,SITC2_4,raw_materials,2021,balance,-2523.5
PT,SITC2_4,raw_materials,2021,balance,68.5
RO,SITC2_4,raw_materials,2021,balance,594.6
SE,SITC2_4,raw_materials,2021,balance,8530.7
SI,SITC2_4,raw_materials,2021,balance,-294.3
SK,SITC2_4,raw_materials,2021,balance,-879.6
AT,SITC3,mineral_fuels,2021,balance,-9771.6
BE,SITC3,mineral_fuels,2021,balance,-15129.5
BG,SITC3,mineral_fuels,2021,balance,-2446.3
CY,SITC3,mineral_fuels,2021,balance,-1063.6
CZ,SITC3,mineral_fuels,2021,balance,-5936.9
DE,SITC3,mineral_fuels,2021,balance,-68494.5
DK,SITC3,mineral_fuels,2021,balance,-1607.5
EE,SITC3,mineral_fuels,2021,balance,-81.8
EL,SITC3,mineral_fuels,2021,balance,-5669.6
ES,SITC3,mineral_fuels,2021,balance,-26845.6
FI,SITC3,mineral_fuels,2021,balance,-4786.0
FR,SITC3,mineral_fuels,2021,balance,-44477.5
HR,SITC3,mineral_fuels,2021,balance,-2202.3
HU,SITC3,mineral_fuels,2021,balance,-6812.7
IE,SITC3,mineral_fuels,2021,balance,-5169.7
IT,SITC3,mineral_fuels,2021,balance,-47364.0
LT,SITC3,mineral_fuels,2021,balance,-2692.4
LU,SITC3,mineral_fuels,2021,balance,-2022.4
LV,SITC3,mineral_fuels,2021,balance,-843.2
MT,SITC3,mineral_fuels,2021,balance,-901.9
NL,SITC3,mineral_fuels,2021,balance,-10493.4
PL,SITC3,mineral_fuels,2021,balance,-11617.3
PT,SITC3,mineral_fuels,2021,balance,-5799.7
RO,SITC3,mineral_fuels,2021,balance,-4801.4
SE,SITC3,mineral_fuels,2021,balance,-3598.4
SI,SITC3,mineral_fuels,2021,balance,-1450.9
SK,SITC3,mineral_fuels,2021,balance,-3532.3
AT,SITC5,chemicals,2021,balance,-952.2
BE,SITC5,chemicals,2021,balance,32602.3
BG,SITC5,chemicals,2021,balance,-1976.8
CY,SITC5,chemicals,2021,balance,-434.9
CZ,SITC5,chemicals,2021,balance,-7920.1
DE,SITC5,chemicals,2021,balance,76787.4
DK,SITC5,chemicals,2021,balance,12323.3
EE,SITC5,chemicals,2021,balance,-1238.0
EL,SITC5,chemicals,2021,balance,-5301.1
ES,SITC5,chemicals,2021,balance,-9727.5
FI,SITC5,chemicals,2021,balance,-718.2
FR,SITC5,chemicals,2021,balance,15168.3
HR,SITC5,chemicals,2021,balance,-2100.8
HU,SITC5,chemicals,2021,balance,-825.7
IE,SITC5,chemicals,2021,balance,72679.9
IT,SITC5,chemicals,2021,balance,-4427.1
LT,SITC5,chemicals,2021,balance,592.9
LU,SITC5,chemicals,2021,balance,-1143.9
LV,SITC5,chemicals,2021,balance,-963.8
MT,SITC5,chemicals,2021,balance,-141.1
NL,SITC5,chemicals,2021,balance,37091.7
PL,SITC5,chemicals,2021,balance,-14472.4
PT,SITC5,chemicals,2021,balance,-6950.9
RO,SITC5,chemicals,2021,balance,-10922.1
SE,SITC5,chemicals,2021,balance,3341.1
SI,SITC5,chemicals,2021,balance,-1162.7
SK,SITC5,chemicals,2021,balance,-3836.8
AT,SITC6_8,other_manufactured,2021,balance,-697.9
BE,SITC6_8,other_manufactured,2021,balance,14731.5
BG,SITC6_8,other_manufactured,2021,balance,2791.2
CY,SITC6_8,other_manufactured,2021,balance,-1764.5
CZ,SITC6_8,other_manufactured,2021,balance,2840.9
DE,SITC6_8,other_manufactured,2021,balance,15807.5
DK,SITC6_8,other_manufactured,2021,balance,-5428.1
EE,SITC6_8,other_manufactured,2021,balance,206.8
EL,SITC6_8,other_manufactured,2021,balance,-5368.0
ES,SITC6_8,other_manufactured,2021,balance,-3630.8
FI,SITC6_8,other_manufactured,2021,balance,6266.9
FR,SITC6_8,other_manufactured,2021,balance,-55465.5
HR,SITC6_8,other_manufactured,2021,balance,-3352.2
HU,SITC6_8,other_manufactured,2021,balance,-5110.4
IE,SITC6_8,other_manufactured,2021,balance,635.4
IT,SITC6_8,other_manufactured,2021,balance,54328.5
LT,SITC6_8,other_manufactured,2021,balance,781.8
LU,SITC6_8,other_manufactured,2021,balance,1160.7
LV,SITC6_8,other_manufactured,2021,balance,-254.7
MT,SITC6_8,other_manufactured,2021,balance,-320.2
NL,SITC6_8,other_manufactured,2021,balance,-410.5
PL,SITC6_8,other_manufactured,2021,balance,12725.5
PT,SITC6_8,other_manufactured,2021,balance,2580.3
RO,SITC6_8,other_manufactured,2021,balance,-6710.9
SE,SITC6_8,other_manufactured,2021,balance,-1792.8
SI,SITC6_8,other_manufactured,2021,balance,1025.6
SK,SITC6_8,other_manufactured,2021,balance,564.5
AT,SITC7,machinery_transport,2021,balance,894.0
BE,SITC7,machinery_transport,2021,balance,-10765.9
BG,SITC7,machinery_transport,2021,balance,-2965.9
CY,SITC7,machinery_transport,2021,balance,-1310.6
CZ,SITC7,machinery_transport,2021,balance,23531.0
DE,SITC7,machinery_transport,2021,balance,201930.4
DK,SITC7,machinery_transport,2021,balance,-5833.2
EE,SITC7,machinery_transport,2021,balance,-868.8
EL,SITC7,machinery_transport,2021,balance,-9536.4
ES,SITC7,machinery_transport,2021,balance,-10406.7
FI,SITC7,machinery_transport,2021,balance,-3649.6
FR,SITC7,machinery_transport,2021,balance,-40757.4
HR,SITC7,machinery_transport,2021,balance,-2933.4
HU,SITC7,machinery_transport,2021,balance,8453.4
IE,SITC7,machinery_transport,2021,balance,-14491.6
IT,SITC7,machinery_transport,2021,balance,43979.8
LT,SITC7,machinery_transport,2021,balance,-3568.2
LU,SITC7,machinery_transport,2021,balance,-3235.6
LV,SITC7,machinery_transport,2021,balance,-1992.9
MT,SITC7,machinery_transport,2021,balance,-1640.9
NL,SITC7,machinery_transport,2021,balance,8233.8
PL,SITC7,machinery_transport,2021,balance,6996.4
PT,SITC7,machinery_transport,2021,balance,-6592.2
RO,SITC7,machinery_transport,2021,balance,-1302.6
SE,SITC7,machinery_transport,2021,balance,213.5
SI,SITC7,machinery_transport,2021,balance,2481.8
SK,SITC7,machinery_transport,2021,balance,9625.5
AT,SITC9,unclassified,2021,balance,-1734.4
BE,SITC9,unclassified,2021,balance,2454.6
BG,SITC9,unclassified,2021,balance,-142.6
CY,SITC9,unclassified,2021,balance,-35.0
CZ,SITC9,unclassified,2021,balance,-44.9
DE,SITC9,unclassified,2021,balance,-6683.0
DK,SITC9,unclassified,2021,balance,-597.5
EE,SITC9,unclassified,2021,balance,-117.8
EL,SITC9,unclassified,2021,balance,434.3
ES,SITC9,unclassified,2021,balance,3359.2
FI,SITC9,unclassified,2021,balance,700.0
FR,SITC9,unclassified,2021,balance,8089.3
HR,SITC9,unclassified,2021,balance,30.7
HU,SITC9,unclassified,2021,balance,477.5
IE,SITC9,unclassified,2021,balance,-408.9
IT,SITC9,unclassified,2021,balance,1093.8
LT,SITC9,unclassified,2021,balance,-9.2
LU,SITC9,unclassified,2021,balance,150.3
LV,SITC9,unclassified,2021,balance,12.6
MT,SITC9,unclassified,2021,balance,11.9
NL,SITC9,unclassified,2021,balance,1445.2
PL,SITC9,unclassified,2021,balance,-6515.6
PT,SITC9,unclassified,2021,balance,103.5
RO,SITC9,unclassified,2021,balance,3.7
SE,SITC9,unclassified,2021,balance,648.5
SI,SITC9,unclassified,2021,balance,-183.6
SK,SITC9,unclassified,2021,balance,-123.4
AT,SITC0_1,food_drinks_tobacco,2021,export,13215.6
BE,SITC0_1,food_drinks_tobacco,2021,export,41571.4
BG,SITC0_1,food_drinks_tobacco,2021,export,4416.8
CY,SITC0_1,food_drinks_tobacco,2021,export,452.8
CZ,SITC0_1,food_drinks_tobacco,2021,export,7852.4
DE,SITC0_1,food_drinks_tobacco,2021,export,71376.7
DK,SITC0_1,food_drinks_tobacco,2021,export,17812.1
EE,SITC0_1,food_drinks_tobacco,2021,export,1333.6
EL,SITC0_1,food_drinks_tobacco,2021,export,6811.4
ES,SITC0_1,food_drinks_tobacco,2021,export,53004.9
FI,SITC0_1,food_drinks_tobacco,2021,export,1741.6
FR,SITC0_1,food_drinks_tobacco,2021,export,64028.2
HR,SITC0_1,food_drinks_tobacco,2021,export,2534.4
HU,SITC0_1,food_drinks_tobacco,2021,export,8626.0
IE,SITC0_1,food_drinks_tobacco,2021,export,13818.0
IT,SITC0_1,food_drinks_tobacco,2021,export,47822.8
LT,SITC0_1,food_drinks_tobacco,2021,export,5275.8
LU,SITC0_1,food_drinks_tobacco,2021,export,1273.1
LV,SITC0_1,food_drinks_tobacco,2021,export,3028.8
MT,SITC0_1,food_drinks_tobacco,2021,export,261.5
NL,SITC0_1,food_drinks_tobacco,2021,export,82448.6
PL,SITC0_1,food_drinks_tobacco,2021,export,35506.3
PT,SITC0_1,food_drinks_tobacco,2021,export,7169.8
RO,SITC0_1,food_drinks_tobacco,2021,export,7692.6
SE,SITC0_1,food_drinks_tobacco,2021,export,9805.2
SI,SITC0_1,food_drinks_tobacco,2021,export,2496.9
SK,SITC0_1,food_drinks_tobacco,2021,export,3096.8
AT,SITC2_4,raw_materials,2021,export,6425.6
BE,SITC2_4,raw_materials,2021,export,13898.3
BG,SITC2_4,raw_materials,2021,export,3396.5
CY,SITC2_4,raw_materials,2021,export,110.1
CZ,SITC2_4,raw_materials,2021,export,5577.4
DE,SITC2_4,raw_materials,2021,export,31850.4
DK,SITC2_4,raw_materials,2021,export,4754.9
EE,SITC2_4,raw_materials,2021,export,1776.7
EL,SITC2_4,raw_materials,2021,export,2636.6
ES,SITC2_4,raw_materials,2021,export,14996.1
FI,SITC2_4,raw_materials,2021,export,8333.8
FR,SITC2_4,raw_materials,2021,export,15459.5
HR,SITC2_4,raw_materials,2021,export,1570.8
HU,SITC2_4,raw_materials,2021,export,3228.7
IE,SITC2_4,raw_materials,2021,export,2214.0
IT,SITC2_4,raw_materials,2021,export,10007.2
LT,SITC2_4,raw_materials,2021,export,2496.5
LU,SITC2_4,raw_materials,2021,export,282.3
LV,SITC2_4,raw_materials,2021,export,2851.7
MT,SITC2_4,raw_materials,2021,export,25.8
NL,SITC2_4,raw_materials,2021,export,39374.3
PL,SITC2_4,raw_materials,2021,export,7528.1
PT,SITC2_4,raw_materials,2021,export,4029.6
RO,SITC2_4,raw_materials,2021,export,3843.3
SE,SITC2_4,raw_materials,2021,export,14149.6
SI,SITC2_4,raw_materials,2021,export,1636.1
SK,SITC2_4,raw_materials,2021,export,2080.9
AT,SITC3,mineral_fuels,2021,export,4163.0
BE,SITC3,mineral_fuels,2021,export,43586.1
BG,SITC3,mineral_fuels,2021,export,1938.9
CY,SITC3,mineral_fuels,2021,export,629.6
CZ,SITC3,mineral_fuels,2021,export,4429.7
DE,SITC3,mineral_fuels,2021,export,30646.8
DK,SITC3,mineral_fuels,2021,export,5567.1
EE,SITC3,mineral_fuels,2021,export,3060.7
EL,SITC3,mineral_fuels,2021,export,11264.9
ES,SITC3,mineral_fuels,2021,export,19573.4
FI,SITC3,mineral_fuels,2021,export,5108.5
FR,SITC3,mineral_fuels,2021,export,16823.1
HR,SITC3,mineral_fuels,2021,export,2198.0
HU,SITC3,mineral_fuels,2021,export,4664.4
IE,SITC3,mineral_fuels,2021,export,1018.9
IT,SITC3,mineral_fuels,2021,export,16558.2
LT,SITC3,mineral_fuels,2021,export,3486.2
LU,SITC3,mineral_fuels,2021,export,22.6
LV,SITC3,mineral_fuels,2021,export,1156.0
MT,SITC3,mineral_fuels,2021,export,189.5
NL,SITC3,mineral_fuels,2021,export,88168.0
PL,SITC3,mineral_fuels,2021,export,6095.6
PT,SITC3,mineral_fuels,2021,export,3701.8
RO,SITC3,mineral_fuels,2021,export,2615.6
SE,SITC3,mineral_fuels,2021,export,11787.5
SI,SITC3,mineral_fuels,2021,export,2414.2
SK,SITC3,mineral_fuels,2021,export,2838.0
AT,SITC5,chemicals,2021,export,25728.6
BE,SITC5,chemicals,2021,export,164527.2
BG,SITC5,chemicals,2021,export,4093.6
CY,SITC5,chemicals,2021,export,564.4
CZ,SITC5,chemicals,2021,export,14255.1
DE,SITC5,chemicals,2021,export,256945.0
DK,SITC5,chemicals,2021,export,26351.3
EE,SITC5,chemicals,2021,export,1161.0
EL,SITC5,chemicals,2021,export,5667.7
ES,SITC5,chemicals,2021,export,52075.6
FI,SITC5,chemicals,2021,export,7640.8
FR,SITC5,chemicals,2021,export,104010.5
HR,SITC5,chemicals,2021,export,2305.5
HU,SITC5,chemicals,2021,export,15930.3
IE,SITC5,chemicals,2021,export,98770.5
IT,SITC5,chemicals,2021,export,75710.8
LT,SITC5,chemicals,2021,export,6772.3
LU,SITC5,chemicals,2021,export,1792.8
LV,SITC5,chemicals,2021,export,1842.7
MT,SITC5,chemicals,2021,export,552.2
NL,SITC5,chemicals,2021,export,128361.7
PL,SITC5,chemicals,2021,export,28127.3
PT,SITC5,chemicals,2021,export,6463.9
RO,SITC5,chemicals,2021,export,3837.5
SE,SITC5,chemicals,2021,export,21927.0
SI,SITC5,chemicals,2021,export,11214.2
SK,SITC5,chemicals,2021,export,4001.2
AT,SITC6_8,other_manufactured,2021,export,54822.2
BE,SITC6_8,other_manufactured,2021,export,109899.8
BG,SITC6_8,other_manufactured,2021,export,12858.6
CY,SITC6_8,other_manufactured,2021,export,144.7
CZ,SITC6_8,other_manufactured,2021,export,51837.8
DE,SITC6_8,other_manufactured,2021,export,332645.1
DK,SITC6_8,other_manufactured,2021,export,24726.0
EE,SITC6_8,other_manufactured,2021,export,5284.5
EL,SITC6_8,other_manufactured,2021,export,9171.4
ES,SITC6_8,other_manufactured,2021,export,85571.0
FI,SITC6_8,other_manufactured,2021,export,23673.0
FR,SITC6_8,other_manufactured,2021,export,118545.6
HR,SITC6_8,other_manufactured,2021,export,5636.8
HU,SITC6_8,other_manufactured,2021,export,22299.8
IE,SITC6_8,other_manufactured,2021,export,20106.3
IT,SITC6_8,other_manufactured,2021,export,186202.2
LT,SITC6_8,other_manufactured,2021,export,9707.8
LU,SITC6_8,other_manufactured,2021,export,6590.4
LV,SITC6_8,other_manufactured,2021,export,5119.2
MT,SITC6_8,other_manufactured,2021,export,707.8
NL,SITC6_8,other_manufactured,2021,export,144401.8
PL,SITC6_8,other_manufactured,2021,export,103710.7
PT,SITC6_8,other_manufactured,2021,export,24630.5
RO,SITC6_8,other_manufactured,2021,export,22728.6
SE,SITC6_8,other_manufactured,2021,export,41294.1
SI,SITC6_8,other_manufactured,2021,export,13277.5
SK,SITC6_8,other_manufactured,2021,export,22828.9
AT,SITC7,machinery_transport,2021,export,64343.8
BE,SITC7,machinery_transport,2021,export,89501.0
BG,SITC7,machinery_transport,2021,export,7965.3
CY,SITC7,machinery_transport,2021,export,1410.8
CZ,SITC7,machinery_transport,2021,export,106621.2
DE,SITC7,machinery_transport,2021,export,636959.2
DK,SITC7,machinery_transport,2021,export,26710.8
EE,SITC7,machinery_transport,2021,export,5354.0
EL,SITC7,machinery_transport,2021,export,3878.3
ES,SITC7,machinery_transport,2021,export,90987.5
FI,SITC7,machinery_transport,2021,export,22087.2
FR,SITC7,machinery_transport,2021,export,163949.3
HR,SITC7,machinery_transport,2021,export,4184.9
HU,SITC7,machinery_transport,2021,export,64114.6
IE,SITC7,machinery_transport,2021,export,24818.2
IT,SITC7,machinery_transport,2021,export,174620.8
LT,SITC7,machinery_transport,2021,export,6710.8
LU,SITC7,machinery_transport,2021,export,4002.9
LV,SITC7,machinery_transport,2021,export,3621.4
MT,SITC7,machinery_transport,2021,export,840.4
NL,SITC7,machinery_transport,2021,export,226287.2
PL,SITC7,machinery_transport,2021,export,106884.6
PT,SITC7,machinery_transport,2021,export,17468.1
RO,SITC7,machinery_transport,2021,export,33194.4
SE,SITC7,machinery_transport,2021,export,60600.3
SI,SITC7,machinery_transport,2021,export,17471.0
SK,SITC7,machinery_transport,2021,export,52926.8
AT,SITC9,unclassified,2021,export,2842.4
BE,SITC9,unclassified,2021,export,3883.9
BG,SITC9,unclassified,2021,export,152.6
CY,SITC9,unclassified,2021,export,55.3
CZ,SITC9,unclassified,2021,export,997.4
DE,SITC9,unclassified,2021,export,15772.2
DK,SITC9,unclassified,2021,export,611.0
EE,SITC9,unclassified,2021,export,282.4
EL,SITC9,unclassified,2021,export,541.2
ES,SITC9,unclassified,2021,export,5226.3
FI,SITC9,unclassified,2021,export,886.4
FR,SITC9,unclassified,2021,export,12132.6
HR,SITC9,unclassified,2021,export,90.6
HU,SITC9,unclassified,2021,export,1048.3
IE,SITC9,unclassified,2021,export,458.9
IT,SITC9,unclassified,2021,export,9849.0
LT,SITC9,unclassified,2021,export,25.5
LU,SITC9,unclassified,2021,export,244.4
LV,SITC9,unclassified,2021,export,30.7
MT,SITC9,unclassified,2021,export,15.8
NL,SITC9,unclassified,2021,export,2028.3
PL,SITC9,unclassified,2021,export,328.1
PT,SITC9,unclassified,2021,export,154.9
RO,SITC9,unclassified,2021,export,11.0
SE,SITC9,unclassified,2021,export,773.4
SI,SITC9,unclassified,2021,export,34.5
SK,SITC9,unclassified,2021,export,95.4
AT,SITC0_1,food_drinks_tobacco,2021,import,12428.8
BE,SITC0_1,food_drinks_tobacco,2021,import,33885.6
BG,SITC0_1,food_drinks_tobacco,2021,import,3609.0
CY,SITC0_1,food_drinks_tobacco,2021,import,1267.0
CZ,SITC0_1,food_drinks_tobacco,2021,import,9282.3
DE,SITC0_1,food_drinks_tobacco,2021,import,84940.4
DK,SITC0_1,food_drinks_tobacco,2021,import,12666.7
EE,SITC0_1,food_drinks_tobacco,2021,import,1658.4
EL,SITC0_1,food_drinks_tobacco,2021,import,7173.7
ES,SITC0_1,food_drinks_tobacco,2021,import,34638.5
FI,SITC0_1,food_drinks_tobacco,2021,import,4746.6
FR,SITC0_1,food_drinks_tobacco,2021,import,55230.7
HR,SITC0_1,food_drinks_tobacco,2021,import,3484.6
HU,SITC0_1,food_drinks_tobacco,2021,import,6191.9
IE,SITC0_1,food_drinks_tobacco,2021,import,8522.8
IT,SITC0_1,food_drinks_tobacco,2021,import,39903.1
LT,SITC0_1,food_drinks_tobacco,2021,import,3958.1
LU,SITC0_1,food_drinks_tobacco,2021,import,2628.5
LV,SITC0_1,food_drinks_tobacco,2021,import,2993.4
MT,SITC0_1,food_drinks_tobacco,2021,import,692.3
NL,SITC0_1,food_drinks_tobacco,2021,import,55544.7
PL,SITC0_1,food_drinks_tobacco,2021,import,21543.0
PT,SITC0_1,food_drinks_tobacco,2021,import,10106.5
RO,SITC0_1,food_drinks_tobacco,2021,import,8965.8
SE,SITC0_1,food_drinks_tobacco,2021,import,15180.0
SI,SITC0_1,food_drinks_tobacco,2021,import,3149.6
SK,SITC0_1,food_drinks_tobacco,2021,import,4951.2
AT,SITC2_4,raw_materials,2021,import,9141.4
BE,SITC2_4,raw_materials,2021,import,24673.0
BG,SITC2_4,raw_materials,2021,import,3769.9
CY,SITC2_4,raw_materials,2021,import,117.4
CZ,SITC2_4,raw_materials,2021,import,4376.5
DE,SITC2_4,raw_materials,2021,import,55814.8
DK,SITC2_4,raw_materials,2021,import,4035.4
EE,SITC2_4,raw_materials,2021,import,1089.2
EL,SITC2_4,raw_materials,2021,import,2229.0
ES,SITC2_4,raw_materials,2021,import,20118.3
FI,SITC2_4,raw_materials,2021,import,6538.3
FR,SITC2_4,raw_materials,2021,import,17120.1
HR,SITC2_4,raw_materials,2021,import,771.9
HU,SITC2_4,raw_materials,2021,import,2858.2
IE,SITC2_4,raw_materials,2021,import,1475.0
IT,SITC2_4,raw_materials,2021,import,25204.3
LT,SITC2_4,raw_materials,2021,import,2135.0
LU,SITC2_4,raw_materials,2021,import,1774.2
LV,SITC2_4,raw_materials,2021,import,1313.2
MT,SITC2_4,raw_materials,2021,import,47.6
NL,SITC2_4,raw_materials,2021,import,32552.0
PL,SITC2_4,raw_materials,2021,import,10051.6
PT,SITC2_4,raw_materials,2021,import,3961.2
RO,SITC2_4,raw_materials,2021,import,3248.8
SE,SITC2_4,raw_materials,2021,import,5618.8
SI,SITC2_4,raw_materials,2021,import,1930.4
SK,SITC2_4,raw_materials,2021,import,2960.5
AT,SITC3,mineral_fuels,2021,import,13934.5
BE,SITC3,mineral_fuels,2021,import,58715.6
BG,SITC3,mineral_fuels,2021,import,4385.2
CY,SITC3,mineral_fuels,2021,import,1693.2
CZ,SITC3,mineral_fuels,2021,import,10366.6
DE,SITC3,mineral_fuels,2021,import,99141.3
DK,SITC3,mineral_fuels,2021,import,7174.6
EE,SITC3,mineral_fuels,2021,import,3142.6
EL,SITC3,mineral_fuels,2021,import,16934.5
ES,SITC3,mineral_fuels,2021,import,46419.0
FI,SITC3,mineral_fuels,2021,import,9894.5
FR,SITC3,mineral_fuels,2021,import,61300.5
HR,SITC3,mineral_fuels,2021,import,4400.3
HU,SITC3,mineral_fuels,2021,import,11477.1
IE,SITC3,mineral_fuels,2021,import,6188.6
IT,SITC3,mineral_fuels,2021,import,63922.3
LT,SITC3,mineral_fuels,2021,import,6178.5
LU,SITC3,mineral_fuels,2021,import,2045.0
LV,SITC3,mineral_fuels,2021,import,1999.2
MT,SITC3,mineral_fuels,2021,import,1091.4
NL,SITC3,mineral_fuels,2021,import,98661.4
PL,SITC3,mineral_fuels,2021,import,17712.9
PT,SITC3,mineral_fuels,2021,import,9501.4
RO,SITC3,mineral_fuels,2021,import,7416.9
SE,SITC3,mineral_fuels,2021,import,15385.9
SI,SITC3,mineral_fuels,2021,import,3865.1
SK,SITC3,mineral_fuels,2021,import,6370.4
AT,SITC5,chemicals,2021,import,26680.8
BE,SITC5,chemicals,2021,import,131924.9
BG,SITC5,chemicals,2021,import,6070.4
CY,SITC5,chemicals,2021,import,999.3
CZ,SITC5,chemicals,2021,import,22175.2
DE,SITC5,chemicals,2021,import,180157.6
DK,SITC5,chemicals,2021,import,14027.9
EE,SITC5,chemicals,2021,import,2399.1
EL,SITC5,chemicals,2021,import,10968.8
ES,SITC5,chemicals,2021,import,61803.1
FI,SITC5,chemicals,2021,import,8359.0
FR,SITC5,chemicals,2021,import,88842.2
HR,SITC5,chemicals,2021,import,4406.3
HU,SITC5,chemicals,2021,import,16756.0
IE,SITC5,chemicals,2021,import,26090.6
IT,SITC5,chemicals,2021,import,80137.9
LT,SITC5,chemicals,2021,import,6179.3
LU,SITC5,chemicals,2021,import,2936.7
LV,SITC5,chemicals,2021,import,2806.5
MT,SITC5,chemicals,2021,import,693.3
NL,SITC5,chemicals,2021,import,91269.9
PL,SITC5,chemicals,2021,import,42599.7
PT,SITC5,chemicals,2021,import,13414.8
RO,SITC5,chemicals,2021,import,14759.5
SE,SITC5,chemicals,2021,import,18585.8
SI,SITC5,chemicals,2021,import,12376.9
SK,SITC5,chemicals,2021,import,7838.0
AT,SITC6_8,other_manufactured,2021,import,55520.1
BE,SITC6_8,other_manufactured,2021,import,95168.2
BG,SITC6_8,other_manufactured,2021,import,10067.3
CY,SITC6_8,other_manufactured,2021,import,1909.3
CZ,SITC6_8,other_manufactured,2021,import,48996.9
DE,SITC6_8,other_manufactured,2021,import,316837.6
DK,SITC6_8,other_manufactured,2021,import,30154.1
EE,SITC6_8,other_manufactured,2021,import,5077.8
EL,SITC6_8,other_manufactured,2021,import,14539.3
ES,SITC6_8,other_manufactured,2021,import,89201.8
FI,SITC6_8,other_manufactured,2021,import,17406.1
FR,SITC6_8,other_manufactured,2021,import,174011.1
HR,SITC6_8,other_manufactured,2021,import,8989.0
HU,SITC6_8,other_manufactured,2021,import,27410.2
IE,SITC6_8,other_manufactured,2021,import,19470.9
IT,SITC6_8,other_manufactured,2021,import,131873.7
LT,SITC6_8,other_manufactured,2021,import,8926.0
LU,SITC6_8,other_manufactured,2021,import,5429.7
LV,SITC6_8,other_manufactured,2021,import,5374.0
MT,SITC6_8,other_manufactured,2021,import,1028.0
NL,SITC6_8,other_manufactured,2021,import,144812.3
PL,SITC6_8,other_manufactured,2021,import,90985.2
PT,SITC6_8,other_manufactured,2021,import,22050.2
RO,SITC6_8,other_manufactured,2021,import,29439.5
SE,SITC6_8,other_manufactured,2021,import,43086.8
SI,SITC6_8,other_manufactured,2021,import,12251.9
SK,SITC6_8,other_manufactured,2021,import,22264.4
AT,SITC7,machinery_transport,2021,import,63449.8
BE,SITC7,machinery_transport,2021,import,100266.9
BG,SITC7,machinery_transport,2021,import,10931.2
CY,SITC7,machinery_transport,2021,import,2721.4
CZ,SITC7,machinery_transport,2021,import,83090.2
DE,SITC7,machinery_transport,2021,import,435028.8
DK,SITC7,machinery_transport,2021,import,32544.1
EE,SITC7,machinery_transport,2021,import,6222.8
EL,SITC7,machinery_transport,2021,import,13414.7
ES,SITC7,machinery_transport,2021,import,101394.2
FI,SITC7,machinery_transport,2021,import,25736.8
FR,SITC7,machinery_transport,2021,import,204706.7
HR,SITC7,machinery_transport,2021,import,7118.3
HU,SITC7,machinery_transport,2021,import,55661.3
IE,SITC7,machinery_transport,2021,import,39309.8
IT,SITC7,machinery_transport,2021,import,130641.0
LT,SITC7,machinery_transport,2021,import,10279.0
LU,SITC7,machinery_transport,2021,import,7238.5
LV,SITC7,machinery_transport,2021,import,5614.4
MT,SITC7,machinery_transport,2021,import,2481.3
NL,SITC7,machinery_transport,2021,import,218053.4
PL,SITC7,machinery_transport,2021,import,99888.2
PT,SITC7,machinery_transport,2021,import,24060.3
RO,SITC7,machinery_transport,2021,import,34497.0
SE,SITC7,machinery_transport,2021,import,60386.8
SI,SITC7,machinery_transport,2021,import,14989.2
SK,SITC7,machinery_transport,2021,import,43301.3
AT,SITC9,unclassified,2021,import,4576.9
BE,SITC9,unclassified,2021,import,1429.3
BG,SITC9,unclassified,2021,import,295.2
CY,SITC9,unclassified,2021,import,90.3
CZ,SITC9,unclassified,2021,import,1042.2
DE,SITC9,unclassified,2021,import,22455.1
DK,SITC9,unclassified,2021,import,1208.5
EE,SITC9,unclassified,2021,import,400.1
EL,SITC9,unclassified,2021,import,106.9
ES,SITC9,unclassified,2021,import,1867.1
FI,SITC9,unclassified,2021,import,186.4
FR,SITC9,unclassified,2021,import,4043.3
HR,SITC9,unclassified,2021,import,59.9
HU,SITC9,unclassified,2021,import,570.8
IE,SITC9,unclassified,2021,import,867.9
IT,SITC9,unclassified,2021,import,8755.2
LT,SITC9,unclassified,2021,import,34.7
LU,SITC9,unclassified,2021,import,94.0
LV,SITC9,unclassified,2021,import,18.1
MT,SITC9,unclassified,2021,import,3.9
NL,SITC9,unclassified,2021,import,583.0
PL,SITC9,unclassified,2021,import,6843.7
PT,SITC9,unclassified,2021,import,51.4
RO,SITC9,unclassified,2021,import,7.4
SE,SITC9,unclassified,2021,import,124.9
SI,SITC9,unclassified,2021,import,218.1
SK,SITC9,unclassified,2021,import,218.9
AT,SITC0_1,food_drinks_tobacco,2022,balance,819.4
BE,SITC0_1,food_drinks_tobacco,2022,balance,8583.3
BG,SITC0_1,food_drinks_tobacco,2022,balance,842.0
CY,SITC0_1,food_drinks_tobacco,2022,balance,-1108.1
CZ,SITC0_1,food_drinks_tobacco,2022,balance,-1501.5
DE,SITC0_1,food_drinks_tobacco,2022,balance,-13850.6
DK,SITC0_1,food_drinks_tobacco,2022,balance,5016.3
EE,SITC0_1,food_drinks_tobacco,2022,balance,-282.4
EL,SITC0_1,food_drinks_tobacco,2022,balance,-1037.2
ES,SITC0_1,food_drinks_tobacco,2022,balance,14332.7
FI,SITC0_1,food_drinks_tobacco,2022,balance,-3725.3
FR,SITC0_1,food_drinks_tobacco,2022,balance,11253.0
HR,SITC0_1,food_drinks_tobacco,2022,balance,-1363.9
HU,SITC0_1,food_drinks_tobacco,2022,balance,2462.0
IE,SITC0_1,food_drinks_tobacco,2022,balance,5995.5
IT,SITC0_1,food_drinks_tobacco,2022,balance,4798.0
LT,SITC0_1,food_drinks_tobacco,2022,balance,1657.2
LU,SITC0_1,food_drinks_tobacco,2022,balance,-1410.3
LV,SITC0_1,food_drinks_tobacco,2022,balance,256.6
MT,SITC0_1,food_drinks_tobacco,2022,balance,-529.2
NL,SITC0_1,food_drinks_tobacco,2022,balance,31105.4
PL,SITC0_1,food_drinks_tobacco,2022,balance,17700.7
PT,SITC0_1,food_drinks_tobacco,2022,balance,-4630.2
RO,SITC0_1,food_drinks_tobacco,2022,balance,-1869.0
SE,SITC0_1,food_drinks_tobacco,2022,balance,-6550.2
SI,SITC0_1,food_drinks_tobacco,2022,balance,-871.0
SK,SITC0_1,food_drinks_tobacco,2022,balance,-1992.7
AT,SITC2_4,raw_materials,2022,balance,-2949.4
BE,SITC2_4,raw_materials,2022,balance,-11259.4
BG,SITC2_4,raw_materials,2022,balance,-1312.6
CY,SITC2_4,raw_materials,2022,balance,-4.5
CZ,SITC2_4,raw_materials,2022,balance,1076.6
DE,SITC2_4,raw_materials,2022,balance,-26842.9
DK,SITC2_4,raw_materials,2022,balance,227.9
EE,SITC2_4,raw_materials,2022,balance,905.9
EL,SITC2_4,raw_materials,2022,balance,86.9
ES,SITC2_4,raw_materials,2022,balance,-5825.4
FI,SITC2_4,raw_materials,2022,balance,1540.7
FR,SITC2_4,raw_materials,2022,balance,-2088.4
HR,SITC2_4,raw_materials,2022,balance,895.8
HU,SITC2_4,raw_materials,2022,balance,231.8
IE,SITC2_4,raw_materials,2022,balance,604.5
IT,SITC2_4,raw_materials,2022,balance,-19164.9
LT,SITC2_4,raw_materials,2022,balance,648.1
LU,SITC2_4,raw_materials,2022,balance,-1610.6
LV,SITC2_4,raw_materials,2022,balance,1854.0
MT,SITC2_4,raw_materials,2022,balance,-27.3
NL,SITC2_4,raw_materials,2022,balance,6407.0
PL,SITC2_4,raw_materials,2022,balance,-4284.4
PT,SITC2_4,raw_materials,2022,balance,-168.3
RO,SITC2_4,raw_materials,2022,balance,553.4
SE,SITC2_4,raw_materials,2022,balance,7893.6
SI,SITC2_4,raw_materials,2022,balance,-418.5
SK,SITC2_4,raw_materials,2022,balance,-683.7
AT,SITC3,mineral_fuels,2022,balance,-19534.6
BE,SITC3,mineral_fuels,2022,balance,-23085.0
BG,SITC3,mineral_fuels,2022,balance,-3788.1
CY,SITC3,mineral_fuels,2022,balance,-1839.5
CZ,SITC3,mineral_fuels,2022,balance,-12941.4
DE,SITC3,mineral_fuels,2022,balance,-133238.7
DK,SITC3,mineral_fuels,2022,balance,-3704.7
EE,SITC3,mineral_fuels,2022,balance,-831.4
EL,SITC3,mineral_fuels,2022,balance,-12535.2
ES,SITC3,mineral_fuels,2022,balance,-51917.5
FI,SITC3,mineral_fuels,2022,balance,-9598.4
FR,SITC3,mineral_fuels,2022,balance,-115625.8
HR,SITC3,mineral_fuels,2022,balance,-6147.4
HU,SITC3,mineral_fuels,2022,balance,-16842.4
IE,SITC3,mineral_fuels,2022,balance,-10893.3
IT,SITC3,mineral_fuels,2022,balance,-107874.9
LT,SITC3,mineral_fuels,2022,balance,-7094.0
LU,SITC3,mineral_fuels,2022,balance,-3959.2
LV,SITC3,mineral_fuels,2022,balance,-2812.1
MT,SITC3,mineral_fuels,2022,balance,-1390.8
NL,SITC3,mineral_fuels,2022,balance,-10444.7
PL,SITC3,mineral_fuels,2022,balance,-22355.3
PT,SITC3,mineral_fuels,2022,balance,-11564.5
RO,SITC3,mineral_fuels,2022,balance,-7983.6
SE,SITC3,mineral_fuels,2022,balance,-6740.7
SI,SITC3,mineral_fuels,2022,balance,-2170.1
SK,SITC3,mineral_fuels,2022,balance,-7242.5
AT,SITC5,chemicals,2022,balance,-598.1
BE,SITC5,chemicals,2022,balance,41221.2
BG,SITC5,chemicals,2022,balance,-2190.4
CY,SITC5,chemicals,2022,balance,-604.6
CZ,SITC5,chemicals,2022,balance,-9293.9
DE,SITC5,chemicals,2022,balance,67912.5
DK,SITC5,chemicals,2022,balance,14781.6
EE,SITC5,chemicals,2022,balance,-1506.9
EL,SITC5,chemicals,2022,balance,-6326.1
ES,SITC5,chemicals,2022,balance,-1335.6
FI,SITC5,chemicals,2022,balance,-1015.5
FR,SITC5,chemicals,2022,balance,10956.7
HR,SITC5,chemicals,2022,balance,-2682.9
HU,SITC5,chemicals,2022,balance,-3278.4
IE,SITC5,chemicals,2022,balance,91369.7
IT,SITC5,chemicals,2022,balance,-4753.0
LT,SITC5,chemicals,2022,balance,-239.8
LU,SITC5,chemicals,2022,balance,-1362.4
LV,SITC5,chemicals,2022,balance,-1254.3
MT,SITC5,chemicals,2022,balance,-298.2
NL,SITC5,chemicals,2022,balance,37971.2
PL,SITC5,chemicals,2022,balance,-17995.2
PT,SITC5,chemicals,2022,balance,-7832.9
RO,SITC5,chemicals,2022,balance,-13699.7
SE,SITC5,chemicals,2022,balance,3836.1
SI,SITC5,chemicals,2022,balance,83.8
SK,SITC5,chemicals,2022,balance,-4138.0
AT,SITC6_8,other_manufactured,2022,balance,739.3
BE,SITC6_8,other_manufactured,2022,balance,12478.0
BG,SITC6_8,other_manufactured,2022,balance,2244.5
CY,SITC6_8,other_manufactured,2022,balance,-2288.3
CZ,SITC6_8,other_manufactured,2022,balance,1609.6
DE,SITC6_8,other_manufactured,2022,balance,2014.2
DK,SITC6_8,other_manufactured,2022,balance,-7461.8
EE,SITC6_8,other_manufactured,2022,balance,-102.1
EL,SITC6_8,other_manufactured,2022,balance,-7288.0
ES,SITC6_8,other_manufactured,2022,balance,-11640.4
FI,SITC6_8,other_manufactured,2022,balance,5586.9
FR,SITC6_8,other_manufactured,2022,balance,-64934.1
HR,SITC6_8,other_manufactured,2022,balance,-4412.6
HU,SITC6_8,other_manufactured,2022,balance,-7520.4
IE,SITC6_8,other_manufactured,2022,balance,-10.9
IT,SITC6_8,other_manufactured,2022,balance,51201.8
LT,SITC6_8,other_manufactured,2022,balance,1013.9
LU,SITC6_8,other_manufactured,2022,balance,1582.8
LV,SITC6_8,other_manufactured,2022,balance,-252.9
MT,SITC6_8,other_manufactured,2022,balance,-551.3
NL,SITC6_8,other_manufactured,2022,balance,-7951.0
PL,SITC6_8,other_manufactured,2022,balance,11874.7
PT,SITC6_8,other_manufactured,2022,balance,1824.6
RO,SITC6_8,other_manufactured,2022,balance,-8150.1
SE,SITC6_8,other_manufactured,2022,balance,-3563.5
SI,SITC6_8,other_manufactured,2022,balance,1349.2
SK,SITC6_8,other_manufactured,2022,balance,-789.2
AT,SITC7,machinery_transport,2022,balance,3628.6
BE,SITC7,machinery_transport,2022,balance,-18098.6
BG,SITC7,machinery_transport,2022,balance,-4832.7
CY,SITC7,machinery_transport,2022,balance,-1493.3
CZ,SITC7,machinery_transport,2022,balance,26253.6
DE,SITC7,machinery_transport,2022,balance,197388.6
DK,SITC7,machinery_transport,2022,balance,-6799.9
EE,SITC7,machinery_transport,2022,balance,-1814.7
EL,SITC7,machinery_transport,2022,balance,-11814.9
ES,SITC7,machinery_transport,2022,balance,-19831.9
FI,SITC7,machinery_transport,2022,balance,-4330.0
FR,SITC7,machinery_transport,2022,balance,-38613.5
HR,SITC7,machinery_transport,2022,balance,-4364.2
HU,SITC7,machinery_transport,2022,balance,17157.9
IE,SITC7,machinery_transport,2022,balance,-23731.2
IT,SITC7,machinery_transport,2022,balance,40569.2
LT,SITC7,machinery_transport,2022,balance,-4198.4
LU,SITC7,machinery_transport,2022,balance,-2505.7
LV,SITC7,machinery_transport,2022,balance,-2466.4
MT,SITC7,machinery_transport,2022,balance,-2262.5
NL,SITC7,machinery_transport,2022,balance,4324.3
PL,SITC7,machinery_transport,2022,balance,11133.7
PT,SITC7,machinery_transport,2022,balance,-8905.8
RO,SITC7,machinery_transport,2022,balance,-3033.7
SE,SITC7,machinery_transport,2022,balance,-924.8
SI,SITC7,machinery_transport,2022,balance,2411.0
SK,SITC7,machinery_transport,2022,balance,11059.7
AT,SITC9,unclassified,2022,balance,-2698.5
BE,SITC9,unclassified,2022,balance,2639.6
BG,SITC9,unclassified,2022,balance,1370.5
CY,SITC9,unclassified,2022,balance,15.9
CZ,SITC9,unclassified,2022,balance,-145.2
DE,SITC9,unclassified,2022,balance,-5763.2
DK,SITC9,unclassified,2022,balance,-2.6
EE,SITC9,unclassified,2022,balance,-82.9
EL,SITC9,unclassified,2022,balance,124.0
ES,SITC9,unclassified,2022,balance,1264.7
FI,SITC9,unclassified,2022,balance,956.8
FR,SITC9,unclassified,2022,balance,5908.4
HR,SITC9,unclassified,2022,balance,-141.0
HU,SITC9,unclassified,2022,balance,-148.8
IE,SITC9,unclassified,2022,balance,-78.6
IT,SITC9,unclassified,2022,balance,1183.2
LT,SITC9,unclassified,2022,balance,-16.7
LU,SITC9,unclassified,2022,balance,111.3
LV,SITC9,unclassified,2022,balance,163.5
MT,SITC9,unclassified,2022,balance,28.2
NL,SITC9,unclassified,2022,balance,2208.1
PL,SITC9,unclassified,2022,balance,-15721.3
PT,SITC9,unclassified,2022,balance,118.3
RO,SITC9,unclassified,2022,balance,78.6
SE,SITC9,unclassified,2022,balance,820.5
SI,SITC9,unclassified,2022,balance,-329.4
SK,SITC9,unclassified,2022,balance,-63.2
AT,SITC0_1,food_drinks_tobacco,2022,export,15321.9
BE,SITC0_1,food_drinks_tobacco,2022,export,48642.3
BG,SITC0_1,food_drinks_tobacco,2022,export,5440.9
CY,SITC0_1,food_drinks_tobacco,2022,export,501.1
CZ,SITC0_1,food_drinks_tobacco,2022,export,9834.9
DE,SITC0_1,food_drinks_tobacco,2022,export,85048.4
DK,SITC0_1,food_drinks_tobacco,2022,export,20322.0
EE,SITC0_1,food_drinks_tobacco,2022,export,1798.5
EL,SITC0_1,food_drinks_tobacco,2022,export,8138.5
ES,SITC0_1,food_drinks_tobacco,2022,export,59180.3
FI,SITC0_1,food_drinks_tobacco,2022,export,2213.2
FR,SITC0_1,food_drinks_tobacco,2022,export,76193.5
HR,SITC0_1,food_drinks_tobacco,2022,export,3184.8
HU,SITC0_1,food_drinks_tobacco,2022,export,10219.2
IE,SITC0_1,food_drinks_tobacco,2022,export,16720.2
IT,SITC0_1,food_drinks_tobacco,2022,export,54719.1
LT,SITC0_1,food_drinks_tobacco,2022,export,6753.7
LU,SITC0_1,food_drinks_tobacco,2022,export,1534.0
LV,SITC0_1,food_drinks_tobacco,2022,export,4242.0
MT,SITC0_1,food_drinks_tobacco,2022,export,388.5
NL,SITC0_1,food_drinks_tobacco,2022,export,97903.0
PL,SITC0_1,food_drinks_tobacco,2022,export,44342.5
PT,SITC0_1,food_drinks_tobacco,2022,export,8336.0
RO,SITC0_1,food_drinks_tobacco,2022,export,9271.3
SE,SITC0_1,food_drinks_tobacco,2022,export,11680.7
SI,SITC0_1,food_drinks_tobacco,2022,export,3057.6
SK,SITC0_1,food_drinks_tobacco,2022,export,4117.3
AT,SITC2_4,raw_materials,2022,export,6993.8
BE,SITC2_4,raw_materials,2022,export,16699.1
BG,SITC2_4,raw_materials,2022,export,4480.4
CY,SITC2_4,raw_materials,2022,export,136.2
CZ,SITC2_4,raw_materials,2022,export,6258.3
DE,SITC2_4,raw_materials,2022,export,35332.1
DK,SITC2_4,raw_materials,2022,export,4890.7
EE,SITC2_4,raw_materials,2022,export,2038.7
EL,SITC2_4,raw_materials,2022,export,3033.4
ES,SITC2_4,raw_materials,2022,export,17972.2
FI,SITC2_4,raw_materials,2022,export,9268.7
FR,SITC2_4,raw_materials,2022,export,18068.8
HR,SITC2_4,raw_materials,2022,export,1945.8
HU,SITC2_4,raw_materials,2022,export,3965.9
IE,SITC2_4,raw_materials,2022,export,2402.2
IT,SITC2_4,raw_materials,2022,export,11807.3
LT,SITC2_4,raw_materials,2022,export,2954.5
LU,SITC2_4,raw_materials,2022,export,278.8
LV,SITC2_4,raw_materials,2022,export,3381.1
MT,SITC2_4,raw_materials,2022,export,32.6
NL,SITC2_4,raw_materials,2022,export,43325.3
PL,SITC2_4,raw_materials,2022,export,8950.6
PT,SITC2_4,raw_materials,2022,export,4814.9
RO,SITC2_4,raw_materials,2022,export,4799.1
SE,SITC2_4,raw_materials,2022,export,14600.2
SI,SITC2_4,raw_materials,2022,export,2046.6
SK,SITC2_4,raw_materials,2022,export,2582.3
AT,SITC3,mineral_fuels,2022,export,7622.6
BE,SITC3,mineral_fuels,2022,export,108009.8
BG,SITC3,mineral_fuels,2022,export,5454.6
CY,SITC3,mineral_fuels,2022,export,1001.7
CZ,SITC3,mineral_fuels,2022,export,8338.4
DE,SITC3,mineral_fuels,2022,export,63020.1
DK,SITC3,mineral_fuels,2022,export,10677.0
EE,SITC3,mineral_fuels,2022,export,4393.7
EL,SITC3,mineral_fuels,2022,export,20996.9
ES,SITC3,mineral_fuels,2022,export,38560.1
FI,SITC3,mineral_fuels,2022,export,8744.8
FR,SITC3,mineral_fuels,2022,export,33697.5
HR,SITC3,mineral_fuels,2022,export,4774.1
HU,SITC3,mineral_fuels,2022,export,8281.8
IE,SITC3,mineral_fuels,2022,export,2103.1
IT,SITC3,mineral_fuels,2022,export,32834.4
LT,SITC3,mineral_fuels,2022,export,7630.5
LU,SITC3,mineral_fuels,2022,export,35.6
LV,SITC3,mineral_fuels,2022,export,2719.3
MT,SITC3,mineral_fuels,2022,export,152.3
NL,SITC3,mineral_fuels,2022,export,180376.1
PL,SITC3,mineral_fuels,2022,export,13364.8
PT,SITC3,mineral_fuels,2022,export,6699.9
RO,SITC3,mineral_fuels,2022,export,7417.4
SE,SITC3,mineral_fuels,2022,export,20415.0
SI,SITC3,mineral_fuels,2022,export,5859.5
SK,SITC3,mineral_fuels,2022,export,5335.5
AT,SITC5,chemicals,2022,export,29316.7
BE,SITC5,chemicals,2022,export,198314.8
BG,SITC5,chemicals,2022,export,5614.8
CY,SITC5,chemicals,2022,export,585.0
CZ,SITC5,chemicals,2022,export,16736.7
DE,SITC5,chemicals,2022,export,305981.2
DK,SITC5,chemicals,2022,export,30407.2
EE,SITC5,chemicals,2022,export,1356.7
EL,SITC5,chemicals,2022,export,6105.2
ES,SITC5,chemicals,2022,export,71582.7
FI,SITC5,chemicals,2022,export,9193.6
FR,SITC5,chemicals,2022,export,118690.4
HR,SITC5,chemicals,2022,export,2568.3
HU,SITC5,chemicals,2022,export,18239.8
IE,SITC5,chemicals,2022,export,129684.9
IT,SITC5,chemicals,2022,export,98266.8
LT,SITC5,chemicals,2022,export,7481.1
LU,SITC5,chemicals,2022,export,2107.8
LV,SITC5,chemicals,2022,export,2255.2
MT,SITC5,chemicals,2022,export,505.1
NL,SITC5,chemicals,2022,export,155474.8
PL,SITC5,chemicals,2022,export,33958.3
PT,SITC5,chemicals,2022,export,8168.1
RO,SITC5,chemicals,2022,export,4477.2
SE,SITC5,chemicals,2022,export,26838.6
SI,SITC5,chemicals,2022,export,18461.9
SK,SITC5,chemicals,2022,export,4988.6
AT,SITC6_8,other_manufactured,2022,export,64192.6
BE,SITC6_8,other_manufactured,2022,export,127417.0
BG,SITC6_8,other_manufactured,2022,export,15201.4
CY,SITC6_8,other_manufactured,2022,export,160.0
CZ,SITC6_8,other_manufactured,2022,export,59721.1
DE,SITC6_8,other_manufactured,2022,export,376670.8
DK,SITC6_8,other_manufactured,2022,export,28306.2
EE,SITC6_8,other_manufactured,2022,export,6078.8
EL,SITC6_8,other_manufactured,2022,export,12320.9
ES,SITC6_8,other_manufactured,2022,export,100212.9
FI,SITC6_8,other_manufactured,2022,export,27317.7
FR,SITC6_8,other_manufactured,2022,export,140176.2
HR,SITC6_8,other_manufactured,2022,export,6844.4
HU,SITC6_8,other_manufactured,2022,export,24946.8
IE,SITC6_8,other_manufactured,2022,export,24398.2
IT,SITC6_8,other_manufactured,2022,export,219835.0
LT,SITC6_8,other_manufactured,2022,export,11403.4
LU,SITC6_8,other_manufactured,2022,export,7821.9
LV,SITC6_8,other_manufactured,2022,export,5723.5
MT,SITC6_8,other_manufactured,2022,export,752.1
NL,SITC6_8,other_manufactured,2022,export,172900.0
PL,SITC6_8,other_manufactured,2022,export,118614.2
PT,SITC6_8,other_manufactured,2022,export,29426.5
RO,SITC6_8,other_manufactured,2022,export,27561.8
SE,SITC6_8,other_manufactured,2022,export,47215.7
SI,SITC6_8,other_manufactured,2022,export,16182.6
SK,SITC6_8,other_manufactured,2022,export,26479.8
AT,SITC7,machinery_transport,2022,export,74251.7
BE,SITC7,machinery_transport,2022,export,103270.2
BG,SITC7,machinery_transport,2022,export,9683.6
CY,SITC7,machinery_transport,2022,export,1817.5
CZ,SITC7,machinery_transport,2022,export,127919.9
DE,SITC7,machinery_transport,2022,export,707625.8
DK,SITC7,machinery_transport,2022,export,29812.3
EE,SITC7,machinery_transport,2022,export,5790.9
EL,SITC7,machinery_transport,2022,export,5013.3
ES,SITC7,machinery_transport,2022,export,104063.4
FI,SITC7,machinery_transport,2022,export,23793.2
FR,SITC7,machinery_transport,2022,export,191643.4
HR,SITC7,machinery_transport,2022,export,4826.0
HU,SITC7,machinery_transport,2022,export,81409.8
IE,SITC7,machinery_transport,2022,export,27983.3
IT,SITC7,machinery_transport,2022,export,198446.6
LT,SITC7,machinery_transport,2022,export,8058.4
LU,SITC7,machinery_transport,2022,export,4485.9
LV,SITC7,machinery_transport,2022,export,4385.3
MT,SITC7,machinery_transport,2022,export,1238.4
NL,SITC7,machinery_transport,2022,export,264778.0
PL,SITC7,machinery_transport,2022,export,122998.7
PT,SITC7,machinery_transport,2022,export,20761.0
RO,SITC7,machinery_transport,2022,export,38367.4
SE,SITC7,machinery_transport,2022,export,66177.0
SI,SITC7,machinery_transport,2022,export,20720.8
SK,SITC7,machinery_transport,2022,export,59362.5
AT,SITC9,unclassified,2022,export,3699.1
BE,SITC9,unclassified,2022,export,4675.8
BG,SITC9,unclassified,2022,export,1633.1
CY,SITC9,unclassified,2022,export,94.8
CZ,SITC9,unclassified,2022,export,1433.5
DE,SITC9,unclassified,2022,export,19914.7
DK,SITC9,unclassified,2022,export,424.9
EE,SITC9,unclassified,2022,export,277.0
EL,SITC9,unclassified,2022,export,154.0
ES,SITC9,unclassified,2022,export,3325.3
FI,SITC9,unclassified,2022,export,1353.3
FR,SITC9,unclassified,2022,export,11240.3
HR,SITC9,unclassified,2022,export,140.7
HU,SITC9,unclassified,2022,export,1092.5
IE,SITC9,unclassified,2022,export,140.0
IT,SITC9,unclassified,2022,export,10260.2
LT,SITC9,unclassified,2022,export,31.0
LU,SITC9,unclassified,2022,export,242.3
LV,SITC9,unclassified,2022,export,249.2
MT,SITC9,unclassified,2022,export,32.7
NL,SITC9,unclassified,2022,export,2782.7
PL,SITC9,unclassified,2022,export,664.7
PT,SITC9,unclassified,2022,export,196.3
RO,SITC9,unclassified,2022,export,78.6
SE,SITC9,unclassified,2022,export,911.5
SI,SITC9,unclassified,2022,export,81.8
SK,SITC9,unclassified,2022,export,176.8
AT,SITC0_1,food_drinks_tobacco,2022,import,14502.6
BE,SITC0_1,food_drinks_tobacco,2022,import,40059.0
BG,SITC0_1,food_drinks_tobacco,2022,import,4598.9
CY,SITC0_1,food_drinks_tobacco,2022,import,1609.2
CZ,SITC0_1,food_drinks_tobacco,2022,import,11336.4
DE,SITC0_1,food_drinks_tobacco,2022,import,98899.0
DK,SITC0_1,food_drinks_tobacco,2022,import,15305.6
EE,SITC0_1,food_drinks_tobacco,2022,import,2080.9
EL,SITC0_1,food_drinks_tobacco,2022,import,9175.7
ES,SITC0_1,food_drinks_tobacco,2022,import,44847.7
FI,SITC0_1,food_drinks_tobacco,2022,import,5938.5
FR,SITC0_1,food_drinks_tobacco,2022,import,64940.6
HR,SITC0_1,food_drinks_tobacco,2022,import,4548.7
HU,SITC0_1,food_drinks_tobacco,2022,import,7757.3
IE,SITC0_1,food_drinks_tobacco,2022,import,10724.6
IT,SITC0_1,food_drinks_tobacco,2022,import,49921.1
LT,SITC0_1,food_drinks_tobacco,2022,import,5096.6
LU,SITC0_1,food_drinks_tobacco,2022,import,2944.2
LV,SITC0_1,food_drinks_tobacco,2022,import,3985.4
MT,SITC0_1,food_drinks_tobacco,2022,import,917.7
NL,SITC0_1,food_drinks_tobacco,2022,import,66797.6
PL,SITC0_1,food_drinks_tobacco,2022,import,26641.8
PT,SITC0_1,food_drinks_tobacco,2022,import,12966.2
RO,SITC0_1,food_drinks_tobacco,2022,import,11140.3
SE,SITC0_1,food_drinks_tobacco,2022,import,18230.8
SI,SITC0_1,food_drinks_tobacco,2022,import,3928.6
SK,SITC0_1,food_drinks_tobacco,2022,import,6109.9
AT,SITC2_4,raw_materials,2022,import,9943.3
BE,SITC2_4,raw_materials,2022,import,27958.5
BG,SITC2_4,raw_materials,2022,import,5793.0
CY,SITC2_4,raw_materials,2022,import,140.7
CZ,SITC2_4,raw_materials,2022,import,5181.7
DE,SITC2_4,raw_materials,2022,import,62175.0
DK,SITC2_4,raw_materials,2022,import,4662.8
EE,SITC2_4,raw_materials,2022,import,1132.8
EL,SITC2_4,raw_materials,2022,import,2946.5
ES,SITC2_4,raw_materials,2022,import,23797.6
FI,SITC2_4,raw_materials,2022,import,7728.0
FR,SITC2_4,raw_materials,2022,import,20157.1
HR,SITC2_4,raw_materials,2022,import,1050.0
HU,SITC2_4,raw_materials,2022,import,3734.2
IE,SITC2_4,raw_materials,2022,import,1797.7
IT,SITC2_4,raw_materials,2022,import,30972.2
LT,SITC2_4,raw_materials,2022,import,2306.4
LU,SITC2_4,raw_materials,2022,import,1889.4
LV,SITC2_4,raw_materials,2022,import,1527.1
MT,SITC2_4,raw_materials,2022,import,59.9
NL,SITC2_4,raw_materials,2022,import,36918.3
PL,SITC2_4,raw_materials,2022,import,13235.1
PT,SITC2_4,raw_materials,2022,import,4983.2
RO,SITC2_4,raw_materials,2022,import,4245.7
SE,SITC2_4,raw_materials,2022,import,6706.6
SI,SITC2_4,raw_materials,2022,import,2465.1
SK,SITC2_4,raw_materials,2022,import,3266.0
AT,SITC3,mineral_fuels,2022,import,27157.2
BE,SITC3,mineral_fuels,2022,import,131094.8
BG,SITC3,mineral_fuels,2022,import,9242.8
CY,SITC3,mineral_fuels,2022,import,2841.2
CZ,SITC3,mineral_fuels,2022,import,21279.8
DE,SITC3,mineral_fuels,2022,import,196258.8
DK,SITC3,mineral_fuels,2022,import,14381.7
EE,SITC3,mineral_fuels,2022,import,5225.1
EL,SITC3,mineral_fuels,2022,import,33532.1
ES,SITC3,mineral_fuels,2022,import,90477.7
FI,SITC3,mineral_fuels,2022,import,18343.2
FR,SITC3,mineral_fuels,2022,import,149323.3
HR,SITC3,mineral_fuels,2022,import,10921.5
HU,SITC3,mineral_fuels,2022,import,25124.2
IE,SITC3,mineral_fuels,2022,import,12996.4
IT,SITC3,mineral_fuels,2022,import,140709.4
LT,SITC3,mineral_fuels,2022,import,14724.5
LU,SITC3,mineral_fuels,2022,import,3994.8
LV,SITC3,mineral_fuels,2022,import,5531.5
MT,SITC3,mineral_fuels,2022,import,1543.1
NL,SITC3,mineral_fuels,2022,import,190820.8
PL,SITC3,mineral_fuels,2022,import,35720.1
PT,SITC3,mineral_fuels,2022,import,18264.4
RO,SITC3,mineral_fuels,2022,import,15401.1
SE,SITC3,mineral_fuels,2022,import,27155.7
SI,SITC3,mineral_fuels,2022,import,8029.6
SK,SITC3,mineral_fuels,2022,import,12578.0
AT,SITC5,chemicals,2022,import,29914.8
BE,SITC5,chemicals,2022,import,157093.6
BG,SITC5,chemicals,2022,import,7805.2
CY,SITC5,chemicals,2022,import,1189.6
CZ,SITC5,chemicals,2022,import,26030.6
DE,SITC5,chemicals,2022,import,238068.7
DK,SITC5,chemicals,2022,import,15625.6
EE,SITC5,chemicals,2022,import,2863.6
EL,SITC5,chemicals,2022,import,12431.3
ES,SITC5,chemicals,2022,import,72918.2
FI,SITC5,chemicals,2022,import,10209.1
FR,SITC5,chemicals,2022,import,107733.8
HR,SITC5,chemicals,2022,import,5251.2
HU,SITC5,chemicals,2022,import,21518.3
IE,SITC5,chemicals,2022,import,38315.2
IT,SITC5,chemicals,2022,import,103019.9
LT,SITC5,chemicals,2022,import,7720.9
LU,SITC5,chemicals,2022,import,3470.2
LV,SITC5,chemicals,2022,import,3509.6
MT,SITC5,chemicals,2022,import,803.3
NL,SITC5,chemicals,2022,import,117503.6
PL,SITC5,chemicals,2022,import,51953.4
PT,SITC5,chemicals,2022,import,16001.0
RO,SITC5,chemicals,2022,import,18176.8
SE,SITC5,chemicals,2022,import,23002.5
SI,SITC5,chemicals,2022,import,18378.1
SK,SITC5,chemicals,2022,import,9126.6
AT,SITC6_8,other_manufactured,2022,import,63453.3
BE,SITC6_8,other_manufactured,2022,import,114939.1
BG,SITC6_8,other_manufactured,2022,import,12956.9
CY,SITC6_8,other_manufactured,2022,import,2448.3
CZ,SITC6_8,other_manufactured,2022,import,58111.5
DE,SITC6_8,other_manufactured,2022,import,374656.6
DK,SITC6_8,other_manufactured,2022,import,35768.0
EE,SITC6_8,other_manufactured,2022,import,6180.9
EL,SITC6_8,other_manufactured,2022,import,19608.9
ES,SITC6_8,other_manufactured,2022,import,111853.3
FI,SITC6_8,other_manufactured,2022,import,21730.8
FR,SITC6_8,other_manufactured,2022,import,205110.3
HR,SITC6_8,other_manufactured,2022,import,11257.0
HU,SITC6_8,other_manufactured,2022,import,32467.2
IE,SITC6_8,other_manufactured,2022,import,24409.1
IT,SITC6_8,other_manufactured,2022,import,168633.2
LT,SITC6_8,other_manufactured,2022,import,10389.5
LU,SITC6_8,other_manufactured,2022,import,6239.1
LV,SITC6_8,other_manufactured,2022,import,5976.4
MT,SITC6_8,other_manufactured,2022,import,1303.4
NL,SITC6_8,other_manufactured,2022,import,180851.0
PL,SITC6_8,other_manufactured,2022,import,106739.5
PT,SITC6_8,other_manufactured,2022,import,27601.9
RO,SITC6_8,other_manufactured,2022,import,35712.0
SE,SITC6_8,other_manufactured,2022,import,50779.2
SI,SITC6_8,other_manufactured,2022,import,14833.3
SK,SITC6_8,other_manufactured,2022,import,27269.0
AT,SITC7,machinery_transport,2022,import,70623.1
BE,SITC7,machinery_transport,2022,import,121368.7
BG,SITC7,machinery_transport,2022,import,14516.2
CY,SITC7,machinery_transport,2022,import,3310.7
CZ,SITC7,machinery_transport,2022,import,101666.3
DE,SITC7,machinery_transport,2022,import,510237.2
DK,SITC7,machinery_transport,2022,import,36612.2
EE,SITC7,machinery_transport,2022,import,7605.6
EL,SITC7,machinery_transport,2022,import,16828.1
ES,SITC7,machinery_transport,2022,import,123895.4
FI,SITC7,machinery_transport,2022,import,28123.2
FR,SITC7,machinery_transport,2022,import,230256.9
HR,SITC7,machinery_transport,2022,import,9190.2
HU,SITC7,machinery_transport,2022,import,64251.9
IE,SITC7,machinery_transport,2022,import,51714.5
IT,SITC7,machinery_transport,2022,import,157877.3
LT,SITC7,machinery_transport,2022,import,12256.8
LU,SITC7,machinery_transport,2022,import,6991.7
LV,SITC7,machinery_transport,2022,import,6851.8
MT,SITC7,machinery_transport,2022,import,3500.9
NL,SITC7,machinery_transport,2022,import,260453.7
PL,SITC7,machinery_transport,2022,import,111865.0
PT,SITC7,machinery_transport,2022,import,29666.8
RO,SITC7,machinery_transport,2022,import,41401.1
SE,SITC7,machinery_transport,2022,import,67101.8
SI,SITC7,machinery_transport,2022,import,18309.8
SK,SITC7,machinery_transport,2022,import,48302.8
AT,SITC9,unclassified,2022,import,6397.6
BE,SITC9,unclassified,2022,import,2036.3
BG,SITC9,unclassified,2022,import,262.7
CY,SITC9,unclassified,2022,import,78.9
CZ,SITC9,unclassified,2022,import,1578.7
DE,SITC9,unclassified,2022,import,25677.9
DK,SITC9,unclassified,2022,import,427.5
EE,SITC9,unclassified,2022,import,359.9
EL,SITC9,unclassified,2022,import,30.1
ES,SITC9,unclassified,2022,import,2060.6
FI,SITC9,unclassified,2022,import,396.6
FR,SITC9,unclassified,2022,import,5331.9
HR,SITC9,unclassified,2022,import,281.8
HU,SITC9,unclassified,2022,import,1241.3
IE,SITC9,unclassified,2022,import,218.6
IT,SITC9,unclassified,2022,import,9077.1
LT,SITC9,unclassified,2022,import,47.6
LU,SITC9,unclassified,2022,import,130.9
LV,SITC9,unclassified,2022,import,85.7
MT,SITC9,unclassified,2022,import,4.5
NL,SITC9,unclassified,2022,import,574.6
PL,SITC9,unclassified,2022,import,16386.0
PT,SITC9,unclassified,2022,import,78.0
RO,SITC9,unclassified,2022,import,0.0
SE,SITC9,unclassified,2022,import,91.0
SI,SITC9,unclassified,2022,import,411.2
SK,SITC9,unclassified,2022,import,240.0
AT,SITC0_1,food_drinks_tobacco,2023,balance,503.3
BE,SITC0_1,food_drinks_tobacco,2023,balance,11785.6
BG,SITC0_1,food_drinks_tobacco,2023,balance,953.1
CY,SITC0_1,food_drinks_tobacco,2023,balance,-1214.7
CZ,SITC0_1,food_drinks_tobacco,2023,balance,-1157.3
DE,SITC0_1,food_drinks_tobacco,2023,balance,-15270.2
DK,SITC0_1,food_drinks_tobacco,2023,balance,5564.2
EE,SITC0_1,food_drinks_tobacco,2023,balance,-400.9
EL,SITC0_1,food_drinks_tobacco,2023,balance,-585.5
ES,SITC0_1,food_drinks_tobacco,2023,balance,16188.0
FI,SITC0_1,food_drinks_tobacco,2023,balance,-3774.2
FR,SITC0_1,food_drinks_tobacco,2023,balance,7158.8
HR,SITC0_1,food_drinks_tobacco,2023,balance,-1894.1
HU,SITC0_1,food_drinks_tobacco,2023,balance,2557.2
IE,SITC0_1,food_drinks_tobacco,2023,balance,4907.4
IT,SITC0_1,food_drinks_tobacco,2023,balance,4500.4
LT,SITC0_1,food_drinks_tobacco,2023,balance,1649.2
LU,SITC0_1,food_drinks_tobacco,2023,balance,-1533.1
LV,SITC0_1,food_drinks_tobacco,2023,balance,-71.4
MT,SITC0_1,food_drinks_tobacco,2023,balance,-716.1
NL,SITC0_1,food_drinks_tobacco,2023,balance,33970.6
PL,SITC0_1,food_drinks_tobacco,2023,balance,19890.8
PT,SITC0_1,food_drinks_tobacco,2023,balance,-5249.4
RO,SITC0_1,food_drinks_tobacco,2023,balance,-2401.4
SE,SITC0_1,food_drinks_tobacco,2023,balance,-6513.1
SI,SITC0_1,food_drinks_tobacco,2023,balance,-1021.5
SK,SITC0_1,food_drinks_tobacco,2023,balance,-2281.5
AT,SITC2_4,raw_materials,2023,balance,-3230.7
BE,SITC2_4,raw_materials,2023,balance,-7325.5
BG,SITC2_4,raw_materials,2023,balance,-718.3
CY,SITC2_4,raw_materials,2023,balance,9.2
CZ,SITC2_4,raw_materials,2023,balance,646.9
DE,SITC2_4,raw_materials,2023,balance,-21491.2
DK,SITC2_4,raw_materials,2023,balance,358.9
EE,SITC2_4,raw_materials,2023,balance,868.0
EL,SITC2_4,raw_materials,2023,balance,540.5
ES,SITC2_4,raw_materials,2023,balance,-4588.8
FI,SITC2_4,raw_materials,2023,balance,1879.6
FR,SITC2_4,raw_materials,2023,balance,-991.7
HR,SITC2_4,raw_materials,2023,balance,672.6
HU,SITC2_4,raw_materials,2023,balance,534.1
IE,SITC2_4,raw_materials,2023,balance,99.2
IT,SITC2_4,raw_materials,2023,balance,-14188.6
LT,SITC2_4,raw_materials,2023,balance,410.5
LU,SITC2_4,raw_materials,2023,balance,-1276.8
LV,SITC2_4,raw_materials,2023,balance,1464.3
MT,SITC2_4,raw_materials,2023,balance,-29.6
NL,SITC2_4,raw_materials,2023,balance,8335.8
PL,SITC2_4,raw_materials,2023,balance,-2627.6
PT,SITC2_4,raw_materials,2023,balance,68.8
RO,SITC2_4,raw_materials,2023,balance,1065.1
SE,SITC2_4,raw_materials,2023,balance,5888.3
SI,SITC2_4,raw_materials,2023,balance,-219.8
SK,SITC2_4,raw_materials,2023,balance,-508.7
AT,SITC3,mineral_fuels,2023,balance,-10694.8
BE,SITC3,mineral_fuels,2023,balance,-18303.6
BG,SITC3,mineral_fuels,2023,balance,-2060.5
CY,SITC3,mineral_fuels,2023,balance,-1375.0
CZ,SITC3,mineral_fuels,2023,balance,-8489.1
DE,SITC3,mineral_fuels,2023,balance,-86007.4
DK,SITC3,mineral_fuels,2023,balance,-2412.0
EE,SITC3,mineral_fuels,2023,balance,-650.2
EL,SITC3,mineral_fuels,2023,balance,-6287.3
ES,SITC3,mineral_fuels,2023,balance,-30991.8
FI,SITC3,mineral_fuels,2023,balance,-3818.5
FR,SITC3,mineral_fuels,2023,balance,-67904.9
HR,SITC3,mineral_fuels,2023,balance,-3785.2
HU,SITC3,mineral_fuels,2023,balance,-9277.7
IE,SITC3,mineral_fuels,2023,balance,-8947.2
IT,SITC3,mineral_fuels,2023,balance,-62280.9
LT,SITC3,mineral_fuels,2023,balance,-2781.9
LU,SITC3,mineral_fuels,2023,balance,-3059.6
LV,SITC3,mineral_fuels,2023,balance,-1317.6
MT,SITC3,mineral_fuels,2023,balance,-1075.3
NL,SITC3,mineral_fuels,2023,balance,-12625.2
PL,SITC3,mineral_fuels,2023,balance,-19543.9
PT,SITC3,mineral_fuels,2023,balance,-7191.5
RO,SITC3,mineral_fuels,2023,balance,-5129.4
SE,SITC3,mineral_fuels,2023,balance,-5155.7
SI,SITC3,mineral_fuels,2023,balance,-1937.7
SK,SITC3,mineral_fuels,2023,balance,-3928.3
AT,SITC5,chemicals,2023,balance,5240.5
BE,SITC5,chemicals,2023,balance,26238.0
BG,SITC5,chemicals,2023,balance,-2087.8
CY,SITC5,chemicals,2023,balance,-687.2
CZ,SITC5,chemicals,2023,balance,-8425.7
DE,SITC5,chemicals,2023,balance,79046.8
DK,SITC5,chemicals,2023,balance,16329.6
EE,SITC5,chemicals,2023,balance,-1232.7
EL,SITC5,chemicals,2023,balance,-5798.3
ES,SITC5,chemicals,2023,balance,-2155.6
FI,SITC5,chemicals,2023,balance,-943.4
FR,SITC5,chemicals,2023,balance,16217.4
HR,SITC5,chemicals,2023,balance,-2459.7
HU,SITC5,chemicals,2023,balance,-3713.2
IE,SITC5,chemicals,2023,balance,83897.5
IT,SITC5,chemicals,2023,balance,842.7
LT,SITC5,chemicals,2023,balance,-695.0
LU,SITC5,chemicals,2023,balance,-1040.0
LV,SITC5,chemicals,2023,balance,-1084.9
MT,SITC5,chemicals,2023,balance,-351.9
NL,SITC5,chemicals,2023,balance,35119.9
PL,SITC5,chemicals,2023,balance,-15856.1
PT,SITC5,chemicals,2023,balance,-7570.0
RO,SITC5,chemicals,2023,balance,-12199.5
SE,SITC5,chemicals,2023,balance,4868.9
SI,SITC5,chemicals,2023,balance,148.0
SK,SITC5,chemicals,2023,balance,-4224.9
AT,SITC6_8,other_manufactured,2023,balance,1615.1
BE,SITC6_8,other_manufactured,2023,balance,15569.5
BG,SITC6_8,other_manufactured,2023,balance,3520.2
CY,SITC6_8,other_manufactured,2023,balance,-2354.8
CZ,SITC6_8,other_manufactured,2023,balance,3961.2
DE,SITC6_8,other_manufactured,2023,balance,30779.9
DK,SITC6_8,other_manufactured,2023,balance,-4259.5
EE,SITC6_8,other_manufactured,2023,balance,-62.3
EL,SITC6_8,other_manufactured,2023,balance,-6942.0
ES,SITC6_8,other_manufactured,2023,balance,-8737.9
FI,SITC6_8,other_manufactured,2023,balance,6287.6
FR,SITC6_8,other_manufactured,2023,balance,-53466.3
HR,SITC6_8,other_manufactured,2023,balance,-4574.9
HU,SITC6_8,other_manufactured,2023,balance,-5256.8
IE,SITC6_8,other_manufactured,2023,balance,1252.9
IT,SITC6_8,other_manufactured,2023,balance,54394.7
LT,SITC6_8,other_manufactured,2023,balance,967.2
LU,SITC6_8,other_manufactured,2023,balance,1050.8
LV,SITC6_8,other_manufactured,2023,balance,-240.8
MT,SITC6_8,other_manufactured,2023,balance,-681.7
NL,SITC6_8,other_manufactured,2023,balance,-1237.1
PL,SITC6_8,other_manufactured,2023,balance,19606.3
PT,SITC6_8,other_manufactured,2023,balance,2239.1
RO,SITC6_8,other_manufactured,2023,balance,-7091.5
SE,SITC6_8,other_manufactured,2023,balance,1469.6
SI,SITC6_8,other_manufactured,2023,balance,1781.4
SK,SITC6_8,other_manufactured,2023,balance,-1120.7
AT,SITC7,machinery_transport,2023,balance,5098.7
BE,SITC7,machinery_transport,2023,balance,-18022.4
BG,SITC7,machinery_transport,2023,balance,-5044.5
CY,SITC7,machinery_transport,2023,balance,-2698.3
CZ,SITC7,machinery_transport,2023,balance,35178.5
DE,SITC7,machinery_transport,2023,balance,220479.6
DK,SITC7,machinery_transport,2023,balance,-7502.0
EE,SITC7,machinery_transport,2023,balance,-1560.7
EL,SITC7,machinery_transport,2023,balance,-13104.6
ES,SITC7,machinery_transport,2023,balance,-15318.1
FI,SITC7,machinery_transport,2023,balance,-2044.2
FR,SITC7,machinery_transport,2023,balance,-33222.2
HR,SITC7,machinery_transport,2023,balance,-4965.5
HU,SITC7,machinery_transport,2023,balance,25309.0
IE,SITC7,machinery_transport,2023,balance,-28155.7
IT,SITC7,machinery_transport,2023,balance,48467.1
LT,SITC7,machinery_transport,2023,balance,-4639.9
LU,SITC7,machinery_transport,2023,balance,-2836.3
LV,SITC7,machinery_transport,2023,balance,-2630.8
MT,SITC7,machinery_transport,2023,balance,-1738.1
NL,SITC7,machinery_transport,2023,balance,18650.4
PL,SITC7,machinery_transport,2023,balance,15375.0
PT,SITC7,machinery_transport,2023,balance,-10250.2
RO,SITC7,machinery_transport,2023,balance,-3370.8
SE,SITC7,machinery_transport,2023,balance,2795.8
SI,SITC7,machinery_transport,2023,balance,2647.8
SK,SITC7,machinery_transport,2023,balance,15682.9
AT,SITC9,unclassified,2023,balance,-555.1
BE,SITC9,unclassified,2023,balance,2652.3
BG,SITC9,unclassified,2023,balance,209.1
CY,SITC9,unclassified,2023,balance,-82.0
CZ,SITC9,unclassified,2023,balance,201.5
DE,SITC9,unclassified,2023,balance,9501.1
DK,SITC9,unclassified,2023,balance,95.9
EE,SITC9,unclassified,2023,balance,46.6
EL,SITC9,unclassified,2023,balance,106.2
ES,SITC9,unclassified,2023,balance,1841.6
FI,SITC9,unclassified,2023,balance,1926.4
FR,SITC9,unclassified,2023,balance,5428.7
HR,SITC9,unclassified,2023,balance,-85.0
HU,SITC9,unclassified,2023,balance,-314.4
IE,SITC9,unclassified,2023,balance,-81.5
IT,SITC9,unclassified,2023,balance,2275.5
LT,SITC9,unclassified,2023,balance,2.4
LU,SITC9,unclassified,2023,balance,271.8
LV,SITC9,unclassified,2023,balance,171.7
MT,SITC9,unclassified,2023,balance,38.4
NL,SITC9,unclassified,2023,balance,2550.3
PL,SITC9,unclassified,2023,balance,-6221.1
PT,SITC9,unclassified,2023,balance,145.0
RO,SITC9,unclassified,2023,balance,165.3
SE,SITC9,unclassified,2023,balance,683.2
SI,SITC9,unclassified,2023,balance,-100.9
SK,SITC9,unclassified,2023,balance,59.2
AT,SITC0_1,food_drinks_tobacco,2023,export,16396.9
BE,SITC0_1,food_drinks_tobacco,2023,export,53354.3
BG,SITC0_1,food_drinks_tobacco,2023,export,6095.1
CY,SITC0_1,food_drinks_tobacco,2023,export,523.4
CZ,SITC0_1,food_drinks_tobacco,2023,export,11514.6
DE,SITC0_1,food_drinks_tobacco,2023,export,89495.8
DK,SITC0_1,food_drinks_tobacco,2023,export,20858.0
EE,SITC0_1,food_drinks_tobacco,2023,export,1840.7
EL,SITC0_1,food_drinks_tobacco,2023,export,8897.9
ES,SITC0_1,food_drinks_tobacco,2023,export,62470.2
FI,SITC0_1,food_drinks_tobacco,2023,export,2087.3
FR,SITC0_1,food_drinks_tobacco,2023,export,74821.0
HR,SITC0_1,food_drinks_tobacco,2023,export,3467.3
HU,SITC0_1,food_drinks_tobacco,2023,export,10870.3
IE,SITC0_1,food_drinks_tobacco,2023,export,16327.1
IT,SITC0_1,food_drinks_tobacco,2023,export,58315.1
LT,SITC0_1,food_drinks_tobacco,2023,export,7051.8
LU,SITC0_1,food_drinks_tobacco,2023,export,1667.1
LV,SITC0_1,food_drinks_tobacco,2023,export,4477.9
MT,SITC0_1,food_drinks_tobacco,2023,export,323.4
NL,SITC0_1,food_drinks_tobacco,2023,export,101548.1
PL,SITC0_1,food_drinks_tobacco,2023,export,48916.8
PT,SITC0_1,food_drinks_tobacco,2023,export,8911.2
RO,SITC0_1,food_drinks_tobacco,2023,export,9667.9
SE,SITC0_1,food_drinks_tobacco,2023,export,12077.7
SI,SITC0_1,food_drinks_tobacco,2023,export,3428.9
SK,SITC0_1,food_drinks_tobacco,2023,export,4459.1
AT,SITC2_4,raw_materials,2023,export,5015.1
BE,SITC2_4,raw_materials,2023,export,15282.9
BG,SITC2_4,raw_materials,2023,export,3577.2
CY,SITC2_4,raw_materials,2023,export,120.1
CZ,SITC2_4,raw_materials,2023,export,4923.3
DE,SITC2_4,raw_materials,2023,export,29979.7
DK,SITC2_4,raw_materials,2023,export,4556.5
EE,SITC2_4,raw_materials,2023,export,1707.3
EL,SITC2_4,raw_materials,2023,export,3083.9
ES,SITC2_4,raw_materials,2023,export,16150.5
FI,SITC2_4,raw_materials,2023,export,7708.8
FR,SITC2_4,raw_materials,2023,export,15981.0
HR,SITC2_4,raw_materials,2023,export,1554.5
HU,SITC2_4,raw_materials,2023,export,3409.8
IE,SITC2_4,raw_materials,2023,export,1778.3
IT,SITC2_4,raw_materials,2023,export,11244.3
LT,SITC2_4,raw_materials,2023,export,2126.7
LU,SITC2_4,raw_materials,2023,export,244.5
LV,SITC2_4,raw_materials,2023,export,2691.1
MT,SITC2_4,raw_materials,2023,export,28.6
NL,SITC2_4,raw_materials,2023,export,39348.2
PL,SITC2_4,raw_materials,2023,export,7918.5
PT,SITC2_4,raw_materials,2023,export,4598.5
RO,SITC2_4,raw_materials,2023,export,4208.2
SE,SITC2_4,raw_materials,2023,export,12179.9
SI,SITC2_4,raw_materials,2023,export,1855.1
SK,SITC2_4,raw_materials,2023,export,2022.8
AT,SITC3,mineral_fuels,2023,export,7541.4
BE,SITC3,mineral_fuels,2023,export,64815.0
BG,SITC3,mineral_fuels,2023,export,3455.1
CY,SITC3,mineral_fuels,2023,export,1550.0
CZ,SITC3,mineral_fuels,2023,export,4757.1
DE,SITC3,mineral_fuels,2023,export,36988.3
DK,SITC3,mineral_fuels,2023,export,6378.5
EE,SITC3,mineral_fuels,2023,export,1794.1
EL,SITC3,mineral_fuels,2023,export,16479.2
ES,SITC3,mineral_fuels,2023,export,32060.6
FI,SITC3,mineral_fuels,2023,export,7451.0
FR,SITC3,mineral_fuels,2023,export,31142.7
HR,SITC3,mineral_fuels,2023,export,2779.4
HU,SITC3,mineral_fuels,2023,export,4800.9
IE,SITC3,mineral_fuels,2023,export,1369.7
IT,SITC3,mineral_fuels,2023,export,24926.1
LT,SITC3,mineral_fuels,2023,export,6001.7
LU,SITC3,mineral_fuels,2023,export,23.3
LV,SITC3,mineral_fuels,2023,export,1480.1
MT,SITC3,mineral_fuels,2023,export,172.4
NL,SITC3,mineral_fuels,2023,export,136067.5
PL,SITC3,mineral_fuels,2023,export,11205.2
PT,SITC3,mineral_fuels,2023,export,5097.0
RO,SITC3,mineral_fuels,2023,export,5252.6
SE,SITC3,mineral_fuels,2023,export,14786.1
SI,SITC3,mineral_fuels,2023,export,3509.9
SK,SITC3,mineral_fuels,2023,export,3802.7
AT,SITC5,chemicals,2023,export,34406.6
BE,SITC5,chemicals,2023,export,164487.8
BG,SITC5,chemicals,2023,export,4678.7
CY,SITC5,chemicals,2023,export,620.7
CZ,SITC5,chemicals,2023,export,16047.6
DE,SITC5,chemicals,2023,export,274317.5
DK,SITC5,chemicals,2023,export,30376.9
EE,SITC5,chemicals,2023,export,1154.1
EL,SITC5,chemicals,2023,export,5987.2
ES,SITC5,chemicals,2023,export,61941.3
FI,SITC5,chemicals,2023,export,7772.7
FR,SITC5,chemicals,2023,export,116406.4
HR,SITC5,chemicals,2023,export,2680.2
HU,SITC5,chemicals,2023,export,18099.7
IE,SITC5,chemicals,2023,export,123717.9
IT,SITC5,chemicals,2023,export,95703.0
LT,SITC5,chemicals,2023,export,5763.8
LU,SITC5,chemicals,2023,export,1905.0
LV,SITC5,chemicals,2023,export,2068.0
MT,SITC5,chemicals,2023,export,471.1
NL,SITC5,chemicals,2023,export,140963.3
PL,SITC5,chemicals,2023,export,31979.6
PT,SITC5,chemicals,2023,export,7635.1
RO,SITC5,chemicals,2023,export,4322.9
SE,SITC5,chemicals,2023,export,25957.1
SI,SITC5,chemicals,2023,export,22472.8
SK,SITC5,chemicals,2023,export,4314.5
AT,SITC6_8,other_manufactured,2023,export,61155.3
BE,SITC6_8,other_manufactured,2023,export,114491.4
BG,SITC6_8,other_manufactured,2023,export,15847.0
CY,SITC6_8,other_manufactured,2023,export,203.9
CZ,SITC6_8,other_manufactured,2023,export,60035.7
DE,SITC6_8,other_manufactured,2023,export,366502.4
DK,SITC6_8,other_manufactured,2023,export,26971.0
EE,SITC6_8,other_manufactured,2023,export,5388.9
EL,SITC6_8,other_manufactured,2023,export,11346.4
ES,SITC6_8,other_manufactured,2023,export,96064.8
FI,SITC6_8,other_manufactured,2023,export,23913.7
FR,SITC6_8,other_manufactured,2023,export,140158.1
HR,SITC6_8,other_manufactured,2023,export,6835.6
HU,SITC6_8,other_manufactured,2023,export,24787.2
IE,SITC6_8,other_manufactured,2023,export,24722.2
IT,SITC6_8,other_manufactured,2023,export,209997.6
LT,SITC6_8,other_manufactured,2023,export,10448.4
LU,SITC6_8,other_manufactured,2023,export,6934.1
LV,SITC6_8,other_manufactured,2023,export,5385.4
MT,SITC6_8,other_manufactured,2023,export,774.2
NL,SITC6_8,other_manufactured,2023,export,164233.0
PL,SITC6_8,other_manufactured,2023,export,117250.1
PT,SITC6_8,other_manufactured,2023,export,28789.5
RO,SITC6_8,other_manufactured,2023,export,27793.6
SE,SITC6_8,other_manufactured,2023,export,44168.3
SI,SITC6_8,other_manufactured,2023,export,14875.4
SK,SITC6_8,other_manufactured,2023,export,25301.2
AT,SITC7,machinery_transport,2023,export,79716.0
BE,SITC7,machinery_transport,2023,export,118379.3
BG,SITC7,machinery_transport,2023,export,10485.2
CY,SITC7,machinery_transport,2023,export,1564.4
CZ,SITC7,machinery_transport,2023,export,138280.8
DE,SITC7,machinery_transport,2023,export,758837.4
DK,SITC7,machinery_transport,2023,export,29864.1
EE,SITC7,machinery_transport,2023,export,6055.2
EL,SITC7,machinery_transport,2023,export,5078.8
ES,SITC7,machinery_transport,2023,export,118363.1
FI,SITC7,machinery_transport,2023,export,25085.0
FR,SITC7,machinery_transport,2023,export,212772.0
HR,SITC7,machinery_transport,2023,export,5693.0
HU,SITC7,machinery_transport,2023,export,91169.7
IE,SITC7,machinery_transport,2023,export,24695.7
IT,SITC7,machinery_transport,2023,export,215254.7
LT,SITC7,machinery_transport,2023,export,8339.9
LU,SITC7,machinery_transport,2023,export,4787.4
LV,SITC7,machinery_transport,2023,export,4562.8
MT,SITC7,machinery_transport,2023,export,1394.3
NL,SITC7,machinery_transport,2023,export,279796.2
PL,SITC7,machinery_transport,2023,export,135202.0
PT,SITC7,machinery_transport,2023,export,22096.8
RO,SITC7,machinery_transport,2023,export,41624.9
SE,SITC7,machinery_transport,2023,export,72701.8
SI,SITC7,machinery_transport,2023,export,21351.9
SK,SITC7,machinery_transport,2023,export,68598.9
AT,SITC9,unclassified,2023,export,3023.1
BE,SITC9,unclassified,2023,export,4366.7
BG,SITC9,unclassified,2023,export,238.9
CY,SITC9,unclassified,2023,export,93.5
CZ,SITC9,unclassified,2023,export,885.8
DE,SITC9,unclassified,2023,export,18341.3
DK,SITC9,unclassified,2023,export,448.9
EE,SITC9,unclassified,2023,export,205.7
EL,SITC9,unclassified,2023,export,144.0
ES,SITC9,unclassified,2023,export,3789.4
FI,SITC9,unclassified,2023,export,2343.5
FR,SITC9,unclassified,2023,export,10942.3
HR,SITC9,unclassified,2023,export,79.6
HU,SITC9,unclassified,2023,export,836.4
IE,SITC9,unclassified,2023,export,84.3
IT,SITC9,unclassified,2023,export,10509.0
LT,SITC9,unclassified,2023,export,27.5
LU,SITC9,unclassified,2023,export,337.3
LV,SITC9,unclassified,2023,export,238.8
MT,SITC9,unclassified,2023,export,42.0
NL,SITC9,unclassified,2023,export,2972.6
PL,SITC9,unclassified,2023,export,453.5
PT,SITC9,unclassified,2023,export,212.0
RO,SITC9,unclassified,2023,export,199.8
SE,SITC9,unclassified,2023,export,857.6
SI,SITC9,unclassified,2023,export,84.4
SK,SITC9,unclassified,2023,export,212.8
AT,SITC0_1,food_drinks_tobacco,2023,import,15893.6
BE,SITC0_1,food_drinks_tobacco,2023,import,41568.7
BG,SITC0_1,food_drinks_tobacco,2023,import,5142.0
CY,SITC0_1,food_drinks_tobacco,2023,import,1738.1
CZ,SITC0_1,food_drinks_tobacco,2023,import,12672.0
DE,SITC0_1,food_drinks_tobacco,2023,import,104766.0
DK,SITC0_1,food_drinks_tobacco,2023,import,15293.8
EE,SITC0_1,food_drinks_tobacco,2023,import,2241.6
EL,SITC0_1,food_drinks_tobacco,2023,import,9483.5
ES,SITC0_1,food_drinks_tobacco,2023,import,46282.3
FI,SITC0_1,food_drinks_tobacco,2023,import,5861.5
FR,SITC0_1,food_drinks_tobacco,2023,import,67662.2
HR,SITC0_1,food_drinks_tobacco,2023,import,5361.5
HU,SITC0_1,food_drinks_tobacco,2023,import,8313.1
IE,SITC0_1,food_drinks_tobacco,2023,import,11419.7
IT,SITC0_1,food_drinks_tobacco,2023,import,53814.6
LT,SITC0_1,food_drinks_tobacco,2023,import,5402.6
LU,SITC0_1,food_drinks_tobacco,2023,import,3200.2
LV,SITC0_1,food_drinks_tobacco,2023,import,4549.3
MT,SITC0_1,food_drinks_tobacco,2023,import,1039.5
NL,SITC0_1,food_drinks_tobacco,2023,import,67577.5
PL,SITC0_1,food_drinks_tobacco,2023,import,29026.0
PT,SITC0_1,food_drinks_tobacco,2023,import,14160.6
RO,SITC0_1,food_drinks_tobacco,2023,import,12069.4
SE,SITC0_1,food_drinks_tobacco,2023,import,18590.8
SI,SITC0_1,food_drinks_tobacco,2023,import,4450.4
SK,SITC0_1,food_drinks_tobacco,2023,import,6740.6
AT,SITC2_4,raw_materials,2023,import,8245.9
BE,SITC2_4,raw_materials,2023,import,22608.4
BG,SITC2_4,raw_materials,2023,import,4295.6
CY,SITC2_4,raw_materials,2023,import,110.9
CZ,SITC2_4,raw_materials,2023,import,4276.3
DE,SITC2_4,raw_materials,2023,import,51470.9
DK,SITC2_4,raw_materials,2023,import,4197.6
EE,SITC2_4,raw_materials,2023,import,839.2
EL,SITC2_4,raw_materials,2023,import,2543.4
ES,SITC2_4,raw_materials,2023,import,20739.3
FI,SITC2_4,raw_materials,2023,import,5829.2
FR,SITC2_4,raw_materials,2023,import,16972.7
HR,SITC2_4,raw_materials,2023,import,881.9
HU,SITC2_4,raw_materials,2023,import,2875.7
IE,SITC2_4,raw_materials,2023,import,1679.1
IT,SITC2_4,raw_materials,2023,import,25432.9
LT,SITC2_4,raw_materials,2023,import,1716.2
LU,SITC2_4,raw_materials,2023,import,1521.3
LV,SITC2_4,raw_materials,2023,import,1226.8
MT,SITC2_4,raw_materials,2023,import,58.3
NL,SITC2_4,raw_materials,2023,import,31012.4
PL,SITC2_4,raw_materials,2023,import,10546.1
PT,SITC2_4,raw_materials,2023,import,4529.7
RO,SITC2_4,raw_materials,2023,import,3143.1
SE,SITC2_4,raw_materials,2023,import,6291.6
SI,SITC2_4,raw_materials,2023,import,2074.8
SK,SITC2_4,raw_materials,2023,import,2531.5
AT,SITC3,mineral_fuels,2023,import,18236.2
BE,SITC3,mineral_fuels,2023,import,83118.7
BG,SITC3,mineral_fuels,2023,import,5515.6
CY,SITC3,mineral_fuels,2023,import,2925.0
CZ,SITC3,mineral_fuels,2023,import,13246.1
DE,SITC3,mineral_fuels,2023,import,122995.7
DK,SITC3,mineral_fuels,2023,import,8790.6
EE,SITC3,mineral_fuels,2023,import,2444.3
EL,SITC3,mineral_fuels,2023,import,22766.5
ES,SITC3,mineral_fuels,2023,import,63052.3
FI,SITC3,mineral_fuels,2023,import,11269.5
FR,SITC3,mineral_fuels,2023,import,99047.6
HR,SITC3,mineral_fuels,2023,import,6564.6
HU,SITC3,mineral_fuels,2023,import,14078.7
IE,SITC3,mineral_fuels,2023,import,10317.0
IT,SITC3,mineral_fuels,2023,import,87207.0
LT,SITC3,mineral_fuels,2023,import,8783.7
LU,SITC3,mineral_fuels,2023,import,3083.0
LV,SITC3,mineral_fuels,2023,import,2797.7
MT,SITC3,mineral_fuels,2023,import,1247.7
NL,SITC3,mineral_fuels,2023,import,148692.7
PL,SITC3,mineral_fuels,2023,import,30749.2
PT,SITC3,mineral_fuels,2023,import,12288.4
RO,SITC3,mineral_fuels,2023,import,10381.9
SE,SITC3,mineral_fuels,2023,import,19941.8
SI,SITC3,mineral_fuels,2023,import,5447.6
SK,SITC3,mineral_fuels,2023,import,7731.0
AT,SITC5,chemicals,2023,import,29166.1
BE,SITC5,chemicals,2023,import,138249.8
BG,SITC5,chemicals,2023,import,6766.5
CY,SITC5,chemicals,2023,import,1307.9
CZ,SITC5,chemicals,2023,import,24473.3
DE,SITC5,chemicals,2023,import,195270.7
DK,SITC5,chemicals,2023,import,14047.3
EE,SITC5,chemicals,2023,import,2386.8
EL,SITC5,chemicals,2023,import,11785.5
ES,SITC5,chemicals,2023,import,64096.9
FI,SITC5,chemicals,2023,import,8716.2
FR,SITC5,chemicals,2023,import,100189.1
HR,SITC5,chemicals,2023,import,5139.9
HU,SITC5,chemicals,2023,import,21813.0
IE,SITC5,chemicals,2023,import,39820.4
IT,SITC5,chemicals,2023,import,94860.2
LT,SITC5,chemicals,2023,import,6458.8
LU,SITC5,chemicals,2023,import,2945.0
LV,SITC5,chemicals,2023,import,3152.9
MT,SITC5,chemicals,2023,import,823.0
NL,SITC5,chemicals,2023,import,105843.4
PL,SITC5,chemicals,2023,import,47835.7
PT,SITC5,chemicals,2023,import,15205.2
RO,SITC5,chemicals,2023,import,16522.4
SE,SITC5,chemicals,2023,import,21088.2
SI,SITC5,chemicals,2023,import,22324.8
SK,SITC5,chemicals,2023,import,8539.5
AT,SITC6_8,other_manufactured,2023,import,59540.2
BE,SITC6_8,other_manufactured,2023,import,98921.9
BG,SITC6_8,other_manufactured,2023,import,12326.7
CY,SITC6_8,other_manufactured,2023,import,2558.7
CZ,SITC6_8,other_manufactured,2023,import,56074.5
DE,SITC6_8,other_manufactured,2023,import,335722.4
DK,SITC6_8,other_manufactured,2023,import,31230.5
EE,SITC6_8,other_manufactured,2023,import,5451.3
EL,SITC6_8,other_manufactured,2023,import,18288.3
ES,SITC6_8,other_manufactured,2023,import,104802.7
FI,SITC6_8,other_manufactured,2023,import,17626.0
FR,SITC6_8,other_manufactured,2023,import,193624.4
HR,SITC6_8,other_manufactured,2023,import,11410.5
HU,SITC6_8,other_manufactured,2023,import,30044.0
IE,SITC6_8,other_manufactured,2023,import,23469.3
IT,SITC6_8,other_manufactured,2023,import,155602.9
LT,SITC6_8,other_manufactured,2023,import,9481.2
LU,SITC6_8,other_manufactured,2023,import,5883.3
LV,SITC6_8,other_manufactured,2023,import,5626.2
MT,SITC6_8,other_manufactured,2023,import,1455.9
NL,SITC6_8,other_manufactured,2023,import,165470.1
PL,SITC6_8,other_manufactured,2023,import,97643.8
PT,SITC6_8,other_manufactured,2023,import,26550.5
RO,SITC6_8,other_manufactured,2023,import,34885.1
SE,SITC6_8,other_manufactured,2023,import,42698.7
SI,SITC6_8,other_manufactured,2023,import,13094.0
SK,SITC6_8,other_manufactured,2023,import,26421.8
AT,SITC7,machinery_transport,2023,import,74617.3
BE,SITC7,machinery_transport,2023,import,136401.7
BG,SITC7,machinery_transport,2023,import,15529.7
CY,SITC7,machinery_transport,2023,import,4262.7
CZ,SITC7,machinery_transport,2023,import,103102.3
DE,SITC7,machinery_transport,2023,import,538357.8
DK,SITC7,machinery_transport,2023,import,37366.1
EE,SITC7,machinery_transport,2023,import,7615.9
EL,SITC7,machinery_transport,2023,import,18183.5
ES,SITC7,machinery_transport,2023,import,133681.2
FI,SITC7,machinery_transport,2023,import,27129.1
FR,SITC7,machinery_transport,2023,import,245994.1
HR,SITC7,machinery_transport,2023,import,10658.4
HU,SITC7,machinery_transport,2023,import,65860.6
IE,SITC7,machinery_transport,2023,import,52851.4
IT,SITC7,machinery_transport,2023,import,166787.6
LT,SITC7,machinery_transport,2023,import,12979.8
LU,SITC7,machinery_transport,2023,import,7623.7
LV,SITC7,machinery_transport,2023,import,7193.6
MT,SITC7,machinery_transport,2023,import,3132.4
NL,SITC7,machinery_transport,2023,import,261145.7
PL,SITC7,machinery_transport,2023,import,119827.1
PT,SITC7,machinery_transport,2023,import,32347.0
RO,SITC7,machinery_transport,2023,import,44995.7
SE,SITC7,machinery_transport,2023,import,69905.9
SI,SITC7,machinery_transport,2023,import,18704.1
SK,SITC7,machinery_transport,2023,import,52915.9
AT,SITC9,unclassified,2023,import,3578.2
BE,SITC9,unclassified,2023,import,1714.4
BG,SITC9,unclassified,2023,import,29.8
CY,SITC9,unclassified,2023,import,175.5
CZ,SITC9,unclassified,2023,import,684.3
DE,SITC9,unclassified,2023,import,8840.3
DK,SITC9,unclassified,2023,import,353.0
EE,SITC9,unclassified,2023,import,159.1
EL,SITC9,unclassified,2023,import,37.7
ES,SITC9,unclassified,2023,import,1947.9
FI,SITC9,unclassified,2023,import,417.1
FR,SITC9,unclassified,2023,import,5513.6
HR,SITC9,unclassified,2023,import,164.6
HU,SITC9,unclassified,2023,import,1150.8
IE,SITC9,unclassified,2023,import,165.8
IT,SITC9,unclassified,2023,import,8233.5
LT,SITC9,unclassified,2023,import,25.1
LU,SITC9,unclassified,2023,import,65.6
LV,SITC9,unclassified,2023,import,67.1
MT,SITC9,unclassified,2023,import,3.7
NL,SITC9,unclassified,2023,import,422.3
PL,SITC9,unclassified,2023,import,6674.5
PT,SITC9,unclassified,2023,import,67.0
RO,SITC9,unclassified,2023,import,34.5
SE,SITC9,unclassified,2023,import,174.3
SI,SITC9,unclassified,2023,import,185.3
SK,SITC9,unclassified,2023,import,153.6
AT,SITC0_1,food_drinks_tobacco,2024,balance,-708.9
BE,SITC0_1,food_drinks_tobacco,2024,balance,11195.6
BG,SITC0_1,food_drinks_tobacco,2024,balance,-92.8
CY,SITC0_1,food_drinks_tobacco,2024,balance,-1251.5
CZ,SITC0_1,food_drinks_tobacco,2024,balance,-1409.6
DE,SITC0_1,food_drinks_tobacco,2024,balance,-18871.5
DK,SITC0_1,food_drinks_tobacco,2024,balance,5973.6
EE,SITC0_1,food_drinks_tobacco,2024,balance,-477.1
EL,SITC0_1,food_drinks_tobacco,2024,balance,-636.1
ES,SITC0_1,food_drinks_tobacco,2024,balance,18121.2
FI,SITC0_1,food_drinks_tobacco,2024,balance,-3891.1
FR,SITC0_1,food_drinks_tobacco,2024,balance,5440.2
HR,SITC0_1,food_drinks_tobacco,2024,balance,-2677.0
HU,SITC0_1,food_drinks_tobacco,2024,balance,2583.5
IE,SITC0_1,food_drinks_tobacco,2024,balance,5120.2
IT,SITC0_1,food_drinks_tobacco,2024,balance,6730.9
LT,SITC0_1,food_drinks_tobacco,2024,balance,1597.1
LU,SITC0_1,food_drinks_tobacco,2024,balance,-1666.5
LV,SITC0_1,food_drinks_tobacco,2024,balance,76.2
MT,SITC0_1,food_drinks_tobacco,2024,balance,-683.6
NL,SITC0_1,food_drinks_tobacco,2024,balance,36166.9
PL,SITC0_1,food_drinks_tobacco,2024,balance,19512.4
PT,SITC0_1,food_drinks_tobacco,2024,balance,-5171.1
RO,SITC0_1,food_drinks_tobacco,2024,balance,-3649.5
SE,SITC0_1,food_drinks_tobacco,2024,balance,-6936.3
SI,SITC0_1,food_drinks_tobacco,2024,balance,-1287.8
SK,SITC0_1,food_drinks_tobacco,2024,balance,-2774.7
AT,SITC2_4,raw_materials,2024,balance,-2724.9
BE,SITC2_4,raw_materials,2024,balance,-7589.2
BG,SITC2_4,raw_materials,2024,balance,-1886.2
CY,SITC2_4,raw_materials,2024,balance,3.3
CZ,SITC2_4,raw_materials,2024,balance,715.4
DE,SITC2_4,raw_materials,2024,balance,-18956.0
DK,SITC2_4,raw_materials,2024,balance,523.1
EE,SITC2_4,raw_materials,2024,balance,817.0
EL,SITC2_4,raw_materials,2024,balance,149.0
ES,SITC2_4,raw_materials,2024,balance,-2874.0
FI,SITC2_4,raw_materials,2024,balance,2277.4
FR,SITC2_4,raw_materials,2024,balance,-250.3
HR,SITC2_4,raw_materials,2024,balance,721.1
HU,SITC2_4,raw_materials,2024,balance,629.1
IE,SITC2_4,raw_materials,2024,balance,265.1
IT,SITC2_4,raw_materials,2024,balance,-13744.3
LT,SITC2_4,raw_materials,2024,balance,408.7
LU,SITC2_4,raw_materials,2024,balance,-1336.0
LV,SITC2_4,raw_materials,2024,balance,1637.9
MT,SITC2_4,raw_materials,2024,balance,-32.6
NL,SITC2_4,raw_materials,2024,balance,7457.5
PL,SITC2_4,raw_materials,2024,balance,-2989.5
PT,SITC2_4,raw_materials,2024,balance,832.9
RO,SITC2_4,raw_materials,2024,balance,322.7
SE,SITC2_4,raw_materials,2024,balance,4807.0
SI,SITC2_4,raw_materials,2024,balance,-508.2
SK,SITC2_4,raw_materials,2024,balance,-593.2
AT,SITC3,mineral_fuels,2024,balance,-8386.7
BE,SITC3,mineral_fuels,2024,balance,-17368.6
BG,SITC3,mineral_fuels,2024,balance,-2837.8
CY,SITC3,mineral_fuels,2024,balance,-1210.3
CZ,SITC3,mineral_fuels,2024,balance,-7575.0
DE,SITC3,mineral_fuels,2024,balance,-70752.3
DK,SITC3,mineral_fuels,2024,balance,-1750.5
EE,SITC3,mineral_fuels,2024,balance,-668.7
EL,SITC3,mineral_fuels,2024,balance,-6727.5
ES,SITC3,mineral_fuels,2024,balance,-28885.4
FI,SITC3,mineral_fuels,2024,balance,-4649.9
FR,SITC3,mineral_fuels,2024,balance,-54848.6
HR,SITC3,mineral_fuels,2024,balance,-3363.6
HU,SITC3,mineral_fuels,2024,balance,-7477.0
IE,SITC3,mineral_fuels,2024,balance,-6773.7
IT,SITC3,mineral_fuels,2024,balance,-50822.5
LT,SITC3,mineral_fuels,2024,balance,-2142.3
LU,SITC3,mineral_fuels,2024,balance,-2617.2
LV,SITC3,mineral_fuels,2024,balance,-1049.5
MT,SITC3,mineral_fuels,2024,balance,-1500.4
NL,SITC3,mineral_fuels,2024,balance,-7872.0
PL,SITC3,mineral_fuels,2024,balance,-17174.3
PT,SITC3,mineral_fuels,2024,balance,-5965.8
RO,SITC3,mineral_fuels,2024,balance,-5540.6
SE,SITC3,mineral_fuels,2024,balance,-4521.8
SI,SITC3,mineral_fuels,2024,balance,-1498.3
SK,SITC3,mineral_fuels,2024,balance,-3274.9
AT,SITC5,chemicals,2024,balance,6209.4
BE,SITC5,chemicals,2024,balance,33677.4
BG,SITC5,chemicals,2024,balance,-1963.5
CY,SITC5,chemicals,2024,balance,-768.4
CZ,SITC5,chemicals,2024,balance,-8209.3
DE,SITC5,chemicals,2024,balance,79779.8
DK,SITC5,chemicals,2024,balance,16019.3
EE,SITC5,chemicals,2024,balance,-1343.4
EL,SITC5,chemicals,2024,balance,-6105.7
ES,SITC5,chemicals,2024,balance,-3380.3
FI,SITC5,chemicals,2024,balance,-374.1
FR,SITC5,chemicals,2024,balance,21045.0
HR,SITC5,chemicals,2024,balance,-2565.1
HU,SITC5,chemicals,2024,balance,-1309.1
IE,SITC5,chemicals,2024,balance,113697.3
IT,SITC5,chemicals,2024,balance,2139.6
LT,SITC5,chemicals,2024,balance,-780.2
LU,SITC5,chemicals,2024,balance,-1210.0
LV,SITC5,chemicals,2024,balance,-1060.0
MT,SITC5,chemicals,2024,balance,-403.5
NL,SITC5,chemicals,2024,balance,34700.9
PL,SITC5,chemicals,2024,balance,-16001.1
PT,SITC5,chemicals,2024,balance,-7841.9
RO,SITC5,chemicals,2024,balance,-12831.9
SE,SITC5,chemicals,2024,balance,4685.3
SI,SITC5,chemicals,2024,balance,-6081.3
SK,SITC5,chemicals,2024,balance,-4598.8
AT,SITC6_8,other_manufactured,2024,balance,2116.0
BE,SITC6_8,other_manufactured,2024,balance,15347.4
BG,SITC6_8,other_manufactured,2024,balance,4606.8
CY,SITC6_8,other_manufactured,2024,balance,-2437.1
CZ,SITC6_8,other_manufactured,2024,balance,3683.4
DE,SITC6_8,other_manufactured,2024,balance,32803.0
DK,SITC6_8,other_manufactured,2024,balance,-3728.2
EE,SITC6_8,other_manufactured,2024,balance,-115.4
EL,SITC6_8,other_manufactured,2024,balance,-8145.6
ES,SITC6_8,other_manufactured,2024,balance,-14957.1
FI,SITC6_8,other_manufactured,2024,balance,6056.7
FR,SITC6_8,other_manufactured,2024,balance,-48084.6
HR,SITC6_8,other_manufactured,2024,balance,-5242.9
HU,SITC6_8,other_manufactured,2024,balance,-5010.0
IE,SITC6_8,other_manufactured,2024,balance,1564.0
IT,SITC6_8,other_manufactured,2024,balance,55944.7
LT,SITC6_8,other_manufactured,2024,balance,770.4
LU,SITC6_8,other_manufactured,2024,balance,1078.0
LV,SITC6_8,other_manufactured,2024,balance,-295.5
MT,SITC6_8,other_manufactured,2024,balance,-572.7
NL,SITC6_8,other_manufactured,2024,balance,2642.8
PL,SITC6_8,other_manufactured,2024,balance,15750.9
PT,SITC6_8,other_manufactured,2024,balance,1213.8
RO,SITC6_8,other_manufactured,2024,balance,-9523.7
SE,SITC6_8,other_manufactured,2024,balance,2271.2
SI,SITC6_8,other_manufactured,2024,balance,1307.1
SK,SITC6_8,other_manufactured,2024,balance,-1327.9
AT,SITC7,machinery_transport,2024,balance,4997.9
BE,SITC7,machinery_transport,2024,balance,-11771.8
BG,SITC7,machinery_transport,2024,balance,-4322.8
CY,SITC7,machinery_transport,2024,balance,-1593.0
CZ,SITC7,machinery_transport,2024,balance,40320.8
DE,SITC7,machinery_transport,2024,balance,226079.8
DK,SITC7,machinery_transport,2024,balance,-7283.2
EE,SITC7,machinery_transport,2024,balance,-1576.4
EL,SITC7,machinery_transport,2024,balance,-14247.3
ES,SITC7,machinery_transport,2024,balance,-17875.3
FI,SITC7,machinery_transport,2024,balance,-3108.0
FR,SITC7,machinery_transport,2024,balance,-32381.1
HR,SITC7,machinery_transport,2024,balance,-6109.2
HU,SITC7,machinery_transport,2024,balance,19529.2
IE,SITC7,machinery_transport,2024,balance,-24193.4
IT,SITC7,machinery_transport,2024,balance,48080.6
LT,SITC7,machinery_transport,2024,balance,-4438.5
LU,SITC7,machinery_transport,2024,balance,-3603.8
LV,SITC7,machinery_transport,2024,balance,-2227.5
MT,SITC7,machinery_transport,2024,balance,-2091.3
NL,SITC7,machinery_transport,2024,balance,20339.0
PL,SITC7,machinery_transport,2024,balance,6878.8
PT,SITC7,machinery_transport,2024,balance,-11612.2
RO,SITC7,machinery_transport,2024,balance,-2457.2
SE,SITC7,machinery_transport,2024,balance,4488.7
SI,SITC7,machinery_transport,2024,balance,3077.7
SK,SITC7,machinery_transport,2024,balance,14412.8
AT,SITC9,unclassified,2024,balance,710.2
BE,SITC9,unclassified,2024,balance,2825.5
BG,SITC9,unclassified,2024,balance,-95.3
CY,SITC9,unclassified,2024,balance,-135.6
CZ,SITC9,unclassified,2024,balance,151.1
DE,SITC9,unclassified,2024,balance,12268.0
DK,SITC9,unclassified,2024,balance,-68.8
EE,SITC9,unclassified,2024,balance,-5.2
EL,SITC9,unclassified,2024,balance,114.4
ES,SITC9,unclassified,2024,balance,2901.2
FI,SITC9,unclassified,2024,balance,971.0
FR,SITC9,unclassified,2024,balance,6438.7
HR,SITC9,unclassified,2024,balance,-108.1
HU,SITC9,unclassified,2024,balance,-591.3
IE,SITC9,unclassified,2024,balance,-71.9
IT,SITC9,unclassified,2024,balance,-41.7
LT,SITC9,unclassified,2024,balance,-13.6
LU,SITC9,unclassified,2024,balance,234.8
LV,SITC9,unclassified,2024,balance,74.7
MT,SITC9,unclassified,2024,balance,49.5
NL,SITC9,unclassified,2024,balance,2551.8
PL,SITC9,unclassified,2024,balance,-5474.8
PT,SITC9,unclassified,2024,balance,195.9
RO,SITC9,unclassified,2024,balance,223.2
SE,SITC9,unclassified,2024,balance,769.1
SI,SITC9,unclassified,2024,balance,-129.0
SK,SITC9,unclassified,2024,balance,-20.5
AT,SITC0_1,food_drinks_tobacco,2024,export,16787.4
BE,SITC0_1,food_drinks_tobacco,2024,export,56377.2
BG,SITC0_1,food_drinks_tobacco,2024,export,5415.7
CY,SITC0_1,food_drinks_tobacco,2024,export,569.0
CZ,SITC0_1,food_drinks_tobacco,2024,export,12258.1
DE,SITC0_1,food_drinks_tobacco,2024,export,93071.4
DK,SITC0_1,food_drinks_tobacco,2024,export,21125.3
EE,SITC0_1,food_drinks_tobacco,2024,export,2002.7
EL,SITC0_1,food_drinks_tobacco,2024,export,9654.7
ES,SITC0_1,food_drinks_tobacco,2024,export,65864.5
FI,SITC0_1,food_drinks_tobacco,2024,export,2198.5
FR,SITC0_1,food_drinks_tobacco,2024,export,75628.4
HR,SITC0_1,food_drinks_tobacco,2024,export,3334.8
HU,SITC0_1,food_drinks_tobacco,2024,export,11282.9
IE,SITC0_1,food_drinks_tobacco,2024,export,17233.2
IT,SITC0_1,food_drinks_tobacco,2024,export,62267.8
LT,SITC0_1,food_drinks_tobacco,2024,export,6572.4
LU,SITC0_1,food_drinks_tobacco,2024,export,1723.0
LV,SITC0_1,food_drinks_tobacco,2024,export,4067.4
MT,SITC0_1,food_drinks_tobacco,2024,export,337.4
NL,SITC0_1,food_drinks_tobacco,2024,export,108893.7
PL,SITC0_1,food_drinks_tobacco,2024,export,51071.6
PT,SITC0_1,food_drinks_tobacco,2024,export,9294.8
RO,SITC0_1,food_drinks_tobacco,2024,export,9039.7
SE,SITC0_1,food_drinks_tobacco,2024,export,11830.8
SI,SITC0_1,food_drinks_tobacco,2024,export,3226.2
SK,SITC0_1,food_drinks_tobacco,2024,export,4566.0
AT,SITC2_4,raw_materials,2024,export,5151.2
BE,SITC2_4,raw_materials,2024,export,14372.3
BG,SITC2_4,raw_materials,2024,export,3159.4
CY,SITC2_4,raw_materials,2024,export,128.7
CZ,SITC2_4,raw_materials,2024,export,4992.7
DE,SITC2_4,raw_materials,2024,export,29325.0
DK,SITC2_4,raw_materials,2024,export,4647.9
EE,SITC2_4,raw_materials,2024,export,1635.6
EL,SITC2_4,raw_materials,2024,export,2872.9
ES,SITC2_4,raw_materials,2024,export,18549.1
FI,SITC2_4,raw_materials,2024,export,7855.2
FR,SITC2_4,raw_materials,2024,export,16357.7
HR,SITC2_4,raw_materials,2024,export,1604.3
HU,SITC2_4,raw_materials,2024,export,3289.3
IE,SITC2_4,raw_materials,2024,export,2016.3
IT,SITC2_4,raw_materials,2024,export,12149.3
LT,SITC2_4,raw_materials,2024,export,2061.7
LU,SITC2_4,raw_materials,2024,export,199.3
LV,SITC2_4,raw_materials,2024,export,2706.8
MT,SITC2_4,raw_materials,2024,export,27.9
NL,SITC2_4,raw_materials,2024,export,38430.5
PL,SITC2_4,raw_materials,2024,export,7934.8
PT,SITC2_4,raw_materials,2024,export,5213.9
RO,SITC2_4,raw_materials,2024,export,3557.0
SE,SITC2_4,raw_materials,2024,export,11760.8
SI,SITC2_4,raw_materials,2024,export,1680.3
SK,SITC2_4,raw_materials,2024,export,2021.3
AT,SITC3,mineral_fuels,2024,export,5708.7
BE,SITC3,mineral_fuels,2024,export,55967.7
BG,SITC3,mineral_fuels,2024,export,4294.0
CY,SITC3,mineral_fuels,2024,export,1595.8
CZ,SITC3,mineral_fuels,2024,export,4132.6
DE,SITC3,mineral_fuels,2024,export,36141.4
DK,SITC3,mineral_fuels,2024,export,6125.7
EE,SITC3,mineral_fuels,2024,export,1364.8
EL,SITC3,mineral_fuels,2024,export,14911.8
ES,SITC3,mineral_fuels,2024,export,30130.8
FI,SITC3,mineral_fuels,2024,export,5621.8
FR,SITC3,mineral_fuels,2024,export,26249.5
HR,SITC3,mineral_fuels,2024,export,3228.6
HU,SITC3,mineral_fuels,2024,export,4859.8
IE,SITC3,mineral_fuels,2024,export,1074.5
IT,SITC3,mineral_fuels,2024,export,21564.1
LT,SITC3,mineral_fuels,2024,export,5312.1
LU,SITC3,mineral_fuels,2024,export,17.4
LV,SITC3,mineral_fuels,2024,export,1352.0
MT,SITC3,mineral_fuels,2024,export,352.4
NL,SITC3,mineral_fuels,2024,export,112535.6
PL,SITC3,mineral_fuels,2024,export,9484.5
PT,SITC3,mineral_fuels,2024,export,5598.9
RO,SITC3,mineral_fuels,2024,export,4828.3
SE,SITC3,mineral_fuels,2024,export,13836.6
SI,SITC3,mineral_fuels,2024,export,3355.7
SK,SITC3,mineral_fuels,2024,export,4251.5
AT,SITC5,chemicals,2024,export,33103.7
BE,SITC5,chemicals,2024,export,157765.5
BG,SITC5,chemicals,2024,export,4577.5
CY,SITC5,chemicals,2024,export,644.7
CZ,SITC5,chemicals,2024,export,16553.1
DE,SITC5,chemicals,2024,export,273971.5
DK,SITC5,chemicals,2024,export,31734.4
EE,SITC5,chemicals,2024,export,1089.7
EL,SITC5,chemicals,2024,export,6142.8
ES,SITC5,chemicals,2024,export,63093.9
FI,SITC5,chemicals,2024,export,8145.9
FR,SITC5,chemicals,2024,export,116674.3
HR,SITC5,chemicals,2024,export,2986.6
HU,SITC5,chemicals,2024,export,19715.3
IE,SITC5,chemicals,2024,export,144835.3
IT,SITC5,chemicals,2024,export,101040.3
LT,SITC5,chemicals,2024,export,5676.6
LU,SITC5,chemicals,2024,export,1971.7
LV,SITC5,chemicals,2024,export,2024.7
MT,SITC5,chemicals,2024,export,512.0
NL,SITC5,chemicals,2024,export,146972.5
PL,SITC5,chemicals,2024,export,32784.1
PT,SITC5,chemicals,2024,export,8318.7
RO,SITC5,chemicals,2024,export,5000.5
SE,SITC5,chemicals,2024,export,26202.4
SI,SITC5,chemicals,2024,export,28527.1
SK,SITC5,chemicals,2024,export,4240.3
AT,SITC6_8,other_manufactured,2024,export,58984.3
BE,SITC6_8,other_manufactured,2024,export,109090.2
BG,SITC6_8,other_manufactured,2024,export,16621.7
CY,SITC6_8,other_manufactured,2024,export,180.1
CZ,SITC6_8,other_manufactured,2024,export,60582.9
DE,SITC6_8,other_manufactured,2024,export,360688.1
DK,SITC6_8,other_manufactured,2024,export,27899.5
EE,SITC6_8,other_manufactured,2024,export,5144.0
EL,SITC6_8,other_manufactured,2024,export,11300.6
ES,SITC6_8,other_manufactured,2024,export,96271.0
FI,SITC6_8,other_manufactured,2024,export,23319.2
FR,SITC6_8,other_manufactured,2024,export,139942.3
HR,SITC6_8,other_manufactured,2024,export,7121.0
HU,SITC6_8,other_manufactured,2024,export,23690.2
IE,SITC6_8,other_manufactured,2024,export,26313.2
IT,SITC6_8,other_manufactured,2024,export,206857.5
LT,SITC6_8,other_manufactured,2024,export,9745.8
LU,SITC6_8,other_manufactured,2024,export,6470.1
LV,SITC6_8,other_manufactured,2024,export,4878.6
MT,SITC6_8,other_manufactured,2024,export,788.1
NL,SITC6_8,other_manufactured,2024,export,170330.5
PL,SITC6_8,other_manufactured,2024,export,119889.2
PT,SITC6_8,other_manufactured,2024,export,28414.0
RO,SITC6_8,other_manufactured,2024,export,26449.1
SE,SITC6_8,other_manufactured,2024,export,44696.7
SI,SITC6_8,other_manufactured,2024,export,14073.9
SK,SITC6_8,other_manufactured,2024,export,25887.4
AT,SITC7,machinery_transport,2024,export,75532.1
BE,SITC7,machinery_transport,2024,export,114050.4
BG,SITC7,machinery_transport,2024,export,10073.3
CY,SITC7,machinery_transport,2024,export,1937.4
CZ,SITC7,machinery_transport,2024,export,143785.2
DE,SITC7,machinery_transport,2024,export,733076.5
DK,SITC7,machinery_transport,2024,export,31249.1
EE,SITC7,machinery_transport,2024,export,5855.7
EL,SITC7,machinery_transport,2024,export,4977.5
ES,SITC7,machinery_transport,2024,export,117315.7
FI,SITC7,machinery_transport,2024,export,22801.1
FR,SITC7,machinery_transport,2024,export,204658.0
HR,SITC7,machinery_transport,2024,export,5684.8
HU,SITC7,machinery_transport,2024,export,83685.9
IE,SITC7,machinery_transport,2024,export,31182.0
IT,SITC7,machinery_transport,2024,export,206536.3
LT,SITC7,machinery_transport,2024,export,7376.1
LU,SITC7,machinery_transport,2024,export,4309.2
LV,SITC7,machinery_transport,2024,export,3902.5
MT,SITC7,machinery_transport,2024,export,1371.6
NL,SITC7,machinery_transport,2024,export,270426.6
PL,SITC7,machinery_transport,2024,export,132123.0
PT,SITC7,machinery_transport,2024,export,21797.0
RO,SITC7,machinery_transport,2024,export,43486.8
SE,SITC7,machinery_transport,2024,export,71680.8
SI,SITC7,machinery_transport,2024,export,21758.5
SK,SITC7,machinery_transport,2024,export,65817.0
AT,SITC9,unclassified,2024,export,2580.2
BE,SITC9,unclassified,2024,export,4750.3
BG,SITC9,unclassified,2024,export,107.3
CY,SITC9,unclassified,2024,export,62.1
CZ,SITC9,unclassified,2024,export,847.3
DE,SITC9,unclassified,2024,export,22692.1
DK,SITC9,unclassified,2024,export,438.6
EE,SITC9,unclassified,2024,export,273.3
EL,SITC9,unclassified,2024,export,142.6
ES,SITC9,unclassified,2024,export,4861.6
FI,SITC9,unclassified,2024,export,2184.3
FR,SITC9,unclassified,2024,export,12715.9
HR,SITC9,unclassified,2024,export,94.6
HU,SITC9,unclassified,2024,export,633.8
IE,SITC9,unclassified,2024,export,93.8
IT,SITC9,unclassified,2024,export,12191.6
LT,SITC9,unclassified,2024,export,28.0
LU,SITC9,unclassified,2024,export,276.2
LV,SITC9,unclassified,2024,export,141.9
MT,SITC9,unclassified,2024,export,105.8
NL,SITC9,unclassified,2024,export,3107.3
PL,SITC9,unclassified,2024,export,467.9
PT,SITC9,unclassified,2024,export,257.8
RO,SITC9,unclassified,2024,export,312.7
SE,SITC9,unclassified,2024,export,836.3
SI,SITC9,unclassified,2024,export,305.7
SK,SITC9,unclassified,2024,export,210.7
AT,SITC0_1,food_drinks_tobacco,2024,import,17496.4
BE,SITC0_1,food_drinks_tobacco,2024,import,45181.6
BG,SITC0_1,food_drinks_tobacco,2024,import,5508.6
CY,SITC0_1,food_drinks_tobacco,2024,import,1820.5
CZ,SITC0_1,food_drinks_tobacco,2024,import,13667.7
DE,SITC0_1,food_drinks_tobacco,2024,import,111942.9
DK,SITC0_1,food_drinks_tobacco,2024,import,15151.7
EE,SITC0_1,food_drinks_tobacco,2024,import,2479.8
EL,SITC0_1,food_drinks_tobacco,2024,import,10290.8
ES,SITC0_1,food_drinks_tobacco,2024,import,47743.3
FI,SITC0_1,food_drinks_tobacco,2024,import,6089.6
FR,SITC0_1,food_drinks_tobacco,2024,import,70188.1
HR,SITC0_1,food_drinks_tobacco,2024,import,6011.9
HU,SITC0_1,food_drinks_tobacco,2024,import,8699.5
IE,SITC0_1,food_drinks_tobacco,2024,import,12113.0
IT,SITC0_1,food_drinks_tobacco,2024,import,55536.9
LT,SITC0_1,food_drinks_tobacco,2024,import,4975.2
LU,SITC0_1,food_drinks_tobacco,2024,import,3389.5
LV,SITC0_1,food_drinks_tobacco,2024,import,3991.3
MT,SITC0_1,food_drinks_tobacco,2024,import,1021.0
NL,SITC0_1,food_drinks_tobacco,2024,import,72726.8
PL,SITC0_1,food_drinks_tobacco,2024,import,31559.2
PT,SITC0_1,food_drinks_tobacco,2024,import,14465.9
RO,SITC0_1,food_drinks_tobacco,2024,import,12689.1
SE,SITC0_1,food_drinks_tobacco,2024,import,18767.1
SI,SITC0_1,food_drinks_tobacco,2024,import,4514.0
SK,SITC0_1,food_drinks_tobacco,2024,import,7340.7
AT,SITC2_4,raw_materials,2024,import,7876.1
BE,SITC2_4,raw_materials,2024,import,21961.5
BG,SITC2_4,raw_materials,2024,import,5045.7
CY,SITC2_4,raw_materials,2024,import,125.4
CZ,SITC2_4,raw_materials,2024,import,4277.3
DE,SITC2_4,raw_materials,2024,import,48281.0
DK,SITC2_4,raw_materials,2024,import,4124.7
EE,SITC2_4,raw_materials,2024,import,818.6
EL,SITC2_4,raw_materials,2024,import,2724.0
ES,SITC2_4,raw_materials,2024,import,21423.2
FI,SITC2_4,raw_materials,2024,import,5577.8
FR,SITC2_4,raw_materials,2024,import,16608.0
HR,SITC2_4,raw_materials,2024,import,883.2
HU,SITC2_4,raw_materials,2024,import,2660.3
IE,SITC2_4,raw_materials,2024,import,1751.2
IT,SITC2_4,raw_materials,2024,import,25893.6
LT,SITC2_4,raw_materials,2024,import,1653.0
LU,SITC2_4,raw_materials,2024,import,1535.3
LV,SITC2_4,raw_materials,2024,import,1068.9
MT,SITC2_4,raw_materials,2024,import,60.5
NL,SITC2_4,raw_materials,2024,import,30972.9
PL,SITC2_4,raw_materials,2024,import,10924.3
PT,SITC2_4,raw_materials,2024,import,4381.0
RO,SITC2_4,raw_materials,2024,import,3234.2
SE,SITC2_4,raw_materials,2024,import,6953.8
SI,SITC2_4,raw_materials,2024,import,2188.5
SK,SITC2_4,raw_materials,2024,import,2614.4
AT,SITC3,mineral_fuels,2024,import,14095.3
BE,SITC3,mineral_fuels,2024,import,73336.3
BG,SITC3,mineral_fuels,2024,import,7131.9
CY,SITC3,mineral_fuels,2024,import,2806.1
CZ,SITC3,mineral_fuels,2024,import,11707.5
DE,SITC3,mineral_fuels,2024,import,106893.7
DK,SITC3,mineral_fuels,2024,import,7876.2
EE,SITC3,mineral_fuels,2024,import,2033.5
EL,SITC3,mineral_fuels,2024,import,21639.3
ES,SITC3,mineral_fuels,2024,import,59016.1
FI,SITC3,mineral_fuels,2024,import,10271.7
FR,SITC3,mineral_fuels,2024,import,81098.1
HR,SITC3,mineral_fuels,2024,import,6592.2
HU,SITC3,mineral_fuels,2024,import,12336.8
IE,SITC3,mineral_fuels,2024,import,7848.2
IT,SITC3,mineral_fuels,2024,import,72386.7
LT,SITC3,mineral_fuels,2024,import,7454.4
LU,SITC3,mineral_fuels,2024,import,2634.6
LV,SITC3,mineral_fuels,2024,import,2401.5
MT,SITC3,mineral_fuels,2024,import,1852.8
NL,SITC3,mineral_fuels,2024,import,120407.6
PL,SITC3,mineral_fuels,2024,import,26658.8
PT,SITC3,mineral_fuels,2024,import,11564.7
RO,SITC3,mineral_fuels,2024,import,10368.9
SE,SITC3,mineral_fuels,2024,import,18358.4
SI,SITC3,mineral_fuels,2024,import,4854.0
SK,SITC3,mineral_fuels,2024,import,7526.4
AT,SITC5,chemicals,2024,import,26894.3
BE,SITC5,chemicals,2024,import,124088.0
BG,SITC5,chemicals,2024,import,6541.0
CY,SITC5,chemicals,2024,import,1413.1
CZ,SITC5,chemicals,2024,import,24762.4
DE,SITC5,chemicals,2024,import,194191.7
DK,SITC5,chemicals,2024,import,15715.0
EE,SITC5,chemicals,2024,import,2433.1
EL,SITC5,chemicals,2024,import,12248.5
ES,SITC5,chemicals,2024,import,66474.3
FI,SITC5,chemicals,2024,import,8520.0
FR,SITC5,chemicals,2024,import,95629.3
HR,SITC5,chemicals,2024,import,5551.7
HU,SITC5,chemicals,2024,import,21024.4
IE,SITC5,chemicals,2024,import,31138.0
IT,SITC5,chemicals,2024,import,98900.7
LT,SITC5,chemicals,2024,import,6456.7
LU,SITC5,chemicals,2024,import,3181.8
LV,SITC5,chemicals,2024,import,3084.7
MT,SITC5,chemicals,2024,import,915.5
NL,SITC5,chemicals,2024,import,112271.6
PL,SITC5,chemicals,2024,import,48785.2
PT,SITC5,chemicals,2024,import,16160.6
RO,SITC5,chemicals,2024,import,17832.5
SE,SITC5,chemicals,2024,import,21517.0
SI,SITC5,chemicals,2024,import,34608.4
SK,SITC5,chemicals,2024,import,8839.1
AT,SITC6_8,other_manufactured,2024,import,56868.3
BE,SITC6_8,other_manufactured,2024,import,93742.8
BG,SITC6_8,other_manufactured,2024,import,12014.9
CY,SITC6_8,other_manufactured,2024,import,2617.2
CZ,SITC6_8,other_manufactured,2024,import,56899.6
DE,SITC6_8,other_manufactured,2024,import,327885.1
DK,SITC6_8,other_manufactured,2024,import,31627.7
EE,SITC6_8,other_manufactured,2024,import,5259.4
EL,SITC6_8,other_manufactured,2024,import,19446.2
ES,SITC6_8,other_manufactured,2024,import,111228.1
FI,SITC6_8,other_manufactured,2024,import,17262.5
FR,SITC6_8,other_manufactured,2024,import,188026.9
HR,SITC6_8,other_manufactured,2024,import,12363.9
HU,SITC6_8,other_manufactured,2024,import,28700.3
IE,SITC6_8,other_manufactured,2024,import,24749.2
IT,SITC6_8,other_manufactured,2024,import,150912.9
LT,SITC6_8,other_manufactured,2024,import,8975.4
LU,SITC6_8,other_manufactured,2024,import,5392.1
LV,SITC6_8,other_manufactured,2024,import,5174.2
MT,SITC6_8,other_manufactured,2024,import,1360.8
NL,SITC6_8,other_manufactured,2024,import,167687.7
PL,SITC6_8,other_manufactured,2024,import,104138.3
PT,SITC6_8,other_manufactured,2024,import,27200.2
RO,SITC6_8,other_manufactured,2024,import,35972.8
SE,SITC6_8,other_manufactured,2024,import,42425.5
SI,SITC6_8,other_manufactured,2024,import,12766.8
SK,SITC6_8,other_manufactured,2024,import,27215.3
AT,SITC7,machinery_transport,2024,import,70534.2
BE,SITC7,machinery_transport,2024,import,125822.2
BG,SITC7,machinery_transport,2024,import,14396.1
CY,SITC7,machinery_transport,2024,import,3530.4
CZ,SITC7,machinery_transport,2024,import,103464.4
DE,SITC7,machinery_transport,2024,import,506996.7
DK,SITC7,machinery_transport,2024,import,38532.3
EE,SITC7,machinery_transport,2024,import,7432.0
EL,SITC7,machinery_transport,2024,import,19224.7
ES,SITC7,machinery_transport,2024,import,135191.0
FI,SITC7,machinery_transport,2024,import,25909.0
FR,SITC7,machinery_transport,2024,import,237039.1
HR,SITC7,machinery_transport,2024,import,11794.0
HU,SITC7,machinery_transport,2024,import,64156.6
IE,SITC7,machinery_transport,2024,import,55375.4
IT,SITC7,machinery_transport,2024,import,158455.7
LT,SITC7,machinery_transport,2024,import,11814.6
LU,SITC7,machinery_transport,2024,import,7913.0
LV,SITC7,machinery_transport,2024,import,6130.0
MT,SITC7,machinery_transport,2024,import,3462.9
NL,SITC7,machinery_transport,2024,import,250087.6
PL,SITC7,machinery_transport,2024,import,125244.2
PT,SITC7,machinery_transport,2024,import,33409.2
RO,SITC7,machinery_transport,2024,import,45944.0
SE,SITC7,machinery_transport,2024,import,67192.2
SI,SITC7,machinery_transport,2024,import,18680.8
SK,SITC7,machinery_transport,2024,import,51404.2
AT,SITC9,unclassified,2024,import,1870.1
BE,SITC9,unclassified,2024,import,1924.8
BG,SITC9,unclassified,2024,import,202.6
CY,SITC9,unclassified,2024,import,197.8
CZ,SITC9,unclassified,2024,import,696.2
DE,SITC9,unclassified,2024,import,10424.1
DK,SITC9,unclassified,2024,import,507.5
EE,SITC9,unclassified,2024,import,278.5
EL,SITC9,unclassified,2024,import,28.2
ES,SITC9,unclassified,2024,import,1960.4
FI,SITC9,unclassified,2024,import,1213.3
FR,SITC9,unclassified,2024,import,6277.2
HR,SITC9,unclassified,2024,import,202.7
HU,SITC9,unclassified,2024,import,1225.1
IE,SITC9,unclassified,2024,import,165.7
IT,SITC9,unclassified,2024,import,12233.4
LT,SITC9,unclassified,2024,import,41.6
LU,SITC9,unclassified,2024,import,41.4
LV,SITC9,unclassified,2024,import,67.2
MT,SITC9,unclassified,2024,import,56.3
NL,SITC9,unclassified,2024,import,555.5
PL,SITC9,unclassified,2024,import,5942.7
PT,SITC9,unclassified,2024,import,61.9
RO,SITC9,unclassified,2024,import,89.4
SE,SITC9,unclassified,2024,import,67.2
SI,SITC9,unclassified,2024,import,434.7
SK,SITC9,unclassified,2024,import,231.1
AT,SITC0_1,food_drinks_tobacco,2025,balance,-1356.3
BE,SITC0_1,food_drinks_tobacco,2025,balance,10134.0
BG,SITC0_1,food_drinks_tobacco,2025,balance,-741.5
CY,SITC0_1,food_drinks_tobacco,2025,balance,-1378.4
CZ,SITC0_1,food_drinks_tobacco,2025,balance,-1795.6
DE,SITC0_1,food_drinks_tobacco,2025,balance,-23891.9
DK,SITC0_1,food_drinks_tobacco,2025,balance,6507.4
EE,SITC0_1,food_drinks_tobacco,2025,balance,-525.3
EL,SITC0_1,food_drinks_tobacco,2025,balance,-786.2
ES,SITC0_1,food_drinks_tobacco,2025,balance,16610.3
FI,SITC0_1,food_drinks_tobacco,2025,balance,-4040.7
FR,SITC0_1,food_drinks_tobacco,2025,balance,541.8
HR,SITC0_1,food_drinks_tobacco,2025,balance,-2962.9
HU,SITC0_1,food_drinks_tobacco,2025,balance,2169.0
IE,SITC0_1,food_drinks_tobacco,2025,balance,5917.2
IT,SITC0_1,food_drinks_tobacco,2025,balance,4398.8
LT,SITC0_1,food_drinks_tobacco,2025,balance,1483.0
LU,SITC0_1,food_drinks_tobacco,2025,balance,-1729.7
LV,SITC0_1,food_drinks_tobacco,2025,balance,78.5
MT,SITC0_1,food_drinks_tobacco,2025,balance,-766.3
NL,SITC0_1,food_drinks_tobacco,2025,balance,36190.2
PL,SITC0_1,food_drinks_tobacco,2025,balance,21493.5
PT,SITC0_1,food_drinks_tobacco,2025,balance,-6210.0
RO,SITC0_1,food_drinks_tobacco,2025,balance,-2671.6
SE,SITC0_1,food_drinks_tobacco,2025,balance,-7796.6
SI,SITC0_1,food_drinks_tobacco,2025,balance,-1235.9
SK,SITC0_1,food_drinks_tobacco,2025,balance,-2647.0
AT,SITC2_4,raw_materials,2025,balance,-2185.3
BE,SITC2_4,raw_materials,2025,balance,-8567.7
BG,SITC2_4,raw_materials,2025,balance,-751.3
CY,SITC2_4,raw_materials,2025,balance,0.7
CZ,SITC2_4,raw_materials,2025,balance,625.7
DE,SITC2_4,raw_materials,2025,balance,-20637.9
DK,SITC2_4,raw_materials,2025,balance,101.3
EE,SITC2_4,raw_materials,2025,balance,710.4
EL,SITC2_4,raw_materials,2025,balance,-147.9
ES,SITC2_4,raw_materials,2025,balance,-2608.7
FI,SITC2_4,raw_materials,2025,balance,2106.4
FR,SITC2_4,raw_materials,2025,balance,209.0
HR,SITC2_4,raw_materials,2025,balance,783.2
HU,SITC2_4,raw_materials,2025,balance,527.0
IE,SITC2_4,raw_materials,2025,balance,410.9
IT,SITC2_4,raw_materials,2025,balance,-14965.6
LT,SITC2_4,raw_materials,2025,balance,194.4
LU,SITC2_4,raw_materials,2025,balance,-1415.4
LV,SITC2_4,raw_materials,2025,balance,1533.9
MT,SITC2_4,raw_materials,2025,balance,-52.0
NL,SITC2_4,raw_materials,2025,balance,8432.3
PL,SITC2_4,raw_materials,2025,balance,-3577.9
PT,SITC2_4,raw_materials,2025,balance,547.8
RO,SITC2_4,raw_materials,2025,balance,1214.1
SE,SITC2_4,raw_materials,2025,balance,5228.2
SI,SITC2_4,raw_materials,2025,balance,-444.9
SK,SITC2_4,raw_materials,2025,balance,-695.1
AT,SITC3,mineral_fuels,2025,balance,-7742.6
BE,SITC3,mineral_fuels,2025,balance,-17215.2
BG,SITC3,mineral_fuels,2025,balance,-4040.5
CY,SITC3,mineral_fuels,2025,balance,-881.4
CZ,SITC3,mineral_fuels,2025,balance,-7189.7
DE,SITC3,mineral_fuels,2025,balance,-68647.6
DK,SITC3,mineral_fuels,2025,balance,-481.8
EE,SITC3,mineral_fuels,2025,balance,-566.7
EL,SITC3,mineral_fuels,2025,balance,-3799.3
ES,SITC3,mineral_fuels,2025,balance,-28622.2
FI,SITC3,mineral_fuels,2025,balance,-3320.7
FR,SITC3,mineral_fuels,2025,balance,-44905.2
HR,SITC3,mineral_fuels,2025,balance,-3128.1
HU,SITC3,mineral_fuels,2025,balance,-6455.0
IE,SITC3,mineral_fuels,2025,balance,-6682.4
IT,SITC3,mineral_fuels,2025,balance,-43806.5
LT,SITC3,mineral_fuels,2025,balance,-1888.8
LU,SITC3,mineral_fuels,2025,balance,-2210.1
LV,SITC3,mineral_fuels,2025,balance,-744.5
MT,SITC3,mineral_fuels,2025,balance,-1339.3
NL,SITC3,mineral_fuels,2025,balance,-7009.5
PL,SITC3,mineral_fuels,2025,balance,-15486.9
PT,SITC3,mineral_fuels,2025,balance,-5341.9
RO,SITC3,mineral_fuels,2025,balance,-4632.3
SE,SITC3,mineral_fuels,2025,balance,-2750.2
SI,SITC3,mineral_fuels,2025,balance,-1359.1
SK,SITC3,mineral_fuels,2025,balance,-2313.8
AT,SITC5,chemicals,2025,balance,881.1
BE,SITC5,chemicals,2025,balance,28332.9
BG,SITC5,chemicals,2025,balance,-2342.4
CY,SITC5,chemicals,2025,balance,-929.7
CZ,SITC5,chemicals,2025,balance,-8857.8
DE,SITC5,chemicals,2025,balance,79231.4
DK,SITC5,chemicals,2025,balance,18539.4
EE,SITC5,chemicals,2025,balance,-1380.9
EL,SITC5,chemicals,2025,balance,-6150.4
ES,SITC5,chemicals,2025,balance,-6675.0
FI,SITC5,chemicals,2025,balance,-612.8
FR,SITC5,chemicals,2025,balance,16010.4
HR,SITC5,chemicals,2025,balance,-2738.1
HU,SITC5,chemicals,2025,balance,-300.6
IE,SITC5,chemicals,2025,balance,137290.6
IT,SITC5,chemicals,2025,balance,1340.4
LT,SITC5,chemicals,2025,balance,-1002.2
LU,SITC5,chemicals,2025,balance,-1294.3
LV,SITC5,chemicals,2025,balance,-1258.2
MT,SITC5,chemicals,2025,balance,-407.4
NL,SITC5,chemicals,2025,balance,36522.4
PL,SITC5,chemicals,2025,balance,-16388.6
PT,SITC5,chemicals,2025,balance,-8749.2
RO,SITC5,chemicals,2025,balance,-13441.9
SE,SITC5,chemicals,2025,balance,5173.3
SI,SITC5,chemicals,2025,balance,3751.9
SK,SITC5,chemicals,2025,balance,-4749.1
AT,SITC6_8,other_manufactured,2025,balance,923.4
BE,SITC6_8,other_manufactured,2025,balance,15109.9
BG,SITC6_8,other_manufactured,2025,balance,3200.4
CY,SITC6_8,other_manufactured,2025,balance,-2644.1
CZ,SITC6_8,other_manufactured,2025,balance,1528.6
DE,SITC6_8,other_manufactured,2025,balance,22260.4
DK,SITC6_8,other_manufactured,2025,balance,-3611.1
EE,SITC6_8,other_manufactured,2025,balance,-448.9
EL,SITC6_8,other_manufactured,2025,balance,-7978.0
ES,SITC6_8,other_manufactured,2025,balance,-19474.2
FI,SITC6_8,other_manufactured,2025,balance,6074.8
FR,SITC6_8,other_manufactured,2025,balance,-47868.6
HR,SITC6_8,other_manufactured,2025,balance,-6057.7
HU,SITC6_8,other_manufactured,2025,balance,-5558.0
IE,SITC6_8,other_manufactured,2025,balance,2519.8
IT,SITC6_8,other_manufactured,2025,balance,50160.8
LT,SITC6_8,other_manufactured,2025,balance,484.3
LU,SITC6_8,other_manufactured,2025,balance,1149.4
LV,SITC6_8,other_manufactured,2025,balance,-309.6
MT,SITC6_8,other_manufactured,2025,balance,-601.4
NL,SITC6_8,other_manufactured,2025,balance,2745.4
PL,SITC6_8,other_manufactured,2025,balance,11529.4
PT,SITC6_8,other_manufactured,2025,balance,-612.6
RO,SITC6_8,other_manufactured,2025,balance,-10815.0
SE,SITC6_8,other_manufactured,2025,balance,2351.7
SI,SITC6_8,other_manufactured,2025,balance,1114.7
SK,SITC6_8,other_manufactured,2025,balance,-1081.8
AT,SITC7,machinery_transport,2025,balance,2960.8
BE,SITC7,machinery_transport,2025,balance,-6252.1
BG,SITC7,machinery_transport,2025,balance,-5702.5
CY,SITC7,machinery_transport,2025,balance,-2330.5
CZ,SITC7,machinery_transport,2025,balance,42169.5
DE,SITC7,machinery_transport,2025,balance,208069.9
DK,SITC7,machinery_transport,2025,balance,-10615.9
EE,SITC7,machinery_transport,2025,balance,-1592.4
EL,SITC7,machinery_transport,2025,balance,-15049.3
ES,SITC7,machinery_transport,2025,balance,-29033.1
FI,SITC7,machinery_transport,2025,balance,-2746.0
FR,SITC7,machinery_transport,2025,balance,-27458.3
HR,SITC7,machinery_transport,2025,balance,-6167.7
HU,SITC7,machinery_transport,2025,balance,18461.0
IE,SITC7,machinery_transport,2025,balance,-23151.7
IT,SITC7,machinery_transport,2025,balance,47814.5
LT,SITC7,machinery_transport,2025,balance,-5801.0
LU,SITC7,machinery_transport,2025,balance,-3569.6
LV,SITC7,machinery_transport,2025,balance,-2925.4
MT,SITC7,machinery_transport,2025,balance,-2044.9
NL,SITC7,machinery_transport,2025,balance,23407.5
PL,SITC7,machinery_transport,2025,balance,3323.0
PT,SITC7,machinery_transport,2025,balance,-12218.3
RO,SITC7,machinery_transport,2025,balance,-2722.5
SE,SITC7,machinery_transport,2025,balance,1050.2
SI,SITC7,machinery_transport,2025,balance,2402.1
SK,SITC7,machinery_transport,2025,balance,14099.0
AT,SITC9,unclassified,2025,balance,-145.8
BE,SITC9,unclassified,2025,balance,3921.2
BG,SITC9,unclassified,2025,balance,-395.1
CY,SITC9,unclassified,2025,balance,-170.1
CZ,SITC9,unclassified,2025,balance,-56.9
DE,SITC9,unclassified,2025,balance,4742.0
DK,SITC9,unclassified,2025,balance,-404.3
EE,SITC9,unclassified,2025,balance,-21.5
EL,SITC9,unclassified,2025,balance,115.7
ES,SITC9,unclassified,2025,balance,3649.5
FI,SITC9,unclassified,2025,balance,1253.0
FR,SITC9,unclassified,2025,balance,9505.6
HR,SITC9,unclassified,2025,balance,-262.0
HU,SITC9,unclassified,2025,balance,-762.2
IE,SITC9,unclassified,2025,balance,-140.0
IT,SITC9,unclassified,2025,balance,5759.6
LT,SITC9,unclassified,2025,balance,-61.8
LU,SITC9,unclassified,2025,balance,225.6
LV,SITC9,unclassified,2025,balance,47.9
MT,SITC9,unclassified,2025,balance,58.8
NL,SITC9,unclassified,2025,balance,2662.6
PL,SITC9,unclassified,2025,balance,-7090.8
PT,SITC9,unclassified,2025,balance,296.2
RO,SITC9,unclassified,2025,balance,351.1
SE,SITC9,unclassified,2025,balance,967.3
SI,SITC9,unclassified,2025,balance,-344.3
SK,SITC9,unclassified,2025,balance,-1.7
AT,SITC0_1,food_drinks_tobacco,2025,export,17171.9
BE,SITC0_1,food_drinks_tobacco,2025,export,59676.6
BG,SITC0_1,food_drinks_tobacco,2025,export,5509.7
CY,SITC0_1,food_drinks_tobacco,2025,export,613.7
CZ,SITC0_1,food_drinks_tobacco,2025,export,12936.9
DE,SITC0_1,food_drinks_tobacco,2025,export,98896.1
DK,SITC0_1,food_drinks_tobacco,2025,export,22034.5
EE,SITC0_1,food_drinks_tobacco,2025,export,2138.0
EL,SITC0_1,food_drinks_tobacco,2025,export,10549.1
ES,SITC0_1,food_drinks_tobacco,2025,export,69069.4
FI,SITC0_1,food_drinks_tobacco,2025,export,2311.1
FR,SITC0_1,food_drinks_tobacco,2025,export,77248.1
HR,SITC0_1,food_drinks_tobacco,2025,export,3586.0
HU,SITC0_1,food_drinks_tobacco,2025,export,11182.6
IE,SITC0_1,food_drinks_tobacco,2025,export,18777.8
IT,SITC0_1,food_drinks_tobacco,2025,export,66314.7
LT,SITC0_1,food_drinks_tobacco,2025,export,6899.4
LU,SITC0_1,food_drinks_tobacco,2025,export,1887.8
LV,SITC0_1,food_drinks_tobacco,2025,export,4149.2
MT,SITC0_1,food_drinks_tobacco,2025,export,335.6
NL,SITC0_1,food_drinks_tobacco,2025,export,117092.1
PL,SITC0_1,food_drinks_tobacco,2025,export,55729.2
PT,SITC0_1,food_drinks_tobacco,2025,export,9869.3
RO,SITC0_1,food_drinks_tobacco,2025,export,9939.2
SE,SITC0_1,food_drinks_tobacco,2025,export,12845.5
SI,SITC0_1,food_drinks_tobacco,2025,export,3518.2
SK,SITC0_1,food_drinks_tobacco,2025,export,4777.6
AT,SITC2_4,raw_materials,2025,export,5613.1
BE,SITC2_4,raw_materials,2025,export,14910.3
BG,SITC2_4,raw_materials,2025,export,3681.3
CY,SITC2_4,raw_materials,2025,export,133.3
CZ,SITC2_4,raw_materials,2025,export,4992.5
DE,SITC2_4,raw_materials,2025,export,30276.6
DK,SITC2_4,raw_materials,2025,export,4372.7
EE,SITC2_4,raw_materials,2025,export,1661.9
EL,SITC2_4,raw_materials,2025,export,2796.3
ES,SITC2_4,raw_materials,2025,export,18101.8
FI,SITC2_4,raw_materials,2025,export,7919.8
FR,SITC2_4,raw_materials,2025,export,16385.7
HR,SITC2_4,raw_materials,2025,export,1650.4
HU,SITC2_4,raw_materials,2025,export,3256.8
IE,SITC2_4,raw_materials,2025,export,2202.9
IT,SITC2_4,raw_materials,2025,export,11749.2
LT,SITC2_4,raw_materials,2025,export,1997.9
LU,SITC2_4,raw_materials,2025,export,208.4
LV,SITC2_4,raw_materials,2025,export,2549.2
MT,SITC2_4,raw_materials,2025,export,24.1
NL,SITC2_4,raw_materials,2025,export,40141.9
PL,SITC2_4,raw_materials,2025,export,7607.4
PT,SITC2_4,raw_materials,2025,export,4638.0
RO,SITC2_4,raw_materials,2025,export,4436.5
SE,SITC2_4,raw_materials,2025,export,12558.1
SI,SITC2_4,raw_materials,2025,export,1835.4
SK,SITC2_4,raw_materials,2025,export,2097.1
AT,SITC3,mineral_fuels,2025,export,4928.9
BE,SITC3,mineral_fuels,2025,export,48142.2
BG,SITC3,mineral_fuels,2025,export,3121.5
CY,SITC3,mineral_fuels,2025,export,2719.1
CZ,SITC3,mineral_fuels,2025,export,4770.4
DE,SITC3,mineral_fuels,2025,export,33386.3
DK,SITC3,mineral_fuels,2025,export,6965.5
EE,SITC3,mineral_fuels,2025,export,1569.7
EL,SITC3,mineral_fuels,2025,export,12705.1
ES,SITC3,mineral_fuels,2025,export,24812.4
FI,SITC3,mineral_fuels,2025,export,6292.7
FR,SITC3,mineral_fuels,2025,export,23048.9
HR,SITC3,mineral_fuels,2025,export,3131.6
HU,SITC3,mineral_fuels,2025,export,6089.9
IE,SITC3,mineral_fuels,2025,export,803.3
IT,SITC3,mineral_fuels,2025,export,19449.5
LT,SITC3,mineral_fuels,2025,export,5164.2
LU,SITC3,mineral_fuels,2025,export,18.5
LV,SITC3,mineral_fuels,2025,export,1733.5
MT,SITC3,mineral_fuels,2025,export,292.7
NL,SITC3,mineral_fuels,2025,export,101417.0
PL,SITC3,mineral_fuels,2025,export,8062.0
PT,SITC3,mineral_fuels,2025,export,4138.3
RO,SITC3,mineral_fuels,2025,export,5730.1
SE,SITC3,mineral_fuels,2025,export,12165.5
SI,SITC3,mineral_fuels,2025,export,3309.7
SK,SITC3,mineral_fuels,2025,export,4018.2
AT,SITC5,chemicals,2025,export,30058.6
BE,SITC5,chemicals,2025,export,151681.6
BG,SITC5,chemicals,2025,export,4672.3
CY,SITC5,chemicals,2025,export,700.2
CZ,SITC5,chemicals,2025,export,16598.8
DE,SITC5,chemicals,2025,export,273276.5
DK,SITC5,chemicals,2025,export,35084.0
EE,SITC5,chemicals,2025,export,1151.7
EL,SITC5,chemicals,2025,export,6327.8
ES,SITC5,chemicals,2025,export,62890.4
FI,SITC5,chemicals,2025,export,8041.9
FR,SITC5,chemicals,2025,export,116917.8
HR,SITC5,chemicals,2025,export,3205.7
HU,SITC5,chemicals,2025,export,18913.1
IE,SITC5,chemicals,2025,export,174697.5
IT,SITC5,chemicals,2025,export,116066.1
LT,SITC5,chemicals,2025,export,5625.7
LU,SITC5,chemicals,2025,export,1957.3
LV,SITC5,chemicals,2025,export,2027.1
MT,SITC5,chemicals,2025,export,697.0
NL,SITC5,chemicals,2025,export,151291.5
PL,SITC5,chemicals,2025,export,34121.8
PT,SITC5,chemicals,2025,export,9730.1
RO,SITC5,chemicals,2025,export,5254.7
SE,SITC5,chemicals,2025,export,27017.0
SI,SITC5,chemicals,2025,export,39041.9
SK,SITC5,chemicals,2025,export,4541.2
AT,SITC6_8,other_manufactured,2025,export,58876.8
BE,SITC6_8,other_manufactured,2025,export,107587.9
BG,SITC6_8,other_manufactured,2025,export,15742.6
CY,SITC6_8,other_manufactured,2025,export,206.7
CZ,SITC6_8,other_manufactured,2025,export,62554.9
DE,SITC6_8,other_manufactured,2025,export,366409.0
DK,SITC6_8,other_manufactured,2025,export,29676.0
EE,SITC6_8,other_manufactured,2025,export,5355.2
EL,SITC6_8,other_manufactured,2025,export,11355.3
ES,SITC6_8,other_manufactured,2025,export,97764.3
FI,SITC6_8,other_manufactured,2025,export,23325.7
FR,SITC6_8,other_manufactured,2025,export,140006.2
HR,SITC6_8,other_manufactured,2025,export,7089.4
HU,SITC6_8,other_manufactured,2025,export,23285.8
IE,SITC6_8,other_manufactured,2025,export,26896.5
IT,SITC6_8,other_manufactured,2025,export,202694.4
LT,SITC6_8,other_manufactured,2025,export,9757.4
LU,SITC6_8,other_manufactured,2025,export,6577.2
LV,SITC6_8,other_manufactured,2025,export,5125.8
MT,SITC6_8,other_manufactured,2025,export,799.5
NL,SITC6_8,other_manufactured,2025,export,175316.0
PL,SITC6_8,other_manufactured,2025,export,124127.1
PT,SITC6_8,other_manufactured,2025,export,27751.7
RO,SITC6_8,other_manufactured,2025,export,25693.5
SE,SITC6_8,other_manufactured,2025,export,46398.9
SI,SITC6_8,other_manufactured,2025,export,14066.0
SK,SITC6_8,other_manufactured,2025,export,27204.7
AT,SITC7,machinery_transport,2025,export,75844.3
BE,SITC7,machinery_transport,2025,export,115446.4
BG,SITC7,machinery_transport,2025,export,10068.1
CY,SITC7,machinery_transport,2025,export,1085.0
CZ,SITC7,machinery_transport,2025,export,148473.1
DE,SITC7,machinery_transport,2025,export,736929.9
DK,SITC7,machinery_transport,2025,export,33047.7
EE,SITC7,machinery_transport,2025,export,6152.0
EL,SITC7,machinery_transport,2025,export,4771.4
ES,SITC7,machinery_transport,2025,export,115170.6
FI,SITC7,machinery_transport,2025,export,23801.2
FR,SITC7,machinery_transport,2025,export,216002.0
HR,SITC7,machinery_transport,2025,export,6385.4
HU,SITC7,machinery_transport,2025,export,86384.7
IE,SITC7,machinery_transport,2025,export,35353.6
IT,SITC7,machinery_transport,2025,export,207989.3
LT,SITC7,machinery_transport,2025,export,7385.5
LU,SITC7,machinery_transport,2025,export,5254.8
LV,SITC7,machinery_transport,2025,export,4202.2
MT,SITC7,machinery_transport,2025,export,1215.2
NL,SITC7,machinery_transport,2025,export,287104.9
PL,SITC7,machinery_transport,2025,export,135990.1
PT,SITC7,machinery_transport,2025,export,22856.7
RO,SITC7,machinery_transport,2025,export,45030.1
SE,SITC7,machinery_transport,2025,export,71260.9
SI,SITC7,machinery_transport,2025,export,23193.5
SK,SITC7,machinery_transport,2025,export,68369.3
AT,SITC9,unclassified,2025,export,4521.6
BE,SITC9,unclassified,2025,export,6270.7
BG,SITC9,unclassified,2025,export,87.3
CY,SITC9,unclassified,2025,export,43.7
CZ,SITC9,unclassified,2025,export,1000.6
DE,SITC9,unclassified,2025,export,23873.1
DK,SITC9,unclassified,2025,export,484.3
EE,SITC9,unclassified,2025,export,549.4
EL,SITC9,unclassified,2025,export,153.0
ES,SITC9,unclassified,2025,export,6103.1
FI,SITC9,unclassified,2025,export,2589.0
FR,SITC9,unclassified,2025,export,16424.6
HR,SITC9,unclassified,2025,export,193.2
HU,SITC9,unclassified,2025,export,582.4
IE,SITC9,unclassified,2025,export,203.1
IT,SITC9,unclassified,2025,export,18890.0
LT,SITC9,unclassified,2025,export,35.7
LU,SITC9,unclassified,2025,export,349.7
LV,SITC9,unclassified,2025,export,139.4
MT,SITC9,unclassified,2025,export,93.3
NL,SITC9,unclassified,2025,export,3277.6
PL,SITC9,unclassified,2025,export,817.5
PT,SITC9,unclassified,2025,export,374.8
RO,SITC9,unclassified,2025,export,460.3
SE,SITC9,unclassified,2025,export,1086.9
SI,SITC9,unclassified,2025,export,928.8
SK,SITC9,unclassified,2025,export,265.0
AT,SITC0_1,food_drinks_tobacco,2025,import,18528.2
BE,SITC0_1,food_drinks_tobacco,2025,import,49542.5
BG,SITC0_1,food_drinks_tobacco,2025,import,6251.2
CY,SITC0_1,food_drinks_tobacco,2025,import,1992.1
CZ,SITC0_1,food_drinks_tobacco,2025,import,14732.5
DE,SITC0_1,food_drinks_tobacco,2025,import,122787.9
DK,SITC0_1,food_drinks_tobacco,2025,import,15527.1
EE,SITC0_1,food_drinks_tobacco,2025,import,2663.3
EL,SITC0_1,food_drinks_tobacco,2025,import,11335.3
ES,SITC0_1,food_drinks_tobacco,2025,import,52459.1
FI,SITC0_1,food_drinks_tobacco,2025,import,6351.7
FR,SITC0_1,food_drinks_tobacco,2025,import,76706.3
HR,SITC0_1,food_drinks_tobacco,2025,import,6548.8
HU,SITC0_1,food_drinks_tobacco,2025,import,9013.6
IE,SITC0_1,food_drinks_tobacco,2025,import,12860.6
IT,SITC0_1,food_drinks_tobacco,2025,import,61916.0
LT,SITC0_1,food_drinks_tobacco,2025,import,5416.4
LU,SITC0_1,food_drinks_tobacco,2025,import,3617.6
LV,SITC0_1,food_drinks_tobacco,2025,import,4070.7
MT,SITC0_1,food_drinks_tobacco,2025,import,1102.0
NL,SITC0_1,food_drinks_tobacco,2025,import,80901.9
PL,SITC0_1,food_drinks_tobacco,2025,import,34235.7
PT,SITC0_1,food_drinks_tobacco,2025,import,16079.2
RO,SITC0_1,food_drinks_tobacco,2025,import,12610.9
SE,SITC0_1,food_drinks_tobacco,2025,import,20642.1
SI,SITC0_1,food_drinks_tobacco,2025,import,4754.1
SK,SITC0_1,food_drinks_tobacco,2025,import,7424.6
AT,SITC2_4,raw_materials,2025,import,7798.4
BE,SITC2_4,raw_materials,2025,import,23478.0
BG,SITC2_4,raw_materials,2025,import,4432.6
CY,SITC2_4,raw_materials,2025,import,132.6
CZ,SITC2_4,raw_materials,2025,import,4366.8
DE,SITC2_4,raw_materials,2025,import,50914.5
DK,SITC2_4,raw_materials,2025,import,4271.3
EE,SITC2_4,raw_materials,2025,import,951.5
EL,SITC2_4,raw_materials,2025,import,2944.2
ES,SITC2_4,raw_materials,2025,import,20710.6
FI,SITC2_4,raw_materials,2025,import,5813.5
FR,SITC2_4,raw_materials,2025,import,16176.7
HR,SITC2_4,raw_materials,2025,import,867.3
HU,SITC2_4,raw_materials,2025,import,2729.8
IE,SITC2_4,raw_materials,2025,import,1792.0
IT,SITC2_4,raw_materials,2025,import,26714.9
LT,SITC2_4,raw_materials,2025,import,1803.5
LU,SITC2_4,raw_materials,2025,import,1623.8
LV,SITC2_4,raw_materials,2025,import,1015.3
MT,SITC2_4,raw_materials,2025,import,76.1
NL,SITC2_4,raw_materials,2025,import,31709.6
PL,SITC2_4,raw_materials,2025,import,11185.3
PT,SITC2_4,raw_materials,2025,import,4090.2
RO,SITC2_4,raw_materials,2025,import,3222.4
SE,SITC2_4,raw_materials,2025,import,7329.8
SI,SITC2_4,raw_materials,2025,import,2280.3
SK,SITC2_4,raw_materials,2025,import,2792.1
AT,SITC3,mineral_fuels,2025,import,12671.5
BE,SITC3,mineral_fuels,2025,import,65357.4
BG,SITC3,mineral_fuels,2025,import,7162.0
CY,SITC3,mineral_fuels,2025,import,3600.5
CZ,SITC3,mineral_fuels,2025,import,11960.2
DE,SITC3,mineral_fuels,2025,import,102033.9
DK,SITC3,mineral_fuels,2025,import,7447.3
EE,SITC3,mineral_fuels,2025,import,2136.4
EL,SITC3,mineral_fuels,2025,import,16504.4
ES,SITC3,mineral_fuels,2025,import,53434.6
FI,SITC3,mineral_fuels,2025,import,9613.4
FR,SITC3,mineral_fuels,2025,import,67954.1
HR,SITC3,mineral_fuels,2025,import,6259.7
HU,SITC3,mineral_fuels,2025,import,12545.0
IE,SITC3,mineral_fuels,2025,import,7485.8
IT,SITC3,mineral_fuels,2025,import,63256.0
LT,SITC3,mineral_fuels,2025,import,7052.9
LU,SITC3,mineral_fuels,2025,import,2228.7
LV,SITC3,mineral_fuels,2025,import,2478.0
MT,SITC3,mineral_fuels,2025,import,1632.0
NL,SITC3,mineral_fuels,2025,import,108426.5
PL,SITC3,mineral_fuels,2025,import,23548.9
PT,SITC3,mineral_fuels,2025,import,9480.2
RO,SITC3,mineral_fuels,2025,import,10362.4
SE,SITC3,mineral_fuels,2025,import,14915.7
SI,SITC3,mineral_fuels,2025,import,4668.9
SK,SITC3,mineral_fuels,2025,import,6332.0
AT,SITC5,chemicals,2025,import,29177.4
BE,SITC5,chemicals,2025,import,123348.7
BG,SITC5,chemicals,2025,import,7014.7
CY,SITC5,chemicals,2025,import,1629.9
CZ,SITC5,chemicals,2025,import,25456.7
DE,SITC5,chemicals,2025,import,194045.1
DK,SITC5,chemicals,2025,import,16544.6
EE,SITC5,chemicals,2025,import,2532.6
EL,SITC5,chemicals,2025,import,12478.2
ES,SITC5,chemicals,2025,import,69565.3
FI,SITC5,chemicals,2025,import,8654.7
FR,SITC5,chemicals,2025,import,100907.5
HR,SITC5,chemicals,2025,import,5943.7
HU,SITC5,chemicals,2025,import,19213.7
IE,SITC5,chemicals,2025,import,37406.9
IT,SITC5,chemicals,2025,import,114725.7
LT,SITC5,chemicals,2025,import,6627.9
LU,SITC5,chemicals,2025,import,3251.7
LV,SITC5,chemicals,2025,import,3285.3
MT,SITC5,chemicals,2025,import,1104.4
NL,SITC5,chemicals,2025,import,114769.1
PL,SITC5,chemicals,2025,import,50510.3
PT,SITC5,chemicals,2025,import,18479.2
RO,SITC5,chemicals,2025,import,18696.6
SE,SITC5,chemicals,2025,import,21843.7
SI,SITC5,chemicals,2025,import,35289.9
SK,SITC5,chemicals,2025,import,9290.3
AT,SITC6_8,other_manufactured,2025,import,57953.3
BE,SITC6_8,other_manufactured,2025,import,92478.0
BG,SITC6_8,other_manufactured,2025,import,12542.2
CY,SITC6_8,other_manufactured,2025,import,2850.8
CZ,SITC6_8,other_manufactured,2025,import,61026.3
DE,SITC6_8,other_manufactured,2025,import,344148.6
DK,SITC6_8,other_manufactured,2025,import,33287.1
EE,SITC6_8,other_manufactured,2025,import,5804.1
EL,SITC6_8,other_manufactured,2025,import,19333.4
ES,SITC6_8,other_manufactured,2025,import,117238.5
FI,SITC6_8,other_manufactured,2025,import,17250.9
FR,SITC6_8,other_manufactured,2025,import,187874.8
HR,SITC6_8,other_manufactured,2025,import,13147.1
HU,SITC6_8,other_manufactured,2025,import,28843.8
IE,SITC6_8,other_manufactured,2025,import,24376.7
IT,SITC6_8,other_manufactured,2025,import,152533.7
LT,SITC6_8,other_manufactured,2025,import,9273.1
LU,SITC6_8,other_manufactured,2025,import,5427.7
LV,SITC6_8,other_manufactured,2025,import,5435.5
MT,SITC6_8,other_manufactured,2025,import,1400.9
NL,SITC6_8,other_manufactured,2025,import,172570.6
PL,SITC6_8,other_manufactured,2025,import,112597.7
PT,SITC6_8,other_manufactured,2025,import,28364.3
RO,SITC6_8,other_manufactured,2025,import,36508.5
SE,SITC6_8,other_manufactured,2025,import,44047.2
SI,SITC6_8,other_manufactured,2025,import,12951.3
SK,SITC6_8,other_manufactured,2025,import,28286.5
AT,SITC7,machinery_transport,2025,import,72883.5
BE,SITC7,machinery_transport,2025,import,121698.6
BG,SITC7,machinery_transport,2025,import,15770.7
CY,SITC7,machinery_transport,2025,import,3415.5
CZ,SITC7,machinery_transport,2025,import,106303.5
DE,SITC7,machinery_transport,2025,import,528860.0
DK,SITC7,machinery_transport,2025,import,43663.6
EE,SITC7,machinery_transport,2025,import,7744.4
EL,SITC7,machinery_transport,2025,import,19820.7
ES,SITC7,machinery_transport,2025,import,144203.7
FI,SITC7,machinery_transport,2025,import,26547.2
FR,SITC7,machinery_transport,2025,import,243460.3
HR,SITC7,machinery_transport,2025,import,12553.1
HU,SITC7,machinery_transport,2025,import,67923.7
IE,SITC7,machinery_transport,2025,import,58505.3
IT,SITC7,machinery_transport,2025,import,160174.8
LT,SITC7,machinery_transport,2025,import,13186.6
LU,SITC7,machinery_transport,2025,import,8824.4
LV,SITC7,machinery_transport,2025,import,7127.6
MT,SITC7,machinery_transport,2025,import,3260.1
NL,SITC7,machinery_transport,2025,import,263697.5
PL,SITC7,machinery_transport,2025,import,132667.0
PT,SITC7,machinery_transport,2025,import,35075.0
RO,SITC7,machinery_transport,2025,import,47752.6
SE,SITC7,machinery_transport,2025,import,70210.7
SI,SITC7,machinery_transport,2025,import,20791.4
SK,SITC7,machinery_transport,2025,import,54270.4
AT,SITC9,unclassified,2025,import,4667.4
BE,SITC9,unclassified,2025,import,2349.5
BG,SITC9,unclassified,2025,import,482.4
CY,SITC9,unclassified,2025,import,213.8
CZ,SITC9,unclassified,2025,import,1057.5
DE,SITC9,unclassified,2025,import,19131.1
DK,SITC9,unclassified,2025,import,888.6
EE,SITC9,unclassified,2025,import,571.0
EL,SITC9,unclassified,2025,import,37.3
ES,SITC9,unclassified,2025,import,2453.6
FI,SITC9,unclassified,2025,import,1336.0
FR,SITC9,unclassified,2025,import,6919.0
HR,SITC9,unclassified,2025,import,455.2
HU,SITC9,unclassified,2025,import,1344.6
IE,SITC9,unclassified,2025,import,343.1
IT,SITC9,unclassified,2025,import,13130.4
LT,SITC9,unclassified,2025,import,97.5
LU,SITC9,unclassified,2025,import,124.1
LV,SITC9,unclassified,2025,import,91.5
MT,SITC9,unclassified,2025,import,34.5
NL,SITC9,unclassified,2025,import,615.0
PL,SITC9,unclassified,2025,import,7908.4
PT,SITC9,unclassified,2025,import,78.6
RO,SITC9,unclassified,2025,import,109.3
SE,SITC9,unclassified,2025,import,119.6
SI,SITC9,unclassified,2025,import,1273.1
SK,SITC9,unclassified,2025,import,266.6
