STRUCTURE,STRUCTURE_ID,STRUCTURE_NAME,freq,Time frequency,unit,Unit of measure,na_item,National accounts indicator (ESA 2010),geo,Geopolitical entity (reporting),TIME_PERIOD,Time,OBS_VALUE,Observation value,OBS_FLAG,Observation status (Flag) V2 structure,CONF_STATUS,Confidentiality status (flag)
dataflow,ESTAT:NAMA_10_GDP$DEFAULTVIEW(1.0),"Gross domestic product (GDP) and main components (output, expenditure and income) - annual data",A,Annual,CLV10_MEUR,"Chain linked volumes (2010), million euro",B1GQ,Gross domestic product at market prices,AL,Albania,2016,,10420.1,,,,,
dataflow,ESTAT:NAMA_10_GDP$DEFAULTVIEW(1.0),"Gross domestic product (GDP) and main components (output, expenditure and income) - annual data",A,Annual,CLV10_MEUR,"Chain linked volumes (2010), million euro",B1GQ,Gross domestic product at market prices,AL,Albania,2017,,10762.2,,,,,
dataflow,ESTAT:NAMA_10_GDP$DEFAULTVIEW(1.0),"Gross domestic product (GDP) and main components (output, expenditure and income) - annual data",A,Annual,CLV10_MEUR,"Chain linked volumes (2010), million euro",B1GQ,Gross domestic product at market prices,AL,Albania,2018,,11157.3,,,,,
dataflow,ESTAT:NAMA_10_GDP$DEFAULTVIEW(1.0),"Gross domestic product (GDP) and main components (output, expenditure and income) - annual data",A,Annual,CLV10_MEUR,"Chain linked volumes (2010), million euro",B1GQ,Gross domestic product at market prices,AL,Albania,2019,,11387.4,,,,,
dataflow,ESTAT:NAMA_10_GDP$DEFAULTVIEW(1.0),"Gross domestic product (GDP) and main components (output, expenditure and income) - annual data",A,Annual,CLV10_MEUR,"Chain linked volumes (2010), million euro",B1GQ,Gross domestic product at market prices,AL,Albania,2020,,11010.1,,,,,
dataflow,ESTAT:NAMA_10_GDP$DEFAULTVIEW(1.0),"Gross domestic product (GDP) and main components (output, expenditure and income) - annual data",A,Annual,CLV10_MEUR,"Chain linked volumes (2010), million euro",B1GQ,Gross domestic product at market prices,AL,Albania,2021,,11997.6,,,,,
dataflow,ESTAT:NAMA_10_GDP$DEFAULTVIEW(1.0),"Gross domestic product (GDP) and main components (output, expenditure and income) - annual data",A,Annual,CLV10_MEUR,"Chain linked volumes (2010), million euro",B1GQ,Gross domestic product at market prices,AL,Albania,2022,,12576.7,,,,,
dataflow,ESTAT:NAMA_10_GDP$DEFAULTVIEW(1.0),"Gross domestic product (GDP) and main components (output, expenditure and income) - annual data",A,Annual,CLV10_MEUR,"Chain linked volumes (2010), million euro",B1GQ,Gross domestic product at market prices,AL,Albania,2023,,13081.7,,,,,
dataflow,ESTAT:NAMA_10_GDP$DEFAULTVIEW(1.0),"Gross domestic product (GDP) and main components (output, expenditure and income) - annual data",A,Annual,CLV10_MEUR,"Chain linked volumes (2010), million euro",B1GQ,Gross domestic product at market prices,AL,Albania,2024,,13611.0,,p,provisional,,
dataflow,ESTAT:NAMA_10_GDP$DEFAULTVIEW(1.0),"Gross domestic product (GDP) and main components (output, expenditure and income) - annual data",A,Annual,CLV10_MEUR,"Chain linked volumes (2010), million euro",B1GQ,Gross domestic product at market prices,AT,Austria,2016,,316647.9,,,,,
dataflow,ESTAT:NAMA_10_GDP$DEFAULTVIEW(1.0),"Gross domestic product (GDP) and main components (output, expenditure and income) - annual data",A,Annual,CLV10_MEUR,"Chain linked volumes (2010), million euro",B1GQ,Gross domestic product at market prices,AT,Austria,2017,,323842.9,,,,,
dataflow,ESTAT:NAMA_10_GDP$DEFAULTVIEW(1.0),"Gross domestic product (GDP) and main components (output, expenditure and income) - annual data",A,Annual,CLV10_MEUR,"Chain linked volumes (2010), million euro",B1GQ,Gross domestic product at market prices,AT,Austria,2018,,331887.9,,,,,
dataflow,ESTAT:NAMA_10_GDP$DEFAULTVIEW(1.0),"Gross domestic product (GDP) and main components (output, expenditure and income) - annual data",A,Annual,CLV10_MEUR,"Chain linked volumes (2010), million euro",B1GQ,Gross domestic product at market prices,AT,Austria,2019,,337712.4,,,,,
dataflow,ESTAT:NAMA_10_GDP$DEFAULTVIEW(1.0),"Gross domestic product (GDP) and main components (output, expenditure and income) - annual data",A,Annual,CLV10_MEUR,"Chain linked volumes (2010), million euro",B1GQ,Gross domestic product at market prices,AT,Austria,2020,,316374.9,,,,,
dataflow,ESTAT:NAMA_10_GDP$DEFAULTVIEW(1.0),"Gross domestic product (GDP) and main components (output, expenditure and income) - annual data",A,Annual,CLV10_MEUR,"Chain linked volumes (2010), million euro",B1GQ,Gross domestic product at market prices,AT,Austria,2021,,331950.3,,,,,
dataflow,ESTAT:NAMA_10_GDP$DEFAULTVIEW(1.0),"Gross domestic product (GDP) and main components (output, expenditure and income) - annual data",A,Annual,CLV10_MEUR,"Chain linked volumes (2010), million euro",B1GQ,Gross domestic product at market prices,AT,Austria,2022,,349646.5,,,,,
dataflow,ESTAT:NAMA_10_GDP$DEFAULTVIEW(1.0),"Gross domestic product (GDP) and main components (output, expenditure and income) - annual data",A,Annual,CLV10_MEUR,"Chain linked volumes (2010), million euro",B1GQ,Gross domestic product at market prices,AT,Austria,2023,,346897.4,,,,,
dataflow,ESTAT:NAMA_10_GDP$DEFAULTVIEW(1.0),"Gross domestic product (GDP) and main components (output, expenditure and income) - annual data",A,Annual,CLV10_MEUR,"Chain linked volumes (2010), million euro",B1GQ,Gross domestic product at market prices,AT,Austria,2024,,344611.1,,,,,
dataflow,ESTAT:NAMA_10_GDP$DEFAULTVIEW(1.0),"Gross domestic product (GDP) and main components (output, expenditure and income) - annual data",A,Annual,CLV10_MEUR,"Chain linked volumes (2010), million euro",B1GQ,Gross domestic product at market prices,AT,Austria,2025,,347537.5,,,,,
dataflow,ESTAT:NAMA_10_GDP$DEFAULTVIEW(1.0),"Gross domestic product (GDP) and main components (output, expenditure and income) - annual data",A,Annual,CLV10_MEUR,"Chain linked volumes (2010), million euro",B1GQ,Gross domestic product at market prices,BA,Bosnia and Herzegovina,2016,,14474.8,,,,,
dataflow,ESTAT:NAMA_10_GDP$DEFAULTVIEW(1.0),"Gross domestic product (GDP) and main components (output, expenditure and income) - annual data",A,Annual,CLV10_MEUR,"Chain linked volumes (2010), million euro",B1GQ,Gross domestic product at market prices,BA,Bosnia and Herzegovina,2017,,14944.3,,,,,
dataflow,ESTAT:NAMA_10_GDP$DEFAULTVIEW(1.0),"Gross domestic product (GDP) and main components (output, expenditure and income) - annual data",A,Annual,CLV10_MEUR,"Chain linked volumes (2010), million euro",B1GQ,Gross domestic product at market prices,BA,Bosnia and Herzegovina,2018,,15516.6,,,,,
dataflow,ESTAT:NAMA_10_GDP$DEFAULTVIEW(1.0),"Gross domestic product (GDP) and main components (output, expenditure and income) - annual data",A,Annual,CLV10_MEUR,"Chain linked volumes (2010), million euro",B1GQ,Gross domestic product at market prices,BA,Bosnia and Herzegovina,2019,,15964.3,,,,,
dataflow,ESTAT:NAMA_10_GDP$DEFAULTVIEW(1.0),"Gross domestic product (GDP) and main components (output, expenditure and income) - annual data",A,Annual,CLV10_MEUR,"Chain linked volumes (2010), million euro",B1GQ,Gross domestic product at market prices,BA,Bosnia and Herzegovina,2020,,15483.0,,,,,
dataflow,ESTAT:NAMA_10_GDP$DEFAULTVIEW(1.0),"Gross domestic product (GDP) and main components (output, expenditure and income) - annual data",A,Annual,CLV10_MEUR,"Chain linked volumes (2010), million euro",B1GQ,Gross domestic product at market prices,BA,Bosnia and Herzegovina,2021,,16627.5,,,,,
dataflow,ESTAT:NAMA_10_GDP$DEFAULTVIEW(1.0),"Gross domestic product (GDP) and main components (output, expenditure and income) - annual data",A,Annual,CLV10_MEUR,"Chain linked volumes (2010), million euro",B1GQ,Gross domestic product at market prices,BA,Bosnia and Herzegovina,2022,,17330.3,,,,,
dataflow,ESTAT:NAMA_10_GDP$DEFAULTVIEW(1.0),"Gross domestic product (GDP) and main components (output, expenditure and income) - annual data",A,Annual,CLV10_MEUR,"Chain linked volumes (2010), million euro",B1GQ,Gross domestic product at market prices,BA,Bosnia and Herzegovina,2023,,17675.9,,,,,
dataflow,ESTAT:NAMA_10_GDP$DEFAULTVIEW(1.0),"Gross domestic product (GDP) and main components (output, expenditure and income) - annual data",A,Annual,CLV10_MEUR,"Chain linked volumes (2010), million euro",B1GQ,Gross domestic product at market prices,BA,Bosnia and Herzegovina,2024,,18246.3,,,,,
dataflow,ESTAT:NAMA_10_GDP$DEFAULTVIEW(1.0),"Gross domestic product (GDP) and main components (output, expenditure and income) - annual data",A,Annual,CLV10_MEUR,"Chain linked volumes (2010), million euro",B1GQ,Gross domestic product at market prices,BA,Bosnia and Herzegovina,2025,,18634.7,,,,,
dataflow,ESTAT:NAMA_10_GDP$DEFAULTVIEW(1.0),"Gross domestic product (GDP) and main components (output, expenditure and income) - annual data",A,Annual,CLV10_MEUR,"Chain linked volumes (2010), million euro",B1GQ,Gross domestic product at market prices,BE,Belgium,2016,,388931.6,,,,,
dataflow,ESTAT:NAMA_10_GDP$DEFAULTVIEW(1.0),"Gross domestic product (GDP) and main components (output, expenditure and income) - annual data",A,Annual,CLV10_MEUR,"Chain linked volumes (2010), million euro",B1GQ,Gross domestic product at market prices,BE,Belgium,2017,,394666.3,,,,,
dataflow,ESTAT:NAMA_10_GDP$DEFAULTVIEW(1.0),"Gross domestic product (GDP) and main components (output, expenditure and income) - annual data",A,Annual,CLV10_MEUR,"Chain linked volumes (2010), million euro",B1GQ,Gross domestic product at market prices,BE,Belgium,2018,,402078.0,,,,,
dataflow,ESTAT:NAMA_10_GDP$DEFAULTVIEW(1.0),"Gross domestic product (GDP) and main components (output, expenditure and income) - annual data",A,Annual,CLV10_MEUR,"Chain linked volumes (2010), million euro",B1GQ,Gross domestic product at market prices,BE,Belgium,2019,,411900.3,,,,,
dataflow,ESTAT:NAMA_10_GDP$DEFAULTVIEW(1.0),"Gross domestic product (GDP) and main components (output, expenditure and income) - annual data",A,Annual,CLV10_MEUR,"Chain linked volumes (2010), million euro",B1GQ,Gross domestic product at market prices,BE,Belgium,2020,,392158.0,,,,,
dataflow,ESTAT:NAMA_10_GDP$DEFAULTVIEW(1.0),"Gross domestic product (GDP) and main components (output, expenditure and income) - annual data",A,Annual,CLV10_MEUR,"Chain linked volumes (2010), million euro",B1GQ,Gross domestic product at market prices,BE,Belgium,2021,,416685.4,,,,,
dataflow,ESTAT:NAMA_10_GDP$DEFAULTVIEW(1.0),"Gross domestic product (GDP) and main components (output, expenditure and income) - annual data",A,Annual,CLV10_MEUR,"Chain linked volumes (2010), million euro",B1GQ,Gross domestic product at market prices,BE,Belgium,2022,,433455.3,,,,,
dataflow,ESTAT:NAMA_10_GDP$DEFAULTVIEW(1.0),"Gross domestic product (GDP) and main components (output, expenditure and income) - annual data",A,Annual,CLV10_MEUR,"Chain linked volumes (2010), million euro",B1GQ,Gross domestic product at market prices,BE,Belgium,2023,,440222.7,,,,,
dataflow,ESTAT:NAMA_10_GDP$DEFAULTVIEW(1.0),"Gross domestic product (GDP) and main components (output, expenditure and income) - annual data",A,Annual,CLV10_MEUR,"Chain linked volumes (2010), million euro",B1GQ,Gross domestic product at market prices,BE,Belgium,2024,,445055.2,,p,provisional,,
dataflow,ESTAT:NAMA_10_GDP$DEFAULTVIEW(1.0),"Gross domestic product (GDP) and main components (output, expenditure and income) - annual data",A,Annual,CLV10_MEUR,"Chain linked volumes (2010), million euro",B1GQ,Gross domestic product at market prices,BE,Belgium,2025,,449430.7,,p,provisional,,
dataflow,ESTAT:NAMA_10_GDP$DEFAULTVIEW(1.0),"Gross domestic product (GDP) and main components (output, expenditure and income) - annual data",A,Annual,CLV10_MEUR,"Chain linked volumes (2010), million euro",B1GQ,Gross domestic product at market prices,BG,Bulgaria,2016,,42121.4,,,,,
dataflow,ESTAT:NAMA_10_GDP$DEFAULTVIEW(1.0),"Gross domestic product (GDP) and main components (output, expenditure and income) - annual data",A,Annual,CLV10_MEUR,"Chain linked volumes (2010), million euro",B1GQ,Gross domestic product at market prices,BG,Bulgaria,2017,,43278.0,,,,,
dataflow,ESTAT:NAMA_10_GDP$DEFAULTVIEW(1.0),"Gross domestic product (GDP) and main components (output, expenditure and income) - annual data",A,Annual,CLV10_MEUR,"Chain linked volumes (2010), million euro",B1GQ,Gross domestic product at market prices,BG,Bulgaria,2018,,44286.5,,,,,
dataflow,ESTAT:NAMA_10_GDP$DEFAULTVIEW(1.0),"Gross domestic product (GDP) and main components (output, expenditure and income) - annual data",A,Annual,CLV10_MEUR,"Chain linked volumes (2010), million euro",B1GQ,Gross domestic product at market prices,BG,Bulgaria,2019,,45966.4,,,,,
dataflow,ESTAT:NAMA_10_GDP$DEFAULTVIEW(1.0),"Gross domestic product (GDP) and main components (output, expenditure and income) - annual data",A,Annual,CLV10_MEUR,"Chain linked volumes (2010), million euro",B1GQ,Gross domestic product at market prices,BG,Bulgaria,2020,,44526.2,,,,,
dataflow,ESTAT:NAMA_10_GDP$DEFAULTVIEW(1.0),"Gross domestic product (GDP) and main components (output, expenditure and income) - annual data",A,Annual,CLV10_MEUR,"Chain linked volumes (2010), million euro",B1GQ,Gross domestic product at market prices,BG,Bulgaria,2021,,48011.7,,,,,
dataflow,ESTAT:NAMA_10_GDP$DEFAULTVIEW(1.0),"Gross domestic product (GDP) and main components (output, expenditure and income) - annual data",A,Annual,CLV10_MEUR,"Chain linked volumes (2010), million euro",B1GQ,Gross domestic product at market prices,BG,Bulgaria,2022,,49972.5,,,,,
dataflow,ESTAT:NAMA_10_GDP$DEFAULTVIEW(1.0),"Gross domestic product (GDP) and main components (output, expenditure and income) - annual data",A,Annual,CLV10_MEUR,"Chain linked volumes (2010), million euro",B1GQ,Gross domestic product at market prices,BG,Bulgaria,2023,,50812.8,,,,,
dataflow,ESTAT:NAMA_10_GDP$DEFAULTVIEW(1.0),"Gross domestic product (GDP) and main components (output, expenditure and income) - annual data",A,Annual,CLV10_MEUR,"Chain linked volumes (2010), million euro",B1GQ,Gross domestic product at market prices,BG,Bulgaria,2024,,52533.9,,,,,
dataflow,ESTAT:NAMA_10_GDP$DEFAULTVIEW(1.0),"Gross domestic product (GDP) and main components (output, expenditure and income) - annual data",A,Annual,CLV10_MEUR,"Chain linked volumes (2010), million euro",B1GQ,Gross domestic product at market prices,BG,Bulgaria,2025,,54160.5,,p,provisional,,
dataflow,ESTAT:NAMA_10_GDP$DEFAULTVIEW(1.0),"Gross domestic product (GDP) and main components (output, expenditure and income) - annual data",A,Annual,CLV10_MEUR,"Chain linked volumes (2010), million euro",B1GQ,Gross domestic product at market prices,CH,Switzerland,2016,,510306.7,,,,,
dataflow,ESTAT:NAMA_10_GDP$DEFAULTVIEW(1.0),"Gross domestic product (GDP) and main components (output, expenditure and income) - annual data",A,Annual,CLV10_MEUR,"Chain linked volumes (2010), million euro",B1GQ,Gross domestic product at market prices,CH,Switzerland,2017,,517554.8,,,,,
dataflow,ESTAT:NAMA_10_GDP$DEFAULTVIEW(1.0),"Gross domestic product (GDP) and main components (output, expenditure and income) - annual data",A,Annual,CLV10_MEUR,"Chain linked volumes (2010), million euro",B1GQ,Gross domestic product at market prices,CH,Switzerland,2018,,534776.1,,,,,
dataflow,ESTAT:NAMA_10_GDP$DEFAULTVIEW(1.0),"Gross domestic product (GDP) and main components (output, expenditure and income) - annual data",A,Annual,CLV10_MEUR,"Chain linked volumes (2010), million euro",B1GQ,Gross domestic product at market prices,CH,Switzerland,2019,,540740.6,,,,,
dataflow,ESTAT:NAMA_10_GDP$DEFAULTVIEW(1.0),"Gross domestic product (GDP) and main components (output, expenditure and income) - annual data",A,Annual,CLV10_MEUR,"Chain linked volumes (2010), million euro",B1GQ,Gross domestic product at market prices,CH,Switzerland,2020,,528545.5,,,,,
dataflow,ESTAT:NAMA_10_GDP$DEFAULTVIEW(1.0),"Gross domestic product (GDP) and main components (output, expenditure and income) - annual data",A,Annual,CLV10_MEUR,"Chain linked volumes (2010), million euro",B1GQ,Gross domestic product at market prices,CH,Switzerland,2021,,561189.6,,,,,
dataflow,ESTAT:NAMA_10_GDP$DEFAULTVIEW(1.0),"Gross domestic product (GDP) and main components (output, expenditure and income) - annual data",A,Annual,CLV10_MEUR,"Chain linked volumes (2010), million euro",B1GQ,Gross domestic product at market prices,CH,Switzerland,2022,,581023.8,,,,,
dataflow,ESTAT:NAMA_10_GDP$DEFAULTVIEW(1.0),"Gross domestic product (GDP) and main components (output, expenditure and income) - annual data",A,Annual,CLV10_MEUR,"Chain linked volumes (2010), million euro",B1GQ,Gross domestic product at market prices,CH,Switzerland,2023,,585820.5,,,,,
dataflow,ESTAT:NAMA_10_GDP$DEFAULTVIEW(1.0),"Gross domestic product (GDP) and main components (output, expenditure and income) - annual data",A,Annual,CLV10_MEUR,"Chain linked volumes (2010), million euro",B1GQ,Gross domestic product at market prices,CH,Switzerland,2024,,593965.3,,,,,
dataflow,ESTAT:NAMA_10_GDP$DEFAULTVIEW(1.0),"Gross domestic product (GDP) and main components (output, expenditure and income) - annual data",A,Annual,CLV10_MEUR,"Chain linked volumes (2010), million euro",B1GQ,Gross domestic product at market prices,CH,Switzerland,2025,,601687.4,,,,,
dataflow,ESTAT:NAMA_10_GDP$DEFAULTVIEW(1.0),"Gross domestic product (GDP) and main components (output, expenditure and income) - annual data",A,Annual,CLV10_MEUR,"Chain linked volumes (2010), million euro",B1GQ,Gross domestic product at market prices,CY,Cyprus,2016,,19081.4,,,,,
dataflow,ESTAT:NAMA_10_GDP$DEFAULTVIEW(1.0),"Gross domestic product (GDP) and main components (output, expenditure and income) - annual data",A,Annual,CLV10_MEUR,"Chain linked volumes (2010), million euro",B1GQ,Gross domestic product at market prices,CY,Cyprus,2017,,20178.7,,,,,
dataflow,ESTAT:NAMA_10_GDP$DEFAULTVIEW(1.0),"Gross domestic product (GDP) and main components (output, expenditure and income) - annual data",A,Annual,CLV10_MEUR,"Chain linked volumes (2010), million euro",B1GQ,Gross domestic product at market prices,CY,Cyprus,2018,,21444.3,,,,,
dataflow,ESTAT:NAMA_10_GDP$DEFAULTVIEW(1.0),"Gross domestic product (GDP) and main components (output, expenditure and income) - annual data",A,Annual,CLV10_MEUR,"Chain linked volumes (2010), million euro",B1GQ,Gross domestic product at market prices,CY,Cyprus,2019,,22704.3,,,,,
dataflow,ESTAT:NAMA_10_GDP$DEFAULTVIEW(1.0),"Gross domestic product (GDP) and main components (output, expenditure and income) - annual data",A,Annual,CLV10_MEUR,"Chain linked volumes (2010), million euro",B1GQ,Gross domestic product at market prices,CY,Cyprus,2020,,21973.0,,,,,
dataflow,ESTAT:NAMA_10_GDP$DEFAULTVIEW(1.0),"Gross domestic product (GDP) and main components (output, expenditure and income) - annual data",A,Annual,CLV10_MEUR,"Chain linked volumes (2010), million euro",B1GQ,Gross domestic product at market prices,CY,Cyprus,2021,,24477.4,,,,,
dataflow,ESTAT:NAMA_10_GDP$DEFAULTVIEW(1.0),"Gross domestic product (GDP) and main components (output, expenditure and income) - annual data",A,Annual,CLV10_MEUR,"Chain linked volumes (2010), million euro",B1GQ,Gross domestic product at market prices,CY,Cyprus,2022,,26616.4,,,,,
dataflow,ESTAT:NAMA_10_GDP$DEFAULTVIEW(1.0),"Gross domestic product (GDP) and main components (output, expenditure and income) - annual data",A,Annual,CLV10_MEUR,"Chain linked volumes (2010), million euro",B1GQ,Gross domestic product at market prices,CY,Cyprus,2023,,27580.0,,,,,
dataflow,ESTAT:NAMA_10_GDP$DEFAULTVIEW(1.0),"Gross domestic product (GDP) and main components (output, expenditure and income) - annual data",A,Annual,CLV10_MEUR,"Chain linked volumes (2010), million euro",B1GQ,Gross domestic product at market prices,CY,Cyprus,2024,,28666.9,,p,provisional,,
dataflow,ESTAT:NAMA_10_GDP$DEFAULTVIEW(1.0),"Gross domestic product (GDP) and main components (output, expenditure and income) - annual data",A,Annual,CLV10_MEUR,"Chain linked volumes (2010), million euro",B1GQ,Gross domestic product at market prices,CY,Cyprus,2025,,29748.6,,p,provisional,,
dataflow,ESTAT:NAMA_10_GDP$DEFAULTVIEW(1.0),"Gross domestic product (GDP) and main components (output, expenditure and income) - annual data",A,Annual,CLV10_MEUR,"Chain linked volumes (2010), million euro",B1GQ,Gross domestic product at market prices,CZ,Czechia,2016,,177253.0,,,,,
dataflow,ESTAT:NAMA_10_GDP$DEFAULTVIEW(1.0),"Gross domestic product (GDP) and main components (output, expenditure and income) - annual data",A,Annual,CLV10_MEUR,"Chain linked volumes (2010), million euro",B1GQ,Gross domestic product at market prices,CZ,Czechia,2017,,186423.3,,,,,
dataflow,ESTAT:NAMA_10_GDP$DEFAULTVIEW(1.0),"Gross domestic product (GDP) and main components (output, expenditure and income) - annual data",A,Annual,CLV10_MEUR,"Chain linked volumes (2010), million euro",B1GQ,Gross domestic product at market prices,CZ,Czechia,2018,,191699.7,,,,,
dataflow,ESTAT:NAMA_10_GDP$DEFAULTVIEW(1.0),"Gross domestic product (GDP) and main components (output, expenditure and income) - annual data",A,Annual,CLV10_MEUR,"Chain linked volumes (2010), million euro",B1GQ,Gross domestic product at market prices,CZ,Czechia,2019,,198535.3,,,,,
dataflow,ESTAT:NAMA_10_GDP$DEFAULTVIEW(1.0),"Gross domestic product (GDP) and main components (output, expenditure and income) - annual data",A,Annual,CLV10_MEUR,"Chain linked volumes (2010), million euro",B1GQ,Gross domestic product at market prices,CZ,Czechia,2020,,188003.2,,,,,
dataflow,ESTAT:NAMA_10_GDP$DEFAULTVIEW(1.0),"Gross domestic product (GDP) and main components (output, expenditure and income) - annual data",A,Annual,CLV10_MEUR,"Chain linked volumes (2010), million euro",B1GQ,Gross domestic product at market prices,CZ,Czechia,2021,,195577.9,,,,,
dataflow,ESTAT:NAMA_10_GDP$DEFAULTVIEW(1.0),"Gross domestic product (GDP) and main components (output, expenditure and income) - annual data",A,Annual,CLV10_MEUR,"Chain linked volumes (2010), million euro",B1GQ,Gross domestic product at market prices,CZ,Czechia,2022,,201146.3,,,,,
dataflow,ESTAT:NAMA_10_GDP$DEFAULTVIEW(1.0),"Gross domestic product (GDP) and main components (output, expenditure and income) - annual data",A,Annual,CLV10_MEUR,"Chain linked volumes (2010), million euro",B1GQ,Gross domestic product at market prices,CZ,Czechia,2023,,201242.0,,,,,
dataflow,ESTAT:NAMA_10_GDP$DEFAULTVIEW(1.0),"Gross domestic product (GDP) and main components (output, expenditure and income) - annual data",A,Annual,CLV10_MEUR,"Chain linked volumes (2010), million euro",B1GQ,Gross domestic product at market prices,CZ,Czechia,2024,,203760.2,,,,,
dataflow,ESTAT:NAMA_10_GDP$DEFAULTVIEW(1.0),"Gross domestic product (GDP) and main components (output, expenditure and income) - annual data",A,Annual,CLV10_MEUR,"Chain linked volumes (2010), million euro",B1GQ,Gross domestic product at market prices,CZ,Czechia,2025,,209018.2,,,,,
dataflow,ESTAT:NAMA_10_GDP$DEFAULTVIEW(1.0),"Gross domestic product (GDP) and main components (output, expenditure and income) - annual data",A,Annual,CLV10_MEUR,"Chain linked volumes (2010), million euro",B1GQ,Gross domestic product at market prices,DE,Germany,2016,,2906299.4,,,,,
dataflow,ESTAT:NAMA_10_GDP$DEFAULTVIEW(1.0),"Gross domestic product (GDP) and main components (output, expenditure and income) - annual data",A,Annual,CLV10_MEUR,"Chain linked volumes (2010), million euro",B1GQ,Gross domestic product at market prices,DE,Germany,2017,,2987615.0,,,,,
dataflow,ESTAT:NAMA_10_GDP$DEFAULTVIEW(1.0),"Gross domestic product (GDP) and main components (output, expenditure and income) - annual data",A,Annual,CLV10_MEUR,"Chain linked volumes (2010), million euro",B1GQ,Gross domestic product at market prices,DE,Germany,2018,,3021545.2,,,,,
dataflow,ESTAT:NAMA_10_GDP$DEFAULTVIEW(1.0),"Gross domestic product (GDP) and main components (output, expenditure and income) - annual data",A,Annual,CLV10_MEUR,"Chain linked volumes (2010), million euro",B1GQ,Gross domestic product at market prices,DE,Germany,2019,,3051087.9,,,,,
dataflow,ESTAT:NAMA_10_GDP$DEFAULTVIEW(1.0),"Gross domestic product (GDP) and main components (output, expenditure and income) - annual data",A,Annual,CLV10_MEUR,"Chain linked volumes (2010), million euro",B1GQ,Gross domestic product at market prices,DE,Germany,2020,,2925019.6,,,,,
dataflow,ESTAT:NAMA_10_GDP$DEFAULTVIEW(1.0),"Gross domestic product (GDP) and main components (output, expenditure and income) - annual data",A,Annual,CLV10_MEUR,"Chain linked volumes (2010), million euro",B1GQ,Gross domestic product at market prices,DE,Germany,2021,,3039387.8,,,,,
dataflow,ESTAT:NAMA_10_GDP$DEFAULTVIEW(1.0),"Gross domestic product (GDP) and main components (output, expenditure and income) - annual data",A,Annual,CLV10_MEUR,"Chain linked volumes (2010), million euro",B1GQ,Gross domestic product at market prices,DE,Germany,2022,,3094378.2,,p,provisional,,
dataflow,ESTAT:NAMA_10_GDP$DEFAULTVIEW(1.0),"Gross domestic product (GDP) and main components (output, expenditure and income) - annual data",A,Annual,CLV10_MEUR,"Chain linked volumes (2010), million euro",B1GQ,Gross domestic product at market prices,DE,Germany,2023,,3067468.0,,p,provisional,,
dataflow,ESTAT:NAMA_10_GDP$DEFAULTVIEW(1.0),"Gross domestic product (GDP) and main components (output, expenditure and income) - annual data",A,Annual,CLV10_MEUR,"Chain linked volumes (2010), million euro",B1GQ,Gross domestic product at market prices,DE,Germany,2024,,3052257.9,,p,provisional,,
dataflow,ESTAT:NAMA_10_GDP$DEFAULTVIEW(1.0),"Gross domestic product (GDP) and main components (output, expenditure and income) - annual data",A,Annual,CLV10_MEUR,"Chain linked volumes (2010), million euro",B1GQ,Gross domestic product at market prices,DE,Germany,2025,,3058985.5,,p,provisional,,
dataflow,ESTAT:NAMA_10_GDP$DEFAULTVIEW(1.0),"Gross domestic product (GDP) and main components (output, expenditure and income) - annual data",A,Annual,CLV10_MEUR,"Chain linked volumes (2010), million euro",B1GQ,Gross domestic product at market prices,DK,Denmark,2016,,266512.4,,,,,
dataflow,ESTAT:NAMA_10_GDP$DEFAULTVIEW(1.0),"Gross domestic product (GDP) and main components (output, expenditure and income) - annual data",A,Annual,CLV10_MEUR,"Chain linked volumes (2010), million euro",B1GQ,Gross domestic product at market prices,DK,Denmark,2017,,274658.3,,,,,
dataflow,ESTAT:NAMA_10_GDP$DEFAULTVIEW(1.0),"Gross domestic product (GDP) and main components (output, expenditure and income) - annual data",A,Annual,CLV10_MEUR,"Chain linked volumes (2010), million euro",B1GQ,Gross domestic product at market prices,DK,Denmark,2018,,279767.0,,,,,
dataflow,ESTAT:NAMA_10_GDP$DEFAULTVIEW(1.0),"Gross domestic product (GDP) and main components (output, expenditure and income) - annual data",A,Annual,CLV10_MEUR,"Chain linked volumes (2010), million euro",B1GQ,Gross domestic product at market prices,DK,Denmark,2019,,284554.9,,,,,
dataflow,ESTAT:NAMA_10_GDP$DEFAULTVIEW(1.0),"Gross domestic product (GDP) and main components (output, expenditure and income) - annual data",A,Annual,CLV10_MEUR,"Chain linked volumes (2010), million euro",B1GQ,Gross domestic product at market prices,DK,Denmark,2020,,279489.5,,,,,
dataflow,ESTAT:NAMA_10_GDP$DEFAULTVIEW(1.0),"Gross domestic product (GDP) and main components (output, expenditure and income) - annual data",A,Annual,CLV10_MEUR,"Chain linked volumes (2010), million euro",B1GQ,Gross domestic product at market prices,DK,Denmark,2021,,297657.1,,,,,
dataflow,ESTAT:NAMA_10_GDP$DEFAULTVIEW(1.0),"Gross domestic product (GDP) and main components (output, expenditure and income) - annual data",A,Annual,CLV10_MEUR,"Chain linked volumes (2010), million euro",B1GQ,Gross domestic product at market prices,DK,Denmark,2022,,298978.2,,,,,
dataflow,ESTAT:NAMA_10_GDP$DEFAULTVIEW(1.0),"Gross domestic product (GDP) and main components (output, expenditure and income) - annual data",A,Annual,CLV10_MEUR,"Chain linked volumes (2010), million euro",B1GQ,Gross domestic product at market prices,DK,Denmark,2023,,300785.8,,,,,
dataflow,ESTAT:NAMA_10_GDP$DEFAULTVIEW(1.0),"Gross domestic product (GDP) and main components (output, expenditure and income) - annual data",A,Annual,CLV10_MEUR,"Chain linked volumes (2010), million euro",B1GQ,Gross domestic product at market prices,DK,Denmark,2024,,311246.6,,,,,
dataflow,ESTAT:NAMA_10_GDP$DEFAULTVIEW(1.0),"Gross domestic product (GDP) and main components (output, expenditure and income) - annual data",A,Annual,CLV10_MEUR,"Chain linked volumes (2010), million euro",B1GQ,Gross domestic product at market prices,DK,Denmark,2025,,320361.2,,,,,
dataflow,ESTAT:NAMA_10_GDP$DEFAULTVIEW(1.0),"Gross domestic product (GDP) and main components (output, expenditure and income) - annual data",A,Annual,CLV10_MEUR,"Chain linked volumes (2010), million euro",B1GQ,Gross domestic product at market prices,EA,"Euro area (EA11-1999, EA12-2001, EA13-2007, EA15-2008, EA16-2009, EA17-2011, EA18-2014, EA19-2015, EA20-2023, EA21-2026)",2016,,10181720.1,,,,,
dataflow,ESTAT:NAMA_10_GDP$DEFAULTVIEW(1.0),"Gross domestic product (GDP) and main components (output, expenditure and income) - annual data",A,Annual,CLV10_MEUR,"Chain linked volumes (2010), million euro",B1GQ,Gross domestic product at market prices,EA,"Euro area (EA11-1999, EA12-2001, EA13-2007, EA15-2008, EA16-2009, EA17-2011, EA18-2014, EA19-2015, EA20-2023, EA21-2026)",2017,,10448283.3,,,,,
dataflow,ESTAT:NAMA_10_GDP$DEFAULTVIEW(1.0),"Gross domestic product (GDP) and main components (output, expenditure and income) - annual data",A,Annual,CLV10_MEUR,"Chain linked volumes (2010), million euro",B1GQ,Gross domestic product at market prices,EA,"Euro area (EA11-1999, EA12-2001, EA13-2007, EA15-2008, EA16-2009, EA17-2011, EA18-2014, EA19-2015, EA20-2023, EA21-2026)",2018,,10633629.2,,,,,
dataflow,ESTAT:NAMA_10_GDP$DEFAULTVIEW(1.0),"Gross domestic product (GDP) and main components (output, expenditure and income) - annual data",A,Annual,CLV10_MEUR,"Chain linked volumes (2010), million euro",B1GQ,Gross domestic product at market prices,EA,"Euro area (EA11-1999, EA12-2001, EA13-2007, EA15-2008, EA16-2009, EA17-2011, EA18-2014, EA19-2015, EA20-2023, EA21-2026)",2019,,10805307.4,,,,,
dataflow,ESTAT:NAMA_10_GDP$DEFAULTVIEW(1.0),"Gross domestic product (GDP) and main components (output, expenditure and income) - annual data",A,Annual,CLV10_MEUR,"Chain linked volumes (2010), million euro",B1GQ,Gross domestic product at market prices,EA,"Euro area (EA11-1999, EA12-2001, EA13-2007, EA15-2008, EA16-2009, EA17-2011, EA18-2014, EA19-2015, EA20-2023, EA21-2026)",2020,,10155520.6,,,,,
dataflow,ESTAT:NAMA_10_GDP$DEFAULTVIEW(1.0),"Gross domestic product (GDP) and main components (output, expenditure and income) - annual data",A,Annual,CLV10_MEUR,"Chain linked volumes (2010), million euro",B1GQ,Gross domestic product at market prices,EA,"Euro area (EA11-1999, EA12-2001, EA13-2007, EA15-2008, EA16-2009, EA17-2011, EA18-2014, EA19-2015, EA20-2023, EA21-2026)",2021,,10803465.8,,,,,
dataflow,ESTAT:NAMA_10_GDP$DEFAULTVIEW(1.0),"Gross domestic product (GDP) and main components (output, expenditure and income) - annual data",A,Annual,CLV10_MEUR,"Chain linked volumes (2010), million euro",B1GQ,Gross domestic product at market prices,EA,"Euro area (EA11-1999, EA12-2001, EA13-2007, EA15-2008, EA16-2009, EA17-2011, EA18-2014, EA19-2015, EA20-2023, EA21-2026)",2022,,11195088.0,,,,,
dataflow,ESTAT:NAMA_10_GDP$DEFAULTVIEW(1.0),"Gross domestic product (GDP) and main components (output, expenditure and income) - annual data",A,Annual,CLV10_MEUR,"Chain linked volumes (2010), million euro",B1GQ,Gross domestic product at market prices,EA,"Euro area (EA11-1999, EA12-2001, EA13-2007, EA15-2008, EA16-2009, EA17-2011, EA18-2014, EA19-2015, EA20-2023, EA21-2026)",2023,,11304429.6,,,,,
dataflow,ESTAT:NAMA_10_GDP$DEFAULTVIEW(1.0),"Gross domestic product (GDP) and main components (output, expenditure and income) - annual data",A,Annual,CLV10_MEUR,"Chain linked volumes (2010), million euro",B1GQ,Gross domestic product at market prices,EA,"Euro area (EA11-1999, EA12-2001, EA13-2007, EA15-2008, EA16-2009, EA17-2011, EA18-2014, EA19-2015, EA20-2023, EA21-2026)",2024,,11413787.2,,,,,
dataflow,ESTAT:NAMA_10_GDP$DEFAULTVIEW(1.0),"Gross domestic product (GDP) and main components (output, expenditure and income) - annual data",A,Annual,CLV10_MEUR,"Chain linked volumes (2010), million euro",B1GQ,Gross domestic product at market prices,EA,"Euro area (EA11-1999, EA12-2001, EA13-2007, EA15-2008, EA16-2009, EA17-2011, EA18-2014, EA19-2015, EA20-2023, EA21-2026)",2025,,11572078.6,,,,,
dataflow,ESTAT:NAMA_10_GDP$DEFAULTVIEW(1.0),"Gross domestic product (GDP) and main components (output, expenditure and income) - annual data",A,Annual,CLV10_MEUR,"Chain linked volumes (2010), million euro",B1GQ,Gross domestic product at market prices,EA12,Euro area - 12 countries (2001-2006),2016,,9960801.2,,,,,
dataflow,ESTAT:NAMA_10_GDP$DEFAULTVIEW(1.0),"Gross domestic product (GDP) and main components (output, expenditure and income) - annual data",A,Annual,CLV10_MEUR,"Chain linked volumes (2010), million euro",B1GQ,Gross domestic product at market prices,EA12,Euro area - 12 countries (2001-2006),2017,,10217297.1,,,,,
dataflow,ESTAT:NAMA_10_GDP$DEFAULTVIEW(1.0),"Gross domestic product (GDP) and main components (output, expenditure and income) - annual data",A,Annual,CLV10_MEUR,"Chain linked volumes (2010), million euro",B1GQ,Gross domestic product at market prices,EA12,Euro area - 12 countries (2001-2006),2018,,10391985.4,,,,,
dataflow,ESTAT:NAMA_10_GDP$DEFAULTVIEW(1.0),"Gross domestic product (GDP) and main components (output, expenditure and income) - annual data",A,Annual,CLV10_MEUR,"Chain linked volumes (2010), million euro",B1GQ,Gross domestic product at market prices,EA12,Euro area - 12 countries (2001-2006),2019,,10555736.2,,,,,
dataflow,ESTAT:NAMA_10_GDP$DEFAULTVIEW(1.0),"Gross domestic product (GDP) and main components (output, expenditure and income) - annual data",A,Annual,CLV10_MEUR,"Chain linked volumes (2010), million euro",B1GQ,Gross domestic product at market prices,EA12,Euro area - 12 countries (2001-2006),2020,,9912168.7,,,,,
dataflow,ESTAT:NAMA_10_GDP$DEFAULTVIEW(1.0),"Gross domestic product (GDP) and main components (output, expenditure and income) - annual data",A,Annual,CLV10_MEUR,"Chain linked volumes (2010), million euro",B1GQ,Gross domestic product at market prices,EA12,Euro area - 12 countries (2001-2006),2021,,10541876.8,,,,,
dataflow,ESTAT:NAMA_10_GDP$DEFAULTVIEW(1.0),"Gross domestic product (GDP) and main components (output, expenditure and income) - annual data",A,Annual,CLV10_MEUR,"Chain linked volumes (2010), million euro",B1GQ,Gross domestic product at market prices,EA12,Euro area - 12 countries (2001-2006),2022,,10928520.8,,,,,
dataflow,ESTAT:NAMA_10_GDP$DEFAULTVIEW(1.0),"Gross domestic product (GDP) and main components (output, expenditure and income) - annual data",A,Annual,CLV10_MEUR,"Chain linked volumes (2010), million euro",B1GQ,Gross domestic product at market prices,EA12,Euro area - 12 countries (2001-2006),2023,,10974126.1,,,,,
dataflow,ESTAT:NAMA_10_GDP$DEFAULTVIEW(1.0),"Gross domestic product (GDP) and main components (output, expenditure and income) - annual data",A,Annual,CLV10_MEUR,"Chain linked volumes (2010), million euro",B1GQ,Gross domestic product at market prices,EA12,Euro area - 12 countries (2001-2006),2024,,11075075.5,,,,,
dataflow,ESTAT:NAMA_10_GDP$DEFAULTVIEW(1.0),"Gross domestic product (GDP) and main components (output, expenditure and income) - annual data",A,Annual,CLV10_MEUR,"Chain linked volumes (2010), million euro",B1GQ,Gross domestic product at market prices,EA12,Euro area - 12 countries (2001-2006),2025,,11226132.1,,,,,
dataflow,ESTAT:NAMA_10_GDP$DEFAULTVIEW(1.0),"Gross domestic product (GDP) and main components (output, expenditure and income) - annual data",A,Annual,CLV10_MEUR,"Chain linked volumes (2010), million euro",B1GQ,Gross domestic product at market prices,EA19,Euro area - 19 countries  (2015-2022),2016,,10181720.1,,,,,
dataflow,ESTAT:NAMA_10_GDP$DEFAULTVIEW(1.0),"Gross domestic product (GDP) and main components (output, expenditure and income) - annual data",A,Annual,CLV10_MEUR,"Chain linked volumes (2010), million euro",B1GQ,Gross domestic product at market prices,EA19,Euro area - 19 countries  (2015-2022),2017,,10448283.3,,,,,
dataflow,ESTAT:NAMA_10_GDP$DEFAULTVIEW(1.0),"Gross domestic product (GDP) and main components (output, expenditure and income) - annual data",A,Annual,CLV10_MEUR,"Chain linked volumes (2010), million euro",B1GQ,Gross domestic product at market prices,EA19,Euro area - 19 countries  (2015-2022),2018,,10633629.2,,,,,
dataflow,ESTAT:NAMA_10_GDP$DEFAULTVIEW(1.0),"Gross domestic product (GDP) and main components (output, expenditure and income) - annual data",A,Annual,CLV10_MEUR,"Chain linked volumes (2010), million euro",B1GQ,Gross domestic product at market prices,EA19,Euro area - 19 countries  (2015-2022),2019,,10805307.4,,,,,
dataflow,ESTAT:NAMA_10_GDP$DEFAULTVIEW(1.0),"Gross domestic product (GDP) and main components (output, expenditure and income) - annual data",A,Annual,CLV10_MEUR,"Chain linked volumes (2010), million euro",B1GQ,Gross domestic product at market prices,EA19,Euro area - 19 countries  (2015-2022),2020,,10155520.6,,,,,
dataflow,ESTAT:NAMA_10_GDP$DEFAULTVIEW(1.0),"Gross domestic product (GDP) and main components (output, expenditure and income) - annual data",A,Annual,CLV10_MEUR,"Chain linked volumes (2010), million euro",B1GQ,Gross domestic product at market prices,EA19,Euro area - 19 countries  (2015-2022),2021,,10803465.8,,,,,
dataflow,ESTAT:NAMA_10_GDP$DEFAULTVIEW(1.0),"Gross domestic product (GDP) and main components (output, expenditure and income) - annual data",A,Annual,CLV10_MEUR,"Chain linked volumes (2010), million euro",B1GQ,Gross domestic product at market prices,EA19,Euro area - 19 countries  (2015-2022),2022,,11195088.0,,,,,
dataflow,ESTAT:NAMA_10_GDP$DEFAULTVIEW(1.0),"Gross domestic product (GDP) and main components (output, expenditure and income) - annual data",A,Annual,CLV10_MEUR,"Chain linked volumes (2010), million euro",B1GQ,Gross domestic product at market prices,EA19,Euro area - 19 countries  (2015-2022),2023,,11245359.3,,,,,
dataflow,ESTAT:NAMA_10_GDP$DEFAULTVIEW(1.0),"Gross domestic product (GDP) and main components (output, expenditure and income) - annual data",A,Annual,CLV10_MEUR,"Chain linked volumes (2010), million euro",B1GQ,Gross domestic product at market prices,EA19,Euro area - 19 countries  (2015-2022),2024,,11352400.4,,,,,
dataflow,ESTAT:NAMA_10_GDP$DEFAULTVIEW(1.0),"Gross domestic product (GDP) and main components (output, expenditure and income) - annual data",A,Annual,CLV10_MEUR,"Chain linked volumes (2010), million euro",B1GQ,Gross domestic product at market prices,EA19,Euro area - 19 countries  (2015-2022),2025,,11508544.0,,,,,
dataflow,ESTAT:NAMA_10_GDP$DEFAULTVIEW(1.0),"Gross domestic product (GDP) and main components (output, expenditure and income) - annual data",A,Annual,CLV10_MEUR,"Chain linked volumes (2010), million euro",B1GQ,Gross domestic product at market prices,EA20,Euro area – 20 countries (2023-2025),2016,,10228923.1,,,,,
dataflow,ESTAT:NAMA_10_GDP$DEFAULTVIEW(1.0),"Gross domestic product (GDP) and main components (output, expenditure and income) - annual data",A,Annual,CLV10_MEUR,"Chain linked volumes (2010), million euro",B1GQ,Gross domestic product at market prices,EA20,Euro area – 20 countries (2023-2025),2017,,10497018.0,,,,,
dataflow,ESTAT:NAMA_10_GDP$DEFAULTVIEW(1.0),"Gross domestic product (GDP) and main components (output, expenditure and income) - annual data",A,Annual,CLV10_MEUR,"Chain linked volumes (2010), million euro",B1GQ,Gross domestic product at market prices,EA20,Euro area – 20 countries (2023-2025),2018,,10683755.5,,,,,
dataflow,ESTAT:NAMA_10_GDP$DEFAULTVIEW(1.0),"Gross domestic product (GDP) and main components (output, expenditure and income) - annual data",A,Annual,CLV10_MEUR,"Chain linked volumes (2010), million euro",B1GQ,Gross domestic product at market prices,EA20,Euro area – 20 countries (2023-2025),2019,,10856960.3,,,,,
dataflow,ESTAT:NAMA_10_GDP$DEFAULTVIEW(1.0),"Gross domestic product (GDP) and main components (output, expenditure and income) - annual data",A,Annual,CLV10_MEUR,"Chain linked volumes (2010), million euro",B1GQ,Gross domestic product at market prices,EA20,Euro area – 20 countries (2023-2025),2020,,10202921.6,,,,,
dataflow,ESTAT:NAMA_10_GDP$DEFAULTVIEW(1.0),"Gross domestic product (GDP) and main components (output, expenditure and income) - annual data",A,Annual,CLV10_MEUR,"Chain linked volumes (2010), million euro",B1GQ,Gross domestic product at market prices,EA20,Euro area – 20 countries (2023-2025),2021,,10856676.3,,,,,
dataflow,ESTAT:NAMA_10_GDP$DEFAULTVIEW(1.0),"Gross domestic product (GDP) and main components (output, expenditure and income) - annual data",A,Annual,CLV10_MEUR,"Chain linked volumes (2010), million euro",B1GQ,Gross domestic product at market prices,EA20,Euro area – 20 countries (2023-2025),2022,,11252070.8,,,,,
dataflow,ESTAT:NAMA_10_GDP$DEFAULTVIEW(1.0),"Gross domestic product (GDP) and main components (output, expenditure and income) - annual data",A,Annual,CLV10_MEUR,"Chain linked volumes (2010), million euro",B1GQ,Gross domestic product at market prices,EA20,Euro area – 20 countries (2023-2025),2023,,11304429.6,,,,,
dataflow,ESTAT:NAMA_10_GDP$DEFAULTVIEW(1.0),"Gross domestic product (GDP) and main components (output, expenditure and income) - annual data",A,Annual,CLV10_MEUR,"Chain linked volumes (2010), million euro",B1GQ,Gross domestic product at market prices,EA20,Euro area – 20 countries (2023-2025),2024,,11413787.2,,,,,
dataflow,ESTAT:NAMA_10_GDP$DEFAULTVIEW(1.0),"Gross domestic product (GDP) and main components (output, expenditure and income) - annual data",A,Annual,CLV10_MEUR,"Chain linked volumes (2010), million euro",B1GQ,Gross domestic product at market prices,EA20,Euro area – 20 countries (2023-2025),2025,,11572078.6,,,,,
dataflow,ESTAT:NAMA_10_GDP$DEFAULTVIEW(1.0),"Gross domestic product (GDP) and main components (output, expenditure and income) - annual data",A,Annual,CLV10_MEUR,"Chain linked volumes (2010), million euro",B1GQ,Gross domestic product at market prices,EA21,Euro area – 21 countries (from 2026),2016,,10271113.0,,,,,
dataflow,ESTAT:NAMA_10_GDP$DEFAULTVIEW(1.0),"Gross domestic product (GDP) and main components (output, expenditure and income) - annual data",A,Annual,CLV10_MEUR,"Chain linked volumes (2010), million euro",B1GQ,Gross domestic product at market prices,EA21,Euro area – 21 countries (from 2026),2017,,10540370.5,,,,,
dataflow,ESTAT:NAMA_10_GDP$DEFAULTVIEW(1.0),"Gross domestic product (GDP) and main components (output, expenditure and income) - annual data",A,Annual,CLV10_MEUR,"Chain linked volumes (2010), million euro",B1GQ,Gross domestic product at market prices,EA21,Euro area – 21 countries (from 2026),2018,,10728146.3,,,,,
dataflow,ESTAT:NAMA_10_GDP$DEFAULTVIEW(1.0),"Gross domestic product (GDP) and main components (output, expenditure and income) - annual data",A,Annual,CLV10_MEUR,"Chain linked volumes (2010), million euro",B1GQ,Gross domestic product at market prices,EA21,Euro area – 21 countries (from 2026),2019,,10903176.3,,,,,
dataflow,ESTAT:NAMA_10_GDP$DEFAULTVIEW(1.0),"Gross domestic product (GDP) and main components (output, expenditure and income) - annual data",A,Annual,CLV10_MEUR,"Chain linked volumes (2010), million euro",B1GQ,Gross domestic product at market prices,EA21,Euro area – 21 countries (from 2026),2020,,10247934.4,,,,,
dataflow,ESTAT:NAMA_10_GDP$DEFAULTVIEW(1.0),"Gross domestic product (GDP) and main components (output, expenditure and income) - annual data",A,Annual,CLV10_MEUR,"Chain linked volumes (2010), million euro",B1GQ,Gross domestic product at market prices,EA21,Euro area – 21 countries (from 2026),2021,,10905344.4,,,,,
dataflow,ESTAT:NAMA_10_GDP$DEFAULTVIEW(1.0),"Gross domestic product (GDP) and main components (output, expenditure and income) - annual data",A,Annual,CLV10_MEUR,"Chain linked volumes (2010), million euro",B1GQ,Gross domestic product at market prices,EA21,Euro area – 21 countries (from 2026),2022,,11302782.4,,,,,
dataflow,ESTAT:NAMA_10_GDP$DEFAULTVIEW(1.0),"Gross domestic product (GDP) and main components (output, expenditure and income) - annual data",A,Annual,CLV10_MEUR,"Chain linked volumes (2010), million euro",B1GQ,Gross domestic product at market prices,EA21,Euro area – 21 countries (from 2026),2023,,11356231.8,,,,,
dataflow,ESTAT:NAMA_10_GDP$DEFAULTVIEW(1.0),"Gross domestic product (GDP) and main components (output, expenditure and income) - annual data",A,Annual,CLV10_MEUR,"Chain linked volumes (2010), million euro",B1GQ,Gross domestic product at market prices,EA21,Euro area – 21 countries (from 2026),2024,,11467849.7,,,,,
dataflow,ESTAT:NAMA_10_GDP$DEFAULTVIEW(1.0),"Gross domestic product (GDP) and main components (output, expenditure and income) - annual data",A,Annual,CLV10_MEUR,"Chain linked volumes (2010), million euro",B1GQ,Gross domestic product at market prices,EA21,Euro area – 21 countries (from 2026),2025,,11628228.6,,,,,
dataflow,ESTAT:NAMA_10_GDP$DEFAULTVIEW(1.0),"Gross domestic product (GDP) and main components (output, expenditure and income) - annual data",A,Annual,CLV10_MEUR,"Chain linked volumes (2010), million euro",B1GQ,Gross domestic product at market prices,EE,Estonia,2016,,18153.0,,,,,
dataflow,ESTAT:NAMA_10_GDP$DEFAULTVIEW(1.0),"Gross domestic product (GDP) and main components (output, expenditure and income) - annual data",A,Annual,CLV10_MEUR,"Chain linked volumes (2010), million euro",B1GQ,Gross domestic product at market prices,EE,Estonia,2017,,19175.9,,,,,
dataflow,ESTAT:NAMA_10_GDP$DEFAULTVIEW(1.0),"Gross domestic product (GDP) and main components (output, expenditure and income) - annual data",A,Annual,CLV10_MEUR,"Chain linked volumes (2010), million euro",B1GQ,Gross domestic product at market prices,EE,Estonia,2018,,19885.4,,,,,
dataflow,ESTAT:NAMA_10_GDP$DEFAULTVIEW(1.0),"Gross domestic product (GDP) and main components (output, expenditure and income) - annual data",A,Annual,CLV10_MEUR,"Chain linked volumes (2010), million euro",B1GQ,Gross domestic product at market prices,EE,Estonia,2019,,20626.4,,,,,
dataflow,ESTAT:NAMA_10_GDP$DEFAULTVIEW(1.0),"Gross domestic product (GDP) and main components (output, expenditure and income) - annual data",A,Annual,CLV10_MEUR,"Chain linked volumes (2010), million euro",B1GQ,Gross domestic product at market prices,EE,Estonia,2020,,20031.6,,,,,
dataflow,ESTAT:NAMA_10_GDP$DEFAULTVIEW(1.0),"Gross domestic product (GDP) and main components (output, expenditure and income) - annual data",A,Annual,CLV10_MEUR,"Chain linked volumes (2010), million euro",B1GQ,Gross domestic product at market prices,EE,Estonia,2021,,21685.2,,,,,
dataflow,ESTAT:NAMA_10_GDP$DEFAULTVIEW(1.0),"Gross domestic product (GDP) and main components (output, expenditure and income) - annual data",A,Annual,CLV10_MEUR,"Chain linked volumes (2010), million euro",B1GQ,Gross domestic product at market prices,EE,Estonia,2022,,21419.3,,,,,
dataflow,ESTAT:NAMA_10_GDP$DEFAULTVIEW(1.0),"Gross domestic product (GDP) and main components (output, expenditure and income) - annual data",A,Annual,CLV10_MEUR,"Chain linked volumes (2010), million euro",B1GQ,Gross domestic product at market prices,EE,Estonia,2023,,20831.5,,,,,
dataflow,ESTAT:NAMA_10_GDP$DEFAULTVIEW(1.0),"Gross domestic product (GDP) and main components (output, expenditure and income) - annual data",A,Annual,CLV10_MEUR,"Chain linked volumes (2010), million euro",B1GQ,Gross domestic product at market prices,EE,Estonia,2024,,20812.7,,,,,
dataflow,ESTAT:NAMA_10_GDP$DEFAULTVIEW(1.0),"Gross domestic product (GDP) and main components (output, expenditure and income) - annual data",A,Annual,CLV10_MEUR,"Chain linked volumes (2010), million euro",B1GQ,Gross domestic product at market prices,EE,Estonia,2025,,20934.3,,,,,
dataflow,ESTAT:NAMA_10_GDP$DEFAULTVIEW(1.0),"Gross domestic product (GDP) and main components (output, expenditure and income) - annual data",A,Annual,CLV10_MEUR,"Chain linked volumes (2010), million euro",B1GQ,Gross domestic product at market prices,EL,Greece,2016,,181479.1,,,,,
dataflow,ESTAT:NAMA_10_GDP$DEFAULTVIEW(1.0),"Gross domestic product (GDP) and main components (output, expenditure and income) - annual data",A,Annual,CLV10_MEUR,"Chain linked volumes (2010), million euro",B1GQ,Gross domestic product at market prices,EL,Greece,2017,,184152.5,,,,,
dataflow,ESTAT:NAMA_10_GDP$DEFAULTVIEW(1.0),"Gross domestic product (GDP) and main components (output, expenditure and income) - annual data",A,Annual,CLV10_MEUR,"Chain linked volumes (2010), million euro",B1GQ,Gross domestic product at market prices,EL,Greece,2018,,187954.7,,,,,
dataflow,ESTAT:NAMA_10_GDP$DEFAULTVIEW(1.0),"Gross domestic product (GDP) and main components (output, expenditure and income) - annual data",A,Annual,CLV10_MEUR,"Chain linked volumes (2010), million euro",B1GQ,Gross domestic product at market prices,EL,Greece,2019,,192234.8,,,,,
dataflow,ESTAT:NAMA_10_GDP$DEFAULTVIEW(1.0),"Gross domestic product (GDP) and main components (output, expenditure and income) - annual data",A,Annual,CLV10_MEUR,"Chain linked volumes (2010), million euro",B1GQ,Gross domestic product at market prices,EL,Greece,2020,,174556.4,,,,,
dataflow,ESTAT:NAMA_10_GDP$DEFAULTVIEW(1.0),"Gross domestic product (GDP) and main components (output, expenditure and income) - annual data",A,Annual,CLV10_MEUR,"Chain linked volumes (2010), million euro",B1GQ,Gross domestic product at market prices,EL,Greece,2021,,189663.4,,,,,
dataflow,ESTAT:NAMA_10_GDP$DEFAULTVIEW(1.0),"Gross domestic product (GDP) and main components (output, expenditure and income) - annual data",A,Annual,CLV10_MEUR,"Chain linked volumes (2010), million euro",B1GQ,Gross domestic product at market prices,EL,Greece,2022,,200136.6,,,,,
dataflow,ESTAT:NAMA_10_GDP$DEFAULTVIEW(1.0),"Gross domestic product (GDP) and main components (output, expenditure and income) - annual data",A,Annual,CLV10_MEUR,"Chain linked volumes (2010), million euro",B1GQ,Gross domestic product at market prices,EL,Greece,2023,,204411.3,,p,provisional,,
dataflow,ESTAT:NAMA_10_GDP$DEFAULTVIEW(1.0),"Gross domestic product (GDP) and main components (output, expenditure and income) - annual data",A,Annual,CLV10_MEUR,"Chain linked volumes (2010), million euro",B1GQ,Gross domestic product at market prices,EL,Greece,2024,,208676.5,,p,provisional,,
dataflow,ESTAT:NAMA_10_GDP$DEFAULTVIEW(1.0),"Gross domestic product (GDP) and main components (output, expenditure and income) - annual data",A,Annual,CLV10_MEUR,"Chain linked volumes (2010), million euro",B1GQ,Gross domestic product at market prices,EL,Greece,2025,,213002.5,,p,provisional,,
dataflow,ESTAT:NAMA_10_GDP$DEFAULTVIEW(1.0),"Gross domestic product (GDP) and main components (output, expenditure and income) - annual data",A,Annual,CLV10_MEUR,"Chain linked volumes (2010), million euro",B1GQ,Gross domestic product at market prices,ES,Spain,2016,,1114136.4,,,,,
dataflow,ESTAT:NAMA_10_GDP$DEFAULTVIEW(1.0),"Gross domestic product (GDP) and main components (output, expenditure and income) - annual data",A,Annual,CLV10_MEUR,"Chain linked volumes (2010), million euro",B1GQ,Gross domestic product at market prices,ES,Spain,2017,,1146402.2,,,,,
dataflow,ESTAT:NAMA_10_GDP$DEFAULTVIEW(1.0),"Gross domestic product (GDP) and main components (output, expenditure and income) - annual data",A,Annual,CLV10_MEUR,"Chain linked volumes (2010), million euro",B1GQ,Gross domestic product at market prices,ES,Spain,2018,,1173863.3,,,,,
dataflow,ESTAT:NAMA_10_GDP$DEFAULTVIEW(1.0),"Gross domestic product (GDP) and main components (output, expenditure and income) - annual data",A,Annual,CLV10_MEUR,"Chain linked volumes (2010), million euro",B1GQ,Gross domestic product at market prices,ES,Spain,2019,,1196884.8,,,,,
dataflow,ESTAT:NAMA_10_GDP$DEFAULTVIEW(1.0),"Gross domestic product (GDP) and main components (output, expenditure and income) - annual data",A,Annual,CLV10_MEUR,"Chain linked volumes (2010), million euro",B1GQ,Gross domestic product at market prices,ES,Spain,2020,,1065944.8,,,,,
dataflow,ESTAT:NAMA_10_GDP$DEFAULTVIEW(1.0),"Gross domestic product (GDP) and main components (output, expenditure and income) - annual data",A,Annual,CLV10_MEUR,"Chain linked volumes (2010), million euro",B1GQ,Gross domestic product at market prices,ES,Spain,2021,,1137183.4,,,,,
dataflow,ESTAT:NAMA_10_GDP$DEFAULTVIEW(1.0),"Gross domestic product (GDP) and main components (output, expenditure and income) - annual data",A,Annual,CLV10_MEUR,"Chain linked volumes (2010), million euro",B1GQ,Gross domestic product at market prices,ES,Spain,2022,,1209625.6,,,,,
dataflow,ESTAT:NAMA_10_GDP$DEFAULTVIEW(1.0),"Gross domestic product (GDP) and main components (output, expenditure and income) - annual data",A,Annual,CLV10_MEUR,"Chain linked volumes (2010), million euro",B1GQ,Gross domestic product at market prices,ES,Spain,2023,,1239392.8,,p,provisional,,
dataflow,ESTAT:NAMA_10_GDP$DEFAULTVIEW(1.0),"Gross domestic product (GDP) and main components (output, expenditure and income) - annual data",A,Annual,CLV10_MEUR,"Chain linked volumes (2010), million euro",B1GQ,Gross domestic product at market prices,ES,Spain,2024,,1282216.9,,p,provisional,,
dataflow,ESTAT:NAMA_10_GDP$DEFAULTVIEW(1.0),"Gross domestic product (GDP) and main components (output, expenditure and income) - annual data",A,Annual,CLV10_MEUR,"Chain linked volumes (2010), million euro",B1GQ,Gross domestic product at market prices,ES,Spain,2025,,1318439.0,,p,provisional,,
dataflow,ESTAT:NAMA_10_GDP$DEFAULTVIEW(1.0),"Gross domestic product (GDP) and main components (output, expenditure and income) - annual data",A,Annual,CLV10_MEUR,"Chain linked volumes (2010), million euro",B1GQ,Gross domestic product at market prices,EU27_2020,European Union - 27 countries (from 2020),2016,,11835289.3,,,,,
dataflow,ESTAT:NAMA_10_GDP$DEFAULTVIEW(1.0),"Gross domestic product (GDP) and main components (output, expenditure and income) - annual data",A,Annual,CLV10_MEUR,"Chain linked volumes (2010), million euro",B1GQ,Gross domestic product at market prices,EU27_2020,European Union - 27 countries (from 2020),2017,,12168293.7,,,,,
dataflow,ESTAT:NAMA_10_GDP$DEFAULTVIEW(1.0),"Gross domestic product (GDP) and main components (output, expenditure and income) - annual data",A,Annual,CLV10_MEUR,"Chain linked volumes (2010), million euro",B1GQ,Gross domestic product at market prices,EU27_2020,European Union - 27 countries (from 2020),2018,,12417209.6,,,,,
dataflow,ESTAT:NAMA_10_GDP$DEFAULTVIEW(1.0),"Gross domestic product (GDP) and main components (output, expenditure and income) - annual data",A,Annual,CLV10_MEUR,"Chain linked volumes (2010), million euro",B1GQ,Gross domestic product at market prices,EU27_2020,European Union - 27 countries (from 2020),2019,,12650096.3,,,,,
dataflow,ESTAT:NAMA_10_GDP$DEFAULTVIEW(1.0),"Gross domestic product (GDP) and main components (output, expenditure and income) - annual data",A,Annual,CLV10_MEUR,"Chain linked volumes (2010), million euro",B1GQ,Gross domestic product at market prices,EU27_2020,European Union - 27 countries (from 2020),2020,,11946516.8,,,,,
dataflow,ESTAT:NAMA_10_GDP$DEFAULTVIEW(1.0),"Gross domestic product (GDP) and main components (output, expenditure and income) - annual data",A,Annual,CLV10_MEUR,"Chain linked volumes (2010), million euro",B1GQ,Gross domestic product at market prices,EU27_2020,European Union - 27 countries (from 2020),2021,,12705281.8,,,,,
dataflow,ESTAT:NAMA_10_GDP$DEFAULTVIEW(1.0),"Gross domestic product (GDP) and main components (output, expenditure and income) - annual data",A,Annual,CLV10_MEUR,"Chain linked volumes (2010), million euro",B1GQ,Gross domestic product at market prices,EU27_2020,European Union - 27 countries (from 2020),2022,,13156106.1,,,,,
dataflow,ESTAT:NAMA_10_GDP$DEFAULTVIEW(1.0),"Gross domestic product (GDP) and main components (output, expenditure and income) - annual data",A,Annual,CLV10_MEUR,"Chain linked volumes (2010), million euro",B1GQ,Gross domestic product at market prices,EU27_2020,European Union - 27 countries (from 2020),2023,,13215827.0,,,,,
dataflow,ESTAT:NAMA_10_GDP$DEFAULTVIEW(1.0),"Gross domestic product (GDP) and main components (output, expenditure and income) - annual data",A,Annual,CLV10_MEUR,"Chain linked volumes (2010), million euro",B1GQ,Gross domestic product at market prices,EU27_2020,European Union - 27 countries (from 2020),2024,,13370115.9,,,,,
dataflow,ESTAT:NAMA_10_GDP$DEFAULTVIEW(1.0),"Gross domestic product (GDP) and main components (output, expenditure and income) - annual data",A,Annual,CLV10_MEUR,"Chain linked volumes (2010), million euro",B1GQ,Gross domestic product at market prices,EU27_2020,European Union - 27 countries (from 2020),2025,,13575674.0,,,,,
dataflow,ESTAT:NAMA_10_GDP$DEFAULTVIEW(1.0),"Gross domestic product (GDP) and main components (output, expenditure and income) - annual data",A,Annual,CLV10_MEUR,"Chain linked volumes (2010), million euro",B1GQ,Gross domestic product at market prices,FI,Finland,2016,,192657.0,,,,,
dataflow,ESTAT:NAMA_10_GDP$DEFAULTVIEW(1.0),"Gross domestic product (GDP) and main components (output, expenditure and income) - annual data",A,Annual,CLV10_MEUR,"Chain linked volumes (2010), million euro",B1GQ,Gross domestic product at market prices,FI,Finland,2017,,199021.1,,,,,
dataflow,ESTAT:NAMA_10_GDP$DEFAULTVIEW(1.0),"Gross domestic product (GDP) and main components (output, expenditure and income) - annual data",A,Annual,CLV10_MEUR,"Chain linked volumes (2010), million euro",B1GQ,Gross domestic product at market prices,FI,Finland,2018,,201395.4,,,,,
dataflow,ESTAT:NAMA_10_GDP$DEFAULTVIEW(1.0),"Gross domestic product (GDP) and main components (output, expenditure and income) - annual data",A,Annual,CLV10_MEUR,"Chain linked volumes (2010), million euro",B1GQ,Gross domestic product at market prices,FI,Finland,2019,,204113.7,,,,,
dataflow,ESTAT:NAMA_10_GDP$DEFAULTVIEW(1.0),"Gross domestic product (GDP) and main components (output, expenditure and income) - annual data",A,Annual,CLV10_MEUR,"Chain linked volumes (2010), million euro",B1GQ,Gross domestic product at market prices,FI,Finland,2020,,199029.2,,,,,
dataflow,ESTAT:NAMA_10_GDP$DEFAULTVIEW(1.0),"Gross domestic product (GDP) and main components (output, expenditure and income) - annual data",A,Annual,CLV10_MEUR,"Chain linked volumes (2010), million euro",B1GQ,Gross domestic product at market prices,FI,Finland,2021,,204355.9,,,,,
dataflow,ESTAT:NAMA_10_GDP$DEFAULTVIEW(1.0),"Gross domestic product (GDP) and main components (output, expenditure and income) - annual data",A,Annual,CLV10_MEUR,"Chain linked volumes (2010), million euro",B1GQ,Gross domestic product at market prices,FI,Finland,2022,,205915.2,,,,,
dataflow,ESTAT:NAMA_10_GDP$DEFAULTVIEW(1.0),"Gross domestic product (GDP) and main components (output, expenditure and income) - annual data",A,Annual,CLV10_MEUR,"Chain linked volumes (2010), million euro",B1GQ,Gross domestic product at market prices,FI,Finland,2023,,203259.5,,,,,
dataflow,ESTAT:NAMA_10_GDP$DEFAULTVIEW(1.0),"Gross domestic product (GDP) and main components (output, expenditure and income) - annual data",A,Annual,CLV10_MEUR,"Chain linked volumes (2010), million euro",B1GQ,Gross domestic product at market prices,FI,Finland,2024,,204020.8,,,,,
dataflow,ESTAT:NAMA_10_GDP$DEFAULTVIEW(1.0),"Gross domestic product (GDP) and main components (output, expenditure and income) - annual data",A,Annual,CLV10_MEUR,"Chain linked volumes (2010), million euro",B1GQ,Gross domestic product at market prices,FI,Finland,2025,,204374.7,,,,,
dataflow,ESTAT:NAMA_10_GDP$DEFAULTVIEW(1.0),"Gross domestic product (GDP) and main components (output, expenditure and income) - annual data",A,Annual,CLV10_MEUR,"Chain linked volumes (2010), million euro",B1GQ,Gross domestic product at market prices,FR,France,2016,,2125471.2,,,,,
dataflow,ESTAT:NAMA_10_GDP$DEFAULTVIEW(1.0),"Gross domestic product (GDP) and main components (output, expenditure and income) - annual data",A,Annual,CLV10_MEUR,"Chain linked volumes (2010), million euro",B1GQ,Gross domestic product at market prices,FR,France,2017,,2169757.8,,,,,
dataflow,ESTAT:NAMA_10_GDP$DEFAULTVIEW(1.0),"Gross domestic product (GDP) and main components (output, expenditure and income) - annual data",A,Annual,CLV10_MEUR,"Chain linked volumes (2010), million euro",B1GQ,Gross domestic product at market prices,FR,France,2018,,2205470.1,,,,,
dataflow,ESTAT:NAMA_10_GDP$DEFAULTVIEW(1.0),"Gross domestic product (GDP) and main components (output, expenditure and income) - annual data",A,Annual,CLV10_MEUR,"Chain linked volumes (2010), million euro",B1GQ,Gross domestic product at market prices,FR,France,2019,,2250184.8,,,,,
dataflow,ESTAT:NAMA_10_GDP$DEFAULTVIEW(1.0),"Gross domestic product (GDP) and main components (output, expenditure and income) - annual data",A,Annual,CLV10_MEUR,"Chain linked volumes (2010), million euro",B1GQ,Gross domestic product at market prices,FR,France,2020,,2082756.5,,,,,
dataflow,ESTAT:NAMA_10_GDP$DEFAULTVIEW(1.0),"Gross domestic product (GDP) and main components (output, expenditure and income) - annual data",A,Annual,CLV10_MEUR,"Chain linked volumes (2010), million euro",B1GQ,Gross domestic product at market prices,FR,France,2021,,2226098.8,,,,,
dataflow,ESTAT:NAMA_10_GDP$DEFAULTVIEW(1.0),"Gross domestic product (GDP) and main components (output, expenditure and income) - annual data",A,Annual,CLV10_MEUR,"Chain linked volumes (2010), million euro",B1GQ,Gross domestic product at market prices,FR,France,2022,,2286576.7,,,,,
dataflow,ESTAT:NAMA_10_GDP$DEFAULTVIEW(1.0),"Gross domestic product (GDP) and main components (output, expenditure and income) - annual data",A,Annual,CLV10_MEUR,"Chain linked volumes (2010), million euro",B1GQ,Gross domestic product at market prices,FR,France,2023,,2323916.2,,,,,
dataflow,ESTAT:NAMA_10_GDP$DEFAULTVIEW(1.0),"Gross domestic product (GDP) and main components (output, expenditure and income) - annual data",A,Annual,CLV10_MEUR,"Chain linked volumes (2010), million euro",B1GQ,Gross domestic product at market prices,FR,France,2024,,2358878.2,,p,provisional,,
dataflow,ESTAT:NAMA_10_GDP$DEFAULTVIEW(1.0),"Gross domestic product (GDP) and main components (output, expenditure and income) - annual data",A,Annual,CLV10_MEUR,"Chain linked volumes (2010), million euro",B1GQ,Gross domestic product at market prices,FR,France,2025,,2377855.8,,p,provisional,,
dataflow,ESTAT:NAMA_10_GDP$DEFAULTVIEW(1.0),"Gross domestic product (GDP) and main components (output, expenditure and income) - annual data",A,Annual,CLV10_MEUR,"Chain linked volumes (2010), million euro",B1GQ,Gross domestic product at market prices,HR,Croatia,2016,,47211.3,,,,,
dataflow,ESTAT:NAMA_10_GDP$DEFAULTVIEW(1.0),"Gross domestic product (GDP) and main components (output, expenditure and income) - annual data",A,Annual,CLV10_MEUR,"Chain linked volumes (2010), million euro",B1GQ,Gross domestic product at market prices,HR,Croatia,2017,,48761.7,,,,,
dataflow,ESTAT:NAMA_10_GDP$DEFAULTVIEW(1.0),"Gross domestic product (GDP) and main components (output, expenditure and income) - annual data",A,Annual,CLV10_MEUR,"Chain linked volumes (2010), million euro",B1GQ,Gross domestic product at market prices,HR,Croatia,2018,,50181.1,,,,,
dataflow,ESTAT:NAMA_10_GDP$DEFAULTVIEW(1.0),"Gross domestic product (GDP) and main components (output, expenditure and income) - annual data",A,Annual,CLV10_MEUR,"Chain linked volumes (2010), million euro",B1GQ,Gross domestic product at market prices,HR,Croatia,2019,,51737.5,,,,,
dataflow,ESTAT:NAMA_10_GDP$DEFAULTVIEW(1.0),"Gross domestic product (GDP) and main components (output, expenditure and income) - annual data",A,Annual,CLV10_MEUR,"Chain linked volumes (2010), million euro",B1GQ,Gross domestic product at market prices,HR,Croatia,2020,,47437.7,,,,,
dataflow,ESTAT:NAMA_10_GDP$DEFAULTVIEW(1.0),"Gross domestic product (GDP) and main components (output, expenditure and income) - annual data",A,Annual,CLV10_MEUR,"Chain linked volumes (2010), million euro",B1GQ,Gross domestic product at market prices,HR,Croatia,2021,,53430.1,,,,,
dataflow,ESTAT:NAMA_10_GDP$DEFAULTVIEW(1.0),"Gross domestic product (GDP) and main components (output, expenditure and income) - annual data",A,Annual,CLV10_MEUR,"Chain linked volumes (2010), million euro",B1GQ,Gross domestic product at market prices,HR,Croatia,2022,,57327.6,,,,,
dataflow,ESTAT:NAMA_10_GDP$DEFAULTVIEW(1.0),"Gross domestic product (GDP) and main components (output, expenditure and income) - annual data",A,Annual,CLV10_MEUR,"Chain linked volumes (2010), million euro",B1GQ,Gross domestic product at market prices,HR,Croatia,2023,,59484.0,,,,,
dataflow,ESTAT:NAMA_10_GDP$DEFAULTVIEW(1.0),"Gross domestic product (GDP) and main components (output, expenditure and income) - annual data",A,Annual,CLV10_MEUR,"Chain linked volumes (2010), million euro",B1GQ,Gross domestic product at market prices,HR,Croatia,2024,,61760.4,,p,provisional,,
dataflow,ESTAT:NAMA_10_GDP$DEFAULTVIEW(1.0),"Gross domestic product (GDP) and main components (output, expenditure and income) - annual data",A,Annual,CLV10_MEUR,"Chain linked volumes (2010), million euro",B1GQ,Gross domestic product at market prices,HR,Croatia,2025,,63861.9,,p,provisional,,
dataflow,ESTAT:NAMA_10_GDP$DEFAULTVIEW(1.0),"Gross domestic product (GDP) and main components (output, expenditure and income) - annual data",A,Annual,CLV10_MEUR,"Chain linked volumes (2010), million euro",B1GQ,Gross domestic product at market prices,HU,Hungary,2016,,113168.3,,,,,
dataflow,ESTAT:NAMA_10_GDP$DEFAULTVIEW(1.0),"Gross domestic product (GDP) and main components (output, expenditure and income) - annual data",A,Annual,CLV10_MEUR,"Chain linked volumes (2010), million euro",B1GQ,Gross domestic product at market prices,HU,Hungary,2017,,117835.6,,,,,
dataflow,ESTAT:NAMA_10_GDP$DEFAULTVIEW(1.0),"Gross domestic product (GDP) and main components (output, expenditure and income) - annual data",A,Annual,CLV10_MEUR,"Chain linked volumes (2010), million euro",B1GQ,Gross domestic product at market prices,HU,Hungary,2018,,124441.6,,,,,
dataflow,ESTAT:NAMA_10_GDP$DEFAULTVIEW(1.0),"Gross domestic product (GDP) and main components (output, expenditure and income) - annual data",A,Annual,CLV10_MEUR,"Chain linked volumes (2010), million euro",B1GQ,Gross domestic product at market prices,HU,Hungary,2019,,130759.7,,,,,
dataflow,ESTAT:NAMA_10_GDP$DEFAULTVIEW(1.0),"Gross domestic product (GDP) and main components (output, expenditure and income) - annual data",A,Annual,CLV10_MEUR,"Chain linked volumes (2010), million euro",B1GQ,Gross domestic product at market prices,HU,Hungary,2020,,125086.4,,,,,
dataflow,ESTAT:NAMA_10_GDP$DEFAULTVIEW(1.0),"Gross domestic product (GDP) and main components (output, expenditure and income) - annual data",A,Annual,CLV10_MEUR,"Chain linked volumes (2010), million euro",B1GQ,Gross domestic product at market prices,HU,Hungary,2021,,134121.3,,,,,
dataflow,ESTAT:NAMA_10_GDP$DEFAULTVIEW(1.0),"Gross domestic product (GDP) and main components (output, expenditure and income) - annual data",A,Annual,CLV10_MEUR,"Chain linked volumes (2010), million euro",B1GQ,Gross domestic product at market prices,HU,Hungary,2022,,139690.5,,,,,
dataflow,ESTAT:NAMA_10_GDP$DEFAULTVIEW(1.0),"Gross domestic product (GDP) and main components (output, expenditure and income) - annual data",A,Annual,CLV10_MEUR,"Chain linked volumes (2010), million euro",B1GQ,Gross domestic product at market prices,HU,Hungary,2023,,138549.1,,,,,
dataflow,ESTAT:NAMA_10_GDP$DEFAULTVIEW(1.0),"Gross domestic product (GDP) and main components (output, expenditure and income) - annual data",A,Annual,CLV10_MEUR,"Chain linked volumes (2010), million euro",B1GQ,Gross domestic product at market prices,HU,Hungary,2024,,139531.5,,,,,
dataflow,ESTAT:NAMA_10_GDP$DEFAULTVIEW(1.0),"Gross domestic product (GDP) and main components (output, expenditure and income) - annual data",A,Annual,CLV10_MEUR,"Chain linked volumes (2010), million euro",B1GQ,Gross domestic product at market prices,HU,Hungary,2025,,140242.5,,p,provisional,,
dataflow,ESTAT:NAMA_10_GDP$DEFAULTVIEW(1.0),"Gross domestic product (GDP) and main components (output, expenditure and income) - annual data",A,Annual,CLV10_MEUR,"Chain linked volumes (2010), million euro",B1GQ,Gross domestic product at market prices,IE,Ireland,2016,,238676.5,,,,,
dataflow,ESTAT:NAMA_10_GDP$DEFAULTVIEW(1.0),"Gross domestic product (GDP) and main components (output, expenditure and income) - annual data",A,Annual,CLV10_MEUR,"Chain linked volumes (2010), million euro",B1GQ,Gross domestic product at market prices,IE,Ireland,2017,,262804.0,,,,,
dataflow,ESTAT:NAMA_10_GDP$DEFAULTVIEW(1.0),"Gross domestic product (GDP) and main components (output, expenditure and income) - annual data",A,Annual,CLV10_MEUR,"Chain linked volumes (2010), million euro",B1GQ,Gross domestic product at market prices,IE,Ireland,2018,,283010.1,,,,,
dataflow,ESTAT:NAMA_10_GDP$DEFAULTVIEW(1.0),"Gross domestic product (GDP) and main components (output, expenditure and income) - annual data",A,Annual,CLV10_MEUR,"Chain linked volumes (2010), million euro",B1GQ,Gross domestic product at market prices,IE,Ireland,2019,,297083.9,,,,,
dataflow,ESTAT:NAMA_10_GDP$DEFAULTVIEW(1.0),"Gross domestic product (GDP) and main components (output, expenditure and income) - annual data",A,Annual,CLV10_MEUR,"Chain linked volumes (2010), million euro",B1GQ,Gross domestic product at market prices,IE,Ireland,2020,,318336.3,,,,,
dataflow,ESTAT:NAMA_10_GDP$DEFAULTVIEW(1.0),"Gross domestic product (GDP) and main components (output, expenditure and income) - annual data",A,Annual,CLV10_MEUR,"Chain linked volumes (2010), million euro",B1GQ,Gross domestic product at market prices,IE,Ireland,2021,,370092.1,,,,,
dataflow,ESTAT:NAMA_10_GDP$DEFAULTVIEW(1.0),"Gross domestic product (GDP) and main components (output, expenditure and income) - annual data",A,Annual,CLV10_MEUR,"Chain linked volumes (2010), million euro",B1GQ,Gross domestic product at market prices,IE,Ireland,2022,,397890.2,,,,,
dataflow,ESTAT:NAMA_10_GDP$DEFAULTVIEW(1.0),"Gross domestic product (GDP) and main components (output, expenditure and income) - annual data",A,Annual,CLV10_MEUR,"Chain linked volumes (2010), million euro",B1GQ,Gross domestic product at market prices,IE,Ireland,2023,,387798.2,,,,,
dataflow,ESTAT:NAMA_10_GDP$DEFAULTVIEW(1.0),"Gross domestic product (GDP) and main components (output, expenditure and income) - annual data",A,Annual,CLV10_MEUR,"Chain linked volumes (2010), million euro",B1GQ,Gross domestic product at market prices,IE,Ireland,2024,,397878.9,,,,,
dataflow,ESTAT:NAMA_10_GDP$DEFAULTVIEW(1.0),"Gross domestic product (GDP) and main components (output, expenditure and income) - annual data",A,Annual,CLV10_MEUR,"Chain linked volumes (2010), million euro",B1GQ,Gross domestic product at market prices,IE,Ireland,2025,,446967.6,,,,,
dataflow,ESTAT:NAMA_10_GDP$DEFAULTVIEW(1.0),"Gross domestic product (GDP) and main components (output, expenditure and income) - annual data",A,Annual,CLV10_MEUR,"Chain linked volumes (2010), million euro",B1GQ,Gross domestic product at market prices,IS,Iceland,2016,,12547.8,,,,,
dataflow,ESTAT:NAMA_10_GDP$DEFAULTVIEW(1.0),"Gross domestic product (GDP) and main components (output, expenditure and income) - annual data",A,Annual,CLV10_MEUR,"Chain linked volumes (2010), million euro",B1GQ,Gross domestic product at market prices,IS,Iceland,2017,,12985.1,,,,,
dataflow,ESTAT:NAMA_10_GDP$DEFAULTVIEW(1.0),"Gross domestic product (GDP) and main components (output, expenditure and income) - annual data",A,Annual,CLV10_MEUR,"Chain linked volumes (2010), million euro",B1GQ,Gross domestic product at market prices,IS,Iceland,2018,,13590.4,,,,,
dataflow,ESTAT:NAMA_10_GDP$DEFAULTVIEW(1.0),"Gross domestic product (GDP) and main components (output, expenditure and income) - annual data",A,Annual,CLV10_MEUR,"Chain linked volumes (2010), million euro",B1GQ,Gross domestic product at market prices,IS,Iceland,2019,,13745.0,,,,,
dataflow,ESTAT:NAMA_10_GDP$DEFAULTVIEW(1.0),"Gross domestic product (GDP) and main components (output, expenditure and income) - annual data",A,Annual,CLV10_MEUR,"Chain linked volumes (2010), million euro",B1GQ,Gross domestic product at market prices,IS,Iceland,2020,,12831.6,,,,,
dataflow,ESTAT:NAMA_10_GDP$DEFAULTVIEW(1.0),"Gross domestic product (GDP) and main components (output, expenditure and income) - annual data",A,Annual,CLV10_MEUR,"Chain linked volumes (2010), million euro",B1GQ,Gross domestic product at market prices,IS,Iceland,2021,,13496.3,,,,,
dataflow,ESTAT:NAMA_10_GDP$DEFAULTVIEW(1.0),"Gross domestic product (GDP) and main components (output, expenditure and income) - annual data",A,Annual,CLV10_MEUR,"Chain linked volumes (2010), million euro",B1GQ,Gross domestic product at market prices,IS,Iceland,2022,,14691.7,,,,,
dataflow,ESTAT:NAMA_10_GDP$DEFAULTVIEW(1.0),"Gross domestic product (GDP) and main components (output, expenditure and income) - annual data",A,Annual,CLV10_MEUR,"Chain linked volumes (2010), million euro",B1GQ,Gross domestic product at market prices,IS,Iceland,2023,,15431.0,,,,,
dataflow,ESTAT:NAMA_10_GDP$DEFAULTVIEW(1.0),"Gross domestic product (GDP) and main components (output, expenditure and income) - annual data",A,Annual,CLV10_MEUR,"Chain linked volumes (2010), million euro",B1GQ,Gross domestic product at market prices,IS,Iceland,2024,,15233.1,,,,,
dataflow,ESTAT:NAMA_10_GDP$DEFAULTVIEW(1.0),"Gross domestic product (GDP) and main components (output, expenditure and income) - annual data",A,Annual,CLV10_MEUR,"Chain linked volumes (2010), million euro",B1GQ,Gross domestic product at market prices,IS,Iceland,2025,,15428.0,,,,,
dataflow,ESTAT:NAMA_10_GDP$DEFAULTVIEW(1.0),"Gross domestic product (GDP) and main components (output, expenditure and income) - annual data",A,Annual,CLV10_MEUR,"Chain linked volumes (2010), million euro",B1GQ,Gross domestic product at market prices,IT,Italy,2016,,1582615.3,,,,,
dataflow,ESTAT:NAMA_10_GDP$DEFAULTVIEW(1.0),"Gross domestic product (GDP) and main components (output, expenditure and income) - annual data",A,Annual,CLV10_MEUR,"Chain linked volumes (2010), million euro",B1GQ,Gross domestic product at market prices,IT,Italy,2017,,1607995.7,,,,,
dataflow,ESTAT:NAMA_10_GDP$DEFAULTVIEW(1.0),"Gross domestic product (GDP) and main components (output, expenditure and income) - annual data",A,Annual,CLV10_MEUR,"Chain linked volumes (2010), million euro",B1GQ,Gross domestic product at market prices,IT,Italy,2018,,1621288.1,,,,,
dataflow,ESTAT:NAMA_10_GDP$DEFAULTVIEW(1.0),"Gross domestic product (GDP) and main components (output, expenditure and income) - annual data",A,Annual,CLV10_MEUR,"Chain linked volumes (2010), million euro",B1GQ,Gross domestic product at market prices,IT,Italy,2019,,1628246.1,,,,,
dataflow,ESTAT:NAMA_10_GDP$DEFAULTVIEW(1.0),"Gross domestic product (GDP) and main components (output, expenditure and income) - annual data",A,Annual,CLV10_MEUR,"Chain linked volumes (2010), million euro",B1GQ,Gross domestic product at market prices,IT,Italy,2020,,1483849.6,,,,,
dataflow,ESTAT:NAMA_10_GDP$DEFAULTVIEW(1.0),"Gross domestic product (GDP) and main components (output, expenditure and income) - annual data",A,Annual,CLV10_MEUR,"Chain linked volumes (2010), million euro",B1GQ,Gross domestic product at market prices,IT,Italy,2021,,1616373.2,,,,,
dataflow,ESTAT:NAMA_10_GDP$DEFAULTVIEW(1.0),"Gross domestic product (GDP) and main components (output, expenditure and income) - annual data",A,Annual,CLV10_MEUR,"Chain linked volumes (2010), million euro",B1GQ,Gross domestic product at market prices,IT,Italy,2022,,1694301.4,,,,,
dataflow,ESTAT:NAMA_10_GDP$DEFAULTVIEW(1.0),"Gross domestic product (GDP) and main components (output, expenditure and income) - annual data",A,Annual,CLV10_MEUR,"Chain linked volumes (2010), million euro",B1GQ,Gross domestic product at market prices,IT,Italy,2023,,1709936.3,,,,,
dataflow,ESTAT:NAMA_10_GDP$DEFAULTVIEW(1.0),"Gross domestic product (GDP) and main components (output, expenditure and income) - annual data",A,Annual,CLV10_MEUR,"Chain linked volumes (2010), million euro",B1GQ,Gross domestic product at market prices,IT,Italy,2024,,1723325.8,,,,,
dataflow,ESTAT:NAMA_10_GDP$DEFAULTVIEW(1.0),"Gross domestic product (GDP) and main components (output, expenditure and income) - annual data",A,Annual,CLV10_MEUR,"Chain linked volumes (2010), million euro",B1GQ,Gross domestic product at market prices,IT,Italy,2025,,1732624.6,,,,,
dataflow,ESTAT:NAMA_10_GDP$DEFAULTVIEW(1.0),"Gross domestic product (GDP) and main components (output, expenditure and income) - annual data",A,Annual,CLV10_MEUR,"Chain linked volumes (2010), million euro",B1GQ,Gross domestic product at market prices,LT,Lithuania,2016,,34999.4,,,,,
dataflow,ESTAT:NAMA_10_GDP$DEFAULTVIEW(1.0),"Gross domestic product (GDP) and main components (output, expenditure and income) - annual data",A,Annual,CLV10_MEUR,"Chain linked volumes (2010), million euro",B1GQ,Gross domestic product at market prices,LT,Lithuania,2017,,36613.6,,,,,
dataflow,ESTAT:NAMA_10_GDP$DEFAULTVIEW(1.0),"Gross domestic product (GDP) and main components (output, expenditure and income) - annual data",A,Annual,CLV10_MEUR,"Chain linked volumes (2010), million euro",B1GQ,Gross domestic product at market prices,LT,Lithuania,2018,,38414.4,,,,,
dataflow,ESTAT:NAMA_10_GDP$DEFAULTVIEW(1.0),"Gross domestic product (GDP) and main components (output, expenditure and income) - annual data",A,Annual,CLV10_MEUR,"Chain linked volumes (2010), million euro",B1GQ,Gross domestic product at market prices,LT,Lithuania,2019,,40211.2,,,,,
dataflow,ESTAT:NAMA_10_GDP$DEFAULTVIEW(1.0),"Gross domestic product (GDP) and main components (output, expenditure and income) - annual data",A,Annual,CLV10_MEUR,"Chain linked volumes (2010), million euro",B1GQ,Gross domestic product at market prices,LT,Lithuania,2020,,40228.4,,,,,
dataflow,ESTAT:NAMA_10_GDP$DEFAULTVIEW(1.0),"Gross domestic product (GDP) and main components (output, expenditure and income) - annual data",A,Annual,CLV10_MEUR,"Chain linked volumes (2010), million euro",B1GQ,Gross domestic product at market prices,LT,Lithuania,2021,,42801.0,,,,,
dataflow,ESTAT:NAMA_10_GDP$DEFAULTVIEW(1.0),"Gross domestic product (GDP) and main components (output, expenditure and income) - annual data",A,Annual,CLV10_MEUR,"Chain linked volumes (2010), million euro",B1GQ,Gross domestic product at market prices,LT,Lithuania,2022,,43856.1,,,,,
dataflow,ESTAT:NAMA_10_GDP$DEFAULTVIEW(1.0),"Gross domestic product (GDP) and main components (output, expenditure and income) - annual data",A,Annual,CLV10_MEUR,"Chain linked volumes (2010), million euro",B1GQ,Gross domestic product at market prices,LT,Lithuania,2023,,44180.5,,,,,
dataflow,ESTAT:NAMA_10_GDP$DEFAULTVIEW(1.0),"Gross domestic product (GDP) and main components (output, expenditure and income) - annual data",A,Annual,CLV10_MEUR,"Chain linked volumes (2010), million euro",B1GQ,Gross domestic product at market prices,LT,Lithuania,2024,,45519.2,,,,,
dataflow,ESTAT:NAMA_10_GDP$DEFAULTVIEW(1.0),"Gross domestic product (GDP) and main components (output, expenditure and income) - annual data",A,Annual,CLV10_MEUR,"Chain linked volumes (2010), million euro",B1GQ,Gross domestic product at market prices,LT,Lithuania,2025,,46848.4,,,,,
dataflow,ESTAT:NAMA_10_GDP$DEFAULTVIEW(1.0),"Gross domestic product (GDP) and main components (output, expenditure and income) - annual data",A,Annual,CLV10_MEUR,"Chain linked volumes (2010), million euro",B1GQ,Gross domestic product at market prices,LU,Luxembourg,2016,,49506.0,,,,,
dataflow,ESTAT:NAMA_10_GDP$DEFAULTVIEW(1.0),"Gross domestic product (GDP) and main components (output, expenditure and income) - annual data",A,Annual,CLV10_MEUR,"Chain linked volumes (2010), million euro",B1GQ,Gross domestic product at market prices,LU,Luxembourg,2017,,50158.0,,,,,
dataflow,ESTAT:NAMA_10_GDP$DEFAULTVIEW(1.0),"Gross domestic product (GDP) and main components (output, expenditure and income) - annual data",A,Annual,CLV10_MEUR,"Chain linked volumes (2010), million euro",B1GQ,Gross domestic product at market prices,LU,Luxembourg,2018,,50966.2,,,,,
dataflow,ESTAT:NAMA_10_GDP$DEFAULTVIEW(1.0),"Gross domestic product (GDP) and main components (output, expenditure and income) - annual data",A,Annual,CLV10_MEUR,"Chain linked volumes (2010), million euro",B1GQ,Gross domestic product at market prices,LU,Luxembourg,2019,,52367.4,,,,,
dataflow,ESTAT:NAMA_10_GDP$DEFAULTVIEW(1.0),"Gross domestic product (GDP) and main components (output, expenditure and income) - annual data",A,Annual,CLV10_MEUR,"Chain linked volumes (2010), million euro",B1GQ,Gross domestic product at market prices,LU,Luxembourg,2020,,52100.3,,,,,
dataflow,ESTAT:NAMA_10_GDP$DEFAULTVIEW(1.0),"Gross domestic product (GDP) and main components (output, expenditure and income) - annual data",A,Annual,CLV10_MEUR,"Chain linked volumes (2010), million euro",B1GQ,Gross domestic product at market prices,LU,Luxembourg,2021,,55710.8,,,,,
dataflow,ESTAT:NAMA_10_GDP$DEFAULTVIEW(1.0),"Gross domestic product (GDP) and main components (output, expenditure and income) - annual data",A,Annual,CLV10_MEUR,"Chain linked volumes (2010), million euro",B1GQ,Gross domestic product at market prices,LU,Luxembourg,2022,,55099.4,,,,,
dataflow,ESTAT:NAMA_10_GDP$DEFAULTVIEW(1.0),"Gross domestic product (GDP) and main components (output, expenditure and income) - annual data",A,Annual,CLV10_MEUR,"Chain linked volumes (2010), million euro",B1GQ,Gross domestic product at market prices,LU,Luxembourg,2023,,55154.2,,,,,
dataflow,ESTAT:NAMA_10_GDP$DEFAULTVIEW(1.0),"Gross domestic product (GDP) and main components (output, expenditure and income) - annual data",A,Annual,CLV10_MEUR,"Chain linked volumes (2010), million euro",B1GQ,Gross domestic product at market prices,LU,Luxembourg,2024,,55352.0,,,,,
dataflow,ESTAT:NAMA_10_GDP$DEFAULTVIEW(1.0),"Gross domestic product (GDP) and main components (output, expenditure and income) - annual data",A,Annual,CLV10_MEUR,"Chain linked volumes (2010), million euro",B1GQ,Gross domestic product at market prices,LU,Luxembourg,2025,,55705.0,,p,provisional,,
dataflow,ESTAT:NAMA_10_GDP$DEFAULTVIEW(1.0),"Gross domestic product (GDP) and main components (output, expenditure and income) - annual data",A,Annual,CLV10_MEUR,"Chain linked volumes (2010), million euro",B1GQ,Gross domestic product at market prices,LV,Latvia,2016,,21553.7,,,,,
dataflow,ESTAT:NAMA_10_GDP$DEFAULTVIEW(1.0),"Gross domestic product (GDP) and main components (output, expenditure and income) - annual data",A,Annual,CLV10_MEUR,"Chain linked volumes (2010), million euro",B1GQ,Gross domestic product at market prices,LV,Latvia,2017,,22286.3,,,,,
dataflow,ESTAT:NAMA_10_GDP$DEFAULTVIEW(1.0),"Gross domestic product (GDP) and main components (output, expenditure and income) - annual data",A,Annual,CLV10_MEUR,"Chain linked volumes (2010), million euro",B1GQ,Gross domestic product at market prices,LV,Latvia,2018,,23246.8,,,,,
dataflow,ESTAT:NAMA_10_GDP$DEFAULTVIEW(1.0),"Gross domestic product (GDP) and main components (output, expenditure and income) - annual data",A,Annual,CLV10_MEUR,"Chain linked volumes (2010), million euro",B1GQ,Gross domestic product at market prices,LV,Latvia,2019,,23403.8,,,,,
dataflow,ESTAT:NAMA_10_GDP$DEFAULTVIEW(1.0),"Gross domestic product (GDP) and main components (output, expenditure and income) - annual data",A,Annual,CLV10_MEUR,"Chain linked volumes (2010), million euro",B1GQ,Gross domestic product at market prices,LV,Latvia,2020,,22591.9,,,,,
dataflow,ESTAT:NAMA_10_GDP$DEFAULTVIEW(1.0),"Gross domestic product (GDP) and main components (output, expenditure and income) - annual data",A,Annual,CLV10_MEUR,"Chain linked volumes (2010), million euro",B1GQ,Gross domestic product at market prices,LV,Latvia,2021,,24160.3,,,,,
dataflow,ESTAT:NAMA_10_GDP$DEFAULTVIEW(1.0),"Gross domestic product (GDP) and main components (output, expenditure and income) - annual data",A,Annual,CLV10_MEUR,"Chain linked volumes (2010), million euro",B1GQ,Gross domestic product at market prices,LV,Latvia,2022,,24621.4,,,,,
dataflow,ESTAT:NAMA_10_GDP$DEFAULTVIEW(1.0),"Gross domestic product (GDP) and main components (output, expenditure and income) - annual data",A,Annual,CLV10_MEUR,"Chain linked volumes (2010), million euro",B1GQ,Gross domestic product at market prices,LV,Latvia,2023,,24389.6,,,,,
dataflow,ESTAT:NAMA_10_GDP$DEFAULTVIEW(1.0),"Gross domestic product (GDP) and main components (output, expenditure and income) - annual data",A,Annual,CLV10_MEUR,"Chain linked volumes (2010), million euro",B1GQ,Gross domestic product at market prices,LV,Latvia,2024,,24380.5,,,,,
dataflow,ESTAT:NAMA_10_GDP$DEFAULTVIEW(1.0),"Gross domestic product (GDP) and main components (output, expenditure and income) - annual data",A,Annual,CLV10_MEUR,"Chain linked volumes (2010), million euro",B1GQ,Gross domestic product at market prices,LV,Latvia,2025,,24901.8,,,,,
dataflow,ESTAT:NAMA_10_GDP$DEFAULTVIEW(1.0),"Gross domestic product (GDP) and main components (output, expenditure and income) - annual data",A,Annual,CLV10_MEUR,"Chain linked volumes (2010), million euro",B1GQ,Gross domestic product at market prices,ME,Montenegro,2016,,3531.8,,,,,
dataflow,ESTAT:NAMA_10_GDP$DEFAULTVIEW(1.0),"Gross domestic product (GDP) and main components (output, expenditure and income) - annual data",A,Annual,CLV10_MEUR,"Chain linked volumes (2010), million euro",B1GQ,Gross domestic product at market prices,ME,Montenegro,2017,,3645.4,,,,,
dataflow,ESTAT:NAMA_10_GDP$DEFAULTVIEW(1.0),"Gross domestic product (GDP) and main components (output, expenditure and income) - annual data",A,Annual,CLV10_MEUR,"Chain linked volumes (2010), million euro",B1GQ,Gross domestic product at market prices,ME,Montenegro,2018,,3817.9,,,,,
dataflow,ESTAT:NAMA_10_GDP$DEFAULTVIEW(1.0),"Gross domestic product (GDP) and main components (output, expenditure and income) - annual data",A,Annual,CLV10_MEUR,"Chain linked volumes (2010), million euro",B1GQ,Gross domestic product at market prices,ME,Montenegro,2019,,3985.7,,,,,
dataflow,ESTAT:NAMA_10_GDP$DEFAULTVIEW(1.0),"Gross domestic product (GDP) and main components (output, expenditure and income) - annual data",A,Annual,CLV10_MEUR,"Chain linked volumes (2010), million euro",B1GQ,Gross domestic product at market prices,ME,Montenegro,2020,,3388.1,,,,,
dataflow,ESTAT:NAMA_10_GDP$DEFAULTVIEW(1.0),"Gross domestic product (GDP) and main components (output, expenditure and income) - annual data",A,Annual,CLV10_MEUR,"Chain linked volumes (2010), million euro",B1GQ,Gross domestic product at market prices,ME,Montenegro,2021,,3830.1,,,,,
dataflow,ESTAT:NAMA_10_GDP$DEFAULTVIEW(1.0),"Gross domestic product (GDP) and main components (output, expenditure and income) - annual data",A,Annual,CLV10_MEUR,"Chain linked volumes (2010), million euro",B1GQ,Gross domestic product at market prices,ME,Montenegro,2022,,4126.6,,,,,
dataflow,ESTAT:NAMA_10_GDP$DEFAULTVIEW(1.0),"Gross domestic product (GDP) and main components (output, expenditure and income) - annual data",A,Annual,CLV10_MEUR,"Chain linked volumes (2010), million euro",B1GQ,Gross domestic product at market prices,ME,Montenegro,2023,,4393.9,,,,,
dataflow,ESTAT:NAMA_10_GDP$DEFAULTVIEW(1.0),"Gross domestic product (GDP) and main components (output, expenditure and income) - annual data",A,Annual,CLV10_MEUR,"Chain linked volumes (2010), million euro",B1GQ,Gross domestic product at market prices,ME,Montenegro,2024,,4532.9,,,,,
dataflow,ESTAT:NAMA_10_GDP$DEFAULTVIEW(1.0),"Gross domestic product (GDP) and main components (output, expenditure and income) - annual data",A,Annual,CLV10_MEUR,"Chain linked volumes (2010), million euro",B1GQ,Gross domestic product at market prices,ME,Montenegro,2025,,4657.4,,p,provisional,,
dataflow,ESTAT:NAMA_10_GDP$DEFAULTVIEW(1.0),"Gross domestic product (GDP) and main components (output, expenditure and income) - annual data",A,Annual,CLV10_MEUR,"Chain linked volumes (2010), million euro",B1GQ,Gross domestic product at market prices,MK,North Macedonia,2016,,8250.0,,,,,
dataflow,ESTAT:NAMA_10_GDP$DEFAULTVIEW(1.0),"Gross domestic product (GDP) and main components (output, expenditure and income) - annual data",A,Annual,CLV10_MEUR,"Chain linked volumes (2010), million euro",B1GQ,Gross domestic product at market prices,MK,North Macedonia,2017,,8339.3,,,,,
dataflow,ESTAT:NAMA_10_GDP$DEFAULTVIEW(1.0),"Gross domestic product (GDP) and main components (output, expenditure and income) - annual data",A,Annual,CLV10_MEUR,"Chain linked volumes (2010), million euro",B1GQ,Gross domestic product at market prices,MK,North Macedonia,2018,,8579.5,,,,,
dataflow,ESTAT:NAMA_10_GDP$DEFAULTVIEW(1.0),"Gross domestic product (GDP) and main components (output, expenditure and income) - annual data",A,Annual,CLV10_MEUR,"Chain linked volumes (2010), million euro",B1GQ,Gross domestic product at market prices,MK,North Macedonia,2019,,8915.0,,,,,
dataflow,ESTAT:NAMA_10_GDP$DEFAULTVIEW(1.0),"Gross domestic product (GDP) and main components (output, expenditure and income) - annual data",A,Annual,CLV10_MEUR,"Chain linked volumes (2010), million euro",B1GQ,Gross domestic product at market prices,MK,North Macedonia,2020,,8497.0,,,,,
dataflow,ESTAT:NAMA_10_GDP$DEFAULTVIEW(1.0),"Gross domestic product (GDP) and main components (output, expenditure and income) - annual data",A,Annual,CLV10_MEUR,"Chain linked volumes (2010), million euro",B1GQ,Gross domestic product at market prices,MK,North Macedonia,2021,,8880.3,,,,,
dataflow,ESTAT:NAMA_10_GDP$DEFAULTVIEW(1.0),"Gross domestic product (GDP) and main components (output, expenditure and income) - annual data",A,Annual,CLV10_MEUR,"Chain linked volumes (2010), million euro",B1GQ,Gross domestic product at market prices,MK,North Macedonia,2022,,9125.3,,,,,
dataflow,ESTAT:NAMA_10_GDP$DEFAULTVIEW(1.0),"Gross domestic product (GDP) and main components (output, expenditure and income) - annual data",A,Annual,CLV10_MEUR,"Chain linked volumes (2010), million euro",B1GQ,Gross domestic product at market prices,MK,North Macedonia,2023,,9358.4,,,,,
dataflow,ESTAT:NAMA_10_GDP$DEFAULTVIEW(1.0),"Gross domestic product (GDP) and main components (output, expenditure and income) - annual data",A,Annual,CLV10_MEUR,"Chain linked volumes (2010), million euro",B1GQ,Gross domestic product at market prices,MK,North Macedonia,2024,,9638.6,,p,provisional,,
dataflow,ESTAT:NAMA_10_GDP$DEFAULTVIEW(1.0),"Gross domestic product (GDP) and main components (output, expenditure and income) - annual data",A,Annual,CLV10_MEUR,"Chain linked volumes (2010), million euro",B1GQ,Gross domestic product at market prices,MK,North Macedonia,2025,,9974.7,,e,estimated,,
dataflow,ESTAT:NAMA_10_GDP$DEFAULTVIEW(1.0),"Gross domestic product (GDP) and main components (output, expenditure and income) - annual data",A,Annual,CLV10_MEUR,"Chain linked volumes (2010), million euro",B1GQ,Gross domestic product at market prices,MT,Malta,2016,,9416.5,,,,,
dataflow,ESTAT:NAMA_10_GDP$DEFAULTVIEW(1.0),"Gross domestic product (GDP) and main components (output, expenditure and income) - annual data",A,Annual,CLV10_MEUR,"Chain linked volumes (2010), million euro",B1GQ,Gross domestic product at market prices,MT,Malta,2017,,10637.9,,,,,
dataflow,ESTAT:NAMA_10_GDP$DEFAULTVIEW(1.0),"Gross domestic product (GDP) and main components (output, expenditure and income) - annual data",A,Annual,CLV10_MEUR,"Chain linked volumes (2010), million euro",B1GQ,Gross domestic product at market prices,MT,Malta,2018,,11402.7,,,,,
dataflow,ESTAT:NAMA_10_GDP$DEFAULTVIEW(1.0),"Gross domestic product (GDP) and main components (output, expenditure and income) - annual data",A,Annual,CLV10_MEUR,"Chain linked volumes (2010), million euro",B1GQ,Gross domestic product at market prices,MT,Malta,2019,,11868.5,,,,,
dataflow,ESTAT:NAMA_10_GDP$DEFAULTVIEW(1.0),"Gross domestic product (GDP) and main components (output, expenditure and income) - annual data",A,Annual,CLV10_MEUR,"Chain linked volumes (2010), million euro",B1GQ,Gross domestic product at market prices,MT,Malta,2020,,11458.2,,,,,
dataflow,ESTAT:NAMA_10_GDP$DEFAULTVIEW(1.0),"Gross domestic product (GDP) and main components (output, expenditure and income) - annual data",A,Annual,CLV10_MEUR,"Chain linked volumes (2010), million euro",B1GQ,Gross domestic product at market prices,MT,Malta,2021,,12986.7,,,,,
dataflow,ESTAT:NAMA_10_GDP$DEFAULTVIEW(1.0),"Gross domestic product (GDP) and main components (output, expenditure and income) - annual data",A,Annual,CLV10_MEUR,"Chain linked volumes (2010), million euro",B1GQ,Gross domestic product at market prices,MT,Malta,2022,,13324.6,,,,,
dataflow,ESTAT:NAMA_10_GDP$DEFAULTVIEW(1.0),"Gross domestic product (GDP) and main components (output, expenditure and income) - annual data",A,Annual,CLV10_MEUR,"Chain linked volumes (2010), million euro",B1GQ,Gross domestic product at market prices,MT,Malta,2023,,14743.3,,,,,
dataflow,ESTAT:NAMA_10_GDP$DEFAULTVIEW(1.0),"Gross domestic product (GDP) and main components (output, expenditure and income) - annual data",A,Annual,CLV10_MEUR,"Chain linked volumes (2010), million euro",B1GQ,Gross domestic product at market prices,MT,Malta,2024,,15658.1,,,,,
dataflow,ESTAT:NAMA_10_GDP$DEFAULTVIEW(1.0),"Gross domestic product (GDP) and main components (output, expenditure and income) - annual data",A,Annual,CLV10_MEUR,"Chain linked volumes (2010), million euro",B1GQ,Gross domestic product at market prices,MT,Malta,2025,,16278.3,,,,,
dataflow,ESTAT:NAMA_10_GDP$DEFAULTVIEW(1.0),"Gross domestic product (GDP) and main components (output, expenditure and income) - annual data",A,Annual,CLV10_MEUR,"Chain linked volumes (2010), million euro",B1GQ,Gross domestic product at market prices,NL,Netherlands,2016,,688532.8,,,,,
dataflow,ESTAT:NAMA_10_GDP$DEFAULTVIEW(1.0),"Gross domestic product (GDP) and main components (output, expenditure and income) - annual data",A,Annual,CLV10_MEUR,"Chain linked volumes (2010), million euro",B1GQ,Gross domestic product at market prices,NL,Netherlands,2017,,707684.4,,,,,
dataflow,ESTAT:NAMA_10_GDP$DEFAULTVIEW(1.0),"Gross domestic product (GDP) and main components (output, expenditure and income) - annual data",A,Annual,CLV10_MEUR,"Chain linked volumes (2010), million euro",B1GQ,Gross domestic product at market prices,NL,Netherlands,2018,,723669.1,,,,,
dataflow,ESTAT:NAMA_10_GDP$DEFAULTVIEW(1.0),"Gross domestic product (GDP) and main components (output, expenditure and income) - annual data",A,Annual,CLV10_MEUR,"Chain linked volumes (2010), million euro",B1GQ,Gross domestic product at market prices,NL,Netherlands,2019,,740314.7,,,,,
dataflow,ESTAT:NAMA_10_GDP$DEFAULTVIEW(1.0),"Gross domestic product (GDP) and main components (output, expenditure and income) - annual data",A,Annual,CLV10_MEUR,"Chain linked volumes (2010), million euro",B1GQ,Gross domestic product at market prices,NL,Netherlands,2020,,711679.3,,,,,
dataflow,ESTAT:NAMA_10_GDP$DEFAULTVIEW(1.0),"Gross domestic product (GDP) and main components (output, expenditure and income) - annual data",A,Annual,CLV10_MEUR,"Chain linked volumes (2010), million euro",B1GQ,Gross domestic product at market prices,NL,Netherlands,2021,,756350.3,,,,,
dataflow,ESTAT:NAMA_10_GDP$DEFAULTVIEW(1.0),"Gross domestic product (GDP) and main components (output, expenditure and income) - annual data",A,Annual,CLV10_MEUR,"Chain linked volumes (2010), million euro",B1GQ,Gross domestic product at market prices,NL,Netherlands,2022,,794222.5,,,,,
dataflow,ESTAT:NAMA_10_GDP$DEFAULTVIEW(1.0),"Gross domestic product (GDP) and main components (output, expenditure and income) - annual data",A,Annual,CLV10_MEUR,"Chain linked volumes (2010), million euro",B1GQ,Gross domestic product at market prices,NL,Netherlands,2023,,789472.6,,,,,
dataflow,ESTAT:NAMA_10_GDP$DEFAULTVIEW(1.0),"Gross domestic product (GDP) and main components (output, expenditure and income) - annual data",A,Annual,CLV10_MEUR,"Chain linked volumes (2010), million euro",B1GQ,Gross domestic product at market prices,NL,Netherlands,2024,,797950.2,,,,,
dataflow,ESTAT:NAMA_10_GDP$DEFAULTVIEW(1.0),"Gross domestic product (GDP) and main components (output, expenditure and income) - annual data",A,Annual,CLV10_MEUR,"Chain linked volumes (2010), million euro",B1GQ,Gross domestic product at market prices,NL,Netherlands,2025,,812190.6,,,,,
dataflow,ESTAT:NAMA_10_GDP$DEFAULTVIEW(1.0),"Gross domestic product (GDP) and main components (output, expenditure and income) - annual data",A,Annual,CLV10_MEUR,"Chain linked volumes (2010), million euro",B1GQ,Gross domestic product at market prices,NO,Norway,2016,,370275.6,,,,,
dataflow,ESTAT:NAMA_10_GDP$DEFAULTVIEW(1.0),"Gross domestic product (GDP) and main components (output, expenditure and income) - annual data",A,Annual,CLV10_MEUR,"Chain linked volumes (2010), million euro",B1GQ,Gross domestic product at market prices,NO,Norway,2017,,380160.7,,,,,
dataflow,ESTAT:NAMA_10_GDP$DEFAULTVIEW(1.0),"Gross domestic product (GDP) and main components (output, expenditure and income) - annual data",A,Annual,CLV10_MEUR,"Chain linked volumes (2010), million euro",B1GQ,Gross domestic product at market prices,NO,Norway,2018,,384381.9,,,,,
dataflow,ESTAT:NAMA_10_GDP$DEFAULTVIEW(1.0),"Gross domestic product (GDP) and main components (output, expenditure and income) - annual data",A,Annual,CLV10_MEUR,"Chain linked volumes (2010), million euro",B1GQ,Gross domestic product at market prices,NO,Norway,2019,,390031.3,,,,,
dataflow,ESTAT:NAMA_10_GDP$DEFAULTVIEW(1.0),"Gross domestic product (GDP) and main components (output, expenditure and income) - annual data",A,Annual,CLV10_MEUR,"Chain linked volumes (2010), million euro",B1GQ,Gross domestic product at market prices,NO,Norway,2020,,384724.6,,,,,
dataflow,ESTAT:NAMA_10_GDP$DEFAULTVIEW(1.0),"Gross domestic product (GDP) and main components (output, expenditure and income) - annual data",A,Annual,CLV10_MEUR,"Chain linked volumes (2010), million euro",B1GQ,Gross domestic product at market prices,NO,Norway,2021,,400664.4,,,,,
dataflow,ESTAT:NAMA_10_GDP$DEFAULTVIEW(1.0),"Gross domestic product (GDP) and main components (output, expenditure and income) - annual data",A,Annual,CLV10_MEUR,"Chain linked volumes (2010), million euro",B1GQ,Gross domestic product at market prices,NO,Norway,2022,,417013.1,,,,,
dataflow,ESTAT:NAMA_10_GDP$DEFAULTVIEW(1.0),"Gross domestic product (GDP) and main components (output, expenditure and income) - annual data",A,Annual,CLV10_MEUR,"Chain linked volumes (2010), million euro",B1GQ,Gross domestic product at market prices,NO,Norway,2023,,418483.8,,,,,
dataflow,ESTAT:NAMA_10_GDP$DEFAULTVIEW(1.0),"Gross domestic product (GDP) and main components (output, expenditure and income) - annual data",A,Annual,CLV10_MEUR,"Chain linked volumes (2010), million euro",B1GQ,Gross domestic product at market prices,NO,Norway,2024,,424441.9,,,,,
dataflow,ESTAT:NAMA_10_GDP$DEFAULTVIEW(1.0),"Gross domestic product (GDP) and main components (output, expenditure and income) - annual data",A,Annual,CLV10_MEUR,"Chain linked volumes (2010), million euro",B1GQ,Gross domestic product at market prices,NO,Norway,2025,,428931.7,,,,,
dataflow,ESTAT:NAMA_10_GDP$DEFAULTVIEW(1.0),"Gross domestic product (GDP) and main components (output, expenditure and income) - annual data",A,Annual,CLV10_MEUR,"Chain linked volumes (2010), million euro",B1GQ,Gross domestic product at market prices,PL,Poland,2016,,434111.0,,,,,
dataflow,ESTAT:NAMA_10_GDP$DEFAULTVIEW(1.0),"Gross domestic product (GDP) and main components (output, expenditure and income) - annual data",A,Annual,CLV10_MEUR,"Chain linked volumes (2010), million euro",B1GQ,Gross domestic product at market prices,PL,Poland,2017,,456478.4,,,,,
dataflow,ESTAT:NAMA_10_GDP$DEFAULTVIEW(1.0),"Gross domestic product (GDP) and main components (output, expenditure and income) - annual data",A,Annual,CLV10_MEUR,"Chain linked volumes (2010), million euro",B1GQ,Gross domestic product at market prices,PL,Poland,2018,,484989.4,,,,,
dataflow,ESTAT:NAMA_10_GDP$DEFAULTVIEW(1.0),"Gross domestic product (GDP) and main components (output, expenditure and income) - annual data",A,Annual,CLV10_MEUR,"Chain linked volumes (2010), million euro",B1GQ,Gross domestic product at market prices,PL,Poland,2019,,507204.1,,,,,
dataflow,ESTAT:NAMA_10_GDP$DEFAULTVIEW(1.0),"Gross domestic product (GDP) and main components (output, expenditure and income) - annual data",A,Annual,CLV10_MEUR,"Chain linked volumes (2010), million euro",B1GQ,Gross domestic product at market prices,PL,Poland,2020,,496879.7,,,,,
dataflow,ESTAT:NAMA_10_GDP$DEFAULTVIEW(1.0),"Gross domestic product (GDP) and main components (output, expenditure and income) - annual data",A,Annual,CLV10_MEUR,"Chain linked volumes (2010), million euro",B1GQ,Gross domestic product at market prices,PL,Poland,2021,,531299.4,,,,,
dataflow,ESTAT:NAMA_10_GDP$DEFAULTVIEW(1.0),"Gross domestic product (GDP) and main components (output, expenditure and income) - annual data",A,Annual,CLV10_MEUR,"Chain linked volumes (2010), million euro",B1GQ,Gross domestic product at market prices,PL,Poland,2022,,559221.6,,,,,
dataflow,ESTAT:NAMA_10_GDP$DEFAULTVIEW(1.0),"Gross domestic product (GDP) and main components (output, expenditure and income) - annual data",A,Annual,CLV10_MEUR,"Chain linked volumes (2010), million euro",B1GQ,Gross domestic product at market prices,PL,Poland,2023,,560617.5,,,,,
dataflow,ESTAT:NAMA_10_GDP$DEFAULTVIEW(1.0),"Gross domestic product (GDP) and main components (output, expenditure and income) - annual data",A,Annual,CLV10_MEUR,"Chain linked volumes (2010), million euro",B1GQ,Gross domestic product at market prices,PL,Poland,2024,,578830.3,,,,,
dataflow,ESTAT:NAMA_10_GDP$DEFAULTVIEW(1.0),"Gross domestic product (GDP) and main components (output, expenditure and income) - annual data",A,Annual,CLV10_MEUR,"Chain linked volumes (2010), million euro",B1GQ,Gross domestic product at market prices,PL,Poland,2025,,599853.0,,,,,
dataflow,ESTAT:NAMA_10_GDP$DEFAULTVIEW(1.0),"Gross domestic product (GDP) and main components (output, expenditure and income) - annual data",A,Annual,CLV10_MEUR,"Chain linked volumes (2010), million euro",B1GQ,Gross domestic product at market prices,PT,Portugal,2016,,175327.8,,,,,
dataflow,ESTAT:NAMA_10_GDP$DEFAULTVIEW(1.0),"Gross domestic product (GDP) and main components (output, expenditure and income) - annual data",A,Annual,CLV10_MEUR,"Chain linked volumes (2010), million euro",B1GQ,Gross domestic product at market prices,PT,Portugal,2017,,181139.4,,,,,
dataflow,ESTAT:NAMA_10_GDP$DEFAULTVIEW(1.0),"Gross domestic product (GDP) and main components (output, expenditure and income) - annual data",A,Annual,CLV10_MEUR,"Chain linked volumes (2010), million euro",B1GQ,Gross domestic product at market prices,PT,Portugal,2018,,186476.3,,,,,
dataflow,ESTAT:NAMA_10_GDP$DEFAULTVIEW(1.0),"Gross domestic product (GDP) and main components (output, expenditure and income) - annual data",A,Annual,CLV10_MEUR,"Chain linked volumes (2010), million euro",B1GQ,Gross domestic product at market prices,PT,Portugal,2019,,191596.4,,,,,
dataflow,ESTAT:NAMA_10_GDP$DEFAULTVIEW(1.0),"Gross domestic product (GDP) and main components (output, expenditure and income) - annual data",A,Annual,CLV10_MEUR,"Chain linked volumes (2010), million euro",B1GQ,Gross domestic product at market prices,PT,Portugal,2020,,175876.6,,,,,
dataflow,ESTAT:NAMA_10_GDP$DEFAULTVIEW(1.0),"Gross domestic product (GDP) and main components (output, expenditure and income) - annual data",A,Annual,CLV10_MEUR,"Chain linked volumes (2010), million euro",B1GQ,Gross domestic product at market prices,PT,Portugal,2021,,185653.2,,,,,
dataflow,ESTAT:NAMA_10_GDP$DEFAULTVIEW(1.0),"Gross domestic product (GDP) and main components (output, expenditure and income) - annual data",A,Annual,CLV10_MEUR,"Chain linked volumes (2010), million euro",B1GQ,Gross domestic product at market prices,PT,Portugal,2022,,198622.6,,,,,
dataflow,ESTAT:NAMA_10_GDP$DEFAULTVIEW(1.0),"Gross domestic product (GDP) and main components (output, expenditure and income) - annual data",A,Annual,CLV10_MEUR,"Chain linked volumes (2010), million euro",B1GQ,Gross domestic product at market prices,PT,Portugal,2023,,204779.8,,,,,
dataflow,ESTAT:NAMA_10_GDP$DEFAULTVIEW(1.0),"Gross domestic product (GDP) and main components (output, expenditure and income) - annual data",A,Annual,CLV10_MEUR,"Chain linked volumes (2010), million euro",B1GQ,Gross domestic product at market prices,PT,Portugal,2024,,209314.9,,p,provisional,,
dataflow,ESTAT:NAMA_10_GDP$DEFAULTVIEW(1.0),"Gross domestic product (GDP) and main components (output, expenditure and income) - annual data",A,Annual,CLV10_MEUR,"Chain linked volumes (2010), million euro",B1GQ,Gross domestic product at market prices,PT,Portugal,2025,,213210.5,,p,provisional,,
dataflow,ESTAT:NAMA_10_GDP$DEFAULTVIEW(1.0),"Gross domestic product (GDP) and main components (output, expenditure and income) - annual data",A,Annual,CLV10_MEUR,"Chain linked volumes (2010), million euro",B1GQ,Gross domestic product at market prices,RO,Romania,2016,,151357.4,,,,,
dataflow,ESTAT:NAMA_10_GDP$DEFAULTVIEW(1.0),"Gross domestic product (GDP) and main components (output, expenditure and income) - annual data",A,Annual,CLV10_MEUR,"Chain linked volumes (2010), million euro",B1GQ,Gross domestic product at market prices,RO,Romania,2017,,163761.8,,,,,
dataflow,ESTAT:NAMA_10_GDP$DEFAULTVIEW(1.0),"Gross domestic product (GDP) and main components (output, expenditure and income) - annual data",A,Annual,CLV10_MEUR,"Chain linked volumes (2010), million euro",B1GQ,Gross domestic product at market prices,RO,Romania,2018,,172596.0,,,,,
dataflow,ESTAT:NAMA_10_GDP$DEFAULTVIEW(1.0),"Gross domestic product (GDP) and main components (output, expenditure and income) - annual data",A,Annual,CLV10_MEUR,"Chain linked volumes (2010), million euro",B1GQ,Gross domestic product at market prices,RO,Romania,2019,,179431.3,,,,,
dataflow,ESTAT:NAMA_10_GDP$DEFAULTVIEW(1.0),"Gross domestic product (GDP) and main components (output, expenditure and income) - annual data",A,Annual,CLV10_MEUR,"Chain linked volumes (2010), million euro",B1GQ,Gross domestic product at market prices,RO,Romania,2020,,172975.3,,,,,
dataflow,ESTAT:NAMA_10_GDP$DEFAULTVIEW(1.0),"Gross domestic product (GDP) and main components (output, expenditure and income) - annual data",A,Annual,CLV10_MEUR,"Chain linked volumes (2010), million euro",B1GQ,Gross domestic product at market prices,RO,Romania,2021,,182640.1,,,,,
dataflow,ESTAT:NAMA_10_GDP$DEFAULTVIEW(1.0),"Gross domestic product (GDP) and main components (output, expenditure and income) - annual data",A,Annual,CLV10_MEUR,"Chain linked volumes (2010), million euro",B1GQ,Gross domestic product at market prices,RO,Romania,2022,,190288.5,,,,,
dataflow,ESTAT:NAMA_10_GDP$DEFAULTVIEW(1.0),"Gross domestic product (GDP) and main components (output, expenditure and income) - annual data",A,Annual,CLV10_MEUR,"Chain linked volumes (2010), million euro",B1GQ,Gross domestic product at market prices,RO,Romania,2023,,194584.7,,,,,
dataflow,ESTAT:NAMA_10_GDP$DEFAULTVIEW(1.0),"Gross domestic product (GDP) and main components (output, expenditure and income) - annual data",A,Annual,CLV10_MEUR,"Chain linked volumes (2010), million euro",B1GQ,Gross domestic product at market prices,RO,Romania,2024,,196367.1,,p,provisional,,
dataflow,ESTAT:NAMA_10_GDP$DEFAULTVIEW(1.0),"Gross domestic product (GDP) and main components (output, expenditure and income) - annual data",A,Annual,CLV10_MEUR,"Chain linked volumes (2010), million euro",B1GQ,Gross domestic product at market prices,RO,Romania,2025,,197698.1,,p,provisional,,
dataflow,ESTAT:NAMA_10_GDP$DEFAULTVIEW(1.0),"Gross domestic product (GDP) and main components (output, expenditure and income) - annual data",A,Annual,CLV10_MEUR,"Chain linked volumes (2010), million euro",B1GQ,Gross domestic product at market prices,RS,Serbia,2016,,33658.5,,,,,
dataflow,ESTAT:NAMA_10_GDP$DEFAULTVIEW(1.0),"Gross domestic product (GDP) and main components (output, expenditure and income) - annual data",A,Annual,CLV10_MEUR,"Chain linked volumes (2010), million euro",B1GQ,Gross domestic product at market prices,RS,Serbia,2017,,34454.0,,,,,
dataflow,ESTAT:NAMA_10_GDP$DEFAULTVIEW(1.0),"Gross domestic product (GDP) and main components (output, expenditure and income) - annual data",A,Annual,CLV10_MEUR,"Chain linked volumes (2010), million euro",B1GQ,Gross domestic product at market prices,RS,Serbia,2018,,36055.9,,,,,
dataflow,ESTAT:NAMA_10_GDP$DEFAULTVIEW(1.0),"Gross domestic product (GDP) and main components (output, expenditure and income) - annual data",A,Annual,CLV10_MEUR,"Chain linked volumes (2010), million euro",B1GQ,Gross domestic product at market prices,RS,Serbia,2019,,37768.6,,,,,
dataflow,ESTAT:NAMA_10_GDP$DEFAULTVIEW(1.0),"Gross domestic product (GDP) and main components (output, expenditure and income) - annual data",A,Annual,CLV10_MEUR,"Chain linked volumes (2010), million euro",B1GQ,Gross domestic product at market prices,RS,Serbia,2020,,37409.8,,,,,
dataflow,ESTAT:NAMA_10_GDP$DEFAULTVIEW(1.0),"Gross domestic product (GDP) and main components (output, expenditure and income) - annual data",A,Annual,CLV10_MEUR,"Chain linked volumes (2010), million euro",B1GQ,Gross domestic product at market prices,RS,Serbia,2021,,40383.5,,,,,
dataflow,ESTAT:NAMA_10_GDP$DEFAULTVIEW(1.0),"Gross domestic product (GDP) and main components (output, expenditure and income) - annual data",A,Annual,CLV10_MEUR,"Chain linked volumes (2010), million euro",B1GQ,Gross domestic product at market prices,RS,Serbia,2022,,41475.3,,,,,
dataflow,ESTAT:NAMA_10_GDP$DEFAULTVIEW(1.0),"Gross domestic product (GDP) and main components (output, expenditure and income) - annual data",A,Annual,CLV10_MEUR,"Chain linked volumes (2010), million euro",B1GQ,Gross domestic product at market prices,RS,Serbia,2023,,43029.8,,p,provisional,,
dataflow,ESTAT:NAMA_10_GDP$DEFAULTVIEW(1.0),"Gross domestic product (GDP) and main components (output, expenditure and income) - annual data",A,Annual,CLV10_MEUR,"Chain linked volumes (2010), million euro",B1GQ,Gross domestic product at market prices,RS,Serbia,2024,,44729.4,,p,provisional,,
dataflow,ESTAT:NAMA_10_GDP$DEFAULTVIEW(1.0),"Gross domestic product (GDP) and main components (output, expenditure and income) - annual data",A,Annual,CLV10_MEUR,"Chain linked volumes (2010), million euro",B1GQ,Gross domestic product at market prices,RS,Serbia,2025,,45637.6,,e,estimated,,
dataflow,ESTAT:NAMA_10_GDP$DEFAULTVIEW(1.0),"Gross domestic product (GDP) and main components (output, expenditure and income) - annual data",A,Annual,CLV10_MEUR,"Chain linked volumes (2010), million euro",B1GQ,Gross domestic product at market prices,SE,Sweden,2016,,421981.0,,,,,
dataflow,ESTAT:NAMA_10_GDP$DEFAULTVIEW(1.0),"Gross domestic product (GDP) and main components (output, expenditure and income) - annual data",A,Annual,CLV10_MEUR,"Chain linked volumes (2010), million euro",B1GQ,Gross domestic product at market prices,SE,Sweden,2017,,429926.2,,,,,
dataflow,ESTAT:NAMA_10_GDP$DEFAULTVIEW(1.0),"Gross domestic product (GDP) and main components (output, expenditure and income) - annual data",A,Annual,CLV10_MEUR,"Chain linked volumes (2010), million euro",B1GQ,Gross domestic product at market prices,SE,Sweden,2018,,437536.9,,,,,
dataflow,ESTAT:NAMA_10_GDP$DEFAULTVIEW(1.0),"Gross domestic product (GDP) and main components (output, expenditure and income) - annual data",A,Annual,CLV10_MEUR,"Chain linked volumes (2010), million euro",B1GQ,Gross domestic product at market prices,SE,Sweden,2019,,448948.9,,,,,
dataflow,ESTAT:NAMA_10_GDP$DEFAULTVIEW(1.0),"Gross domestic product (GDP) and main components (output, expenditure and income) - annual data",A,Annual,CLV10_MEUR,"Chain linked volumes (2010), million euro",B1GQ,Gross domestic product at market prices,SE,Sweden,2020,,440267.2,,,,,
dataflow,ESTAT:NAMA_10_GDP$DEFAULTVIEW(1.0),"Gross domestic product (GDP) and main components (output, expenditure and income) - annual data",A,Annual,CLV10_MEUR,"Chain linked volumes (2010), million euro",B1GQ,Gross domestic product at market prices,SE,Sweden,2021,,463274.9,,,,,
dataflow,ESTAT:NAMA_10_GDP$DEFAULTVIEW(1.0),"Gross domestic product (GDP) and main components (output, expenditure and income) - annual data",A,Annual,CLV10_MEUR,"Chain linked volumes (2010), million euro",B1GQ,Gross domestic product at market prices,SE,Sweden,2022,,469091.0,,,,,
dataflow,ESTAT:NAMA_10_GDP$DEFAULTVIEW(1.0),"Gross domestic product (GDP) and main components (output, expenditure and income) - annual data",A,Annual,CLV10_MEUR,"Chain linked volumes (2010), million euro",B1GQ,Gross domestic product at market prices,SE,Sweden,2023,,468133.8,,,,,
dataflow,ESTAT:NAMA_10_GDP$DEFAULTVIEW(1.0),"Gross domestic product (GDP) and main components (output, expenditure and income) - annual data",A,Annual,CLV10_MEUR,"Chain linked volumes (2010), million euro",B1GQ,Gross domestic product at market prices,SE,Sweden,2024,,477450.5,,,,,
dataflow,ESTAT:NAMA_10_GDP$DEFAULTVIEW(1.0),"Gross domestic product (GDP) and main components (output, expenditure and income) - annual data",A,Annual,CLV10_MEUR,"Chain linked volumes (2010), million euro",B1GQ,Gross domestic product at market prices,SE,Sweden,2025,,484652.3,,,,,
dataflow,ESTAT:NAMA_10_GDP$DEFAULTVIEW(1.0),"Gross domestic product (GDP) and main components (output, expenditure and income) - annual data",A,Annual,CLV10_MEUR,"Chain linked volumes (2010), million euro",B1GQ,Gross domestic product at market prices,SI,Slovenia,2016,,37879.1,,,,,
dataflow,ESTAT:NAMA_10_GDP$DEFAULTVIEW(1.0),"Gross domestic product (GDP) and main components (output, expenditure and income) - annual data",A,Annual,CLV10_MEUR,"Chain linked volumes (2010), million euro",B1GQ,Gross domestic product at market prices,SI,Slovenia,2017,,39839.1,,,,,
dataflow,ESTAT:NAMA_10_GDP$DEFAULTVIEW(1.0),"Gross domestic product (GDP) and main components (output, expenditure and income) - annual data",A,Annual,CLV10_MEUR,"Chain linked volumes (2010), million euro",B1GQ,Gross domestic product at market prices,SI,Slovenia,2018,,41583.7,,,,,
dataflow,ESTAT:NAMA_10_GDP$DEFAULTVIEW(1.0),"Gross domestic product (GDP) and main components (output, expenditure and income) - annual data",A,Annual,CLV10_MEUR,"Chain linked volumes (2010), million euro",B1GQ,Gross domestic product at market prices,SI,Slovenia,2019,,43041.3,,,,,
dataflow,ESTAT:NAMA_10_GDP$DEFAULTVIEW(1.0),"Gross domestic product (GDP) and main components (output, expenditure and income) - annual data",A,Annual,CLV10_MEUR,"Chain linked volumes (2010), million euro",B1GQ,Gross domestic product at market prices,SI,Slovenia,2020,,41283.0,,,,,
dataflow,ESTAT:NAMA_10_GDP$DEFAULTVIEW(1.0),"Gross domestic product (GDP) and main components (output, expenditure and income) - annual data",A,Annual,CLV10_MEUR,"Chain linked volumes (2010), million euro",B1GQ,Gross domestic product at market prices,SI,Slovenia,2021,,44757.8,,,,,
dataflow,ESTAT:NAMA_10_GDP$DEFAULTVIEW(1.0),"Gross domestic product (GDP) and main components (output, expenditure and income) - annual data",A,Annual,CLV10_MEUR,"Chain linked volumes (2010), million euro",B1GQ,Gross domestic product at market prices,SI,Slovenia,2022,,45952.1,,,,,
dataflow,ESTAT:NAMA_10_GDP$DEFAULTVIEW(1.0),"Gross domestic product (GDP) and main components (output, expenditure and income) - annual data",A,Annual,CLV10_MEUR,"Chain linked volumes (2010), million euro",B1GQ,Gross domestic product at market prices,SI,Slovenia,2023,,47043.9,,,,,
dataflow,ESTAT:NAMA_10_GDP$DEFAULTVIEW(1.0),"Gross domestic product (GDP) and main components (output, expenditure and income) - annual data",A,Annual,CLV10_MEUR,"Chain linked volumes (2010), million euro",B1GQ,Gross domestic product at market prices,SI,Slovenia,2024,,47858.4,,,,,
dataflow,ESTAT:NAMA_10_GDP$DEFAULTVIEW(1.0),"Gross domestic product (GDP) and main components (output, expenditure and income) - annual data",A,Annual,CLV10_MEUR,"Chain linked volumes (2010), million euro",B1GQ,Gross domestic product at market prices,SI,Slovenia,2025,,48365.7,,,,,
dataflow,ESTAT:NAMA_10_GDP$DEFAULTVIEW(1.0),"Gross domestic product (GDP) and main components (output, expenditure and income) - annual data",A,Annual,CLV10_MEUR,"Chain linked volumes (2010), million euro",B1GQ,Gross domestic product at market prices,SK,Slovakia,2016,,79400.3,,,,,
dataflow,ESTAT:NAMA_10_GDP$DEFAULTVIEW(1.0),"Gross domestic product (GDP) and main components (output, expenditure and income) - annual data",A,Annual,CLV10_MEUR,"Chain linked volumes (2010), million euro",B1GQ,Gross domestic product at market prices,SK,Slovakia,2017,,81682.8,,,,,
dataflow,ESTAT:NAMA_10_GDP$DEFAULTVIEW(1.0),"Gross domestic product (GDP) and main components (output, expenditure and income) - annual data",A,Annual,CLV10_MEUR,"Chain linked volumes (2010), million euro",B1GQ,Gross domestic product at market prices,SK,Slovakia,2018,,85000.9,,,,,
dataflow,ESTAT:NAMA_10_GDP$DEFAULTVIEW(1.0),"Gross domestic product (GDP) and main components (output, expenditure and income) - annual data",A,Annual,CLV10_MEUR,"Chain linked volumes (2010), million euro",B1GQ,Gross domestic product at market prices,SK,Slovakia,2019,,86935.4,,,,,
dataflow,ESTAT:NAMA_10_GDP$DEFAULTVIEW(1.0),"Gross domestic product (GDP) and main components (output, expenditure and income) - annual data",A,Annual,CLV10_MEUR,"Chain linked volumes (2010), million euro",B1GQ,Gross domestic product at market prices,SK,Slovakia,2020,,84687.7,,,,,
dataflow,ESTAT:NAMA_10_GDP$DEFAULTVIEW(1.0),"Gross domestic product (GDP) and main components (output, expenditure and income) - annual data",A,Annual,CLV10_MEUR,"Chain linked volumes (2010), million euro",B1GQ,Gross domestic product at market prices,SK,Slovakia,2021,,89477.5,,,,,
dataflow,ESTAT:NAMA_10_GDP$DEFAULTVIEW(1.0),"Gross domestic product (GDP) and main components (output, expenditure and income) - annual data",A,Annual,CLV10_MEUR,"Chain linked volumes (2010), million euro",B1GQ,Gross domestic product at market prices,SK,Slovakia,2022,,89964.8,,,,,
dataflow,ESTAT:NAMA_10_GDP$DEFAULTVIEW(1.0),"Gross domestic product (GDP) and main components (output, expenditure and income) - annual data",A,Annual,CLV10_MEUR,"Chain linked volumes (2010), million euro",B1GQ,Gross domestic product at market prices,SK,Slovakia,2023,,91865.4,,,,,
dataflow,ESTAT:NAMA_10_GDP$DEFAULTVIEW(1.0),"Gross domestic product (GDP) and main components (output, expenditure and income) - annual data",A,Annual,CLV10_MEUR,"Chain linked volumes (2010), million euro",B1GQ,Gross domestic product at market prices,SK,Slovakia,2024,,93646.4,,,,,
dataflow,ESTAT:NAMA_10_GDP$DEFAULTVIEW(1.0),"Gross domestic product (GDP) and main components (output, expenditure and income) - annual data",A,Annual,CLV10_MEUR,"Chain linked volumes (2010), million euro",B1GQ,Gross domestic product at market prices,SK,Slovakia,2025,,94402.5,,,,,
dataflow,ESTAT:NAMA_10_GDP$DEFAULTVIEW(1.0),"Gross domestic product (GDP) and main components (output, expenditure and income) - annual data",A,Annual,CLV10_MEUR,"Chain linked volumes (2010), million euro",B1GQ,Gross domestic product at market prices,TR,Türkiye,2016,,850000.6,,,,,
dataflow,ESTAT:NAMA_10_GDP$DEFAULTVIEW(1.0),"Gross domestic product (GDP) and main components (output, expenditure and income) - annual data",A,Annual,CLV10_MEUR,"Chain linked volumes (2010), million euro",B1GQ,Gross domestic product at market prices,TR,Türkiye,2017,,916520.5,,,,,
dataflow,ESTAT:NAMA_10_GDP$DEFAULTVIEW(1.0),"Gross domestic product (GDP) and main components (output, expenditure and income) - annual data",A,Annual,CLV10_MEUR,"Chain linked volumes (2010), million euro",B1GQ,Gross domestic product at market prices,TR,Türkiye,2018,,948306.8,,,,,
dataflow,ESTAT:NAMA_10_GDP$DEFAULTVIEW(1.0),"Gross domestic product (GDP) and main components (output, expenditure and income) - annual data",A,Annual,CLV10_MEUR,"Chain linked volumes (2010), million euro",B1GQ,Gross domestic product at market prices,TR,Türkiye,2019,,960650.2,,,,,
dataflow,ESTAT:NAMA_10_GDP$DEFAULTVIEW(1.0),"Gross domestic product (GDP) and main components (output, expenditure and income) - annual data",A,Annual,CLV10_MEUR,"Chain linked volumes (2010), million euro",B1GQ,Gross domestic product at market prices,TR,Türkiye,2020,,977971.3,,,,,
dataflow,ESTAT:NAMA_10_GDP$DEFAULTVIEW(1.0),"Gross domestic product (GDP) and main components (output, expenditure and income) - annual data",A,Annual,CLV10_MEUR,"Chain linked volumes (2010), million euro",B1GQ,Gross domestic product at market prices,TR,Türkiye,2021,,1093480.4,,,,,
dataflow,ESTAT:NAMA_10_GDP$DEFAULTVIEW(1.0),"Gross domestic product (GDP) and main components (output, expenditure and income) - annual data",A,Annual,CLV10_MEUR,"Chain linked volumes (2010), million euro",B1GQ,Gross domestic product at market prices,TR,Türkiye,2022,,1152979.2,,,,,
dataflow,ESTAT:NAMA_10_GDP$DEFAULTVIEW(1.0),"Gross domestic product (GDP) and main components (output, expenditure and income) - annual data",A,Annual,CLV10_MEUR,"Chain linked volumes (2010), million euro",B1GQ,Gross domestic product at market prices,TR,Türkiye,2023,,1211148.4,,,,,
dataflow,ESTAT:NAMA_10_GDP$DEFAULTVIEW(1.0),"Gross domestic product (GDP) and main components (output, expenditure and income) - annual data",A,Annual,CLV10_MEUR,"Chain linked volumes (2010), million euro",B1GQ,Gross domestic product at market prices,TR,Türkiye,2024,,1251450.8,,,,,
dataflow,ESTAT:NAMA_10_GDP$DEFAULTVIEW(1.0),"Gross domestic product (GDP) and main components (output, expenditure and income) - annual data",A,Annual,CLV10_MEUR,"Chain linked volumes (2010), million euro",B1GQ,Gross domestic product at market prices,TR,Türkiye,2025,,1296560.9,,,,,
dataflow,ESTAT:NAMA_10_GDP$DEFAULTVIEW(1.0),"Gross domestic product (GDP) and main components (output, expenditure and income) - annual data",A,Annual,CLV10_MEUR,"Chain linked volumes (2010), million euro",B1GQ,Gross domestic product at market prices,UA,Ukraine,2016,,93359.7,,,,,
dataflow,ESTAT:NAMA_10_GDP$DEFAULTVIEW(1.0),"Gross domestic product (GDP) and main components (output, expenditure and income) - annual data",A,Annual,CLV10_MEUR,"Chain linked volumes (2010), million euro",B1GQ,Gross domestic product at market prices,UA,Ukraine,2017,,95563.0,,,,,
dataflow,ESTAT:NAMA_10_GDP$DEFAULTVIEW(1.0),"Gross domestic product (GDP) and main components (output, expenditure and income) - annual data",A,Annual,CLV10_MEUR,"Chain linked volumes (2010), million euro",B1GQ,Gross domestic product at market prices,UA,Ukraine,2018,,98896.6,,,,,
dataflow,ESTAT:NAMA_10_GDP$DEFAULTVIEW(1.0),"Gross domestic product (GDP) and main components (output, expenditure and income) - annual data",A,Annual,CLV10_MEUR,"Chain linked volumes (2010), million euro",B1GQ,Gross domestic product at market prices,UA,Ukraine,2019,,102060.8,,,,,
dataflow,ESTAT:NAMA_10_GDP$DEFAULTVIEW(1.0),"Gross domestic product (GDP) and main components (output, expenditure and income) - annual data",A,Annual,CLV10_MEUR,"Chain linked volumes (2010), million euro",B1GQ,Gross domestic product at market prices,UA,Ukraine,2020,,98230.6,,,,,
dataflow,ESTAT:NAMA_10_GDP$DEFAULTVIEW(1.0),"Gross domestic product (GDP) and main components (output, expenditure and income) - annual data",A,Annual,CLV10_MEUR,"Chain linked volumes (2010), million euro",B1GQ,Gross domestic product at market prices,UA,Ukraine,2021,,101615.3,,,,,
dataflow,ESTAT:NAMA_10_GDP$DEFAULTVIEW(1.0),"Gross domestic product (GDP) and main components (output, expenditure and income) - annual data",A,Annual,CLV10_MEUR,"Chain linked volumes (2010), million euro",B1GQ,Gross domestic product at market prices,UA,Ukraine,2022,,72392.2,,,,,
dataflow,ESTAT:NAMA_10_GDP$DEFAULTVIEW(1.0),"Gross domestic product (GDP) and main components (output, expenditure and income) - annual data",A,Annual,CLV10_MEUR,"Chain linked volumes (2010), million euro",B1GQ,Gross domestic product at market prices,UA,Ukraine,2023,,76398.9,,,,,
dataflow,ESTAT:NAMA_10_GDP$DEFAULTVIEW(1.0),"Gross domestic product (GDP) and main components (output, expenditure and income) - annual data",A,Annual,CLV10_MEUR,"Chain linked volumes (2010), million euro",B1GQ,Gross domestic product at market prices,UA,Ukraine,2024,,78880.4,,,,,
dataflow,ESTAT:NAMA_10_GDP$DEFAULTVIEW(1.0),"Gross domestic product (GDP) and main components (output, expenditure and income) - annual data",A,Annual,CLV10_MEUR,"Chain linked volumes (2010), million euro",B1GQ,Gross domestic product at market prices,UK,United Kingdom,2016,,2104891.5,,,,,
dataflow,ESTAT:NAMA_10_GDP$DEFAULTVIEW(1.0),"Gross domestic product (GDP) and main components (output, expenditure and income) - annual data",A,Annual,CLV10_MEUR,"Chain linked volumes (2010), million euro",B1GQ,Gross domestic product at market prices,UK,United Kingdom,2017,,2141523.2,,,,,
dataflow,ESTAT:NAMA_10_GDP$DEFAULTVIEW(1.0),"Gross domestic product (GDP) and main components (output, expenditure and income) - annual data",A,Annual,CLV10_MEUR,"Chain linked volumes (2010), million euro",B1GQ,Gross domestic product at market prices,UK,United Kingdom,2018,,2168347.7,,,,,
dataflow,ESTAT:NAMA_10_GDP$DEFAULTVIEW(1.0),"Gross domestic product (GDP) and main components (output, expenditure and income) - annual data",A,Annual,CLV10_MEUR,"Chain linked volumes (2010), million euro",B1GQ,Gross domestic product at market prices,UK,United Kingdom,2019,,2198071.7,,,,,
dataflow,ESTAT:NAMA_10_GDP$DEFAULTVIEW(1.0),"Gross domestic product (GDP) and main components (output, expenditure and income) - annual data",A,Annual,CLV10_MEUR,"Chain linked volumes (2010), million euro",B1GQ,Gross domestic product at market prices,XK,Kosovo*,2016,,5306.5,,,,,
dataflow,ESTAT:NAMA_10_GDP$DEFAULTVIEW(1.0),"Gross domestic product (GDP) and main components (output, expenditure and income) - annual data",A,Annual,CLV10_MEUR,"Chain linked volumes (2010), million euro",B1GQ,Gross domestic product at market prices,XK,Kosovo*,2017,,5562.6,,,,,
dataflow,ESTAT:NAMA_10_GDP$DEFAULTVIEW(1.0),"Gross domestic product (GDP) and main components (output, expenditure and income) - annual data",A,Annual,CLV10_MEUR,"Chain linked volumes (2010), million euro",B1GQ,Gross domestic product at market prices,XK,Kosovo*,2018,,5752.1,,,,,
dataflow,ESTAT:NAMA_10_GDP$DEFAULTVIEW(1.0),"Gross domestic product (GDP) and main components (output, expenditure and income) - annual data",A,Annual,CLV10_MEUR,"Chain linked volumes (2010), million euro",B1GQ,Gross domestic product at market prices,XK,Kosovo*,2019,,6025.7,,,,,
dataflow,ESTAT:NAMA_10_GDP$DEFAULTVIEW(1.0),"Gross domestic product (GDP) and main components (output, expenditure and income) - annual data",A,Annual,CLV10_MEUR,"Chain linked volumes (2010), million euro",B1GQ,Gross domestic product at market prices,XK,Kosovo*,2020,,5703.9,,,,,
dataflow,ESTAT:NAMA_10_GDP$DEFAULTVIEW(1.0),"Gross domestic product (GDP) and main components (output, expenditure and income) - annual data",A,Annual,CLV10_MEUR,"Chain linked volumes (2010), million euro",B1GQ,Gross domestic product at market prices,XK,Kosovo*,2021,,6316.9,,,,,
dataflow,ESTAT:NAMA_10_GDP$DEFAULTVIEW(1.0),"Gross domestic product (GDP) and main components (output, expenditure and income) - annual data",A,Annual,CLV10_MEUR,"Chain linked volumes (2010), million euro",B1GQ,Gross domestic product at market prices,XK,Kosovo*,2022,,6587.2,,,,,
dataflow,ESTAT:NAMA_10_GDP$DEFAULTVIEW(1.0),"Gross domestic product (GDP) and main components (output, expenditure and income) - annual data",A,Annual,CLV10_MEUR,"Chain linked volumes (2010), million euro",B1GQ,Gross domestic product at market prices,XK,Kosovo*,2023,,6855.2,,,,,
dataflow,ESTAT:NAMA_10_GDP$DEFAULTVIEW(1.0),"Gross domestic product (GDP) and main components (output, expenditure and income) - annual data",A,Annual,CLV10_MEUR,"Chain linked volumes (2010), million euro",B1GQ,Gross domestic product at market prices,XK,Kosovo*,2024,,7168.7,,,,,
dataflow,ESTAT:NAMA_10_GDP$DEFAULTVIEW(1.0),"Gross domestic product (GDP) and main components (output, expenditure and income) - annual data",A,Annual,CLV10_MEUR,"Chain linked volumes (2010), million euro",B1GQ,Gross domestic product at market prices,XK,Kosovo*,2025,,7428.0,,p,provisional,,
dataflow,ESTAT:NAMA_10_GDP$DEFAULTVIEW(1.0),"Gross domestic product (GDP) and main components (output, expenditure and income) - annual data",A,Annual,CLV_I10,"Chain linked volumes, index 2010=100",B1GQ,Gross domestic product at market prices,AL,Albania,2016,,114.292,,,,,
dataflow,ESTAT:NAMA_10_GDP$DEFAULTVIEW(1.0),"Gross domestic product (GDP) and main components (output, expenditure and income) - annual data",A,Annual,CLV_I10,"Chain linked volumes, index 2010=100",B1GQ,Gross domestic product at market prices,AL,Albania,2017,,118.045,,,,,
dataflow,ESTAT:NAMA_10_GDP$DEFAULTVIEW(1.0),"Gross domestic product (GDP) and main components (output, expenditure and income) - annual data",A,Annual,CLV_I10,"Chain linked volumes, index 2010=100",B1GQ,Gross domestic product at market prices,AL,Albania,2018,,122.379,,,,,
dataflow,ESTAT:NAMA_10_GDP$DEFAULTVIEW(1.0),"Gross domestic product (GDP) and main components (output, expenditure and income) - annual data",A,Annual,CLV_I10,"Chain linked volumes, index 2010=100",B1GQ,Gross domestic product at market prices,AL,Albania,2019,,124.903,,,,,
dataflow,ESTAT:NAMA_10_GDP$DEFAULTVIEW(1.0),"Gross domestic product (GDP) and main components (output, expenditure and income) - annual data",A,Annual,CLV_I10,"Chain linked volumes, index 2010=100",B1GQ,Gross domestic product at market prices,AL,Albania,2020,,120.764,,,,,
dataflow,ESTAT:NAMA_10_GDP$DEFAULTVIEW(1.0),"Gross domestic product (GDP) and main components (output, expenditure and income) - annual data",A,Annual,CLV_I10,"Chain linked volumes, index 2010=100",B1GQ,Gross domestic product at market prices,AL,Albania,2021,,131.596,,,,,
dataflow,ESTAT:NAMA_10_GDP$DEFAULTVIEW(1.0),"Gross domestic product (GDP) and main components (output, expenditure and income) - annual data",A,Annual,CLV_I10,"Chain linked volumes, index 2010=100",B1GQ,Gross domestic product at market prices,AL,Albania,2022,,137.948,,,,,
dataflow,ESTAT:NAMA_10_GDP$DEFAULTVIEW(1.0),"Gross domestic product (GDP) and main components (output, expenditure and income) - annual data",A,Annual,CLV_I10,"Chain linked volumes, index 2010=100",B1GQ,Gross domestic product at market prices,AL,Albania,2023,,143.487,,,,,
dataflow,ESTAT:NAMA_10_GDP$DEFAULTVIEW(1.0),"Gross domestic product (GDP) and main components (output, expenditure and income) - annual data",A,Annual,CLV_I10,"Chain linked volumes, index 2010=100",B1GQ,Gross domestic product at market prices,AL,Albania,2024,,149.292,,p,provisional,,
dataflow,ESTAT:NAMA_10_GDP$DEFAULTVIEW(1.0),"Gross domestic product (GDP) and main components (output, expenditure and income) - annual data",A,Annual,CLV_I10,"Chain linked volumes, index 2010=100",B1GQ,Gross domestic product at market prices,AT,Austria,2016,,107.685,,,,,
dataflow,ESTAT:NAMA_10_GDP$DEFAULTVIEW(1.0),"Gross domestic product (GDP) and main components (output, expenditure and income) - annual data",A,Annual,CLV_I10,"Chain linked volumes, index 2010=100",B1GQ,Gross domestic product at market prices,AT,Austria,2017,,110.132,,,,,
dataflow,ESTAT:NAMA_10_GDP$DEFAULTVIEW(1.0),"Gross domestic product (GDP) and main components (output, expenditure and income) - annual data",A,Annual,CLV_I10,"Chain linked volumes, index 2010=100",B1GQ,Gross domestic product at market prices,AT,Austria,2018,,112.868,,,,,
dataflow,ESTAT:NAMA_10_GDP$DEFAULTVIEW(1.0),"Gross domestic product (GDP) and main components (output, expenditure and income) - annual data",A,Annual,CLV_I10,"Chain linked volumes, index 2010=100",B1GQ,Gross domestic product at market prices,AT,Austria,2019,,114.848,,,,,
dataflow,ESTAT:NAMA_10_GDP$DEFAULTVIEW(1.0),"Gross domestic product (GDP) and main components (output, expenditure and income) - annual data",A,Annual,CLV_I10,"Chain linked volumes, index 2010=100",B1GQ,Gross domestic product at market prices,AT,Austria,2020,,107.592,,,,,
dataflow,ESTAT:NAMA_10_GDP$DEFAULTVIEW(1.0),"Gross domestic product (GDP) and main components (output, expenditure and income) - annual data",A,Annual,CLV_I10,"Chain linked volumes, index 2010=100",B1GQ,Gross domestic product at market prices,AT,Austria,2021,,112.889,,,,,
dataflow,ESTAT:NAMA_10_GDP$DEFAULTVIEW(1.0),"Gross domestic product (GDP) and main components (output, expenditure and income) - annual data",A,Annual,CLV_I10,"Chain linked volumes, index 2010=100",B1GQ,Gross domestic product at market prices,AT,Austria,2022,,118.907,,,,,
dataflow,ESTAT:NAMA_10_GDP$DEFAULTVIEW(1.0),"Gross domestic product (GDP) and main components (output, expenditure and income) - annual data",A,Annual,CLV_I10,"Chain linked volumes, index 2010=100",B1GQ,Gross domestic product at market prices,AT,Austria,2023,,117.972,,,,,
dataflow,ESTAT:NAMA_10_GDP$DEFAULTVIEW(1.0),"Gross domestic product (GDP) and main components (output, expenditure and income) - annual data",A,Annual,CLV_I10,"Chain linked volumes, index 2010=100",B1GQ,Gross domestic product at market prices,AT,Austria,2024,,117.194,,,,,
dataflow,ESTAT:NAMA_10_GDP$DEFAULTVIEW(1.0),"Gross domestic product (GDP) and main components (output, expenditure and income) - annual data",A,Annual,CLV_I10,"Chain linked volumes, index 2010=100",B1GQ,Gross domestic product at market prices,AT,Austria,2025,,118.190,,,,,
dataflow,ESTAT:NAMA_10_GDP$DEFAULTVIEW(1.0),"Gross domestic product (GDP) and main components (output, expenditure and income) - annual data",A,Annual,CLV_I10,"Chain linked volumes, index 2010=100",B1GQ,Gross domestic product at market prices,BA,Bosnia and Herzegovina,2016,,111.611,,,,,
dataflow,ESTAT:NAMA_10_GDP$DEFAULTVIEW(1.0),"Gross domestic product (GDP) and main components (output, expenditure and income) - annual data",A,Annual,CLV_I10,"Chain linked volumes, index 2010=100",B1GQ,Gross domestic product at market prices,BA,Bosnia and Herzegovina,2017,,115.232,,,,,
dataflow,ESTAT:NAMA_10_GDP$DEFAULTVIEW(1.0),"Gross domestic product (GDP) and main components (output, expenditure and income) - annual data",A,Annual,CLV_I10,"Chain linked volumes, index 2010=100",B1GQ,Gross domestic product at market prices,BA,Bosnia and Herzegovina,2018,,119.644,,,,,
dataflow,ESTAT:NAMA_10_GDP$DEFAULTVIEW(1.0),"Gross domestic product (GDP) and main components (output, expenditure and income) - annual data",A,Annual,CLV_I10,"Chain linked volumes, index 2010=100",B1GQ,Gross domestic product at market prices,BA,Bosnia and Herzegovina,2019,,123.097,,,,,
dataflow,ESTAT:NAMA_10_GDP$DEFAULTVIEW(1.0),"Gross domestic product (GDP) and main components (output, expenditure and income) - annual data",A,Annual,CLV_I10,"Chain linked volumes, index 2010=100",B1GQ,Gross domestic product at market prices,BA,Bosnia and Herzegovina,2020,,119.386,,,,,
dataflow,ESTAT:NAMA_10_GDP$DEFAULTVIEW(1.0),"Gross domestic product (GDP) and main components (output, expenditure and income) - annual data",A,Annual,CLV_I10,"Chain linked volumes, index 2010=100",B1GQ,Gross domestic product at market prices,BA,Bosnia and Herzegovina,2021,,128.210,,,,,
dataflow,ESTAT:NAMA_10_GDP$DEFAULTVIEW(1.0),"Gross domestic product (GDP) and main components (output, expenditure and income) - annual data",A,Annual,CLV_I10,"Chain linked volumes, index 2010=100",B1GQ,Gross domestic product at market prices,BA,Bosnia and Herzegovina,2022,,133.629,,,,,
dataflow,ESTAT:NAMA_10_GDP$DEFAULTVIEW(1.0),"Gross domestic product (GDP) and main components (output, expenditure and income) - annual data",A,Annual,CLV_I10,"Chain linked volumes, index 2010=100",B1GQ,Gross domestic product at market prices,BA,Bosnia and Herzegovina,2023,,136.295,,,,,
dataflow,ESTAT:NAMA_10_GDP$DEFAULTVIEW(1.0),"Gross domestic product (GDP) and main components (output, expenditure and income) - annual data",A,Annual,CLV_I10,"Chain linked volumes, index 2010=100",B1GQ,Gross domestic product at market prices,BA,Bosnia and Herzegovina,2024,,140.693,,,,,
dataflow,ESTAT:NAMA_10_GDP$DEFAULTVIEW(1.0),"Gross domestic product (GDP) and main components (output, expenditure and income) - annual data",A,Annual,CLV_I10,"Chain linked volumes, index 2010=100",B1GQ,Gross domestic product at market prices,BA,Bosnia and Herzegovina,2025,,143.687,,,,,
dataflow,ESTAT:NAMA_10_GDP$DEFAULTVIEW(1.0),"Gross domestic product (GDP) and main components (output, expenditure and income) - annual data",A,Annual,CLV_I10,"Chain linked volumes, index 2010=100",B1GQ,Gross domestic product at market prices,BE,Belgium,2016,,107.072,,,,,
dataflow,ESTAT:NAMA_10_GDP$DEFAULTVIEW(1.0),"Gross domestic product (GDP) and main components (output, expenditure and income) - annual data",A,Annual,CLV_I10,"Chain linked volumes, index 2010=100",B1GQ,Gross domestic product at market prices,BE,Belgium,2017,,108.651,,,,,
dataflow,ESTAT:NAMA_10_GDP$DEFAULTVIEW(1.0),"Gross domestic product (GDP) and main components (output, expenditure and income) - annual data",A,Annual,CLV_I10,"Chain linked volumes, index 2010=100",B1GQ,Gross domestic product at market prices,BE,Belgium,2018,,110.691,,,,,
dataflow,ESTAT:NAMA_10_GDP$DEFAULTVIEW(1.0),"Gross domestic product (GDP) and main components (output, expenditure and income) - annual data",A,Annual,CLV_I10,"Chain linked volumes, index 2010=100",B1GQ,Gross domestic product at market prices,BE,Belgium,2019,,113.395,,,,,
dataflow,ESTAT:NAMA_10_GDP$DEFAULTVIEW(1.0),"Gross domestic product (GDP) and main components (output, expenditure and income) - annual data",A,Annual,CLV_I10,"Chain linked volumes, index 2010=100",B1GQ,Gross domestic product at market prices,BE,Belgium,2020,,107.960,,,,,
dataflow,ESTAT:NAMA_10_GDP$DEFAULTVIEW(1.0),"Gross domestic product (GDP) and main components (output, expenditure and income) - annual data",A,Annual,CLV_I10,"Chain linked volumes, index 2010=100",B1GQ,Gross domestic product at market prices,BE,Belgium,2021,,114.713,,,,,
dataflow,ESTAT:NAMA_10_GDP$DEFAULTVIEW(1.0),"Gross domestic product (GDP) and main components (output, expenditure and income) - annual data",A,Annual,CLV_I10,"Chain linked volumes, index 2010=100",B1GQ,Gross domestic product at market prices,BE,Belgium,2022,,119.329,,,,,
dataflow,ESTAT:NAMA_10_GDP$DEFAULTVIEW(1.0),"Gross domestic product (GDP) and main components (output, expenditure and income) - annual data",A,Annual,CLV_I10,"Chain linked volumes, index 2010=100",B1GQ,Gross domestic product at market prices,BE,Belgium,2023,,121.193,,,,,
dataflow,ESTAT:NAMA_10_GDP$DEFAULTVIEW(1.0),"Gross domestic product (GDP) and main components (output, expenditure and income) - annual data",A,Annual,CLV_I10,"Chain linked volumes, index 2010=100",B1GQ,Gross domestic product at market prices,BE,Belgium,2024,,122.523,,p,provisional,,
dataflow,ESTAT:NAMA_10_GDP$DEFAULTVIEW(1.0),"Gross domestic product (GDP) and main components (output, expenditure and income) - annual data",A,Annual,CLV_I10,"Chain linked volumes, index 2010=100",B1GQ,Gross domestic product at market prices,BE,Belgium,2025,,123.727,,p,provisional,,
dataflow,ESTAT:NAMA_10_GDP$DEFAULTVIEW(1.0),"Gross domestic product (GDP) and main components (output, expenditure and income) - annual data",A,Annual,CLV_I10,"Chain linked volumes, index 2010=100",B1GQ,Gross domestic product at market prices,BG,Bulgaria,2016,,110.008,,,,,
dataflow,ESTAT:NAMA_10_GDP$DEFAULTVIEW(1.0),"Gross domestic product (GDP) and main components (output, expenditure and income) - annual data",A,Annual,CLV_I10,"Chain linked volumes, index 2010=100",B1GQ,Gross domestic product at market prices,BG,Bulgaria,2017,,113.029,,,,,
dataflow,ESTAT:NAMA_10_GDP$DEFAULTVIEW(1.0),"Gross domestic product (GDP) and main components (output, expenditure and income) - annual data",A,Annual,CLV_I10,"Chain linked volumes, index 2010=100",B1GQ,Gross domestic product at market prices,BG,Bulgaria,2018,,115.662,,,,,
dataflow,ESTAT:NAMA_10_GDP$DEFAULTVIEW(1.0),"Gross domestic product (GDP) and main components (output, expenditure and income) - annual data",A,Annual,CLV_I10,"Chain linked volumes, index 2010=100",B1GQ,Gross domestic product at market prices,BG,Bulgaria,2019,,120.050,,,,,
dataflow,ESTAT:NAMA_10_GDP$DEFAULTVIEW(1.0),"Gross domestic product (GDP) and main components (output, expenditure and income) - annual data",A,Annual,CLV_I10,"Chain linked volumes, index 2010=100",B1GQ,Gross domestic product at market prices,BG,Bulgaria,2020,,116.288,,,,,
dataflow,ESTAT:NAMA_10_GDP$DEFAULTVIEW(1.0),"Gross domestic product (GDP) and main components (output, expenditure and income) - annual data",A,Annual,CLV_I10,"Chain linked volumes, index 2010=100",B1GQ,Gross domestic product at market prices,BG,Bulgaria,2021,,125.392,,,,,
dataflow,ESTAT:NAMA_10_GDP$DEFAULTVIEW(1.0),"Gross domestic product (GDP) and main components (output, expenditure and income) - annual data",A,Annual,CLV_I10,"Chain linked volumes, index 2010=100",B1GQ,Gross domestic product at market prices,BG,Bulgaria,2022,,130.513,,,,,
dataflow,ESTAT:NAMA_10_GDP$DEFAULTVIEW(1.0),"Gross domestic product (GDP) and main components (output, expenditure and income) - annual data",A,Annual,CLV_I10,"Chain linked volumes, index 2010=100",B1GQ,Gross domestic product at market prices,BG,Bulgaria,2023,,132.707,,,,,
dataflow,ESTAT:NAMA_10_GDP$DEFAULTVIEW(1.0),"Gross domestic product (GDP) and main components (output, expenditure and income) - annual data",A,Annual,CLV_I10,"Chain linked volumes, index 2010=100",B1GQ,Gross domestic product at market prices,BG,Bulgaria,2024,,137.202,,,,,
dataflow,ESTAT:NAMA_10_GDP$DEFAULTVIEW(1.0),"Gross domestic product (GDP) and main components (output, expenditure and income) - annual data",A,Annual,CLV_I10,"Chain linked volumes, index 2010=100",B1GQ,Gross domestic product at market prices,BG,Bulgaria,2025,,141.450,,p,provisional,,
dataflow,ESTAT:NAMA_10_GDP$DEFAULTVIEW(1.0),"Gross domestic product (GDP) and main components (output, expenditure and income) - annual data",A,Annual,CLV_I10,"Chain linked volumes, index 2010=100",B1GQ,Gross domestic product at market prices,CH,Switzerland,2016,,110.721,,,,,
dataflow,ESTAT:NAMA_10_GDP$DEFAULTVIEW(1.0),"Gross domestic product (GDP) and main components (output, expenditure and income) - annual data",A,Annual,CLV_I10,"Chain linked volumes, index 2010=100",B1GQ,Gross domestic product at market prices,CH,Switzerland,2017,,112.294,,,,,
dataflow,ESTAT:NAMA_10_GDP$DEFAULTVIEW(1.0),"Gross domestic product (GDP) and main components (output, expenditure and income) - annual data",A,Annual,CLV_I10,"Chain linked volumes, index 2010=100",B1GQ,Gross domestic product at market prices,CH,Switzerland,2018,,116.030,,,,,
dataflow,ESTAT:NAMA_10_GDP$DEFAULTVIEW(1.0),"Gross domestic product (GDP) and main components (output, expenditure and income) - annual data",A,Annual,CLV_I10,"Chain linked volumes, index 2010=100",B1GQ,Gross domestic product at market prices,CH,Switzerland,2019,,117.324,,,,,
dataflow,ESTAT:NAMA_10_GDP$DEFAULTVIEW(1.0),"Gross domestic product (GDP) and main components (output, expenditure and income) - annual data",A,Annual,CLV_I10,"Chain linked volumes, index 2010=100",B1GQ,Gross domestic product at market prices,CH,Switzerland,2020,,114.678,,,,,
dataflow,ESTAT:NAMA_10_GDP$DEFAULTVIEW(1.0),"Gross domestic product (GDP) and main components (output, expenditure and income) - annual data",A,Annual,CLV_I10,"Chain linked volumes, index 2010=100",B1GQ,Gross domestic product at market prices,CH,Switzerland,2021,,121.761,,,,,
dataflow,ESTAT:NAMA_10_GDP$DEFAULTVIEW(1.0),"Gross domestic product (GDP) and main components (output, expenditure and income) - annual data",A,Annual,CLV_I10,"Chain linked volumes, index 2010=100",B1GQ,Gross domestic product at market prices,CH,Switzerland,2022,,126.065,,,,,
dataflow,ESTAT:NAMA_10_GDP$DEFAULTVIEW(1.0),"Gross domestic product (GDP) and main components (output, expenditure and income) - annual data",A,Annual,CLV_I10,"Chain linked volumes, index 2010=100",B1GQ,Gross domestic product at market prices,CH,Switzerland,2023,,127.105,,,,,
dataflow,ESTAT:NAMA_10_GDP$DEFAULTVIEW(1.0),"Gross domestic product (GDP) and main components (output, expenditure and income) - annual data",A,Annual,CLV_I10,"Chain linked volumes, index 2010=100",B1GQ,Gross domestic product at market prices,CH,Switzerland,2024,,128.872,,,,,
dataflow,ESTAT:NAMA_10_GDP$DEFAULTVIEW(1.0),"Gross domestic product (GDP) and main components (output, expenditure and income) - annual data",A,Annual,CLV_I10,"Chain linked volumes, index 2010=100",B1GQ,Gross domestic product at market prices,CH,Switzerland,2025,,130.548,,,,,
dataflow,ESTAT:NAMA_10_GDP$DEFAULTVIEW(1.0),"Gross domestic product (GDP) and main components (output, expenditure and income) - annual data",A,Annual,CLV_I10,"Chain linked volumes, index 2010=100",B1GQ,Gross domestic product at market prices,CY,Cyprus,2016,,98.049,,,,,
dataflow,ESTAT:NAMA_10_GDP$DEFAULTVIEW(1.0),"Gross domestic product (GDP) and main components (output, expenditure and income) - annual data",A,Annual,CLV_I10,"Chain linked volumes, index 2010=100",B1GQ,Gross domestic product at market prices,CY,Cyprus,2017,,103.687,,,,,
dataflow,ESTAT:NAMA_10_GDP$DEFAULTVIEW(1.0),"Gross domestic product (GDP) and main components (output, expenditure and income) - annual data",A,Annual,CLV_I10,"Chain linked volumes, index 2010=100",B1GQ,Gross domestic product at market prices,CY,Cyprus,2018,,110.190,,,,,
dataflow,ESTAT:NAMA_10_GDP$DEFAULTVIEW(1.0),"Gross domestic product (GDP) and main components (output, expenditure and income) - annual data",A,Annual,CLV_I10,"Chain linked volumes, index 2010=100",B1GQ,Gross domestic product at market prices,CY,Cyprus,2019,,116.665,,,,,
dataflow,ESTAT:NAMA_10_GDP$DEFAULTVIEW(1.0),"Gross domestic product (GDP) and main components (output, expenditure and income) - annual data",A,Annual,CLV_I10,"Chain linked volumes, index 2010=100",B1GQ,Gross domestic product at market prices,CY,Cyprus,2020,,112.907,,,,,
dataflow,ESTAT:NAMA_10_GDP$DEFAULTVIEW(1.0),"Gross domestic product (GDP) and main components (output, expenditure and income) - annual data",A,Annual,CLV_I10,"Chain linked volumes, index 2010=100",B1GQ,Gross domestic product at market prices,CY,Cyprus,2021,,125.776,,,,,
dataflow,ESTAT:NAMA_10_GDP$DEFAULTVIEW(1.0),"Gross domestic product (GDP) and main components (output, expenditure and income) - annual data",A,Annual,CLV_I10,"Chain linked volumes, index 2010=100",B1GQ,Gross domestic product at market prices,CY,Cyprus,2022,,136.767,,,,,
dataflow,ESTAT:NAMA_10_GDP$DEFAULTVIEW(1.0),"Gross domestic product (GDP) and main components (output, expenditure and income) - annual data",A,Annual,CLV_I10,"Chain linked volumes, index 2010=100",B1GQ,Gross domestic product at market prices,CY,Cyprus,2023,,141.719,,,,,
dataflow,ESTAT:NAMA_10_GDP$DEFAULTVIEW(1.0),"Gross domestic product (GDP) and main components (output, expenditure and income) - annual data",A,Annual,CLV_I10,"Chain linked volumes, index 2010=100",B1GQ,Gross domestic product at market prices,CY,Cyprus,2024,,147.303,,p,provisional,,
dataflow,ESTAT:NAMA_10_GDP$DEFAULTVIEW(1.0),"Gross domestic product (GDP) and main components (output, expenditure and income) - annual data",A,Annual,CLV_I10,"Chain linked volumes, index 2010=100",B1GQ,Gross domestic product at market prices,CY,Cyprus,2025,,152.861,,p,provisional,,
dataflow,ESTAT:NAMA_10_GDP$DEFAULTVIEW(1.0),"Gross domestic product (GDP) and main components (output, expenditure and income) - annual data",A,Annual,CLV_I10,"Chain linked volumes, index 2010=100",B1GQ,Gross domestic product at market prices,CZ,Czechia,2016,,111.126,,,,,
dataflow,ESTAT:NAMA_10_GDP$DEFAULTVIEW(1.0),"Gross domestic product (GDP) and main components (output, expenditure and income) - annual data",A,Annual,CLV_I10,"Chain linked volumes, index 2010=100",B1GQ,Gross domestic product at market prices,CZ,Czechia,2017,,116.875,,,,,
dataflow,ESTAT:NAMA_10_GDP$DEFAULTVIEW(1.0),"Gross domestic product (GDP) and main components (output, expenditure and income) - annual data",A,Annual,CLV_I10,"Chain linked volumes, index 2010=100",B1GQ,Gross domestic product at market prices,CZ,Czechia,2018,,120.183,,,,,
dataflow,ESTAT:NAMA_10_GDP$DEFAULTVIEW(1.0),"Gross domestic product (GDP) and main components (output, expenditure and income) - annual data",A,Annual,CLV_I10,"Chain linked volumes, index 2010=100",B1GQ,Gross domestic product at market prices,CZ,Czechia,2019,,124.469,,,,,
dataflow,ESTAT:NAMA_10_GDP$DEFAULTVIEW(1.0),"Gross domestic product (GDP) and main components (output, expenditure and income) - annual data",A,Annual,CLV_I10,"Chain linked volumes, index 2010=100",B1GQ,Gross domestic product at market prices,CZ,Czechia,2020,,117.866,,,,,
dataflow,ESTAT:NAMA_10_GDP$DEFAULTVIEW(1.0),"Gross domestic product (GDP) and main components (output, expenditure and income) - annual data",A,Annual,CLV_I10,"Chain linked volumes, index 2010=100",B1GQ,Gross domestic product at market prices,CZ,Czechia,2021,,122.615,,,,,
dataflow,ESTAT:NAMA_10_GDP$DEFAULTVIEW(1.0),"Gross domestic product (GDP) and main components (output, expenditure and income) - annual data",A,Annual,CLV_I10,"Chain linked volumes, index 2010=100",B1GQ,Gross domestic product at market prices,CZ,Czechia,2022,,126.106,,,,,
dataflow,ESTAT:NAMA_10_GDP$DEFAULTVIEW(1.0),"Gross domestic product (GDP) and main components (output, expenditure and income) - annual data",A,Annual,CLV_I10,"Chain linked volumes, index 2010=100",B1GQ,Gross domestic product at market prices,CZ,Czechia,2023,,126.166,,,,,
dataflow,ESTAT:NAMA_10_GDP$DEFAULTVIEW(1.0),"Gross domestic product (GDP) and main components (output, expenditure and income) - annual data",A,Annual,CLV_I10,"Chain linked volumes, index 2010=100",B1GQ,Gross domestic product at market prices,CZ,Czechia,2024,,127.744,,,,,
dataflow,ESTAT:NAMA_10_GDP$DEFAULTVIEW(1.0),"Gross domestic product (GDP) and main components (output, expenditure and income) - annual data",A,Annual,CLV_I10,"Chain linked volumes, index 2010=100",B1GQ,Gross domestic product at market prices,CZ,Czechia,2025,,131.041,,,,,
dataflow,ESTAT:NAMA_10_GDP$DEFAULTVIEW(1.0),"Gross domestic product (GDP) and main components (output, expenditure and income) - annual data",A,Annual,CLV_I10,"Chain linked volumes, index 2010=100",B1GQ,Gross domestic product at market prices,DE,Germany,2016,,111.129,,,,,
dataflow,ESTAT:NAMA_10_GDP$DEFAULTVIEW(1.0),"Gross domestic product (GDP) and main components (output, expenditure and income) - annual data",A,Annual,CLV_I10,"Chain linked volumes, index 2010=100",B1GQ,Gross domestic product at market prices,DE,Germany,2017,,114.238,,,,,
dataflow,ESTAT:NAMA_10_GDP$DEFAULTVIEW(1.0),"Gross domestic product (GDP) and main components (output, expenditure and income) - annual data",A,Annual,CLV_I10,"Chain linked volumes, index 2010=100",B1GQ,Gross domestic product at market prices,DE,Germany,2018,,115.535,,,,,
dataflow,ESTAT:NAMA_10_GDP$DEFAULTVIEW(1.0),"Gross domestic product (GDP) and main components (output, expenditure and income) - annual data",A,Annual,CLV_I10,"Chain linked volumes, index 2010=100",B1GQ,Gross domestic product at market prices,DE,Germany,2019,,116.665,,,,,
dataflow,ESTAT:NAMA_10_GDP$DEFAULTVIEW(1.0),"Gross domestic product (GDP) and main components (output, expenditure and income) - annual data",A,Annual,CLV_I10,"Chain linked volumes, index 2010=100",B1GQ,Gross domestic product at market prices,DE,Germany,2020,,111.844,,,,,
dataflow,ESTAT:NAMA_10_GDP$DEFAULTVIEW(1.0),"Gross domestic product (GDP) and main components (output, expenditure and income) - annual data",A,Annual,CLV_I10,"Chain linked volumes, index 2010=100",B1GQ,Gross domestic product at market prices,DE,Germany,2021,,116.217,,,,,
dataflow,ESTAT:NAMA_10_GDP$DEFAULTVIEW(1.0),"Gross domestic product (GDP) and main components (output, expenditure and income) - annual data",A,Annual,CLV_I10,"Chain linked volumes, index 2010=100",B1GQ,Gross domestic product at market prices,DE,Germany,2022,,118.320,,p,provisional,,
dataflow,ESTAT:NAMA_10_GDP$DEFAULTVIEW(1.0),"Gross domestic product (GDP) and main components (output, expenditure and income) - annual data",A,Annual,CLV_I10,"Chain linked volumes, index 2010=100",B1GQ,Gross domestic product at market prices,DE,Germany,2023,,117.291,,p,provisional,,
dataflow,ESTAT:NAMA_10_GDP$DEFAULTVIEW(1.0),"Gross domestic product (GDP) and main components (output, expenditure and income) - annual data",A,Annual,CLV_I10,"Chain linked volumes, index 2010=100",B1GQ,Gross domestic product at market prices,DE,Germany,2024,,116.710,,p,provisional,,
dataflow,ESTAT:NAMA_10_GDP$DEFAULTVIEW(1.0),"Gross domestic product (GDP) and main components (output, expenditure and income) - annual data",A,Annual,CLV_I10,"Chain linked volumes, index 2010=100",B1GQ,Gross domestic product at market prices,DE,Germany,2025,,116.967,,p,provisional,,
dataflow,ESTAT:NAMA_10_GDP$DEFAULTVIEW(1.0),"Gross domestic product (GDP) and main components (output, expenditure and income) - annual data",A,Annual,CLV_I10,"Chain linked volumes, index 2010=100",B1GQ,Gross domestic product at market prices,DK,Denmark,2016,,109.482,,,,,
dataflow,ESTAT:NAMA_10_GDP$DEFAULTVIEW(1.0),"Gross domestic product (GDP) and main components (output, expenditure and income) - annual data",A,Annual,CLV_I10,"Chain linked volumes, index 2010=100",B1GQ,Gross domestic product at market prices,DK,Denmark,2017,,112.828,,,,,
dataflow,ESTAT:NAMA_10_GDP$DEFAULTVIEW(1.0),"Gross domestic product (GDP) and main components (output, expenditure and income) - annual data",A,Annual,CLV_I10,"Chain linked volumes, index 2010=100",B1GQ,Gross domestic product at market prices,DK,Denmark,2018,,114.927,,,,,
dataflow,ESTAT:NAMA_10_GDP$DEFAULTVIEW(1.0),"Gross domestic product (GDP) and main components (output, expenditure and income) - annual data",A,Annual,CLV_I10,"Chain linked volumes, index 2010=100",B1GQ,Gross domestic product at market prices,DK,Denmark,2019,,116.894,,,,,
dataflow,ESTAT:NAMA_10_GDP$DEFAULTVIEW(1.0),"Gross domestic product (GDP) and main components (output, expenditure and income) - annual data",A,Annual,CLV_I10,"Chain linked volumes, index 2010=100",B1GQ,Gross domestic product at market prices,DK,Denmark,2020,,114.813,,,,,
dataflow,ESTAT:NAMA_10_GDP$DEFAULTVIEW(1.0),"Gross domestic product (GDP) and main components (output, expenditure and income) - annual data",A,Annual,CLV_I10,"Chain linked volumes, index 2010=100",B1GQ,Gross domestic product at market prices,DK,Denmark,2021,,122.276,,,,,
dataflow,ESTAT:NAMA_10_GDP$DEFAULTVIEW(1.0),"Gross domestic product (GDP) and main components (output, expenditure and income) - annual data",A,Annual,CLV_I10,"Chain linked volumes, index 2010=100",B1GQ,Gross domestic product at market prices,DK,Denmark,2022,,122.819,,,,,
dataflow,ESTAT:NAMA_10_GDP$DEFAULTVIEW(1.0),"Gross domestic product (GDP) and main components (output, expenditure and income) - annual data",A,Annual,CLV_I10,"Chain linked volumes, index 2010=100",B1GQ,Gross domestic product at market prices,DK,Denmark,2023,,123.562,,,,,
dataflow,ESTAT:NAMA_10_GDP$DEFAULTVIEW(1.0),"Gross domestic product (GDP) and main components (output, expenditure and income) - annual data",A,Annual,CLV_I10,"Chain linked volumes, index 2010=100",B1GQ,Gross domestic product at market prices,DK,Denmark,2024,,127.859,,,,,
dataflow,ESTAT:NAMA_10_GDP$DEFAULTVIEW(1.0),"Gross domestic product (GDP) and main components (output, expenditure and income) - annual data",A,Annual,CLV_I10,"Chain linked volumes, index 2010=100",B1GQ,Gross domestic product at market prices,DK,Denmark,2025,,131.603,,,,,
dataflow,ESTAT:NAMA_10_GDP$DEFAULTVIEW(1.0),"Gross domestic product (GDP) and main components (output, expenditure and income) - annual data",A,Annual,CLV_I10,"Chain linked volumes, index 2010=100",B1GQ,Gross domestic product at market prices,EA,"Euro area (EA11-1999, EA12-2001, EA13-2007, EA15-2008, EA16-2009, EA17-2011, EA18-2014, EA19-2015, EA20-2023, EA21-2026)",2016,,106.070,,,,,
dataflow,ESTAT:NAMA_10_GDP$DEFAULTVIEW(1.0),"Gross domestic product (GDP) and main components (output, expenditure and income) - annual data",A,Annual,CLV_I10,"Chain linked volumes, index 2010=100",B1GQ,Gross domestic product at market prices,EA,"Euro area (EA11-1999, EA12-2001, EA13-2007, EA15-2008, EA16-2009, EA17-2011, EA18-2014, EA19-2015, EA20-2023, EA21-2026)",2017,,108.847,,,,,
dataflow,ESTAT:NAMA_10_GDP$DEFAULTVIEW(1.0),"Gross domestic product (GDP) and main components (output, expenditure and income) - annual data",A,Annual,CLV_I10,"Chain linked volumes, index 2010=100",B1GQ,Gross domestic product at market prices,EA,"Euro area (EA11-1999, EA12-2001, EA13-2007, EA15-2008, EA16-2009, EA17-2011, EA18-2014, EA19-2015, EA20-2023, EA21-2026)",2018,,110.778,,,,,
dataflow,ESTAT:NAMA_10_GDP$DEFAULTVIEW(1.0),"Gross domestic product (GDP) and main components (output, expenditure and income) - annual data",A,Annual,CLV_I10,"Chain linked volumes, index 2010=100",B1GQ,Gross domestic product at market prices,EA,"Euro area (EA11-1999, EA12-2001, EA13-2007, EA15-2008, EA16-2009, EA17-2011, EA18-2014, EA19-2015, EA20-2023, EA21-2026)",2019,,112.566,,,,,
dataflow,ESTAT:NAMA_10_GDP$DEFAULTVIEW(1.0),"Gross domestic product (GDP) and main components (output, expenditure and income) - annual data",A,Annual,CLV_I10,"Chain linked volumes, index 2010=100",B1GQ,Gross domestic product at market prices,EA,"Euro area (EA11-1999, EA12-2001, EA13-2007, EA15-2008, EA16-2009, EA17-2011, EA18-2014, EA19-2015, EA20-2023, EA21-2026)",2020,,105.797,,,,,
dataflow,ESTAT:NAMA_10_GDP$DEFAULTVIEW(1.0),"Gross domestic product (GDP) and main components (output, expenditure and income) - annual data",A,Annual,CLV_I10,"Chain linked volumes, index 2010=100",B1GQ,Gross domestic product at market prices,EA,"Euro area (EA11-1999, EA12-2001, EA13-2007, EA15-2008, EA16-2009, EA17-2011, EA18-2014, EA19-2015, EA20-2023, EA21-2026)",2021,,112.547,,,,,
dataflow,ESTAT:NAMA_10_GDP$DEFAULTVIEW(1.0),"Gross domestic product (GDP) and main components (output, expenditure and income) - annual data",A,Annual,CLV_I10,"Chain linked volumes, index 2010=100",B1GQ,Gross domestic product at market prices,EA,"Euro area (EA11-1999, EA12-2001, EA13-2007, EA15-2008, EA16-2009, EA17-2011, EA18-2014, EA19-2015, EA20-2023, EA21-2026)",2022,,116.627,,,,,
dataflow,ESTAT:NAMA_10_GDP$DEFAULTVIEW(1.0),"Gross domestic product (GDP) and main components (output, expenditure and income) - annual data",A,Annual,CLV_I10,"Chain linked volumes, index 2010=100",B1GQ,Gross domestic product at market prices,EA,"Euro area (EA11-1999, EA12-2001, EA13-2007, EA15-2008, EA16-2009, EA17-2011, EA18-2014, EA19-2015, EA20-2023, EA21-2026)",2023,,117.204,,,,,
dataflow,ESTAT:NAMA_10_GDP$DEFAULTVIEW(1.0),"Gross domestic product (GDP) and main components (output, expenditure and income) - annual data",A,Annual,CLV_I10,"Chain linked volumes, index 2010=100",B1GQ,Gross domestic product at market prices,EA,"Euro area (EA11-1999, EA12-2001, EA13-2007, EA15-2008, EA16-2009, EA17-2011, EA18-2014, EA19-2015, EA20-2023, EA21-2026)",2024,,118.338,,,,,
dataflow,ESTAT:NAMA_10_GDP$DEFAULTVIEW(1.0),"Gross domestic product (GDP) and main components (output, expenditure and income) - annual data",A,Annual,CLV_I10,"Chain linked volumes, index 2010=100",B1GQ,Gross domestic product at market prices,EA,"Euro area (EA11-1999, EA12-2001, EA13-2007, EA15-2008, EA16-2009, EA17-2011, EA18-2014, EA19-2015, EA20-2023, EA21-2026)",2025,,119.979,,,,,
dataflow,ESTAT:NAMA_10_GDP$DEFAULTVIEW(1.0),"Gross domestic product (GDP) and main components (output, expenditure and income) - annual data",A,Annual,CLV_I10,"Chain linked volumes, index 2010=100",B1GQ,Gross domestic product at market prices,EA12,Euro area - 12 countries (2001-2006),2016,,105.876,,,,,
dataflow,ESTAT:NAMA_10_GDP$DEFAULTVIEW(1.0),"Gross domestic product (GDP) and main components (output, expenditure and income) - annual data",A,Annual,CLV_I10,"Chain linked volumes, index 2010=100",B1GQ,Gross domestic product at market prices,EA12,Euro area - 12 countries (2001-2006),2017,,108.602,,,,,
dataflow,ESTAT:NAMA_10_GDP$DEFAULTVIEW(1.0),"Gross domestic product (GDP) and main components (output, expenditure and income) - annual data",A,Annual,CLV_I10,"Chain linked volumes, index 2010=100",B1GQ,Gross domestic product at market prices,EA12,Euro area - 12 countries (2001-2006),2018,,110.459,,,,,
dataflow,ESTAT:NAMA_10_GDP$DEFAULTVIEW(1.0),"Gross domestic product (GDP) and main components (output, expenditure and income) - annual data",A,Annual,CLV_I10,"Chain linked volumes, index 2010=100",B1GQ,Gross domestic product at market prices,EA12,Euro area - 12 countries (2001-2006),2019,,112.200,,,,,
dataflow,ESTAT:NAMA_10_GDP$DEFAULTVIEW(1.0),"Gross domestic product (GDP) and main components (output, expenditure and income) - annual data",A,Annual,CLV_I10,"Chain linked volumes, index 2010=100",B1GQ,Gross domestic product at market prices,EA12,Euro area - 12 countries (2001-2006),2020,,105.359,,,,,
dataflow,ESTAT:NAMA_10_GDP$DEFAULTVIEW(1.0),"Gross domestic product (GDP) and main components (output, expenditure and income) - annual data",A,Annual,CLV_I10,"Chain linked volumes, index 2010=100",B1GQ,Gross domestic product at market prices,EA12,Euro area - 12 countries (2001-2006),2021,,112.052,,,,,
dataflow,ESTAT:NAMA_10_GDP$DEFAULTVIEW(1.0),"Gross domestic product (GDP) and main components (output, expenditure and income) - annual data",A,Annual,CLV_I10,"Chain linked volumes, index 2010=100",B1GQ,Gross domestic product at market prices,EA12,Euro area - 12 countries (2001-2006),2022,,116.162,,,,,
dataflow,ESTAT:NAMA_10_GDP$DEFAULTVIEW(1.0),"Gross domestic product (GDP) and main components (output, expenditure and income) - annual data",A,Annual,CLV_I10,"Chain linked volumes, index 2010=100",B1GQ,Gross domestic product at market prices,EA12,Euro area - 12 countries (2001-2006),2023,,116.647,,,,,
dataflow,ESTAT:NAMA_10_GDP$DEFAULTVIEW(1.0),"Gross domestic product (GDP) and main components (output, expenditure and income) - annual data",A,Annual,CLV_I10,"Chain linked volumes, index 2010=100",B1GQ,Gross domestic product at market prices,EA12,Euro area - 12 countries (2001-2006),2024,,117.720,,,,,
dataflow,ESTAT:NAMA_10_GDP$DEFAULTVIEW(1.0),"Gross domestic product (GDP) and main components (output, expenditure and income) - annual data",A,Annual,CLV_I10,"Chain linked volumes, index 2010=100",B1GQ,Gross domestic product at market prices,EA12,Euro area - 12 countries (2001-2006),2025,,119.325,,,,,
dataflow,ESTAT:NAMA_10_GDP$DEFAULTVIEW(1.0),"Gross domestic product (GDP) and main components (output, expenditure and income) - annual data",A,Annual,CLV_I10,"Chain linked volumes, index 2010=100",B1GQ,Gross domestic product at market prices,EA19,Euro area - 19 countries  (2015-2022),2016,,106.070,,,,,
dataflow,ESTAT:NAMA_10_GDP$DEFAULTVIEW(1.0),"Gross domestic product (GDP) and main components (output, expenditure and income) - annual data",A,Annual,CLV_I10,"Chain linked volumes, index 2010=100",B1GQ,Gross domestic product at market prices,EA19,Euro area - 19 countries  (2015-2022),2017,,108.847,,,,,
dataflow,ESTAT:NAMA_10_GDP$DEFAULTVIEW(1.0),"Gross domestic product (GDP) and main components (output, expenditure and income) - annual data",A,Annual,CLV_I10,"Chain linked volumes, index 2010=100",B1GQ,Gross domestic product at market prices,EA19,Euro area - 19 countries  (2015-2022),2018,,110.778,,,,,
dataflow,ESTAT:NAMA_10_GDP$DEFAULTVIEW(1.0),"Gross domestic product (GDP) and main components (output, expenditure and income) - annual data",A,Annual,CLV_I10,"Chain linked volumes, index 2010=100",B1GQ,Gross domestic product at market prices,EA19,Euro area - 19 countries  (2015-2022),2019,,112.566,,,,,
dataflow,ESTAT:NAMA_10_GDP$DEFAULTVIEW(1.0),"Gross domestic product (GDP) and main components (output, expenditure and income) - annual data",A,Annual,CLV_I10,"Chain linked volumes, index 2010=100",B1GQ,Gross domestic product at market prices,EA19,Euro area - 19 countries  (2015-2022),2020,,105.797,,,,,
dataflow,ESTAT:NAMA_10_GDP$DEFAULTVIEW(1.0),"Gross domestic product (GDP) and main components (output, expenditure and income) - annual data",A,Annual,CLV_I10,"Chain linked volumes, index 2010=100",B1GQ,Gross domestic product at market prices,EA19,Euro area - 19 countries  (2015-2022),2021,,112.547,,,,,
dataflow,ESTAT:NAMA_10_GDP$DEFAULTVIEW(1.0),"Gross domestic product (GDP) and main components (output, expenditure and income) - annual data",A,Annual,CLV_I10,"Chain linked volumes, index 2010=100",B1GQ,Gross domestic product at market prices,EA19,Euro area - 19 countries  (2015-2022),2022,,116.627,,,,,
dataflow,ESTAT:NAMA_10_GDP$DEFAULTVIEW(1.0),"Gross domestic product (GDP) and main components (output, expenditure and income) - annual data",A,Annual,CLV_I10,"Chain linked volumes, index 2010=100",B1GQ,Gross domestic product at market prices,EA19,Euro area - 19 countries  (2015-2022),2023,,117.150,,,,,
dataflow,ESTAT:NAMA_10_GDP$DEFAULTVIEW(1.0),"Gross domestic product (GDP) and main components (output, expenditure and income) - annual data",A,Annual,CLV_I10,"Chain linked volumes, index 2010=100",B1GQ,Gross domestic product at market prices,EA19,Euro area - 19 countries  (2015-2022),2024,,118.266,,,,,
dataflow,ESTAT:NAMA_10_GDP$DEFAULTVIEW(1.0),"Gross domestic product (GDP) and main components (output, expenditure and income) - annual data",A,Annual,CLV_I10,"Chain linked volumes, index 2010=100",B1GQ,Gross domestic product at market prices,EA19,Euro area - 19 countries  (2015-2022),2025,,119.892,,,,,
dataflow,ESTAT:NAMA_10_GDP$DEFAULTVIEW(1.0),"Gross domestic product (GDP) and main components (output, expenditure and income) - annual data",A,Annual,CLV_I10,"Chain linked volumes, index 2010=100",B1GQ,Gross domestic product at market prices,EA20,Euro area – 20 countries (2023-2025),2016,,106.054,,,,,
dataflow,ESTAT:NAMA_10_GDP$DEFAULTVIEW(1.0),"Gross domestic product (GDP) and main components (output, expenditure and income) - annual data",A,Annual,CLV_I10,"Chain linked volumes, index 2010=100",B1GQ,Gross domestic product at market prices,EA20,Euro area – 20 countries (2023-2025),2017,,108.833,,,,,
dataflow,ESTAT:NAMA_10_GDP$DEFAULTVIEW(1.0),"Gross domestic product (GDP) and main components (output, expenditure and income) - annual data",A,Annual,CLV_I10,"Chain linked volumes, index 2010=100",B1GQ,Gross domestic product at market prices,EA20,Euro area – 20 countries (2023-2025),2018,,110.769,,,,,
dataflow,ESTAT:NAMA_10_GDP$DEFAULTVIEW(1.0),"Gross domestic product (GDP) and main components (output, expenditure and income) - annual data",A,Annual,CLV_I10,"Chain linked volumes, index 2010=100",B1GQ,Gross domestic product at market prices,EA20,Euro area – 20 countries (2023-2025),2019,,112.565,,,,,
dataflow,ESTAT:NAMA_10_GDP$DEFAULTVIEW(1.0),"Gross domestic product (GDP) and main components (output, expenditure and income) - annual data",A,Annual,CLV_I10,"Chain linked volumes, index 2010=100",B1GQ,Gross domestic product at market prices,EA20,Euro area – 20 countries (2023-2025),2020,,105.784,,,,,
dataflow,ESTAT:NAMA_10_GDP$DEFAULTVIEW(1.0),"Gross domestic product (GDP) and main components (output, expenditure and income) - annual data",A,Annual,CLV_I10,"Chain linked volumes, index 2010=100",B1GQ,Gross domestic product at market prices,EA20,Euro area – 20 countries (2023-2025),2021,,112.562,,,,,
dataflow,ESTAT:NAMA_10_GDP$DEFAULTVIEW(1.0),"Gross domestic product (GDP) and main components (output, expenditure and income) - annual data",A,Annual,CLV_I10,"Chain linked volumes, index 2010=100",B1GQ,Gross domestic product at market prices,EA20,Euro area – 20 countries (2023-2025),2022,,116.662,,,,,
dataflow,ESTAT:NAMA_10_GDP$DEFAULTVIEW(1.0),"Gross domestic product (GDP) and main components (output, expenditure and income) - annual data",A,Annual,CLV_I10,"Chain linked volumes, index 2010=100",B1GQ,Gross domestic product at market prices,EA20,Euro area – 20 countries (2023-2025),2023,,117.204,,,,,
dataflow,ESTAT:NAMA_10_GDP$DEFAULTVIEW(1.0),"Gross domestic product (GDP) and main components (output, expenditure and income) - annual data",A,Annual,CLV_I10,"Chain linked volumes, index 2010=100",B1GQ,Gross domestic product at market prices,EA20,Euro area – 20 countries (2023-2025),2024,,118.338,,,,,
dataflow,ESTAT:NAMA_10_GDP$DEFAULTVIEW(1.0),"Gross domestic product (GDP) and main components (output, expenditure and income) - annual data",A,Annual,CLV_I10,"Chain linked volumes, index 2010=100",B1GQ,Gross domestic product at market prices,EA20,Euro area – 20 countries (2023-2025),2025,,119.979,,,,,
dataflow,ESTAT:NAMA_10_GDP$DEFAULTVIEW(1.0),"Gross domestic product (GDP) and main components (output, expenditure and income) - annual data",A,Annual,CLV_I10,"Chain linked volumes, index 2010=100",B1GQ,Gross domestic product at market prices,EA21,Euro area – 21 countries (from 2026),2016,,106.070,,,,,
dataflow,ESTAT:NAMA_10_GDP$DEFAULTVIEW(1.0),"Gross domestic product (GDP) and main components (output, expenditure and income) - annual data",A,Annual,CLV_I10,"Chain linked volumes, index 2010=100",B1GQ,Gross domestic product at market prices,EA21,Euro area – 21 countries (from 2026),2017,,108.850,,,,,
dataflow,ESTAT:NAMA_10_GDP$DEFAULTVIEW(1.0),"Gross domestic product (GDP) and main components (output, expenditure and income) - annual data",A,Annual,CLV_I10,"Chain linked volumes, index 2010=100",B1GQ,Gross domestic product at market prices,EA21,Euro area – 21 countries (from 2026),2018,,110.790,,,,,
dataflow,ESTAT:NAMA_10_GDP$DEFAULTVIEW(1.0),"Gross domestic product (GDP) and main components (output, expenditure and income) - annual data",A,Annual,CLV_I10,"Chain linked volumes, index 2010=100",B1GQ,Gross domestic product at market prices,EA21,Euro area – 21 countries (from 2026),2019,,112.597,,,,,
dataflow,ESTAT:NAMA_10_GDP$DEFAULTVIEW(1.0),"Gross domestic product (GDP) and main components (output, expenditure and income) - annual data",A,Annual,CLV_I10,"Chain linked volumes, index 2010=100",B1GQ,Gross domestic product at market prices,EA21,Euro area – 21 countries (from 2026),2020,,105.831,,,,,
dataflow,ESTAT:NAMA_10_GDP$DEFAULTVIEW(1.0),"Gross domestic product (GDP) and main components (output, expenditure and income) - annual data",A,Annual,CLV_I10,"Chain linked volumes, index 2010=100",B1GQ,Gross domestic product at market prices,EA21,Euro area – 21 countries (from 2026),2021,,112.620,,,,,
dataflow,ESTAT:NAMA_10_GDP$DEFAULTVIEW(1.0),"Gross domestic product (GDP) and main components (output, expenditure and income) - annual data",A,Annual,CLV_I10,"Chain linked volumes, index 2010=100",B1GQ,Gross domestic product at market prices,EA21,Euro area – 21 countries (from 2026),2022,,116.724,,,,,
dataflow,ESTAT:NAMA_10_GDP$DEFAULTVIEW(1.0),"Gross domestic product (GDP) and main components (output, expenditure and income) - annual data",A,Annual,CLV_I10,"Chain linked volumes, index 2010=100",B1GQ,Gross domestic product at market prices,EA21,Euro area – 21 countries (from 2026),2023,,117.276,,,,,
dataflow,ESTAT:NAMA_10_GDP$DEFAULTVIEW(1.0),"Gross domestic product (GDP) and main components (output, expenditure and income) - annual data",A,Annual,CLV_I10,"Chain linked volumes, index 2010=100",B1GQ,Gross domestic product at market prices,EA21,Euro area – 21 countries (from 2026),2024,,118.429,,,,,
dataflow,ESTAT:NAMA_10_GDP$DEFAULTVIEW(1.0),"Gross domestic product (GDP) and main components (output, expenditure and income) - annual data",A,Annual,CLV_I10,"Chain linked volumes, index 2010=100",B1GQ,Gross domestic product at market prices,EA21,Euro area – 21 countries (from 2026),2025,,120.085,,,,,
dataflow,ESTAT:NAMA_10_GDP$DEFAULTVIEW(1.0),"Gross domestic product (GDP) and main components (output, expenditure and income) - annual data",A,Annual,CLV_I10,"Chain linked volumes, index 2010=100",B1GQ,Gross domestic product at market prices,EE,Estonia,2016,,123.140,,,,,
dataflow,ESTAT:NAMA_10_GDP$DEFAULTVIEW(1.0),"Gross domestic product (GDP) and main components (output, expenditure and income) - annual data",A,Annual,CLV_I10,"Chain linked volumes, index 2010=100",B1GQ,Gross domestic product at market prices,EE,Estonia,2017,,130.079,,,,,
dataflow,ESTAT:NAMA_10_GDP$DEFAULTVIEW(1.0),"Gross domestic product (GDP) and main components (output, expenditure and income) - annual data",A,Annual,CLV_I10,"Chain linked volumes, index 2010=100",B1GQ,Gross domestic product at market prices,EE,Estonia,2018,,134.891,,,,,
dataflow,ESTAT:NAMA_10_GDP$DEFAULTVIEW(1.0),"Gross domestic product (GDP) and main components (output, expenditure and income) - annual data",A,Annual,CLV_I10,"Chain linked volumes, index 2010=100",B1GQ,Gross domestic product at market prices,EE,Estonia,2019,,139.918,,,,,
dataflow,ESTAT:NAMA_10_GDP$DEFAULTVIEW(1.0),"Gross domestic product (GDP) and main components (output, expenditure and income) - annual data",A,Annual,CLV_I10,"Chain linked volumes, index 2010=100",B1GQ,Gross domestic product at market prices,EE,Estonia,2020,,135.883,,,,,
dataflow,ESTAT:NAMA_10_GDP$DEFAULTVIEW(1.0),"Gross domestic product (GDP) and main components (output, expenditure and income) - annual data",A,Annual,CLV_I10,"Chain linked volumes, index 2010=100",B1GQ,Gross domestic product at market prices,EE,Estonia,2021,,147.100,,,,,
dataflow,ESTAT:NAMA_10_GDP$DEFAULTVIEW(1.0),"Gross domestic product (GDP) and main components (output, expenditure and income) - annual data",A,Annual,CLV_I10,"Chain linked volumes, index 2010=100",B1GQ,Gross domestic product at market prices,EE,Estonia,2022,,145.297,,,,,
dataflow,ESTAT:NAMA_10_GDP$DEFAULTVIEW(1.0),"Gross domestic product (GDP) and main components (output, expenditure and income) - annual data",A,Annual,CLV_I10,"Chain linked volumes, index 2010=100",B1GQ,Gross domestic product at market prices,EE,Estonia,2023,,141.309,,,,,
dataflow,ESTAT:NAMA_10_GDP$DEFAULTVIEW(1.0),"Gross domestic product (GDP) and main components (output, expenditure and income) - annual data",A,Annual,CLV_I10,"Chain linked volumes, index 2010=100",B1GQ,Gross domestic product at market prices,EE,Estonia,2024,,141.182,,,,,
dataflow,ESTAT:NAMA_10_GDP$DEFAULTVIEW(1.0),"Gross domestic product (GDP) and main components (output, expenditure and income) - annual data",A,Annual,CLV_I10,"Chain linked volumes, index 2010=100",B1GQ,Gross domestic product at market prices,EE,Estonia,2025,,142.007,,,,,
dataflow,ESTAT:NAMA_10_GDP$DEFAULTVIEW(1.0),"Gross domestic product (GDP) and main components (output, expenditure and income) - annual data",A,Annual,CLV_I10,"Chain linked volumes, index 2010=100",B1GQ,Gross domestic product at market prices,EL,Greece,2016,,81.166,,,,,
dataflow,ESTAT:NAMA_10_GDP$DEFAULTVIEW(1.0),"Gross domestic product (GDP) and main components (output, expenditure and income) - annual data",A,Annual,CLV_I10,"Chain linked volumes, index 2010=100",B1GQ,Gross domestic product at market prices,EL,Greece,2017,,82.362,,,,,
dataflow,ESTAT:NAMA_10_GDP$DEFAULTVIEW(1.0),"Gross domestic product (GDP) and main components (output, expenditure and income) - annual data",A,Annual,CLV_I10,"Chain linked volumes, index 2010=100",B1GQ,Gross domestic product at market prices,EL,Greece,2018,,84.062,,,,,
dataflow,ESTAT:NAMA_10_GDP$DEFAULTVIEW(1.0),"Gross domestic product (GDP) and main components (output, expenditure and income) - annual data",A,Annual,CLV_I10,"Chain linked volumes, index 2010=100",B1GQ,Gross domestic product at market prices,EL,Greece,2019,,85.976,,,,,
dataflow,ESTAT:NAMA_10_GDP$DEFAULTVIEW(1.0),"Gross domestic product (GDP) and main components (output, expenditure and income) - annual data",A,Annual,CLV_I10,"Chain linked volumes, index 2010=100",B1GQ,Gross domestic product at market prices,EL,Greece,2020,,78.070,,,,,
dataflow,ESTAT:NAMA_10_GDP$DEFAULTVIEW(1.0),"Gross domestic product (GDP) and main components (output, expenditure and income) - annual data",A,Annual,CLV_I10,"Chain linked volumes, index 2010=100",B1GQ,Gross domestic product at market prices,EL,Greece,2021,,84.826,,,,,
dataflow,ESTAT:NAMA_10_GDP$DEFAULTVIEW(1.0),"Gross domestic product (GDP) and main components (output, expenditure and income) - annual data",A,Annual,CLV_I10,"Chain linked volumes, index 2010=100",B1GQ,Gross domestic product at market prices,EL,Greece,2022,,89.510,,,,,
dataflow,ESTAT:NAMA_10_GDP$DEFAULTVIEW(1.0),"Gross domestic product (GDP) and main components (output, expenditure and income) - annual data",A,Annual,CLV_I10,"Chain linked volumes, index 2010=100",B1GQ,Gross domestic product at market prices,EL,Greece,2023,,91.422,,p,provisional,,
dataflow,ESTAT:NAMA_10_GDP$DEFAULTVIEW(1.0),"Gross domestic product (GDP) and main components (output, expenditure and income) - annual data",A,Annual,CLV_I10,"Chain linked volumes, index 2010=100",B1GQ,Gross domestic product at market prices,EL,Greece,2024,,93.330,,p,provisional,,
dataflow,ESTAT:NAMA_10_GDP$DEFAULTVIEW(1.0),"Gross domestic product (GDP) and main components (output, expenditure and income) - annual data",A,Annual,CLV_I10,"Chain linked volumes, index 2010=100",B1GQ,Gross domestic product at market prices,EL,Greece,2025,,95.265,,p,provisional,,
dataflow,ESTAT:NAMA_10_GDP$DEFAULTVIEW(1.0),"Gross domestic product (GDP) and main components (output, expenditure and income) - annual data",A,Annual,CLV_I10,"Chain linked volumes, index 2010=100",B1GQ,Gross domestic product at market prices,ES,Spain,2016,,103.434,,,,,
dataflow,ESTAT:NAMA_10_GDP$DEFAULTVIEW(1.0),"Gross domestic product (GDP) and main components (output, expenditure and income) - annual data",A,Annual,CLV_I10,"Chain linked volumes, index 2010=100",B1GQ,Gross domestic product at market prices,ES,Spain,2017,,106.430,,,,,
dataflow,ESTAT:NAMA_10_GDP$DEFAULTVIEW(1.0),"Gross domestic product (GDP) and main components (output, expenditure and income) - annual data",A,Annual,CLV_I10,"Chain linked volumes, index 2010=100",B1GQ,Gross domestic product at market prices,ES,Spain,2018,,108.979,,,,,
dataflow,ESTAT:NAMA_10_GDP$DEFAULTVIEW(1.0),"Gross domestic product (GDP) and main components (output, expenditure and income) - annual data",A,Annual,CLV_I10,"Chain linked volumes, index 2010=100",B1GQ,Gross domestic product at market prices,ES,Spain,2019,,111.116,,,,,
dataflow,ESTAT:NAMA_10_GDP$DEFAULTVIEW(1.0),"Gross domestic product (GDP) and main components (output, expenditure and income) - annual data",A,Annual,CLV_I10,"Chain linked volumes, index 2010=100",B1GQ,Gross domestic product at market prices,ES,Spain,2020,,98.960,,,,,
dataflow,ESTAT:NAMA_10_GDP$DEFAULTVIEW(1.0),"Gross domestic product (GDP) and main components (output, expenditure and income) - annual data",A,Annual,CLV_I10,"Chain linked volumes, index 2010=100",B1GQ,Gross domestic product at market prices,ES,Spain,2021,,105.574,,,,,
dataflow,ESTAT:NAMA_10_GDP$DEFAULTVIEW(1.0),"Gross domestic product (GDP) and main components (output, expenditure and income) - annual data",A,Annual,CLV_I10,"Chain linked volumes, index 2010=100",B1GQ,Gross domestic product at market prices,ES,Spain,2022,,112.299,,,,,
dataflow,ESTAT:NAMA_10_GDP$DEFAULTVIEW(1.0),"Gross domestic product (GDP) and main components (output, expenditure and income) - annual data",A,Annual,CLV_I10,"Chain linked volumes, index 2010=100",B1GQ,Gross domestic product at market prices,ES,Spain,2023,,115.063,,p,provisional,,
dataflow,ESTAT:NAMA_10_GDP$DEFAULTVIEW(1.0),"Gross domestic product (GDP) and main components (output, expenditure and income) - annual data",A,Annual,CLV_I10,"Chain linked volumes, index 2010=100",B1GQ,Gross domestic product at market prices,ES,Spain,2024,,119.038,,p,provisional,,
dataflow,ESTAT:NAMA_10_GDP$DEFAULTVIEW(1.0),"Gross domestic product (GDP) and main components (output, expenditure and income) - annual data",A,Annual,CLV_I10,"Chain linked volumes, index 2010=100",B1GQ,Gross domestic product at market prices,ES,Spain,2025,,122.401,,p,provisional,,
dataflow,ESTAT:NAMA_10_GDP$DEFAULTVIEW(1.0),"Gross domestic product (GDP) and main components (output, expenditure and income) - annual data",A,Annual,CLV_I10,"Chain linked volumes, index 2010=100",B1GQ,Gross domestic product at market prices,EU27_2020,European Union - 27 countries (from 2020),2016,,107.132,,,,,
dataflow,ESTAT:NAMA_10_GDP$DEFAULTVIEW(1.0),"Gross domestic product (GDP) and main components (output, expenditure and income) - annual data",A,Annual,CLV_I10,"Chain linked volumes, index 2010=100",B1GQ,Gross domestic product at market prices,EU27_2020,European Union - 27 countries (from 2020),2017,,110.146,,,,,
dataflow,ESTAT:NAMA_10_GDP$DEFAULTVIEW(1.0),"Gross domestic product (GDP) and main components (output, expenditure and income) - annual data",A,Annual,CLV_I10,"Chain linked volumes, index 2010=100",B1GQ,Gross domestic product at market prices,EU27_2020,European Union - 27 countries (from 2020),2018,,112.399,,,,,
dataflow,ESTAT:NAMA_10_GDP$DEFAULTVIEW(1.0),"Gross domestic product (GDP) and main components (output, expenditure and income) - annual data",A,Annual,CLV_I10,"Chain linked volumes, index 2010=100",B1GQ,Gross domestic product at market prices,EU27_2020,European Union - 27 countries (from 2020),2019,,114.507,,,,,
dataflow,ESTAT:NAMA_10_GDP$DEFAULTVIEW(1.0),"Gross domestic product (GDP) and main components (output, expenditure and income) - annual data",A,Annual,CLV_I10,"Chain linked volumes, index 2010=100",B1GQ,Gross domestic product at market prices,EU27_2020,European Union - 27 countries (from 2020),2020,,108.138,,,,,
dataflow,ESTAT:NAMA_10_GDP$DEFAULTVIEW(1.0),"Gross domestic product (GDP) and main components (output, expenditure and income) - annual data",A,Annual,CLV_I10,"Chain linked volumes, index 2010=100",B1GQ,Gross domestic product at market prices,EU27_2020,European Union - 27 countries (from 2020),2021,,115.007,,,,,
dataflow,ESTAT:NAMA_10_GDP$DEFAULTVIEW(1.0),"Gross domestic product (GDP) and main components (output, expenditure and income) - annual data",A,Annual,CLV_I10,"Chain linked volumes, index 2010=100",B1GQ,Gross domestic product at market prices,EU27_2020,European Union - 27 countries (from 2020),2022,,119.088,,,,,
dataflow,ESTAT:NAMA_10_GDP$DEFAULTVIEW(1.0),"Gross domestic product (GDP) and main components (output, expenditure and income) - annual data",A,Annual,CLV_I10,"Chain linked volumes, index 2010=100",B1GQ,Gross domestic product at market prices,EU27_2020,European Union - 27 countries (from 2020),2023,,119.628,,,,,
dataflow,ESTAT:NAMA_10_GDP$DEFAULTVIEW(1.0),"Gross domestic product (GDP) and main components (output, expenditure and income) - annual data",A,Annual,CLV_I10,"Chain linked volumes, index 2010=100",B1GQ,Gross domestic product at market prices,EU27_2020,European Union - 27 countries (from 2020),2024,,121.025,,,,,
dataflow,ESTAT:NAMA_10_GDP$DEFAULTVIEW(1.0),"Gross domestic product (GDP) and main components (output, expenditure and income) - annual data",A,Annual,CLV_I10,"Chain linked volumes, index 2010=100",B1GQ,Gross domestic product at market prices,EU27_2020,European Union - 27 countries (from 2020),2025,,122.885,,,,,
dataflow,ESTAT:NAMA_10_GDP$DEFAULTVIEW(1.0),"Gross domestic product (GDP) and main components (output, expenditure and income) - annual data",A,Annual,CLV_I10,"Chain linked volumes, index 2010=100",B1GQ,Gross domestic product at market prices,FI,Finland,2016,,102.397,,,,,
dataflow,ESTAT:NAMA_10_GDP$DEFAULTVIEW(1.0),"Gross domestic product (GDP) and main components (output, expenditure and income) - annual data",A,Annual,CLV_I10,"Chain linked volumes, index 2010=100",B1GQ,Gross domestic product at market prices,FI,Finland,2017,,105.780,,,,,
dataflow,ESTAT:NAMA_10_GDP$DEFAULTVIEW(1.0),"Gross domestic product (GDP) and main components (output, expenditure and income) - annual data",A,Annual,CLV_I10,"Chain linked volumes, index 2010=100",B1GQ,Gross domestic product at market prices,FI,Finland,2018,,107.042,,,,,
dataflow,ESTAT:NAMA_10_GDP$DEFAULTVIEW(1.0),"Gross domestic product (GDP) and main components (output, expenditure and income) - annual data",A,Annual,CLV_I10,"Chain linked volumes, index 2010=100",B1GQ,Gross domestic product at market prices,FI,Finland,2019,,108.486,,,,,
dataflow,ESTAT:NAMA_10_GDP$DEFAULTVIEW(1.0),"Gross domestic product (GDP) and main components (output, expenditure and income) - annual data",A,Annual,CLV_I10,"Chain linked volumes, index 2010=100",B1GQ,Gross domestic product at market prices,FI,Finland,2020,,105.784,,,,,
dataflow,ESTAT:NAMA_10_GDP$DEFAULTVIEW(1.0),"Gross domestic product (GDP) and main components (output, expenditure and income) - annual data",A,Annual,CLV_I10,"Chain linked volumes, index 2010=100",B1GQ,Gross domestic product at market prices,FI,Finland,2021,,108.615,,,,,
dataflow,ESTAT:NAMA_10_GDP$DEFAULTVIEW(1.0),"Gross domestic product (GDP) and main components (output, expenditure and income) - annual data",A,Annual,CLV_I10,"Chain linked volumes, index 2010=100",B1GQ,Gross domestic product at market prices,FI,Finland,2022,,109.444,,,,,
dataflow,ESTAT:NAMA_10_GDP$DEFAULTVIEW(1.0),"Gross domestic product (GDP) and main components (output, expenditure and income) - annual data",A,Annual,CLV_I10,"Chain linked volumes, index 2010=100",B1GQ,Gross domestic product at market prices,FI,Finland,2023,,108.032,,,,,
dataflow,ESTAT:NAMA_10_GDP$DEFAULTVIEW(1.0),"Gross domestic product (GDP) and main components (output, expenditure and income) - annual data",A,Annual,CLV_I10,"Chain linked volumes, index 2010=100",B1GQ,Gross domestic product at market prices,FI,Finland,2024,,108.437,,,,,
dataflow,ESTAT:NAMA_10_GDP$DEFAULTVIEW(1.0),"Gross domestic product (GDP) and main components (output, expenditure and income) - annual data",A,Annual,CLV_I10,"Chain linked volumes, index 2010=100",B1GQ,Gross domestic product at market prices,FI,Finland,2025,,108.625,,,,,
dataflow,ESTAT:NAMA_10_GDP$DEFAULTVIEW(1.0),"Gross domestic product (GDP) and main components (output, expenditure and income) - annual data",A,Annual,CLV_I10,"Chain linked volumes, index 2010=100",B1GQ,Gross domestic product at market prices,FR,France,2016,,106.483,,,,,
dataflow,ESTAT:NAMA_10_GDP$DEFAULTVIEW(1.0),"Gross domestic product (GDP) and main components (output, expenditure and income) - annual data",A,Annual,CLV_I10,"Chain linked volumes, index 2010=100",B1GQ,Gross domestic product at market prices,FR,France,2017,,108.701,,,,,
dataflow,ESTAT:NAMA_10_GDP$DEFAULTVIEW(1.0),"Gross domestic product (GDP) and main components (output, expenditure and income) - annual data",A,Annual,CLV_I10,"Chain linked volumes, index 2010=100",B1GQ,Gross domestic product at market prices,FR,France,2018,,110.490,,,,,
dataflow,ESTAT:NAMA_10_GDP$DEFAULTVIEW(1.0),"Gross domestic product (GDP) and main components (output, expenditure and income) - annual data",A,Annual,CLV_I10,"Chain linked volumes, index 2010=100",B1GQ,Gross domestic product at market prices,FR,France,2019,,112.730,,,,,
dataflow,ESTAT:NAMA_10_GDP$DEFAULTVIEW(1.0),"Gross domestic product (GDP) and main components (output, expenditure and income) - annual data",A,Annual,CLV_I10,"Chain linked volumes, index 2010=100",B1GQ,Gross domestic product at market prices,FR,France,2020,,104.343,,,,,
dataflow,ESTAT:NAMA_10_GDP$DEFAULTVIEW(1.0),"Gross domestic product (GDP) and main components (output, expenditure and income) - annual data",A,Annual,CLV_I10,"Chain linked volumes, index 2010=100",B1GQ,Gross domestic product at market prices,FR,France,2021,,111.524,,,,,
dataflow,ESTAT:NAMA_10_GDP$DEFAULTVIEW(1.0),"Gross domestic product (GDP) and main components (output, expenditure and income) - annual data",A,Annual,CLV_I10,"Chain linked volumes, index 2010=100",B1GQ,Gross domestic product at market prices,FR,France,2022,,114.554,,,,,
dataflow,ESTAT:NAMA_10_GDP$DEFAULTVIEW(1.0),"Gross domestic product (GDP) and main components (output, expenditure and income) - annual data",A,Annual,CLV_I10,"Chain linked volumes, index 2010=100",B1GQ,Gross domestic product at market prices,FR,France,2023,,116.424,,,,,
dataflow,ESTAT:NAMA_10_GDP$DEFAULTVIEW(1.0),"Gross domestic product (GDP) and main components (output, expenditure and income) - annual data",A,Annual,CLV_I10,"Chain linked volumes, index 2010=100",B1GQ,Gross domestic product at market prices,FR,France,2024,,118.176,,p,provisional,,
dataflow,ESTAT:NAMA_10_GDP$DEFAULTVIEW(1.0),"Gross domestic product (GDP) and main components (output, expenditure and income) - annual data",A,Annual,CLV_I10,"Chain linked volumes, index 2010=100",B1GQ,Gross domestic product at market prices,FR,France,2025,,119.127,,p,provisional,,
dataflow,ESTAT:NAMA_10_GDP$DEFAULTVIEW(1.0),"Gross domestic product (GDP) and main components (output, expenditure and income) - annual data",A,Annual,CLV_I10,"Chain linked volumes, index 2010=100",B1GQ,Gross domestic product at market prices,HR,Croatia,2016,,102.669,,,,,
dataflow,ESTAT:NAMA_10_GDP$DEFAULTVIEW(1.0),"Gross domestic product (GDP) and main components (output, expenditure and income) - annual data",A,Annual,CLV_I10,"Chain linked volumes, index 2010=100",B1GQ,Gross domestic product at market prices,HR,Croatia,2017,,106.041,,,,,
dataflow,ESTAT:NAMA_10_GDP$DEFAULTVIEW(1.0),"Gross domestic product (GDP) and main components (output, expenditure and income) - annual data",A,Annual,CLV_I10,"Chain linked volumes, index 2010=100",B1GQ,Gross domestic product at market prices,HR,Croatia,2018,,109.128,,,,,
dataflow,ESTAT:NAMA_10_GDP$DEFAULTVIEW(1.0),"Gross domestic product (GDP) and main components (output, expenditure and income) - annual data",A,Annual,CLV_I10,"Chain linked volumes, index 2010=100",B1GQ,Gross domestic product at market prices,HR,Croatia,2019,,112.513,,,,,
dataflow,ESTAT:NAMA_10_GDP$DEFAULTVIEW(1.0),"Gross domestic product (GDP) and main components (output, expenditure and income) - annual data",A,Annual,CLV_I10,"Chain linked volumes, index 2010=100",B1GQ,Gross domestic product at market prices,HR,Croatia,2020,,103.162,,,,,
dataflow,ESTAT:NAMA_10_GDP$DEFAULTVIEW(1.0),"Gross domestic product (GDP) and main components (output, expenditure and income) - annual data",A,Annual,CLV_I10,"Chain linked volumes, index 2010=100",B1GQ,Gross domestic product at market prices,HR,Croatia,2021,,116.193,,,,,
dataflow,ESTAT:NAMA_10_GDP$DEFAULTVIEW(1.0),"Gross domestic product (GDP) and main components (output, expenditure and income) - annual data",A,Annual,CLV_I10,"Chain linked volumes, index 2010=100",B1GQ,Gross domestic product at market prices,HR,Croatia,2022,,124.669,,,,,
dataflow,ESTAT:NAMA_10_GDP$DEFAULTVIEW(1.0),"Gross domestic product (GDP) and main components (output, expenditure and income) - annual data",A,Annual,CLV_I10,"Chain linked volumes, index 2010=100",B1GQ,Gross domestic product at market prices,HR,Croatia,2023,,129.359,,,,,
dataflow,ESTAT:NAMA_10_GDP$DEFAULTVIEW(1.0),"Gross domestic product (GDP) and main components (output, expenditure and income) - annual data",A,Annual,CLV_I10,"Chain linked volumes, index 2010=100",B1GQ,Gross domestic product at market prices,HR,Croatia,2024,,134.309,,p,provisional,,
dataflow,ESTAT:NAMA_10_GDP$DEFAULTVIEW(1.0),"Gross domestic product (GDP) and main components (output, expenditure and income) - annual data",A,Annual,CLV_I10,"Chain linked volumes, index 2010=100",B1GQ,Gross domestic product at market prices,HR,Croatia,2025,,138.879,,p,provisional,,
dataflow,ESTAT:NAMA_10_GDP$DEFAULTVIEW(1.0),"Gross domestic product (GDP) and main components (output, expenditure and income) - annual data",A,Annual,CLV_I10,"Chain linked volumes, index 2010=100",B1GQ,Gross domestic product at market prices,HU,Hungary,2016,,113.665,,,,,
dataflow,ESTAT:NAMA_10_GDP$DEFAULTVIEW(1.0),"Gross domestic product (GDP) and main components (output, expenditure and income) - annual data",A,Annual,CLV_I10,"Chain linked volumes, index 2010=100",B1GQ,Gross domestic product at market prices,HU,Hungary,2017,,118.353,,,,,
dataflow,ESTAT:NAMA_10_GDP$DEFAULTVIEW(1.0),"Gross domestic product (GDP) and main components (output, expenditure and income) - annual data",A,Annual,CLV_I10,"Chain linked volumes, index 2010=100",B1GQ,Gross domestic product at market prices,HU,Hungary,2018,,124.988,,,,,
dataflow,ESTAT:NAMA_10_GDP$DEFAULTVIEW(1.0),"Gross domestic product (GDP) and main components (output, expenditure and income) - annual data",A,Annual,CLV_I10,"Chain linked volumes, index 2010=100",B1GQ,Gross domestic product at market prices,HU,Hungary,2019,,131.334,,,,,
dataflow,ESTAT:NAMA_10_GDP$DEFAULTVIEW(1.0),"Gross domestic product (GDP) and main components (output, expenditure and income) - annual data",A,Annual,CLV_I10,"Chain linked volumes, index 2010=100",B1GQ,Gross domestic product at market prices,HU,Hungary,2020,,125.636,,,,,
dataflow,ESTAT:NAMA_10_GDP$DEFAULTVIEW(1.0),"Gross domestic product (GDP) and main components (output, expenditure and income) - annual data",A,Annual,CLV_I10,"Chain linked volumes, index 2010=100",B1GQ,Gross domestic product at market prices,HU,Hungary,2021,,134.710,,,,,
dataflow,ESTAT:NAMA_10_GDP$DEFAULTVIEW(1.0),"Gross domestic product (GDP) and main components (output, expenditure and income) - annual data",A,Annual,CLV_I10,"Chain linked volumes, index 2010=100",B1GQ,Gross domestic product at market prices,HU,Hungary,2022,,140.304,,,,,
dataflow,ESTAT:NAMA_10_GDP$DEFAULTVIEW(1.0),"Gross domestic product (GDP) and main components (output, expenditure and income) - annual data",A,Annual,CLV_I10,"Chain linked volumes, index 2010=100",B1GQ,Gross domestic product at market prices,HU,Hungary,2023,,139.157,,,,,
dataflow,ESTAT:NAMA_10_GDP$DEFAULTVIEW(1.0),"Gross domestic product (GDP) and main components (output, expenditure and income) - annual data",A,Annual,CLV_I10,"Chain linked volumes, index 2010=100",B1GQ,Gross domestic product at market prices,HU,Hungary,2024,,140.144,,,,,
dataflow,ESTAT:NAMA_10_GDP$DEFAULTVIEW(1.0),"Gross domestic product (GDP) and main components (output, expenditure and income) - annual data",A,Annual,CLV_I10,"Chain linked volumes, index 2010=100",B1GQ,Gross domestic product at market prices,HU,Hungary,2025,,140.858,,p,provisional,,
dataflow,ESTAT:NAMA_10_GDP$DEFAULTVIEW(1.0),"Gross domestic product (GDP) and main components (output, expenditure and income) - annual data",A,Annual,CLV_I10,"Chain linked volumes, index 2010=100",B1GQ,Gross domestic product at market prices,IE,Ireland,2016,,142.702,,,,,
dataflow,ESTAT:NAMA_10_GDP$DEFAULTVIEW(1.0),"Gross domestic product (GDP) and main components (output, expenditure and income) - annual data",A,Annual,CLV_I10,"Chain linked volumes, index 2010=100",B1GQ,Gross domestic product at market prices,IE,Ireland,2017,,157.128,,,,,
dataflow,ESTAT:NAMA_10_GDP$DEFAULTVIEW(1.0),"Gross domestic product (GDP) and main components (output, expenditure and income) - annual data",A,Annual,CLV_I10,"Chain linked volumes, index 2010=100",B1GQ,Gross domestic product at market prices,IE,Ireland,2018,,169.209,,,,,
dataflow,ESTAT:NAMA_10_GDP$DEFAULTVIEW(1.0),"Gross domestic product (GDP) and main components (output, expenditure and income) - annual data",A,Annual,CLV_I10,"Chain linked volumes, index 2010=100",B1GQ,Gross domestic product at market prices,IE,Ireland,2019,,177.623,,,,,
dataflow,ESTAT:NAMA_10_GDP$DEFAULTVIEW(1.0),"Gross domestic product (GDP) and main components (output, expenditure and income) - annual data",A,Annual,CLV_I10,"Chain linked volumes, index 2010=100",B1GQ,Gross domestic product at market prices,IE,Ireland,2020,,190.330,,,,,
dataflow,ESTAT:NAMA_10_GDP$DEFAULTVIEW(1.0),"Gross domestic product (GDP) and main components (output, expenditure and income) - annual data",A,Annual,CLV_I10,"Chain linked volumes, index 2010=100",B1GQ,Gross domestic product at market prices,IE,Ireland,2021,,221.274,,,,,
dataflow,ESTAT:NAMA_10_GDP$DEFAULTVIEW(1.0),"Gross domestic product (GDP) and main components (output, expenditure and income) - annual data",A,Annual,CLV_I10,"Chain linked volumes, index 2010=100",B1GQ,Gross domestic product at market prices,IE,Ireland,2022,,237.894,,,,,
dataflow,ESTAT:NAMA_10_GDP$DEFAULTVIEW(1.0),"Gross domestic product (GDP) and main components (output, expenditure and income) - annual data",A,Annual,CLV_I10,"Chain linked volumes, index 2010=100",B1GQ,Gross domestic product at market prices,IE,Ireland,2023,,231.860,,,,,
dataflow,ESTAT:NAMA_10_GDP$DEFAULTVIEW(1.0),"Gross domestic product (GDP) and main components (output, expenditure and income) - annual data",A,Annual,CLV_I10,"Chain linked volumes, index 2010=100",B1GQ,Gross domestic product at market prices,IE,Ireland,2024,,237.887,,,,,
dataflow,ESTAT:NAMA_10_GDP$DEFAULTVIEW(1.0),"Gross domestic product (GDP) and main components (output, expenditure and income) - annual data",A,Annual,CLV_I10,"Chain linked volumes, index 2010=100",B1GQ,Gross domestic product at market prices,IE,Ireland,2025,,267.237,,,,,
dataflow,ESTAT:NAMA_10_GDP$DEFAULTVIEW(1.0),"Gross domestic product (GDP) and main components (output, expenditure and income) - annual data",A,Annual,CLV_I10,"Chain linked volumes, index 2010=100",B1GQ,Gross domestic product at market prices,IS,Iceland,2016,,119.356,,,,,
dataflow,ESTAT:NAMA_10_GDP$DEFAULTVIEW(1.0),"Gross domestic product (GDP) and main components (output, expenditure and income) - annual data",A,Annual,CLV_I10,"Chain linked volumes, index 2010=100",B1GQ,Gross domestic product at market prices,IS,Iceland,2017,,123.516,,,,,
dataflow,ESTAT:NAMA_10_GDP$DEFAULTVIEW(1.0),"Gross domestic product (GDP) and main components (output, expenditure and income) - annual data",A,Annual,CLV_I10,"Chain linked volumes, index 2010=100",B1GQ,Gross domestic product at market prices,IS,Iceland,2018,,129.273,,,,,
dataflow,ESTAT:NAMA_10_GDP$DEFAULTVIEW(1.0),"Gross domestic product (GDP) and main components (output, expenditure and income) - annual data",A,Annual,CLV_I10,"Chain linked volumes, index 2010=100",B1GQ,Gross domestic product at market prices,IS,Iceland,2019,,130.744,,,,,
dataflow,ESTAT:NAMA_10_GDP$DEFAULTVIEW(1.0),"Gross domestic product (GDP) and main components (output, expenditure and income) - annual data",A,Annual,CLV_I10,"Chain linked volumes, index 2010=100",B1GQ,Gross domestic product at market prices,IS,Iceland,2020,,122.055,,,,,
dataflow,ESTAT:NAMA_10_GDP$DEFAULTVIEW(1.0),"Gross domestic product (GDP) and main components (output, expenditure and income) - annual data",A,Annual,CLV_I10,"Chain linked volumes, index 2010=100",B1GQ,Gross domestic product at market prices,IS,Iceland,2021,,128.378,,,,,
dataflow,ESTAT:NAMA_10_GDP$DEFAULTVIEW(1.0),"Gross domestic product (GDP) and main components (output, expenditure and income) - annual data",A,Annual,CLV_I10,"Chain linked volumes, index 2010=100",B1GQ,Gross domestic product at market prices,IS,Iceland,2022,,139.749,,,,,
dataflow,ESTAT:NAMA_10_GDP$DEFAULTVIEW(1.0),"Gross domestic product (GDP) and main components (output, expenditure and income) - annual data",A,Annual,CLV_I10,"Chain linked volumes, index 2010=100",B1GQ,Gross domestic product at market prices,IS,Iceland,2023,,146.782,,,,,
dataflow,ESTAT:NAMA_10_GDP$DEFAULTVIEW(1.0),"Gross domestic product (GDP) and main components (output, expenditure and income) - annual data",A,Annual,CLV_I10,"Chain linked volumes, index 2010=100",B1GQ,Gross domestic product at market prices,IS,Iceland,2024,,144.899,,,,,
dataflow,ESTAT:NAMA_10_GDP$DEFAULTVIEW(1.0),"Gross domestic product (GDP) and main components (output, expenditure and income) - annual data",A,Annual,CLV_I10,"Chain linked volumes, index 2010=100",B1GQ,Gross domestic product at market prices,IS,Iceland,2025,,146.753,,,,,
dataflow,ESTAT:NAMA_10_GDP$DEFAULTVIEW(1.0),"Gross domestic product (GDP) and main components (output, expenditure and income) - annual data",A,Annual,CLV_I10,"Chain linked volumes, index 2010=100",B1GQ,Gross domestic product at market prices,IT,Italy,2016,,97.816,,,,,
dataflow,ESTAT:NAMA_10_GDP$DEFAULTVIEW(1.0),"Gross domestic product (GDP) and main components (output, expenditure and income) - annual data",A,Annual,CLV_I10,"Chain linked volumes, index 2010=100",B1GQ,Gross domestic product at market prices,IT,Italy,2017,,99.385,,,,,
dataflow,ESTAT:NAMA_10_GDP$DEFAULTVIEW(1.0),"Gross domestic product (GDP) and main components (output, expenditure and income) - annual data",A,Annual,CLV_I10,"Chain linked volumes, index 2010=100",B1GQ,Gross domestic product at market prices,IT,Italy,2018,,100.207,,,,,
dataflow,ESTAT:NAMA_10_GDP$DEFAULTVIEW(1.0),"Gross domestic product (GDP) and main components (output, expenditure and income) - annual data",A,Annual,CLV_I10,"Chain linked volumes, index 2010=100",B1GQ,Gross domestic product at market prices,IT,Italy,2019,,100.637,,,,,
dataflow,ESTAT:NAMA_10_GDP$DEFAULTVIEW(1.0),"Gross domestic product (GDP) and main components (output, expenditure and income) - annual data",A,Annual,CLV_I10,"Chain linked volumes, index 2010=100",B1GQ,Gross domestic product at market prices,IT,Italy,2020,,91.712,,,,,
dataflow,ESTAT:NAMA_10_GDP$DEFAULTVIEW(1.0),"Gross domestic product (GDP) and main components (output, expenditure and income) - annual data",A,Annual,CLV_I10,"Chain linked volumes, index 2010=100",B1GQ,Gross domestic product at market prices,IT,Italy,2021,,99.903,,,,,
dataflow,ESTAT:NAMA_10_GDP$DEFAULTVIEW(1.0),"Gross domestic product (GDP) and main components (output, expenditure and income) - annual data",A,Annual,CLV_I10,"Chain linked volumes, index 2010=100",B1GQ,Gross domestic product at market prices,IT,Italy,2022,,104.719,,,,,
dataflow,ESTAT:NAMA_10_GDP$DEFAULTVIEW(1.0),"Gross domestic product (GDP) and main components (output, expenditure and income) - annual data",A,Annual,CLV_I10,"Chain linked volumes, index 2010=100",B1GQ,Gross domestic product at market prices,IT,Italy,2023,,105.686,,,,,
dataflow,ESTAT:NAMA_10_GDP$DEFAULTVIEW(1.0),"Gross domestic product (GDP) and main components (output, expenditure and income) - annual data",A,Annual,CLV_I10,"Chain linked volumes, index 2010=100",B1GQ,Gross domestic product at market prices,IT,Italy,2024,,106.513,,,,,
dataflow,ESTAT:NAMA_10_GDP$DEFAULTVIEW(1.0),"Gross domestic product (GDP) and main components (output, expenditure and income) - annual data",A,Annual,CLV_I10,"Chain linked volumes, index 2010=100",B1GQ,Gross domestic product at market prices,IT,Italy,2025,,107.088,,,,,
dataflow,ESTAT:NAMA_10_GDP$DEFAULTVIEW(1.0),"Gross domestic product (GDP) and main components (output, expenditure and income) - annual data",A,Annual,CLV_I10,"Chain linked volumes, index 2010=100",B1GQ,Gross domestic product at market prices,LT,Lithuania,2016,,126.519,,,,,
dataflow,ESTAT:NAMA_10_GDP$DEFAULTVIEW(1.0),"Gross domestic product (GDP) and main components (output, expenditure and income) - annual data",A,Annual,CLV_I10,"Chain linked volumes, index 2010=100",B1GQ,Gross domestic product at market prices,LT,Lithuania,2017,,132.354,,,,,
dataflow,ESTAT:NAMA_10_GDP$DEFAULTVIEW(1.0),"Gross domestic product (GDP) and main components (output, expenditure and income) - annual data",A,Annual,CLV_I10,"Chain linked volumes, index 2010=100",B1GQ,Gross domestic product at market prices,LT,Lithuania,2018,,138.864,,,,,
dataflow,ESTAT:NAMA_10_GDP$DEFAULTVIEW(1.0),"Gross domestic product (GDP) and main components (output, expenditure and income) - annual data",A,Annual,CLV_I10,"Chain linked volumes, index 2010=100",B1GQ,Gross domestic product at market prices,LT,Lithuania,2019,,145.359,,,,,
dataflow,ESTAT:NAMA_10_GDP$DEFAULTVIEW(1.0),"Gross domestic product (GDP) and main components (output, expenditure and income) - annual data",A,Annual,CLV_I10,"Chain linked volumes, index 2010=100",B1GQ,Gross domestic product at market prices,LT,Lithuania,2020,,145.421,,,,,
dataflow,ESTAT:NAMA_10_GDP$DEFAULTVIEW(1.0),"Gross domestic product (GDP) and main components (output, expenditure and income) - annual data",A,Annual,CLV_I10,"Chain linked volumes, index 2010=100",B1GQ,Gross domestic product at market prices,LT,Lithuania,2021,,154.720,,,,,
dataflow,ESTAT:NAMA_10_GDP$DEFAULTVIEW(1.0),"Gross domestic product (GDP) and main components (output, expenditure and income) - annual data",A,Annual,CLV_I10,"Chain linked volumes, index 2010=100",B1GQ,Gross domestic product at market prices,LT,Lithuania,2022,,158.535,,,,,
dataflow,ESTAT:NAMA_10_GDP$DEFAULTVIEW(1.0),"Gross domestic product (GDP) and main components (output, expenditure and income) - annual data",A,Annual,CLV_I10,"Chain linked volumes, index 2010=100",B1GQ,Gross domestic product at market prices,LT,Lithuania,2023,,159.707,,,,,
dataflow,ESTAT:NAMA_10_GDP$DEFAULTVIEW(1.0),"Gross domestic product (GDP) and main components (output, expenditure and income) - annual data",A,Annual,CLV_I10,"Chain linked volumes, index 2010=100",B1GQ,Gross domestic product at market prices,LT,Lithuania,2024,,164.547,,,,,
dataflow,ESTAT:NAMA_10_GDP$DEFAULTVIEW(1.0),"Gross domestic product (GDP) and main components (output, expenditure and income) - annual data",A,Annual,CLV_I10,"Chain linked volumes, index 2010=100",B1GQ,Gross domestic product at market prices,LT,Lithuania,2025,,169.351,,,,,
dataflow,ESTAT:NAMA_10_GDP$DEFAULTVIEW(1.0),"Gross domestic product (GDP) and main components (output, expenditure and income) - annual data",A,Annual,CLV_I10,"Chain linked volumes, index 2010=100",B1GQ,Gross domestic product at market prices,LU,Luxembourg,2016,,116.752,,,,,
dataflow,ESTAT:NAMA_10_GDP$DEFAULTVIEW(1.0),"Gross domestic product (GDP) and main components (output, expenditure and income) - annual data",A,Annual,CLV_I10,"Chain linked volumes, index 2010=100",B1GQ,Gross domestic product at market prices,LU,Luxembourg,2017,,118.290,,,,,
dataflow,ESTAT:NAMA_10_GDP$DEFAULTVIEW(1.0),"Gross domestic product (GDP) and main components (output, expenditure and income) - annual data",A,Annual,CLV_I10,"Chain linked volumes, index 2010=100",B1GQ,Gross domestic product at market prices,LU,Luxembourg,2018,,120.196,,,,,
dataflow,ESTAT:NAMA_10_GDP$DEFAULTVIEW(1.0),"Gross domestic product (GDP) and main components (output, expenditure and income) - annual data",A,Annual,CLV_I10,"Chain linked volumes, index 2010=100",B1GQ,Gross domestic product at market prices,LU,Luxembourg,2019,,123.500,,,,,
dataflow,ESTAT:NAMA_10_GDP$DEFAULTVIEW(1.0),"Gross domestic product (GDP) and main components (output, expenditure and income) - annual data",A,Annual,CLV_I10,"Chain linked volumes, index 2010=100",B1GQ,Gross domestic product at market prices,LU,Luxembourg,2020,,122.870,,,,,
dataflow,ESTAT:NAMA_10_GDP$DEFAULTVIEW(1.0),"Gross domestic product (GDP) and main components (output, expenditure and income) - annual data",A,Annual,CLV_I10,"Chain linked volumes, index 2010=100",B1GQ,Gross domestic product at market prices,LU,Luxembourg,2021,,131.385,,,,,
dataflow,ESTAT:NAMA_10_GDP$DEFAULTVIEW(1.0),"Gross domestic product (GDP) and main components (output, expenditure and income) - annual data",A,Annual,CLV_I10,"Chain linked volumes, index 2010=100",B1GQ,Gross domestic product at market prices,LU,Luxembourg,2022,,129.943,,,,,
dataflow,ESTAT:NAMA_10_GDP$DEFAULTVIEW(1.0),"Gross domestic product (GDP) and main components (output, expenditure and income) - annual data",A,Annual,CLV_I10,"Chain linked volumes, index 2010=100",B1GQ,Gross domestic product at market prices,LU,Luxembourg,2023,,130.072,,,,,
dataflow,ESTAT:NAMA_10_GDP$DEFAULTVIEW(1.0),"Gross domestic product (GDP) and main components (output, expenditure and income) - annual data",A,Annual,CLV_I10,"Chain linked volumes, index 2010=100",B1GQ,Gross domestic product at market prices,LU,Luxembourg,2024,,130.539,,,,,
dataflow,ESTAT:NAMA_10_GDP$DEFAULTVIEW(1.0),"Gross domestic product (GDP) and main components (output, expenditure and income) - annual data",A,Annual,CLV_I10,"Chain linked volumes, index 2010=100",B1GQ,Gross domestic product at market prices,LU,Luxembourg,2025,,131.371,,p,provisional,,
dataflow,ESTAT:NAMA_10_GDP$DEFAULTVIEW(1.0),"Gross domestic product (GDP) and main components (output, expenditure and income) - annual data",A,Annual,CLV_I10,"Chain linked volumes, index 2010=100",B1GQ,Gross domestic product at market prices,LV,Latvia,2016,,122.658,,,,,
dataflow,ESTAT:NAMA_10_GDP$DEFAULTVIEW(1.0),"Gross domestic product (GDP) and main components (output, expenditure and income) - annual data",A,Annual,CLV_I10,"Chain linked volumes, index 2010=100",B1GQ,Gross domestic product at market prices,LV,Latvia,2017,,126.827,,,,,
dataflow,ESTAT:NAMA_10_GDP$DEFAULTVIEW(1.0),"Gross domestic product (GDP) and main components (output, expenditure and income) - annual data",A,Annual,CLV_I10,"Chain linked volumes, index 2010=100",B1GQ,Gross domestic product at market prices,LV,Latvia,2018,,132.293,,,,,
dataflow,ESTAT:NAMA_10_GDP$DEFAULTVIEW(1.0),"Gross domestic product (GDP) and main components (output, expenditure and income) - annual data",A,Annual,CLV_I10,"Chain linked volumes, index 2010=100",B1GQ,Gross domestic product at market prices,LV,Latvia,2019,,133.186,,,,,
dataflow,ESTAT:NAMA_10_GDP$DEFAULTVIEW(1.0),"Gross domestic product (GDP) and main components (output, expenditure and income) - annual data",A,Annual,CLV_I10,"Chain linked volumes, index 2010=100",B1GQ,Gross domestic product at market prices,LV,Latvia,2020,,128.566,,,,,
dataflow,ESTAT:NAMA_10_GDP$DEFAULTVIEW(1.0),"Gross domestic product (GDP) and main components (output, expenditure and income) - annual data",A,Annual,CLV_I10,"Chain linked volumes, index 2010=100",B1GQ,Gross domestic product at market prices,LV,Latvia,2021,,137.491,,,,,
dataflow,ESTAT:NAMA_10_GDP$DEFAULTVIEW(1.0),"Gross domestic product (GDP) and main components (output, expenditure and income) - annual data",A,Annual,CLV_I10,"Chain linked volumes, index 2010=100",B1GQ,Gross domestic product at market prices,LV,Latvia,2022,,140.116,,,,,
dataflow,ESTAT:NAMA_10_GDP$DEFAULTVIEW(1.0),"Gross domestic product (GDP) and main components (output, expenditure and income) - annual data",A,Annual,CLV_I10,"Chain linked volumes, index 2010=100",B1GQ,Gross domestic product at market prices,LV,Latvia,2023,,138.796,,,,,
dataflow,ESTAT:NAMA_10_GDP$DEFAULTVIEW(1.0),"Gross domestic product (GDP) and main components (output, expenditure and income) - annual data",A,Annual,CLV_I10,"Chain linked volumes, index 2010=100",B1GQ,Gross domestic product at market prices,LV,Latvia,2024,,138.745,,,,,
dataflow,ESTAT:NAMA_10_GDP$DEFAULTVIEW(1.0),"Gross domestic product (GDP) and main components (output, expenditure and income) - annual data",A,Annual,CLV_I10,"Chain linked volumes, index 2010=100",B1GQ,Gross domestic product at market prices,LV,Latvia,2025,,141.711,,,,,
dataflow,ESTAT:NAMA_10_GDP$DEFAULTVIEW(1.0),"Gross domestic product (GDP) and main components (output, expenditure and income) - annual data",A,Annual,CLV_I10,"Chain linked volumes, index 2010=100",B1GQ,Gross domestic product at market prices,ME,Montenegro,2016,,113.179,,,,,
dataflow,ESTAT:NAMA_10_GDP$DEFAULTVIEW(1.0),"Gross domestic product (GDP) and main components (output, expenditure and income) - annual data",A,Annual,CLV_I10,"Chain linked volumes, index 2010=100",B1GQ,Gross domestic product at market prices,ME,Montenegro,2017,,116.820,,,,,
dataflow,ESTAT:NAMA_10_GDP$DEFAULTVIEW(1.0),"Gross domestic product (GDP) and main components (output, expenditure and income) - annual data",A,Annual,CLV_I10,"Chain linked volumes, index 2010=100",B1GQ,Gross domestic product at market prices,ME,Montenegro,2018,,122.349,,,,,
dataflow,ESTAT:NAMA_10_GDP$DEFAULTVIEW(1.0),"Gross domestic product (GDP) and main components (output, expenditure and income) - annual data",A,Annual,CLV_I10,"Chain linked volumes, index 2010=100",B1GQ,Gross domestic product at market prices,ME,Montenegro,2019,,127.725,,,,,
dataflow,ESTAT:NAMA_10_GDP$DEFAULTVIEW(1.0),"Gross domestic product (GDP) and main components (output, expenditure and income) - annual data",A,Annual,CLV_I10,"Chain linked volumes, index 2010=100",B1GQ,Gross domestic product at market prices,ME,Montenegro,2020,,108.575,,,,,
dataflow,ESTAT:NAMA_10_GDP$DEFAULTVIEW(1.0),"Gross domestic product (GDP) and main components (output, expenditure and income) - annual data",A,Annual,CLV_I10,"Chain linked volumes, index 2010=100",B1GQ,Gross domestic product at market prices,ME,Montenegro,2021,,122.740,,,,,
dataflow,ESTAT:NAMA_10_GDP$DEFAULTVIEW(1.0),"Gross domestic product (GDP) and main components (output, expenditure and income) - annual data",A,Annual,CLV_I10,"Chain linked volumes, index 2010=100",B1GQ,Gross domestic product at market prices,ME,Montenegro,2022,,132.240,,,,,
dataflow,ESTAT:NAMA_10_GDP$DEFAULTVIEW(1.0),"Gross domestic product (GDP) and main components (output, expenditure and income) - annual data",A,Annual,CLV_I10,"Chain linked volumes, index 2010=100",B1GQ,Gross domestic product at market prices,ME,Montenegro,2023,,140.807,,,,,
dataflow,ESTAT:NAMA_10_GDP$DEFAULTVIEW(1.0),"Gross domestic product (GDP) and main components (output, expenditure and income) - annual data",A,Annual,CLV_I10,"Chain linked volumes, index 2010=100",B1GQ,Gross domestic product at market prices,ME,Montenegro,2024,,145.262,,,,,
dataflow,ESTAT:NAMA_10_GDP$DEFAULTVIEW(1.0),"Gross domestic product (GDP) and main components (output, expenditure and income) - annual data",A,Annual,CLV_I10,"Chain linked volumes, index 2010=100",B1GQ,Gross domestic product at market prices,ME,Montenegro,2025,,149.249,,p,provisional,,
dataflow,ESTAT:NAMA_10_GDP$DEFAULTVIEW(1.0),"Gross domestic product (GDP) and main components (output, expenditure and income) - annual data",A,Annual,CLV_I10,"Chain linked volumes, index 2010=100",B1GQ,Gross domestic product at market prices,MK,North Macedonia,2016,,116.063,,,,,
dataflow,ESTAT:NAMA_10_GDP$DEFAULTVIEW(1.0),"Gross domestic product (GDP) and main components (output, expenditure and income) - annual data",A,Annual,CLV_I10,"Chain linked volumes, index 2010=100",B1GQ,Gross domestic product at market prices,MK,North Macedonia,2017,,117.318,,,,,
dataflow,ESTAT:NAMA_10_GDP$DEFAULTVIEW(1.0),"Gross domestic product (GDP) and main components (output, expenditure and income) - annual data",A,Annual,CLV_I10,"Chain linked volumes, index 2010=100",B1GQ,Gross domestic product at market prices,MK,North Macedonia,2018,,120.697,,,,,
dataflow,ESTAT:NAMA_10_GDP$DEFAULTVIEW(1.0),"Gross domestic product (GDP) and main components (output, expenditure and income) - annual data",A,Annual,CLV_I10,"Chain linked volumes, index 2010=100",B1GQ,Gross domestic product at market prices,MK,North Macedonia,2019,,125.417,,,,,
dataflow,ESTAT:NAMA_10_GDP$DEFAULTVIEW(1.0),"Gross domestic product (GDP) and main components (output, expenditure and income) - annual data",A,Annual,CLV_I10,"Chain linked volumes, index 2010=100",B1GQ,Gross domestic product at market prices,MK,North Macedonia,2020,,119.537,,,,,
dataflow,ESTAT:NAMA_10_GDP$DEFAULTVIEW(1.0),"Gross domestic product (GDP) and main components (output, expenditure and income) - annual data",A,Annual,CLV_I10,"Chain linked volumes, index 2010=100",B1GQ,Gross domestic product at market prices,MK,North Macedonia,2021,,124.929,,,,,
dataflow,ESTAT:NAMA_10_GDP$DEFAULTVIEW(1.0),"Gross domestic product (GDP) and main components (output, expenditure and income) - annual data",A,Annual,CLV_I10,"Chain linked volumes, index 2010=100",B1GQ,Gross domestic product at market prices,MK,North Macedonia,2022,,128.375,,,,,
dataflow,ESTAT:NAMA_10_GDP$DEFAULTVIEW(1.0),"Gross domestic product (GDP) and main components (output, expenditure and income) - annual data",A,Annual,CLV_I10,"Chain linked volumes, index 2010=100",B1GQ,Gross domestic product at market prices,MK,North Macedonia,2023,,131.655,,,,,
dataflow,ESTAT:NAMA_10_GDP$DEFAULTVIEW(1.0),"Gross domestic product (GDP) and main components (output, expenditure and income) - annual data",A,Annual,CLV_I10,"Chain linked volumes, index 2010=100",B1GQ,Gross domestic product at market prices,MK,North Macedonia,2024,,135.597,,p,provisional,,
dataflow,ESTAT:NAMA_10_GDP$DEFAULTVIEW(1.0),"Gross domestic product (GDP) and main components (output, expenditure and income) - annual data",A,Annual,CLV_I10,"Chain linked volumes, index 2010=100",B1GQ,Gross domestic product at market prices,MK,North Macedonia,2025,,140.325,,e,estimated,,
dataflow,ESTAT:NAMA_10_GDP$DEFAULTVIEW(1.0),"Gross domestic product (GDP) and main components (output, expenditure and income) - annual data",A,Annual,CLV_I10,"Chain linked volumes, index 2010=100",B1GQ,Gross domestic product at market prices,MT,Malta,2016,,137.226,,,,,
dataflow,ESTAT:NAMA_10_GDP$DEFAULTVIEW(1.0),"Gross domestic product (GDP) and main components (output, expenditure and income) - annual data",A,Annual,CLV_I10,"Chain linked volumes, index 2010=100",B1GQ,Gross domestic product at market prices,MT,Malta,2017,,155.027,,,,,
dataflow,ESTAT:NAMA_10_GDP$DEFAULTVIEW(1.0),"Gross domestic product (GDP) and main components (output, expenditure and income) - annual data",A,Annual,CLV_I10,"Chain linked volumes, index 2010=100",B1GQ,Gross domestic product at market prices,MT,Malta,2018,,166.172,,,,,
dataflow,ESTAT:NAMA_10_GDP$DEFAULTVIEW(1.0),"Gross domestic product (GDP) and main components (output, expenditure and income) - annual data",A,Annual,CLV_I10,"Chain linked volumes, index 2010=100",B1GQ,Gross domestic product at market prices,MT,Malta,2019,,172.960,,,,,
dataflow,ESTAT:NAMA_10_GDP$DEFAULTVIEW(1.0),"Gross domestic product (GDP) and main components (output, expenditure and income) - annual data",A,Annual,CLV_I10,"Chain linked volumes, index 2010=100",B1GQ,Gross domestic product at market prices,MT,Malta,2020,,166.980,,,,,
dataflow,ESTAT:NAMA_10_GDP$DEFAULTVIEW(1.0),"Gross domestic product (GDP) and main components (output, expenditure and income) - annual data",A,Annual,CLV_I10,"Chain linked volumes, index 2010=100",B1GQ,Gross domestic product at market prices,MT,Malta,2021,,189.255,,,,,
dataflow,ESTAT:NAMA_10_GDP$DEFAULTVIEW(1.0),"Gross domestic product (GDP) and main components (output, expenditure and income) - annual data",A,Annual,CLV_I10,"Chain linked volumes, index 2010=100",B1GQ,Gross domestic product at market prices,MT,Malta,2022,,194.180,,,,,
dataflow,ESTAT:NAMA_10_GDP$DEFAULTVIEW(1.0),"Gross domestic product (GDP) and main components (output, expenditure and income) - annual data",A,Annual,CLV_I10,"Chain linked volumes, index 2010=100",B1GQ,Gross domestic product at market prices,MT,Malta,2023,,214.855,,,,,
dataflow,ESTAT:NAMA_10_GDP$DEFAULTVIEW(1.0),"Gross domestic product (GDP) and main components (output, expenditure and income) - annual data",A,Annual,CLV_I10,"Chain linked volumes, index 2010=100",B1GQ,Gross domestic product at market prices,MT,Malta,2024,,228.186,,,,,
dataflow,ESTAT:NAMA_10_GDP$DEFAULTVIEW(1.0),"Gross domestic product (GDP) and main components (output, expenditure and income) - annual data",A,Annual,CLV_I10,"Chain linked volumes, index 2010=100",B1GQ,Gross domestic product at market prices,MT,Malta,2025,,237.224,,,,,
dataflow,ESTAT:NAMA_10_GDP$DEFAULTVIEW(1.0),"Gross domestic product (GDP) and main components (output, expenditure and income) - annual data",A,Annual,CLV_I10,"Chain linked volumes, index 2010=100",B1GQ,Gross domestic product at market prices,NL,Netherlands,2016,,107.078,,,,,
dataflow,ESTAT:NAMA_10_GDP$DEFAULTVIEW(1.0),"Gross domestic product (GDP) and main components (output, expenditure and income) - annual data",A,Annual,CLV_I10,"Chain linked volumes, index 2010=100",B1GQ,Gross domestic product at market prices,NL,Netherlands,2017,,110.056,,,,,
dataflow,ESTAT:NAMA_10_GDP$DEFAULTVIEW(1.0),"Gross domestic product (GDP) and main components (output, expenditure and income) - annual data",A,Annual,CLV_I10,"Chain linked volumes, index 2010=100",B1GQ,Gross domestic product at market prices,NL,Netherlands,2018,,112.542,,,,,
dataflow,ESTAT:NAMA_10_GDP$DEFAULTVIEW(1.0),"Gross domestic product (GDP) and main components (output, expenditure and income) - annual data",A,Annual,CLV_I10,"Chain linked volumes, index 2010=100",B1GQ,Gross domestic product at market prices,NL,Netherlands,2019,,115.131,,,,,
dataflow,ESTAT:NAMA_10_GDP$DEFAULTVIEW(1.0),"Gross domestic product (GDP) and main components (output, expenditure and income) - annual data",A,Annual,CLV_I10,"Chain linked volumes, index 2010=100",B1GQ,Gross domestic product at market prices,NL,Netherlands,2020,,110.677,,,,,
dataflow,ESTAT:NAMA_10_GDP$DEFAULTVIEW(1.0),"Gross domestic product (GDP) and main components (output, expenditure and income) - annual data",A,Annual,CLV_I10,"Chain linked volumes, index 2010=100",B1GQ,Gross domestic product at market prices,NL,Netherlands,2021,,117.624,,,,,
dataflow,ESTAT:NAMA_10_GDP$DEFAULTVIEW(1.0),"Gross domestic product (GDP) and main components (output, expenditure and income) - annual data",A,Annual,CLV_I10,"Chain linked volumes, index 2010=100",B1GQ,Gross domestic product at market prices,NL,Netherlands,2022,,123.514,,,,,
dataflow,ESTAT:NAMA_10_GDP$DEFAULTVIEW(1.0),"Gross domestic product (GDP) and main components (output, expenditure and income) - annual data",A,Annual,CLV_I10,"Chain linked volumes, index 2010=100",B1GQ,Gross domestic product at market prices,NL,Netherlands,2023,,122.775,,,,,
dataflow,ESTAT:NAMA_10_GDP$DEFAULTVIEW(1.0),"Gross domestic product (GDP) and main components (output, expenditure and income) - annual data",A,Annual,CLV_I10,"Chain linked volumes, index 2010=100",B1GQ,Gross domestic product at market prices,NL,Netherlands,2024,,124.094,,,,,
dataflow,ESTAT:NAMA_10_GDP$DEFAULTVIEW(1.0),"Gross domestic product (GDP) and main components (output, expenditure and income) - annual data",A,Annual,CLV_I10,"Chain linked volumes, index 2010=100",B1GQ,Gross domestic product at market prices,NL,Netherlands,2025,,126.308,,,,,
dataflow,ESTAT:NAMA_10_GDP$DEFAULTVIEW(1.0),"Gross domestic product (GDP) and main components (output, expenditure and income) - annual data",A,Annual,CLV_I10,"Chain linked volumes, index 2010=100",B1GQ,Gross domestic product at market prices,NO,Norway,2016,,111.411,,,,,
dataflow,ESTAT:NAMA_10_GDP$DEFAULTVIEW(1.0),"Gross domestic product (GDP) and main components (output, expenditure and income) - annual data",A,Annual,CLV_I10,"Chain linked volumes, index 2010=100",B1GQ,Gross domestic product at market prices,NO,Norway,2017,,114.386,,,,,
dataflow,ESTAT:NAMA_10_GDP$DEFAULTVIEW(1.0),"Gross domestic product (GDP) and main components (output, expenditure and income) - annual data",A,Annual,CLV_I10,"Chain linked volumes, index 2010=100",B1GQ,Gross domestic product at market prices,NO,Norway,2018,,115.656,,,,,
dataflow,ESTAT:NAMA_10_GDP$DEFAULTVIEW(1.0),"Gross domestic product (GDP) and main components (output, expenditure and income) - annual data",A,Annual,CLV_I10,"Chain linked volumes, index 2010=100",B1GQ,Gross domestic product at market prices,NO,Norway,2019,,117.355,,,,,
dataflow,ESTAT:NAMA_10_GDP$DEFAULTVIEW(1.0),"Gross domestic product (GDP) and main components (output, expenditure and income) - annual data",A,Annual,CLV_I10,"Chain linked volumes, index 2010=100",B1GQ,Gross domestic product at market prices,NO,Norway,2020,,115.759,,,,,
dataflow,ESTAT:NAMA_10_GDP$DEFAULTVIEW(1.0),"Gross domestic product (GDP) and main components (output, expenditure and income) - annual data",A,Annual,CLV_I10,"Chain linked volumes, index 2010=100",B1GQ,Gross domestic product at market prices,NO,Norway,2021,,120.555,,,,,
dataflow,ESTAT:NAMA_10_GDP$DEFAULTVIEW(1.0),"Gross domestic product (GDP) and main components (output, expenditure and income) - annual data",A,Annual,CLV_I10,"Chain linked volumes, index 2010=100",B1GQ,Gross domestic product at market prices,NO,Norway,2022,,125.474,,,,,
dataflow,ESTAT:NAMA_10_GDP$DEFAULTVIEW(1.0),"Gross domestic product (GDP) and main components (output, expenditure and income) - annual data",A,Annual,CLV_I10,"Chain linked volumes, index 2010=100",B1GQ,Gross domestic product at market prices,NO,Norway,2023,,125.916,,,,,
dataflow,ESTAT:NAMA_10_GDP$DEFAULTVIEW(1.0),"Gross domestic product (GDP) and main components (output, expenditure and income) - annual data",A,Annual,CLV_I10,"Chain linked volumes, index 2010=100",B1GQ,Gross domestic product at market prices,NO,Norway,2024,,127.709,,,,,
dataflow,ESTAT:NAMA_10_GDP$DEFAULTVIEW(1.0),"Gross domestic product (GDP) and main components (output, expenditure and income) - annual data",A,Annual,CLV_I10,"Chain linked volumes, index 2010=100",B1GQ,Gross domestic product at market prices,NO,Norway,2025,,129.060,,,,,
dataflow,ESTAT:NAMA_10_GDP$DEFAULTVIEW(1.0),"Gross domestic product (GDP) and main components (output, expenditure and income) - annual data",A,Annual,CLV_I10,"Chain linked volumes, index 2010=100",B1GQ,Gross domestic product at market prices,PL,Poland,2016,,120.289,,,,,
dataflow,ESTAT:NAMA_10_GDP$DEFAULTVIEW(1.0),"Gross domestic product (GDP) and main components (output, expenditure and income) - annual data",A,Annual,CLV_I10,"Chain linked volumes, index 2010=100",B1GQ,Gross domestic product at market prices,PL,Poland,2017,,126.487,,,,,
dataflow,ESTAT:NAMA_10_GDP$DEFAULTVIEW(1.0),"Gross domestic product (GDP) and main components (output, expenditure and income) - annual data",A,Annual,CLV_I10,"Chain linked volumes, index 2010=100",B1GQ,Gross domestic product at market prices,PL,Poland,2018,,134.387,,,,,
dataflow,ESTAT:NAMA_10_GDP$DEFAULTVIEW(1.0),"Gross domestic product (GDP) and main components (output, expenditure and income) - annual data",A,Annual,CLV_I10,"Chain linked volumes, index 2010=100",B1GQ,Gross domestic product at market prices,PL,Poland,2019,,140.542,,,,,
dataflow,ESTAT:NAMA_10_GDP$DEFAULTVIEW(1.0),"Gross domestic product (GDP) and main components (output, expenditure and income) - annual data",A,Annual,CLV_I10,"Chain linked volumes, index 2010=100",B1GQ,Gross domestic product at market prices,PL,Poland,2020,,137.681,,,,,
dataflow,ESTAT:NAMA_10_GDP$DEFAULTVIEW(1.0),"Gross domestic product (GDP) and main components (output, expenditure and income) - annual data",A,Annual,CLV_I10,"Chain linked volumes, index 2010=100",B1GQ,Gross domestic product at market prices,PL,Poland,2021,,147.219,,,,,
dataflow,ESTAT:NAMA_10_GDP$DEFAULTVIEW(1.0),"Gross domestic product (GDP) and main components (output, expenditure and income) - annual data",A,Annual,CLV_I10,"Chain linked volumes, index 2010=100",B1GQ,Gross domestic product at market prices,PL,Poland,2022,,154.956,,,,,
dataflow,ESTAT:NAMA_10_GDP$DEFAULTVIEW(1.0),"Gross domestic product (GDP) and main components (output, expenditure and income) - annual data",A,Annual,CLV_I10,"Chain linked volumes, index 2010=100",B1GQ,Gross domestic product at market prices,PL,Poland,2023,,155.343,,,,,
dataflow,ESTAT:NAMA_10_GDP$DEFAULTVIEW(1.0),"Gross domestic product (GDP) and main components (output, expenditure and income) - annual data",A,Annual,CLV_I10,"Chain linked volumes, index 2010=100",B1GQ,Gross domestic product at market prices,PL,Poland,2024,,160.389,,,,,
dataflow,ESTAT:NAMA_10_GDP$DEFAULTVIEW(1.0),"Gross domestic product (GDP) and main components (output, expenditure and income) - annual data",A,Annual,CLV_I10,"Chain linked volumes, index 2010=100",B1GQ,Gross domestic product at market prices,PL,Poland,2025,,166.215,,,,,
dataflow,ESTAT:NAMA_10_GDP$DEFAULTVIEW(1.0),"Gross domestic product (GDP) and main components (output, expenditure and income) - annual data",A,Annual,CLV_I10,"Chain linked volumes, index 2010=100",B1GQ,Gross domestic product at market prices,PT,Portugal,2016,,97.480,,,,,
dataflow,ESTAT:NAMA_10_GDP$DEFAULTVIEW(1.0),"Gross domestic product (GDP) and main components (output, expenditure and income) - annual data",A,Annual,CLV_I10,"Chain linked volumes, index 2010=100",B1GQ,Gross domestic product at market prices,PT,Portugal,2017,,100.711,,,,,
dataflow,ESTAT:NAMA_10_GDP$DEFAULTVIEW(1.0),"Gross domestic product (GDP) and main components (output, expenditure and income) - annual data",A,Annual,CLV_I10,"Chain linked volumes, index 2010=100",B1GQ,Gross domestic product at market prices,PT,Portugal,2018,,103.678,,,,,
dataflow,ESTAT:NAMA_10_GDP$DEFAULTVIEW(1.0),"Gross domestic product (GDP) and main components (output, expenditure and income) - annual data",A,Annual,CLV_I10,"Chain linked volumes, index 2010=100",B1GQ,Gross domestic product at market prices,PT,Portugal,2019,,106.525,,,,,
dataflow,ESTAT:NAMA_10_GDP$DEFAULTVIEW(1.0),"Gross domestic product (GDP) and main components (output, expenditure and income) - annual data",A,Annual,CLV_I10,"Chain linked volumes, index 2010=100",B1GQ,Gross domestic product at market prices,PT,Portugal,2020,,97.785,,,,,
dataflow,ESTAT:NAMA_10_GDP$DEFAULTVIEW(1.0),"Gross domestic product (GDP) and main components (output, expenditure and income) - annual data",A,Annual,CLV_I10,"Chain linked volumes, index 2010=100",B1GQ,Gross domestic product at market prices,PT,Portugal,2021,,103.221,,,,,
dataflow,ESTAT:NAMA_10_GDP$DEFAULTVIEW(1.0),"Gross domestic product (GDP) and main components (output, expenditure and income) - annual data",A,Annual,CLV_I10,"Chain linked volumes, index 2010=100",B1GQ,Gross domestic product at market prices,PT,Portugal,2022,,110.432,,,,,
dataflow,ESTAT:NAMA_10_GDP$DEFAULTVIEW(1.0),"Gross domestic product (GDP) and main components (output, expenditure and income) - annual data",A,Annual,CLV_I10,"Chain linked volumes, index 2010=100",B1GQ,Gross domestic product at market prices,PT,Portugal,2023,,113.855,,,,,
dataflow,ESTAT:NAMA_10_GDP$DEFAULTVIEW(1.0),"Gross domestic product (GDP) and main components (output, expenditure and income) - annual data",A,Annual,CLV_I10,"Chain linked volumes, index 2010=100",B1GQ,Gross domestic product at market prices,PT,Portugal,2024,,116.376,,p,provisional,,
dataflow,ESTAT:NAMA_10_GDP$DEFAULTVIEW(1.0),"Gross domestic product (GDP) and main components (output, expenditure and income) - annual data",A,Annual,CLV_I10,"Chain linked volumes, index 2010=100",B1GQ,Gross domestic product at market prices,PT,Portugal,2025,,118.542,,p,provisional,,
dataflow,ESTAT:NAMA_10_GDP$DEFAULTVIEW(1.0),"Gross domestic product (GDP) and main components (output, expenditure and income) - annual data",A,Annual,CLV_I10,"Chain linked volumes, index 2010=100",B1GQ,Gross domestic product at market prices,RO,Romania,2016,,117.967,,,,,
dataflow,ESTAT:NAMA_10_GDP$DEFAULTVIEW(1.0),"Gross domestic product (GDP) and main components (output, expenditure and income) - annual data",A,Annual,CLV_I10,"Chain linked volumes, index 2010=100",B1GQ,Gross domestic product at market prices,RO,Romania,2017,,127.635,,,,,
dataflow,ESTAT:NAMA_10_GDP$DEFAULTVIEW(1.0),"Gross domestic product (GDP) and main components (output, expenditure and income) - annual data",A,Annual,CLV_I10,"Chain linked volumes, index 2010=100",B1GQ,Gross domestic product at market prices,RO,Romania,2018,,134.520,,,,,
dataflow,ESTAT:NAMA_10_GDP$DEFAULTVIEW(1.0),"Gross domestic product (GDP) and main components (output, expenditure and income) - annual data",A,Annual,CLV_I10,"Chain linked volumes, index 2010=100",B1GQ,Gross domestic product at market prices,RO,Romania,2019,,139.847,,,,,
dataflow,ESTAT:NAMA_10_GDP$DEFAULTVIEW(1.0),"Gross domestic product (GDP) and main components (output, expenditure and income) - annual data",A,Annual,CLV_I10,"Chain linked volumes, index 2010=100",B1GQ,Gross domestic product at market prices,RO,Romania,2020,,134.815,,,,,
dataflow,ESTAT:NAMA_10_GDP$DEFAULTVIEW(1.0),"Gross domestic product (GDP) and main components (output, expenditure and income) - annual data",A,Annual,CLV_I10,"Chain linked volumes, index 2010=100",B1GQ,Gross domestic product at market prices,RO,Romania,2021,,142.348,,,,,
dataflow,ESTAT:NAMA_10_GDP$DEFAULTVIEW(1.0),"Gross domestic product (GDP) and main components (output, expenditure and income) - annual data",A,Annual,CLV_I10,"Chain linked volumes, index 2010=100",B1GQ,Gross domestic product at market prices,RO,Romania,2022,,148.309,,,,,
dataflow,ESTAT:NAMA_10_GDP$DEFAULTVIEW(1.0),"Gross domestic product (GDP) and main components (output, expenditure and income) - annual data",A,Annual,CLV_I10,"Chain linked volumes, index 2010=100",B1GQ,Gross domestic product at market prices,RO,Romania,2023,,151.658,,,,,
dataflow,ESTAT:NAMA_10_GDP$DEFAULTVIEW(1.0),"Gross domestic product (GDP) and main components (output, expenditure and income) - annual data",A,Annual,CLV_I10,"Chain linked volumes, index 2010=100",B1GQ,Gross domestic product at market prices,RO,Romania,2024,,153.047,,p,provisional,,
dataflow,ESTAT:NAMA_10_GDP$DEFAULTVIEW(1.0),"Gross domestic product (GDP) and main components (output, expenditure and income) - annual data",A,Annual,CLV_I10,"Chain linked volumes, index 2010=100",B1GQ,Gross domestic product at market prices,RO,Romania,2025,,154.084,,p,provisional,,
dataflow,ESTAT:NAMA_10_GDP$DEFAULTVIEW(1.0),"Gross domestic product (GDP) and main components (output, expenditure and income) - annual data",A,Annual,CLV_I10,"Chain linked volumes, index 2010=100",B1GQ,Gross domestic product at market prices,RS,Serbia,2016,,102.489,,,,,
dataflow,ESTAT:NAMA_10_GDP$DEFAULTVIEW(1.0),"Gross domestic product (GDP) and main components (output, expenditure and income) - annual data",A,Annual,CLV_I10,"Chain linked volumes, index 2010=100",B1GQ,Gross domestic product at market prices,RS,Serbia,2017,,104.911,,,,,
dataflow,ESTAT:NAMA_10_GDP$DEFAULTVIEW(1.0),"Gross domestic product (GDP) and main components (output, expenditure and income) - annual data",A,Annual,CLV_I10,"Chain linked volumes, index 2010=100",B1GQ,Gross domestic product at market prices,RS,Serbia,2018,,109.789,,,,,
dataflow,ESTAT:NAMA_10_GDP$DEFAULTVIEW(1.0),"Gross domestic product (GDP) and main components (output, expenditure and income) - annual data",A,Annual,CLV_I10,"Chain linked volumes, index 2010=100",B1GQ,Gross domestic product at market prices,RS,Serbia,2019,,115.004,,,,,
dataflow,ESTAT:NAMA_10_GDP$DEFAULTVIEW(1.0),"Gross domestic product (GDP) and main components (output, expenditure and income) - annual data",A,Annual,CLV_I10,"Chain linked volumes, index 2010=100",B1GQ,Gross domestic product at market prices,RS,Serbia,2020,,113.911,,,,,
dataflow,ESTAT:NAMA_10_GDP$DEFAULTVIEW(1.0),"Gross domestic product (GDP) and main components (output, expenditure and income) - annual data",A,Annual,CLV_I10,"Chain linked volumes, index 2010=100",B1GQ,Gross domestic product at market prices,RS,Serbia,2021,,122.966,,,,,
dataflow,ESTAT:NAMA_10_GDP$DEFAULTVIEW(1.0),"Gross domestic product (GDP) and main components (output, expenditure and income) - annual data",A,Annual,CLV_I10,"Chain linked volumes, index 2010=100",B1GQ,Gross domestic product at market prices,RS,Serbia,2022,,126.291,,,,,
dataflow,ESTAT:NAMA_10_GDP$DEFAULTVIEW(1.0),"Gross domestic product (GDP) and main components (output, expenditure and income) - annual data",A,Annual,CLV_I10,"Chain linked volumes, index 2010=100",B1GQ,Gross domestic product at market prices,RS,Serbia,2023,,131.024,,p,provisional,,
dataflow,ESTAT:NAMA_10_GDP$DEFAULTVIEW(1.0),"Gross domestic product (GDP) and main components (output, expenditure and income) - annual data",A,Annual,CLV_I10,"Chain linked volumes, index 2010=100",B1GQ,Gross domestic product at market prices,RS,Serbia,2024,,136.199,,p,provisional,,
dataflow,ESTAT:NAMA_10_GDP$DEFAULTVIEW(1.0),"Gross domestic product (GDP) and main components (output, expenditure and income) - annual data",A,Annual,CLV_I10,"Chain linked volumes, index 2010=100",B1GQ,Gross domestic product at market prices,RS,Serbia,2025,,138.965,,e,estimated,,
dataflow,ESTAT:NAMA_10_GDP$DEFAULTVIEW(1.0),"Gross domestic product (GDP) and main components (output, expenditure and income) - annual data",A,Annual,CLV_I10,"Chain linked volumes, index 2010=100",B1GQ,Gross domestic product at market prices,SE,Sweden,2016,,113.320,,,,,
dataflow,ESTAT:NAMA_10_GDP$DEFAULTVIEW(1.0),"Gross domestic product (GDP) and main components (output, expenditure and income) - annual data",A,Annual,CLV_I10,"Chain linked volumes, index 2010=100",B1GQ,Gross domestic product at market prices,SE,Sweden,2017,,115.453,,,,,
dataflow,ESTAT:NAMA_10_GDP$DEFAULTVIEW(1.0),"Gross domestic product (GDP) and main components (output, expenditure and income) - annual data",A,Annual,CLV_I10,"Chain linked volumes, index 2010=100",B1GQ,Gross domestic product at market prices,SE,Sweden,2018,,117.497,,,,,
dataflow,ESTAT:NAMA_10_GDP$DEFAULTVIEW(1.0),"Gross domestic product (GDP) and main components (output, expenditure and income) - annual data",A,Annual,CLV_I10,"Chain linked volumes, index 2010=100",B1GQ,Gross domestic product at market prices,SE,Sweden,2019,,120.562,,,,,
dataflow,ESTAT:NAMA_10_GDP$DEFAULTVIEW(1.0),"Gross domestic product (GDP) and main components (output, expenditure and income) - annual data",A,Annual,CLV_I10,"Chain linked volumes, index 2010=100",B1GQ,Gross domestic product at market prices,SE,Sweden,2020,,118.230,,,,,
dataflow,ESTAT:NAMA_10_GDP$DEFAULTVIEW(1.0),"Gross domestic product (GDP) and main components (output, expenditure and income) - annual data",A,Annual,CLV_I10,"Chain linked volumes, index 2010=100",B1GQ,Gross domestic product at market prices,SE,Sweden,2021,,124.409,,,,,
dataflow,ESTAT:NAMA_10_GDP$DEFAULTVIEW(1.0),"Gross domestic product (GDP) and main components (output, expenditure and income) - annual data",A,Annual,CLV_I10,"Chain linked volumes, index 2010=100",B1GQ,Gross domestic product at market prices,SE,Sweden,2022,,125.971,,,,,
dataflow,ESTAT:NAMA_10_GDP$DEFAULTVIEW(1.0),"Gross domestic product (GDP) and main components (output, expenditure and income) - annual data",A,Annual,CLV_I10,"Chain linked volumes, index 2010=100",B1GQ,Gross domestic product at market prices,SE,Sweden,2023,,125.713,,,,,
dataflow,ESTAT:NAMA_10_GDP$DEFAULTVIEW(1.0),"Gross domestic product (GDP) and main components (output, expenditure and income) - annual data",A,Annual,CLV_I10,"Chain linked volumes, index 2010=100",B1GQ,Gross domestic product at market prices,SE,Sweden,2024,,128.215,,,,,
dataflow,ESTAT:NAMA_10_GDP$DEFAULTVIEW(1.0),"Gross domestic product (GDP) and main components (output, expenditure and income) - annual data",A,Annual,CLV_I10,"Chain linked volumes, index 2010=100",B1GQ,Gross domestic product at market prices,SE,Sweden,2025,,130.149,,,,,
dataflow,ESTAT:NAMA_10_GDP$DEFAULTVIEW(1.0),"Gross domestic product (GDP) and main components (output, expenditure and income) - annual data",A,Annual,CLV_I10,"Chain linked volumes, index 2010=100",B1GQ,Gross domestic product at market prices,SI,Slovenia,2016,,105.071,,,,,
dataflow,ESTAT:NAMA_10_GDP$DEFAULTVIEW(1.0),"Gross domestic product (GDP) and main components (output, expenditure and income) - annual data",A,Annual,CLV_I10,"Chain linked volumes, index 2010=100",B1GQ,Gross domestic product at market prices,SI,Slovenia,2017,,110.508,,,,,
dataflow,ESTAT:NAMA_10_GDP$DEFAULTVIEW(1.0),"Gross domestic product (GDP) and main components (output, expenditure and income) - annual data",A,Annual,CLV_I10,"Chain linked volumes, index 2010=100",B1GQ,Gross domestic product at market prices,SI,Slovenia,2018,,115.347,,,,,
dataflow,ESTAT:NAMA_10_GDP$DEFAULTVIEW(1.0),"Gross domestic product (GDP) and main components (output, expenditure and income) - annual data",A,Annual,CLV_I10,"Chain linked volumes, index 2010=100",B1GQ,Gross domestic product at market prices,SI,Slovenia,2019,,119.391,,,,,
dataflow,ESTAT:NAMA_10_GDP$DEFAULTVIEW(1.0),"Gross domestic product (GDP) and main components (output, expenditure and income) - annual data",A,Annual,CLV_I10,"Chain linked volumes, index 2010=100",B1GQ,Gross domestic product at market prices,SI,Slovenia,2020,,114.514,,,,,
dataflow,ESTAT:NAMA_10_GDP$DEFAULTVIEW(1.0),"Gross domestic product (GDP) and main components (output, expenditure and income) - annual data",A,Annual,CLV_I10,"Chain linked volumes, index 2010=100",B1GQ,Gross domestic product at market prices,SI,Slovenia,2021,,124.152,,,,,
dataflow,ESTAT:NAMA_10_GDP$DEFAULTVIEW(1.0),"Gross domestic product (GDP) and main components (output, expenditure and income) - annual data",A,Annual,CLV_I10,"Chain linked volumes, index 2010=100",B1GQ,Gross domestic product at market prices,SI,Slovenia,2022,,127.465,,,,,
dataflow,ESTAT:NAMA_10_GDP$DEFAULTVIEW(1.0),"Gross domestic product (GDP) and main components (output, expenditure and income) - annual data",A,Annual,CLV_I10,"Chain linked volumes, index 2010=100",B1GQ,Gross domestic product at market prices,SI,Slovenia,2023,,130.493,,,,,
dataflow,ESTAT:NAMA_10_GDP$DEFAULTVIEW(1.0),"Gross domestic product (GDP) and main components (output, expenditure and income) - annual data",A,Annual,CLV_I10,"Chain linked volumes, index 2010=100",B1GQ,Gross domestic product at market prices,SI,Slovenia,2024,,132.753,,,,,
dataflow,ESTAT:NAMA_10_GDP$DEFAULTVIEW(1.0),"Gross domestic product (GDP) and main components (output, expenditure and income) - annual data",A,Annual,CLV_I10,"Chain linked volumes, index 2010=100",B1GQ,Gross domestic product at market prices,SI,Slovenia,2025,,134.160,,,,,
dataflow,ESTAT:NAMA_10_GDP$DEFAULTVIEW(1.0),"Gross domestic product (GDP) and main components (output, expenditure and income) - annual data",A,Annual,CLV_I10,"Chain linked volumes, index 2010=100",B1GQ,Gross domestic product at market prices,SK,Slovakia,2016,,115.530,,,,,
dataflow,ESTAT:NAMA_10_GDP$DEFAULTVIEW(1.0),"Gross domestic product (GDP) and main components (output, expenditure and income) - annual data",A,Annual,CLV_I10,"Chain linked volumes, index 2010=100",B1GQ,Gross domestic product at market prices,SK,Slovakia,2017,,118.852,,,,,
dataflow,ESTAT:NAMA_10_GDP$DEFAULTVIEW(1.0),"Gross domestic product (GDP) and main components (output, expenditure and income) - annual data",A,Annual,CLV_I10,"Chain linked volumes, index 2010=100",B1GQ,Gross domestic product at market prices,SK,Slovakia,2018,,123.679,,,,,
dataflow,ESTAT:NAMA_10_GDP$DEFAULTVIEW(1.0),"Gross domestic product (GDP) and main components (output, expenditure and income) - annual data",A,Annual,CLV_I10,"Chain linked volumes, index 2010=100",B1GQ,Gross domestic product at market prices,SK,Slovakia,2019,,126.494,,,,,
dataflow,ESTAT:NAMA_10_GDP$DEFAULTVIEW(1.0),"Gross domestic product (GDP) and main components (output, expenditure and income) - annual data",A,Annual,CLV_I10,"Chain linked volumes, index 2010=100",B1GQ,Gross domestic product at market prices,SK,Slovakia,2020,,123.224,,,,,
dataflow,ESTAT:NAMA_10_GDP$DEFAULTVIEW(1.0),"Gross domestic product (GDP) and main components (output, expenditure and income) - annual data",A,Annual,CLV_I10,"Chain linked volumes, index 2010=100",B1GQ,Gross domestic product at market prices,SK,Slovakia,2021,,130.193,,,,,
dataflow,ESTAT:NAMA_10_GDP$DEFAULTVIEW(1.0),"Gross domestic product (GDP) and main components (output, expenditure and income) - annual data",A,Annual,CLV_I10,"Chain linked volumes, index 2010=100",B1GQ,Gross domestic product at market prices,SK,Slovakia,2022,,130.902,,,,,
dataflow,ESTAT:NAMA_10_GDP$DEFAULTVIEW(1.0),"Gross domestic product (GDP) and main components (output, expenditure and income) - annual data",A,Annual,CLV_I10,"Chain linked volumes, index 2010=100",B1GQ,Gross domestic product at market prices,SK,Slovakia,2023,,133.668,,,,,
dataflow,ESTAT:NAMA_10_GDP$DEFAULTVIEW(1.0),"Gross domestic product (GDP) and main components (output, expenditure and income) - annual data",A,Annual,CLV_I10,"Chain linked volumes, index 2010=100",B1GQ,Gross domestic product at market prices,SK,Slovakia,2024,,136.259,,,,,
dataflow,ESTAT:NAMA_10_GDP$DEFAULTVIEW(1.0),"Gross domestic product (GDP) and main components (output, expenditure and income) - annual data",A,Annual,CLV_I10,"Chain linked volumes, index 2010=100",B1GQ,Gross domestic product at market prices,SK,Slovakia,2025,,137.359,,,,,
dataflow,ESTAT:NAMA_10_GDP$DEFAULTVIEW(1.0),"Gross domestic product (GDP) and main components (output, expenditure and income) - annual data",A,Annual,CLV_I10,"Chain linked volumes, index 2010=100",B1GQ,Gross domestic product at market prices,TR,Türkiye,2016,,144.299,,,,,
dataflow,ESTAT:NAMA_10_GDP$DEFAULTVIEW(1.0),"Gross domestic product (GDP) and main components (output, expenditure and income) - annual data",A,Annual,CLV_I10,"Chain linked volumes, index 2010=100",B1GQ,Gross domestic product at market prices,TR,Türkiye,2017,,155.592,,,,,
dataflow,ESTAT:NAMA_10_GDP$DEFAULTVIEW(1.0),"Gross domestic product (GDP) and main components (output, expenditure and income) - annual data",A,Annual,CLV_I10,"Chain linked volumes, index 2010=100",B1GQ,Gross domestic product at market prices,TR,Türkiye,2018,,160.988,,,,,
dataflow,ESTAT:NAMA_10_GDP$DEFAULTVIEW(1.0),"Gross domestic product (GDP) and main components (output, expenditure and income) - annual data",A,Annual,CLV_I10,"Chain linked volumes, index 2010=100",B1GQ,Gross domestic product at market prices,TR,Türkiye,2019,,163.083,,,,,
dataflow,ESTAT:NAMA_10_GDP$DEFAULTVIEW(1.0),"Gross domestic product (GDP) and main components (output, expenditure and income) - annual data",A,Annual,CLV_I10,"Chain linked volumes, index 2010=100",B1GQ,Gross domestic product at market prices,TR,Türkiye,2020,,166.024,,,,,
dataflow,ESTAT:NAMA_10_GDP$DEFAULTVIEW(1.0),"Gross domestic product (GDP) and main components (output, expenditure and income) - annual data",A,Annual,CLV_I10,"Chain linked volumes, index 2010=100",B1GQ,Gross domestic product at market prices,TR,Türkiye,2021,,185.633,,,,,
dataflow,ESTAT:NAMA_10_GDP$DEFAULTVIEW(1.0),"Gross domestic product (GDP) and main components (output, expenditure and income) - annual data",A,Annual,CLV_I10,"Chain linked volumes, index 2010=100",B1GQ,Gross domestic product at market prices,TR,Türkiye,2022,,195.734,,,,,
dataflow,ESTAT:NAMA_10_GDP$DEFAULTVIEW(1.0),"Gross domestic product (GDP) and main components (output, expenditure and income) - annual data",A,Annual,CLV_I10,"Chain linked volumes, index 2010=100",B1GQ,Gross domestic product at market prices,TR,Türkiye,2023,,205.609,,,,,
dataflow,ESTAT:NAMA_10_GDP$DEFAULTVIEW(1.0),"Gross domestic product (GDP) and main components (output, expenditure and income) - annual data",A,Annual,CLV_I10,"Chain linked volumes, index 2010=100",B1GQ,Gross domestic product at market prices,TR,Türkiye,2024,,212.451,,,,,
dataflow,ESTAT:NAMA_10_GDP$DEFAULTVIEW(1.0),"Gross domestic product (GDP) and main components (output, expenditure and income) - annual data",A,Annual,CLV_I10,"Chain linked volumes, index 2010=100",B1GQ,Gross domestic product at market prices,TR,Türkiye,2025,,220.109,,,,,
dataflow,ESTAT:NAMA_10_GDP$DEFAULTVIEW(1.0),"Gross domestic product (GDP) and main components (output, expenditure and income) - annual data",A,Annual,CLV_I10,"Chain linked volumes, index 2010=100",B1GQ,Gross domestic product at market prices,UA,Ukraine,2016,,91.287,,,,,
dataflow,ESTAT:NAMA_10_GDP$DEFAULTVIEW(1.0),"Gross domestic product (GDP) and main components (output, expenditure and income) - annual data",A,Annual,CLV_I10,"Chain linked volumes, index 2010=100",B1GQ,Gross domestic product at market prices,UA,Ukraine,2017,,93.441,,,,,
dataflow,ESTAT:NAMA_10_GDP$DEFAULTVIEW(1.0),"Gross domestic product (GDP) and main components (output, expenditure and income) - annual data",A,Annual,CLV_I10,"Chain linked volumes, index 2010=100",B1GQ,Gross domestic product at market prices,UA,Ukraine,2018,,96.701,,,,,
dataflow,ESTAT:NAMA_10_GDP$DEFAULTVIEW(1.0),"Gross domestic product (GDP) and main components (output, expenditure and income) - annual data",A,Annual,CLV_I10,"Chain linked volumes, index 2010=100",B1GQ,Gross domestic product at market prices,UA,Ukraine,2019,,99.794,,,,,
dataflow,ESTAT:NAMA_10_GDP$DEFAULTVIEW(1.0),"Gross domestic product (GDP) and main components (output, expenditure and income) - annual data",A,Annual,CLV_I10,"Chain linked volumes, index 2010=100",B1GQ,Gross domestic product at market prices,UA,Ukraine,2020,,96.049,,,,,
dataflow,ESTAT:NAMA_10_GDP$DEFAULTVIEW(1.0),"Gross domestic product (GDP) and main components (output, expenditure and income) - annual data",A,Annual,CLV_I10,"Chain linked volumes, index 2010=100",B1GQ,Gross domestic product at market prices,UA,Ukraine,2021,,99.359,,,,,
dataflow,ESTAT:NAMA_10_GDP$DEFAULTVIEW(1.0),"Gross domestic product (GDP) and main components (output, expenditure and income) - annual data",A,Annual,CLV_I10,"Chain linked volumes, index 2010=100",B1GQ,Gross domestic product at market prices,UA,Ukraine,2022,,70.785,,,,,
dataflow,ESTAT:NAMA_10_GDP$DEFAULTVIEW(1.0),"Gross domestic product (GDP) and main components (output, expenditure and income) - annual data",A,Annual,CLV_I10,"Chain linked volumes, index 2010=100",B1GQ,Gross domestic product at market prices,UA,Ukraine,2023,,74.702,,,,,
dataflow,ESTAT:NAMA_10_GDP$DEFAULTVIEW(1.0),"Gross domestic product (GDP) and main components (output, expenditure and income) - annual data",A,Annual,CLV_I10,"Chain linked volumes, index 2010=100",B1GQ,Gross domestic product at market prices,UA,Ukraine,2024,,77.129,,,,,
dataflow,ESTAT:NAMA_10_GDP$DEFAULTVIEW(1.0),"Gross domestic product (GDP) and main components (output, expenditure and income) - annual data",A,Annual,CLV_I10,"Chain linked volumes, index 2010=100",B1GQ,Gross domestic product at market prices,UK,United Kingdom,2016,,112.430,,,,,
dataflow,ESTAT:NAMA_10_GDP$DEFAULTVIEW(1.0),"Gross domestic product (GDP) and main components (output, expenditure and income) - annual data",A,Annual,CLV_I10,"Chain linked volumes, index 2010=100",B1GQ,Gross domestic product at market prices,UK,United Kingdom,2017,,114.387,,,,,
dataflow,ESTAT:NAMA_10_GDP$DEFAULTVIEW(1.0),"Gross domestic product (GDP) and main components (output, expenditure and income) - annual data",A,Annual,CLV_I10,"Chain linked volumes, index 2010=100",B1GQ,Gross domestic product at market prices,UK,United Kingdom,2018,,115.820,,,,,
dataflow,ESTAT:NAMA_10_GDP$DEFAULTVIEW(1.0),"Gross domestic product (GDP) and main components (output, expenditure and income) - annual data",A,Annual,CLV_I10,"Chain linked volumes, index 2010=100",B1GQ,Gross domestic product at market prices,UK,United Kingdom,2019,,117.407,,,,,
dataflow,ESTAT:NAMA_10_GDP$DEFAULTVIEW(1.0),"Gross domestic product (GDP) and main components (output, expenditure and income) - annual data",A,Annual,CLV_I10,"Chain linked volumes, index 2010=100",B1GQ,Gross domestic product at market prices,XK,Kosovo*,2016,,131.644,,,,,
dataflow,ESTAT:NAMA_10_GDP$DEFAULTVIEW(1.0),"Gross domestic product (GDP) and main components (output, expenditure and income) - annual data",A,Annual,CLV_I10,"Chain linked volumes, index 2010=100",B1GQ,Gross domestic product at market prices,XK,Kosovo*,2017,,137.996,,,,,
dataflow,ESTAT:NAMA_10_GDP$DEFAULTVIEW(1.0),"Gross domestic product (GDP) and main components (output, expenditure and income) - annual data",A,Annual,CLV_I10,"Chain linked volumes, index 2010=100",B1GQ,Gross domestic product at market prices,XK,Kosovo*,2018,,142.697,,,,,
dataflow,ESTAT:NAMA_10_GDP$DEFAULTVIEW(1.0),"Gross domestic product (GDP) and main components (output, expenditure and income) - annual data",A,Annual,CLV_I10,"Chain linked volumes, index 2010=100",B1GQ,Gross domestic product at market prices,XK,Kosovo*,2019,,149.485,,,,,
dataflow,ESTAT:NAMA_10_GDP$DEFAULTVIEW(1.0),"Gross domestic product (GDP) and main components (output, expenditure and income) - annual data",A,Annual,CLV_I10,"Chain linked volumes, index 2010=100",B1GQ,Gross domestic product at market prices,XK,Kosovo*,2020,,141.502,,,,,
dataflow,ESTAT:NAMA_10_GDP$DEFAULTVIEW(1.0),"Gross domestic product (GDP) and main components (output, expenditure and income) - annual data",A,Annual,CLV_I10,"Chain linked volumes, index 2010=100",B1GQ,Gross domestic product at market prices,XK,Kosovo*,2021,,156.707,,,,,
dataflow,ESTAT:NAMA_10_GDP$DEFAULTVIEW(1.0),"Gross domestic product (GDP) and main components (output, expenditure and income) - annual data",A,Annual,CLV_I10,"Chain linked volumes, index 2010=100",B1GQ,Gross domestic product at market prices,XK,Kosovo*,2022,,163.414,,,,,
dataflow,ESTAT:NAMA_10_GDP$DEFAULTVIEW(1.0),"Gross domestic product (GDP) and main components (output, expenditure and income) - annual data",A,Annual,CLV_I10,"Chain linked volumes, index 2010=100",B1GQ,Gross domestic product at market prices,XK,Kosovo*,2023,,170.063,,,,,
dataflow,ESTAT:NAMA_10_GDP$DEFAULTVIEW(1.0),"Gross domestic product (GDP) and main components (output, expenditure and income) - annual data",A,Annual,CLV_I10,"Chain linked volumes, index 2010=100",B1GQ,Gross domestic product at market prices,XK,Kosovo*,2024,,177.839,,,,,
dataflow,ESTAT:NAMA_10_GDP$DEFAULTVIEW(1.0),"Gross domestic product (GDP) and main components (output, expenditure and income) - annual data",A,Annual,CLV_I10,"Chain linked volumes, index 2010=100",B1GQ,Gross domestic product at market prices,XK,Kosovo*,2025,,184.272,,p,provisional,,
dataflow,ESTAT:NAMA_10_GDP$DEFAULTVIEW(1.0),"Gross domestic product (GDP) and main components (output, expenditure and income) - annual data",A,Annual,CP_MEUR,"Current prices, million euro",B1GQ,Gross domestic product at market prices,AL,Albania,2016,,10835.1,,,,,
dataflow,ESTAT:NAMA_10_GDP$DEFAULTVIEW(1.0),"Gross domestic product (GDP) and main components (output, expenditure and income) - annual data",A,Annual,CP_MEUR,"Current prices, million euro",B1GQ,Gross domestic product at market prices,AL,Albania,2017,,11770.8,,,,,
dataflow,ESTAT:NAMA_10_GDP$DEFAULTVIEW(1.0),"Gross domestic product (GDP) and main components (output, expenditure and income) - annual data",A,Annual,CP_MEUR,"Current prices, million euro",B1GQ,Gross domestic product at market prices,AL,Albania,2018,,13016.9,,,,,
dataflow,ESTAT:NAMA_10_GDP$DEFAULTVIEW(1.0),"Gross domestic product (GDP) and main components (output, expenditure and income) - annual data",A,Annual,CP_MEUR,"Current prices, million euro",B1GQ,Gross domestic product at market prices,AL,Albania,2019,,13917.9,,,,,
dataflow,ESTAT:NAMA_10_GDP$DEFAULTVIEW(1.0),"Gross domestic product (GDP) and main components (output, expenditure and income) - annual data",A,Annual,CP_MEUR,"Current prices, million euro",B1GQ,Gross domestic product at market prices,AL,Albania,2020,,13379.5,,,,,
dataflow,ESTAT:NAMA_10_GDP$DEFAULTVIEW(1.0),"Gross domestic product (GDP) and main components (output, expenditure and income) - annual data",A,Annual,CP_MEUR,"Current prices, million euro",B1GQ,Gross domestic product at market prices,AL,Albania,2021,,15243.1,,,,,
dataflow,ESTAT:NAMA_10_GDP$DEFAULTVIEW(1.0),"Gross domestic product (GDP) and main components (output, expenditure and income) - annual data",A,Annual,CP_MEUR,"Current prices, million euro",B1GQ,Gross domestic product at market prices,AL,Albania,2022,,18068.1,,,,,
dataflow,ESTAT:NAMA_10_GDP$DEFAULTVIEW(1.0),"Gross domestic product (GDP) and main components (output, expenditure and income) - annual data",A,Annual,CP_MEUR,"Current prices, million euro",B1GQ,Gross domestic product at market prices,AL,Albania,2023,,21730.5,,,,,
dataflow,ESTAT:NAMA_10_GDP$DEFAULTVIEW(1.0),"Gross domestic product (GDP) and main components (output, expenditure and income) - annual data",A,Annual,CP_MEUR,"Current prices, million euro",B1GQ,Gross domestic product at market prices,AL,Albania,2024,,25000.7,,p,provisional,,
dataflow,ESTAT:NAMA_10_GDP$DEFAULTVIEW(1.0),"Gross domestic product (GDP) and main components (output, expenditure and income) - annual data",A,Annual,CP_MEUR,"Current prices, million euro",B1GQ,Gross domestic product at market prices,AT,Austria,2016,,355665.6,,,,,
dataflow,ESTAT:NAMA_10_GDP$DEFAULTVIEW(1.0),"Gross domestic product (GDP) and main components (output, expenditure and income) - annual data",A,Annual,CP_MEUR,"Current prices, million euro",B1GQ,Gross domestic product at market prices,AT,Austria,2017,,367294.9,,,,,
dataflow,ESTAT:NAMA_10_GDP$DEFAULTVIEW(1.0),"Gross domestic product (GDP) and main components (output, expenditure and income) - annual data",A,Annual,CP_MEUR,"Current prices, million euro",B1GQ,Gross domestic product at market prices,AT,Austria,2018,,383234.3,,,,,
dataflow,ESTAT:NAMA_10_GDP$DEFAULTVIEW(1.0),"Gross domestic product (GDP) and main components (output, expenditure and income) - annual data",A,Annual,CP_MEUR,"Current prices, million euro",B1GQ,Gross domestic product at market prices,AT,Austria,2019,,395706.8,,,,,
dataflow,ESTAT:NAMA_10_GDP$DEFAULTVIEW(1.0),"Gross domestic product (GDP) and main components (output, expenditure and income) - annual data",A,Annual,CP_MEUR,"Current prices, million euro",B1GQ,Gross domestic product at market prices,AT,Austria,2020,,380317.9,,,,,
dataflow,ESTAT:NAMA_10_GDP$DEFAULTVIEW(1.0),"Gross domestic product (GDP) and main components (output, expenditure and income) - annual data",A,Annual,CP_MEUR,"Current prices, million euro",B1GQ,Gross domestic product at market prices,AT,Austria,2021,,406231.5,,,,,
dataflow,ESTAT:NAMA_10_GDP$DEFAULTVIEW(1.0),"Gross domestic product (GDP) and main components (output, expenditure and income) - annual data",A,Annual,CP_MEUR,"Current prices, million euro",B1GQ,Gross domestic product at market prices,AT,Austria,2022,,449382.2,,,,,
dataflow,ESTAT:NAMA_10_GDP$DEFAULTVIEW(1.0),"Gross domestic product (GDP) and main components (output, expenditure and income) - annual data",A,Annual,CP_MEUR,"Current prices, million euro",B1GQ,Gross domestic product at market prices,AT,Austria,2023,,477837.3,,,,,
dataflow,ESTAT:NAMA_10_GDP$DEFAULTVIEW(1.0),"Gross domestic product (GDP) and main components (output, expenditure and income) - annual data",A,Annual,CP_MEUR,"Current prices, million euro",B1GQ,Gross domestic product at market prices,AT,Austria,2024,,494087.6,,,,,
dataflow,ESTAT:NAMA_10_GDP$DEFAULTVIEW(1.0),"Gross domestic product (GDP) and main components (output, expenditure and income) - annual data",A,Annual,CP_MEUR,"Current prices, million euro",B1GQ,Gross domestic product at market prices,AT,Austria,2025,,514328.1,,,,,
dataflow,ESTAT:NAMA_10_GDP$DEFAULTVIEW(1.0),"Gross domestic product (GDP) and main components (output, expenditure and income) - annual data",A,Annual,CP_MEUR,"Current prices, million euro",B1GQ,Gross domestic product at market prices,BA,Bosnia and Herzegovina,2016,,15474.3,,,,,
dataflow,ESTAT:NAMA_10_GDP$DEFAULTVIEW(1.0),"Gross domestic product (GDP) and main components (output, expenditure and income) - annual data",A,Annual,CP_MEUR,"Current prices, million euro",B1GQ,Gross domestic product at market prices,BA,Bosnia and Herzegovina,2017,,16260.5,,,,,
dataflow,ESTAT:NAMA_10_GDP$DEFAULTVIEW(1.0),"Gross domestic product (GDP) and main components (output, expenditure and income) - annual data",A,Annual,CP_MEUR,"Current prices, million euro",B1GQ,Gross domestic product at market prices,BA,Bosnia and Herzegovina,2018,,17354.2,,,,,
dataflow,ESTAT:NAMA_10_GDP$DEFAULTVIEW(1.0),"Gross domestic product (GDP) and main components (output, expenditure and income) - annual data",A,Annual,CP_MEUR,"Current prices, million euro",B1GQ,Gross domestic product at market prices,BA,Bosnia and Herzegovina,2019,,18296.5,,,,,
dataflow,ESTAT:NAMA_10_GDP$DEFAULTVIEW(1.0),"Gross domestic product (GDP) and main components (output, expenditure and income) - annual data",A,Annual,CP_MEUR,"Current prices, million euro",B1GQ,Gross domestic product at market prices,BA,Bosnia and Herzegovina,2020,,17755.9,,,,,
dataflow,ESTAT:NAMA_10_GDP$DEFAULTVIEW(1.0),"Gross domestic product (GDP) and main components (output, expenditure and income) - annual data",A,Annual,CP_MEUR,"Current prices, million euro",B1GQ,Gross domestic product at market prices,BA,Bosnia and Herzegovina,2021,,20014.7,,,,,
dataflow,ESTAT:NAMA_10_GDP$DEFAULTVIEW(1.0),"Gross domestic product (GDP) and main components (output, expenditure and income) - annual data",A,Annual,CP_MEUR,"Current prices, million euro",B1GQ,Gross domestic product at market prices,BA,Bosnia and Herzegovina,2022,,23324.1,,,,,
dataflow,ESTAT:NAMA_10_GDP$DEFAULTVIEW(1.0),"Gross domestic product (GDP) and main components (output, expenditure and income) - annual data",A,Annual,CP_MEUR,"Current prices, million euro",B1GQ,Gross domestic product at market prices,BA,Bosnia and Herzegovina,2023,,25523.8,,,,,
dataflow,ESTAT:NAMA_10_GDP$DEFAULTVIEW(1.0),"Gross domestic product (GDP) and main components (output, expenditure and income) - annual data",A,Annual,CP_MEUR,"Current prices, million euro",B1GQ,Gross domestic product at market prices,BA,Bosnia and Herzegovina,2024,,27483.1,,,,,
dataflow,ESTAT:NAMA_10_GDP$DEFAULTVIEW(1.0),"Gross domestic product (GDP) and main components (output, expenditure and income) - annual data",A,Annual,CP_MEUR,"Current prices, million euro",B1GQ,Gross domestic product at market prices,BA,Bosnia and Herzegovina,2025,,28913.9,,,,,
dataflow,ESTAT:NAMA_10_GDP$DEFAULTVIEW(1.0),"Gross domestic product (GDP) and main components (output, expenditure and income) - annual data",A,Annual,CP_MEUR,"Current prices, million euro",B1GQ,Gross domestic product at market prices,BE,Belgium,2016,,428467.1,,,,,
dataflow,ESTAT:NAMA_10_GDP$DEFAULTVIEW(1.0),"Gross domestic product (GDP) and main components (output, expenditure and income) - annual data",A,Annual,CP_MEUR,"Current prices, million euro",B1GQ,Gross domestic product at market prices,BE,Belgium,2017,,443407.2,,,,,
dataflow,ESTAT:NAMA_10_GDP$DEFAULTVIEW(1.0),"Gross domestic product (GDP) and main components (output, expenditure and income) - annual data",A,Annual,CP_MEUR,"Current prices, million euro",B1GQ,Gross domestic product at market prices,BE,Belgium,2018,,459491.8,,,,,
dataflow,ESTAT:NAMA_10_GDP$DEFAULTVIEW(1.0),"Gross domestic product (GDP) and main components (output, expenditure and income) - annual data",A,Annual,CP_MEUR,"Current prices, million euro",B1GQ,Gross domestic product at market prices,BE,Belgium,2019,,479444.9,,,,,
dataflow,ESTAT:NAMA_10_GDP$DEFAULTVIEW(1.0),"Gross domestic product (GDP) and main components (output, expenditure and income) - annual data",A,Annual,CP_MEUR,"Current prices, million euro",B1GQ,Gross domestic product at market prices,BE,Belgium,2020,,463750.9,,,,,
dataflow,ESTAT:NAMA_10_GDP$DEFAULTVIEW(1.0),"Gross domestic product (GDP) and main components (output, expenditure and income) - annual data",A,Annual,CP_MEUR,"Current prices, million euro",B1GQ,Gross domestic product at market prices,BE,Belgium,2021,,506047.2,,,,,
dataflow,ESTAT:NAMA_10_GDP$DEFAULTVIEW(1.0),"Gross domestic product (GDP) and main components (output, expenditure and income) - annual data",A,Annual,CP_MEUR,"Current prices, million euro",B1GQ,Gross domestic product at market prices,BE,Belgium,2022,,561678.2,,,,,
dataflow,ESTAT:NAMA_10_GDP$DEFAULTVIEW(1.0),"Gross domestic product (GDP) and main components (output, expenditure and income) - annual data",A,Annual,CP_MEUR,"Current prices, million euro",B1GQ,Gross domestic product at market prices,BE,Belgium,2023,,601866.5,,,,,
dataflow,ESTAT:NAMA_10_GDP$DEFAULTVIEW(1.0),"Gross domestic product (GDP) and main components (output, expenditure and income) - annual data",A,Annual,CP_MEUR,"Current prices, million euro",B1GQ,Gross domestic product at market prices,BE,Belgium,2024,,619914.3,,p,provisional,,
dataflow,ESTAT:NAMA_10_GDP$DEFAULTVIEW(1.0),"Gross domestic product (GDP) and main components (output, expenditure and income) - annual data",A,Annual,CP_MEUR,"Current prices, million euro",B1GQ,Gross domestic product at market prices,BE,Belgium,2025,,642015.3,,p,provisional,,
dataflow,ESTAT:NAMA_10_GDP$DEFAULTVIEW(1.0),"Gross domestic product (GDP) and main components (output, expenditure and income) - annual data",A,Annual,CP_MEUR,"Current prices, million euro",B1GQ,Gross domestic product at market prices,BG,Bulgaria,2016,,48751.4,,,,,
dataflow,ESTAT:NAMA_10_GDP$DEFAULTVIEW(1.0),"Gross domestic product (GDP) and main components (output, expenditure and income) - annual data",A,Annual,CP_MEUR,"Current prices, million euro",B1GQ,Gross domestic product at market prices,BG,Bulgaria,2017,,52501.0,,,,,
dataflow,ESTAT:NAMA_10_GDP$DEFAULTVIEW(1.0),"Gross domestic product (GDP) and main components (output, expenditure and income) - annual data",A,Annual,CP_MEUR,"Current prices, million euro",B1GQ,Gross domestic product at market prices,BG,Bulgaria,2018,,55999.7,,,,,
dataflow,ESTAT:NAMA_10_GDP$DEFAULTVIEW(1.0),"Gross domestic product (GDP) and main components (output, expenditure and income) - annual data",A,Annual,CP_MEUR,"Current prices, million euro",B1GQ,Gross domestic product at market prices,BG,Bulgaria,2019,,61194.4,,,,,
dataflow,ESTAT:NAMA_10_GDP$DEFAULTVIEW(1.0),"Gross domestic product (GDP) and main components (output, expenditure and income) - annual data",A,Annual,CP_MEUR,"Current prices, million euro",B1GQ,Gross domestic product at market prices,BG,Bulgaria,2020,,61855.6,,,,,
dataflow,ESTAT:NAMA_10_GDP$DEFAULTVIEW(1.0),"Gross domestic product (GDP) and main components (output, expenditure and income) - annual data",A,Annual,CP_MEUR,"Current prices, million euro",B1GQ,Gross domestic product at market prices,BG,Bulgaria,2021,,71343.9,,,,,
dataflow,ESTAT:NAMA_10_GDP$DEFAULTVIEW(1.0),"Gross domestic product (GDP) and main components (output, expenditure and income) - annual data",A,Annual,CP_MEUR,"Current prices, million euro",B1GQ,Gross domestic product at market prices,BG,Bulgaria,2022,,86078.2,,,,,
dataflow,ESTAT:NAMA_10_GDP$DEFAULTVIEW(1.0),"Gross domestic product (GDP) and main components (output, expenditure and income) - annual data",A,Annual,CP_MEUR,"Current prices, million euro",B1GQ,Gross domestic product at market prices,BG,Bulgaria,2023,,94525.1,,,,,
dataflow,ESTAT:NAMA_10_GDP$DEFAULTVIEW(1.0),"Gross domestic product (GDP) and main components (output, expenditure and income) - annual data",A,Annual,CP_MEUR,"Current prices, million euro",B1GQ,Gross domestic product at market prices,BG,Bulgaria,2024,,104767.2,,,,,
dataflow,ESTAT:NAMA_10_GDP$DEFAULTVIEW(1.0),"Gross domestic product (GDP) and main components (output, expenditure and income) - annual data",A,Annual,CP_MEUR,"Current prices, million euro",B1GQ,Gross domestic product at market prices,BG,Bulgaria,2025,,116018.3,,p,provisional,,
dataflow,ESTAT:NAMA_10_GDP$DEFAULTVIEW(1.0),"Gross domestic product (GDP) and main components (output, expenditure and income) - annual data",A,Annual,CP_MEUR,"Current prices, million euro",B1GQ,Gross domestic product at market prices,CH,Switzerland,2016,,631447.6,,,,,
dataflow,ESTAT:NAMA_10_GDP$DEFAULTVIEW(1.0),"Gross domestic product (GDP) and main components (output, expenditure and income) - annual data",A,Annual,CP_MEUR,"Current prices, million euro",B1GQ,Gross domestic product at market prices,CH,Switzerland,2017,,625926.6,,,,,
dataflow,ESTAT:NAMA_10_GDP$DEFAULTVIEW(1.0),"Gross domestic product (GDP) and main components (output, expenditure and income) - annual data",A,Annual,CP_MEUR,"Current prices, million euro",B1GQ,Gross domestic product at market prices,CH,Switzerland,2018,,627171.6,,,,,
dataflow,ESTAT:NAMA_10_GDP$DEFAULTVIEW(1.0),"Gross domestic product (GDP) and main components (output, expenditure and income) - annual data",A,Annual,CP_MEUR,"Current prices, million euro",B1GQ,Gross domestic product at market prices,CH,Switzerland,2019,,657857.6,,,,,
dataflow,ESTAT:NAMA_10_GDP$DEFAULTVIEW(1.0),"Gross domestic product (GDP) and main components (output, expenditure and income) - annual data",A,Annual,CP_MEUR,"Current prices, million euro",B1GQ,Gross domestic product at market prices,CH,Switzerland,2020,,663105.6,,,,,
dataflow,ESTAT:NAMA_10_GDP$DEFAULTVIEW(1.0),"Gross domestic product (GDP) and main components (output, expenditure and income) - annual data",A,Annual,CP_MEUR,"Current prices, million euro",B1GQ,Gross domestic product at market prices,CH,Switzerland,2021,,710646.0,,,,,
dataflow,ESTAT:NAMA_10_GDP$DEFAULTVIEW(1.0),"Gross domestic product (GDP) and main components (output, expenditure and income) - annual data",A,Annual,CP_MEUR,"Current prices, million euro",B1GQ,Gross domestic product at market prices,CH,Switzerland,2022,,815869.1,,,,,
dataflow,ESTAT:NAMA_10_GDP$DEFAULTVIEW(1.0),"Gross domestic product (GDP) and main components (output, expenditure and income) - annual data",A,Annual,CP_MEUR,"Current prices, million euro",B1GQ,Gross domestic product at market prices,CH,Switzerland,2023,,858396.6,,,,,
dataflow,ESTAT:NAMA_10_GDP$DEFAULTVIEW(1.0),"Gross domestic product (GDP) and main components (output, expenditure and income) - annual data",A,Annual,CP_MEUR,"Current prices, million euro",B1GQ,Gross domestic product at market prices,CH,Switzerland,2024,,896448.7,,,,,
dataflow,ESTAT:NAMA_10_GDP$DEFAULTVIEW(1.0),"Gross domestic product (GDP) and main components (output, expenditure and income) - annual data",A,Annual,CP_MEUR,"Current prices, million euro",B1GQ,Gross domestic product at market prices,CH,Switzerland,2025,,925874.8,,,,,
dataflow,ESTAT:NAMA_10_GDP$DEFAULTVIEW(1.0),"Gross domestic product (GDP) and main components (output, expenditure and income) - annual data",A,Annual,CP_MEUR,"Current prices, million euro",B1GQ,Gross domestic product at market prices,CY,Cyprus,2016,,19013.8,,,,,
dataflow,ESTAT:NAMA_10_GDP$DEFAULTVIEW(1.0),"Gross domestic product (GDP) and main components (output, expenditure and income) - annual data",A,Annual,CP_MEUR,"Current prices, million euro",B1GQ,Gross domestic product at market prices,CY,Cyprus,2017,,20312.4,,,,,
dataflow,ESTAT:NAMA_10_GDP$DEFAULTVIEW(1.0),"Gross domestic product (GDP) and main components (output, expenditure and income) - annual data",A,Annual,CP_MEUR,"Current prices, million euro",B1GQ,Gross domestic product at market prices,CY,Cyprus,2018,,21807.8,,,,,
dataflow,ESTAT:NAMA_10_GDP$DEFAULTVIEW(1.0),"Gross domestic product (GDP) and main components (output, expenditure and income) - annual data",A,Annual,CP_MEUR,"Current prices, million euro",B1GQ,Gross domestic product at market prices,CY,Cyprus,2019,,23400.9,,,,,
dataflow,ESTAT:NAMA_10_GDP$DEFAULTVIEW(1.0),"Gross domestic product (GDP) and main components (output, expenditure and income) - annual data",A,Annual,CP_MEUR,"Current prices, million euro",B1GQ,Gross domestic product at market prices,CY,Cyprus,2020,,22373.6,,,,,
dataflow,ESTAT:NAMA_10_GDP$DEFAULTVIEW(1.0),"Gross domestic product (GDP) and main components (output, expenditure and income) - annual data",A,Annual,CP_MEUR,"Current prices, million euro",B1GQ,Gross domestic product at market prices,CY,Cyprus,2021,,25679.9,,,,,
dataflow,ESTAT:NAMA_10_GDP$DEFAULTVIEW(1.0),"Gross domestic product (GDP) and main components (output, expenditure and income) - annual data",A,Annual,CP_MEUR,"Current prices, million euro",B1GQ,Gross domestic product at market prices,CY,Cyprus,2022,,29645.4,,,,,
dataflow,ESTAT:NAMA_10_GDP$DEFAULTVIEW(1.0),"Gross domestic product (GDP) and main components (output, expenditure and income) - annual data",A,Annual,CP_MEUR,"Current prices, million euro",B1GQ,Gross domestic product at market prices,CY,Cyprus,2023,,32439.2,,,,,
dataflow,ESTAT:NAMA_10_GDP$DEFAULTVIEW(1.0),"Gross domestic product (GDP) and main components (output, expenditure and income) - annual data",A,Annual,CP_MEUR,"Current prices, million euro",B1GQ,Gross domestic product at market prices,CY,Cyprus,2024,,34770.2,,p,provisional,,
dataflow,ESTAT:NAMA_10_GDP$DEFAULTVIEW(1.0),"Gross domestic product (GDP) and main components (output, expenditure and income) - annual data",A,Annual,CP_MEUR,"Current prices, million euro",B1GQ,Gross domestic product at market prices,CY,Cyprus,2025,,36483.5,,p,provisional,,
dataflow,ESTAT:NAMA_10_GDP$DEFAULTVIEW(1.0),"Gross domestic product (GDP) and main components (output, expenditure and income) - annual data",A,Annual,CP_MEUR,"Current prices, million euro",B1GQ,Gross domestic product at market prices,CZ,Czechia,2016,,179145.9,,,,,
dataflow,ESTAT:NAMA_10_GDP$DEFAULTVIEW(1.0),"Gross domestic product (GDP) and main components (output, expenditure and income) - annual data",A,Annual,CP_MEUR,"Current prices, million euro",B1GQ,Gross domestic product at market prices,CZ,Czechia,2017,,196738.7,,,,,
dataflow,ESTAT:NAMA_10_GDP$DEFAULTVIEW(1.0),"Gross domestic product (GDP) and main components (output, expenditure and income) - annual data",A,Annual,CP_MEUR,"Current prices, million euro",B1GQ,Gross domestic product at market prices,CZ,Czechia,2018,,213505.4,,,,,
dataflow,ESTAT:NAMA_10_GDP$DEFAULTVIEW(1.0),"Gross domestic product (GDP) and main components (output, expenditure and income) - annual data",A,Annual,CP_MEUR,"Current prices, million euro",B1GQ,Gross domestic product at market prices,CZ,Czechia,2019,,229406.7,,,,,
dataflow,ESTAT:NAMA_10_GDP$DEFAULTVIEW(1.0),"Gross domestic product (GDP) and main components (output, expenditure and income) - annual data",A,Annual,CP_MEUR,"Current prices, million euro",B1GQ,Gross domestic product at market prices,CZ,Czechia,2020,,220310.6,,,,,
dataflow,ESTAT:NAMA_10_GDP$DEFAULTVIEW(1.0),"Gross domestic product (GDP) and main components (output, expenditure and income) - annual data",A,Annual,CP_MEUR,"Current prices, million euro",B1GQ,Gross domestic product at market prices,CZ,Czechia,2021,,246012.3,,,,,
dataflow,ESTAT:NAMA_10_GDP$DEFAULTVIEW(1.0),"Gross domestic product (GDP) and main components (output, expenditure and income) - annual data",A,Annual,CP_MEUR,"Current prices, million euro",B1GQ,Gross domestic product at market prices,CZ,Czechia,2022,,286976.8,,,,,
dataflow,ESTAT:NAMA_10_GDP$DEFAULTVIEW(1.0),"Gross domestic product (GDP) and main components (output, expenditure and income) - annual data",A,Annual,CP_MEUR,"Current prices, million euro",B1GQ,Gross domestic product at market prices,CZ,Czechia,2023,,319099.1,,,,,
dataflow,ESTAT:NAMA_10_GDP$DEFAULTVIEW(1.0),"Gross domestic product (GDP) and main components (output, expenditure and income) - annual data",A,Annual,CP_MEUR,"Current prices, million euro",B1GQ,Gross domestic product at market prices,CZ,Czechia,2024,,320786.5,,,,,
dataflow,ESTAT:NAMA_10_GDP$DEFAULTVIEW(1.0),"Gross domestic product (GDP) and main components (output, expenditure and income) - annual data",A,Annual,CP_MEUR,"Current prices, million euro",B1GQ,Gross domestic product at market prices,CZ,Czechia,2025,,346583.4,,,,,
dataflow,ESTAT:NAMA_10_GDP$DEFAULTVIEW(1.0),"Gross domestic product (GDP) and main components (output, expenditure and income) - annual data",A,Annual,CP_MEUR,"Current prices, million euro",B1GQ,Gross domestic product at market prices,DE,Germany,2016,,3195210.0,,,,,
dataflow,ESTAT:NAMA_10_GDP$DEFAULTVIEW(1.0),"Gross domestic product (GDP) and main components (output, expenditure and income) - annual data",A,Annual,CP_MEUR,"Current prices, million euro",B1GQ,Gross domestic product at market prices,DE,Germany,2017,,3333110.0,,,,,
dataflow,ESTAT:NAMA_10_GDP$DEFAULTVIEW(1.0),"Gross domestic product (GDP) and main components (output, expenditure and income) - annual data",A,Annual,CP_MEUR,"Current prices, million euro",B1GQ,Gross domestic product at market prices,DE,Germany,2018,,3434030.0,,,,,
dataflow,ESTAT:NAMA_10_GDP$DEFAULTVIEW(1.0),"Gross domestic product (GDP) and main components (output, expenditure and income) - annual data",A,Annual,CP_MEUR,"Current prices, million euro",B1GQ,Gross domestic product at market prices,DE,Germany,2019,,3537280.0,,,,,
dataflow,ESTAT:NAMA_10_GDP$DEFAULTVIEW(1.0),"Gross domestic product (GDP) and main components (output, expenditure and income) - annual data",A,Annual,CP_MEUR,"Current prices, million euro",B1GQ,Gross domestic product at market prices,DE,Germany,2020,,3450720.0,,,,,
dataflow,ESTAT:NAMA_10_GDP$DEFAULTVIEW(1.0),"Gross domestic product (GDP) and main components (output, expenditure and income) - annual data",A,Annual,CP_MEUR,"Current prices, million euro",B1GQ,Gross domestic product at market prices,DE,Germany,2021,,3682340.0,,,,,
dataflow,ESTAT:NAMA_10_GDP$DEFAULTVIEW(1.0),"Gross domestic product (GDP) and main components (output, expenditure and income) - annual data",A,Annual,CP_MEUR,"Current prices, million euro",B1GQ,Gross domestic product at market prices,DE,Germany,2022,,3989390.0,,p,provisional,,
dataflow,ESTAT:NAMA_10_GDP$DEFAULTVIEW(1.0),"Gross domestic product (GDP) and main components (output, expenditure and income) - annual data",A,Annual,CP_MEUR,"Current prices, million euro",B1GQ,Gross domestic product at market prices,DE,Germany,2023,,4219310.0,,p,provisional,,
dataflow,ESTAT:NAMA_10_GDP$DEFAULTVIEW(1.0),"Gross domestic product (GDP) and main components (output, expenditure and income) - annual data",A,Annual,CP_MEUR,"Current prices, million euro",B1GQ,Gross domestic product at market prices,DE,Germany,2024,,4328970.0,,p,provisional,,
dataflow,ESTAT:NAMA_10_GDP$DEFAULTVIEW(1.0),"Gross domestic product (GDP) and main components (output, expenditure and income) - annual data",A,Annual,CP_MEUR,"Current prices, million euro",B1GQ,Gross domestic product at market prices,DE,Germany,2025,,4469810.0,,p,provisional,,
dataflow,ESTAT:NAMA_10_GDP$DEFAULTVIEW(1.0),"Gross domestic product (GDP) and main components (output, expenditure and income) - annual data",A,Annual,CP_MEUR,"Current prices, million euro",B1GQ,Gross domestic product at market prices,DK,Denmark,2016,,282265.1,,,,,
dataflow,ESTAT:NAMA_10_GDP$DEFAULTVIEW(1.0),"Gross domestic product (GDP) and main components (output, expenditure and income) - annual data",A,Annual,CP_MEUR,"Current prices, million euro",B1GQ,Gross domestic product at market prices,DK,Denmark,2017,,294355.0,,,,,
dataflow,ESTAT:NAMA_10_GDP$DEFAULTVIEW(1.0),"Gross domestic product (GDP) and main components (output, expenditure and income) - annual data",A,Annual,CP_MEUR,"Current prices, million euro",B1GQ,Gross domestic product at market prices,DK,Denmark,2018,,301017.3,,,,,
dataflow,ESTAT:NAMA_10_GDP$DEFAULTVIEW(1.0),"Gross domestic product (GDP) and main components (output, expenditure and income) - annual data",A,Annual,CP_MEUR,"Current prices, million euro",B1GQ,Gross domestic product at market prices,DK,Denmark,2019,,308546.2,,,,,
dataflow,ESTAT:NAMA_10_GDP$DEFAULTVIEW(1.0),"Gross domestic product (GDP) and main components (output, expenditure and income) - annual data",A,Annual,CP_MEUR,"Current prices, million euro",B1GQ,Gross domestic product at market prices,DK,Denmark,2020,,312118.3,,,,,
dataflow,ESTAT:NAMA_10_GDP$DEFAULTVIEW(1.0),"Gross domestic product (GDP) and main components (output, expenditure and income) - annual data",A,Annual,CP_MEUR,"Current prices, million euro",B1GQ,Gross domestic product at market prices,DK,Denmark,2021,,343318.6,,,,,
dataflow,ESTAT:NAMA_10_GDP$DEFAULTVIEW(1.0),"Gross domestic product (GDP) and main components (output, expenditure and income) - annual data",A,Annual,CP_MEUR,"Current prices, million euro",B1GQ,Gross domestic product at market prices,DK,Denmark,2022,,380567.4,,,,,
dataflow,ESTAT:NAMA_10_GDP$DEFAULTVIEW(1.0),"Gross domestic product (GDP) and main components (output, expenditure and income) - annual data",A,Annual,CP_MEUR,"Current prices, million euro",B1GQ,Gross domestic product at market prices,DK,Denmark,2023,,374173.6,,,,,
dataflow,ESTAT:NAMA_10_GDP$DEFAULTVIEW(1.0),"Gross domestic product (GDP) and main components (output, expenditure and income) - annual data",A,Annual,CP_MEUR,"Current prices, million euro",B1GQ,Gross domestic product at market prices,DK,Denmark,2024,,392400.7,,,,,
dataflow,ESTAT:NAMA_10_GDP$DEFAULTVIEW(1.0),"Gross domestic product (GDP) and main components (output, expenditure and income) - annual data",A,Annual,CP_MEUR,"Current prices, million euro",B1GQ,Gross domestic product at market prices,DK,Denmark,2025,,410372.0,,,,,
dataflow,ESTAT:NAMA_10_GDP$DEFAULTVIEW(1.0),"Gross domestic product (GDP) and main components (output, expenditure and income) - annual data",A,Annual,CP_MEUR,"Current prices, million euro",B1GQ,Gross domestic product at market prices,EA,"Euro area (EA11-1999, EA12-2001, EA13-2007, EA15-2008, EA16-2009, EA17-2011, EA18-2014, EA19-2015, EA20-2023, EA21-2026)",2016,,10904868.5,,,,,
dataflow,ESTAT:NAMA_10_GDP$DEFAULTVIEW(1.0),"Gross domestic product (GDP) and main components (output, expenditure and income) - annual data",A,Annual,CP_MEUR,"Current prices, million euro",B1GQ,Gross domestic product at market prices,EA,"Euro area (EA11-1999, EA12-2001, EA13-2007, EA15-2008, EA16-2009, EA17-2011, EA18-2014, EA19-2015, EA20-2023, EA21-2026)",2017,,11318040.7,,,,,
dataflow,ESTAT:NAMA_10_GDP$DEFAULTVIEW(1.0),"Gross domestic product (GDP) and main components (output, expenditure and income) - annual data",A,Annual,CP_MEUR,"Current prices, million euro",B1GQ,Gross domestic product at market prices,EA,"Euro area (EA11-1999, EA12-2001, EA13-2007, EA15-2008, EA16-2009, EA17-2011, EA18-2014, EA19-2015, EA20-2023, EA21-2026)",2018,,11694023.9,,,,,
dataflow,ESTAT:NAMA_10_GDP$DEFAULTVIEW(1.0),"Gross domestic product (GDP) and main components (output, expenditure and income) - annual data",A,Annual,CP_MEUR,"Current prices, million euro",B1GQ,Gross domestic product at market prices,EA,"Euro area (EA11-1999, EA12-2001, EA13-2007, EA15-2008, EA16-2009, EA17-2011, EA18-2014, EA19-2015, EA20-2023, EA21-2026)",2019,,12084516.3,,,,,
dataflow,ESTAT:NAMA_10_GDP$DEFAULTVIEW(1.0),"Gross domestic product (GDP) and main components (output, expenditure and income) - annual data",A,Annual,CP_MEUR,"Current prices, million euro",B1GQ,Gross domestic product at market prices,EA,"Euro area (EA11-1999, EA12-2001, EA13-2007, EA15-2008, EA16-2009, EA17-2011, EA18-2014, EA19-2015, EA20-2023, EA21-2026)",2020,,11565084.6,,,,,
dataflow,ESTAT:NAMA_10_GDP$DEFAULTVIEW(1.0),"Gross domestic product (GDP) and main components (output, expenditure and income) - annual data",A,Annual,CP_MEUR,"Current prices, million euro",B1GQ,Gross domestic product at market prices,EA,"Euro area (EA11-1999, EA12-2001, EA13-2007, EA15-2008, EA16-2009, EA17-2011, EA18-2014, EA19-2015, EA20-2023, EA21-2026)",2021,,12560299.7,,,,,
dataflow,ESTAT:NAMA_10_GDP$DEFAULTVIEW(1.0),"Gross domestic product (GDP) and main components (output, expenditure and income) - annual data",A,Annual,CP_MEUR,"Current prices, million euro",B1GQ,Gross domestic product at market prices,EA,"Euro area (EA11-1999, EA12-2001, EA13-2007, EA15-2008, EA16-2009, EA17-2011, EA18-2014, EA19-2015, EA20-2023, EA21-2026)",2022,,13690696.4,,,,,
dataflow,ESTAT:NAMA_10_GDP$DEFAULTVIEW(1.0),"Gross domestic product (GDP) and main components (output, expenditure and income) - annual data",A,Annual,CP_MEUR,"Current prices, million euro",B1GQ,Gross domestic product at market prices,EA,"Euro area (EA11-1999, EA12-2001, EA13-2007, EA15-2008, EA16-2009, EA17-2011, EA18-2014, EA19-2015, EA20-2023, EA21-2026)",2023,,14670744.7,,,,,
dataflow,ESTAT:NAMA_10_GDP$DEFAULTVIEW(1.0),"Gross domestic product (GDP) and main components (output, expenditure and income) - annual data",A,Annual,CP_MEUR,"Current prices, million euro",B1GQ,Gross domestic product at market prices,EA,"Euro area (EA11-1999, EA12-2001, EA13-2007, EA15-2008, EA16-2009, EA17-2011, EA18-2014, EA19-2015, EA20-2023, EA21-2026)",2024,,15248539.5,,,,,
dataflow,ESTAT:NAMA_10_GDP$DEFAULTVIEW(1.0),"Gross domestic product (GDP) and main components (output, expenditure and income) - annual data",A,Annual,CP_MEUR,"Current prices, million euro",B1GQ,Gross domestic product at market prices,EA,"Euro area (EA11-1999, EA12-2001, EA13-2007, EA15-2008, EA16-2009, EA17-2011, EA18-2014, EA19-2015, EA20-2023, EA21-2026)",2025,,15835920.4,,,,,
dataflow,ESTAT:NAMA_10_GDP$DEFAULTVIEW(1.0),"Gross domestic product (GDP) and main components (output, expenditure and income) - annual data",A,Annual,CP_MEUR,"Current prices, million euro",B1GQ,Gross domestic product at market prices,EA12,Euro area - 12 countries (2001-2006),2016,,10667847.7,,,,,
dataflow,ESTAT:NAMA_10_GDP$DEFAULTVIEW(1.0),"Gross domestic product (GDP) and main components (output, expenditure and income) - annual data",A,Annual,CP_MEUR,"Current prices, million euro",B1GQ,Gross domestic product at market prices,EA12,Euro area - 12 countries (2001-2006),2017,,11064998.9,,,,,
dataflow,ESTAT:NAMA_10_GDP$DEFAULTVIEW(1.0),"Gross domestic product (GDP) and main components (output, expenditure and income) - annual data",A,Annual,CP_MEUR,"Current prices, million euro",B1GQ,Gross domestic product at market prices,EA12,Euro area - 12 countries (2001-2006),2018,,11422259.9,,,,,
dataflow,ESTAT:NAMA_10_GDP$DEFAULTVIEW(1.0),"Gross domestic product (GDP) and main components (output, expenditure and income) - annual data",A,Annual,CP_MEUR,"Current prices, million euro",B1GQ,Gross domestic product at market prices,EA12,Euro area - 12 countries (2001-2006),2019,,11796539.0,,,,,
dataflow,ESTAT:NAMA_10_GDP$DEFAULTVIEW(1.0),"Gross domestic product (GDP) and main components (output, expenditure and income) - annual data",A,Annual,CP_MEUR,"Current prices, million euro",B1GQ,Gross domestic product at market prices,EA12,Euro area - 12 countries (2001-2006),2020,,11279941.0,,,,,
dataflow,ESTAT:NAMA_10_GDP$DEFAULTVIEW(1.0),"Gross domestic product (GDP) and main components (output, expenditure and income) - annual data",A,Annual,CP_MEUR,"Current prices, million euro",B1GQ,Gross domestic product at market prices,EA12,Euro area - 12 countries (2001-2006),2021,,12243569.3,,,,,
dataflow,ESTAT:NAMA_10_GDP$DEFAULTVIEW(1.0),"Gross domestic product (GDP) and main components (output, expenditure and income) - annual data",A,Annual,CP_MEUR,"Current prices, million euro",B1GQ,Gross domestic product at market prices,EA12,Euro area - 12 countries (2001-2006),2022,,13336753.5,,,,,
dataflow,ESTAT:NAMA_10_GDP$DEFAULTVIEW(1.0),"Gross domestic product (GDP) and main components (output, expenditure and income) - annual data",A,Annual,CP_MEUR,"Current prices, million euro",B1GQ,Gross domestic product at market prices,EA12,Euro area - 12 countries (2001-2006),2023,,14198366.7,,,,,
dataflow,ESTAT:NAMA_10_GDP$DEFAULTVIEW(1.0),"Gross domestic product (GDP) and main components (output, expenditure and income) - annual data",A,Annual,CP_MEUR,"Current prices, million euro",B1GQ,Gross domestic product at market prices,EA12,Euro area - 12 countries (2001-2006),2024,,14747600.0,,,,,
dataflow,ESTAT:NAMA_10_GDP$DEFAULTVIEW(1.0),"Gross domestic product (GDP) and main components (output, expenditure and income) - annual data",A,Annual,CP_MEUR,"Current prices, million euro",B1GQ,Gross domestic product at market prices,EA12,Euro area - 12 countries (2001-2006),2025,,15305738.3,,,,,
dataflow,ESTAT:NAMA_10_GDP$DEFAULTVIEW(1.0),"Gross domestic product (GDP) and main components (output, expenditure and income) - annual data",A,Annual,CP_MEUR,"Current prices, million euro",B1GQ,Gross domestic product at market prices,EA19,Euro area - 19 countries  (2015-2022),2016,,10904868.5,,,,,
dataflow,ESTAT:NAMA_10_GDP$DEFAULTVIEW(1.0),"Gross domestic product (GDP) and main components (output, expenditure and income) - annual data",A,Annual,CP_MEUR,"Current prices, million euro",B1GQ,Gross domestic product at market prices,EA19,Euro area - 19 countries  (2015-2022),2017,,11318040.7,,,,,
dataflow,ESTAT:NAMA_10_GDP$DEFAULTVIEW(1.0),"Gross domestic product (GDP) and main components (output, expenditure and income) - annual data",A,Annual,CP_MEUR,"Current prices, million euro",B1GQ,Gross domestic product at market prices,EA19,Euro area - 19 countries  (2015-2022),2018,,11694023.9,,,,,
dataflow,ESTAT:NAMA_10_GDP$DEFAULTVIEW(1.0),"Gross domestic product (GDP) and main components (output, expenditure and income) - annual data",A,Annual,CP_MEUR,"Current prices, million euro",B1GQ,Gross domestic product at market prices,EA19,Euro area - 19 countries  (2015-2022),2019,,12084516.3,,,,,
dataflow,ESTAT:NAMA_10_GDP$DEFAULTVIEW(1.0),"Gross domestic product (GDP) and main components (output, expenditure and income) - annual data",A,Annual,CP_MEUR,"Current prices, million euro",B1GQ,Gross domestic product at market prices,EA19,Euro area - 19 countries  (2015-2022),2020,,11565084.6,,,,,
dataflow,ESTAT:NAMA_10_GDP$DEFAULTVIEW(1.0),"Gross domestic product (GDP) and main components (output, expenditure and income) - annual data",A,Annual,CP_MEUR,"Current prices, million euro",B1GQ,Gross domestic product at market prices,EA19,Euro area - 19 countries  (2015-2022),2021,,12560299.7,,,,,
dataflow,ESTAT:NAMA_10_GDP$DEFAULTVIEW(1.0),"Gross domestic product (GDP) and main components (output, expenditure and income) - annual data",A,Annual,CP_MEUR,"Current prices, million euro",B1GQ,Gross domestic product at market prices,EA19,Euro area - 19 countries  (2015-2022),2022,,13690696.4,,,,,
dataflow,ESTAT:NAMA_10_GDP$DEFAULTVIEW(1.0),"Gross domestic product (GDP) and main components (output, expenditure and income) - annual data",A,Annual,CP_MEUR,"Current prices, million euro",B1GQ,Gross domestic product at market prices,EA19,Euro area - 19 countries  (2015-2022),2023,,14591558.4,,,,,
dataflow,ESTAT:NAMA_10_GDP$DEFAULTVIEW(1.0),"Gross domestic product (GDP) and main components (output, expenditure and income) - annual data",A,Annual,CP_MEUR,"Current prices, million euro",B1GQ,Gross domestic product at market prices,EA19,Euro area - 19 countries  (2015-2022),2024,,15162634.3,,,,,
dataflow,ESTAT:NAMA_10_GDP$DEFAULTVIEW(1.0),"Gross domestic product (GDP) and main components (output, expenditure and income) - annual data",A,Annual,CP_MEUR,"Current prices, million euro",B1GQ,Gross domestic product at market prices,EA19,Euro area - 19 countries  (2015-2022),2025,,15742945.3,,,,,
dataflow,ESTAT:NAMA_10_GDP$DEFAULTVIEW(1.0),"Gross domestic product (GDP) and main components (output, expenditure and income) - annual data",A,Annual,CP_MEUR,"Current prices, million euro",B1GQ,Gross domestic product at market prices,EA20,Euro area – 20 countries (2023-2025),2016,,10952442.0,,,,,
dataflow,ESTAT:NAMA_10_GDP$DEFAULTVIEW(1.0),"Gross domestic product (GDP) and main components (output, expenditure and income) - annual data",A,Annual,CP_MEUR,"Current prices, million euro",B1GQ,Gross domestic product at market prices,EA20,Euro area – 20 countries (2023-2025),2017,,11368245.0,,,,,
dataflow,ESTAT:NAMA_10_GDP$DEFAULTVIEW(1.0),"Gross domestic product (GDP) and main components (output, expenditure and income) - annual data",A,Annual,CP_MEUR,"Current prices, million euro",B1GQ,Gross domestic product at market prices,EA20,Euro area – 20 countries (2023-2025),2018,,11747059.3,,,,,
dataflow,ESTAT:NAMA_10_GDP$DEFAULTVIEW(1.0),"Gross domestic product (GDP) and main components (output, expenditure and income) - annual data",A,Annual,CP_MEUR,"Current prices, million euro",B1GQ,Gross domestic product at market prices,EA20,Euro area – 20 countries (2023-2025),2019,,12140284.1,,,,,
dataflow,ESTAT:NAMA_10_GDP$DEFAULTVIEW(1.0),"Gross domestic product (GDP) and main components (output, expenditure and income) - annual data",A,Annual,CP_MEUR,"Current prices, million euro",B1GQ,Gross domestic product at market prices,EA20,Euro area – 20 countries (2023-2025),2020,,11615802.3,,,,,
dataflow,ESTAT:NAMA_10_GDP$DEFAULTVIEW(1.0),"Gross domestic product (GDP) and main components (output, expenditure and income) - annual data",A,Annual,CP_MEUR,"Current prices, million euro",B1GQ,Gross domestic product at market prices,EA20,Euro area – 20 countries (2023-2025),2021,,12618690.1,,,,,
dataflow,ESTAT:NAMA_10_GDP$DEFAULTVIEW(1.0),"Gross domestic product (GDP) and main components (output, expenditure and income) - annual data",A,Annual,CP_MEUR,"Current prices, million euro",B1GQ,Gross domestic product at market prices,EA20,Euro area – 20 countries (2023-2025),2022,,13758305.8,,,,,
dataflow,ESTAT:NAMA_10_GDP$DEFAULTVIEW(1.0),"Gross domestic product (GDP) and main components (output, expenditure and income) - annual data",A,Annual,CP_MEUR,"Current prices, million euro",B1GQ,Gross domestic product at market prices,EA20,Euro area – 20 countries (2023-2025),2023,,14670744.7,,,,,
dataflow,ESTAT:NAMA_10_GDP$DEFAULTVIEW(1.0),"Gross domestic product (GDP) and main components (output, expenditure and income) - annual data",A,Annual,CP_MEUR,"Current prices, million euro",B1GQ,Gross domestic product at market prices,EA20,Euro area – 20 countries (2023-2025),2024,,15248539.5,,,,,
dataflow,ESTAT:NAMA_10_GDP$DEFAULTVIEW(1.0),"Gross domestic product (GDP) and main components (output, expenditure and income) - annual data",A,Annual,CP_MEUR,"Current prices, million euro",B1GQ,Gross domestic product at market prices,EA20,Euro area – 20 countries (2023-2025),2025,,15835920.4,,,,,
dataflow,ESTAT:NAMA_10_GDP$DEFAULTVIEW(1.0),"Gross domestic product (GDP) and main components (output, expenditure and income) - annual data",A,Annual,CP_MEUR,"Current prices, million euro",B1GQ,Gross domestic product at market prices,EA21,Euro area – 21 countries (from 2026),2016,,11001193.3,,,,,
dataflow,ESTAT:NAMA_10_GDP$DEFAULTVIEW(1.0),"Gross domestic product (GDP) and main components (output, expenditure and income) - annual data",A,Annual,CP_MEUR,"Current prices, million euro",B1GQ,Gross domestic product at market prices,EA21,Euro area – 21 countries (from 2026),2017,,11420746.0,,,,,
dataflow,ESTAT:NAMA_10_GDP$DEFAULTVIEW(1.0),"Gross domestic product (GDP) and main components (output, expenditure and income) - annual data",A,Annual,CP_MEUR,"Current prices, million euro",B1GQ,Gross domestic product at market prices,EA21,Euro area – 21 countries (from 2026),2018,,11803059.0,,,,,
dataflow,ESTAT:NAMA_10_GDP$DEFAULTVIEW(1.0),"Gross domestic product (GDP) and main components (output, expenditure and income) - annual data",A,Annual,CP_MEUR,"Current prices, million euro",B1GQ,Gross domestic product at market prices,EA21,Euro area – 21 countries (from 2026),2019,,12201478.5,,,,,
dataflow,ESTAT:NAMA_10_GDP$DEFAULTVIEW(1.0),"Gross domestic product (GDP) and main components (output, expenditure and income) - annual data",A,Annual,CP_MEUR,"Current prices, million euro",B1GQ,Gross domestic product at market prices,EA21,Euro area – 21 countries (from 2026),2020,,11677657.9,,,,,
dataflow,ESTAT:NAMA_10_GDP$DEFAULTVIEW(1.0),"Gross domestic product (GDP) and main components (output, expenditure and income) - annual data",A,Annual,CP_MEUR,"Current prices, million euro",B1GQ,Gross domestic product at market prices,EA21,Euro area – 21 countries (from 2026),2021,,12690034.0,,,,,
dataflow,ESTAT:NAMA_10_GDP$DEFAULTVIEW(1.0),"Gross domestic product (GDP) and main components (output, expenditure and income) - annual data",A,Annual,CP_MEUR,"Current prices, million euro",B1GQ,Gross domestic product at market prices,EA21,Euro area – 21 countries (from 2026),2022,,13844384.0,,,,,
dataflow,ESTAT:NAMA_10_GDP$DEFAULTVIEW(1.0),"Gross domestic product (GDP) and main components (output, expenditure and income) - annual data",A,Annual,CP_MEUR,"Current prices, million euro",B1GQ,Gross domestic product at market prices,EA21,Euro area – 21 countries (from 2026),2023,,14765269.8,,,,,
dataflow,ESTAT:NAMA_10_GDP$DEFAULTVIEW(1.0),"Gross domestic product (GDP) and main components (output, expenditure and income) - annual data",A,Annual,CP_MEUR,"Current prices, million euro",B1GQ,Gross domestic product at market prices,EA21,Euro area – 21 countries (from 2026),2024,,15353306.8,,,,,
dataflow,ESTAT:NAMA_10_GDP$DEFAULTVIEW(1.0),"Gross domestic product (GDP) and main components (output, expenditure and income) - annual data",A,Annual,CP_MEUR,"Current prices, million euro",B1GQ,Gross domestic product at market prices,EA21,Euro area – 21 countries (from 2026),2025,,15951938.7,,,,,
dataflow,ESTAT:NAMA_10_GDP$DEFAULTVIEW(1.0),"Gross domestic product (GDP) and main components (output, expenditure and income) - annual data",A,Annual,CP_MEUR,"Current prices, million euro",B1GQ,Gross domestic product at market prices,EE,Estonia,2016,,22189.0,,,,,
dataflow,ESTAT:NAMA_10_GDP$DEFAULTVIEW(1.0),"Gross domestic product (GDP) and main components (output, expenditure and income) - annual data",A,Annual,CP_MEUR,"Current prices, million euro",B1GQ,Gross domestic product at market prices,EE,Estonia,2017,,24316.1,,,,,
dataflow,ESTAT:NAMA_10_GDP$DEFAULTVIEW(1.0),"Gross domestic product (GDP) and main components (output, expenditure and income) - annual data",A,Annual,CP_MEUR,"Current prices, million euro",B1GQ,Gross domestic product at market prices,EE,Estonia,2018,,26438.5,,,,,
dataflow,ESTAT:NAMA_10_GDP$DEFAULTVIEW(1.0),"Gross domestic product (GDP) and main components (output, expenditure and income) - annual data",A,Annual,CP_MEUR,"Current prices, million euro",B1GQ,Gross domestic product at market prices,EE,Estonia,2019,,28472.1,,,,,
dataflow,ESTAT:NAMA_10_GDP$DEFAULTVIEW(1.0),"Gross domestic product (GDP) and main components (output, expenditure and income) - annual data",A,Annual,CP_MEUR,"Current prices, million euro",B1GQ,Gross domestic product at market prices,EE,Estonia,2020,,27859.3,,,,,
dataflow,ESTAT:NAMA_10_GDP$DEFAULTVIEW(1.0),"Gross domestic product (GDP) and main components (output, expenditure and income) - annual data",A,Annual,CP_MEUR,"Current prices, million euro",B1GQ,Gross domestic product at market prices,EE,Estonia,2021,,31453.3,,,,,
dataflow,ESTAT:NAMA_10_GDP$DEFAULTVIEW(1.0),"Gross domestic product (GDP) and main components (output, expenditure and income) - annual data",A,Annual,CP_MEUR,"Current prices, million euro",B1GQ,Gross domestic product at market prices,EE,Estonia,2022,,36300.9,,,,,
dataflow,ESTAT:NAMA_10_GDP$DEFAULTVIEW(1.0),"Gross domestic product (GDP) and main components (output, expenditure and income) - annual data",A,Annual,CP_MEUR,"Current prices, million euro",B1GQ,Gross domestic product at market prices,EE,Estonia,2023,,38353.4,,,,,
dataflow,ESTAT:NAMA_10_GDP$DEFAULTVIEW(1.0),"Gross domestic product (GDP) and main components (output, expenditure and income) - annual data",A,Annual,CP_MEUR,"Current prices, million euro",B1GQ,Gross domestic product at market prices,EE,Estonia,2024,,39847.7,,,,,
dataflow,ESTAT:NAMA_10_GDP$DEFAULTVIEW(1.0),"Gross domestic product (GDP) and main components (output, expenditure and income) - annual data",A,Annual,CP_MEUR,"Current prices, million euro",B1GQ,Gross domestic product at market prices,EE,Estonia,2025,,41620.8,,,,,
dataflow,ESTAT:NAMA_10_GDP$DEFAULTVIEW(1.0),"Gross domestic product (GDP) and main components (output, expenditure and income) - annual data",A,Annual,CP_MEUR,"Current prices, million euro",B1GQ,Gross domestic product at market prices,EL,Greece,2016,,174448.2,,,,,
dataflow,ESTAT:NAMA_10_GDP$DEFAULTVIEW(1.0),"Gross domestic product (GDP) and main components (output, expenditure and income) - annual data",A,Annual,CP_MEUR,"Current prices, million euro",B1GQ,Gross domestic product at market prices,EL,Greece,2017,,177378.5,,,,,
dataflow,ESTAT:NAMA_10_GDP$DEFAULTVIEW(1.0),"Gross domestic product (GDP) and main components (output, expenditure and income) - annual data",A,Annual,CP_MEUR,"Current prices, million euro",B1GQ,Gross domestic product at market prices,EL,Greece,2018,,180615.7,,,,,
dataflow,ESTAT:NAMA_10_GDP$DEFAULTVIEW(1.0),"Gross domestic product (GDP) and main components (output, expenditure and income) - annual data",A,Annual,CP_MEUR,"Current prices, million euro",B1GQ,Gross domestic product at market prices,EL,Greece,2019,,185181.2,,,,,
dataflow,ESTAT:NAMA_10_GDP$DEFAULTVIEW(1.0),"Gross domestic product (GDP) and main components (output, expenditure and income) - annual data",A,Annual,CP_MEUR,"Current prices, million euro",B1GQ,Gross domestic product at market prices,EL,Greece,2020,,167539.5,,,,,
dataflow,ESTAT:NAMA_10_GDP$DEFAULTVIEW(1.0),"Gross domestic product (GDP) and main components (output, expenditure and income) - annual data",A,Annual,CP_MEUR,"Current prices, million euro",B1GQ,Gross domestic product at market prices,EL,Greece,2021,,184574.6,,,,,
dataflow,ESTAT:NAMA_10_GDP$DEFAULTVIEW(1.0),"Gross domestic product (GDP) and main components (output, expenditure and income) - annual data",A,Annual,CP_MEUR,"Current prices, million euro",B1GQ,Gross domestic product at market prices,EL,Greece,2022,,207008.7,,,,,
dataflow,ESTAT:NAMA_10_GDP$DEFAULTVIEW(1.0),"Gross domestic product (GDP) and main components (output, expenditure and income) - annual data",A,Annual,CP_MEUR,"Current prices, million euro",B1GQ,Gross domestic product at market prices,EL,Greece,2023,,224686.2,,p,provisional,,
dataflow,ESTAT:NAMA_10_GDP$DEFAULTVIEW(1.0),"Gross domestic product (GDP) and main components (output, expenditure and income) - annual data",A,Annual,CP_MEUR,"Current prices, million euro",B1GQ,Gross domestic product at market prices,EL,Greece,2024,,236736.0,,p,provisional,,
dataflow,ESTAT:NAMA_10_GDP$DEFAULTVIEW(1.0),"Gross domestic product (GDP) and main components (output, expenditure and income) - annual data",A,Annual,CP_MEUR,"Current prices, million euro",B1GQ,Gross domestic product at market prices,EL,Greece,2025,,248353.7,,p,provisional,,
dataflow,ESTAT:NAMA_10_GDP$DEFAULTVIEW(1.0),"Gross domestic product (GDP) and main components (output, expenditure and income) - annual data",A,Annual,CP_MEUR,"Current prices, million euro",B1GQ,Gross domestic product at market prices,ES,Spain,2016,,1122967.0,,,,,
dataflow,ESTAT:NAMA_10_GDP$DEFAULTVIEW(1.0),"Gross domestic product (GDP) and main components (output, expenditure and income) - annual data",A,Annual,CP_MEUR,"Current prices, million euro",B1GQ,Gross domestic product at market prices,ES,Spain,2017,,1170024.0,,,,,
dataflow,ESTAT:NAMA_10_GDP$DEFAULTVIEW(1.0),"Gross domestic product (GDP) and main components (output, expenditure and income) - annual data",A,Annual,CP_MEUR,"Current prices, million euro",B1GQ,Gross domestic product at market prices,ES,Spain,2018,,1212276.0,,,,,
dataflow,ESTAT:NAMA_10_GDP$DEFAULTVIEW(1.0),"Gross domestic product (GDP) and main components (output, expenditure and income) - annual data",A,Annual,CP_MEUR,"Current prices, million euro",B1GQ,Gross domestic product at market prices,ES,Spain,2019,,1253710.0,,,,,
dataflow,ESTAT:NAMA_10_GDP$DEFAULTVIEW(1.0),"Gross domestic product (GDP) and main components (output, expenditure and income) - annual data",A,Annual,CP_MEUR,"Current prices, million euro",B1GQ,Gross domestic product at market prices,ES,Spain,2020,,1129214.0,,,,,
dataflow,ESTAT:NAMA_10_GDP$DEFAULTVIEW(1.0),"Gross domestic product (GDP) and main components (output, expenditure and income) - annual data",A,Annual,CP_MEUR,"Current prices, million euro",B1GQ,Gross domestic product at market prices,ES,Spain,2021,,1235474.0,,,,,
dataflow,ESTAT:NAMA_10_GDP$DEFAULTVIEW(1.0),"Gross domestic product (GDP) and main components (output, expenditure and income) - annual data",A,Annual,CP_MEUR,"Current prices, million euro",B1GQ,Gross domestic product at market prices,ES,Spain,2022,,1375863.0,,,,,
dataflow,ESTAT:NAMA_10_GDP$DEFAULTVIEW(1.0),"Gross domestic product (GDP) and main components (output, expenditure and income) - annual data",A,Annual,CP_MEUR,"Current prices, million euro",B1GQ,Gross domestic product at market prices,ES,Spain,2023,,1497761.0,,p,provisional,,
dataflow,ESTAT:NAMA_10_GDP$DEFAULTVIEW(1.0),"Gross domestic product (GDP) and main components (output, expenditure and income) - annual data",A,Annual,CP_MEUR,"Current prices, million euro",B1GQ,Gross domestic product at market prices,ES,Spain,2024,,1594330.0,,p,provisional,,
dataflow,ESTAT:NAMA_10_GDP$DEFAULTVIEW(1.0),"Gross domestic product (GDP) and main components (output, expenditure and income) - annual data",A,Annual,CP_MEUR,"Current prices, million euro",B1GQ,Gross domestic product at market prices,ES,Spain,2025,,1687152.0,,p,provisional,,
dataflow,ESTAT:NAMA_10_GDP$DEFAULTVIEW(1.0),"Gross domestic product (GDP) and main components (output, expenditure and income) - annual data",A,Annual,CP_MEUR,"Current prices, million euro",B1GQ,Gross domestic product at market prices,EU27_2020,European Union - 27 countries (from 2020),2016,,12638272.4,,,,,
dataflow,ESTAT:NAMA_10_GDP$DEFAULTVIEW(1.0),"Gross domestic product (GDP) and main components (output, expenditure and income) - annual data",A,Annual,CP_MEUR,"Current prices, million euro",B1GQ,Gross domestic product at market prices,EU27_2020,European Union - 27 countries (from 2020),2017,,13169370.9,,,,,
dataflow,ESTAT:NAMA_10_GDP$DEFAULTVIEW(1.0),"Gross domestic product (GDP) and main components (output, expenditure and income) - annual data",A,Annual,CP_MEUR,"Current prices, million euro",B1GQ,Gross domestic product at market prices,EU27_2020,European Union - 27 countries (from 2020),2018,,13628646.5,,,,,
dataflow,ESTAT:NAMA_10_GDP$DEFAULTVIEW(1.0),"Gross domestic product (GDP) and main components (output, expenditure and income) - annual data",A,Annual,CP_MEUR,"Current prices, million euro",B1GQ,Gross domestic product at market prices,EU27_2020,European Union - 27 countries (from 2020),2019,,14122772.4,,,,,
dataflow,ESTAT:NAMA_10_GDP$DEFAULTVIEW(1.0),"Gross domestic product (GDP) and main components (output, expenditure and income) - annual data",A,Annual,CP_MEUR,"Current prices, million euro",B1GQ,Gross domestic product at market prices,EU27_2020,European Union - 27 countries (from 2020),2020,,13578815.3,,,,,
dataflow,ESTAT:NAMA_10_GDP$DEFAULTVIEW(1.0),"Gross domestic product (GDP) and main components (output, expenditure and income) - annual data",A,Annual,CP_MEUR,"Current prices, million euro",B1GQ,Gross domestic product at market prices,EU27_2020,European Union - 27 countries (from 2020),2021,,14792278.2,,,,,
dataflow,ESTAT:NAMA_10_GDP$DEFAULTVIEW(1.0),"Gross domestic product (GDP) and main components (output, expenditure and income) - annual data",A,Annual,CP_MEUR,"Current prices, million euro",B1GQ,Gross domestic product at market prices,EU27_2020,European Union - 27 countries (from 2020),2022,,16170154.5,,,,,
dataflow,ESTAT:NAMA_10_GDP$DEFAULTVIEW(1.0),"Gross domestic product (GDP) and main components (output, expenditure and income) - annual data",A,Annual,CP_MEUR,"Current prices, million euro",B1GQ,Gross domestic product at market prices,EU27_2020,European Union - 27 countries (from 2020),2023,,17264212.6,,,,,
dataflow,ESTAT:NAMA_10_GDP$DEFAULTVIEW(1.0),"Gross domestic product (GDP) and main components (output, expenditure and income) - annual data",A,Annual,CP_MEUR,"Current prices, million euro",B1GQ,Gross domestic product at market prices,EU27_2020,European Union - 27 countries (from 2020),2024,,18042085.3,,,,,
dataflow,ESTAT:NAMA_10_GDP$DEFAULTVIEW(1.0),"Gross domestic product (GDP) and main components (output, expenditure and income) - annual data",A,Annual,CP_MEUR,"Current prices, million euro",B1GQ,Gross domestic product at market prices,EU27_2020,European Union - 27 countries (from 2020),2025,,18831892.5,,,,,
dataflow,ESTAT:NAMA_10_GDP$DEFAULTVIEW(1.0),"Gross domestic product (GDP) and main components (output, expenditure and income) - annual data",A,Annual,CP_MEUR,"Current prices, million euro",B1GQ,Gross domestic product at market prices,FI,Finland,2016,,215717.0,,,,,
dataflow,ESTAT:NAMA_10_GDP$DEFAULTVIEW(1.0),"Gross domestic product (GDP) and main components (output, expenditure and income) - annual data",A,Annual,CP_MEUR,"Current prices, million euro",B1GQ,Gross domestic product at market prices,FI,Finland,2017,,224706.0,,,,,
dataflow,ESTAT:NAMA_10_GDP$DEFAULTVIEW(1.0),"Gross domestic product (GDP) and main components (output, expenditure and income) - annual data",A,Annual,CP_MEUR,"Current prices, million euro",B1GQ,Gross domestic product at market prices,FI,Finland,2018,,231905.0,,,,,
dataflow,ESTAT:NAMA_10_GDP$DEFAULTVIEW(1.0),"Gross domestic product (GDP) and main components (output, expenditure and income) - annual data",A,Annual,CP_MEUR,"Current prices, million euro",B1GQ,Gross domestic product at market prices,FI,Finland,2019,,238518.0,,,,,
dataflow,ESTAT:NAMA_10_GDP$DEFAULTVIEW(1.0),"Gross domestic product (GDP) and main components (output, expenditure and income) - annual data",A,Annual,CP_MEUR,"Current prices, million euro",B1GQ,Gross domestic product at market prices,FI,Finland,2020,,236387.0,,,,,
dataflow,ESTAT:NAMA_10_GDP$DEFAULTVIEW(1.0),"Gross domestic product (GDP) and main components (output, expenditure and income) - annual data",A,Annual,CP_MEUR,"Current prices, million euro",B1GQ,Gross domestic product at market prices,FI,Finland,2021,,248764.0,,,,,
dataflow,ESTAT:NAMA_10_GDP$DEFAULTVIEW(1.0),"Gross domestic product (GDP) and main components (output, expenditure and income) - annual data",A,Annual,CP_MEUR,"Current prices, million euro",B1GQ,Gross domestic product at market prices,FI,Finland,2022,,266135.0,,,,,
dataflow,ESTAT:NAMA_10_GDP$DEFAULTVIEW(1.0),"Gross domestic product (GDP) and main components (output, expenditure and income) - annual data",A,Annual,CP_MEUR,"Current prices, million euro",B1GQ,Gross domestic product at market prices,FI,Finland,2023,,273005.0,,,,,
dataflow,ESTAT:NAMA_10_GDP$DEFAULTVIEW(1.0),"Gross domestic product (GDP) and main components (output, expenditure and income) - annual data",A,Annual,CP_MEUR,"Current prices, million euro",B1GQ,Gross domestic product at market prices,FI,Finland,2024,,275993.0,,,,,
dataflow,ESTAT:NAMA_10_GDP$DEFAULTVIEW(1.0),"Gross domestic product (GDP) and main components (output, expenditure and income) - annual data",A,Annual,CP_MEUR,"Current prices, million euro",B1GQ,Gross domestic product at market prices,FI,Finland,2025,,280570.0,,,,,
dataflow,ESTAT:NAMA_10_GDP$DEFAULTVIEW(1.0),"Gross domestic product (GDP) and main components (output, expenditure and income) - annual data",A,Annual,CP_MEUR,"Current prices, million euro",B1GQ,Gross domestic product at market prices,FR,France,2016,,2231819.2,,,,,
dataflow,ESTAT:NAMA_10_GDP$DEFAULTVIEW(1.0),"Gross domestic product (GDP) and main components (output, expenditure and income) - annual data",A,Annual,CP_MEUR,"Current prices, million euro",B1GQ,Gross domestic product at market prices,FR,France,2017,,2291680.5,,,,,
dataflow,ESTAT:NAMA_10_GDP$DEFAULTVIEW(1.0),"Gross domestic product (GDP) and main components (output, expenditure and income) - annual data",A,Annual,CP_MEUR,"Current prices, million euro",B1GQ,Gross domestic product at market prices,FR,France,2018,,2355362.8,,,,,
dataflow,ESTAT:NAMA_10_GDP$DEFAULTVIEW(1.0),"Gross domestic product (GDP) and main components (output, expenditure and income) - annual data",A,Annual,CP_MEUR,"Current prices, million euro",B1GQ,Gross domestic product at market prices,FR,France,2019,,2432206.8,,,,,
dataflow,ESTAT:NAMA_10_GDP$DEFAULTVIEW(1.0),"Gross domestic product (GDP) and main components (output, expenditure and income) - annual data",A,Annual,CP_MEUR,"Current prices, million euro",B1GQ,Gross domestic product at market prices,FR,France,2020,,2318276.2,,,,,
dataflow,ESTAT:NAMA_10_GDP$DEFAULTVIEW(1.0),"Gross domestic product (GDP) and main components (output, expenditure and income) - annual data",A,Annual,CP_MEUR,"Current prices, million euro",B1GQ,Gross domestic product at market prices,FR,France,2021,,2508102.3,,,,,
dataflow,ESTAT:NAMA_10_GDP$DEFAULTVIEW(1.0),"Gross domestic product (GDP) and main components (output, expenditure and income) - annual data",A,Annual,CP_MEUR,"Current prices, million euro",B1GQ,Gross domestic product at market prices,FR,France,2022,,2653997.2,,,,,
dataflow,ESTAT:NAMA_10_GDP$DEFAULTVIEW(1.0),"Gross domestic product (GDP) and main components (output, expenditure and income) - annual data",A,Annual,CP_MEUR,"Current prices, million euro",B1GQ,Gross domestic product at market prices,FR,France,2023,,2833826.4,,,,,
dataflow,ESTAT:NAMA_10_GDP$DEFAULTVIEW(1.0),"Gross domestic product (GDP) and main components (output, expenditure and income) - annual data",A,Annual,CP_MEUR,"Current prices, million euro",B1GQ,Gross domestic product at market prices,FR,France,2024,,2935236.2,,p,provisional,,
dataflow,ESTAT:NAMA_10_GDP$DEFAULTVIEW(1.0),"Gross domestic product (GDP) and main components (output, expenditure and income) - annual data",A,Annual,CP_MEUR,"Current prices, million euro",B1GQ,Gross domestic product at market prices,FR,France,2025,,2991055.9,,p,provisional,,
dataflow,ESTAT:NAMA_10_GDP$DEFAULTVIEW(1.0),"Gross domestic product (GDP) and main components (output, expenditure and income) - annual data",A,Annual,CP_MEUR,"Current prices, million euro",B1GQ,Gross domestic product at market prices,HR,Croatia,2016,,47573.5,,,,,
dataflow,ESTAT:NAMA_10_GDP$DEFAULTVIEW(1.0),"Gross domestic product (GDP) and main components (output, expenditure and income) - annual data",A,Annual,CP_MEUR,"Current prices, million euro",B1GQ,Gross domestic product at market prices,HR,Croatia,2017,,50204.3,,,,,
dataflow,ESTAT:NAMA_10_GDP$DEFAULTVIEW(1.0),"Gross domestic product (GDP) and main components (output, expenditure and income) - annual data",A,Annual,CP_MEUR,"Current prices, million euro",B1GQ,Gross domestic product at market prices,HR,Croatia,2018,,53035.3,,,,,
dataflow,ESTAT:NAMA_10_GDP$DEFAULTVIEW(1.0),"Gross domestic product (GDP) and main components (output, expenditure and income) - annual data",A,Annual,CP_MEUR,"Current prices, million euro",B1GQ,Gross domestic product at market prices,HR,Croatia,2019,,55767.8,,,,,
dataflow,ESTAT:NAMA_10_GDP$DEFAULTVIEW(1.0),"Gross domestic product (GDP) and main components (output, expenditure and income) - annual data",A,Annual,CP_MEUR,"Current prices, million euro",B1GQ,Gross domestic product at market prices,HR,Croatia,2020,,50717.8,,,,,
dataflow,ESTAT:NAMA_10_GDP$DEFAULTVIEW(1.0),"Gross domestic product (GDP) and main components (output, expenditure and income) - annual data",A,Annual,CP_MEUR,"Current prices, million euro",B1GQ,Gross domestic product at market prices,HR,Croatia,2021,,58390.4,,,,,
dataflow,ESTAT:NAMA_10_GDP$DEFAULTVIEW(1.0),"Gross domestic product (GDP) and main components (output, expenditure and income) - annual data",A,Annual,CP_MEUR,"Current prices, million euro",B1GQ,Gross domestic product at market prices,HR,Croatia,2022,,67609.4,,,,,
dataflow,ESTAT:NAMA_10_GDP$DEFAULTVIEW(1.0),"Gross domestic product (GDP) and main components (output, expenditure and income) - annual data",A,Annual,CP_MEUR,"Current prices, million euro",B1GQ,Gross domestic product at market prices,HR,Croatia,2023,,79186.3,,,,,
dataflow,ESTAT:NAMA_10_GDP$DEFAULTVIEW(1.0),"Gross domestic product (GDP) and main components (output, expenditure and income) - annual data",A,Annual,CP_MEUR,"Current prices, million euro",B1GQ,Gross domestic product at market prices,HR,Croatia,2024,,85905.2,,p,provisional,,
dataflow,ESTAT:NAMA_10_GDP$DEFAULTVIEW(1.0),"Gross domestic product (GDP) and main components (output, expenditure and income) - annual data",A,Annual,CP_MEUR,"Current prices, million euro",B1GQ,Gross domestic product at market prices,HR,Croatia,2025,,92975.1,,p,provisional,,
dataflow,ESTAT:NAMA_10_GDP$DEFAULTVIEW(1.0),"Gross domestic product (GDP) and main components (output, expenditure and income) - annual data",A,Annual,CP_MEUR,"Current prices, million euro",B1GQ,Gross domestic product at market prices,HU,Hungary,2016,,116593.5,,,,,
dataflow,ESTAT:NAMA_10_GDP$DEFAULTVIEW(1.0),"Gross domestic product (GDP) and main components (output, expenditure and income) - annual data",A,Annual,CP_MEUR,"Current prices, million euro",B1GQ,Gross domestic product at market prices,HU,Hungary,2017,,127222.5,,,,,
dataflow,ESTAT:NAMA_10_GDP$DEFAULTVIEW(1.0),"Gross domestic product (GDP) and main components (output, expenditure and income) - annual data",A,Annual,CP_MEUR,"Current prices, million euro",B1GQ,Gross domestic product at market prices,HU,Hungary,2018,,136580.0,,,,,
dataflow,ESTAT:NAMA_10_GDP$DEFAULTVIEW(1.0),"Gross domestic product (GDP) and main components (output, expenditure and income) - annual data",A,Annual,CP_MEUR,"Current prices, million euro",B1GQ,Gross domestic product at market prices,HU,Hungary,2019,,147373.2,,,,,
dataflow,ESTAT:NAMA_10_GDP$DEFAULTVIEW(1.0),"Gross domestic product (GDP) and main components (output, expenditure and income) - annual data",A,Annual,CP_MEUR,"Current prices, million euro",B1GQ,Gross domestic product at market prices,HU,Hungary,2020,,138954.5,,,,,
dataflow,ESTAT:NAMA_10_GDP$DEFAULTVIEW(1.0),"Gross domestic product (GDP) and main components (output, expenditure and income) - annual data",A,Annual,CP_MEUR,"Current prices, million euro",B1GQ,Gross domestic product at market prices,HU,Hungary,2021,,154971.7,,,,,
dataflow,ESTAT:NAMA_10_GDP$DEFAULTVIEW(1.0),"Gross domestic product (GDP) and main components (output, expenditure and income) - annual data",A,Annual,CP_MEUR,"Current prices, million euro",B1GQ,Gross domestic product at market prices,HU,Hungary,2022,,168546.2,,,,,
dataflow,ESTAT:NAMA_10_GDP$DEFAULTVIEW(1.0),"Gross domestic product (GDP) and main components (output, expenditure and income) - annual data",A,Annual,CP_MEUR,"Current prices, million euro",B1GQ,Gross domestic product at market prices,HU,Hungary,2023,,196983.7,,,,,
dataflow,ESTAT:NAMA_10_GDP$DEFAULTVIEW(1.0),"Gross domestic product (GDP) and main components (output, expenditure and income) - annual data",A,Annual,CP_MEUR,"Current prices, million euro",B1GQ,Gross domestic product at market prices,HU,Hungary,2024,,206156.2,,,,,
dataflow,ESTAT:NAMA_10_GDP$DEFAULTVIEW(1.0),"Gross domestic product (GDP) and main components (output, expenditure and income) - annual data",A,Annual,CP_MEUR,"Current prices, million euro",B1GQ,Gross domestic product at market prices,HU,Hungary,2025,,218833.9,,p,provisional,,
dataflow,ESTAT:NAMA_10_GDP$DEFAULTVIEW(1.0),"Gross domestic product (GDP) and main components (output, expenditure and income) - annual data",A,Annual,CP_MEUR,"Current prices, million euro",B1GQ,Gross domestic product at market prices,IE,Ireland,2016,,275933.1,,,,,
dataflow,ESTAT:NAMA_10_GDP$DEFAULTVIEW(1.0),"Gross domestic product (GDP) and main components (output, expenditure and income) - annual data",A,Annual,CP_MEUR,"Current prices, million euro",B1GQ,Gross domestic product at market prices,IE,Ireland,2017,,308366.0,,,,,
dataflow,ESTAT:NAMA_10_GDP$DEFAULTVIEW(1.0),"Gross domestic product (GDP) and main components (output, expenditure and income) - annual data",A,Annual,CP_MEUR,"Current prices, million euro",B1GQ,Gross domestic product at market prices,IE,Ireland,2018,,335136.0,,,,,
dataflow,ESTAT:NAMA_10_GDP$DEFAULTVIEW(1.0),"Gross domestic product (GDP) and main components (output, expenditure and income) - annual data",A,Annual,CP_MEUR,"Current prices, million euro",B1GQ,Gross domestic product at market prices,IE,Ireland,2019,,363752.6,,,,,
dataflow,ESTAT:NAMA_10_GDP$DEFAULTVIEW(1.0),"Gross domestic product (GDP) and main components (output, expenditure and income) - annual data",A,Annual,CP_MEUR,"Current prices, million euro",B1GQ,Gross domestic product at market prices,IE,Ireland,2020,,381728.7,,,,,
dataflow,ESTAT:NAMA_10_GDP$DEFAULTVIEW(1.0),"Gross domestic product (GDP) and main components (output, expenditure and income) - annual data",A,Annual,CP_MEUR,"Current prices, million euro",B1GQ,Gross domestic product at market prices,IE,Ireland,2021,,448445.1,,,,,
dataflow,ESTAT:NAMA_10_GDP$DEFAULTVIEW(1.0),"Gross domestic product (GDP) and main components (output, expenditure and income) - annual data",A,Annual,CP_MEUR,"Current prices, million euro",B1GQ,Gross domestic product at market prices,IE,Ireland,2022,,520718.4,,,,,
dataflow,ESTAT:NAMA_10_GDP$DEFAULTVIEW(1.0),"Gross domestic product (GDP) and main components (output, expenditure and income) - annual data",A,Annual,CP_MEUR,"Current prices, million euro",B1GQ,Gross domestic product at market prices,IE,Ireland,2023,,524728.8,,,,,
dataflow,ESTAT:NAMA_10_GDP$DEFAULTVIEW(1.0),"Gross domestic product (GDP) and main components (output, expenditure and income) - annual data",A,Annual,CP_MEUR,"Current prices, million euro",B1GQ,Gross domestic product at market prices,IE,Ireland,2024,,562794.2,,,,,
dataflow,ESTAT:NAMA_10_GDP$DEFAULTVIEW(1.0),"Gross domestic product (GDP) and main components (output, expenditure and income) - annual data",A,Annual,CP_MEUR,"Current prices, million euro",B1GQ,Gross domestic product at market prices,IE,Ireland,2025,,638683.3,,,,,
dataflow,ESTAT:NAMA_10_GDP$DEFAULTVIEW(1.0),"Gross domestic product (GDP) and main components (output, expenditure and income) - annual data",A,Annual,CP_MEUR,"Current prices, million euro",B1GQ,Gross domestic product at market prices,IS,Iceland,2016,,19067.0,,,,,
dataflow,ESTAT:NAMA_10_GDP$DEFAULTVIEW(1.0),"Gross domestic product (GDP) and main components (output, expenditure and income) - annual data",A,Annual,CP_MEUR,"Current prices, million euro",B1GQ,Gross domestic product at market prices,IS,Iceland,2017,,22211.8,,,,,
dataflow,ESTAT:NAMA_10_GDP$DEFAULTVIEW(1.0),"Gross domestic product (GDP) and main components (output, expenditure and income) - annual data",A,Annual,CP_MEUR,"Current prices, million euro",B1GQ,Gross domestic product at market prices,IS,Iceland,2018,,22591.2,,,,,
dataflow,ESTAT:NAMA_10_GDP$DEFAULTVIEW(1.0),"Gross domestic product (GDP) and main components (output, expenditure and income) - annual data",A,Annual,CP_MEUR,"Current prices, million euro",B1GQ,Gross domestic product at market prices,IS,Iceland,2019,,22315.1,,,,,
dataflow,ESTAT:NAMA_10_GDP$DEFAULTVIEW(1.0),"Gross domestic product (GDP) and main components (output, expenditure and income) - annual data",A,Annual,CP_MEUR,"Current prices, million euro",B1GQ,Gross domestic product at market prices,IS,Iceland,2020,,19302.5,,,,,
dataflow,ESTAT:NAMA_10_GDP$DEFAULTVIEW(1.0),"Gross domestic product (GDP) and main components (output, expenditure and income) - annual data",A,Annual,CP_MEUR,"Current prices, million euro",B1GQ,Gross domestic product at market prices,IS,Iceland,2021,,22188.1,,,,,
dataflow,ESTAT:NAMA_10_GDP$DEFAULTVIEW(1.0),"Gross domestic product (GDP) and main components (output, expenditure and income) - annual data",A,Annual,CP_MEUR,"Current prices, million euro",B1GQ,Gross domestic product at market prices,IS,Iceland,2022,,27748.6,,,,,
dataflow,ESTAT:NAMA_10_GDP$DEFAULTVIEW(1.0),"Gross domestic product (GDP) and main components (output, expenditure and income) - annual data",A,Annual,CP_MEUR,"Current prices, million euro",B1GQ,Gross domestic product at market prices,IS,Iceland,2023,,29323.9,,,,,
dataflow,ESTAT:NAMA_10_GDP$DEFAULTVIEW(1.0),"Gross domestic product (GDP) and main components (output, expenditure and income) - annual data",A,Annual,CP_MEUR,"Current prices, million euro",B1GQ,Gross domestic product at market prices,IS,Iceland,2024,,30663.5,,,,,
dataflow,ESTAT:NAMA_10_GDP$DEFAULTVIEW(1.0),"Gross domestic product (GDP) and main components (output, expenditure and income) - annual data",A,Annual,CP_MEUR,"Current prices, million euro",B1GQ,Gross domestic product at market prices,IS,Iceland,2025,,34256.9,,,,,
dataflow,ESTAT:NAMA_10_GDP$DEFAULTVIEW(1.0),"Gross domestic product (GDP) and main components (output, expenditure and income) - annual data",A,Annual,CP_MEUR,"Current prices, million euro",B1GQ,Gross domestic product at market prices,IT,Italy,2016,,1704856.7,,,,,
dataflow,ESTAT:NAMA_10_GDP$DEFAULTVIEW(1.0),"Gross domestic product (GDP) and main components (output, expenditure and income) - annual data",A,Annual,CP_MEUR,"Current prices, million euro",B1GQ,Gross domestic product at market prices,IT,Italy,2017,,1744493.0,,,,,
dataflow,ESTAT:NAMA_10_GDP$DEFAULTVIEW(1.0),"Gross domestic product (GDP) and main components (output, expenditure and income) - annual data",A,Annual,CP_MEUR,"Current prices, million euro",B1GQ,Gross domestic product at market prices,IT,Italy,2018,,1777744.4,,,,,
dataflow,ESTAT:NAMA_10_GDP$DEFAULTVIEW(1.0),"Gross domestic product (GDP) and main components (output, expenditure and income) - annual data",A,Annual,CP_MEUR,"Current prices, million euro",B1GQ,Gross domestic product at market prices,IT,Italy,2019,,1804066.8,,,,,
dataflow,ESTAT:NAMA_10_GDP$DEFAULTVIEW(1.0),"Gross domestic product (GDP) and main components (output, expenditure and income) - annual data",A,Annual,CP_MEUR,"Current prices, million euro",B1GQ,Gross domestic product at market prices,IT,Italy,2020,,1670011.9,,,,,
dataflow,ESTAT:NAMA_10_GDP$DEFAULTVIEW(1.0),"Gross domestic product (GDP) and main components (output, expenditure and income) - annual data",A,Annual,CP_MEUR,"Current prices, million euro",B1GQ,Gross domestic product at market prices,IT,Italy,2021,,1842507.4,,,,,
dataflow,ESTAT:NAMA_10_GDP$DEFAULTVIEW(1.0),"Gross domestic product (GDP) and main components (output, expenditure and income) - annual data",A,Annual,CP_MEUR,"Current prices, million euro",B1GQ,Gross domestic product at market prices,IT,Italy,2022,,1998072.6,,,,,
dataflow,ESTAT:NAMA_10_GDP$DEFAULTVIEW(1.0),"Gross domestic product (GDP) and main components (output, expenditure and income) - annual data",A,Annual,CP_MEUR,"Current prices, million euro",B1GQ,Gross domestic product at market prices,IT,Italy,2023,,2142744.4,,,,,
dataflow,ESTAT:NAMA_10_GDP$DEFAULTVIEW(1.0),"Gross domestic product (GDP) and main components (output, expenditure and income) - annual data",A,Annual,CP_MEUR,"Current prices, million euro",B1GQ,Gross domestic product at market prices,IT,Italy,2024,,2202031.2,,,,,
dataflow,ESTAT:NAMA_10_GDP$DEFAULTVIEW(1.0),"Gross domestic product (GDP) and main components (output, expenditure and income) - annual data",A,Annual,CP_MEUR,"Current prices, million euro",B1GQ,Gross domestic product at market prices,IT,Italy,2025,,2258048.7,,,,,
dataflow,ESTAT:NAMA_10_GDP$DEFAULTVIEW(1.0),"Gross domestic product (GDP) and main components (output, expenditure and income) - annual data",A,Annual,CP_MEUR,"Current prices, million euro",B1GQ,Gross domestic product at market prices,LI,Liechtenstein,2016,,5637.7,,,,,
dataflow,ESTAT:NAMA_10_GDP$DEFAULTVIEW(1.0),"Gross domestic product (GDP) and main components (output, expenditure and income) - annual data",A,Annual,CP_MEUR,"Current prices, million euro",B1GQ,Gross domestic product at market prices,LI,Liechtenstein,2017,,5734.6,,,,,
dataflow,ESTAT:NAMA_10_GDP$DEFAULTVIEW(1.0),"Gross domestic product (GDP) and main components (output, expenditure and income) - annual data",A,Annual,CP_MEUR,"Current prices, million euro",B1GQ,Gross domestic product at market prices,LI,Liechtenstein,2018,,5666.3,,,,,
dataflow,ESTAT:NAMA_10_GDP$DEFAULTVIEW(1.0),"Gross domestic product (GDP) and main components (output, expenditure and income) - annual data",A,Annual,CP_MEUR,"Current prices, million euro",B1GQ,Gross domestic product at market prices,LI,Liechtenstein,2019,,5750.1,,,,,
dataflow,ESTAT:NAMA_10_GDP$DEFAULTVIEW(1.0),"Gross domestic product (GDP) and main components (output, expenditure and income) - annual data",A,Annual,CP_MEUR,"Current prices, million euro",B1GQ,Gross domestic product at market prices,LI,Liechtenstein,2020,,5618.0,,,,,
dataflow,ESTAT:NAMA_10_GDP$DEFAULTVIEW(1.0),"Gross domestic product (GDP) and main components (output, expenditure and income) - annual data",A,Annual,CP_MEUR,"Current prices, million euro",B1GQ,Gross domestic product at market prices,LI,Liechtenstein,2021,,6688.5,,,,,
dataflow,ESTAT:NAMA_10_GDP$DEFAULTVIEW(1.0),"Gross domestic product (GDP) and main components (output, expenditure and income) - annual data",A,Annual,CP_MEUR,"Current prices, million euro",B1GQ,Gross domestic product at market prices,LI,Liechtenstein,2022,,7058.2,,,,,
dataflow,ESTAT:NAMA_10_GDP$DEFAULTVIEW(1.0),"Gross domestic product (GDP) and main components (output, expenditure and income) - annual data",A,Annual,CP_MEUR,"Current prices, million euro",B1GQ,Gross domestic product at market prices,LI,Liechtenstein,2023,,7617.8,,p,provisional,,
dataflow,ESTAT:NAMA_10_GDP$DEFAULTVIEW(1.0),"Gross domestic product (GDP) and main components (output, expenditure and income) - annual data",A,Annual,CP_MEUR,"Current prices, million euro",B1GQ,Gross domestic product at market prices,LI,Liechtenstein,2024,,8231.2,,e,estimated,,
dataflow,ESTAT:NAMA_10_GDP$DEFAULTVIEW(1.0),"Gross domestic product (GDP) and main components (output, expenditure and income) - annual data",A,Annual,CP_MEUR,"Current prices, million euro",B1GQ,Gross domestic product at market prices,LT,Lithuania,2016,,38820.7,,,,,
dataflow,ESTAT:NAMA_10_GDP$DEFAULTVIEW(1.0),"Gross domestic product (GDP) and main components (output, expenditure and income) - annual data",A,Annual,CP_MEUR,"Current prices, million euro",B1GQ,Gross domestic product at market prices,LT,Lithuania,2017,,42274.6,,,,,
dataflow,ESTAT:NAMA_10_GDP$DEFAULTVIEW(1.0),"Gross domestic product (GDP) and main components (output, expenditure and income) - annual data",A,Annual,CP_MEUR,"Current prices, million euro",B1GQ,Gross domestic product at market prices,LT,Lithuania,2018,,45947.4,,,,,
dataflow,ESTAT:NAMA_10_GDP$DEFAULTVIEW(1.0),"Gross domestic product (GDP) and main components (output, expenditure and income) - annual data",A,Annual,CP_MEUR,"Current prices, million euro",B1GQ,Gross domestic product at market prices,LT,Lithuania,2019,,49239.2,,,,,
dataflow,ESTAT:NAMA_10_GDP$DEFAULTVIEW(1.0),"Gross domestic product (GDP) and main components (output, expenditure and income) - annual data",A,Annual,CP_MEUR,"Current prices, million euro",B1GQ,Gross domestic product at market prices,LT,Lithuania,2020,,50264.6,,,,,
dataflow,ESTAT:NAMA_10_GDP$DEFAULTVIEW(1.0),"Gross domestic product (GDP) and main components (output, expenditure and income) - annual data",A,Annual,CP_MEUR,"Current prices, million euro",B1GQ,Gross domestic product at market prices,LT,Lithuania,2021,,56709.1,,,,,
dataflow,ESTAT:NAMA_10_GDP$DEFAULTVIEW(1.0),"Gross domestic product (GDP) and main components (output, expenditure and income) - annual data",A,Annual,CP_MEUR,"Current prices, million euro",B1GQ,Gross domestic product at market prices,LT,Lithuania,2022,,67081.1,,,,,
dataflow,ESTAT:NAMA_10_GDP$DEFAULTVIEW(1.0),"Gross domestic product (GDP) and main components (output, expenditure and income) - annual data",A,Annual,CP_MEUR,"Current prices, million euro",B1GQ,Gross domestic product at market prices,LT,Lithuania,2023,,74317.0,,,,,
dataflow,ESTAT:NAMA_10_GDP$DEFAULTVIEW(1.0),"Gross domestic product (GDP) and main components (output, expenditure and income) - annual data",A,Annual,CP_MEUR,"Current prices, million euro",B1GQ,Gross domestic product at market prices,LT,Lithuania,2024,,78996.2,,,,,
dataflow,ESTAT:NAMA_10_GDP$DEFAULTVIEW(1.0),"Gross domestic product (GDP) and main components (output, expenditure and income) - annual data",A,Annual,CP_MEUR,"Current prices, million euro",B1GQ,Gross domestic product at market prices,LT,Lithuania,2025,,84258.0,,,,,
dataflow,ESTAT:NAMA_10_GDP$DEFAULTVIEW(1.0),"Gross domestic product (GDP) and main components (output, expenditure and income) - annual data",A,Annual,CP_MEUR,"Current prices, million euro",B1GQ,Gross domestic product at market prices,LU,Luxembourg,2016,,56208.1,,,,,
dataflow,ESTAT:NAMA_10_GDP$DEFAULTVIEW(1.0),"Gross domestic product (GDP) and main components (output, expenditure and income) - annual data",A,Annual,CP_MEUR,"Current prices, million euro",B1GQ,Gross domestic product at market prices,LU,Luxembourg,2017,,58168.8,,,,,
dataflow,ESTAT:NAMA_10_GDP$DEFAULTVIEW(1.0),"Gross domestic product (GDP) and main components (output, expenditure and income) - annual data",A,Annual,CP_MEUR,"Current prices, million euro",B1GQ,Gross domestic product at market prices,LU,Luxembourg,2018,,60193.4,,,,,
dataflow,ESTAT:NAMA_10_GDP$DEFAULTVIEW(1.0),"Gross domestic product (GDP) and main components (output, expenditure and income) - annual data",A,Annual,CP_MEUR,"Current prices, million euro",B1GQ,Gross domestic product at market prices,LU,Luxembourg,2019,,62415.0,,,,,
dataflow,ESTAT:NAMA_10_GDP$DEFAULTVIEW(1.0),"Gross domestic product (GDP) and main components (output, expenditure and income) - annual data",A,Annual,CP_MEUR,"Current prices, million euro",B1GQ,Gross domestic product at market prices,LU,Luxembourg,2020,,64499.2,,,,,
dataflow,ESTAT:NAMA_10_GDP$DEFAULTVIEW(1.0),"Gross domestic product (GDP) and main components (output, expenditure and income) - annual data",A,Annual,CP_MEUR,"Current prices, million euro",B1GQ,Gross domestic product at market prices,LU,Luxembourg,2021,,73039.5,,,,,
dataflow,ESTAT:NAMA_10_GDP$DEFAULTVIEW(1.0),"Gross domestic product (GDP) and main components (output, expenditure and income) - annual data",A,Annual,CP_MEUR,"Current prices, million euro",B1GQ,Gross domestic product at market prices,LU,Luxembourg,2022,,76731.2,,,,,
dataflow,ESTAT:NAMA_10_GDP$DEFAULTVIEW(1.0),"Gross domestic product (GDP) and main components (output, expenditure and income) - annual data",A,Annual,CP_MEUR,"Current prices, million euro",B1GQ,Gross domestic product at market prices,LU,Luxembourg,2023,,82115.5,,,,,
dataflow,ESTAT:NAMA_10_GDP$DEFAULTVIEW(1.0),"Gross domestic product (GDP) and main components (output, expenditure and income) - annual data",A,Annual,CP_MEUR,"Current prices, million euro",B1GQ,Gross domestic product at market prices,LU,Luxembourg,2024,,86180.3,,,,,
dataflow,ESTAT:NAMA_10_GDP$DEFAULTVIEW(1.0),"Gross domestic product (GDP) and main components (output, expenditure and income) - annual data",A,Annual,CP_MEUR,"Current prices, million euro",B1GQ,Gross domestic product at market prices,LU,Luxembourg,2025,,89521.5,,p,provisional,,
dataflow,ESTAT:NAMA_10_GDP$DEFAULTVIEW(1.0),"Gross domestic product (GDP) and main components (output, expenditure and income) - annual data",A,Annual,CP_MEUR,"Current prices, million euro",B1GQ,Gross domestic product at market prices,LV,Latvia,2016,,24498.2,,,,,
dataflow,ESTAT:NAMA_10_GDP$DEFAULTVIEW(1.0),"Gross domestic product (GDP) and main components (output, expenditure and income) - annual data",A,Annual,CP_MEUR,"Current prices, million euro",B1GQ,Gross domestic product at market prices,LV,Latvia,2017,,26017.1,,,,,
dataflow,ESTAT:NAMA_10_GDP$DEFAULTVIEW(1.0),"Gross domestic product (GDP) and main components (output, expenditure and income) - annual data",A,Annual,CP_MEUR,"Current prices, million euro",B1GQ,Gross domestic product at market prices,LV,Latvia,2018,,28153.4,,,,,
dataflow,ESTAT:NAMA_10_GDP$DEFAULTVIEW(1.0),"Gross domestic product (GDP) and main components (output, expenditure and income) - annual data",A,Annual,CP_MEUR,"Current prices, million euro",B1GQ,Gross domestic product at market prices,LV,Latvia,2019,,29567.0,,,,,
dataflow,ESTAT:NAMA_10_GDP$DEFAULTVIEW(1.0),"Gross domestic product (GDP) and main components (output, expenditure and income) - annual data",A,Annual,CP_MEUR,"Current prices, million euro",B1GQ,Gross domestic product at market prices,LV,Latvia,2020,,29224.3,,,,,
dataflow,ESTAT:NAMA_10_GDP$DEFAULTVIEW(1.0),"Gross domestic product (GDP) and main components (output, expenditure and income) - annual data",A,Annual,CP_MEUR,"Current prices, million euro",B1GQ,Gross domestic product at market prices,LV,Latvia,2021,,32283.8,,,,,
dataflow,ESTAT:NAMA_10_GDP$DEFAULTVIEW(1.0),"Gross domestic product (GDP) and main components (output, expenditure and income) - annual data",A,Annual,CP_MEUR,"Current prices, million euro",B1GQ,Gross domestic product at market prices,LV,Latvia,2022,,36088.7,,,,,
dataflow,ESTAT:NAMA_10_GDP$DEFAULTVIEW(1.0),"Gross domestic product (GDP) and main components (output, expenditure and income) - annual data",A,Annual,CP_MEUR,"Current prices, million euro",B1GQ,Gross domestic product at market prices,LV,Latvia,2023,,39564.2,,,,,
dataflow,ESTAT:NAMA_10_GDP$DEFAULTVIEW(1.0),"Gross domestic product (GDP) and main components (output, expenditure and income) - annual data",A,Annual,CP_MEUR,"Current prices, million euro",B1GQ,Gross domestic product at market prices,LV,Latvia,2024,,40652.3,,,,,
dataflow,ESTAT:NAMA_10_GDP$DEFAULTVIEW(1.0),"Gross domestic product (GDP) and main components (output, expenditure and income) - annual data",A,Annual,CP_MEUR,"Current prices, million euro",B1GQ,Gross domestic product at market prices,LV,Latvia,2025,,43026.2,,,,,
dataflow,ESTAT:NAMA_10_GDP$DEFAULTVIEW(1.0),"Gross domestic product (GDP) and main components (output, expenditure and income) - annual data",A,Annual,CP_MEUR,"Current prices, million euro",B1GQ,Gross domestic product at market prices,MD,Moldova,2016,,7210.8,,,,,
dataflow,ESTAT:NAMA_10_GDP$DEFAULTVIEW(1.0),"Gross domestic product (GDP) and main components (output, expenditure and income) - annual data",A,Annual,CP_MEUR,"Current prices, million euro",B1GQ,Gross domestic product at market prices,MD,Moldova,2017,,8450.3,,,,,
dataflow,ESTAT:NAMA_10_GDP$DEFAULTVIEW(1.0),"Gross domestic product (GDP) and main components (output, expenditure and income) - annual data",A,Annual,CP_MEUR,"Current prices, million euro",B1GQ,Gross domestic product at market prices,MD,Moldova,2018,,9526.5,,,,,
dataflow,ESTAT:NAMA_10_GDP$DEFAULTVIEW(1.0),"Gross domestic product (GDP) and main components (output, expenditure and income) - annual data",A,Annual,CP_MEUR,"Current prices, million euro",B1GQ,Gross domestic product at market prices,MD,Moldova,2019,,10484.4,,,,,
dataflow,ESTAT:NAMA_10_GDP$DEFAULTVIEW(1.0),"Gross domestic product (GDP) and main components (output, expenditure and income) - annual data",A,Annual,CP_MEUR,"Current prices, million euro",B1GQ,Gross domestic product at market prices,MD,Moldova,2020,,10112.5,,,,,
dataflow,ESTAT:NAMA_10_GDP$DEFAULTVIEW(1.0),"Gross domestic product (GDP) and main components (output, expenditure and income) - annual data",A,Annual,CP_MEUR,"Current prices, million euro",B1GQ,Gross domestic product at market prices,MD,Moldova,2021,,11570.8,,,,,
dataflow,ESTAT:NAMA_10_GDP$DEFAULTVIEW(1.0),"Gross domestic product (GDP) and main components (output, expenditure and income) - annual data",A,Annual,CP_MEUR,"Current prices, million euro",B1GQ,Gross domestic product at market prices,MD,Moldova,2022,,13793.6,,,,,
dataflow,ESTAT:NAMA_10_GDP$DEFAULTVIEW(1.0),"Gross domestic product (GDP) and main components (output, expenditure and income) - annual data",A,Annual,CP_MEUR,"Current prices, million euro",B1GQ,Gross domestic product at market prices,MD,Moldova,2023,,15453.5,,,,,
dataflow,ESTAT:NAMA_10_GDP$DEFAULTVIEW(1.0),"Gross domestic product (GDP) and main components (output, expenditure and income) - annual data",A,Annual,CP_MEUR,"Current prices, million euro",B1GQ,Gross domestic product at market prices,MD,Moldova,2024,,16824.8,,,,,
dataflow,ESTAT:NAMA_10_GDP$DEFAULTVIEW(1.0),"Gross domestic product (GDP) and main components (output, expenditure and income) - annual data",A,Annual,CP_MEUR,"Current prices, million euro",B1GQ,Gross domestic product at market prices,MD,Moldova,2025,,18045.0,,p,provisional,,
dataflow,ESTAT:NAMA_10_GDP$DEFAULTVIEW(1.0),"Gross domestic product (GDP) and main components (output, expenditure and income) - annual data",A,Annual,CP_MEUR,"Current prices, million euro",B1GQ,Gross domestic product at market prices,ME,Montenegro,2016,,3936.6,,,,,
dataflow,ESTAT:NAMA_10_GDP$DEFAULTVIEW(1.0),"Gross domestic product (GDP) and main components (output, expenditure and income) - annual data",A,Annual,CP_MEUR,"Current prices, million euro",B1GQ,Gross domestic product at market prices,ME,Montenegro,2017,,4252.5,,,,,
dataflow,ESTAT:NAMA_10_GDP$DEFAULTVIEW(1.0),"Gross domestic product (GDP) and main components (output, expenditure and income) - annual data",A,Annual,CP_MEUR,"Current prices, million euro",B1GQ,Gross domestic product at market prices,ME,Montenegro,2018,,4600.9,,,,,
dataflow,ESTAT:NAMA_10_GDP$DEFAULTVIEW(1.0),"Gross domestic product (GDP) and main components (output, expenditure and income) - annual data",A,Annual,CP_MEUR,"Current prices, million euro",B1GQ,Gross domestic product at market prices,ME,Montenegro,2019,,4898.4,,,,,
dataflow,ESTAT:NAMA_10_GDP$DEFAULTVIEW(1.0),"Gross domestic product (GDP) and main components (output, expenditure and income) - annual data",A,Annual,CP_MEUR,"Current prices, million euro",B1GQ,Gross domestic product at market prices,ME,Montenegro,2020,,4144.8,,,,,
dataflow,ESTAT:NAMA_10_GDP$DEFAULTVIEW(1.0),"Gross domestic product (GDP) and main components (output, expenditure and income) - annual data",A,Annual,CP_MEUR,"Current prices, million euro",B1GQ,Gross domestic product at market prices,ME,Montenegro,2021,,4923.2,,,,,
dataflow,ESTAT:NAMA_10_GDP$DEFAULTVIEW(1.0),"Gross domestic product (GDP) and main components (output, expenditure and income) - annual data",A,Annual,CP_MEUR,"Current prices, million euro",B1GQ,Gross domestic product at market prices,ME,Montenegro,2022,,5944.4,,,,,
dataflow,ESTAT:NAMA_10_GDP$DEFAULTVIEW(1.0),"Gross domestic product (GDP) and main components (output, expenditure and income) - annual data",A,Annual,CP_MEUR,"Current prices, million euro",B1GQ,Gross domestic product at market prices,ME,Montenegro,2023,,7068.8,,,,,
dataflow,ESTAT:NAMA_10_GDP$DEFAULTVIEW(1.0),"Gross domestic product (GDP) and main components (output, expenditure and income) - annual data",A,Annual,CP_MEUR,"Current prices, million euro",B1GQ,Gross domestic product at market prices,ME,Montenegro,2024,,7644.5,,,,,
dataflow,ESTAT:NAMA_10_GDP$DEFAULTVIEW(1.0),"Gross domestic product (GDP) and main components (output, expenditure and income) - annual data",A,Annual,CP_MEUR,"Current prices, million euro",B1GQ,Gross domestic product at market prices,ME,Montenegro,2025,,8170.7,,p,provisional,,
dataflow,ESTAT:NAMA_10_GDP$DEFAULTVIEW(1.0),"Gross domestic product (GDP) and main components (output, expenditure and income) - annual data",A,Annual,CP_MEUR,"Current prices, million euro",B1GQ,Gross domestic product at market prices,MK,North Macedonia,2016,,9656.5,,,,,
dataflow,ESTAT:NAMA_10_GDP$DEFAULTVIEW(1.0),"Gross domestic product (GDP) and main components (output, expenditure and income) - annual data",A,Annual,CP_MEUR,"Current prices, million euro",B1GQ,Gross domestic product at market prices,MK,North Macedonia,2017,,10038.3,,,,,
dataflow,ESTAT:NAMA_10_GDP$DEFAULTVIEW(1.0),"Gross domestic product (GDP) and main components (output, expenditure and income) - annual data",A,Annual,CP_MEUR,"Current prices, million euro",B1GQ,Gross domestic product at market prices,MK,North Macedonia,2018,,10744.0,,,,,
dataflow,ESTAT:NAMA_10_GDP$DEFAULTVIEW(1.0),"Gross domestic product (GDP) and main components (output, expenditure and income) - annual data",A,Annual,CP_MEUR,"Current prices, million euro",B1GQ,Gross domestic product at market prices,MK,North Macedonia,2019,,11262.0,,,,,
dataflow,ESTAT:NAMA_10_GDP$DEFAULTVIEW(1.0),"Gross domestic product (GDP) and main components (output, expenditure and income) - annual data",A,Annual,CP_MEUR,"Current prices, million euro",B1GQ,Gross domestic product at market prices,MK,North Macedonia,2020,,10851.7,,,,,
dataflow,ESTAT:NAMA_10_GDP$DEFAULTVIEW(1.0),"Gross domestic product (GDP) and main components (output, expenditure and income) - annual data",A,Annual,CP_MEUR,"Current prices, million euro",B1GQ,Gross domestic product at market prices,MK,North Macedonia,2021,,11834.7,,,,,
dataflow,ESTAT:NAMA_10_GDP$DEFAULTVIEW(1.0),"Gross domestic product (GDP) and main components (output, expenditure and income) - annual data",A,Annual,CP_MEUR,"Current prices, million euro",B1GQ,Gross domestic product at market prices,MK,North Macedonia,2022,,13243.2,,,,,
dataflow,ESTAT:NAMA_10_GDP$DEFAULTVIEW(1.0),"Gross domestic product (GDP) and main components (output, expenditure and income) - annual data",A,Annual,CP_MEUR,"Current prices, million euro",B1GQ,Gross domestic product at market prices,MK,North Macedonia,2023,,14667.4,,,,,
dataflow,ESTAT:NAMA_10_GDP$DEFAULTVIEW(1.0),"Gross domestic product (GDP) and main components (output, expenditure and income) - annual data",A,Annual,CP_MEUR,"Current prices, million euro",B1GQ,Gross domestic product at market prices,MK,North Macedonia,2024,,15672.0,,p,provisional,,
dataflow,ESTAT:NAMA_10_GDP$DEFAULTVIEW(1.0),"Gross domestic product (GDP) and main components (output, expenditure and income) - annual data",A,Annual,CP_MEUR,"Current prices, million euro",B1GQ,Gross domestic product at market prices,MK,North Macedonia,2025,,16949.1,,e,estimated,,
dataflow,ESTAT:NAMA_10_GDP$DEFAULTVIEW(1.0),"Gross domestic product (GDP) and main components (output, expenditure and income) - annual data",A,Annual,CP_MEUR,"Current prices, million euro",B1GQ,Gross domestic product at market prices,MT,Malta,2016,,10864.3,,,,,
dataflow,ESTAT:NAMA_10_GDP$DEFAULTVIEW(1.0),"Gross domestic product (GDP) and main components (output, expenditure and income) - annual data",A,Annual,CP_MEUR,"Current prices, million euro",B1GQ,Gross domestic product at market prices,MT,Malta,2017,,12535.7,,,,,
dataflow,ESTAT:NAMA_10_GDP$DEFAULTVIEW(1.0),"Gross domestic product (GDP) and main components (output, expenditure and income) - annual data",A,Annual,CP_MEUR,"Current prices, million euro",B1GQ,Gross domestic product at market prices,MT,Malta,2018,,13678.6,,,,,
dataflow,ESTAT:NAMA_10_GDP$DEFAULTVIEW(1.0),"Gross domestic product (GDP) and main components (output, expenditure and income) - annual data",A,Annual,CP_MEUR,"Current prices, million euro",B1GQ,Gross domestic product at market prices,MT,Malta,2019,,14594.2,,,,,
dataflow,ESTAT:NAMA_10_GDP$DEFAULTVIEW(1.0),"Gross domestic product (GDP) and main components (output, expenditure and income) - annual data",A,Annual,CP_MEUR,"Current prices, million euro",B1GQ,Gross domestic product at market prices,MT,Malta,2020,,14362.4,,,,,
dataflow,ESTAT:NAMA_10_GDP$DEFAULTVIEW(1.0),"Gross domestic product (GDP) and main components (output, expenditure and income) - annual data",A,Annual,CP_MEUR,"Current prices, million euro",B1GQ,Gross domestic product at market prices,MT,Malta,2021,,16680.3,,,,,
dataflow,ESTAT:NAMA_10_GDP$DEFAULTVIEW(1.0),"Gross domestic product (GDP) and main components (output, expenditure and income) - annual data",A,Annual,CP_MEUR,"Current prices, million euro",B1GQ,Gross domestic product at market prices,MT,Malta,2022,,17985.3,,,,,
dataflow,ESTAT:NAMA_10_GDP$DEFAULTVIEW(1.0),"Gross domestic product (GDP) and main components (output, expenditure and income) - annual data",A,Annual,CP_MEUR,"Current prices, million euro",B1GQ,Gross domestic product at market prices,MT,Malta,2023,,20929.2,,,,,
dataflow,ESTAT:NAMA_10_GDP$DEFAULTVIEW(1.0),"Gross domestic product (GDP) and main components (output, expenditure and income) - annual data",A,Annual,CP_MEUR,"Current prices, million euro",B1GQ,Gross domestic product at market prices,MT,Malta,2024,,23142.3,,,,,
dataflow,ESTAT:NAMA_10_GDP$DEFAULTVIEW(1.0),"Gross domestic product (GDP) and main components (output, expenditure and income) - annual data",A,Annual,CP_MEUR,"Current prices, million euro",B1GQ,Gross domestic product at market prices,MT,Malta,2025,,24577.9,,,,,
dataflow,ESTAT:NAMA_10_GDP$DEFAULTVIEW(1.0),"Gross domestic product (GDP) and main components (output, expenditure and income) - annual data",A,Annual,CP_MEUR,"Current prices, million euro",B1GQ,Gross domestic product at market prices,NL,Netherlands,2016,,720175.0,,,,,
dataflow,ESTAT:NAMA_10_GDP$DEFAULTVIEW(1.0),"Gross domestic product (GDP) and main components (output, expenditure and income) - annual data",A,Annual,CP_MEUR,"Current prices, million euro",B1GQ,Gross domestic product at market prices,NL,Netherlands,2017,,750861.0,,,,,
dataflow,ESTAT:NAMA_10_GDP$DEFAULTVIEW(1.0),"Gross domestic product (GDP) and main components (output, expenditure and income) - annual data",A,Annual,CP_MEUR,"Current prices, million euro",B1GQ,Gross domestic product at market prices,NL,Netherlands,2018,,787273.0,,,,,
dataflow,ESTAT:NAMA_10_GDP$DEFAULTVIEW(1.0),"Gross domestic product (GDP) and main components (output, expenditure and income) - annual data",A,Annual,CP_MEUR,"Current prices, million euro",B1GQ,Gross domestic product at market prices,NL,Netherlands,2019,,829767.0,,,,,
dataflow,ESTAT:NAMA_10_GDP$DEFAULTVIEW(1.0),"Gross domestic product (GDP) and main components (output, expenditure and income) - annual data",A,Annual,CP_MEUR,"Current prices, million euro",B1GQ,Gross domestic product at market prices,NL,Netherlands,2020,,816463.0,,,,,
dataflow,ESTAT:NAMA_10_GDP$DEFAULTVIEW(1.0),"Gross domestic product (GDP) and main components (output, expenditure and income) - annual data",A,Annual,CP_MEUR,"Current prices, million euro",B1GQ,Gross domestic product at market prices,NL,Netherlands,2021,,891550.0,,,,,
dataflow,ESTAT:NAMA_10_GDP$DEFAULTVIEW(1.0),"Gross domestic product (GDP) and main components (output, expenditure and income) - annual data",A,Annual,CP_MEUR,"Current prices, million euro",B1GQ,Gross domestic product at market prices,NL,Netherlands,2022,,993820.0,,,,,
dataflow,ESTAT:NAMA_10_GDP$DEFAULTVIEW(1.0),"Gross domestic product (GDP) and main components (output, expenditure and income) - annual data",A,Annual,CP_MEUR,"Current prices, million euro",B1GQ,Gross domestic product at market prices,NL,Netherlands,2023,,1050133.0,,,,,
dataflow,ESTAT:NAMA_10_GDP$DEFAULTVIEW(1.0),"Gross domestic product (GDP) and main components (output, expenditure and income) - annual data",A,Annual,CP_MEUR,"Current prices, million euro",B1GQ,Gross domestic product at market prices,NL,Netherlands,2024,,1121543.0,,,,,
dataflow,ESTAT:NAMA_10_GDP$DEFAULTVIEW(1.0),"Gross domestic product (GDP) and main components (output, expenditure and income) - annual data",A,Annual,CP_MEUR,"Current prices, million euro",B1GQ,Gross domestic product at market prices,NL,Netherlands,2025,,1179458.0,,,,,
dataflow,ESTAT:NAMA_10_GDP$DEFAULTVIEW(1.0),"Gross domestic product (GDP) and main components (output, expenditure and income) - annual data",A,Annual,CP_MEUR,"Current prices, million euro",B1GQ,Gross domestic product at market prices,NO,Norway,2016,,346542.3,,,,,
dataflow,ESTAT:NAMA_10_GDP$DEFAULTVIEW(1.0),"Gross domestic product (GDP) and main components (output, expenditure and income) - annual data",A,Annual,CP_MEUR,"Current prices, million euro",B1GQ,Gross domestic product at market prices,NO,Norway,2017,,368640.5,,,,,
dataflow,ESTAT:NAMA_10_GDP$DEFAULTVIEW(1.0),"Gross domestic product (GDP) and main components (output, expenditure and income) - annual data",A,Annual,CP_MEUR,"Current prices, million euro",B1GQ,Gross domestic product at market prices,NO,Norway,2018,,385198.6,,,,,
dataflow,ESTAT:NAMA_10_GDP$DEFAULTVIEW(1.0),"Gross domestic product (GDP) and main components (output, expenditure and income) - annual data",A,Annual,CP_MEUR,"Current prices, million euro",B1GQ,Gross domestic product at market prices,NO,Norway,2019,,378978.5,,,,,
dataflow,ESTAT:NAMA_10_GDP$DEFAULTVIEW(1.0),"Gross domestic product (GDP) and main components (output, expenditure and income) - annual data",A,Annual,CP_MEUR,"Current prices, million euro",B1GQ,Gross domestic product at market prices,NO,Norway,2020,,335661.0,,,,,
dataflow,ESTAT:NAMA_10_GDP$DEFAULTVIEW(1.0),"Gross domestic product (GDP) and main components (output, expenditure and income) - annual data",A,Annual,CP_MEUR,"Current prices, million euro",B1GQ,Gross domestic product at market prices,NO,Norway,2021,,440848.6,,,,,
dataflow,ESTAT:NAMA_10_GDP$DEFAULTVIEW(1.0),"Gross domestic product (GDP) and main components (output, expenditure and income) - annual data",A,Annual,CP_MEUR,"Current prices, million euro",B1GQ,Gross domestic product at market prices,NO,Norway,2022,,587476.0,,,,,
dataflow,ESTAT:NAMA_10_GDP$DEFAULTVIEW(1.0),"Gross domestic product (GDP) and main components (output, expenditure and income) - annual data",A,Annual,CP_MEUR,"Current prices, million euro",B1GQ,Gross domestic product at market prices,NO,Norway,2023,,464330.3,,,,,
dataflow,ESTAT:NAMA_10_GDP$DEFAULTVIEW(1.0),"Gross domestic product (GDP) and main components (output, expenditure and income) - annual data",A,Annual,CP_MEUR,"Current prices, million euro",B1GQ,Gross domestic product at market prices,NO,Norway,2024,,462846.4,,,,,
dataflow,ESTAT:NAMA_10_GDP$DEFAULTVIEW(1.0),"Gross domestic product (GDP) and main components (output, expenditure and income) - annual data",A,Annual,CP_MEUR,"Current prices, million euro",B1GQ,Gross domestic product at market prices,NO,Norway,2025,,470358.7,,,,,
dataflow,ESTAT:NAMA_10_GDP$DEFAULTVIEW(1.0),"Gross domestic product (GDP) and main components (output, expenditure and income) - annual data",A,Annual,CP_MEUR,"Current prices, million euro",B1GQ,Gross domestic product at market prices,PL,Poland,2016,,427658.6,,,,,
dataflow,ESTAT:NAMA_10_GDP$DEFAULTVIEW(1.0),"Gross domestic product (GDP) and main components (output, expenditure and income) - annual data",A,Annual,CP_MEUR,"Current prices, million euro",B1GQ,Gross domestic product at market prices,PL,Poland,2017,,469071.2,,,,,
dataflow,ESTAT:NAMA_10_GDP$DEFAULTVIEW(1.0),"Gross domestic product (GDP) and main components (output, expenditure and income) - annual data",A,Annual,CP_MEUR,"Current prices, million euro",B1GQ,Gross domestic product at market prices,PL,Poland,2018,,503951.0,,,,,
dataflow,ESTAT:NAMA_10_GDP$DEFAULTVIEW(1.0),"Gross domestic product (GDP) and main components (output, expenditure and income) - annual data",A,Annual,CP_MEUR,"Current prices, million euro",B1GQ,Gross domestic product at market prices,PL,Poland,2019,,538423.5,,,,,
dataflow,ESTAT:NAMA_10_GDP$DEFAULTVIEW(1.0),"Gross domestic product (GDP) and main components (output, expenditure and income) - annual data",A,Annual,CP_MEUR,"Current prices, million euro",B1GQ,Gross domestic product at market prices,PL,Poland,2020,,531827.4,,,,,
dataflow,ESTAT:NAMA_10_GDP$DEFAULTVIEW(1.0),"Gross domestic product (GDP) and main components (output, expenditure and income) - annual data",A,Annual,CP_MEUR,"Current prices, million euro",B1GQ,Gross domestic product at market prices,PL,Poland,2021,,583001.4,,,,,
dataflow,ESTAT:NAMA_10_GDP$DEFAULTVIEW(1.0),"Gross domestic product (GDP) and main components (output, expenditure and income) - annual data",A,Annual,CP_MEUR,"Current prices, million euro",B1GQ,Gross domestic product at market prices,PL,Poland,2022,,661712.3,,,,,
dataflow,ESTAT:NAMA_10_GDP$DEFAULTVIEW(1.0),"Gross domestic product (GDP) and main components (output, expenditure and income) - annual data",A,Annual,CP_MEUR,"Current prices, million euro",B1GQ,Gross domestic product at market prices,PL,Poland,2023,,751931.7,,,,,
dataflow,ESTAT:NAMA_10_GDP$DEFAULTVIEW(1.0),"Gross domestic product (GDP) and main components (output, expenditure and income) - annual data",A,Annual,CP_MEUR,"Current prices, million euro",B1GQ,Gross domestic product at market prices,PL,Poland,2024,,852229.8,,,,,
dataflow,ESTAT:NAMA_10_GDP$DEFAULTVIEW(1.0),"Gross domestic product (GDP) and main components (output, expenditure and income) - annual data",A,Annual,CP_MEUR,"Current prices, million euro",B1GQ,Gross domestic product at market prices,PL,Poland,2025,,922865.5,,,,,
dataflow,ESTAT:NAMA_10_GDP$DEFAULTVIEW(1.0),"Gross domestic product (GDP) and main components (output, expenditure and income) - annual data",A,Annual,CP_MEUR,"Current prices, million euro",B1GQ,Gross domestic product at market prices,PT,Portugal,2016,,186380.7,,,,,
dataflow,ESTAT:NAMA_10_GDP$DEFAULTVIEW(1.0),"Gross domestic product (GDP) and main components (output, expenditure and income) - annual data",A,Annual,CP_MEUR,"Current prices, million euro",B1GQ,Gross domestic product at market prices,PT,Portugal,2017,,195509.1,,,,,
dataflow,ESTAT:NAMA_10_GDP$DEFAULTVIEW(1.0),"Gross domestic product (GDP) and main components (output, expenditure and income) - annual data",A,Annual,CP_MEUR,"Current prices, million euro",B1GQ,Gross domestic product at market prices,PT,Portugal,2018,,204997.6,,,,,
dataflow,ESTAT:NAMA_10_GDP$DEFAULTVIEW(1.0),"Gross domestic product (GDP) and main components (output, expenditure and income) - annual data",A,Annual,CP_MEUR,"Current prices, million euro",B1GQ,Gross domestic product at market prices,PT,Portugal,2019,,214489.9,,,,,
dataflow,ESTAT:NAMA_10_GDP$DEFAULTVIEW(1.0),"Gross domestic product (GDP) and main components (output, expenditure and income) - annual data",A,Annual,CP_MEUR,"Current prices, million euro",B1GQ,Gross domestic product at market prices,PT,Portugal,2020,,201032.7,,,,,
dataflow,ESTAT:NAMA_10_GDP$DEFAULTVIEW(1.0),"Gross domestic product (GDP) and main components (output, expenditure and income) - annual data",A,Annual,CP_MEUR,"Current prices, million euro",B1GQ,Gross domestic product at market prices,PT,Portugal,2021,,216493.7,,,,,
dataflow,ESTAT:NAMA_10_GDP$DEFAULTVIEW(1.0),"Gross domestic product (GDP) and main components (output, expenditure and income) - annual data",A,Annual,CP_MEUR,"Current prices, million euro",B1GQ,Gross domestic product at market prices,PT,Portugal,2022,,243957.1,,,,,
dataflow,ESTAT:NAMA_10_GDP$DEFAULTVIEW(1.0),"Gross domestic product (GDP) and main components (output, expenditure and income) - annual data",A,Annual,CP_MEUR,"Current prices, million euro",B1GQ,Gross domestic product at market prices,PT,Portugal,2023,,270352.6,,,,,
dataflow,ESTAT:NAMA_10_GDP$DEFAULTVIEW(1.0),"Gross domestic product (GDP) and main components (output, expenditure and income) - annual data",A,Annual,CP_MEUR,"Current prices, million euro",B1GQ,Gross domestic product at market prices,PT,Portugal,2024,,289784.3,,p,provisional,,
dataflow,ESTAT:NAMA_10_GDP$DEFAULTVIEW(1.0),"Gross domestic product (GDP) and main components (output, expenditure and income) - annual data",A,Annual,CP_MEUR,"Current prices, million euro",B1GQ,Gross domestic product at market prices,PT,Portugal,2025,,306741.7,,p,provisional,,
dataflow,ESTAT:NAMA_10_GDP$DEFAULTVIEW(1.0),"Gross domestic product (GDP) and main components (output, expenditure and income) - annual data",A,Annual,CP_MEUR,"Current prices, million euro",B1GQ,Gross domestic product at market prices,RO,Romania,2016,,167497.1,,,,,
dataflow,ESTAT:NAMA_10_GDP$DEFAULTVIEW(1.0),"Gross domestic product (GDP) and main components (output, expenditure and income) - annual data",A,Annual,CP_MEUR,"Current prices, million euro",B1GQ,Gross domestic product at market prices,RO,Romania,2017,,186399.2,,,,,
dataflow,ESTAT:NAMA_10_GDP$DEFAULTVIEW(1.0),"Gross domestic product (GDP) and main components (output, expenditure and income) - annual data",A,Annual,CP_MEUR,"Current prices, million euro",B1GQ,Gross domestic product at market prices,RO,Romania,2018,,204780.7,,,,,
dataflow,ESTAT:NAMA_10_GDP$DEFAULTVIEW(1.0),"Gross domestic product (GDP) and main components (output, expenditure and income) - annual data",A,Annual,CP_MEUR,"Current prices, million euro",B1GQ,Gross domestic product at market prices,RO,Romania,2019,,223341.4,,,,,
dataflow,ESTAT:NAMA_10_GDP$DEFAULTVIEW(1.0),"Gross domestic product (GDP) and main components (output, expenditure and income) - annual data",A,Annual,CP_MEUR,"Current prices, million euro",B1GQ,Gross domestic product at market prices,RO,Romania,2020,,219839.8,,,,,
dataflow,ESTAT:NAMA_10_GDP$DEFAULTVIEW(1.0),"Gross domestic product (GDP) and main components (output, expenditure and income) - annual data",A,Annual,CP_MEUR,"Current prices, million euro",B1GQ,Gross domestic product at market prices,RO,Romania,2021,,240986.6,,,,,
dataflow,ESTAT:NAMA_10_GDP$DEFAULTVIEW(1.0),"Gross domestic product (GDP) and main components (output, expenditure and income) - annual data",A,Annual,CP_MEUR,"Current prices, million euro",B1GQ,Gross domestic product at market prices,RO,Romania,2022,,280777.4,,,,,
dataflow,ESTAT:NAMA_10_GDP$DEFAULTVIEW(1.0),"Gross domestic product (GDP) and main components (output, expenditure and income) - annual data",A,Annual,CP_MEUR,"Current prices, million euro",B1GQ,Gross domestic product at market prices,RO,Romania,2023,,321577.9,,,,,
dataflow,ESTAT:NAMA_10_GDP$DEFAULTVIEW(1.0),"Gross domestic product (GDP) and main components (output, expenditure and income) - annual data",A,Annual,CP_MEUR,"Current prices, million euro",B1GQ,Gross domestic product at market prices,RO,Romania,2024,,353633.1,,p,provisional,,
dataflow,ESTAT:NAMA_10_GDP$DEFAULTVIEW(1.0),"Gross domestic product (GDP) and main components (output, expenditure and income) - annual data",A,Annual,CP_MEUR,"Current prices, million euro",B1GQ,Gross domestic product at market prices,RO,Romania,2025,,380058.1,,p,provisional,,
dataflow,ESTAT:NAMA_10_GDP$DEFAULTVIEW(1.0),"Gross domestic product (GDP) and main components (output, expenditure and income) - annual data",A,Annual,CP_MEUR,"Current prices, million euro",B1GQ,Gross domestic product at market prices,RS,Serbia,2016,,38164.7,,,,,
dataflow,ESTAT:NAMA_10_GDP$DEFAULTVIEW(1.0),"Gross domestic product (GDP) and main components (output, expenditure and income) - annual data",A,Annual,CP_MEUR,"Current prices, million euro",B1GQ,Gross domestic product at market prices,RS,Serbia,2017,,40828.4,,,,,
dataflow,ESTAT:NAMA_10_GDP$DEFAULTVIEW(1.0),"Gross domestic product (GDP) and main components (output, expenditure and income) - annual data",A,Annual,CP_MEUR,"Current prices, million euro",B1GQ,Gross domestic product at market prices,RS,Serbia,2018,,44710.6,,,,,
dataflow,ESTAT:NAMA_10_GDP$DEFAULTVIEW(1.0),"Gross domestic product (GDP) and main components (output, expenditure and income) - annual data",A,Annual,CP_MEUR,"Current prices, million euro",B1GQ,Gross domestic product at market prices,RS,Serbia,2019,,48104.5,,,,,
dataflow,ESTAT:NAMA_10_GDP$DEFAULTVIEW(1.0),"Gross domestic product (GDP) and main components (output, expenditure and income) - annual data",A,Annual,CP_MEUR,"Current prices, million euro",B1GQ,Gross domestic product at market prices,RS,Serbia,2020,,49024.2,,,,,
dataflow,ESTAT:NAMA_10_GDP$DEFAULTVIEW(1.0),"Gross domestic product (GDP) and main components (output, expenditure and income) - annual data",A,Annual,CP_MEUR,"Current prices, million euro",B1GQ,Gross domestic product at market prices,RS,Serbia,2021,,55931.3,,,,,
dataflow,ESTAT:NAMA_10_GDP$DEFAULTVIEW(1.0),"Gross domestic product (GDP) and main components (output, expenditure and income) - annual data",A,Annual,CP_MEUR,"Current prices, million euro",B1GQ,Gross domestic product at market prices,RS,Serbia,2022,,63512.8,,,,,
dataflow,ESTAT:NAMA_10_GDP$DEFAULTVIEW(1.0),"Gross domestic product (GDP) and main components (output, expenditure and income) - annual data",A,Annual,CP_MEUR,"Current prices, million euro",B1GQ,Gross domestic product at market prices,RS,Serbia,2023,,75205.2,,p,provisional,,
dataflow,ESTAT:NAMA_10_GDP$DEFAULTVIEW(1.0),"Gross domestic product (GDP) and main components (output, expenditure and income) - annual data",A,Annual,CP_MEUR,"Current prices, million euro",B1GQ,Gross domestic product at market prices,RS,Serbia,2024,,83257.9,,p,provisional,,
dataflow,ESTAT:NAMA_10_GDP$DEFAULTVIEW(1.0),"Gross domestic product (GDP) and main components (output, expenditure and income) - annual data",A,Annual,CP_MEUR,"Current prices, million euro",B1GQ,Gross domestic product at market prices,RS,Serbia,2025,,88672.8,,e,estimated,,
dataflow,ESTAT:NAMA_10_GDP$DEFAULTVIEW(1.0),"Gross domestic product (GDP) and main components (output, expenditure and income) - annual data",A,Annual,CP_MEUR,"Current prices, million euro",B1GQ,Gross domestic product at market prices,SE,Sweden,2016,,463918.8,,,,,
dataflow,ESTAT:NAMA_10_GDP$DEFAULTVIEW(1.0),"Gross domestic product (GDP) and main components (output, expenditure and income) - annual data",A,Annual,CP_MEUR,"Current prices, million euro",B1GQ,Gross domestic product at market prices,SE,Sweden,2017,,474838.2,,,,,
dataflow,ESTAT:NAMA_10_GDP$DEFAULTVIEW(1.0),"Gross domestic product (GDP) and main components (output, expenditure and income) - annual data",A,Annual,CP_MEUR,"Current prices, million euro",B1GQ,Gross domestic product at market prices,SE,Sweden,2018,,465753.3,,,,,
dataflow,ESTAT:NAMA_10_GDP$DEFAULTVIEW(1.0),"Gross domestic product (GDP) and main components (output, expenditure and income) - annual data",A,Annual,CP_MEUR,"Current prices, million euro",B1GQ,Gross domestic product at market prices,SE,Sweden,2019,,474202.9,,,,,
dataflow,ESTAT:NAMA_10_GDP$DEFAULTVIEW(1.0),"Gross domestic product (GDP) and main components (output, expenditure and income) - annual data",A,Annual,CP_MEUR,"Current prices, million euro",B1GQ,Gross domestic product at market prices,SE,Sweden,2020,,478106.9,,,,,
dataflow,ESTAT:NAMA_10_GDP$DEFAULTVIEW(1.0),"Gross domestic product (GDP) and main components (output, expenditure and income) - annual data",A,Annual,CP_MEUR,"Current prices, million euro",B1GQ,Gross domestic product at market prices,SE,Sweden,2021,,533953.6,,,,,
dataflow,ESTAT:NAMA_10_GDP$DEFAULTVIEW(1.0),"Gross domestic product (GDP) and main components (output, expenditure and income) - annual data",A,Annual,CP_MEUR,"Current prices, million euro",B1GQ,Gross domestic product at market prices,SE,Sweden,2022,,547190.4,,,,,
dataflow,ESTAT:NAMA_10_GDP$DEFAULTVIEW(1.0),"Gross domestic product (GDP) and main components (output, expenditure and income) - annual data",A,Annual,CP_MEUR,"Current prices, million euro",B1GQ,Gross domestic product at market prices,SE,Sweden,2023,,535176.8,,,,,
dataflow,ESTAT:NAMA_10_GDP$DEFAULTVIEW(1.0),"Gross domestic product (GDP) and main components (output, expenditure and income) - annual data",A,Annual,CP_MEUR,"Current prices, million euro",B1GQ,Gross domestic product at market prices,SE,Sweden,2024,,563572.2,,,,,
dataflow,ESTAT:NAMA_10_GDP$DEFAULTVIEW(1.0),"Gross domestic product (GDP) and main components (output, expenditure and income) - annual data",A,Annual,CP_MEUR,"Current prices, million euro",B1GQ,Gross domestic product at market prices,SE,Sweden,2025,,601240.9,,,,,
dataflow,ESTAT:NAMA_10_GDP$DEFAULTVIEW(1.0),"Gross domestic product (GDP) and main components (output, expenditure and income) - annual data",A,Annual,CP_MEUR,"Current prices, million euro",B1GQ,Gross domestic product at market prices,SI,Slovenia,2016,,40013.2,,,,,
dataflow,ESTAT:NAMA_10_GDP$DEFAULTVIEW(1.0),"Gross domestic product (GDP) and main components (output, expenditure and income) - annual data",A,Annual,CP_MEUR,"Current prices, million euro",B1GQ,Gross domestic product at market prices,SI,Slovenia,2017,,42625.5,,,,,
dataflow,ESTAT:NAMA_10_GDP$DEFAULTVIEW(1.0),"Gross domestic product (GDP) and main components (output, expenditure and income) - annual data",A,Annual,CP_MEUR,"Current prices, million euro",B1GQ,Gross domestic product at market prices,SI,Slovenia,2018,,45462.4,,,,,
dataflow,ESTAT:NAMA_10_GDP$DEFAULTVIEW(1.0),"Gross domestic product (GDP) and main components (output, expenditure and income) - annual data",A,Annual,CP_MEUR,"Current prices, million euro",B1GQ,Gross domestic product at market prices,SI,Slovenia,2019,,48156.5,,,,,
dataflow,ESTAT:NAMA_10_GDP$DEFAULTVIEW(1.0),"Gross domestic product (GDP) and main components (output, expenditure and income) - annual data",A,Annual,CP_MEUR,"Current prices, million euro",B1GQ,Gross domestic product at market prices,SI,Slovenia,2020,,46738.7,,,,,
dataflow,ESTAT:NAMA_10_GDP$DEFAULTVIEW(1.0),"Gross domestic product (GDP) and main components (output, expenditure and income) - annual data",A,Annual,CP_MEUR,"Current prices, million euro",B1GQ,Gross domestic product at market prices,SI,Slovenia,2021,,52032.4,,,,,
dataflow,ESTAT:NAMA_10_GDP$DEFAULTVIEW(1.0),"Gross domestic product (GDP) and main components (output, expenditure and income) - annual data",A,Annual,CP_MEUR,"Current prices, million euro",B1GQ,Gross domestic product at market prices,SI,Slovenia,2022,,56881.6,,,,,
dataflow,ESTAT:NAMA_10_GDP$DEFAULTVIEW(1.0),"Gross domestic product (GDP) and main components (output, expenditure and income) - annual data",A,Annual,CP_MEUR,"Current prices, million euro",B1GQ,Gross domestic product at market prices,SI,Slovenia,2023,,64050.0,,,,,
dataflow,ESTAT:NAMA_10_GDP$DEFAULTVIEW(1.0),"Gross domestic product (GDP) and main components (output, expenditure and income) - annual data",A,Annual,CP_MEUR,"Current prices, million euro",B1GQ,Gross domestic product at market prices,SI,Slovenia,2024,,67418.1,,,,,
dataflow,ESTAT:NAMA_10_GDP$DEFAULTVIEW(1.0),"Gross domestic product (GDP) and main components (output, expenditure and income) - annual data",A,Annual,CP_MEUR,"Current prices, million euro",B1GQ,Gross domestic product at market prices,SI,Slovenia,2025,,70486.2,,,,,
dataflow,ESTAT:NAMA_10_GDP$DEFAULTVIEW(1.0),"Gross domestic product (GDP) and main components (output, expenditure and income) - annual data",A,Annual,CP_MEUR,"Current prices, million euro",B1GQ,Gross domestic product at market prices,SK,Slovakia,2016,,81621.6,,,,,
dataflow,ESTAT:NAMA_10_GDP$DEFAULTVIEW(1.0),"Gross domestic product (GDP) and main components (output, expenditure and income) - annual data",A,Annual,CP_MEUR,"Current prices, million euro",B1GQ,Gross domestic product at market prices,SK,Slovakia,2017,,84960.4,,,,,
dataflow,ESTAT:NAMA_10_GDP$DEFAULTVIEW(1.0),"Gross domestic product (GDP) and main components (output, expenditure and income) - annual data",A,Annual,CP_MEUR,"Current prices, million euro",B1GQ,Gross domestic product at market prices,SK,Slovakia,2018,,90275.9,,,,,
dataflow,ESTAT:NAMA_10_GDP$DEFAULTVIEW(1.0),"Gross domestic product (GDP) and main components (output, expenditure and income) - annual data",A,Annual,CP_MEUR,"Current prices, million euro",B1GQ,Gross domestic product at market prices,SK,Slovakia,2019,,94547.5,,,,,
dataflow,ESTAT:NAMA_10_GDP$DEFAULTVIEW(1.0),"Gross domestic product (GDP) and main components (output, expenditure and income) - annual data",A,Annual,CP_MEUR,"Current prices, million euro",B1GQ,Gross domestic product at market prices,SK,Slovakia,2020,,94320.6,,,,,
dataflow,ESTAT:NAMA_10_GDP$DEFAULTVIEW(1.0),"Gross domestic product (GDP) and main components (output, expenditure and income) - annual data",A,Annual,CP_MEUR,"Current prices, million euro",B1GQ,Gross domestic product at market prices,SK,Slovakia,2021,,101891.6,,,,,
dataflow,ESTAT:NAMA_10_GDP$DEFAULTVIEW(1.0),"Gross domestic product (GDP) and main components (output, expenditure and income) - annual data",A,Annual,CP_MEUR,"Current prices, million euro",B1GQ,Gross domestic product at market prices,SK,Slovakia,2022,,109959.8,,,,,
dataflow,ESTAT:NAMA_10_GDP$DEFAULTVIEW(1.0),"Gross domestic product (GDP) and main components (output, expenditure and income) - annual data",A,Annual,CP_MEUR,"Current prices, million euro",B1GQ,Gross domestic product at market prices,SK,Slovakia,2023,,123538.7,,,,,
dataflow,ESTAT:NAMA_10_GDP$DEFAULTVIEW(1.0),"Gross domestic product (GDP) and main components (output, expenditure and income) - annual data",A,Annual,CP_MEUR,"Current prices, million euro",B1GQ,Gross domestic product at market prices,SK,Slovakia,2024,,130207.5,,,,,
dataflow,ESTAT:NAMA_10_GDP$DEFAULTVIEW(1.0),"Gross domestic product (GDP) and main components (output, expenditure and income) - annual data",A,Annual,CP_MEUR,"Current prices, million euro",B1GQ,Gross domestic product at market prices,SK,Slovakia,2025,,136754.3,,,,,
dataflow,ESTAT:NAMA_10_GDP$DEFAULTVIEW(1.0),"Gross domestic product (GDP) and main components (output, expenditure and income) - annual data",A,Annual,CP_MEUR,"Current prices, million euro",B1GQ,Gross domestic product at market prices,TR,Türkiye,2016,,786644.3,,,,,
dataflow,ESTAT:NAMA_10_GDP$DEFAULTVIEW(1.0),"Gross domestic product (GDP) and main components (output, expenditure and income) - annual data",A,Annual,CP_MEUR,"Current prices, million euro",B1GQ,Gross domestic product at market prices,TR,Türkiye,2017,,764822.9,,,,,
dataflow,ESTAT:NAMA_10_GDP$DEFAULTVIEW(1.0),"Gross domestic product (GDP) and main components (output, expenditure and income) - annual data",A,Annual,CP_MEUR,"Current prices, million euro",B1GQ,Gross domestic product at market prices,TR,Türkiye,2018,,666902.5,,,,,
dataflow,ESTAT:NAMA_10_GDP$DEFAULTVIEW(1.0),"Gross domestic product (GDP) and main components (output, expenditure and income) - annual data",A,Annual,CP_MEUR,"Current prices, million euro",B1GQ,Gross domestic product at market prices,TR,Türkiye,2019,,692385.8,,,,,
dataflow,ESTAT:NAMA_10_GDP$DEFAULTVIEW(1.0),"Gross domestic product (GDP) and main components (output, expenditure and income) - annual data",A,Annual,CP_MEUR,"Current prices, million euro",B1GQ,Gross domestic product at market prices,TR,Türkiye,2020,,638349.1,,,,,
dataflow,ESTAT:NAMA_10_GDP$DEFAULTVIEW(1.0),"Gross domestic product (GDP) and main components (output, expenditure and income) - annual data",A,Annual,CP_MEUR,"Current prices, million euro",B1GQ,Gross domestic product at market prices,TR,Türkiye,2021,,707145.8,,,,,
dataflow,ESTAT:NAMA_10_GDP$DEFAULTVIEW(1.0),"Gross domestic product (GDP) and main components (output, expenditure and income) - annual data",A,Annual,CP_MEUR,"Current prices, million euro",B1GQ,Gross domestic product at market prices,TR,Türkiye,2022,,880351.2,,,,,
dataflow,ESTAT:NAMA_10_GDP$DEFAULTVIEW(1.0),"Gross domestic product (GDP) and main components (output, expenditure and income) - annual data",A,Annual,CP_MEUR,"Current prices, million euro",B1GQ,Gross domestic product at market prices,TR,Türkiye,2023,,1051699.7,,,,,
dataflow,ESTAT:NAMA_10_GDP$DEFAULTVIEW(1.0),"Gross domestic product (GDP) and main components (output, expenditure and income) - annual data",A,Annual,CP_MEUR,"Current prices, million euro",B1GQ,Gross domestic product at market prices,TR,Türkiye,2024,,1253386.7,,,,,
dataflow,ESTAT:NAMA_10_GDP$DEFAULTVIEW(1.0),"Gross domestic product (GDP) and main components (output, expenditure and income) - annual data",A,Annual,CP_MEUR,"Current prices, million euro",B1GQ,Gross domestic product at market prices,TR,Türkiye,2025,,1406211.3,,,,,
dataflow,ESTAT:NAMA_10_GDP$DEFAULTVIEW(1.0),"Gross domestic product (GDP) and main components (output, expenditure and income) - annual data",A,Annual,CP_MEUR,"Current prices, million euro",B1GQ,Gross domestic product at market prices,UA,Ukraine,2016,,84254.1,,,,,
dataflow,ESTAT:NAMA_10_GDP$DEFAULTVIEW(1.0),"Gross domestic product (GDP) and main components (output, expenditure and income) - annual data",A,Annual,CP_MEUR,"Current prices, million euro",B1GQ,Gross domestic product at market prices,UA,Ukraine,2017,,99198.6,,,,,
dataflow,ESTAT:NAMA_10_GDP$DEFAULTVIEW(1.0),"Gross domestic product (GDP) and main components (output, expenditure and income) - annual data",A,Annual,CP_MEUR,"Current prices, million euro",B1GQ,Gross domestic product at market prices,UA,Ukraine,2018,,110834.0,,,,,
dataflow,ESTAT:NAMA_10_GDP$DEFAULTVIEW(1.0),"Gross domestic product (GDP) and main components (output, expenditure and income) - annual data",A,Annual,CP_MEUR,"Current prices, million euro",B1GQ,Gross domestic product at market prices,UA,Ukraine,2019,,137528.0,,,,,
dataflow,ESTAT:NAMA_10_GDP$DEFAULTVIEW(1.0),"Gross domestic product (GDP) and main components (output, expenditure and income) - annual data",A,Annual,CP_MEUR,"Current prices, million euro",B1GQ,Gross domestic product at market prices,UA,Ukraine,2020,,136595.3,,,,,
dataflow,ESTAT:NAMA_10_GDP$DEFAULTVIEW(1.0),"Gross domestic product (GDP) and main components (output, expenditure and income) - annual data",A,Annual,CP_MEUR,"Current prices, million euro",B1GQ,Gross domestic product at market prices,UA,Ukraine,2021,,168960.3,,,,,
dataflow,ESTAT:NAMA_10_GDP$DEFAULTVIEW(1.0),"Gross domestic product (GDP) and main components (output, expenditure and income) - annual data",A,Annual,CP_MEUR,"Current prices, million euro",B1GQ,Gross domestic product at market prices,UA,Ukraine,2022,,154006.3,,,,,
dataflow,ESTAT:NAMA_10_GDP$DEFAULTVIEW(1.0),"Gross domestic product (GDP) and main components (output, expenditure and income) - annual data",A,Annual,CP_MEUR,"Current prices, million euro",B1GQ,Gross domestic product at market prices,UA,Ukraine,2023,,167632.0,,,,,
dataflow,ESTAT:NAMA_10_GDP$DEFAULTVIEW(1.0),"Gross domestic product (GDP) and main components (output, expenditure and income) - annual data",A,Annual,CP_MEUR,"Current prices, million euro",B1GQ,Gross domestic product at market prices,UA,Ukraine,2024,,176270.4,,,,,
dataflow,ESTAT:NAMA_10_GDP$DEFAULTVIEW(1.0),"Gross domestic product (GDP) and main components (output, expenditure and income) - annual data",A,Annual,CP_MEUR,"Current prices, million euro",B1GQ,Gross domestic product at market prices,UK,United Kingdom,2016,,2434119.2,,,,,
dataflow,ESTAT:NAMA_10_GDP$DEFAULTVIEW(1.0),"Gross domestic product (GDP) and main components (output, expenditure and income) - annual data",A,Annual,CP_MEUR,"Current prices, million euro",B1GQ,Gross domestic product at market prices,UK,United Kingdom,2017,,2359789.9,,,,,
dataflow,ESTAT:NAMA_10_GDP$DEFAULTVIEW(1.0),"Gross domestic product (GDP) and main components (output, expenditure and income) - annual data",A,Annual,CP_MEUR,"Current prices, million euro",B1GQ,Gross domestic product at market prices,UK,United Kingdom,2018,,2420897.2,,,,,
dataflow,ESTAT:NAMA_10_GDP$DEFAULTVIEW(1.0),"Gross domestic product (GDP) and main components (output, expenditure and income) - annual data",A,Annual,CP_MEUR,"Current prices, million euro",B1GQ,Gross domestic product at market prices,UK,United Kingdom,2019,,2526615.2,,,,,
dataflow,ESTAT:NAMA_10_GDP$DEFAULTVIEW(1.0),"Gross domestic product (GDP) and main components (output, expenditure and income) - annual data",A,Annual,CP_MEUR,"Current prices, million euro",B1GQ,Gross domestic product at market prices,XK,Kosovo*,2016,,6037.3,,,,,
dataflow,ESTAT:NAMA_10_GDP$DEFAULTVIEW(1.0),"Gross domestic product (GDP) and main components (output, expenditure and income) - annual data",A,Annual,CP_MEUR,"Current prices, million euro",B1GQ,Gross domestic product at market prices,XK,Kosovo*,2017,,6356.5,,,,,
dataflow,ESTAT:NAMA_10_GDP$DEFAULTVIEW(1.0),"Gross domestic product (GDP) and main components (output, expenditure and income) - annual data",A,Annual,CP_MEUR,"Current prices, million euro",B1GQ,Gross domestic product at market prices,XK,Kosovo*,2018,,6671.5,,,,,
dataflow,ESTAT:NAMA_10_GDP$DEFAULTVIEW(1.0),"Gross domestic product (GDP) and main components (output, expenditure and income) - annual data",A,Annual,CP_MEUR,"Current prices, million euro",B1GQ,Gross domestic product at market prices,XK,Kosovo*,2019,,7056.2,,,,,
dataflow,ESTAT:NAMA_10_GDP$DEFAULTVIEW(1.0),"Gross domestic product (GDP) and main components (output, expenditure and income) - annual data",A,Annual,CP_MEUR,"Current prices, million euro",B1GQ,Gross domestic product at market prices,XK,Kosovo*,2020,,6771.6,,,,,
dataflow,ESTAT:NAMA_10_GDP$DEFAULTVIEW(1.0),"Gross domestic product (GDP) and main components (output, expenditure and income) - annual data",A,Annual,CP_MEUR,"Current prices, million euro",B1GQ,Gross domestic product at market prices,XK,Kosovo*,2021,,7957.9,,,,,
dataflow,ESTAT:NAMA_10_GDP$DEFAULTVIEW(1.0),"Gross domestic product (GDP) and main components (output, expenditure and income) - annual data",A,Annual,CP_MEUR,"Current prices, million euro",B1GQ,Gross domestic product at market prices,XK,Kosovo*,2022,,8895.7,,,,,
dataflow,ESTAT:NAMA_10_GDP$DEFAULTVIEW(1.0),"Gross domestic product (GDP) and main components (output, expenditure and income) - annual data",A,Annual,CP_MEUR,"Current prices, million euro",B1GQ,Gross domestic product at market prices,XK,Kosovo*,2023,,9680.1,,,,,
dataflow,ESTAT:NAMA_10_GDP$DEFAULTVIEW(1.0),"Gross domestic product (GDP) and main components (output, expenditure and income) - annual data",A,Annual,CP_MEUR,"Current prices, million euro",B1GQ,Gross domestic product at market prices,XK,Kosovo*,2024,,10350.4,,,,,
dataflow,ESTAT:NAMA_10_GDP$DEFAULTVIEW(1.0),"Gross domestic product (GDP) and main components (output, expenditure and income) - annual data",A,Annual,CP_MEUR,"Current prices, million euro",B1GQ,Gross domestic product at market prices,XK,Kosovo*,2025,,11026.3,,p,provisional,,
