freq,indic_et,sitc06,partner,geo\TIME_PERIOD	2002 	2003 	2004 	2005 	2006 	2007 	2008 	2009 	2010 	2011 	2012 	2013 	2014 	2015 	2016 	2017 	2018 	2019 	2020 	2021 	2022 	2023 	2024 	2025 
A,MIO_BAL_VAL,SITC6_8,ACP,EU27_2020	547.1 	1517.6 	1464.1 	1511.6 	1488.5 	2172.5 	4359.4 	4478.9 	3982.3 	3630.7 	4337.6 	3816.8 	2729.2 	3170.5 	1159.5 	1699.0 	1311.3 	2098.8 	1829.7 	2026.0 	-94.8 	2073.1 	1332.4 	-174.1 
A,MIO_BAL_VAL,SITC6_8,AD,EU27_2020	397.6 	408.3 	395.7 	399.0 	412.8 	410.9 	359.3 	304.0 	296.8 	343.8 	300.5 	300.3 	318.5 	319.3 	339.0 	338.7 	346.5 	328.9 	524.8 	313.3 	433.9 	442.1 	427.2 	462.7 
A,MIO_BAL_VAL,SITC6_8,AE,EU27_2020	2781.1 	2378.8 	2398.2 	2996.2 	3467.9 	4468.2 	5739.9 	4414.8 	4134.7 	4108.6 	4910.8 	5535.6 	5993.9 	5968.9 	6377.8 	6212.9 	5232.4 	5847.5 	5037.3 	5684.0 	6045.8 	7942.1 	10136.3 	10744.9 
A,MIO_BAL_VAL,SITC6_8,AF,EU27_2020	23.8 	34.4 	40.6 	41.0 	80.6 	104.3 	85.7 	87.0 	89.6 	74.9 	68.3 	47.1 	23.0 	25.0 	23.3 	47.0 	36.0 	19.6 	29.3 	9.4 	7.2 	11.8 	15.1 	13.2 
A,MIO_BAL_VAL,SITC6_8,AFR,EU27_2020	1671.8 	2400.2 	2431.8 	2765.6 	3158.5 	3835.8 	8648.5 	12126.8 	10982.1 	9757.2 	13527.5 	13818.3 	12327.1 	12637.4 	9959.3 	9063.3 	7868.4 	10162.9 	7952.2 	5947.1 	3701.8 	7604.0 	7564.8 	6330.7 
A,MIO_BAL_VAL,SITC6_8,AG,EU27_2020	3.2 	3.6 	6.0 	8.8 	10.2 	21.8 	4.6 	2.8 	4.8 	4.2 	6.7 	3.1 	5.1 	7.9 	9.9 	11.0 	12.7 	13.5 	8.4 	9.4 	15.6 	17.8 	22.6 	17.0 
A,MIO_BAL_VAL,SITC6_8,AI,EU27_2020	1.8 	1.5 	2.1 	2.2 	2.4 	4.3 	2.6 	1.3 	2.3 	0.5 	3.9 	1.4 	0.8 	1.9 	1.5 	1.6 	3.0 	-0.2 	1.9 	0.8 	0.8 	1.1 	0.9 	4.5 
A,MIO_BAL_VAL,SITC6_8,AL,EU27_2020	237.3 	227.3 	242.8 	265.3 	301.6 	308.8 	352.7 	361.0 	284.0 	224.8 	203.9 	137.5 	109.0 	121.1 	191.1 	101.6 	12.6 	26.4 	50.3 	67.7 	-101.3 	-73.7 	75.0 	62.7 
A,MIO_BAL_VAL,SITC6_8,AM,EU27_2020	26.1 	27.5 	-16.2 	-137.3 	-92.7 	-92.4 	-67.8 	22.4 	-29.3 	-34.8 	30.6 	69.0 	96.6 	-4.3 	17.4 	19.2 	125.1 	-10.1 	52.0 	-54.5 	64.0 	122.6 	390.5 	444.2 
A,MIO_BAL_VAL,SITC6_8,AME,EU27_2020	29496.1 	25037.6 	28422.9 	28830.5 	25312.5 	19216.2 	19358.9 	16140.6 	23811.2 	26698.4 	37069.6 	39404.7 	40587.4 	43389.7 	42949.6 	48082.1 	54494.7 	57063.1 	48566.1 	66299.3 	83478.8 	76388.5 	77633.5 	76455.3 
A,MIO_BAL_VAL,SITC6_8,AME_LAT,EU27_2020	3532.5 	1610.6 	637.3 	936.6 	-2443.3 	-3709.0 	514.6 	2924.7 	4373.7 	4165.8 	9156.7 	11047.0 	9934.4 	9798.3 	8473.3 	10153.2 	11774.8 	12141.5 	9148.3 	11888.7 	13407.4 	14469.6 	14116.9 	15039.5 
A,MIO_BAL_VAL,SITC6_8,AN,EU27_2020	151.1 	103.9 	109.6 	113.4 	133.6 	126.2 	130.8 	105.5 	108.5 	123.6 	126.6 	: 	: 	: 	: 	: 	: 	: 	: 	: 	: 	: 	: 	: 
A,MIO_BAL_VAL,SITC6_8,AO,EU27_2020	-192.5 	129.7 	262.4 	125.3 	536.9 	826.3 	1276.3 	1212.2 	1259.5 	1178.0 	1358.4 	1352.3 	1506.5 	799.4 	380.2 	681.9 	324.8 	355.7 	194.3 	70.9 	74.1 	193.4 	321.8 	318.0 
A,MIO_BAL_VAL,SITC6_8,AQ,EU27_2020	2.2 	0.8 	1.0 	0.7 	1.3 	1.9 	3.1 	4.3 	1.8 	10.7 	-0.1 	-1.2 	-1.0 	-2.4 	-1.5 	-3.2 	-4.2 	-3.9 	-0.8 	1.3 	-0.4 	-3.0 	-5.3 	1.8 
A,MIO_BAL_VAL,SITC6_8,AR,EU27_2020	-89.1 	106.0 	288.0 	277.2 	591.8 	550.0 	640.6 	480.9 	976.7 	1200.2 	1214.4 	1120.0 	1026.1 	1298.3 	1098.0 	1406.7 	1274.3 	1069.7 	911.2 	1192.9 	1479.4 	1538.0 	1307.0 	1641.5 
A,MIO_BAL_VAL,SITC6_8,AS,EU27_2020	4.9 	1.4 	13.0 	1.2 	0.2 	0.5 	0.6 	0.7 	0.9 	0.3 	0.8 	1.1 	0.6 	0.6 	1.0 	1.0 	0.8 	0.0 	0.3 	0.5 	0.0 	0.2 	0.5 	0.0 
A,MIO_BAL_VAL,SITC6_8,ASEAN,EU27_2020	-7924.0 	-7653.8 	-7591.5 	-6935.3 	-8609.9 	-9223.7 	-8932.2 	-7536.0 	-9085.2 	-9598.9 	-9289.9 	-8872.5 	-12222.6 	-15969.9 	-17172.6 	-19347.4 	-20538.5 	-22947.7 	-22892.1 	-27762.3 	-40452.3 	-30627.1 	-35618.1 	-40606.8 
A,MIO_BAL_VAL,SITC6_8,ASI,EU27_2020	-29815.3 	-33235.8 	-36634.5 	-46243.7 	-62450.4 	-82301.7 	-86365.7 	-66153.8 	-81244.1 	-86618.5 	-72037.2 	-65010.2 	-80499.4 	-99207.6 	-99594.5 	-103516.4 	-111005.1 	-119934.3 	-128997.9 	-155721.1 	-233196.6 	-163857.4 	-178013.7 	-199626.5 
A,MIO_BAL_VAL,SITC6_8,AU,EU27_2020	2241.7 	2412.5 	2686.9 	2882.7 	2915.2 	2924.8 	3640.0 	3233.4 	3914.4 	4100.3 	4763.1 	4929.4 	4742.8 	4909.3 	5007.9 	5326.4 	5025.9 	5094.4 	5039.3 	5674.8 	5724.6 	5309.6 	5837.5 	5523.0 
A,MIO_BAL_VAL,SITC6_8,AW,EU27_2020	28.4 	31.2 	37.7 	36.2 	37.1 	49.2 	37.8 	44.6 	36.9 	44.8 	47.3 	39.8 	46.2 	49.2 	45.2 	54.1 	54.5 	61.2 	46.1 	62.5 	84.1 	80.2 	91.6 	97.1 
A,MIO_BAL_VAL,SITC6_8,AZ,EU27_2020	210.7 	218.5 	224.6 	245.5 	272.5 	287.8 	374.5 	325.6 	422.6 	622.2 	671.6 	747.6 	895.9 	714.5 	416.7 	396.9 	424.1 	434.4 	332.0 	303.8 	346.2 	422.7 	456.4 	540.1 
A,MIO_BAL_VAL,SITC6_8,BA,EU27_2020	437.4 	353.3 	280.3 	304.7 	-63.5 	20.0 	88.8 	110.2 	-54.8 	-151.6 	-168.6 	-206.2 	-123.3 	-133.4 	-187.7 	-249.0 	-361.9 	-272.5 	-229.2 	-459.7 	-742.7 	-337.1 	-120.7 	-26.6 
A,MIO_BAL_VAL,SITC6_8,BB,EU27_2020	15.5 	14.8 	17.8 	15.1 	18.0 	19.3 	16.8 	10.5 	14.0 	14.4 	17.9 	18.1 	19.6 	23.4 	26.1 	17.1 	13.4 	22.2 	19.5 	22.3 	33.7 	38.2 	29.9 	30.6 
A,MIO_BAL_VAL,SITC6_8,BD,EU27_2020	-2250.5 	-2532.2 	-3009.9 	-2900.3 	-3837.4 	-3702.1 	-4021.8 	-4349.5 	-5453.0 	-7140.6 	-7638.4 	-8579.9 	-9762.8 	-12016.6 	-13086.2 	-13507.9 	-14435.0 	-15476.9 	-12868.3 	-14919.7 	-22899.7 	-18115.5 	-19147.8 	-20296.1 
A,MIO_BAL_VAL,SITC6_8,BF,EU27_2020	32.8 	50.7 	63.4 	43.3 	44.9 	48.6 	45.5 	61.7 	58.5 	70.5 	81.9 	102.5 	90.8 	94.6 	102.3 	130.5 	133.4 	121.6 	131.9 	138.7 	137.7 	112.1 	104.5 	114.7 
A,MIO_BAL_VAL,SITC6_8,BH,EU27_2020	77.3 	122.7 	113.3 	127.6 	91.1 	-95.0 	-59.6 	106.5 	-89.9 	-140.7 	29.4 	10.4 	157.2 	158.6 	156.0 	72.3 	-79.0 	-74.4 	-79.2 	-411.5 	-846.2 	-689.7 	-780.9 	-1173.1 
A,MIO_BAL_VAL,SITC6_8,BI,EU27_2020	7.3 	5.4 	11.2 	18.6 	10.8 	11.2 	15.1 	11.9 	12.0 	14.0 	13.5 	11.3 	13.0 	9.1 	10.1 	9.0 	8.1 	17.9 	8.5 	13.0 	7.9 	35.3 	27.6 	11.5 
A,MIO_BAL_VAL,SITC6_8,BJ,EU27_2020	115.5 	123.1 	105.6 	94.9 	101.9 	106.9 	140.7 	140.9 	132.4 	133.2 	131.1 	139.9 	146.5 	139.5 	112.3 	106.8 	115.9 	100.5 	105.6 	127.6 	167.4 	160.3 	140.7 	140.3 
A,MIO_BAL_VAL,SITC6_8,BL,EU27_2020	: 	: 	: 	: 	: 	: 	: 	: 	: 	: 	: 	1.6 	2.6 	4.6 	11.4 	8.4 	23.8 	15.7 	9.0 	11.7 	13.3 	17.5 	8.5 	4.4 
A,MIO_BAL_VAL,SITC6_8,BM,EU27_2020	14.1 	7.9 	11.7 	13.1 	13.1 	10.4 	82.2 	8.2 	8.2 	8.1 	6.1 	6.4 	3.7 	11.8 	10.0 	12.3 	10.1 	13.8 	28.4 	10.5 	8.0 	7.8 	10.2 	10.1 
A,MIO_BAL_VAL,SITC6_8,BN,EU27_2020	16.1 	9.7 	11.3 	3.1 	16.7 	17.1 	22.9 	18.8 	13.9 	31.1 	50.1 	37.7 	22.9 	36.5 	53.9 	30.0 	32.6 	76.2 	33.9 	27.0 	24.9 	31.4 	34.0 	25.5 
A,MIO_BAL_VAL,SITC6_8,BO,EU27_2020	-2.8 	-4.2 	-8.5 	-13.8 	-28.6 	-23.0 	-51.9 	-6.6 	-32.2 	-6.8 	25.2 	-15.3 	-15.9 	35.3 	19.4 	82.2 	53.2 	-43.1 	-46.8 	-185.9 	-57.6 	2.0 	-69.4 	-190.7 
A,MIO_BAL_VAL,SITC6_8,BQ,EU27_2020	: 	: 	: 	: 	: 	: 	: 	: 	: 	: 	: 	15.8 	12.1 	21.4 	22.2 	24.4 	28.7 	29.0 	34.1 	36.7 	43.7 	51.0 	50.4 	42.5 
A,MIO_BAL_VAL,SITC6_8,BR,EU27_2020	-322.5 	-1062.9 	-1158.9 	-974.6 	-1485.1 	-1886.2 	-577.7 	954.3 	2078.8 	1758.4 	3190.1 	4243.4 	3175.9 	1698.4 	801.8 	1212.4 	1623.4 	2378.7 	2332.1 	3018.1 	2484.6 	3440.2 	4229.7 	3674.5 
A,MIO_BAL_VAL,SITC6_8,BS,EU27_2020	26.8 	27.3 	32.6 	26.6 	34.5 	27.0 	24.5 	29.4 	31.3 	19.3 	20.6 	30.4 	24.7 	50.9 	51.8 	60.6 	73.8 	50.5 	33.7 	33.4 	46.1 	52.1 	72.7 	67.9 
A,MIO_BAL_VAL,SITC6_8,BT,EU27_2020	2.0 	1.8 	1.9 	2.4 	1.3 	0.8 	-0.8 	0.9 	2.5 	1.6 	-0.2 	-7.2 	-12.7 	-10.6 	2.1 	-10.8 	-22.8 	-7.0 	1.2 	-3.4 	-18.1 	-16.5 	-0.2 	-1.0 
A,MIO_BAL_VAL,SITC6_8,BV,EU27_2020	0.2 	0.5 	0.9 	0.2 	0.2 	0.1 	0.2 	0.2 	0.4 	0.2 	0.3 	0.1 	0.0 	0.0 	0.0 	0.1 	-2.2 	0.0 	0.1 	0.1 	0.1 	0.2 	0.1 	0.0 
A,MIO_BAL_VAL,SITC6_8,BW,EU27_2020	-8.4 	-6.3 	-13.8 	-6.7 	-16.6 	6.7 	-25.8 	-33.6 	-97.7 	-103.0 	-163.4 	-487.5 	-1557.3 	-1277.3 	-1776.8 	-1197.0 	-1124.5 	-732.4 	-624.6 	-600.4 	-1144.5 	-878.2 	-648.5 	-797.9 
A,MIO_BAL_VAL,SITC6_8,BY,EU27_2020	-26.8 	-42.9 	-84.7 	13.0 	28.6 	130.0 	344.6 	408.5 	524.2 	386.8 	780.4 	928.5 	636.5 	120.1 	-85.8 	-93.2 	-199.4 	-105.6 	-309.0 	-984.3 	-128.7 	758.6 	750.5 	650.7 
A,MIO_BAL_VAL,SITC6_8,BZ,EU27_2020	8.7 	4.5 	3.6 	5.7 	7.0 	10.0 	9.8 	8.1 	16.6 	24.3 	20.2 	24.1 	22.0 	14.6 	8.7 	7.4 	6.8 	4.3 	4.3 	4.8 	6.4 	8.4 	11.4 	7.1 
A,MIO_BAL_VAL,SITC6_8,CA,EU27_2020	2741.9 	2282.3 	2718.0 	3054.4 	3152.7 	1791.5 	2010.2 	2054.1 	2345.1 	2909.5 	3247.3 	2829.9 	2705.0 	3284.1 	3553.2 	4171.2 	4586.2 	5098.9 	4646.6 	5124.4 	5613.5 	5917.1 	5943.8 	6117.1 
A,MIO_BAL_VAL,SITC6_8,CC,EU27_2020	0.8 	0.5 	0.2 	0.1 	0.2 	0.3 	-0.3 	0.1 	-0.2 	-0.2 	0.0 	-0.1 	-0.1 	0.0 	-0.1 	0.0 	-0.2 	0.0 	-0.2 	0.0 	-0.2 	-0.3 	-0.2 	-0.1 
A,MIO_BAL_VAL,SITC6_8,CC9_23,EU27_2020	-4063.3 	-4691.3 	-5217.3 	-4270.2 	-4717.6 	-5430.0 	-4224.7 	-1843.5 	-2627.3 	-4456.8 	-575.8 	-912.0 	-3910.5 	-5485.6 	-6446.1 	-7888.0 	-12382.7 	-12302.4 	-10238.0 	-19448.7 	-22275.9 	-9797.1 	-3816.8 	-8030.0 
A,MIO_BAL_VAL,SITC6_8,CD,EU27_2020	-1001.7 	-427.7 	-349.3 	-365.0 	-344.8 	-333.9 	-333.9 	-72.5 	-106.6 	-201.9 	-364.4 	-749.3 	-649.7 	-207.4 	-424.9 	-542.7 	-440.9 	-459.3 	-429.9 	-811.3 	-1355.5 	-1080.5 	-1689.0 	-3053.0 
A,MIO_BAL_VAL,SITC6_8,CF,EU27_2020	-126.8 	-41.4 	-36.9 	-28.0 	-23.7 	-13.2 	-6.2 	-19.9 	-12.5 	-19.2 	-32.2 	-10.3 	9.3 	26.6 	10.5 	5.4 	10.8 	18.3 	7.4 	14.1 	17.4 	7.3 	4.3 	-2.5 
A,MIO_BAL_VAL,SITC6_8,CG,EU27_2020	97.4 	45.6 	79.7 	115.0 	100.3 	226.7 	186.1 	170.9 	84.8 	89.6 	72.3 	50.8 	41.7 	-30.2 	-267.4 	-438.8 	-393.7 	-442.4 	-305.8 	-441.9 	-548.5 	-146.3 	-393.8 	-224.9 
A,MIO_BAL_VAL,SITC6_8,CH,EU27_2020	5619.3 	4893.4 	5891.2 	6132.9 	7785.3 	8253.4 	9116.9 	8979.7 	9927.3 	12786.8 	14100.6 	13448.8 	13063.3 	11804.1 	13282.0 	15474.1 	17840.1 	20925.2 	21051.5 	24846.6 	26342.9 	21726.8 	19958.8 	22001.1 
A,MIO_BAL_VAL,SITC6_8,CI,EU27_2020	107.0 	146.9 	134.9 	141.7 	138.1 	181.8 	203.3 	214.2 	265.1 	197.6 	301.7 	360.9 	460.1 	573.6 	440.6 	491.0 	504.8 	488.8 	529.7 	693.3 	746.9 	717.1 	695.2 	641.3 
A,MIO_BAL_VAL,SITC6_8,CIS,EU27_2020	2604.8 	2398.9 	2338.6 	3974.5 	4644.8 	7652.4 	11739.5 	10111.1 	9324.6 	12232.0 	16644.9 	18031.3 	13528.3 	6068.2 	3943.2 	4252.4 	1636.5 	5632.6 	5966.8 	-1538.0 	-4948.7 	5487.6 	6296.7 	5889.4 
A,MIO_BAL_VAL,SITC6_8,CK,EU27_2020	0.3 	0.6 	0.9 	0.5 	1.0 	0.8 	0.1 	0.8 	-0.4 	0.3 	0.1 	0.2 	0.1 	0.3 	0.1 	0.2 	1.1 	0.7 	-0.3 	0.1 	0.2 	0.3 	0.1 	0.4 
A,MIO_BAL_VAL,SITC6_8,CL,EU27_2020	-940.4 	-1104.4 	-2214.5 	-2442.1 	-5557.6 	-5688.4 	-3850.1 	-1913.2 	-3072.4 	-3688.2 	-1952.3 	-1136.7 	-1078.5 	-230.6 	6.9 	42.2 	586.0 	808.2 	480.7 	555.5 	373.4 	0.4 	-653.9 	5.7 
A,MIO_BAL_VAL,SITC6_8,CM,EU27_2020	171.7 	115.0 	68.8 	52.4 	-21.8 	48.2 	86.3 	145.1 	147.8 	124.6 	185.2 	180.3 	157.6 	151.7 	176.9 	145.9 	193.0 	148.3 	164.5 	175.4 	169.9 	162.0 	134.4 	142.1 
A,MIO_BAL_VAL,SITC6_8,CN_X_HK,EU27_2020	-29415.7 	-32221.0 	-36748.0 	-50276.7 	-60366.8 	-78066.9 	-83320.1 	-67265.0 	-81346.9 	-84640.7 	-78680.9 	-73324.7 	-83166.6 	-95115.9 	-92311.4 	-92540.8 	-93463.3 	-99977.4 	-107879.1 	-120053.5 	-164106.9 	-119933.5 	-135781.6 	-148467.2 
A,MIO_BAL_VAL,SITC6_8,CO,EU27_2020	145.0 	69.6 	55.5 	148.0 	31.4 	30.1 	255.6 	325.0 	401.1 	568.5 	669.8 	971.0 	1023.3 	995.4 	971.6 	985.9 	1027.2 	1146.6 	832.0 	1004.3 	1326.0 	1124.9 	1183.8 	1627.8 
A,MIO_BAL_VAL,SITC6_8,CR,EU27_2020	159.3 	132.4 	113.4 	88.7 	124.0 	106.1 	78.3 	1.4 	-19.7 	1.0 	-43.6 	-69.2 	-110.4 	-192.8 	-305.2 	-386.3 	-447.4 	-602.0 	-630.0 	-756.9 	-993.1 	-1220.8 	-1363.3 	-1548.8 
A,MIO_BAL_VAL,SITC6_8,CU,EU27_2020	323.0 	276.6 	288.1 	384.0 	510.0 	478.4 	517.9 	307.7 	372.9 	384.4 	456.6 	445.4 	386.8 	557.7 	536.0 	521.3 	575.0 	500.3 	381.9 	306.6 	356.6 	330.7 	277.0 	214.3 
A,MIO_BAL_VAL,SITC6_8,CV,EU27_2020	53.5 	54.0 	59.5 	69.1 	81.1 	97.9 	132.7 	106.9 	114.2 	113.8 	95.7 	87.9 	100.2 	94.6 	128.2 	115.4 	128.0 	142.6 	125.0 	123.8 	152.9 	142.8 	154.5 	170.5 
A,MIO_BAL_VAL,SITC6_8,CW,EU27_2020	: 	: 	: 	: 	: 	: 	: 	: 	: 	: 	: 	17.4 	66.0 	72.2 	76.5 	85.7 	70.9 	84.3 	69.7 	74.9 	100.1 	98.5 	128.4 	113.9 
A,MIO_BAL_VAL,SITC6_8,CX,EU27_2020	0.7 	0.4 	0.1 	0.8 	0.3 	0.0 	0.0 	0.1 	-0.2 	0.0 	0.0 	0.3 	0.0 	-0.1 	0.0 	-0.1 	-0.2 	-0.1 	-0.2 	-1.4 	-0.9 	-0.3 	-0.2 	-0.8 
A,MIO_BAL_VAL,SITC6_8,DAE,EU27_2020	1258.2 	819.7 	1545.0 	2427.4 	344.0 	-1381.6 	-1254.1 	-185.3 	1406.2 	1888.6 	4090.7 	4956.6 	4279.8 	3962.9 	4975.3 	5409.8 	4244.8 	5460.4 	2607.0 	-1754.6 	-5598.7 	115.6 	-844.4 	-3605.6 
A,MIO_BAL_VAL,SITC6_8,DJ,EU27_2020	26.3 	15.0 	18.7 	17.9 	19.0 	20.4 	24.8 	20.5 	24.1 	20.3 	23.7 	34.2 	44.6 	63.5 	54.1 	63.5 	41.6 	41.1 	27.7 	38.2 	25.4 	27.0 	29.9 	34.0 
A,MIO_BAL_VAL,SITC6_8,DM,EU27_2020	2.4 	5.6 	6.7 	1.7 	2.3 	4.1 	1.1 	1.3 	3.1 	1.6 	2.9 	1.6 	2.2 	2.3 	2.0 	2.9 	4.2 	3.6 	2.4 	2.2 	2.2 	2.9 	1.9 	8.7 
A,MIO_BAL_VAL,SITC6_8,DO,EU27_2020	194.0 	142.1 	52.7 	60.2 	-54.7 	-59.5 	-37.7 	104.7 	218.6 	257.8 	244.9 	222.2 	267.3 	381.2 	429.2 	416.8 	415.4 	463.8 	223.5 	448.0 	514.5 	543.8 	550.4 	471.1 
A,MIO_BAL_VAL,SITC6_8,DZ,EU27_2020	1452.5 	1410.0 	1583.9 	1697.9 	2253.8 	2497.7 	3941.1 	3747.2 	3820.0 	4144.4 	4873.3 	5192.6 	5564.4 	5443.1 	4769.2 	3831.1 	3548.6 	3414.4 	2525.0 	2039.9 	2114.3 	2448.5 	2444.8 	2496.1 
A,MIO_BAL_VAL,SITC6_8,EC,EU27_2020	179.6 	165.4 	152.6 	149.9 	170.3 	171.7 	199.6 	190.6 	253.4 	258.7 	329.0 	347.5 	389.3 	355.5 	287.5 	415.6 	461.7 	479.0 	363.4 	519.0 	582.7 	454.5 	436.8 	528.7 
A,MIO_BAL_VAL,SITC6_8,EFTA,EU27_2020	8266.9 	7455.8 	8729.7 	9797.6 	11315.8 	11982.0 	12777.6 	13739.9 	13589.4 	17248.3 	20146.2 	21053.0 	20130.0 	18565.4 	20216.3 	21828.9 	24216.7 	28879.8 	28559.8 	31598.9 	31547.7 	27043.8 	26420.8 	28510.6 
A,MIO_BAL_VAL,SITC6_8,EG,EU27_2020	517.0 	270.7 	10.9 	242.3 	104.3 	156.4 	557.1 	1520.4 	1262.0 	630.3 	1303.5 	1158.8 	1186.0 	1537.5 	1871.6 	1506.8 	1365.4 	1842.0 	1596.6 	943.3 	556.0 	218.6 	47.1 	-72.5 
A,MIO_BAL_VAL,SITC6_8,EH,EU27_2020	: 	: 	: 	: 	: 	: 	: 	: 	: 	: 	: 	0.0 	0.1 	0.0 	0.0 	0.1 	0.2 	0.0 	0.0 	0.1 	0.3 	0.0 	0.4 	0.0 
A,MIO_BAL_VAL,SITC6_8,ER,EU27_2020	20.2 	17.3 	16.3 	9.8 	9.6 	5.7 	6.9 	6.0 	9.2 	15.7 	27.1 	18.7 	7.3 	11.9 	8.9 	10.6 	9.7 	9.0 	3.6 	3.2 	0.2 	5.5 	8.6 	8.3 
A,MIO_BAL_VAL,SITC6_8,ES630,EU27_2020	114.8 	109.8 	102.8 	96.6 	101.7 	125.8 	127.2 	112.0 	110.3 	133.3 	135.7 	138.5 	139.1 	150.9 	151.1 	137.7 	130.7 	122.6 	86.5 	91.1 	95.3 	101.6 	106.4 	111.8 
A,MIO_BAL_VAL,SITC6_8,ES640,EU27_2020	116.6 	105.4 	99.8 	102.2 	115.3 	115.8 	100.6 	95.1 	95.7 	125.3 	120.8 	120.0 	118.5 	124.0 	126.8 	135.6 	126.9 	128.6 	87.6 	90.3 	96.1 	96.6 	96.2 	103.2 
A,MIO_BAL_VAL,SITC6_8,ET,EU27_2020	33.8 	38.7 	39.8 	43.2 	61.1 	81.1 	84.6 	72.4 	84.2 	69.0 	124.1 	101.7 	83.2 	133.0 	184.7 	173.1 	151.0 	146.0 	183.8 	71.5 	84.0 	50.9 	50.1 	47.6 
A,MIO_BAL_VAL,SITC6_8,EUR_NEU27_2020,EU27_2020	28154.7 	25965.5 	26874.1 	28874.9 	33678.5 	36850.3 	41193.2 	38090.2 	37220.1 	43662.2 	58736.8 	60745.4 	56968.1 	50108.7 	49614.9 	52254.3 	47350.8 	57360.0 	54266.5 	49055.7 	46727.1 	62284.2 	69212.5 	68540.4 
A,MIO_BAL_VAL,SITC6_8,EXT_EU27_2020,EU27_2020	33727.5 	24510.0 	26302.4 	18808.9 	2903.6 	-20219.3 	-12940.0 	5230.4 	-4643.7 	-1654.8 	43526.3 	54161.8 	35304.4 	11891.1 	9377.6 	13268.8 	6286.1 	12186.7 	-10848.1 	-28280.0 	-93570.9 	-12022.8 	-16771.5 	-41630.4 
A,MIO_BAL_VAL,SITC6_8,FJ,EU27_2020	2.0 	2.1 	2.9 	3.5 	3.2 	2.5 	2.6 	1.6 	1.6 	1.8 	6.5 	4.6 	7.8 	5.6 	9.1 	8.3 	6.7 	5.9 	6.5 	4.2 	6.2 	9.8 	6.9 	11.8 
A,MIO_BAL_VAL,SITC6_8,FK,EU27_2020	0.3 	0.3 	0.4 	0.2 	0.2 	0.2 	0.5 	0.9 	0.2 	0.4 	0.5 	0.5 	0.9 	0.4 	0.6 	1.6 	0.3 	0.1 	0.1 	0.0 	0.3 	0.2 	0.4 	0.3 
A,MIO_BAL_VAL,SITC6_8,FM,EU27_2020	-0.1 	0.3 	0.1 	0.1 	0.3 	0.1 	0.1 	0.1 	0.1 	0.1 	0.3 	0.3 	0.2 	-0.1 	0.1 	0.2 	0.0 	0.0 	0.1 	0.2 	-0.4 	-0.4 	0.0 	-0.1 
A,MIO_BAL_VAL,SITC6_8,FO,EU27_2020	100.2 	96.1 	96.1 	98.5 	113.2 	141.3 	134.5 	99.9 	104.2 	105.2 	111.2 	128.3 	140.0 	147.5 	161.0 	180.8 	190.0 	200.0 	211.2 	212.2 	224.1 	222.1 	383.8 	535.4 
A,MIO_BAL_VAL,SITC6_8,GA,EU27_2020	98.9 	51.1 	49.9 	92.1 	130.0 	108.3 	121.3 	111.8 	112.9 	230.0 	235.9 	229.4 	212.4 	116.9 	37.5 	30.4 	66.7 	56.4 	7.0 	19.3 	11.7 	91.5 	38.7 	54.7 
A,MIO_BAL_VAL,SITC6_8,GD,EU27_2020	3.9 	4.2 	2.3 	3.9 	5.3 	3.4 	3.3 	1.6 	1.8 	1.6 	1.5 	2.0 	1.6 	2.1 	2.3 	5.2 	8.3 	5.0 	2.7 	2.4 	6.1 	5.7 	-17.0 	6.6 
A,MIO_BAL_VAL,SITC6_8,GE,EU27_2020	49.7 	48.1 	42.9 	88.9 	139.4 	174.6 	157.0 	119.6 	152.7 	198.2 	266.3 	209.7 	235.6 	260.8 	263.2 	262.3 	327.0 	369.2 	267.0 	287.0 	427.1 	580.7 	552.9 	486.9 
A,MIO_BAL_VAL,SITC6_8,GH,EU27_2020	-73.3 	-6.4 	89.4 	178.8 	11.4 	165.5 	212.6 	262.5 	311.8 	224.3 	274.8 	283.4 	247.7 	453.3 	373.6 	469.9 	294.3 	279.7 	287.4 	311.8 	268.4 	335.4 	269.7 	212.9 
A,MIO_BAL_VAL,SITC6_8,GI,EU27_2020	66.0 	66.9 	46.3 	57.1 	53.7 	71.1 	63.5 	53.0 	49.0 	63.9 	46.3 	58.6 	81.0 	96.3 	93.5 	106.8 	118.7 	116.1 	91.7 	99.4 	112.9 	113.8 	113.5 	131.5 
A,MIO_BAL_VAL,SITC6_8,GL,EU27_2020	121.6 	112.6 	120.6 	118.2 	134.7 	123.8 	131.9 	117.8 	126.6 	129.1 	149.4 	141.0 	123.5 	130.6 	147.8 	145.0 	145.1 	154.0 	174.0 	180.6 	207.8 	221.2 	212.5 	195.6 
A,MIO_BAL_VAL,SITC6_8,GM,EU27_2020	16.6 	14.2 	11.7 	12.0 	13.6 	12.4 	13.6 	15.9 	17.3 	12.6 	12.1 	16.6 	21.4 	26.9 	27.9 	25.0 	23.4 	24.0 	24.7 	34.5 	29.9 	32.7 	28.0 	36.8 
A,MIO_BAL_VAL,SITC6_8,GN,EU27_2020	-28.0 	17.0 	4.0 	24.3 	22.8 	24.3 	41.0 	46.9 	41.7 	61.9 	79.0 	86.3 	82.5 	91.6 	78.6 	104.1 	113.2 	86.7 	95.5 	86.2 	103.8 	130.6 	117.4 	191.0 
A,MIO_BAL_VAL,SITC6_8,GQ,EU27_2020	42.0 	66.2 	29.7 	40.0 	76.7 	78.4 	92.1 	103.9 	187.2 	239.3 	201.2 	252.1 	212.7 	175.6 	111.0 	63.7 	70.6 	71.5 	70.7 	49.4 	49.8 	64.0 	74.3 	54.0 
A,MIO_BAL_VAL,SITC6_8,GS,EU27_2020	0.3 	0.2 	-1.0 	0.5 	0.9 	0.5 	0.1 	0.4 	0.0 	0.1 	0.0 	0.0 	0.2 	0.0 	0.0 	0.2 	0.1 	0.0 	0.1 	0.0 	-0.3 	0.0 	0.0 	0.2 
A,MIO_BAL_VAL,SITC6_8,GT,EU27_2020	120.9 	99.8 	99.8 	98.7 	111.2 	103.8 	91.5 	73.0 	96.4 	100.6 	121.8 	126.4 	134.7 	99.1 	136.3 	145.4 	140.4 	130.6 	90.3 	176.0 	238.1 	249.9 	328.7 	345.9 
A,MIO_BAL_VAL,SITC6_8,GU,EU27_2020	18.8 	18.3 	23.0 	21.6 	23.6 	18.8 	16.7 	13.7 	14.3 	17.9 	19.8 	18.9 	18.2 	16.9 	16.8 	19.3 	12.8 	16.2 	5.9 	4.7 	13.8 	25.9 	21.4 	12.3 
A,MIO_BAL_VAL,SITC6_8,GW,EU27_2020	9.1 	9.7 	8.3 	7.5 	12.5 	16.2 	18.6 	14.9 	18.1 	16.9 	13.8 	17.0 	19.6 	23.9 	21.9 	22.3 	22.6 	24.1 	19.9 	17.8 	20.5 	21.9 	21.7 	24.2 
A,MIO_BAL_VAL,SITC6_8,GY,EU27_2020	-11.7 	-26.7 	-26.7 	-13.0 	-17.1 	-12.7 	-11.9 	-0.1 	4.7 	4.8 	2.0 	16.5 	5.1 	0.0 	4.1 	8.5 	13.2 	15.6 	18.2 	48.0 	42.2 	51.1 	101.7 	172.5 
A,MIO_BAL_VAL,SITC6_8,HK,EU27_2020	2635.8 	2547.0 	2647.4 	2725.8 	2446.5 	3467.5 	3215.0 	3350.8 	5478.2 	6286.2 	6934.7 	7293.0 	8000.6 	7712.1 	9020.3 	9413.3 	9126.5 	9205.1 	7064.7 	7198.9 	7504.0 	7869.7 	8455.6 	8127.3 
A,MIO_BAL_VAL,SITC6_8,HM,EU27_2020	0.2 	0.1 	0.0 	0.0 	0.0 	0.1 	0.5 	0.4 	0.1 	0.1 	0.0 	0.0 	0.0 	0.0 	0.0 	0.0 	0.0 	0.0 	0.0 	0.0 	0.0 	0.0 	-0.1 	0.0 
A,MIO_BAL_VAL,SITC6_8,HN,EU27_2020	25.2 	40.0 	33.4 	40.7 	24.3 	37.6 	25.6 	13.6 	34.3 	46.2 	44.7 	55.3 	63.2 	61.0 	55.0 	49.1 	63.7 	46.1 	27.3 	105.6 	79.2 	146.2 	187.1 	212.0 
A,MIO_BAL_VAL,SITC6_8,HT,EU27_2020	17.8 	14.6 	14.4 	19.1 	15.0 	4.0 	13.1 	11.7 	44.4 	38.5 	18.8 	19.9 	26.7 	30.6 	20.6 	27.6 	24.2 	19.9 	39.1 	33.5 	14.9 	68.1 	17.5 	38.4 
A,MIO_BAL_VAL,SITC6_8,ID,EU27_2020	-3404.6 	-3215.6 	-3084.1 	-2938.3 	-3236.2 	-3446.9 	-3255.1 	-2763.1 	-3331.9 	-3592.6 	-3215.4 	-2760.3 	-3345.8 	-3811.2 	-3875.0 	-3907.3 	-3818.5 	-4211.8 	-3799.2 	-5059.1 	-7039.9 	-4240.5 	-4886.3 	-6665.0 
A,MIO_BAL_VAL,SITC6_8,IL,EU27_2020	1968.7 	1477.9 	1706.2 	1460.9 	1362.1 	912.0 	790.2 	843.8 	1206.0 	1271.8 	1596.5 	1649.6 	1718.7 	1880.3 	2258.8 	2399.2 	2169.7 	2233.7 	2268.8 	2911.4 	3249.5 	2305.1 	2980.7 	3214.7 
A,MIO_BAL_VAL,SITC6_8,IN,EU27_2020	-1549.2 	-1874.4 	-1983.5 	-1546.6 	-3469.7 	-3306.3 	-3806.7 	-1897.2 	-1252.5 	-2175.1 	-510.4 	-1508.7 	-2328.4 	-3522.1 	-3072.9 	-5206.8 	-5538.3 	-6440.7 	-6163.4 	-10502.3 	-16747.2 	-13530.7 	-12271.6 	-12482.7 
A,MIO_BAL_VAL,SITC6_8,IO,EU27_2020	8.6 	0.5 	0.5 	0.7 	1.0 	0.9 	0.9 	1.6 	0.1 	0.0 	0.0 	0.0 	0.0 	0.0 	-0.1 	-0.2 	0.0 	-0.2 	-0.1 	0.4 	0.2 	0.0 	-0.1 	0.0 
A,MIO_BAL_VAL,SITC6_8,IQ,EU27_2020	298.8 	138.5 	216.9 	253.3 	197.5 	146.1 	128.4 	312.5 	427.4 	548.4 	784.0 	1020.4 	917.6 	831.3 	531.4 	562.0 	524.7 	721.8 	642.8 	603.8 	737.2 	900.6 	932.3 	938.8 
A,MIO_BAL_VAL,SITC6_8,IR,EU27_2020	1023.5 	1423.9 	1555.6 	1875.4 	1514.9 	1630.0 	2103.8 	1879.2 	1808.2 	1962.4 	1465.9 	964.8 	633.4 	689.5 	1113.6 	1609.0 	1086.2 	592.2 	477.5 	424.0 	371.7 	514.6 	577.9 	377.4 
A,MIO_BAL_VAL,SITC6_8,IS,EU27_2020	-45.0 	27.9 	60.9 	221.1 	116.2 	-41.7 	-738.9 	-621.5 	-1006.6 	-1115.3 	-948.0 	-233.4 	-878.9 	-155.6 	-504.7 	-835.4 	-863.6 	-266.2 	-577.8 	-1067.7 	-1745.1 	-1148.2 	-1173.4 	-1153.4 
A,MIO_BAL_VAL,SITC6_8,JM,EU27_2020	-36.5 	-35.4 	-28.7 	29.9 	50.9 	37.3 	36.4 	26.7 	24.3 	27.5 	29.1 	34.5 	36.9 	51.8 	71.8 	60.8 	109.5 	89.5 	60.5 	53.0 	80.9 	108.0 	98.4 	82.1 
A,MIO_BAL_VAL,SITC6_8,JO,EU27_2020	353.4 	351.9 	399.0 	418.6 	450.4 	457.1 	468.9 	437.6 	485.9 	532.7 	619.3 	725.7 	685.1 	751.4 	746.2 	753.7 	711.5 	622.1 	512.7 	553.3 	595.4 	545.1 	520.8 	365.4 
A,MIO_BAL_VAL,SITC6_8,JP,EU27_2020	-517.9 	871.8 	1313.1 	1657.2 	1254.4 	-815.3 	-1937.6 	-1009.6 	-1230.8 	-1201.0 	1214.0 	1918.3 	1560.1 	1481.6 	1244.1 	1362.8 	1112.1 	1251.3 	889.6 	-104.5 	-1124.7 	-964.1 	1543.3 	2023.3 
A,MIO_BAL_VAL,SITC6_8,KE,EU27_2020	76.1 	78.0 	81.1 	94.8 	103.2 	145.0 	127.3 	151.0 	190.8 	168.9 	200.4 	193.6 	174.8 	213.3 	212.4 	220.5 	235.2 	241.8 	211.8 	262.0 	227.0 	173.2 	197.6 	163.5 
A,MIO_BAL_VAL,SITC6_8,KG,EU27_2020	14.1 	12.3 	11.1 	18.1 	29.9 	40.3 	45.4 	35.6 	38.7 	47.4 	61.1 	73.1 	61.1 	57.4 	46.8 	62.7 	59.2 	54.4 	43.7 	52.7 	227.8 	539.1 	577.2 	541.2 
A,MIO_BAL_VAL,SITC6_8,KH,EU27_2020	-310.8 	-313.5 	-389.9 	-364.5 	-461.2 	-437.8 	-468.2 	-458.4 	-624.3 	-961.4 	-1210.0 	-1426.6 	-1817.9 	-2517.0 	-3055.9 	-3469.4 	-3802.9 	-3977.9 	-3025.9 	-2872.8 	-4615.3 	-3939.6 	-4795.0 	-5496.3 
A,MIO_BAL_VAL,SITC6_8,KI,EU27_2020	-0.2 	0.1 	-0.2 	0.0 	0.3 	0.1 	-0.1 	0.1 	0.0 	0.3 	-0.2 	0.3 	0.5 	0.7 	1.3 	0.1 	0.3 	0.2 	0.2 	0.6 	0.3 	0.5 	0.5 	0.7 
A,MIO_BAL_VAL,SITC6_8,KM,EU27_2020	7.2 	6.3 	3.6 	5.8 	9.0 	3.3 	4.3 	4.5 	5.7 	5.0 	4.5 	6.3 	5.6 	7.2 	6.9 	6.2 	8.4 	8.4 	8.2 	8.5 	6.1 	8.5 	7.5 	9.2 
A,MIO_BAL_VAL,SITC6_8,KN,EU27_2020	1.1 	0.4 	0.1 	1.3 	1.2 	1.1 	1.8 	0.9 	13.5 	1.4 	0.1 	0.1 	0.0 	-1.2 	-1.8 	-1.2 	-2.2 	-1.3 	-2.4 	-1.3 	-0.3 	-0.1 	0.7 	0.7 
A,MIO_BAL_VAL,SITC6_8,KP,EU27_2020	41.7 	80.4 	17.6 	30.0 	17.7 	-2.3 	3.6 	-11.0 	-17.3 	-19.8 	1.9 	-8.1 	-6.6 	0.3 	1.6 	1.3 	0.3 	0.5 	0.0 	0.0 	0.0 	0.5 	6.1 	2.5 
A,MIO_BAL_VAL,SITC6_8,KR,EU27_2020	821.6 	761.8 	710.4 	1667.3 	681.6 	-810.9 	-1103.8 	-1052.8 	-884.8 	-1235.3 	-532.8 	-119.3 	-99.1 	418.0 	392.2 	1106.6 	274.2 	1223.7 	1440.0 	844.9 	-1403.9 	-708.7 	-1692.9 	-3345.1 
A,MIO_BAL_VAL,SITC6_8,KW,EU27_2020	729.9 	667.4 	682.6 	697.8 	848.8 	1052.3 	1077.5 	810.1 	908.8 	890.4 	1029.3 	1411.0 	1300.2 	1307.2 	1299.7 	1300.0 	1397.0 	1275.5 	1087.8 	1359.5 	1508.1 	1304.0 	1285.9 	1249.6 
A,MIO_BAL_VAL,SITC6_8,KY,EU27_2020	9.0 	8.9 	7.9 	7.6 	9.5 	9.6 	12.4 	10.7 	8.0 	5.5 	5.6 	9.5 	7.9 	10.2 	9.9 	14.0 	11.6 	17.2 	4.2 	18.5 	24.4 	29.2 	32.8 	31.0 
A,MIO_BAL_VAL,SITC6_8,KZ,EU27_2020	-117.2 	74.2 	131.5 	36.6 	-497.5 	-52.5 	-131.7 	881.4 	660.8 	754.6 	1117.1 	1134.8 	1062.0 	1388.3 	728.9 	386.0 	420.8 	581.5 	547.0 	382.3 	823.0 	1361.0 	1362.4 	1139.0 
A,MIO_BAL_VAL,SITC6_8,LA,EU27_2020	-106.5 	-91.4 	-82.0 	-87.1 	-85.5 	-73.3 	-53.9 	-51.8 	-54.4 	-59.8 	-65.0 	-100.7 	-81.0 	-86.9 	-106.8 	-107.6 	-115.4 	-174.0 	-178.2 	-196.2 	-315.9 	-259.9 	-290.4 	-302.0 
A,MIO_BAL_VAL,SITC6_8,LB,EU27_2020	856.5 	715.8 	709.6 	652.9 	648.9 	684.6 	828.3 	854.0 	993.9 	990.8 	1108.7 	1145.8 	1198.7 	1222.3 	1242.3 	1358.3 	1285.4 	983.2 	459.2 	466.0 	707.1 	720.9 	639.6 	760.6 
A,MIO_BAL_VAL,SITC6_8,LC,EU27_2020	5.9 	3.7 	3.5 	5.8 	7.4 	7.0 	5.6 	4.0 	5.8 	4.8 	4.8 	3.5 	4.4 	6.4 	19.7 	9.0 	6.1 	6.9 	4.9 	7.8 	11.9 	14.2 	9.7 	9.1 
A,MIO_BAL_VAL,SITC6_8,LI,EU27_2020	39.8 	41.7 	147.0 	140.1 	192.0 	-75.9 	193.2 	160.7 	162.7 	244.9 	212.0 	227.2 	283.9 	278.0 	247.9 	244.9 	264.6 	309.7 	251.4 	227.0 	309.1 	-755.6 	235.6 	336.5 
A,MIO_BAL_VAL,SITC6_8,LK,EU27_2020	-296.3 	-312.1 	-274.9 	-295.5 	-422.7 	-513.5 	-518.0 	-525.8 	-584.6 	-714.8 	-798.6 	-723.0 	-896.4 	-986.9 	-879.7 	-985.1 	-1155.6 	-1213.0 	-1130.5 	-1420.7 	-1892.8 	-1440.4 	-1467.7 	-1577.4 
A,MIO_BAL_VAL,SITC6_8,LR,EU27_2020	9.5 	7.5 	20.8 	20.3 	12.3 	20.0 	14.5 	8.4 	4.4 	11.8 	8.6 	17.4 	16.7 	23.7 	18.9 	24.1 	17.4 	9.0 	12.9 	6.4 	29.5 	27.4 	29.8 	31.3 
A,MIO_BAL_VAL,SITC6_8,LS,EU27_2020	-5.8 	-2.2 	-19.8 	-47.5 	-57.9 	-117.6 	-163.4 	-96.4 	-135.9 	-239.6 	-217.4 	-181.9 	-243.1 	-249.4 	-202.3 	-263.8 	-338.3 	-287.7 	-261.9 	-212.4 	-288.4 	-276.7 	-260.5 	-113.5 
A,MIO_BAL_VAL,SITC6_8,LY,EU27_2020	581.2 	579.1 	687.1 	559.4 	538.6 	527.1 	740.7 	1134.4 	989.2 	188.6 	731.7 	924.5 	632.9 	382.6 	254.6 	287.8 	362.1 	443.2 	401.3 	334.7 	333.0 	340.8 	399.1 	516.1 
A,MIO_BAL_VAL,SITC6_8,MA,EU27_2020	100.0 	194.7 	359.2 	499.8 	543.5 	753.9 	1230.8 	1258.4 	1400.2 	1610.4 	1832.4 	2089.8 	2039.1 	2170.6 	2335.3 	2501.8 	2575.8 	2860.4 	2507.8 	3125.7 	3796.2 	4486.1 	5046.7 	5462.0 
A,MIO_BAL_VAL,SITC6_8,MD,EU27_2020	40.4 	29.2 	-24.2 	104.3 	98.6 	26.5 	22.4 	105.8 	153.1 	126.5 	155.5 	162.0 	99.7 	79.9 	69.6 	77.8 	18.1 	118.9 	70.4 	1.5 	51.8 	100.9 	168.9 	248.0 
A,MIO_BAL_VAL,SITC6_8,ME,EU27_2020	: 	: 	: 	: 	-112.7 	-97.2 	68.3 	95.1 	43.3 	20.0 	8.9 	87.1 	116.5 	133.9 	158.8 	192.3 	194.3 	201.9 	149.0 	163.3 	211.0 	231.4 	308.4 	360.6 
A,MIO_BAL_VAL,SITC6_8,MED_X_HR,EU27_2020	1342.2 	-456.4 	636.5 	1234.1 	1059.2 	-219.4 	3648.9 	7020.9 	7478.6 	5369.3 	10246.6 	10873.4 	9357.8 	8634.8 	7522.2 	5623.3 	479.2 	164.4 	-487.1 	-6839.4 	-11508.1 	-2587.9 	2783.7 	614.4 
A,MIO_BAL_VAL,SITC6_8,MG,EU27_2020	-63.1 	-12.4 	-56.8 	-98.0 	-126.4 	-112.1 	-41.0 	-89.4 	-68.0 	-91.0 	-90.7 	-197.6 	-270.8 	-323.3 	-271.1 	-291.7 	-288.7 	-212.3 	-181.9 	-144.8 	-253.7 	-282.1 	-274.2 	-214.7 
A,MIO_BAL_VAL,SITC6_8,MH,EU27_2020	0.7 	0.9 	0.9 	1.3 	1.7 	2.9 	0.8 	-3.4 	4.5 	2.9 	1.7 	1.6 	3.0 	3.3 	-16.1 	2.4 	-1.4 	6.2 	5.7 	7.3 	9.0 	11.2 	11.4 	8.8 
A,MIO_BAL_VAL,SITC6_8,MK,EU27_2020	43.3 	-0.8 	63.1 	-135.1 	-209.4 	-585.9 	-358.2 	-72.3 	-160.1 	-192.8 	12.1 	-19.7 	34.5 	150.2 	287.1 	350.5 	399.6 	470.4 	427.8 	441.8 	361.9 	490.2 	473.5 	282.8 
A,MIO_BAL_VAL,SITC6_8,ML,EU27_2020	86.0 	79.0 	85.9 	93.6 	107.0 	116.8 	139.3 	136.0 	151.5 	169.4 	158.8 	165.6 	197.2 	193.8 	255.6 	286.6 	273.4 	280.4 	304.7 	329.7 	311.9 	305.1 	278.2 	241.6 
A,MIO_BAL_VAL,SITC6_8,MM,EU27_2020	-230.2 	-217.4 	-266.2 	-152.4 	-173.1 	-139.7 	-111.5 	-97.9 	-101.8 	-95.4 	-65.3 	-70.2 	-160.3 	-365.2 	-655.3 	-1102.3 	-1779.9 	-2490.7 	-2261.8 	-1984.3 	-3775.2 	-2994.3 	-2640.8 	-2628.7 
A,MIO_BAL_VAL,SITC6_8,MN,EU27_2020	9.8 	12.8 	4.5 	-4.7 	2.7 	-1.1 	30.0 	16.4 	26.8 	44.1 	73.2 	89.4 	70.4 	63.4 	65.8 	72.6 	93.9 	99.0 	97.9 	99.4 	124.5 	143.4 	140.2 	138.6 
A,MIO_BAL_VAL,SITC6_8,MO,EU27_2020	-502.5 	-506.3 	-535.3 	-241.8 	-333.7 	-262.3 	-65.1 	5.9 	46.4 	113.7 	133.2 	196.6 	249.5 	295.2 	290.5 	283.1 	369.0 	427.2 	490.0 	837.0 	1029.0 	862.0 	732.6 	505.3 
A,MIO_BAL_VAL,SITC6_8,MP,EU27_2020	15.1 	7.6 	10.5 	8.9 	11.7 	1.2 	0.9 	1.4 	2.5 	2.8 	3.4 	4.0 	4.3 	6.1 	4.8 	14.2 	6.0 	5.9 	1.1 	0.1 	1.4 	1.2 	1.1 	0.1 
A,MIO_BAL_VAL,SITC6_8,MR,EU27_2020	76.4 	80.5 	75.4 	98.0 	69.8 	101.9 	95.3 	92.5 	122.9 	185.4 	181.9 	169.6 	161.9 	124.9 	117.1 	155.1 	137.7 	139.3 	133.2 	129.1 	186.3 	169.0 	181.0 	159.6 
A,MIO_BAL_VAL,SITC6_8,MS,EU27_2020	2.1 	2.9 	2.3 	1.1 	0.2 	0.5 	0.4 	0.2 	0.2 	0.3 	0.4 	0.4 	0.0 	-0.2 	0.0 	-0.6 	-0.2 	-0.4 	-0.3 	-1.9 	0.4 	0.7 	-0.2 	0.5 
A,MIO_BAL_VAL,SITC6_8,MU,EU27_2020	-380.8 	-309.5 	-265.0 	-230.0 	-232.3 	-181.5 	-126.8 	-115.1 	-69.1 	-43.2 	-46.8 	-11.3 	4.4 	5.9 	-9.3 	10.5 	37.3 	53.2 	29.0 	50.5 	128.7 	105.0 	73.0 	59.0 
A,MIO_BAL_VAL,SITC6_8,MV,EU27_2020	1.8 	7.3 	9.4 	8.9 	13.5 	19.8 	13.4 	9.7 	11.3 	12.0 	16.3 	31.8 	23.9 	26.8 	36.3 	40.7 	52.9 	52.0 	30.8 	37.8 	43.9 	46.7 	56.1 	57.9 
A,MIO_BAL_VAL,SITC6_8,MW,EU27_2020	14.5 	8.5 	32.0 	8.6 	13.9 	8.6 	20.3 	13.3 	18.0 	18.4 	20.4 	29.7 	13.9 	14.7 	16.5 	24.3 	27.7 	27.0 	17.1 	24.9 	33.4 	21.1 	33.4 	46.9 
A,MIO_BAL_VAL,SITC6_8,MX,EU27_2020	3008.9 	2601.3 	2798.6 	2926.1 	3248.1 	2852.5 	2768.4 	1845.1 	2613.4 	3009.8 	3440.6 	3364.0 	3313.5 	3731.8 	3453.1 	4457.3 	5064.7 	4703.4 	3287.7 	4401.4 	5893.3 	6874.2 	6636.6 	6911.9 
A,MIO_BAL_VAL,SITC6_8,MY,EU27_2020	-725.5 	-687.9 	-673.5 	-395.5 	-821.0 	-837.1 	-762.3 	-642.5 	-927.8 	-1100.4 	-944.8 	-621.9 	-1081.1 	-1515.9 	-1544.5 	-1875.2 	-2028.6 	-2290.5 	-3275.1 	-5025.4 	-4394.4 	-3125.4 	-3339.3 	-2917.9 
A,MIO_BAL_VAL,SITC6_8,MZ,EU27_2020	-381.7 	-401.6 	-631.9 	-736.9 	-882.0 	-973.1 	-540.4 	-409.3 	-964.1 	-819.6 	-673.6 	-651.3 	-634.0 	-626.9 	-642.7 	-821.6 	-891.0 	-862.5 	-745.4 	-538.0 	-1731.3 	-1115.8 	-1093.4 	-1549.6 
A,MIO_BAL_VAL,SITC6_8,NA,EU27_2020	-2.1 	-5.7 	-19.3 	-62.4 	-196.3 	-311.0 	-70.4 	-81.6 	-306.1 	-448.0 	-360.3 	-322.4 	-360.5 	-376.3 	-509.2 	-672.0 	-711.0 	-528.6 	-636.8 	-550.0 	-649.5 	-413.9 	-476.5 	-187.3 
A,MIO_BAL_VAL,SITC6_8,NC,EU27_2020	40.6 	58.5 	71.1 	36.1 	-58.9 	-198.1 	70.5 	104.0 	99.7 	49.1 	122.3 	118.3 	137.9 	136.3 	174.6 	160.7 	108.9 	123.3 	141.4 	121.0 	112.4 	125.8 	64.4 	131.1 
A,MIO_BAL_VAL,SITC6_8,NE,EU27_2020	24.4 	26.3 	55.6 	56.4 	31.0 	36.9 	42.3 	46.2 	43.9 	55.7 	47.6 	51.4 	67.2 	51.3 	41.3 	55.4 	43.7 	57.5 	44.1 	49.6 	59.1 	28.0 	16.2 	14.4 
A,MIO_BAL_VAL,SITC6_8,NF,EU27_2020	0.5 	0.4 	0.3 	0.2 	0.4 	0.2 	0.3 	0.2 	0.1 	0.1 	0.1 	0.1 	0.1 	0.1 	0.2 	0.1 	0.1 	0.1 	0.0 	0.0 	0.0 	0.1 	0.1 	0.0 
A,MIO_BAL_VAL,SITC6_8,NG,EU27_2020	641.0 	601.1 	556.9 	613.7 	792.2 	908.4 	1257.9 	951.5 	894.7 	926.1 	871.4 	957.8 	1017.1 	878.4 	569.1 	594.6 	565.5 	628.3 	514.1 	627.9 	709.3 	660.1 	740.5 	801.3 
A,MIO_BAL_VAL,SITC6_8,NI,EU27_2020	19.6 	22.5 	15.3 	18.3 	16.4 	16.4 	17.3 	18.8 	22.9 	2.1 	9.3 	13.1 	18.6 	25.1 	34.3 	33.9 	25.6 	25.4 	27.7 	31.7 	23.4 	29.8 	21.7 	30.4 
A,MIO_BAL_VAL,SITC6_8,NO,EU27_2020	2652.8 	2492.8 	2630.6 	3303.5 	3222.2 	3846.3 	4206.5 	5220.9 	4506.1 	5331.9 	6781.5 	7610.4 	7661.7 	6638.9 	7191.1 	6945.3 	6975.6 	7911.1 	7834.7 	7593.1 	6640.8 	7220.9 	7399.9 	7326.5 
A,MIO_BAL_VAL,SITC6_8,NP,EU27_2020	-61.8 	-49.3 	-58.0 	-59.4 	-55.4 	-52.0 	-51.6 	-46.9 	-50.4 	-52.7 	-38.2 	-39.5 	-44.7 	-40.4 	-29.2 	-24.4 	-27.7 	-24.5 	-17.6 	-12.8 	-26.0 	-40.3 	-26.4 	-33.6 
A,MIO_BAL_VAL,SITC6_8,NR,EU27_2020	0.3 	0.2 	0.4 	0.1 	0.1 	0.2 	0.2 	0.3 	0.2 	0.3 	0.0 	0.0 	0.1 	0.0 	0.1 	0.1 	0.1 	0.1 	0.0 	0.0 	0.1 	0.1 	0.0 	0.0 
A,MIO_BAL_VAL,SITC6_8,NU,EU27_2020	0.4 	0.4 	0.3 	1.3 	0.6 	0.3 	0.2 	0.9 	0.0 	0.0 	0.0 	0.0 	0.0 	0.0 	0.0 	0.0 	0.0 	0.0 	0.1 	0.0 	0.0 	0.0 	0.0 	0.0 
A,MIO_BAL_VAL,SITC6_8,NZ,EU27_2020	331.6 	344.3 	396.0 	446.0 	378.2 	378.9 	307.1 	250.2 	294.7 	305.2 	374.6 	403.0 	372.2 	387.2 	445.2 	514.7 	558.2 	588.5 	458.3 	738.4 	623.3 	543.2 	594.2 	406.7 
A,MIO_BAL_VAL,SITC6_8,OCE_PLR,EU27_2020	2831.3 	3026.7 	3388.0 	3582.5 	3454.0 	3328.0 	4237.7 	3777.4 	4491.3 	4675.2 	5467.9 	5646.7 	5441.9 	5631.7 	5819.3 	6236.1 	5909.8 	6031.3 	5848.3 	6761.2 	6719.5 	6280.8 	6761.7 	6326.0 
A,MIO_BAL_VAL,SITC6_8,OM,EU27_2020	173.1 	197.4 	272.1 	229.3 	334.3 	325.3 	471.9 	356.0 	324.5 	335.6 	485.2 	476.7 	543.0 	653.4 	632.7 	575.7 	464.3 	501.8 	441.7 	291.5 	105.9 	186.3 	109.2 	140.1 
A,MIO_BAL_VAL,SITC6_8,OPEC,EU27_2020	11024.3 	9853.0 	10540.4 	12074.9 	13976.0 	15832.7 	20035.2 	18048.9 	17876.1 	18677.1 	21736.2 	23817.1 	23933.5 	23058.4 	20422.4 	19535.8 	17266.0 	17423.0 	14956.8 	14965.6 	16199.8 	19340.1 	22470.0 	22878.4 
A,MIO_BAL_VAL,SITC6_8,PA,EU27_2020	236.8 	189.3 	193.9 	202.4 	179.6 	278.1 	263.0 	207.6 	270.7 	335.1 	394.8 	441.0 	527.1 	416.0 	363.4 	387.7 	416.9 	403.2 	217.2 	334.7 	510.5 	507.2 	543.9 	548.6 
A,MIO_BAL_VAL,SITC6_8,PE,EU27_2020	-9.9 	-54.3 	-222.2 	-224.6 	-558.6 	-709.2 	-190.5 	-194.1 	-362.0 	-548.1 	5.2 	66.3 	52.6 	80.9 	125.5 	65.5 	100.0 	227.3 	140.6 	153.2 	43.2 	-102.9 	-58.2 	58.8 
A,MIO_BAL_VAL,SITC6_8,PF,EU27_2020	161.5 	168.8 	170.9 	166.5 	157.5 	171.9 	174.3 	143.2 	138.8 	138.6 	133.6 	134.6 	135.6 	139.5 	150.4 	155.3 	167.9 	164.4 	175.2 	183.6 	205.9 	219.4 	212.4 	213.1 
A,MIO_BAL_VAL,SITC6_8,PG,EU27_2020	3.7 	2.2 	2.0 	1.8 	2.1 	0.7 	0.9 	2.0 	2.4 	25.2 	25.2 	16.6 	2.1 	9.4 	10.3 	18.7 	15.6 	13.6 	6.8 	9.0 	8.4 	10.3 	7.1 	5.6 
A,MIO_BAL_VAL,SITC6_8,PH,EU27_2020	-244.0 	-252.9 	-293.7 	-187.4 	-422.9 	-307.6 	-280.5 	-59.2 	-100.9 	-69.9 	-91.2 	-59.2 	-240.2 	-326.5 	-239.9 	-59.1 	-148.4 	32.8 	-68.2 	-61.4 	-158.9 	57.2 	164.8 	102.7 
A,MIO_BAL_VAL,SITC6_8,PK,EU27_2020	-1561.9 	-1642.7 	-1730.3 	-1441.2 	-1695.2 	-1857.9 	-1749.5 	-1648.1 	-2045.3 	-2578.1 	-2088.9 	-2367.1 	-3022.9 	-3588.7 	-3791.8 	-3979.6 	-4046.1 	-4476.1 	-4190.1 	-5015.4 	-7328.3 	-6061.3 	-6575.0 	-7074.5 
A,MIO_BAL_VAL,SITC6_8,PM,EU27_2020	7.5 	11.3 	6.3 	6.0 	6.0 	5.9 	7.3 	7.2 	8.8 	7.6 	8.4 	8.2 	10.7 	8.7 	10.6 	8.9 	8.6 	9.1 	9.6 	12.2 	12.0 	10.9 	10.7 	10.8 
A,MIO_BAL_VAL,SITC6_8,PN,EU27_2020	0.1 	-0.1 	0.3 	0.2 	-0.2 	-0.1 	0.1 	0.0 	0.0 	0.0 	0.0 	0.2 	0.0 	0.0 	0.3 	0.0 	0.1 	0.0 	0.1 	0.1 	0.0 	-1.3 	-0.8 	0.1 
A,MIO_BAL_VAL,SITC6_8,PS,EU27_2020	3.7 	4.3 	3.7 	2.2 	5.1 	1.7 	4.6 	4.4 	8.5 	8.5 	11.7 	12.7 	11.6 	21.7 	21.1 	25.9 	27.5 	25.1 	32.4 	38.8 	47.7 	40.2 	43.8 	40.2 
A,MIO_BAL_VAL,SITC6_8,PW,EU27_2020	0.1 	0.0 	0.1 	0.0 	0.1 	0.2 	0.0 	0.1 	0.0 	0.0 	0.1 	0.1 	0.0 	0.6 	0.3 	0.4 	0.7 	0.1 	0.1 	1.2 	0.2 	0.3 	0.4 	0.8 
A,MIO_BAL_VAL,SITC6_8,PY,EU27_2020	12.4 	-1.9 	11.2 	21.2 	15.5 	21.2 	40.0 	46.4 	62.0 	72.2 	59.8 	46.0 	20.9 	19.7 	40.4 	54.7 	85.8 	104.6 	89.1 	83.5 	93.4 	106.8 	112.3 	125.1 
A,MIO_BAL_VAL,SITC6_8,QA,EU27_2020	338.8 	267.5 	394.9 	577.3 	849.4 	1085.6 	1473.1 	1222.2 	978.9 	960.1 	1136.6 	1246.4 	1389.3 	1722.9 	1478.6 	1488.5 	1721.1 	2304.3 	1641.3 	2021.7 	1987.8 	1503.3 	1435.1 	1567.0 
A,MIO_BAL_VAL,SITC6_8,RS,EU27_2020	: 	: 	: 	: 	391.2 	647.8 	615.8 	690.3 	432.7 	341.5 	811.3 	837.7 	627.2 	431.7 	525.4 	274.7 	121.4 	234.5 	526.9 	564.3 	616.9 	691.6 	286.9 	627.1 
A,MIO_BAL_VAL,SITC6_8,RS_ME,EU27_2020	685.6 	598.6 	842.9 	487.9 	: 	: 	: 	: 	: 	: 	: 	: 	: 	: 	: 	: 	: 	: 	: 	: 	: 	: 	: 	: 
A,MIO_BAL_VAL,SITC6_8,RU,EU27_2020	2564.1 	2238.8 	2176.1 	3696.3 	5018.0 	7437.8 	11116.8 	8080.8 	7307.8 	9991.5 	13553.6 	14582.4 	10315.5 	3408.5 	2477.5 	3102.1 	483.6 	4236.2 	4881.6 	-1508.7 	-6609.8 	1759.7 	2326.2 	2205.9 
A,MIO_BAL_VAL,SITC6_8,RW,EU27_2020	12.0 	13.5 	15.7 	17.1 	21.3 	24.2 	23.0 	22.3 	18.7 	19.1 	26.6 	24.5 	27.3 	29.7 	33.0 	28.7 	29.2 	39.2 	46.7 	40.7 	50.2 	79.8 	54.9 	41.2 
A,MIO_BAL_VAL,SITC6_8,SA,EU27_2020	2933.4 	2541.0 	2605.9 	3027.7 	3930.9 	4232.0 	4414.1 	4071.5 	4253.2 	5103.6 	5820.2 	6710.5 	6919.2 	7096.4 	5456.4 	5522.3 	4816.5 	4834.7 	4462.2 	4246.2 	4877.6 	5222.1 	6215.1 	5976.5 
A,MIO_BAL_VAL,SITC6_8,SB,EU27_2020	0.3 	0.4 	0.7 	0.7 	0.9 	0.8 	0.5 	0.7 	0.6 	0.5 	0.7 	1.2 	0.9 	2.1 	1.2 	1.8 	0.6 	2.0 	1.2 	1.6 	0.9 	0.6 	1.4 	1.0 
A,MIO_BAL_VAL,SITC6_8,SC,EU27_2020	37.1 	37.3 	38.6 	47.1 	35.5 	40.8 	39.9 	29.1 	40.4 	35.8 	38.3 	43.4 	31.2 	40.9 	42.0 	45.7 	46.5 	40.3 	40.7 	38.7 	52.5 	57.1 	44.2 	31.0 
A,MIO_BAL_VAL,SITC6_8,SD,EU27_2020	52.6 	72.1 	94.0 	163.6 	174.8 	136.7 	214.5 	157.8 	142.9 	137.3 	151.9 	134.8 	104.0 	112.2 	86.7 	125.6 	111.6 	110.4 	113.3 	122.8 	137.8 	46.5 	25.5 	25.8 
A,MIO_BAL_VAL,SITC6_8,SG,EU27_2020	1589.5 	1478.0 	1875.1 	1891.0 	2143.5 	2192.4 	2319.2 	2007.4 	2387.8 	2674.2 	2639.1 	2631.2 	2665.5 	2556.0 	2814.2 	2656.9 	2900.1 	3021.9 	2082.4 	2333.9 	3949.2 	4261.6 	2742.8 	2253.0 
A,MIO_BAL_VAL,SITC6_8,SH,EU27_2020	0.3 	0.2 	0.3 	-0.2 	0.6 	0.2 	-0.2 	0.3 	0.6 	-0.2 	0.0 	0.2 	0.3 	1.2 	1.8 	0.1 	0.0 	-0.5 	0.8 	0.2 	0.1 	-0.1 	0.1 	-0.2 
A,MIO_BAL_VAL,SITC6_8,SL,EU27_2020	17.4 	-21.4 	-66.6 	-95.8 	-77.5 	-73.8 	-39.9 	-33.6 	-50.6 	-47.3 	-56.3 	-64.4 	-77.9 	-58.7 	-57.1 	-45.1 	-35.0 	-32.7 	-7.3 	-20.6 	-12.0 	12.0 	1.2 	21.2 
A,MIO_BAL_VAL,SITC6_8,SM,EU27_2020	47.9 	80.2 	79.6 	97.0 	113.4 	96.7 	97.3 	83.4 	85.5 	92.2 	90.3 	91.4 	91.3 	96.0 	96.3 	104.9 	101.1 	87.7 	78.7 	118.0 	141.3 	124.0 	112.0 	116.7 
A,MIO_BAL_VAL,SITC6_8,SN,EU27_2020	192.1 	192.6 	201.6 	193.9 	199.3 	227.8 	277.9 	248.7 	280.0 	295.3 	294.4 	308.7 	305.9 	336.8 	356.0 	397.6 	459.3 	450.2 	458.0 	503.9 	579.6 	622.6 	505.0 	446.9 
A,MIO_BAL_VAL,SITC6_8,SO,EU27_2020	-0.4 	1.7 	0.7 	0.9 	0.4 	2.1 	3.0 	0.8 	1.1 	-0.1 	4.0 	3.4 	5.8 	7.7 	10.2 	10.3 	11.9 	17.0 	10.9 	11.5 	14.3 	17.0 	10.6 	11.9 
A,MIO_BAL_VAL,SITC6_8,SR,EU27_2020	36.2 	40.4 	42.4 	50.3 	47.3 	56.5 	53.0 	57.3 	53.2 	58.6 	90.2 	82.5 	70.6 	69.6 	50.9 	60.6 	66.4 	68.2 	60.4 	72.9 	91.9 	78.3 	76.1 	79.2 
A,MIO_BAL_VAL,SITC6_8,SS,EU27_2020	: 	: 	: 	: 	: 	: 	: 	: 	: 	: 	: 	3.7 	3.1 	8.8 	4.4 	8.6 	3.2 	5.4 	4.3 	6.1 	23.1 	5.7 	15.8 	5.3 
A,MIO_BAL_VAL,SITC6_8,ST,EU27_2020	10.5 	9.5 	9.2 	7.1 	9.8 	11.4 	16.5 	10.7 	13.5 	12.3 	13.5 	13.0 	17.6 	17.2 	17.2 	15.9 	16.2 	10.8 	10.6 	13.2 	15.3 	11.9 	13.4 	14.1 
A,MIO_BAL_VAL,SITC6_8,SV,EU27_2020	91.7 	77.7 	65.7 	56.1 	38.8 	47.6 	47.2 	51.6 	72.3 	74.1 	97.8 	104.4 	115.8 	128.6 	127.9 	137.1 	129.1 	111.9 	118.9 	155.6 	167.2 	130.9 	138.6 	176.6 
A,MIO_BAL_VAL,SITC6_8,SX,EU27_2020	: 	: 	: 	: 	: 	: 	: 	: 	: 	: 	: 	11.6 	21.3 	32.8 	27.3 	28.5 	52.9 	37.8 	26.8 	30.5 	33.0 	50.1 	45.2 	33.1 
A,MIO_BAL_VAL,SITC6_8,SY,EU27_2020	308.2 	232.3 	275.1 	313.8 	332.6 	359.0 	459.6 	501.0 	483.5 	416.5 	108.5 	41.3 	83.9 	66.8 	66.6 	87.5 	125.0 	115.5 	60.5 	51.8 	56.4 	40.0 	55.1 	85.2 
A,MIO_BAL_VAL,SITC6_8,SZ,EU27_2020	-5.2 	-6.6 	-2.8 	0.4 	0.0 	1.2 	2.1 	1.4 	1.3 	3.7 	1.1 	2.6 	5.2 	7.1 	15.3 	13.3 	9.8 	13.2 	2.2 	3.3 	10.4 	12.6 	18.1 	9.8 
A,MIO_BAL_VAL,SITC6_8,TC,EU27_2020	-1.1 	6.0 	3.1 	6.6 	8.8 	3.0 	2.2 	1.1 	0.4 	0.6 	0.9 	1.0 	0.9 	1.6 	3.3 	2.7 	4.0 	5.8 	4.9 	5.7 	12.2 	15.6 	32.8 	51.8 
A,MIO_BAL_VAL,SITC6_8,TD,EU27_2020	58.3 	25.5 	20.6 	28.2 	35.4 	30.1 	37.7 	68.7 	63.9 	52.5 	57.3 	62.6 	93.2 	68.8 	41.7 	30.8 	26.0 	38.4 	26.8 	26.5 	30.0 	54.7 	39.6 	35.9 
A,MIO_BAL_VAL,SITC6_8,TF,EU27_2020	1.4 	2.0 	0.9 	1.5 	1.6 	7.5 	7.5 	7.9 	6.9 	9.9 	5.6 	5.5 	3.7 	6.3 	3.8 	6.5 	5.2 	5.4 	3.1 	7.8 	5.9 	5.0 	4.7 	4.6 
A,MIO_BAL_VAL,SITC6_8,TG,EU27_2020	54.2 	56.9 	46.3 	52.7 	56.6 	58.9 	66.0 	77.6 	85.1 	106.3 	134.7 	135.7 	142.2 	137.5 	85.6 	87.3 	99.0 	98.7 	94.0 	101.9 	131.0 	146.3 	117.6 	115.7 
A,MIO_BAL_VAL,SITC6_8,TH,EU27_2020	-1754.8 	-1685.3 	-1814.4 	-1796.4 	-2154.8 	-2467.4 	-2265.4 	-1995.5 	-2177.8 	-1955.9 	-1483.6 	-1582.2 	-1984.9 	-2093.1 	-2212.6 	-2211.8 	-2005.4 	-2255.1 	-2106.3 	-2605.6 	-3680.9 	-2786.8 	-2822.3 	-3504.3 
A,MIO_BAL_VAL,SITC6_8,TJ,EU27_2020	-172.7 	-180.2 	-137.3 	-63.1 	-185.6 	-204.8 	-136.0 	-41.2 	-21.2 	-25.5 	-77.9 	-38.7 	-15.4 	-12.5 	-42.9 	-4.1 	0.4 	-7.0 	-51.5 	-126.9 	-94.3 	-93.9 	-245.6 	-475.7 
A,MIO_BAL_VAL,SITC6_8,TK,EU27_2020	0.0 	0.6 	2.2 	2.0 	7.1 	5.7 	5.3 	6.6 	1.0 	0.5 	2.3 	2.0 	0.8 	0.3 	0.0 	0.6 	0.2 	0.6 	0.1 	-0.9 	0.1 	0.4 	0.2 	0.0 
A,MIO_BAL_VAL,SITC6_8,TL,EU27_2020	3.2 	2.2 	2.1 	1.2 	2.8 	1.7 	1.9 	6.3 	2.7 	14.6 	4.6 	2.7 	2.8 	6.9 	3.0 	3.0 	1.0 	1.0 	0.8 	1.5 	2.6 	1.0 	2.4 	1.8 
A,MIO_BAL_VAL,SITC6_8,TM,EU27_2020	68.1 	56.5 	97.2 	74.4 	40.1 	101.1 	102.7 	133.7 	165.9 	241.6 	180.0 	186.9 	209.8 	144.5 	140.7 	100.2 	61.0 	98.0 	151.9 	155.7 	83.5 	104.1 	154.9 	142.1 
A,MIO_BAL_VAL,SITC6_8,TN,EU27_2020	-499.3 	-599.1 	-367.3 	-428.8 	-302.6 	-370.9 	-364.1 	-136.9 	1.0 	-183.7 	14.2 	64.7 	-114.1 	-136.2 	-141.2 	-65.5 	-361.0 	-441.8 	-511.7 	-503.7 	-581.2 	-877.1 	-752.6 	-569.3 
A,MIO_BAL_VAL,SITC6_8,TO,EU27_2020	0.5 	0.2 	0.6 	0.3 	0.2 	-0.1 	0.2 	0.2 	0.1 	0.0 	-0.2 	1.6 	4.4 	1.7 	0.1 	0.1 	1.0 	0.4 	0.1 	0.1 	0.4 	0.1 	-0.5 	-0.2 
A,MIO_BAL_VAL,SITC6_8,TR,EU27_2020	-5315.1 	-5955.7 	-5566.1 	-5213.3 	-5516.8 	-6881.8 	-6127.2 	-4666.0 	-4043.7 	-4892.0 	-3226.7 	-3396.0 	-4888.1 	-5930.4 	-7442.2 	-8310.5 	-12290.8 	-13216.0 	-11707.8 	-18086.7 	-23320.8 	-14481.7 	-10278.8 	-13655.6 
A,MIO_BAL_VAL,SITC6_8,TT,EU27_2020	84.9 	90.7 	196.6 	61.1 	53.8 	79.5 	158.4 	78.1 	-25.8 	-77.4 	43.9 	28.7 	-17.0 	21.2 	87.2 	102.8 	103.6 	95.2 	128.5 	110.2 	113.9 	153.4 	87.0 	107.4 
A,MIO_BAL_VAL,SITC6_8,TV,EU27_2020	0.1 	0.0 	0.2 	-0.2 	0.3 	0.1 	-0.1 	0.0 	0.0 	0.0 	0.0 	-0.2 	0.1 	0.0 	0.1 	0.1 	0.1 	0.1 	0.2 	0.1 	0.1 	0.0 	0.0 	-0.1 
A,MIO_BAL_VAL,SITC6_8,TW,EU27_2020	-1308.4 	-1593.9 	-1200.0 	-1664.9 	-1951.7 	-2926.2 	-2656.7 	-1852.7 	-2469.4 	-2780.2 	-2521.8 	-2644.2 	-3221.3 	-3114.1 	-3494.4 	-3679.9 	-4022.0 	-3444.7 	-2598.7 	-4501.3 	-7572.8 	-5394.9 	-4188.4 	-4218.6 
A,MIO_BAL_VAL,SITC6_8,TZ,EU27_2020	25.6 	56.4 	61.6 	55.8 	43.4 	46.9 	99.5 	68.2 	68.7 	64.3 	89.7 	50.0 	13.1 	48.4 	6.3 	30.1 	4.7 	64.4 	110.2 	18.2 	-3.8 	-78.6 	131.8 	96.9 
A,MIO_BAL_VAL,SITC6_8,UA,EU27_2020	443.8 	607.3 	-256.1 	17.9 	254.1 	957.2 	955.8 	1412.9 	565.5 	-131.2 	1361.7 	1275.9 	-121.7 	-599.4 	-311.3 	-587.7 	-802.9 	-235.2 	207.5 	-2428.1 	220.3 	3000.6 	4717.0 	3584.2 
A,MIO_BAL_VAL,SITC6_8,UG,EU27_2020	19.9 	27.8 	18.9 	24.1 	23.3 	13.9 	21.1 	46.7 	65.3 	59.9 	44.1 	48.7 	39.9 	48.1 	70.4 	68.8 	75.0 	95.9 	77.9 	110.7 	103.1 	148.4 	126.0 	139.2 
A,MIO_BAL_VAL,SITC6_8,UK,EU27_2020	20851.7 	20399.8 	20695.4 	19031.8 	21417.1 	22105.5 	20619.3 	17204.9 	17970.6 	19999.0 	24447.3 	24614.7 	29264.1 	32950.8 	32832.0 	34638.0 	34585.0 	36033.1 	30555.2 	38714.8 	43420.9 	41891.0 	42749.9 	44125.2 
A,MIO_BAL_VAL,SITC6_8,UM,EU27_2020	0.3 	0.1 	-0.1 	0.3 	0.3 	0.2 	0.3 	0.1 	0.5 	2.7 	2.5 	-0.9 	0.9 	2.9 	1.6 	1.1 	-0.3 	-0.4 	-1.4 	-0.3 	0.4 	10.4 	-3.0 	-1.6 
A,MIO_BAL_VAL,SITC6_8,US,EU27_2020	22698.7 	20686.7 	24457.3 	24287.3 	23985.1 	20474.2 	16050.3 	10591.3 	16605.2 	19177.1 	24046.5 	24992.0 	27440.9 	29692.8 	30203.1 	32998.9 	37286.7 	38998.7 	34008.6 	48457.4 	63435.1 	54865.1 	56430.2 	54087.9 
A,MIO_BAL_VAL,SITC6_8,USMCA,EU27_2020	28449.5 	25570.3 	29973.9 	30267.7 	30385.9 	25118.3 	20828.9 	14490.5 	21563.7 	25096.4 	30734.4 	31185.8 	33459.4 	36708.7 	37209.4 	41627.5 	46937.6 	48801.0 	41943.0 	57983.1 	74941.9 	67656.4 	69010.5 	67116.9 
A,MIO_BAL_VAL,SITC6_8,UY,EU27_2020	18.5 	-49.3 	-35.0 	-5.1 	40.4 	2.4 	31.9 	65.4 	87.3 	55.9 	89.7 	114.5 	109.3 	108.3 	102.0 	137.4 	166.3 	187.8 	225.6 	293.3 	287.9 	247.6 	271.6 	274.1 
A,MIO_BAL_VAL,SITC6_8,UZ,EU27_2020	-2.0 	-35.1 	-39.6 	-13.3 	-66.9 	-21.3 	68.5 	158.6 	101.9 	121.6 	172.8 	185.6 	166.5 	171.8 	174.4 	204.7 	243.5 	232.0 	248.7 	240.5 	287.9 	412.9 	355.2 	453.9 
A,MIO_BAL_VAL,SITC6_8,VA,EU27_2020	0.0 	2.0 	0.0 	3.1 	1.5 	2.1 	1.5 	0.7 	0.2 	-0.4 	-0.3 	-0.5 	0.3 	0.7 	0.7 	0.5 	0.6 	1.0 	0.4 	0.0 	-0.3 	-4.2 	0.1 	0.2 
A,MIO_BAL_VAL,SITC6_8,VC,EU27_2020	2.1 	3.4 	3.9 	5.7 	4.6 	5.3 	4.2 	10.0 	2.3 	2.4 	7.2 	10.5 	2.3 	4.2 	4.8 	11.6 	7.9 	4.2 	2.3 	4.2 	4.1 	8.8 	5.1 	5.3 
A,MIO_BAL_VAL,SITC6_8,VE,EU27_2020	344.5 	-49.7 	93.9 	106.2 	124.5 	-42.4 	232.5 	340.9 	254.9 	245.6 	740.2 	567.7 	488.0 	198.5 	169.4 	-39.2 	-10.5 	-19.9 	36.8 	18.6 	-10.2 	-1.9 	19.0 	-106.4 
A,MIO_BAL_VAL,SITC6_8,VG,EU27_2020	36.8 	25.7 	33.7 	35.6 	36.3 	57.9 	61.0 	38.1 	32.8 	34.9 	20.7 	22.5 	13.6 	12.5 	13.3 	13.7 	6.3 	6.5 	7.8 	11.4 	22.9 	11.3 	12.8 	16.0 
A,MIO_BAL_VAL,SITC6_8,VI,EU27_2020	8.9 	9.3 	14.9 	9.4 	10.9 	8.9 	7.3 	4.1 	4.7 	3.2 	2.0 	3.2 	19.2 	3.3 	2.9 	2.2 	3.6 	12.5 	2.9 	5.3 	5.0 	2.5 	5.3 	4.9 
A,MIO_BAL_VAL,SITC6_8,VN,EU27_2020	-2753.3 	-2677.5 	-2874.1 	-2907.8 	-3415.2 	-3723.5 	-4077.4 	-3493.7 	-4167.8 	-4468.8 	-4903.7 	-4920.4 	-6199.8 	-7846.5 	-8350.8 	-9301.5 	-9772.1 	-10678.7 	-10293.8 	-12318.5 	-20445.8 	-17630.9 	-19785.7 	-21473.8 
A,MIO_BAL_VAL,SITC6_8,VU,EU27_2020	1.3 	1.2 	1.0 	1.3 	1.1 	1.7 	1.4 	4.4 	3.2 	2.1 	2.0 	1.9 	2.3 	2.7 	4.3 	2.2 	2.0 	2.5 	1.2 	1.0 	2.6 	2.3 	2.2 	2.2 
A,MIO_BAL_VAL,SITC6_8,WBC,EU27_2020	718.0 	579.8 	586.2 	772.5 	368.7 	371.1 	827.7 	1262.3 	617.4 	328.5 	970.8 	946.8 	901.0 	854.0 	1168.4 	867.2 	583.6 	915.3 	1102.2 	1005.3 	633.9 	1313.5 	1321.3 	1625.0 
A,MIO_BAL_VAL,SITC6_8,WF,EU27_2020	2.1 	2.1 	2.7 	2.1 	2.6 	2.6 	2.6 	1.6 	2.5 	2.9 	2.6 	2.1 	3.8 	2.4 	2.9 	2.9 	3.4 	4.2 	4.0 	6.0 	5.1 	3.1 	4.9 	3.1 
A,MIO_BAL_VAL,SITC6_8,WS,EU27_2020	-1.0 	-1.0 	-0.6 	0.1 	0.2 	0.7 	1.1 	1.1 	0.9 	0.4 	0.8 	0.7 	0.3 	0.1 	0.4 	1.8 	0.7 	0.6 	0.1 	0.1 	0.3 	5.9 	0.6 	1.7 
A,MIO_BAL_VAL,SITC6_8,XK,EU27_2020	: 	: 	: 	: 	61.6 	77.6 	60.3 	78.1 	72.3 	86.7 	103.2 	110.5 	137.0 	150.6 	193.7 	197.2 	217.7 	254.5 	177.3 	227.7 	288.1 	311.1 	298.2 	318.4 
A,MIO_BAL_VAL,SITC6_8,YE,EU27_2020	109.8 	89.2 	102.4 	105.9 	118.1 	153.2 	135.2 	114.5 	102.6 	57.5 	89.2 	86.0 	90.3 	37.0 	37.9 	40.7 	34.8 	59.2 	61.6 	64.6 	55.6 	56.9 	49.9 	47.5 
A,MIO_BAL_VAL,SITC6_8,YT,EU27_2020	29.0 	31.8 	31.8 	32.7 	37.9 	52.0 	60.9 	46.8 	48.8 	50.9 	53.1 	59.3 	: 	: 	: 	: 	: 	: 	: 	: 	: 	: 	: 	: 
A,MIO_BAL_VAL,SITC6_8,ZA,EU27_2020	-605.4 	-633.7 	-905.3 	-861.6 	-1000.3 	-1480.9 	-1281.6 	548.3 	84.6 	255.8 	1150.6 	1255.9 	935.6 	1067.4 	800.2 	422.6 	324.8 	1136.9 	465.7 	-984.9 	-1221.4 	280.6 	261.9 	-137.6 
A,MIO_BAL_VAL,SITC6_8,ZM,EU27_2020	-36.2 	-41.1 	-95.7 	-84.9 	-250.0 	-312.5 	-217.7 	-62.6 	-12.9 	-195.1 	-145.9 	-168.7 	-141.3 	-259.3 	-268.9 	-208.4 	-295.4 	-251.5 	-147.4 	-205.4 	-298.7 	-166.8 	-70.2 	-106.2 
A,MIO_BAL_VAL,SITC6_8,ZW,EU27_2020	-84.6 	-66.8 	-85.9 	-88.1 	-115.0 	-115.2 	-103.0 	-40.9 	-100.4 	-128.3 	-117.6 	-89.1 	-144.6 	-57.0 	-46.2 	-101.7 	-137.3 	-94.0 	-124.2 	-140.3 	-107.7 	-54.7 	-61.7 	-53.5 
A,MIO_EXP_VAL,SITC6_8,ACP,EU27_2020	5090.9 	4840.7 	4835.5 	5256.9 	6000.1 	6875.5 	8076.9 	7038.6 	7715.3 	8223.6 	9137.8 	9451.0 	9956.5 	9820.0 	8425.2 	8764.8 	8663.2 	8629.4 	7764.5 	8852.7 	9982.5 	9921.9 	9415.8 	9180.8 
A,MIO_EXP_VAL,SITC6_8,AD,EU27_2020	420.7 	431.3 	425.3 	430.5 	443.4 	445.0 	389.9 	326.6 	327.6 	368.8 	328.6 	327.3 	344.5 	349.2 	370.0 	378.6 	392.6 	381.6 	572.2 	362.9 	495.8 	508.0 	491.1 	525.8 
A,MIO_EXP_VAL,SITC6_8,AE,EU27_2020	3571.4 	3574.2 	3945.0 	4623.8 	5484.6 	6589.0 	7921.5 	5753.5 	6246.7 	7439.2 	8293.8 	8952.4 	9599.9 	10144.9 	9801.5 	9793.5 	8986.1 	8768.9 	7164.5 	9090.2 	11144.9 	12158.2 	13003.5 	13653.5 
A,MIO_EXP_VAL,SITC6_8,AF,EU27_2020	27.5 	37.0 	44.0 	43.4 	83.3 	105.8 	87.5 	87.6 	90.5 	77.6 	72.3 	51.9 	29.1 	30.5 	29.3 	51.3 	43.3 	30.2 	35.4 	18.6 	17.9 	20.0 	22.7 	22.4 
A,MIO_EXP_VAL,SITC6_8,AFR,EU27_2020	16129.4 	15504.5 	16367.3 	17230.9 	19629.6 	22142.4 	25643.3 	23998.1 	26362.1 	26823.5 	29310.9 	30009.0 	30540.0 	30553.7 	29039.7 	29471.6 	29271.0 	30055.1 	25367.7 	29125.9 	33544.1 	33300.4 	33281.0 	34195.8 
A,MIO_EXP_VAL,SITC6_8,AG,EU27_2020	4.5 	4.5 	6.3 	9.4 	11.1 	24.3 	9.3 	5.9 	5.2 	4.7 	7.2 	4.4 	5.5 	8.4 	10.3 	11.3 	13.4 	13.8 	8.7 	9.5 	15.9 	18.3 	23.8 	18.3 
A,MIO_EXP_VAL,SITC6_8,AI,EU27_2020	1.8 	1.5 	2.1 	2.2 	2.4 	4.4 	2.6 	1.4 	2.3 	0.5 	4.0 	1.4 	1.2 	1.9 	1.6 	1.7 	3.2 	1.3 	2.1 	0.9 	0.9 	1.2 	1.0 	4.5 
A,MIO_EXP_VAL,SITC6_8,AL,EU27_2020	493.4 	509.3 	543.0 	580.7 	648.3 	717.5 	806.7 	782.9 	806.4 	806.2 	779.1 	772.6 	858.7 	903.9 	1084.6 	1150.4 	1175.3 	1195.1 	1064.4 	1332.2 	1527.3 	1527.3 	1545.4 	1542.8 
A,MIO_EXP_VAL,SITC6_8,AM,EU27_2020	141.9 	173.2 	166.7 	194.3 	199.5 	215.1 	219.9 	163.1 	191.0 	208.7 	241.7 	237.0 	269.2 	245.6 	250.2 	263.1 	312.5 	270.4 	252.4 	279.9 	557.0 	692.0 	689.4 	732.0 
A,MIO_EXP_VAL,SITC6_8,AME,EU27_2020	64780.8 	57501.0 	62787.3 	66030.8 	70661.7 	68468.6 	65539.4 	50862.4 	65423.3 	72428.9 	80639.2 	81035.1 	84757.1 	94222.7 	92026.7 	100114.2 	108052.6 	112068.3 	97355.9 	122018.6 	152978.5 	145713.2 	147084.8 	146973.0 
A,MIO_EXP_VAL,SITC6_8,AME_LAT,EU27_2020	10563.5 	9104.1 	9972.1 	11525.6 	13217.4 	14323.3 	15610.1 	11951.2 	16511.3 	18723.3 	21149.4 	21044.2 	20578.6 	21403.8 	20028.1 	22559.9 	24195.4 	24147.7 	19403.2 	24917.8 	30531.2 	30604.8 	30883.2 	31911.1 
A,MIO_EXP_VAL,SITC6_8,AN,EU27_2020	168.1 	114.0 	116.5 	117.1 	137.1 	132.4 	134.3 	110.9 	113.5 	126.3 	129.7 	: 	: 	: 	: 	: 	: 	: 	: 	: 	: 	: 	: 	: 
A,MIO_EXP_VAL,SITC6_8,AO,EU27_2020	332.6 	357.8 	358.7 	543.9 	824.3 	1009.7 	1389.6 	1354.0 	1304.4 	1335.0 	1761.6 	1729.2 	1994.5 	1330.4 	800.0 	944.6 	703.2 	669.1 	479.6 	586.9 	770.5 	747.8 	845.2 	836.6 
A,MIO_EXP_VAL,SITC6_8,AQ,EU27_2020	2.2 	0.9 	1.1 	0.7 	1.3 	2.5 	3.1 	4.4 	2.2 	11.5 	1.0 	0.9 	1.0 	1.2 	2.0 	1.4 	1.0 	1.3 	1.4 	1.9 	2.3 	1.4 	0.7 	7.8 
A,MIO_EXP_VAL,SITC6_8,AR,EU27_2020	442.2 	575.2 	699.4 	809.0 	955.5 	1074.9 	1150.9 	900.2 	1395.2 	1608.4 	1580.4 	1508.3 	1413.7 	1689.7 	1375.9 	1676.2 	1533.2 	1297.4 	1065.5 	1369.8 	1743.1 	1745.0 	1565.4 	1911.1 
A,MIO_EXP_VAL,SITC6_8,AS,EU27_2020	5.1 	1.5 	13.0 	1.3 	0.5 	0.5 	0.7 	0.7 	1.1 	0.4 	0.9 	1.1 	0.6 	0.7 	1.0 	1.0 	0.9 	0.2 	0.4 	0.8 	0.7 	0.3 	0.5 	0.1 
A,MIO_EXP_VAL,SITC6_8,ASEAN,EU27_2020	6690.1 	6355.8 	7057.8 	7448.5 	8207.7 	8667.3 	9044.1 	7997.9 	9793.5 	11217.6 	12328.6 	13002.7 	12562.8 	13359.9 	13834.5 	14693.4 	15806.2 	16334.4 	13615.7 	15015.4 	19352.2 	19979.0 	18047.7 	17570.9 
A,MIO_EXP_VAL,SITC6_8,ASI,EU27_2020	60996.5 	59060.4 	65452.4 	71616.1 	78718.1 	81742.8 	83543.6 	74773.4 	90107.3 	103993.3 	111806.0 	114318.9 	117372.4 	122443.2 	122726.5 	131028.8 	133986.4 	134099.9 	121140.7 	139198.4 	155834.8 	154791.0 	155970.0 	152036.5 
A,MIO_EXP_VAL,SITC6_8,AU,EU27_2020	3413.2 	3414.9 	3713.1 	3860.9 	4124.0 	4477.6 	4712.8 	3970.5 	4811.0 	5262.5 	5712.1 	5736.5 	5568.0 	5739.8 	5760.4 	6160.0 	6220.4 	6063.3 	5977.9 	6974.6 	7631.2 	7302.3 	7345.8 	7047.7 
A,MIO_EXP_VAL,SITC6_8,AW,EU27_2020	34.2 	31.8 	38.1 	37.0 	37.6 	49.8 	38.3 	45.7 	38.2 	45.8 	50.1 	41.1 	48.0 	51.3 	47.7 	55.7 	57.2 	62.4 	47.3 	63.4 	86.5 	81.9 	93.8 	100.4 
A,MIO_EXP_VAL,SITC6_8,AZ,EU27_2020	217.1 	225.4 	232.1 	250.0 	279.4 	305.4 	391.5 	340.4 	430.4 	628.8 	692.7 	763.3 	903.9 	735.2 	457.2 	422.0 	438.9 	472.0 	347.0 	322.9 	384.4 	449.6 	496.3 	572.7 
A,MIO_EXP_VAL,SITC6_8,BA,EU27_2020	1018.3 	990.7 	1052.2 	1233.1 	1164.8 	1392.9 	1538.8 	1252.1 	1343.0 	1481.7 	1472.4 	1544.4 	1683.2 	1771.6 	1881.8 	2049.4 	2151.3 	2100.3 	1931.6 	2401.1 	2954.5 	2885.3 	2858.9 	2964.4 
A,MIO_EXP_VAL,SITC6_8,BB,EU27_2020	21.6 	20.4 	21.1 	18.6 	20.7 	23.6 	20.9 	13.8 	16.5 	16.5 	20.5 	20.7 	22.6 	26.0 	28.6 	20.4 	17.6 	23.8 	20.7 	23.3 	34.8 	39.1 	30.7 	32.3 
A,MIO_EXP_VAL,SITC6_8,BD,EU27_2020	98.7 	103.4 	129.5 	146.9 	128.4 	120.8 	163.9 	171.2 	199.2 	211.2 	274.7 	238.4 	312.6 	339.6 	371.8 	359.2 	432.0 	480.1 	358.3 	421.7 	526.9 	473.3 	418.8 	407.3 
A,MIO_EXP_VAL,SITC6_8,BF,EU27_2020	48.9 	61.0 	70.9 	48.2 	50.8 	55.3 	51.6 	64.1 	62.9 	75.8 	84.7 	107.1 	94.6 	97.2 	103.7 	132.7 	135.7 	123.3 	133.3 	140.3 	140.0 	114.2 	106.7 	116.6 
A,MIO_EXP_VAL,SITC6_8,BH,EU27_2020	198.9 	214.5 	210.0 	241.1 	281.1 	314.7 	335.0 	262.5 	250.3 	282.7 	317.9 	292.0 	377.7 	368.4 	364.8 	400.4 	415.1 	386.2 	411.5 	379.6 	430.6 	397.5 	420.4 	377.4 
A,MIO_EXP_VAL,SITC6_8,BI,EU27_2020	7.4 	7.2 	13.1 	18.7 	12.2 	14.0 	15.3 	12.3 	12.6 	15.8 	14.9 	13.6 	15.3 	10.9 	11.1 	10.0 	9.3 	18.7 	9.2 	13.6 	8.3 	35.6 	28.0 	12.7 
A,MIO_EXP_VAL,SITC6_8,BJ,EU27_2020	134.7 	126.7 	106.4 	96.0 	102.5 	108.2 	142.9 	141.8 	132.8 	133.9 	131.5 	140.5 	147.1 	140.2 	112.6 	107.3 	116.4 	102.5 	106.4 	129.8 	169.1 	164.2 	145.1 	156.8 
A,MIO_EXP_VAL,SITC6_8,BL,EU27_2020	: 	: 	: 	: 	: 	: 	: 	: 	: 	: 	: 	2.0 	3.0 	4.9 	11.6 	8.6 	24.1 	15.9 	9.4 	12.1 	14.2 	19.9 	9.8 	7.0 
A,MIO_EXP_VAL,SITC6_8,BM,EU27_2020	14.3 	11.7 	14.2 	14.1 	13.5 	10.8 	82.3 	8.4 	8.5 	8.8 	6.3 	6.5 	6.0 	12.6 	10.6 	15.1 	10.4 	14.2 	30.0 	10.8 	9.1 	8.3 	10.8 	10.4 
A,MIO_EXP_VAL,SITC6_8,BN,EU27_2020	17.3 	11.2 	15.1 	12.9 	18.3 	18.1 	24.1 	19.5 	15.0 	33.1 	51.9 	39.3 	24.3 	37.4 	56.1 	30.9 	33.2 	76.9 	34.3 	27.7 	25.6 	32.1 	35.3 	26.5 
A,MIO_EXP_VAL,SITC6_8,BO,EU27_2020	34.8 	25.4 	36.2 	26.3 	27.3 	31.0 	32.0 	42.5 	49.8 	62.7 	60.7 	108.1 	100.9 	103.8 	86.4 	146.3 	134.6 	120.3 	84.7 	93.3 	101.4 	103.2 	72.4 	102.9 
A,MIO_EXP_VAL,SITC6_8,BQ,EU27_2020	: 	: 	: 	: 	: 	: 	: 	: 	: 	: 	: 	15.9 	12.7 	22.0 	22.6 	24.8 	29.5 	29.9 	35.5 	37.3 	45.0 	52.5 	53.4 	43.9 
A,MIO_EXP_VAL,SITC6_8,BR,EU27_2020	2468.8 	2019.0 	2330.9 	2673.7 	3150.7 	3751.6 	4483.3 	3550.2 	5393.9 	6006.7 	6461.2 	6649.9 	6086.4 	5178.5 	4411.5 	5089.0 	5493.8 	5577.6 	4749.1 	6114.1 	7611.7 	7577.6 	7866.4 	7662.9 
A,MIO_EXP_VAL,SITC6_8,BS,EU27_2020	28.0 	30.3 	34.3 	29.1 	37.0 	29.7 	26.4 	31.8 	32.6 	29.1 	22.0 	32.6 	25.6 	52.3 	53.0 	70.0 	75.9 	54.2 	35.9 	34.1 	48.2 	54.4 	74.5 	71.0 
A,MIO_EXP_VAL,SITC6_8,BT,EU27_2020	2.2 	2.0 	2.0 	2.5 	1.4 	1.3 	2.7 	1.6 	3.1 	4.6 	3.9 	2.5 	1.9 	2.6 	3.8 	1.9 	2.8 	2.8 	6.8 	3.1 	4.6 	4.4 	2.1 	3.7 
A,MIO_EXP_VAL,SITC6_8,BV,EU27_2020	0.2 	0.5 	0.9 	0.3 	0.3 	0.1 	0.2 	0.2 	0.4 	0.2 	0.3 	0.2 	0.0 	0.0 	0.0 	0.1 	0.1 	0.0 	0.2 	0.1 	0.2 	0.2 	0.2 	0.2 
A,MIO_EXP_VAL,SITC6_8,BW,EU27_2020	12.7 	10.9 	7.8 	18.1 	24.6 	50.3 	50.4 	47.7 	49.0 	43.2 	58.7 	105.3 	152.1 	140.2 	140.7 	122.2 	94.3 	157.2 	347.1 	468.0 	208.1 	108.2 	46.2 	56.9 
A,MIO_EXP_VAL,SITC6_8,BY,EU27_2020	534.5 	576.9 	627.7 	772.4 	963.1 	1140.1 	1390.9 	1087.3 	1379.5 	1389.9 	1598.8 	1771.6 	1616.2 	1261.8 	1111.1 	1310.8 	1426.1 	1531.2 	1323.5 	1407.0 	1300.2 	1366.6 	1228.5 	770.3 
A,MIO_EXP_VAL,SITC6_8,BZ,EU27_2020	9.0 	5.6 	5.3 	6.1 	7.5 	10.7 	10.8 	8.6 	16.7 	24.4 	21.1 	24.9 	23.1 	15.3 	9.2 	7.8 	7.7 	5.4 	4.4 	5.5 	7.5 	9.1 	11.5 	7.4 
A,MIO_EXP_VAL,SITC6_8,CA,EU27_2020	4797.2 	4285.1 	4587.2 	4995.2 	5389.0 	5006.2 	4929.6 	3859.8 	4625.9 	5309.3 	5374.8 	5275.1 	5603.3 	6089.6 	6010.7 	6738.9 	7791.1 	8349.0 	7615.8 	9153.0 	10513.3 	10216.9 	10055.8 	10952.1 
A,MIO_EXP_VAL,SITC6_8,CC,EU27_2020	0.8 	0.5 	0.2 	0.2 	0.2 	0.3 	0.1 	0.1 	0.0 	0.0 	0.1 	0.1 	0.1 	0.1 	0.0 	0.0 	0.0 	0.0 	0.0 	0.1 	0.0 	0.0 	0.0 	0.0 
A,MIO_EXP_VAL,SITC6_8,CC9_23,EU27_2020	11121.0 	11960.0 	14639.6 	17540.1 	21568.2 	25218.9 	26096.9 	19879.6 	24183.0 	27335.4 	28347.0 	29244.4 	27834.3 	27650.8 	28561.3 	31662.6 	32018.2 	32163.2 	30395.7 	35952.6 	44013.8 	47578.6 	53743.1 	51251.8 
A,MIO_EXP_VAL,SITC6_8,CD,EU27_2020	58.8 	72.6 	71.1 	71.6 	80.6 	100.7 	121.4 	129.9 	127.9 	140.6 	143.3 	154.2 	158.8 	152.2 	109.7 	99.1 	134.8 	143.8 	130.5 	137.6 	181.6 	280.9 	176.8 	179.8 
A,MIO_EXP_VAL,SITC6_8,CF,EU27_2020	6.1 	5.4 	6.5 	6.2 	6.7 	9.4 	11.5 	10.7 	14.0 	16.5 	9.9 	7.8 	9.3 	26.7 	11.5 	9.9 	12.3 	18.7 	19.3 	18.6 	25.4 	14.4 	13.5 	11.2 
A,MIO_EXP_VAL,SITC6_8,CG,EU27_2020	108.8 	82.7 	106.6 	127.7 	154.0 	279.5 	234.7 	215.9 	215.8 	203.2 	258.0 	271.9 	430.5 	416.6 	320.2 	164.1 	159.7 	136.4 	107.2 	114.9 	172.4 	246.6 	197.6 	225.2 
A,MIO_EXP_VAL,SITC6_8,CH,EU27_2020	22651.2 	22063.6 	23951.3 	24709.9 	27513.6 	29587.3 	30768.9 	27151.3 	31054.9 	36761.8 	37924.3 	37500.2 	38388.3 	39682.9 	40451.8 	43426.5 	46215.6 	49595.4 	45559.4 	52724.4 	59158.2 	55058.0 	51437.2 	54411.7 
A,MIO_EXP_VAL,SITC6_8,CI,EU27_2020	265.9 	227.2 	209.5 	223.6 	218.4 	265.3 	282.0 	265.2 	318.7 	244.4 	348.9 	400.7 	505.7 	619.2 	486.9 	530.8 	546.3 	530.0 	561.1 	730.9 	799.8 	762.4 	734.1 	679.9 
A,MIO_EXP_VAL,SITC6_8,CIS,EU27_2020	11075.2 	11500.1 	14055.9 	16784.8 	21445.9 	26010.6 	28976.7 	19427.7 	23725.4 	28444.1 	31658.8 	32025.5 	29191.0 	22557.1 	21039.5 	24187.0 	24196.7 	25387.0 	22250.7 	24121.9 	18034.0 	16178.4 	14090.2 	12862.0 
A,MIO_EXP_VAL,SITC6_8,CK,EU27_2020	0.5 	0.8 	1.0 	0.7 	1.0 	0.9 	0.3 	0.9 	0.1 	0.4 	0.1 	0.3 	0.1 	0.3 	0.3 	0.2 	1.1 	0.7 	0.2 	0.3 	0.2 	0.4 	0.2 	0.5 
A,MIO_EXP_VAL,SITC6_8,CL,EU27_2020	723.5 	681.4 	755.2 	891.0 	926.4 	975.7 	1159.1 	908.3 	1243.8 	1434.9 	1664.7 	1719.0 	1526.8 	1821.4 	1738.8 	1830.7 	2034.0 	2045.7 	1685.5 	2170.1 	2272.0 	1999.7 	2077.7 	2153.9 
A,MIO_EXP_VAL,SITC6_8,CM,EU27_2020	269.4 	222.5 	202.2 	196.0 	201.9 	227.8 	249.0 	232.0 	259.4 	247.9 	276.5 	280.8 	283.5 	288.4 	298.2 	288.3 	356.4 	261.6 	261.5 	279.0 	291.9 	278.4 	243.6 	236.9 
A,MIO_EXP_VAL,SITC6_8,CN_X_HK,EU27_2020	6147.4 	7621.0 	8547.9 	9434.4 	11422.0 	12280.7 	13085.0 	13751.4 	17302.8 	21220.1 	23365.9 	24739.9 	25423.0 	26229.4 	27568.9 	32563.2 	35173.0 	35630.4 	37823.6 	43481.0 	43415.0 	42927.4 	42597.1 	39952.5 
A,MIO_EXP_VAL,SITC6_8,CO,EU27_2020	456.7 	402.5 	428.8 	521.1 	582.0 	652.6 	693.1 	612.2 	822.7 	949.6 	1130.4 	1171.2 	1244.5 	1281.7 	1169.3 	1233.6 	1329.8 	1420.0 	1041.4 	1355.7 	1759.8 	1487.7 	1556.5 	1979.4 
A,MIO_EXP_VAL,SITC6_8,CR,EU27_2020	190.1 	163.4 	148.6 	130.8 	180.8 	170.4 	174.0 	141.1 	141.9 	158.6 	183.0 	205.8 	210.6 	252.8 	271.7 	285.0 	302.8 	306.7 	291.1 	393.8 	507.1 	513.2 	578.0 	644.7 
A,MIO_EXP_VAL,SITC6_8,CU,EU27_2020	359.6 	344.9 	303.1 	396.7 	522.2 	488.8 	529.3 	313.0 	377.9 	401.3 	460.6 	455.6 	392.1 	562.4 	541.5 	526.6 	578.4 	504.7 	384.8 	309.7 	359.6 	334.0 	280.5 	218.0 
A,MIO_EXP_VAL,SITC6_8,CV,EU27_2020	62.5 	61.7 	68.1 	76.2 	89.2 	105.9 	140.6 	114.7 	121.7 	121.6 	102.2 	95.9 	109.3 	103.8 	138.7 	127.0 	139.5 	154.5 	134.7 	131.9 	163.8 	152.5 	164.1 	179.4 
A,MIO_EXP_VAL,SITC6_8,CW,EU27_2020	: 	: 	: 	: 	: 	: 	: 	: 	: 	: 	: 	17.8 	67.7 	76.5 	78.1 	90.0 	85.2 	88.9 	71.4 	79.3 	105.3 	103.8 	133.1 	120.9 
A,MIO_EXP_VAL,SITC6_8,CX,EU27_2020	0.8 	0.6 	0.1 	0.8 	0.3 	0.3 	0.0 	0.1 	0.0 	0.0 	0.0 	0.4 	0.0 	0.0 	0.0 	0.0 	0.0 	0.1 	0.0 	0.0 	0.0 	0.0 	0.1 	0.1 
A,MIO_EXP_VAL,SITC6_8,DAE,EU27_2020	18353.7 	16791.6 	18647.5 	19989.5 	22167.2 	21087.6 	20758.9 	18171.5 	23199.7 	26559.9 	28746.2 	29360.2 	30295.9 	32296.5 	32596.1 	34500.1 	35602.6 	36324.2 	31533.0 	34722.4 	40233.6 	40984.1 	39703.9 	38218.7 
A,MIO_EXP_VAL,SITC6_8,DJ,EU27_2020	28.1 	16.6 	20.3 	21.1 	19.8 	21.5 	26.4 	21.0 	24.7 	21.2 	24.6 	35.6 	47.4 	65.5 	57.9 	68.9 	46.7 	41.8 	28.2 	38.3 	30.6 	31.5 	30.7 	38.0 
A,MIO_EXP_VAL,SITC6_8,DM,EU27_2020	2.7 	5.7 	7.0 	1.9 	2.6 	4.5 	2.2 	2.5 	3.5 	2.1 	3.2 	1.8 	2.7 	2.9 	2.1 	3.3 	4.3 	4.0 	2.5 	2.4 	2.4 	3.0 	2.3 	8.8 
A,MIO_EXP_VAL,SITC6_8,DO,EU27_2020	331.4 	267.6 	240.5 	248.8 	240.6 	295.0 	290.7 	221.2 	322.9 	359.7 	377.1 	367.4 	396.7 	525.2 	616.5 	609.6 	627.7 	710.8 	496.4 	776.8 	973.8 	958.2 	1008.0 	879.1 
A,MIO_EXP_VAL,SITC6_8,DZ,EU27_2020	1590.7 	1520.0 	1669.5 	1764.1 	2390.3 	2634.3 	4066.7 	3807.2 	3923.0 	4233.5 	4934.3 	5241.1 	5606.7 	5485.9 	4797.3 	3880.1 	3624.1 	3503.5 	2578.3 	2340.8 	2743.8 	2909.1 	2883.8 	3093.0 
A,MIO_EXP_VAL,SITC6_8,EC,EU27_2020	201.6 	183.6 	175.2 	192.0 	210.4 	220.5 	241.9 	220.7 	282.6 	295.5 	364.6 	378.5 	427.6 	395.0 	335.8 	459.5 	502.6 	523.5 	412.3 	560.4 	626.8 	501.3 	483.1 	569.9 
A,MIO_EXP_VAL,SITC6_8,EFTA,EU27_2020	31637.6 	30929.9 	33884.5 	35703.3 	40017.8 	43561.1 	44654.6 	38643.0 	43361.2 	50550.3 	52856.3 	52362.9 	53264.4 	54300.7 	55193.8 	59027.2 	62233.9 	66039.3 	61177.2 	70332.9 	79285.9 	73664.0 	70117.0 	73155.2 
A,MIO_EXP_VAL,SITC6_8,EG,EU27_2020	1328.2 	1245.0 	1239.3 	1515.3 	1676.4 	2009.4 	2364.6 	2559.0 	2728.9 	2402.0 	2721.1 	2550.1 	2664.2 	2961.5 	3265.3 	3300.8 	3299.0 	3540.1 	3110.3 	3448.9 	3510.9 	3183.1 	3147.3 	3148.7 
A,MIO_EXP_VAL,SITC6_8,EH,EU27_2020	: 	: 	: 	: 	: 	: 	: 	: 	: 	: 	: 	0.0 	0.1 	0.0 	0.0 	0.1 	0.2 	0.0 	0.0 	0.1 	0.3 	0.1 	0.4 	0.0 
A,MIO_EXP_VAL,SITC6_8,ER,EU27_2020	23.3 	18.9 	17.3 	11.7 	11.9 	9.2 	9.5 	8.5 	11.8 	18.9 	29.7 	21.4 	10.1 	14.4 	11.0 	12.6 	11.7 	10.7 	5.4 	6.4 	6.5 	11.9 	15.5 	18.8 
A,MIO_EXP_VAL,SITC6_8,ES630,EU27_2020	121.2 	110.9 	104.2 	98.0 	103.9 	128.0 	129.7 	113.8 	111.8 	135.2 	137.8 	140.1 	140.7 	153.3 	152.5 	140.2 	132.9 	127.9 	92.4 	97.3 	101.7 	108.0 	113.3 	119.3 
A,MIO_EXP_VAL,SITC6_8,ES640,EU27_2020	117.6 	106.3 	100.8 	103.3 	116.3 	116.9 	102.0 	96.6 	96.9 	126.4 	122.0 	121.4 	119.8 	125.3 	128.4 	137.9 	129.4 	133.7 	93.2 	96.9 	102.4 	103.8 	104.2 	112.1 
A,MIO_EXP_VAL,SITC6_8,ET,EU27_2020	68.1 	64.4 	64.8 	73.0 	90.8 	117.6 	120.5 	98.6 	110.8 	138.1 	177.6 	158.1 	147.7 	193.1 	238.0 	224.2 	196.6 	209.7 	262.6 	127.4 	180.1 	161.3 	178.8 	185.3 
A,MIO_EXP_VAL,SITC6_8,EUR_NEU27_2020,EU27_2020	110385.1 	108144.8 	118787.0 	126119.2 	143710.0 	159404.7 	159237.9 	124590.7 	143028.7 	163874.6 	172773.2 	172866.2 	174485.8 	174843.2 	175247.6 	188858.4 	192794.9 	200466.2 	180464.2 	197368.6 	215075.0 	206950.1 	208271.3 	207833.1 
A,MIO_EXP_VAL,SITC6_8,EXT_EU27_2020,EU27_2020	260267.8 	248160.2 	272855.6 	289793.5 	321387.4 	340698.1 	343360.4 	282379.1 	334452.9 	377500.0 	404983.3 	408562.5 	417123.7 	432034.9 	429562.5 	461207.3 	475862.8 	488609.1 	435058.3 	499430.5 	571089.6 	553562.2 	558256.0 	555176.1 
A,MIO_EXP_VAL,SITC6_8,FJ,EU27_2020	2.9 	2.9 	3.4 	4.2 	4.5 	3.3 	4.2 	3.0 	2.3 	2.4 	7.3 	5.4 	9.0 	7.0 	10.1 	9.5 	7.5 	6.4 	7.5 	4.8 	7.1 	10.7 	8.0 	12.7 
A,MIO_EXP_VAL,SITC6_8,FK,EU27_2020	0.4 	0.3 	0.5 	0.2 	0.3 	0.2 	0.6 	1.0 	0.2 	0.4 	0.5 	0.5 	0.9 	0.5 	0.7 	1.7 	0.4 	0.3 	0.3 	0.3 	0.6 	0.6 	0.6 	0.5 
A,MIO_EXP_VAL,SITC6_8,FM,EU27_2020	0.3 	0.3 	0.1 	0.2 	0.3 	0.1 	0.1 	0.1 	0.1 	0.1 	0.3 	0.3 	0.2 	0.2 	0.2 	0.2 	0.1 	0.1 	0.1 	0.3 	0.1 	0.1 	0.1 	0.0 
A,MIO_EXP_VAL,SITC6_8,FO,EU27_2020	103.2 	99.0 	98.7 	101.2 	117.6 	144.7 	137.2 	102.8 	106.3 	107.6 	112.8 	131.0 	142.0 	150.5 	163.7 	183.3 	193.4 	204.8 	213.7 	216.3 	231.0 	227.3 	389.6 	541.0 
A,MIO_EXP_VAL,SITC6_8,GA,EU27_2020	161.0 	122.4 	132.1 	174.8 	222.5 	226.8 	234.9 	201.8 	219.0 	342.1 	331.3 	323.4 	302.2 	218.8 	164.7 	152.6 	176.9 	166.5 	122.8 	130.2 	189.3 	220.0 	182.4 	180.5 
A,MIO_EXP_VAL,SITC6_8,GD,EU27_2020	4.2 	4.2 	2.4 	3.9 	5.4 	3.5 	3.3 	1.6 	1.8 	1.6 	1.5 	2.0 	1.6 	2.1 	2.6 	5.3 	8.3 	5.1 	2.7 	2.7 	6.2 	7.1 	4.7 	6.7 
A,MIO_EXP_VAL,SITC6_8,GE,EU27_2020	65.9 	77.6 	82.8 	108.7 	152.7 	219.9 	209.3 	148.5 	183.2 	239.0 	303.8 	284.1 	328.4 	332.2 	358.2 	383.2 	442.3 	452.7 	359.6 	393.7 	610.9 	723.6 	728.4 	744.3 
A,MIO_EXP_VAL,SITC6_8,GH,EU27_2020	164.9 	162.2 	157.9 	252.1 	198.2 	226.3 	251.7 	283.6 	337.3 	307.3 	338.5 	344.7 	314.5 	518.5 	437.1 	537.8 	400.7 	379.5 	349.8 	399.6 	428.0 	441.6 	396.6 	351.9 
A,MIO_EXP_VAL,SITC6_8,GI,EU27_2020	66.8 	68.3 	47.8 	59.1 	55.1 	72.5 	64.9 	53.9 	49.7 	65.3 	47.6 	59.7 	82.0 	97.5 	96.4 	109.0 	120.3 	120.7 	94.0 	101.7 	118.4 	116.8 	120.5 	134.6 
A,MIO_EXP_VAL,SITC6_8,GL,EU27_2020	126.2 	116.1 	123.7 	121.2 	138.6 	128.1 	135.4 	119.8 	130.2 	134.6 	151.3 	143.8 	125.4 	133.0 	149.5 	147.2 	147.1 	156.1 	175.3 	184.5 	214.0 	230.4 	217.9 	200.5 
A,MIO_EXP_VAL,SITC6_8,GM,EU27_2020	17.1 	14.6 	12.0 	12.4 	14.1 	12.9 	13.8 	16.0 	17.3 	12.6 	12.1 	16.6 	21.6 	27.0 	28.0 	25.3 	23.6 	24.2 	24.9 	34.7 	30.4 	33.1 	28.2 	36.9 
A,MIO_EXP_VAL,SITC6_8,GN,EU27_2020	67.6 	63.4 	46.3 	64.5 	53.6 	53.4 	64.0 	56.2 	55.5 	73.0 	98.9 	99.8 	93.8 	106.1 	92.6 	114.7 	121.7 	97.1 	98.8 	91.8 	107.5 	134.7 	130.7 	196.5 
A,MIO_EXP_VAL,SITC6_8,GQ,EU27_2020	52.0 	76.5 	45.3 	56.6 	93.9 	96.9 	108.8 	108.1 	196.2 	247.6 	211.2 	262.1 	222.0 	185.0 	119.9 	72.0 	76.7 	77.8 	76.4 	53.6 	55.0 	67.5 	75.2 	54.6 
A,MIO_EXP_VAL,SITC6_8,GS,EU27_2020	0.4 	0.2 	0.7 	0.5 	0.9 	0.5 	0.1 	0.4 	0.0 	0.1 	0.0 	0.0 	0.2 	0.0 	0.0 	0.2 	0.1 	0.1 	0.1 	0.1 	0.0 	0.0 	0.0 	0.2 
A,MIO_EXP_VAL,SITC6_8,GT,EU27_2020	128.8 	107.5 	107.0 	106.1 	121.3 	113.7 	106.1 	86.9 	110.4 	115.7 	140.8 	138.9 	162.5 	170.6 	182.8 	230.1 	247.5 	259.2 	190.8 	289.9 	351.5 	291.5 	360.1 	379.8 
A,MIO_EXP_VAL,SITC6_8,GU,EU27_2020	19.4 	19.1 	24.0 	21.8 	24.1 	19.0 	17.2 	14.2 	14.5 	18.3 	20.2 	19.2 	18.4 	17.2 	17.0 	19.6 	13.1 	16.7 	6.2 	6.3 	15.2 	27.0 	24.4 	13.0 
A,MIO_EXP_VAL,SITC6_8,GW,EU27_2020	9.1 	9.7 	8.4 	7.5 	12.6 	16.3 	18.7 	15.4 	18.1 	17.0 	13.8 	17.0 	19.8 	24.0 	22.0 	22.3 	22.7 	24.1 	20.0 	17.8 	20.5 	21.9 	22.2 	24.2 
A,MIO_EXP_VAL,SITC6_8,GY,EU27_2020	8.1 	9.8 	7.6 	7.6 	7.6 	7.8 	5.7 	7.2 	10.5 	13.2 	13.0 	23.5 	13.1 	13.5 	14.8 	17.7 	25.6 	24.5 	21.3 	52.9 	52.0 	59.0 	108.6 	177.9 
A,MIO_EXP_VAL,SITC6_8,HK,EU27_2020	6501.7 	5694.7 	5948.6 	6131.6 	6800.8 	7080.6 	6664.1 	6112.0 	8370.9 	9492.2 	10158.1 	10357.7 	11328.3 	11971.1 	11739.0 	11907.6 	11939.8 	11776.8 	9172.9 	9422.3 	9676.1 	10683.2 	10271.7 	9994.2 
A,MIO_EXP_VAL,SITC6_8,HM,EU27_2020	0.3 	0.2 	0.1 	0.0 	0.0 	0.1 	0.6 	0.4 	0.1 	0.1 	0.0 	0.0 	0.0 	0.0 	0.0 	0.0 	0.1 	0.0 	0.0 	0.0 	0.0 	0.0 	0.0 	0.0 
A,MIO_EXP_VAL,SITC6_8,HN,EU27_2020	46.0 	61.6 	55.2 	58.2 	51.9 	56.5 	53.2 	35.5 	56.6 	85.0 	79.0 	77.5 	95.6 	100.8 	97.9 	95.0 	105.4 	102.8 	74.9 	165.4 	157.1 	223.5 	247.2 	277.3 
A,MIO_EXP_VAL,SITC6_8,HT,EU27_2020	19.2 	16.5 	16.7 	23.4 	21.4 	13.5 	22.0 	15.8 	46.9 	41.0 	24.3 	29.1 	35.3 	37.6 	29.9 	40.3 	34.4 	29.9 	46.3 	38.8 	21.5 	73.3 	20.7 	40.9 
A,MIO_EXP_VAL,SITC6_8,ID,EU27_2020	719.1 	670.9 	737.8 	818.7 	894.3 	884.2 	931.8 	844.8 	1012.3 	1189.4 	1446.6 	1561.9 	1241.7 	1410.7 	1295.0 	1416.3 	1461.0 	1502.3 	1287.4 	1183.3 	1926.9 	2255.7 	1756.2 	1673.5 
A,MIO_EXP_VAL,SITC6_8,IL,EU27_2020	5077.9 	4006.8 	4567.9 	4771.7 	4547.4 	4821.4 	4145.8 	3021.8 	4014.8 	4489.8 	4363.4 	4393.8 	4551.0 	4592.1 	5128.8 	5285.2 	4932.2 	4930.0 	4708.0 	5860.0 	6754.5 	5762.7 	6227.4 	6210.7 
A,MIO_EXP_VAL,SITC6_8,IN,EU27_2020	5537.2 	5367.3 	6207.9 	7771.9 	7764.5 	9320.7 	9095.8 	8456.7 	11256.2 	13005.3 	12715.0 	11950.9 	12529.7 	12152.3 	12839.0 	12681.0 	12813.5 	11359.4 	8287.3 	11352.9 	13078.0 	11117.7 	11086.9 	11129.3 
A,MIO_EXP_VAL,SITC6_8,IO,EU27_2020	8.9 	0.7 	0.7 	0.8 	1.1 	0.9 	1.0 	1.6 	0.2 	0.0 	0.0 	0.0 	0.0 	0.1 	0.0 	0.0 	0.0 	0.1 	0.1 	0.5 	0.3 	0.0 	0.0 	0.1 
A,MIO_EXP_VAL,SITC6_8,IQ,EU27_2020	299.1 	138.5 	217.1 	253.9 	198.1 	146.6 	128.7 	313.1 	427.7 	549.4 	794.7 	1031.7 	933.1 	843.6 	540.6 	573.5 	529.7 	727.2 	646.0 	607.7 	741.1 	904.2 	937.4 	943.1 
A,MIO_EXP_VAL,SITC6_8,IR,EU27_2020	1365.2 	1753.1 	2063.3 	2357.6 	2373.4 	2233.2 	2480.0 	2155.9 	2155.5 	2216.4 	1692.5 	1131.2 	974.6 	1168.2 	1570.7 	1899.7 	1444.8 	786.1 	575.6 	638.4 	640.9 	717.7 	774.8 	556.7 
A,MIO_EXP_VAL,SITC6_8,IS,EU27_2020	407.6 	441.8 	509.1 	670.7 	735.1 	795.2 	603.6 	340.6 	412.0 	475.9 	484.1 	480.9 	522.2 	598.8 	715.2 	857.6 	894.5 	841.2 	805.9 	981.0 	1279.5 	1293.6 	1247.5 	1294.7 
A,MIO_EXP_VAL,SITC6_8,JM,EU27_2020	41.8 	34.2 	34.9 	36.7 	52.3 	39.3 	40.8 	27.1 	24.7 	28.0 	30.6 	36.7 	38.6 	53.8 	75.3 	62.9 	111.2 	89.9 	60.7 	53.3 	81.3 	108.8 	98.9 	82.4 
A,MIO_EXP_VAL,SITC6_8,JO,EU27_2020	382.5 	381.1 	430.1 	458.1 	494.3 	503.0 	507.1 	467.3 	519.0 	564.4 	647.4 	762.2 	729.8 	807.2 	807.6 	814.4 	786.5 	703.6 	586.2 	667.2 	756.7 	707.5 	705.0 	697.7 
A,MIO_EXP_VAL,SITC6_8,JP,EU27_2020	10262.5 	10195.1 	10751.8 	10952.5 	11233.4 	10200.3 	9543.9 	8260.0 	9734.7 	10683.9 	12240.1 	11427.6 	11354.9 	11586.3 	11841.7 	12168.8 	12720.9 	13259.3 	11721.5 	12790.9 	14220.7 	14104.9 	15498.3 	15344.6 
A,MIO_EXP_VAL,SITC6_8,KE,EU27_2020	99.9 	101.0 	107.0 	122.3 	136.2 	178.2 	159.7 	165.5 	214.8 	202.4 	243.1 	238.7 	239.3 	272.5 	261.7 	263.1 	271.9 	274.1 	233.1 	308.8 	294.5 	242.1 	291.7 	269.7 
A,MIO_EXP_VAL,SITC6_8,KG,EU27_2020	18.2 	18.6 	22.9 	23.7 	33.1 	46.2 	48.6 	38.1 	44.8 	51.6 	67.2 	78.7 	65.9 	59.7 	50.2 	66.5 	63.0 	57.1 	46.7 	56.3 	242.2 	553.8 	593.0 	556.6 
A,MIO_EXP_VAL,SITC6_8,KH,EU27_2020	33.6 	29.2 	28.3 	31.0 	37.1 	51.7 	52.3 	35.9 	47.0 	52.9 	66.0 	68.3 	96.4 	117.3 	121.8 	129.3 	175.8 	174.7 	146.3 	170.9 	224.1 	245.8 	174.4 	202.7 
A,MIO_EXP_VAL,SITC6_8,KI,EU27_2020	0.7 	0.4 	0.2 	0.1 	0.5 	0.1 	0.0 	0.2 	0.1 	0.4 	0.2 	0.3 	0.5 	0.7 	1.3 	0.1 	0.3 	0.2 	0.2 	0.6 	0.4 	0.5 	0.6 	0.7 
A,MIO_EXP_VAL,SITC6_8,KM,EU27_2020	7.3 	6.4 	3.9 	5.9 	9.0 	3.4 	4.4 	4.5 	5.7 	5.1 	4.5 	6.4 	5.8 	7.2 	7.1 	6.2 	8.4 	8.4 	8.2 	8.5 	6.1 	8.7 	7.7 	10.0 
A,MIO_EXP_VAL,SITC6_8,KN,EU27_2020	1.4 	0.8 	0.9 	1.7 	1.2 	1.4 	1.8 	1.2 	13.6 	1.5 	0.9 	3.1 	2.9 	2.7 	3.4 	4.8 	4.2 	3.7 	2.1 	1.3 	2.5 	2.5 	2.4 	3.8 
A,MIO_EXP_VAL,SITC6_8,KP,EU27_2020	70.9 	104.9 	40.4 	49.2 	39.5 	14.0 	19.4 	18.5 	9.1 	14.4 	15.4 	3.3 	3.0 	2.5 	4.1 	2.3 	0.5 	0.6 	0.1 	0.1 	0.3 	0.5 	6.3 	2.6 
A,MIO_EXP_VAL,SITC6_8,KR,EU27_2020	4179.0 	4041.6 	4243.4 	5406.8 	5897.2 	4970.0 	5118.1 	4367.5 	5202.1 	6134.8 	7016.7 	7206.9 	7317.8 	8182.8 	8311.0 	9354.9 	9327.5 	9772.7 	9341.1 	10749.8 	12399.9 	12034.1 	12040.7 	11426.4 
A,MIO_EXP_VAL,SITC6_8,KW,EU27_2020	748.2 	683.0 	714.3 	715.2 	858.0 	1062.4 	1087.3 	820.5 	920.6 	908.8 	1045.9 	1428.9 	1314.1 	1320.8 	1315.2 	1355.0 	1427.9 	1309.5 	1118.5 	1384.4 	1542.3 	1355.7 	1346.8 	1300.2 
A,MIO_EXP_VAL,SITC6_8,KY,EU27_2020	9.2 	9.0 	8.5 	8.8 	10.0 	10.4 	13.5 	14.7 	8.3 	5.7 	5.8 	10.6 	8.3 	11.5 	15.6 	16.7 	13.9 	18.0 	13.5 	19.5 	25.2 	30.4 	35.3 	32.8 
A,MIO_EXP_VAL,SITC6_8,KZ,EU27_2020	456.2 	444.0 	695.1 	811.3 	1063.3 	1271.5 	1258.5 	1226.3 	1215.4 	1301.4 	1506.2 	1524.7 	1399.3 	1943.1 	1308.4 	1151.8 	1165.6 	1252.2 	1048.8 	1088.5 	2020.0 	2505.8 	2140.2 	1933.1 
A,MIO_EXP_VAL,SITC6_8,LA,EU27_2020	4.5 	7.1 	18.9 	10.4 	6.2 	9.8 	21.6 	18.4 	29.8 	36.8 	36.5 	33.1 	37.0 	36.7 	32.7 	49.4 	55.1 	39.5 	30.9 	30.6 	29.0 	45.5 	33.2 	40.4 
A,MIO_EXP_VAL,SITC6_8,LB,EU27_2020	948.0 	805.5 	784.8 	728.0 	728.8 	784.8 	946.7 	961.0 	1116.7 	1150.8 	1243.5 	1251.5 	1294.3 	1351.7 	1369.1 	1500.6 	1434.8 	1129.9 	580.2 	601.5 	872.2 	888.4 	784.8 	939.2 
A,MIO_EXP_VAL,SITC6_8,LC,EU27_2020	6.4 	4.0 	4.4 	6.3 	7.9 	7.7 	5.9 	4.2 	6.1 	5.1 	5.1 	4.0 	4.8 	6.9 	20.0 	9.4 	6.4 	7.4 	5.1 	8.0 	12.3 	14.5 	10.1 	9.6 
A,MIO_EXP_VAL,SITC6_8,LI,EU27_2020	388.0 	385.7 	503.9 	518.1 	587.8 	652.0 	651.2 	529.2 	550.8 	646.9 	614.6 	634.5 	690.8 	689.0 	684.7 	691.6 	670.8 	644.6 	557.5 	633.9 	688.6 	640.6 	626.6 	715.0 
A,MIO_EXP_VAL,SITC6_8,LK,EU27_2020	359.2 	355.3 	395.1 	408.3 	444.0 	454.8 	474.4 	414.2 	475.5 	556.6 	524.7 	437.0 	350.9 	342.8 	412.6 	404.4 	371.4 	457.3 	314.1 	355.5 	376.2 	398.2 	398.0 	379.0 
A,MIO_EXP_VAL,SITC6_8,LR,EU27_2020	10.7 	10.1 	23.0 	20.9 	17.0 	20.5 	16.3 	12.9 	14.7 	17.4 	13.4 	22.6 	26.8 	31.8 	26.2 	31.0 	28.0 	18.9 	19.4 	15.3 	37.8 	35.4 	38.9 	36.6 
A,MIO_EXP_VAL,SITC6_8,LS,EU27_2020	0.9 	2.0 	2.4 	4.2 	3.9 	4.0 	3.4 	2.8 	1.6 	1.9 	1.3 	3.4 	2.6 	2.6 	2.9 	3.8 	2.4 	1.8 	2.4 	3.7 	1.8 	4.5 	4.2 	1.9 
A,MIO_EXP_VAL,SITC6_8,LY,EU27_2020	676.6 	672.7 	850.8 	695.4 	722.3 	749.4 	912.5 	1188.7 	1088.5 	238.2 	753.6 	988.1 	693.3 	410.4 	282.3 	307.3 	387.9 	484.3 	418.9 	405.9 	427.2 	457.3 	553.0 	624.5 
A,MIO_EXP_VAL,SITC6_8,MA,EU27_2020	2801.4 	2822.7 	2938.2 	3029.9 	3261.7 	3744.7 	4077.2 	3715.3 	4128.9 	4604.5 	4727.3 	4941.3 	5157.1 	5346.0 	5887.6 	6379.7 	6585.8 	7036.4 	5908.1 	7162.1 	8595.1 	8968.9 	9716.1 	10341.0 
A,MIO_EXP_VAL,SITC6_8,MD,EU27_2020	241.2 	272.4 	312.6 	347.5 	397.9 	485.1 	513.6 	373.5 	445.4 	509.6 	539.0 	546.4 	586.3 	570.0 	575.4 	678.2 	746.0 	774.9 	693.2 	807.6 	943.3 	939.4 	968.4 	1013.0 
A,MIO_EXP_VAL,SITC6_8,ME,EU27_2020	: 	: 	: 	: 	145.6 	220.8 	298.8 	199.7 	184.3 	183.8 	186.7 	186.3 	199.7 	198.3 	227.7 	253.8 	284.1 	283.8 	218.2 	246.9 	310.3 	362.5 	381.7 	405.2 
A,MIO_EXP_VAL,SITC6_8,MED_X_HR,EU27_2020	25195.8 	24101.4 	27375.1 	30019.4 	34051.6 	38305.0 	40680.6 	35521.3 	41274.2 	43913.3 	45666.5 	47059.5 	47545.5 	48483.5 	49502.3 	52119.6 	51578.5 	51594.1 	45918.6 	53607.4 	65113.5 	66080.2 	71179.6 	70732.9 
A,MIO_EXP_VAL,SITC6_8,MG,EU27_2020	91.1 	129.9 	116.1 	99.3 	104.0 	125.9 	186.6 	114.1 	130.4 	160.3 	185.6 	184.9 	189.3 	181.8 	194.1 	215.9 	232.7 	259.3 	202.4 	224.7 	281.7 	274.2 	242.8 	219.0 
A,MIO_EXP_VAL,SITC6_8,MH,EU27_2020	0.8 	0.9 	0.9 	1.5 	1.8 	3.2 	1.0 	0.8 	5.9 	2.9 	1.8 	1.8 	3.1 	3.6 	4.3 	4.0 	3.6 	8.4 	7.1 	8.1 	10.4 	11.4 	11.7 	9.4 
A,MIO_EXP_VAL,SITC6_8,MK,EU27_2020	522.6 	530.3 	705.8 	683.5 	804.2 	892.7 	1035.0 	804.8 	859.3 	930.0 	947.0 	958.7 	1052.8 	1157.1 	1307.7 	1442.7 	1592.0 	1615.9 	1470.8 	1661.2 	1891.3 	1938.6 	1898.2 	1803.8 
A,MIO_EXP_VAL,SITC6_8,ML,EU27_2020	96.5 	84.3 	90.6 	97.3 	110.2 	119.9 	142.9 	139.4 	155.9 	175.4 	171.0 	173.5 	205.7 	203.2 	261.4 	291.8 	278.7 	284.7 	306.2 	331.3 	318.0 	310.5 	280.2 	248.5 
A,MIO_EXP_VAL,SITC6_8,MM,EU27_2020	16.1 	12.1 	14.1 	13.0 	20.2 	16.4 	17.8 	16.7 	15.5 	20.8 	28.6 	60.3 	70.0 	87.0 	79.4 	94.1 	86.5 	106.0 	82.8 	43.7 	62.4 	47.6 	44.1 	37.7 
A,MIO_EXP_VAL,SITC6_8,MN,EU27_2020	16.6 	20.2 	20.3 	16.2 	20.3 	28.0 	37.9 	22.4 	38.9 	59.8 	84.0 	102.9 	84.7 	82.7 	84.2 	90.5 	108.9 	117.0 	114.4 	114.9 	145.9 	177.4 	157.8 	153.3 
A,MIO_EXP_VAL,SITC6_8,MO,EU27_2020	42.5 	33.6 	47.7 	42.3 	55.0 	75.5 	84.1 	59.5 	77.2 	146.0 	172.7 	223.5 	272.6 	319.4 	305.9 	336.4 	426.0 	476.9 	511.6 	858.1 	1049.0 	902.2 	792.8 	578.0 
A,MIO_EXP_VAL,SITC6_8,MP,EU27_2020	15.2 	7.7 	10.6 	9.5 	12.5 	2.2 	1.8 	1.7 	2.5 	2.9 	3.4 	4.1 	4.3 	6.1 	4.9 	14.2 	6.0 	6.0 	1.2 	0.2 	1.5 	1.3 	1.2 	0.2 
A,MIO_EXP_VAL,SITC6_8,MR,EU27_2020	77.8 	81.4 	76.4 	98.6 	71.8 	103.1 	97.1 	93.3 	123.3 	186.0 	182.7 	170.4 	163.9 	132.2 	118.1 	156.1 	142.3 	140.4 	134.0 	129.8 	192.9 	170.7 	182.4 	160.7 
A,MIO_EXP_VAL,SITC6_8,MS,EU27_2020	2.2 	3.0 	2.7 	1.2 	0.6 	0.8 	0.5 	0.2 	0.2 	0.3 	0.5 	0.4 	0.1 	0.1 	0.5 	0.2 	0.4 	0.1 	0.2 	0.2 	0.6 	0.7 	0.2 	0.6 
A,MIO_EXP_VAL,SITC6_8,MU,EU27_2020	218.2 	188.0 	190.1 	175.6 	180.5 	207.7 	220.2 	173.3 	207.8 	226.4 	236.7 	261.3 	268.6 	259.2 	235.5 	258.9 	295.3 	295.9 	213.7 	249.8 	358.7 	320.2 	254.2 	223.1 
A,MIO_EXP_VAL,SITC6_8,MV,EU27_2020	7.2 	8.0 	9.8 	9.1 	13.6 	19.9 	13.5 	9.7 	11.4 	12.2 	16.4 	32.1 	24.1 	27.7 	36.5 	41.4 	53.6 	53.7 	31.1 	38.1 	44.2 	48.9 	56.6 	58.3 
A,MIO_EXP_VAL,SITC6_8,MW,EU27_2020	15.2 	9.0 	32.1 	8.9 	14.4 	8.8 	20.8 	13.5 	18.2 	18.5 	20.5 	30.0 	14.3 	15.1 	16.8 	24.8 	28.2 	27.8 	17.7 	25.5 	34.0 	21.5 	33.8 	47.2 
A,MIO_EXP_VAL,SITC6_8,MX,EU27_2020	3624.9 	3299.1 	3493.1 	4079.8 	4664.3 	4731.4 	4621.9 	3367.3 	4459.8 	5143.8 	5859.6 	5733.0 	6030.7 	6981.7 	7126.6 	8317.4 	9217.8 	9248.2 	7240.9 	9215.5 	11572.2 	12546.0 	12415.3 	12548.2 
A,MIO_EXP_VAL,SITC6_8,MY,EU27_2020	1050.2 	1023.7 	1138.2 	1311.3 	1400.6 	1634.4 	1677.3 	1342.9 	1634.1 	1743.7 	2013.4 	2353.0 	1962.8 	1949.8 	1958.9 	2074.3 	2238.9 	2272.6 	1735.7 	1925.4 	2583.9 	2878.2 	2758.9 	3034.8 
A,MIO_EXP_VAL,SITC6_8,MZ,EU27_2020	62.8 	44.2 	34.9 	52.4 	58.1 	71.9 	58.5 	73.3 	89.4 	112.9 	165.0 	190.8 	198.7 	218.0 	149.6 	119.3 	139.0 	148.8 	147.6 	245.7 	147.2 	134.8 	133.1 	101.7 
A,MIO_EXP_VAL,SITC6_8,NA,EU27_2020	18.4 	21.2 	21.6 	24.7 	34.8 	34.9 	28.4 	35.2 	36.3 	52.5 	53.2 	44.1 	59.8 	56.7 	41.4 	39.5 	41.1 	56.2 	34.3 	50.4 	56.5 	52.3 	76.7 	59.8 
A,MIO_EXP_VAL,SITC6_8,NC,EU27_2020	166.3 	179.2 	186.2 	186.0 	222.4 	222.4 	248.6 	216.7 	243.7 	247.2 	263.2 	244.0 	258.2 	254.4 	257.9 	251.8 	241.3 	236.5 	238.5 	243.8 	259.8 	248.4 	168.3 	166.0 
A,MIO_EXP_VAL,SITC6_8,NE,EU27_2020	26.4 	28.3 	56.7 	57.1 	31.7 	38.0 	43.7 	47.3 	44.8 	57.4 	49.4 	53.2 	68.8 	53.3 	42.5 	57.2 	44.7 	58.8 	47.7 	51.0 	61.0 	29.5 	17.0 	15.7 
A,MIO_EXP_VAL,SITC6_8,NF,EU27_2020	0.5 	0.4 	0.3 	0.3 	0.4 	0.3 	0.3 	0.2 	0.1 	0.1 	0.1 	0.1 	0.1 	0.1 	0.2 	0.1 	0.1 	0.1 	0.0 	0.1 	0.0 	0.1 	0.1 	0.0 
A,MIO_EXP_VAL,SITC6_8,NG,EU27_2020	807.6 	752.1 	713.9 	753.0 	923.5 	1077.2 	1390.1 	1059.8 	1073.6 	1116.6 	1062.3 	1147.3 	1190.1 	1045.7 	716.2 	753.0 	715.3 	752.5 	601.6 	719.4 	822.6 	728.6 	788.7 	849.5 
A,MIO_EXP_VAL,SITC6_8,NI,EU27_2020	22.6 	25.1 	18.7 	20.8 	19.6 	21.8 	25.1 	22.8 	31.8 	27.9 	35.3 	33.6 	42.7 	44.6 	55.9 	59.6 	49.7 	52.2 	49.9 	54.1 	66.8 	68.6 	62.8 	62.9 
A,MIO_EXP_VAL,SITC6_8,NO,EU27_2020	8190.9 	8038.9 	8920.2 	9804.7 	11181.2 	12526.6 	12630.9 	10621.9 	11343.5 	12665.7 	13833.3 	13747.4 	13663.0 	13330.0 	13342.1 	14051.5 	14452.9 	14958.1 	14254.3 	15993.6 	18159.5 	16671.8 	16805.7 	16733.8 
A,MIO_EXP_VAL,SITC6_8,NP,EU27_2020	20.3 	20.9 	18.0 	12.4 	12.8 	14.3 	15.4 	11.9 	16.4 	19.4 	29.0 	23.8 	21.2 	28.5 	37.4 	39.8 	33.5 	37.5 	29.5 	49.3 	59.4 	48.8 	56.2 	45.9 
A,MIO_EXP_VAL,SITC6_8,NR,EU27_2020	0.4 	0.2 	0.5 	0.1 	0.1 	0.2 	0.2 	0.4 	0.2 	0.3 	0.1 	0.0 	0.5 	0.2 	0.1 	0.1 	0.1 	0.2 	0.0 	0.1 	0.1 	0.2 	0.0 	0.1 
A,MIO_EXP_VAL,SITC6_8,NU,EU27_2020	0.5 	0.4 	0.4 	1.4 	0.6 	0.3 	0.2 	0.9 	0.0 	0.0 	0.0 	0.1 	0.0 	0.0 	0.0 	0.0 	0.0 	0.1 	0.1 	0.0 	0.0 	0.0 	0.0 	0.0 
A,MIO_EXP_VAL,SITC6_8,NZ,EU27_2020	495.9 	517.0 	589.9 	629.9 	596.9 	615.6 	567.1 	436.4 	521.3 	603.4 	622.1 	663.3 	668.5 	705.5 	751.0 	821.0 	840.3 	880.4 	822.5 	1091.2 	1028.1 	898.0 	967.0 	891.3 
A,MIO_EXP_VAL,SITC6_8,OCE_PLR,EU27_2020	4319.2 	4340.8 	4745.5 	4911.2 	5178.1 	5555.3 	5770.1 	4841.2 	5783.7 	6357.2 	6822.3 	6856.0 	6713.5 	6918.8 	6997.8 	7485.5 	7546.3 	7426.2 	7268.6 	8554.7 	9203.0 	8776.8 	8776.0 	8394.7 
A,MIO_EXP_VAL,SITC6_8,OM,EU27_2020	188.1 	214.5 	298.2 	246.8 	360.1 	347.3 	490.3 	368.2 	343.1 	394.8 	517.5 	523.0 	577.9 	723.2 	682.5 	630.7 	635.9 	607.0 	532.3 	445.3 	502.0 	475.0 	525.5 	529.8 
A,MIO_EXP_VAL,SITC6_8,OPEC,EU27_2020	13209.5 	12363.6 	13706.7 	15296.7 	18177.3 	20202.2 	23895.9 	20448.2 	21445.4 	23454.8 	26414.1 	28394.2 	28964.6 	29024.3 	25604.2 	24858.3 	22869.4 	21907.5 	18137.9 	20355.9 	24253.4 	25780.6 	27756.5 	28374.0 
A,MIO_EXP_VAL,SITC6_8,PA,EU27_2020	256.0 	202.4 	206.6 	212.5 	212.6 	292.3 	276.2 	221.9 	280.4 	351.2 	417.9 	475.3 	581.3 	502.8 	466.8 	458.4 	472.7 	459.9 	275.1 	374.0 	535.7 	536.1 	583.8 	600.0 
A,MIO_EXP_VAL,SITC6_8,PE,EU27_2020	257.2 	233.0 	243.6 	285.4 	327.2 	409.2 	668.8 	369.8 	523.3 	557.9 	738.1 	710.9 	704.7 	802.0 	763.7 	823.5 	857.1 	893.2 	726.0 	898.1 	1027.4 	885.0 	900.3 	1022.6 
A,MIO_EXP_VAL,SITC6_8,PF,EU27_2020	176.1 	176.8 	183.7 	177.2 	166.1 	181.8 	186.5 	152.3 	149.2 	150.9 	141.8 	141.7 	148.2 	150.3 	159.5 	163.0 	176.5 	171.9 	180.8 	189.6 	214.5 	228.7 	219.8 	219.1 
A,MIO_EXP_VAL,SITC6_8,PG,EU27_2020	4.8 	3.9 	4.2 	2.8 	3.2 	3.5 	5.0 	12.1 	11.7 	32.3 	27.3 	18.6 	12.2 	10.8 	11.5 	20.4 	17.7 	15.5 	11.9 	11.8 	12.5 	13.9 	11.1 	10.3 
A,MIO_EXP_VAL,SITC6_8,PH,EU27_2020	498.5 	477.0 	505.3 	497.2 	488.6 	519.5 	511.4 	504.9 	614.8 	722.3 	740.5 	830.1 	806.3 	916.8 	965.8 	993.4 	1018.6 	1129.5 	924.2 	1042.1 	1213.2 	1204.0 	1217.3 	1206.5 
A,MIO_EXP_VAL,SITC6_8,PK,EU27_2020	387.3 	400.0 	478.8 	625.0 	631.0 	621.8 	706.7 	599.8 	618.2 	652.8 	674.2 	666.9 	695.7 	680.7 	746.4 	902.3 	906.4 	775.4 	598.0 	820.1 	836.7 	624.2 	608.4 	591.8 
A,MIO_EXP_VAL,SITC6_8,PM,EU27_2020	7.8 	11.6 	6.5 	6.2 	6.1 	5.9 	7.4 	7.3 	8.9 	7.6 	8.4 	8.2 	10.8 	8.9 	10.7 	9.1 	8.9 	9.4 	9.9 	12.5 	12.1 	10.9 	10.8 	10.9 
A,MIO_EXP_VAL,SITC6_8,PN,EU27_2020	0.3 	0.2 	0.4 	0.3 	0.3 	0.1 	0.1 	0.1 	0.0 	0.0 	0.0 	0.3 	0.1 	0.0 	0.3 	0.0 	0.1 	0.0 	0.1 	0.1 	0.0 	0.1 	0.0 	0.1 
A,MIO_EXP_VAL,SITC6_8,PS,EU27_2020	4.9 	4.7 	4.3 	5.2 	8.7 	4.9 	5.9 	5.1 	8.9 	8.9 	12.1 	13.3 	12.1 	22.1 	22.7 	26.6 	27.9 	25.9 	33.2 	39.9 	48.6 	41.0 	45.8 	42.6 
A,MIO_EXP_VAL,SITC6_8,PW,EU27_2020	0.1 	0.0 	0.1 	0.0 	0.1 	0.2 	0.0 	0.1 	0.1 	0.0 	0.1 	0.1 	0.0 	0.6 	0.3 	0.4 	0.7 	0.1 	0.1 	1.2 	0.2 	0.3 	0.4 	0.8 
A,MIO_EXP_VAL,SITC6_8,PY,EU27_2020	56.8 	35.5 	40.1 	39.3 	41.0 	45.0 	59.3 	57.8 	85.3 	98.3 	108.0 	113.1 	112.9 	113.7 	106.6 	126.0 	138.2 	136.5 	112.9 	126.8 	142.0 	140.4 	147.1 	167.8 
A,MIO_EXP_VAL,SITC6_8,QA,EU27_2020	350.1 	281.2 	420.9 	591.3 	855.1 	1100.3 	1490.9 	1235.2 	1006.3 	979.5 	1159.7 	1267.0 	1437.9 	1781.3 	1516.4 	1547.9 	1808.7 	2372.3 	1724.8 	2098.5 	2148.1 	1685.1 	1616.9 	1825.5 
A,MIO_EXP_VAL,SITC6_8,RS,EU27_2020	: 	: 	: 	: 	1990.9 	2728.3 	2859.6 	2213.4 	2486.8 	2646.1 	2733.1 	2879.0 	2979.7 	3187.7 	3478.6 	3954.9 	4352.8 	4544.7 	4337.1 	5337.2 	6540.7 	6745.9 	6809.9 	7700.9 
A,MIO_EXP_VAL,SITC6_8,RS_ME,EU27_2020	1429.6 	1435.9 	1823.1 	1720.5 	: 	: 	: 	: 	: 	: 	: 	: 	: 	: 	: 	: 	: 	: 	: 	: 	: 	: 	: 	: 
A,MIO_EXP_VAL,SITC6_8,RU,EU27_2020	9262.2 	9626.0 	11765.9 	14167.6 	18305.0 	22228.3 	24821.3 	15779.7 	19628.6 	23842.6 	26562.0 	26609.1 	23860.6 	17321.7 	16872.2 	19883.6 	19615.2 	20553.6 	17997.0 	19538.0 	11860.9 	8804.7 	7151.1 	6321.2 
A,MIO_EXP_VAL,SITC6_8,RW,EU27_2020	14.3 	14.2 	16.6 	17.5 	21.8 	24.9 	23.4 	22.6 	18.9 	21.5 	28.5 	24.7 	28.1 	30.5 	34.1 	29.7 	30.8 	42.0 	51.7 	48.2 	64.8 	94.8 	74.6 	65.9 
A,MIO_EXP_VAL,SITC6_8,SA,EU27_2020	3094.8 	2697.4 	2742.8 	3130.6 	4019.4 	4341.2 	4523.9 	4156.3 	4348.5 	5213.6 	5923.3 	6820.4 	7049.6 	7338.0 	5702.3 	5748.2 	5187.0 	5097.4 	4642.6 	4767.9 	5621.9 	5880.8 	6857.4 	6741.7 
A,MIO_EXP_VAL,SITC6_8,SB,EU27_2020	0.4 	0.4 	0.8 	1.0 	1.0 	0.8 	0.6 	0.7 	0.6 	0.5 	0.8 	1.3 	0.9 	2.3 	1.3 	1.8 	1.0 	2.1 	1.3 	1.6 	0.9 	0.7 	1.6 	1.0 
A,MIO_EXP_VAL,SITC6_8,SC,EU27_2020	37.5 	39.5 	40.4 	50.3 	45.8 	43.2 	41.2 	30.6 	43.0 	37.8 	39.9 	45.3 	32.6 	43.3 	44.7 	48.2 	48.3 	42.5 	42.0 	41.6 	56.7 	59.5 	46.3 	32.7 
A,MIO_EXP_VAL,SITC6_8,SD,EU27_2020	66.7 	80.9 	98.2 	166.3 	178.3 	141.3 	217.7 	160.9 	146.3 	141.2 	156.1 	139.9 	115.1 	120.5 	94.4 	136.1 	123.6 	116.9 	118.6 	130.3 	141.6 	47.8 	26.1 	26.5 
A,MIO_EXP_VAL,SITC6_8,SG,EU27_2020	2427.7 	2248.2 	2662.4 	2719.7 	3138.4 	3198.6 	3363.9 	2921.8 	3576.2 	4063.1 	4321.2 	4441.4 	4606.4 	4724.7 	5165.9 	5331.7 	5748.6 	5985.4 	5075.6 	5499.9 	7433.9 	7615.9 	6177.4 	5663.5 
A,MIO_EXP_VAL,SITC6_8,SH,EU27_2020	0.3 	0.3 	0.5 	0.1 	0.7 	0.2 	0.3 	0.4 	0.6 	0.1 	0.1 	0.3 	0.3 	1.2 	2.1 	0.1 	0.0 	0.2 	0.9 	0.3 	0.2 	0.2 	0.2 	0.0 
A,MIO_EXP_VAL,SITC6_8,SL,EU27_2020	64.9 	59.2 	30.5 	7.9 	10.1 	12.2 	13.0 	10.3 	16.8 	23.8 	34.2 	27.4 	28.8 	29.9 	20.6 	31.7 	25.3 	21.5 	19.7 	18.5 	25.6 	40.6 	28.9 	30.2 
A,MIO_EXP_VAL,SITC6_8,SM,EU27_2020	97.4 	116.1 	113.6 	131.4 	144.5 	161.1 	155.0 	128.2 	120.1 	125.4 	119.7 	119.5 	116.3 	120.8 	125.3 	130.3 	125.1 	111.1 	99.8 	143.3 	166.3 	149.4 	144.5 	146.5 
A,MIO_EXP_VAL,SITC6_8,SN,EU27_2020	212.5 	207.4 	212.9 	204.1 	210.2 	238.9 	288.0 	258.2 	290.3 	306.2 	305.6 	319.8 	318.9 	352.1 	378.2 	412.8 	479.4 	466.0 	473.5 	530.2 	603.6 	648.5 	528.2 	468.0 
A,MIO_EXP_VAL,SITC6_8,SO,EU27_2020	1.2 	2.2 	0.9 	1.0 	1.0 	2.7 	3.3 	0.8 	1.7 	1.0 	4.8 	3.9 	6.1 	8.0 	11.0 	10.6 	11.9 	17.1 	11.1 	11.6 	14.4 	17.1 	10.7 	12.5 
A,MIO_EXP_VAL,SITC6_8,SR,EU27_2020	39.7 	41.3 	43.4 	50.9 	48.0 	59.4 	53.7 	58.7 	56.3 	61.0 	93.7 	86.3 	75.7 	73.1 	53.9 	62.8 	69.1 	70.7 	61.8 	74.4 	92.7 	79.4 	77.6 	80.1 
A,MIO_EXP_VAL,SITC6_8,SS,EU27_2020	: 	: 	: 	: 	: 	: 	: 	: 	: 	: 	: 	3.7 	3.1 	8.8 	4.5 	8.6 	3.3 	5.4 	4.4 	6.1 	23.1 	6.3 	15.8 	5.3 
A,MIO_EXP_VAL,SITC6_8,ST,EU27_2020	10.9 	10.2 	9.5 	7.2 	9.9 	11.4 	16.6 	10.9 	13.6 	12.3 	13.6 	13.1 	17.6 	17.2 	17.2 	16.0 	16.5 	10.9 	11.1 	13.5 	15.5 	12.0 	13.6 	14.8 
A,MIO_EXP_VAL,SITC6_8,SV,EU27_2020	97.8 	85.3 	73.5 	66.2 	73.5 	77.8 	80.9 	64.4 	86.6 	96.4 	119.1 	131.5 	126.3 	155.3 	158.8 	158.0 	145.3 	127.9 	131.7 	174.2 	201.1 	170.0 	170.4 	213.7 
A,MIO_EXP_VAL,SITC6_8,SX,EU27_2020	: 	: 	: 	: 	: 	: 	: 	: 	: 	: 	: 	12.3 	21.8 	33.9 	28.5 	29.5 	54.8 	40.7 	28.9 	31.9 	34.8 	51.3 	46.8 	34.4 
A,MIO_EXP_VAL,SITC6_8,SY,EU27_2020	545.9 	459.2 	493.1 	493.5 	513.2 	550.1 	629.1 	626.9 	642.8 	637.7 	217.7 	74.5 	96.5 	76.0 	73.9 	94.8 	131.5 	122.5 	68.4 	62.4 	71.1 	59.4 	63.0 	93.5 
A,MIO_EXP_VAL,SITC6_8,SZ,EU27_2020	2.0 	1.7 	2.9 	2.4 	3.4 	3.9 	3.6 	2.3 	2.0 	4.4 	2.1 	3.4 	6.0 	7.8 	16.7 	14.6 	10.2 	13.7 	2.9 	4.3 	11.6 	14.3 	20.3 	12.6 
A,MIO_EXP_VAL,SITC6_8,TC,EU27_2020	3.5 	9.2 	7.5 	7.7 	10.3 	3.8 	2.6 	1.1 	0.6 	0.6 	1.0 	1.1 	0.9 	1.7 	3.3 	3.0 	4.2 	5.9 	5.1 	5.8 	12.3 	15.6 	33.0 	52.3 
A,MIO_EXP_VAL,SITC6_8,TD,EU27_2020	59.2 	26.0 	21.1 	28.3 	35.5 	30.1 	37.9 	69.3 	64.4 	52.8 	57.6 	63.3 	93.5 	69.6 	42.0 	31.0 	26.5 	38.6 	27.2 	27.0 	31.2 	54.9 	39.7 	36.1 
A,MIO_EXP_VAL,SITC6_8,TF,EU27_2020	1.4 	2.1 	1.1 	1.6 	1.6 	7.6 	7.5 	8.0 	6.9 	10.0 	7.6 	5.8 	3.7 	6.4 	3.8 	6.6 	5.3 	5.5 	3.2 	8.0 	6.5 	5.1 	4.7 	4.6 
A,MIO_EXP_VAL,SITC6_8,TG,EU27_2020	61.7 	64.3 	58.6 	56.3 	59.3 	61.5 	67.8 	79.1 	86.5 	109.1 	136.4 	137.3 	144.0 	139.8 	87.3 	89.3 	100.8 	101.2 	96.0 	104.5 	133.4 	149.6 	119.5 	118.9 
A,MIO_EXP_VAL,SITC6_8,TH,EU27_2020	1545.7 	1495.0 	1575.9 	1636.2 	1743.9 	1771.3 	1841.3 	1601.1 	2073.0 	2500.1 	2711.0 	2565.7 	2519.3 	2682.1 	2637.6 	2814.5 	3159.7 	2989.3 	2479.6 	2890.9 	3381.8 	3408.6 	3379.0 	3186.6 
A,MIO_EXP_VAL,SITC6_8,TJ,EU27_2020	12.2 	11.7 	15.1 	9.9 	19.4 	14.9 	22.5 	25.7 	23.4 	32.7 	29.0 	37.3 	40.1 	40.6 	42.9 	34.0 	42.9 	33.4 	30.9 	28.3 	40.4 	58.1 	38.8 	71.6 
A,MIO_EXP_VAL,SITC6_8,TK,EU27_2020	3.1 	3.3 	2.8 	2.7 	7.4 	6.1 	5.9 	7.4 	1.7 	1.0 	3.1 	2.3 	0.9 	0.5 	0.2 	0.9 	0.4 	0.9 	0.9 	0.2 	0.6 	0.9 	0.8 	0.6 
A,MIO_EXP_VAL,SITC6_8,TL,EU27_2020	3.7 	2.2 	2.3 	1.3 	2.8 	1.8 	1.9 	6.4 	2.8 	14.6 	4.6 	2.9 	2.8 	6.9 	3.0 	3.0 	1.0 	1.1 	0.9 	1.6 	2.6 	1.1 	2.5 	1.9 
A,MIO_EXP_VAL,SITC6_8,TM,EU27_2020	93.1 	76.3 	127.8 	101.6 	70.5 	119.6 	118.3 	148.2 	188.3 	265.0 	207.7 	224.7 	234.8 	165.8 	155.1 	110.6 	70.8 	108.5 	162.6 	168.4 	98.3 	112.3 	162.5 	149.1 
A,MIO_EXP_VAL,SITC6_8,TN,EU27_2020	3303.1 	3062.3 	3198.0 	3040.7 	3357.0 	3654.5 	3785.3 	3450.4 	3928.1 	3883.6 	3662.1 	3568.7 	3495.5 	3519.8 	3591.3 	3813.2 	3796.2 	3773.5 	3226.7 	3752.9 	4687.6 	4587.0 	4447.3 	4743.2 
A,MIO_EXP_VAL,SITC6_8,TO,EU27_2020	0.6 	0.4 	0.8 	0.3 	0.4 	0.1 	0.2 	0.2 	0.2 	0.0 	0.1 	1.7 	4.4 	1.7 	0.2 	0.1 	1.1 	0.4 	0.1 	0.1 	0.7 	0.6 	0.1 	0.1 
A,MIO_EXP_VAL,SITC6_8,TR,EU27_2020	6196.6 	6805.6 	8645.3 	9711.3 	11257.1 	12483.1 	12284.2 	10069.6 	13072.0 	15136.0 	15773.6 	16425.1 	15934.8 	16110.6 	15693.9 	17250.1 	16375.3 	15898.6 	15132.0 	17612.1 	22651.6 	24249.9 	28285.4 	25511.7 
A,MIO_EXP_VAL,SITC6_8,TT,EU27_2020	98.0 	125.9 	245.9 	86.6 	77.3 	113.9 	186.6 	106.7 	101.7 	91.1 	112.5 	124.1 	124.2 	130.7 	100.0 	116.3 	112.5 	109.4 	136.5 	129.6 	138.7 	177.2 	108.3 	108.8 
A,MIO_EXP_VAL,SITC6_8,TV,EU27_2020	0.3 	0.2 	0.3 	0.2 	0.6 	0.2 	0.1 	0.0 	0.0 	0.1 	0.0 	0.0 	0.1 	0.0 	0.1 	0.1 	0.1 	0.1 	0.2 	0.1 	0.2 	0.1 	0.1 	0.1 
A,MIO_EXP_VAL,SITC6_8,TW,EU27_2020	2649.5 	2288.3 	3078.9 	2783.9 	3186.2 	2432.6 	2094.3 	1826.1 	2343.5 	2626.0 	2525.9 	2435.5 	2561.3 	2786.1 	2783.7 	3017.2 	3188.1 	3527.5 	3728.0 	4234.2 	4758.0 	4364.1 	5076.0 	4913.3 
A,MIO_EXP_VAL,SITC6_8,TZ,EU27_2020	54.9 	69.7 	77.1 	65.4 	65.8 	63.4 	113.2 	97.2 	98.4 	127.6 	136.8 	100.9 	91.3 	124.1 	121.4 	138.3 	118.0 	154.4 	156.2 	129.2 	133.1 	132.6 	197.4 	213.7 
A,MIO_EXP_VAL,SITC6_8,UA,EU27_2020	2583.1 	2774.1 	3297.9 	3868.6 	5006.7 	6078.7 	6550.9 	4035.2 	4802.7 	5402.9 	5612.3 	5647.8 	4210.6 	3419.6 	3953.4 	4499.9 	4899.0 	5297.3 	5188.9 	6160.5 	6583.9 	8206.1 	10266.8 	9565.6 
A,MIO_EXP_VAL,SITC6_8,UG,EU27_2020	30.5 	32.5 	27.0 	30.7 	30.0 	31.3 	44.7 	52.7 	81.7 	64.7 	51.3 	58.8 	62.5 	65.7 	82.4 	82.5 	82.7 	101.3 	81.2 	115.2 	109.6 	156.6 	132.9 	146.4 
A,MIO_EXP_VAL,SITC6_8,UK,EU27_2020	57205.4 	54412.4 	57265.5 	57276.7 	62180.8 	66554.5 	61614.6 	48605.2 	53890.7 	60138.5 	62918.3 	62336.4 	67359.5 	73715.4 	72885.3 	76326.5 	76851.9 	79488.2 	68683.2 	69327.8 	77765.4 	74780.3 	75125.0 	75226.7 
A,MIO_EXP_VAL,SITC6_8,UM,EU27_2020	1.1 	1.0 	0.2 	0.4 	0.4 	0.2 	0.4 	0.3 	0.6 	2.8 	2.6 	1.5 	3.3 	3.2 	1.7 	1.2 	0.9 	0.7 	0.3 	0.9 	1.2 	11.8 	0.6 	0.3 
A,MIO_EXP_VAL,SITC6_8,US,EU27_2020	48722.1 	43468.1 	47436.6 	48881.1 	51363.8 	48393.0 	44140.2 	34417.0 	43640.7 	47744.3 	53391.6 	54049.6 	57881.8 	65959.3 	65205.6 	69987.6 	75145.3 	78689.2 	69530.0 	87069.4 	110845.1 	103686.6 	104921.5 	102856.0 
A,MIO_EXP_VAL,SITC6_8,USMCA,EU27_2020	57144.2 	51052.3 	55517.0 	57956.1 	61417.0 	58130.5 	53691.7 	41644.1 	52726.4 	58197.4 	64626.0 	65057.6 	69515.8 	79030.6 	78342.9 	85044.0 	92154.2 	96286.3 	84386.7 	105437.9 	132930.6 	126449.4 	127392.6 	126356.3 
A,MIO_EXP_VAL,SITC6_8,UY,EU27_2020	111.5 	84.3 	93.8 	100.5 	151.2 	135.7 	135.3 	132.1 	169.0 	182.3 	231.3 	242.0 	238.8 	237.6 	218.1 	235.6 	237.3 	233.9 	258.3 	334.8 	348.4 	315.4 	331.7 	324.7 
A,MIO_EXP_VAL,SITC6_8,UZ,EU27_2020	98.6 	75.6 	90.0 	106.5 	114.7 	184.5 	191.6 	245.3 	178.6 	213.8 	214.6 	232.7 	214.6 	213.5 	216.8 	266.5 	315.8 	333.8 	348.6 	424.9 	587.4 	696.2 	622.0 	742.4 
A,MIO_EXP_VAL,SITC6_8,VA,EU27_2020	2.1 	2.5 	1.3 	3.7 	2.0 	2.5 	1.8 	1.1 	0.8 	0.9 	1.2 	0.8 	1.1 	1.4 	2.1 	1.0 	1.2 	1.6 	1.0 	0.6 	0.6 	0.3 	0.8 	0.5 
A,MIO_EXP_VAL,SITC6_8,VC,EU27_2020	2.4 	3.6 	4.0 	5.7 	4.7 	5.4 	4.2 	10.2 	2.4 	2.6 	7.3 	10.5 	2.5 	4.3 	5.0 	11.7 	8.1 	4.7 	2.8 	4.3 	4.4 	9.1 	5.3 	5.3 
A,MIO_EXP_VAL,SITC6_8,VE,EU27_2020	734.0 	290.9 	506.0 	644.0 	737.5 	765.8 	806.9 	667.5 	630.3 	746.1 	1113.3 	795.6 	648.5 	446.4 	273.4 	159.4 	153.2 	97.4 	85.5 	102.4 	152.2 	135.0 	155.8 	151.5 
A,MIO_EXP_VAL,SITC6_8,VG,EU27_2020	49.1 	34.1 	36.9 	38.4 	40.3 	59.1 	62.6 	40.2 	37.9 	37.0 	24.6 	25.9 	23.5 	14.7 	19.5 	17.8 	12.7 	9.1 	9.4 	12.7 	23.2 	11.5 	13.1 	16.6 
A,MIO_EXP_VAL,SITC6_8,VI,EU27_2020	13.5 	11.0 	16.7 	10.2 	11.5 	9.3 	7.6 	4.4 	5.1 	3.3 	2.4 	4.2 	20.3 	4.5 	3.6 	2.7 	4.6 	13.4 	3.5 	6.1 	5.9 	4.6 	6.2 	5.5 
A,MIO_EXP_VAL,SITC6_8,VN,EU27_2020	377.4 	381.4 	361.7 	398.1 	460.1 	563.3 	602.7 	691.7 	775.9 	855.4 	913.0 	1049.7 	1198.6 	1397.5 	1521.4 	1759.5 	1828.9 	2058.2 	1818.9 	2201.0 	2471.4 	2245.5 	2471.8 	2498.6 
A,MIO_EXP_VAL,SITC6_8,VU,EU27_2020	1.5 	1.3 	1.3 	1.4 	1.4 	1.8 	1.7 	4.5 	3.3 	2.2 	2.1 	1.9 	2.4 	2.8 	4.3 	2.4 	2.0 	2.6 	1.5 	1.1 	2.7 	2.4 	2.3 	2.6 
A,MIO_EXP_VAL,SITC6_8,WBC,EU27_2020	2034.3 	2030.3 	2301.0 	3545.9 	4819.1 	6048.0 	6658.9 	5384.6 	5844.2 	6236.9 	6303.0 	6528.5 	6967.5 	7424.1 	8205.1 	9079.8 	9814.8 	10063.5 	9288.6 	11357.9 	13671.7 	13937.3 	13982.7 	14921.0 
A,MIO_EXP_VAL,SITC6_8,WF,EU27_2020	2.2 	2.3 	2.7 	2.2 	2.6 	2.6 	2.6 	1.6 	2.5 	2.9 	2.6 	2.1 	3.8 	2.5 	2.9 	3.0 	3.4 	4.8 	4.1 	6.1 	5.2 	3.9 	5.0 	3.2 
A,MIO_EXP_VAL,SITC6_8,WS,EU27_2020	1.1 	0.4 	0.3 	0.6 	0.3 	0.8 	1.1 	1.4 	1.3 	1.0 	0.9 	0.7 	0.4 	0.4 	0.8 	1.9 	0.8 	0.9 	0.2 	0.5 	0.5 	5.9 	0.6 	1.8 
A,MIO_EXP_VAL,SITC6_8,XK,EU27_2020	: 	: 	: 	: 	65.3 	95.9 	119.9 	131.7 	164.5 	189.0 	184.7 	187.5 	193.3 	205.6 	224.6 	228.6 	259.3 	323.7 	266.6 	379.3 	447.5 	477.6 	488.6 	503.9 
A,MIO_EXP_VAL,SITC6_8,YE,EU27_2020	114.8 	93.1 	104.0 	107.2 	119.4 	156.7 	138.5 	115.9 	105.4 	67.2 	91.7 	88.0 	91.4 	38.1 	38.7 	42.1 	38.4 	60.2 	61.8 	64.9 	55.8 	57.2 	50.0 	47.7 
A,MIO_EXP_VAL,SITC6_8,YT,EU27_2020	29.6 	32.0 	32.2 	33.4 	38.1 	52.3 	61.3 	47.0 	49.1 	51.1 	53.3 	59.6 	: 	: 	: 	: 	: 	: 	: 	: 	: 	: 	: 	: 
A,MIO_EXP_VAL,SITC6_8,ZA,EU27_2020	2064.1 	2033.1 	2402.0 	2651.6 	3061.4 	3341.7 	3309.7 	2850.5 	3670.2 	4077.5 	4324.2 	4237.8 	3930.4 	4304.0 	4143.4 	4404.8 	4444.5 	4575.0 	3525.3 	4558.1 	5305.7 	5099.0 	4847.4 	4678.7 
A,MIO_EXP_VAL,SITC6_8,ZM,EU27_2020	12.7 	13.9 	12.7 	16.4 	24.2 	23.2 	33.2 	28.9 	27.3 	56.3 	52.4 	74.1 	51.6 	52.8 	40.7 	48.4 	56.9 	53.0 	35.2 	39.4 	67.9 	44.5 	62.8 	86.4 
A,MIO_EXP_VAL,SITC6_8,ZW,EU27_2020	26.5 	34.2 	28.7 	24.3 	27.3 	21.2 	20.2 	11.3 	18.5 	24.0 	39.4 	32.9 	18.9 	18.3 	16.5 	22.4 	23.7 	21.1 	35.9 	27.5 	45.6 	43.2 	38.6 	42.7 
A,MIO_IMP_VAL,SITC6_8,ACP,EU27_2020	4543.8 	3323.1 	3371.4 	3745.3 	4511.7 	4703.0 	3717.4 	2559.7 	3732.9 	4592.9 	4800.2 	5634.2 	7227.3 	6649.5 	7265.8 	7065.8 	7351.9 	6530.6 	5934.7 	6826.7 	10077.3 	7848.8 	8083.3 	9354.8 
A,MIO_IMP_VAL,SITC6_8,AD,EU27_2020	23.1 	23.0 	29.5 	31.5 	30.6 	34.1 	30.6 	22.6 	30.8 	25.0 	28.1 	27.0 	26.0 	29.9 	31.0 	39.9 	46.1 	52.7 	47.4 	49.5 	62.0 	65.9 	63.8 	63.1 
A,MIO_IMP_VAL,SITC6_8,AE,EU27_2020	790.3 	1195.5 	1546.7 	1627.6 	2016.7 	2120.9 	2181.6 	1338.7 	2112.0 	3330.6 	3383.0 	3416.8 	3606.0 	4175.9 	3423.7 	3580.6 	3753.7 	2921.4 	2127.2 	3406.2 	5099.1 	4216.1 	2867.3 	2908.6 
A,MIO_IMP_VAL,SITC6_8,AF,EU27_2020	3.8 	2.5 	3.4 	2.4 	2.7 	1.5 	1.7 	0.6 	0.9 	2.7 	4.0 	4.8 	6.0 	5.5 	6.0 	4.3 	7.3 	10.6 	6.2 	9.2 	10.7 	8.3 	7.5 	9.3 
A,MIO_IMP_VAL,SITC6_8,AFR,EU27_2020	14457.6 	13104.2 	13935.5 	14465.3 	16471.1 	18306.6 	16994.9 	11871.3 	15380.0 	17066.3 	15783.4 	16190.8 	18212.9 	17916.3 	19080.4 	20408.3 	21402.6 	19892.2 	17415.4 	23178.8 	29842.4 	25696.3 	25716.2 	27865.1 
A,MIO_IMP_VAL,SITC6_8,AG,EU27_2020	1.3 	1.0 	0.4 	0.7 	0.9 	2.6 	4.7 	3.0 	0.4 	0.5 	0.5 	1.4 	0.3 	0.5 	0.4 	0.3 	0.7 	0.4 	0.3 	0.1 	0.3 	0.6 	1.2 	1.3 
A,MIO_IMP_VAL,SITC6_8,AI,EU27_2020	0.1 	0.0 	0.0 	0.0 	0.0 	0.1 	0.1 	0.0 	0.0 	0.0 	0.0 	0.0 	0.4 	0.0 	0.1 	0.1 	0.2 	1.5 	0.2 	0.0 	0.1 	0.1 	0.0 	0.1 
A,MIO_IMP_VAL,SITC6_8,AL,EU27_2020	256.1 	281.9 	300.2 	315.4 	346.7 	408.7 	454.0 	421.9 	522.4 	581.5 	575.2 	635.1 	749.7 	782.8 	893.5 	1048.7 	1162.7 	1168.7 	1014.0 	1264.5 	1628.6 	1601.0 	1470.4 	1480.1 
A,MIO_IMP_VAL,SITC6_8,AM,EU27_2020	115.8 	145.6 	182.8 	331.6 	292.2 	307.5 	287.8 	140.7 	220.3 	243.5 	211.0 	168.0 	172.6 	249.9 	232.7 	243.8 	187.3 	280.5 	200.4 	334.3 	492.9 	569.4 	298.9 	287.8 
A,MIO_IMP_VAL,SITC6_8,AME,EU27_2020	35284.7 	32463.5 	34364.4 	37200.3 	45349.2 	49252.4 	46180.4 	34721.8 	41612.0 	45730.5 	43569.6 	41630.4 	44169.7 	50833.1 	49077.2 	52032.1 	53557.8 	55005.2 	48789.8 	55719.3 	69499.7 	69324.7 	69451.3 	70517.7 
A,MIO_IMP_VAL,SITC6_8,AME_LAT,EU27_2020	7031.0 	7493.5 	9334.7 	10589.1 	15660.8 	18032.3 	15095.5 	9026.5 	12137.6 	14557.6 	11992.8 	9997.2 	10644.1 	11605.5 	11554.7 	12406.7 	12420.6 	12006.2 	10254.8 	13029.1 	17123.8 	16135.2 	16766.3 	16871.6 
A,MIO_IMP_VAL,SITC6_8,AN,EU27_2020	17.0 	10.1 	6.9 	3.7 	3.5 	6.2 	3.5 	5.4 	5.0 	2.7 	3.1 	: 	: 	: 	: 	: 	: 	: 	: 	: 	: 	: 	: 	: 
A,MIO_IMP_VAL,SITC6_8,AO,EU27_2020	525.1 	228.1 	96.3 	418.6 	287.4 	183.4 	113.3 	141.7 	44.9 	157.0 	403.2 	377.0 	487.9 	531.0 	419.8 	262.7 	378.4 	313.3 	285.3 	516.0 	696.5 	554.4 	523.5 	518.7 
A,MIO_IMP_VAL,SITC6_8,AQ,EU27_2020	0.0 	0.0 	0.1 	0.0 	0.0 	0.6 	0.0 	0.2 	0.5 	0.9 	1.2 	2.1 	2.0 	3.6 	3.5 	4.6 	5.2 	5.1 	2.3 	0.5 	2.7 	4.4 	6.0 	6.0 
A,MIO_IMP_VAL,SITC6_8,AR,EU27_2020	531.3 	469.2 	411.4 	531.8 	363.7 	525.0 	510.4 	419.2 	418.5 	408.2 	366.0 	388.3 	387.5 	391.5 	277.9 	269.5 	258.8 	227.7 	154.4 	177.0 	263.7 	207.0 	258.4 	269.7 
A,MIO_IMP_VAL,SITC6_8,AS,EU27_2020	0.1 	0.0 	0.1 	0.1 	0.3 	0.0 	0.1 	0.0 	0.2 	0.1 	0.1 	0.0 	0.0 	0.1 	0.0 	0.0 	0.1 	0.2 	0.1 	0.3 	0.7 	0.1 	0.1 	0.2 
A,MIO_IMP_VAL,SITC6_8,ASEAN,EU27_2020	14614.1 	14009.6 	14649.3 	14383.8 	16817.6 	17891.0 	17976.3 	15533.8 	18878.7 	20816.4 	21618.5 	21875.3 	24785.4 	29329.8 	31007.1 	34040.8 	36344.7 	39282.1 	36507.8 	42777.7 	59804.4 	50606.1 	53665.9 	58177.7 
A,MIO_IMP_VAL,SITC6_8,ASI,EU27_2020	90811.8 	92296.2 	102086.9 	117859.8 	141168.5 	164044.5 	169909.3 	140927.2 	171351.5 	190611.8 	183843.3 	179329.2 	197871.8 	221650.8 	222321.0 	234545.2 	244991.5 	254034.1 	250138.6 	294919.5 	389031.3 	318648.4 	333983.7 	351663.0 
A,MIO_IMP_VAL,SITC6_8,AU,EU27_2020	1171.5 	1002.4 	1026.3 	978.3 	1208.9 	1552.8 	1072.8 	737.0 	896.6 	1162.2 	949.0 	807.1 	825.1 	830.5 	752.5 	833.6 	1194.5 	968.9 	938.6 	1299.8 	1906.6 	1992.7 	1508.3 	1524.7 
A,MIO_IMP_VAL,SITC6_8,AW,EU27_2020	5.7 	0.6 	0.4 	0.8 	0.5 	0.6 	0.5 	1.0 	1.3 	1.0 	2.9 	1.4 	1.8 	2.1 	2.5 	1.6 	2.8 	1.2 	1.2 	0.9 	2.4 	1.7 	2.2 	3.3 
A,MIO_IMP_VAL,SITC6_8,AZ,EU27_2020	6.4 	6.9 	7.5 	4.5 	6.9 	17.6 	17.0 	14.8 	7.8 	6.6 	21.0 	15.7 	8.0 	20.8 	40.4 	25.2 	14.8 	37.6 	14.9 	19.2 	38.2 	26.9 	39.9 	32.6 
A,MIO_IMP_VAL,SITC6_8,BA,EU27_2020	581.0 	637.4 	771.9 	928.4 	1228.3 	1372.9 	1450.0 	1141.9 	1397.8 	1633.3 	1641.0 	1750.6 	1806.5 	1904.9 	2069.5 	2298.5 	2513.3 	2372.8 	2160.9 	2860.7 	3697.2 	3222.4 	2979.7 	2991.0 
A,MIO_IMP_VAL,SITC6_8,BB,EU27_2020	6.1 	5.6 	3.3 	3.6 	2.8 	4.4 	4.1 	3.3 	2.6 	2.1 	2.6 	2.6 	3.0 	2.6 	2.5 	3.3 	4.2 	1.7 	1.2 	1.0 	1.1 	0.9 	0.8 	1.7 
A,MIO_IMP_VAL,SITC6_8,BD,EU27_2020	2349.2 	2635.6 	3139.4 	3047.2 	3965.7 	3822.8 	4185.7 	4520.7 	5652.2 	7351.8 	7913.1 	8818.3 	10075.4 	12356.2 	13458.0 	13867.1 	14867.0 	15957.1 	13226.6 	15341.4 	23426.6 	18588.8 	19566.5 	20703.4 
A,MIO_IMP_VAL,SITC6_8,BF,EU27_2020	16.1 	10.3 	7.5 	4.9 	5.9 	6.7 	6.1 	2.5 	4.4 	5.3 	2.9 	4.6 	3.9 	2.6 	1.4 	2.2 	2.2 	1.7 	1.5 	1.6 	2.3 	2.1 	2.2 	1.9 
A,MIO_IMP_VAL,SITC6_8,BH,EU27_2020	121.6 	91.8 	96.6 	113.5 	190.0 	409.7 	394.6 	156.0 	340.1 	423.4 	288.5 	281.6 	220.4 	209.8 	208.8 	328.1 	494.0 	460.6 	490.7 	791.1 	1276.8 	1087.2 	1201.3 	1550.6 
A,MIO_IMP_VAL,SITC6_8,BI,EU27_2020	0.1 	1.8 	1.9 	0.1 	1.4 	2.8 	0.2 	0.4 	0.7 	1.8 	1.4 	2.2 	2.3 	1.8 	1.0 	1.0 	1.2 	0.8 	0.6 	0.6 	0.4 	0.3 	0.4 	1.2 
A,MIO_IMP_VAL,SITC6_8,BJ,EU27_2020	19.2 	3.6 	0.7 	1.1 	0.6 	1.3 	2.2 	0.9 	0.3 	0.7 	0.4 	0.6 	0.6 	0.7 	0.3 	0.5 	0.5 	2.1 	0.8 	2.2 	1.7 	3.8 	4.4 	16.6 
A,MIO_IMP_VAL,SITC6_8,BL,EU27_2020	: 	: 	: 	: 	: 	: 	: 	: 	: 	: 	: 	0.3 	0.4 	0.3 	0.2 	0.3 	0.3 	0.2 	0.3 	0.4 	0.9 	2.3 	1.3 	2.7 
A,MIO_IMP_VAL,SITC6_8,BM,EU27_2020	0.2 	3.9 	2.5 	1.0 	0.3 	0.4 	0.1 	0.2 	0.3 	0.7 	0.2 	0.1 	2.3 	0.8 	0.6 	2.9 	0.3 	0.4 	1.6 	0.4 	1.1 	0.5 	0.7 	0.3 
A,MIO_IMP_VAL,SITC6_8,BN,EU27_2020	1.2 	1.5 	3.8 	9.8 	1.7 	1.0 	1.2 	0.7 	1.1 	2.0 	1.8 	1.6 	1.4 	0.9 	2.2 	0.9 	0.6 	0.7 	0.4 	0.6 	0.8 	0.7 	1.3 	1.0 
A,MIO_IMP_VAL,SITC6_8,BO,EU27_2020	37.5 	29.6 	44.8 	40.1 	55.9 	54.0 	83.9 	49.1 	82.0 	69.5 	35.5 	123.4 	116.8 	68.5 	67.0 	64.2 	81.5 	163.4 	131.5 	279.2 	159.0 	101.2 	141.8 	293.7 
A,MIO_IMP_VAL,SITC6_8,BQ,EU27_2020	: 	: 	: 	: 	: 	: 	: 	: 	: 	: 	: 	0.1 	0.5 	0.6 	0.4 	0.4 	0.7 	0.9 	1.4 	0.6 	1.3 	1.5 	3.0 	1.4 
A,MIO_IMP_VAL,SITC6_8,BR,EU27_2020	2791.3 	3081.9 	3489.8 	3648.4 	4635.8 	5637.9 	5061.0 	2595.9 	3315.2 	4248.3 	3271.1 	2406.5 	2910.5 	3480.1 	3609.8 	3876.6 	3870.4 	3198.9 	2417.0 	3096.1 	5127.0 	4137.4 	3636.7 	3988.4 
A,MIO_IMP_VAL,SITC6_8,BS,EU27_2020	1.2 	2.9 	1.7 	2.5 	2.5 	2.7 	1.9 	2.4 	1.3 	9.7 	1.4 	2.2 	0.9 	1.3 	1.2 	9.4 	2.0 	3.6 	2.2 	0.8 	2.2 	2.3 	1.7 	3.1 
A,MIO_IMP_VAL,SITC6_8,BT,EU27_2020	0.2 	0.2 	0.1 	0.1 	0.1 	0.5 	3.5 	0.7 	0.7 	2.9 	4.1 	9.7 	14.6 	13.2 	1.6 	12.7 	25.6 	9.8 	5.6 	6.5 	22.7 	20.8 	2.3 	4.7 
A,MIO_IMP_VAL,SITC6_8,BV,EU27_2020	0.1 	0.0 	0.0 	0.1 	0.1 	0.0 	0.0 	0.0 	0.0 	0.0 	0.0 	0.0 	0.0 	0.0 	0.0 	0.0 	2.3 	0.0 	0.1 	0.0 	0.0 	0.0 	0.1 	0.2 
A,MIO_IMP_VAL,SITC6_8,BW,EU27_2020	21.1 	17.2 	21.7 	24.9 	41.1 	43.6 	76.2 	81.3 	146.7 	146.2 	222.0 	592.8 	1709.4 	1417.6 	1917.5 	1319.2 	1218.8 	889.6 	971.7 	1068.4 	1352.6 	986.4 	694.7 	854.8 
A,MIO_IMP_VAL,SITC6_8,BY,EU27_2020	561.2 	619.8 	712.4 	759.4 	934.5 	1010.0 	1046.3 	678.9 	855.3 	1003.1 	818.3 	843.1 	979.7 	1141.7 	1196.9 	1403.9 	1625.4 	1636.8 	1632.5 	2391.3 	1428.9 	608.0 	477.9 	119.6 
A,MIO_IMP_VAL,SITC6_8,BZ,EU27_2020	0.3 	1.1 	1.6 	0.4 	0.5 	0.6 	1.0 	0.5 	0.2 	0.1 	0.9 	0.9 	1.1 	0.7 	0.5 	0.4 	0.9 	1.1 	0.1 	0.7 	1.2 	0.7 	0.1 	0.3 
A,MIO_IMP_VAL,SITC6_8,CA,EU27_2020	2055.3 	2002.8 	1869.2 	1940.9 	2236.3 	3214.7 	2919.4 	1805.6 	2280.9 	2399.8 	2127.5 	2445.2 	2898.3 	2805.5 	2457.5 	2567.7 	3204.8 	3250.1 	2969.2 	4028.6 	4899.8 	4299.8 	4112.0 	4835.1 
A,MIO_IMP_VAL,SITC6_8,CC,EU27_2020	0.0 	0.0 	0.0 	0.1 	0.0 	0.1 	0.4 	0.0 	0.2 	0.2 	0.1 	0.2 	0.2 	0.1 	0.1 	0.1 	0.2 	0.1 	0.2 	0.1 	0.3 	0.3 	0.2 	0.1 
A,MIO_IMP_VAL,SITC6_8,CC9_23,EU27_2020	15184.3 	16651.3 	19856.9 	21810.2 	26285.8 	30648.9 	30321.6 	21723.1 	26810.3 	31792.2 	28922.8 	30156.5 	31744.7 	33136.4 	35007.4 	39550.7 	44400.8 	44465.6 	40633.8 	55401.3 	66289.6 	57375.7 	57559.9 	59281.7 
A,MIO_IMP_VAL,SITC6_8,CD,EU27_2020	1060.5 	500.3 	420.4 	436.5 	425.4 	434.7 	455.4 	202.4 	234.5 	342.5 	507.7 	903.5 	808.5 	359.5 	534.6 	641.8 	575.7 	603.2 	560.4 	948.9 	1537.1 	1361.3 	1865.8 	3232.8 
A,MIO_IMP_VAL,SITC6_8,CF,EU27_2020	132.8 	46.8 	43.4 	34.2 	30.4 	22.5 	17.7 	30.7 	26.6 	35.7 	42.1 	18.1 	0.0 	0.1 	1.0 	4.5 	1.5 	0.4 	11.9 	4.5 	7.9 	7.1 	9.3 	13.7 
A,MIO_IMP_VAL,SITC6_8,CG,EU27_2020	11.4 	37.1 	27.0 	12.7 	53.7 	52.8 	48.7 	45.1 	131.0 	113.6 	185.7 	221.1 	388.8 	446.8 	587.6 	602.8 	553.4 	578.8 	412.9 	556.8 	720.9 	392.9 	591.4 	450.2 
A,MIO_IMP_VAL,SITC6_8,CH,EU27_2020	17031.9 	17170.2 	18060.1 	18577.0 	19728.3 	21333.9 	21652.0 	18171.6 	21127.6 	23975.0 	23823.7 	24051.4 	25325.0 	27878.8 	27169.8 	27952.4 	28375.5 	28670.3 	24507.9 	27877.8 	32815.3 	33331.3 	31478.4 	32410.6 
A,MIO_IMP_VAL,SITC6_8,CI,EU27_2020	158.8 	80.4 	74.6 	82.0 	80.3 	83.5 	78.7 	51.0 	53.6 	46.8 	47.2 	39.8 	45.5 	45.7 	46.3 	39.8 	41.5 	41.2 	31.4 	37.6 	52.9 	45.3 	38.9 	38.6 
A,MIO_IMP_VAL,SITC6_8,CIS,EU27_2020	8470.5 	9101.3 	11717.3 	12810.3 	16801.1 	18358.2 	17237.2 	9316.6 	14400.8 	16212.1 	15013.9 	13994.2 	15662.6 	16488.9 	17096.2 	19934.6 	22560.2 	19754.4 	16283.9 	25660.0 	22982.7 	10690.8 	7793.5 	6972.6 
A,MIO_IMP_VAL,SITC6_8,CK,EU27_2020	0.1 	0.2 	0.1 	0.2 	0.0 	0.1 	0.2 	0.1 	0.5 	0.1 	0.1 	0.1 	0.0 	0.0 	0.1 	0.1 	0.0 	0.1 	0.5 	0.1 	0.0 	0.1 	0.1 	0.1 
A,MIO_IMP_VAL,SITC6_8,CL,EU27_2020	1664.0 	1785.8 	2969.7 	3333.1 	6484.0 	6664.2 	5009.2 	2821.5 	4316.1 	5123.2 	3617.0 	2855.6 	2605.3 	2051.9 	1731.9 	1788.5 	1447.9 	1237.5 	1204.8 	1614.6 	1898.6 	1999.3 	2731.6 	2148.2 
A,MIO_IMP_VAL,SITC6_8,CM,EU27_2020	97.7 	107.5 	133.4 	143.7 	223.7 	179.6 	162.6 	86.8 	111.6 	123.3 	91.3 	100.5 	125.9 	136.7 	121.4 	142.5 	163.4 	113.3 	97.0 	103.6 	122.0 	116.5 	109.2 	94.8 
A,MIO_IMP_VAL,SITC6_8,CN_X_HK,EU27_2020	35563.1 	39842.0 	45295.9 	59711.0 	71788.8 	90347.6 	96405.1 	81016.5 	98649.7 	105860.8 	102046.8 	98064.6 	108589.7 	121345.2 	119880.3 	125104.0 	128636.3 	135607.8 	145702.7 	163534.5 	207521.9 	162860.9 	178378.7 	188419.7 
A,MIO_IMP_VAL,SITC6_8,CO,EU27_2020	311.7 	332.9 	373.3 	373.1 	550.6 	622.5 	437.5 	287.2 	421.6 	381.1 	460.6 	200.2 	221.2 	286.3 	197.7 	247.7 	302.5 	273.4 	209.4 	351.4 	433.8 	362.8 	372.7 	351.5 
A,MIO_IMP_VAL,SITC6_8,CR,EU27_2020	30.9 	30.9 	35.1 	42.2 	56.9 	64.3 	95.7 	139.7 	161.6 	157.6 	226.6 	274.9 	321.0 	445.7 	576.9 	671.3 	750.2 	908.7 	921.1 	1150.7 	1500.2 	1734.1 	1941.3 	2193.5 
A,MIO_IMP_VAL,SITC6_8,CU,EU27_2020	36.6 	68.3 	15.0 	12.6 	12.1 	10.4 	11.4 	5.3 	5.0 	16.9 	4.1 	10.2 	5.3 	4.7 	5.5 	5.3 	3.4 	4.4 	2.9 	3.1 	3.0 	3.4 	3.5 	3.7 
A,MIO_IMP_VAL,SITC6_8,CV,EU27_2020	9.0 	7.8 	8.6 	7.1 	8.1 	7.9 	7.9 	7.8 	7.5 	7.9 	6.5 	8.1 	9.1 	9.1 	10.5 	11.6 	11.5 	11.9 	9.7 	8.1 	10.9 	9.7 	9.5 	8.8 
A,MIO_IMP_VAL,SITC6_8,CW,EU27_2020	: 	: 	: 	: 	: 	: 	: 	: 	: 	: 	: 	0.4 	1.8 	4.3 	1.7 	4.4 	14.3 	4.6 	1.7 	4.4 	5.2 	5.3 	4.6 	7.0 
A,MIO_IMP_VAL,SITC6_8,CX,EU27_2020	0.1 	0.2 	0.0 	0.0 	0.1 	0.3 	0.0 	0.0 	0.2 	0.0 	0.0 	0.0 	0.0 	0.1 	0.1 	0.1 	0.2 	0.1 	0.2 	1.4 	0.9 	0.3 	0.3 	0.8 
A,MIO_IMP_VAL,SITC6_8,DAE,EU27_2020	17095.5 	15971.9 	17102.6 	17562.1 	21823.2 	22469.2 	22013.1 	18356.8 	21793.5 	24671.3 	24655.6 	24403.5 	26016.2 	28333.6 	27620.8 	29090.3 	31357.7 	30863.8 	28925.9 	36477.1 	45832.3 	40868.5 	40548.2 	41824.3 
A,MIO_IMP_VAL,SITC6_8,DJ,EU27_2020	1.8 	1.6 	1.6 	3.2 	0.8 	1.0 	1.6 	0.5 	0.6 	0.9 	0.8 	1.4 	2.8 	2.1 	3.8 	5.4 	5.1 	0.7 	0.5 	0.1 	5.1 	4.6 	0.8 	4.0 
A,MIO_IMP_VAL,SITC6_8,DM,EU27_2020	0.3 	0.2 	0.3 	0.2 	0.3 	0.4 	1.1 	1.2 	0.4 	0.5 	0.3 	0.1 	0.5 	0.5 	0.1 	0.4 	0.1 	0.4 	0.1 	0.2 	0.1 	0.1 	0.4 	0.1 
A,MIO_IMP_VAL,SITC6_8,DO,EU27_2020	137.4 	125.5 	187.8 	188.6 	295.4 	354.5 	328.4 	116.5 	104.4 	101.9 	132.1 	145.2 	129.4 	143.9 	187.3 	192.9 	212.3 	246.9 	272.9 	328.8 	459.3 	414.3 	457.5 	407.9 
A,MIO_IMP_VAL,SITC6_8,DZ,EU27_2020	138.2 	110.0 	85.5 	66.2 	136.5 	136.6 	125.7 	59.9 	103.0 	89.1 	61.1 	48.5 	42.3 	42.8 	28.1 	49.0 	75.5 	89.2 	53.3 	300.9 	629.4 	460.6 	439.0 	596.9 
A,MIO_IMP_VAL,SITC6_8,EC,EU27_2020	22.1 	18.2 	22.6 	42.2 	40.1 	48.8 	42.4 	30.2 	29.3 	36.8 	35.6 	31.0 	38.3 	39.5 	48.4 	43.9 	40.9 	44.6 	48.9 	41.4 	44.1 	46.8 	46.3 	41.1 
A,MIO_IMP_VAL,SITC6_8,EFTA,EU27_2020	23370.7 	23474.1 	25154.8 	25905.7 	28702.0 	31579.1 	31877.0 	24903.0 	29771.7 	33302.0 	32710.1 	31310.0 	33134.4 	35735.3 	34977.5 	37198.4 	38017.2 	37159.5 	32617.4 	38734.0 	47738.2 	46620.2 	43696.2 	44644.6 
A,MIO_IMP_VAL,SITC6_8,EG,EU27_2020	811.3 	974.3 	1228.4 	1273.0 	1572.2 	1853.1 	1807.4 	1038.5 	1467.0 	1771.7 	1417.6 	1391.3 	1478.3 	1424.1 	1393.7 	1794.0 	1933.6 	1698.1 	1513.7 	2505.6 	2954.9 	2964.5 	3100.2 	3221.2 
A,MIO_IMP_VAL,SITC6_8,EH,EU27_2020	: 	: 	: 	: 	: 	: 	: 	: 	: 	: 	: 	0.0 	0.0 	0.0 	0.0 	0.0 	0.0 	0.0 	0.0 	0.0 	0.0 	0.1 	0.0 	0.0 
A,MIO_IMP_VAL,SITC6_8,ER,EU27_2020	3.0 	1.6 	1.0 	1.8 	2.3 	3.5 	2.6 	2.4 	2.6 	3.1 	2.6 	2.7 	2.8 	2.5 	2.1 	2.1 	2.0 	1.7 	1.8 	3.2 	6.3 	6.4 	6.8 	10.4 
A,MIO_IMP_VAL,SITC6_8,ES630,EU27_2020	6.4 	1.1 	1.4 	1.4 	2.2 	2.1 	2.5 	1.8 	1.5 	1.9 	2.1 	1.6 	1.6 	2.4 	1.4 	2.4 	2.2 	5.2 	5.9 	6.2 	6.3 	6.4 	6.9 	7.6 
A,MIO_IMP_VAL,SITC6_8,ES640,EU27_2020	1.0 	0.9 	1.0 	1.1 	1.0 	1.1 	1.4 	1.6 	1.3 	1.1 	1.1 	1.4 	1.3 	1.3 	1.6 	2.3 	2.5 	5.1 	5.6 	6.5 	6.3 	7.2 	7.9 	8.8 
A,MIO_IMP_VAL,SITC6_8,ET,EU27_2020	34.3 	25.8 	25.0 	29.8 	29.7 	36.5 	35.9 	26.2 	26.5 	69.1 	53.6 	56.3 	64.5 	60.1 	53.2 	51.2 	45.6 	63.7 	78.8 	55.9 	96.0 	110.4 	128.6 	137.7 
A,MIO_IMP_VAL,SITC6_8,EUR_NEU27_2020,EU27_2020	82230.5 	82179.3 	91912.9 	97244.4 	110031.5 	122554.4 	118044.7 	86500.5 	105808.6 	120212.5 	114036.4 	112120.8 	117517.7 	124734.4 	125632.7 	136604.2 	145444.0 	143106.2 	126197.7 	148312.9 	168347.9 	144665.9 	139058.7 	139292.7 
A,MIO_IMP_VAL,SITC6_8,EXT_EU27_2020,EU27_2020	226540.4 	223650.2 	246553.2 	270984.6 	318483.8 	360917.4 	356300.4 	277148.7 	339096.6 	379154.8 	361457.0 	354400.7 	381819.3 	420143.8 	420184.9 	447938.6 	469576.7 	476422.4 	445906.4 	527710.5 	664660.5 	565585.0 	575027.5 	596806.5 
A,MIO_IMP_VAL,SITC6_8,FJ,EU27_2020	0.9 	0.8 	0.5 	0.7 	1.2 	0.8 	1.6 	1.4 	0.7 	0.6 	0.8 	0.8 	1.2 	1.4 	1.0 	1.1 	0.8 	0.6 	1.0 	0.6 	0.9 	0.9 	1.1 	0.9 
A,MIO_IMP_VAL,SITC6_8,FK,EU27_2020	0.1 	0.0 	0.1 	0.0 	0.0 	0.1 	0.1 	0.0 	0.0 	0.0 	0.0 	0.0 	0.0 	0.1 	0.0 	0.1 	0.1 	0.2 	0.3 	0.3 	0.3 	0.3 	0.3 	0.2 
A,MIO_IMP_VAL,SITC6_8,FM,EU27_2020	0.3 	0.0 	0.0 	0.0 	0.0 	0.0 	0.0 	0.0 	0.0 	0.0 	0.0 	0.0 	0.0 	0.3 	0.0 	0.0 	0.0 	0.0 	0.0 	0.1 	0.5 	0.5 	0.2 	0.1 
A,MIO_IMP_VAL,SITC6_8,FO,EU27_2020	3.0 	2.9 	2.6 	2.7 	4.5 	3.4 	2.7 	2.9 	2.1 	2.4 	1.7 	2.7 	2.0 	3.0 	2.7 	2.6 	3.4 	4.8 	2.5 	4.1 	6.9 	5.3 	5.7 	5.6 
A,MIO_IMP_VAL,SITC6_8,GA,EU27_2020	62.1 	71.3 	82.2 	82.7 	92.5 	118.5 	113.6 	90.0 	106.1 	112.1 	95.3 	94.0 	89.8 	101.9 	127.3 	122.1 	110.2 	110.2 	115.8 	110.9 	177.6 	128.5 	143.6 	125.8 
A,MIO_IMP_VAL,SITC6_8,GD,EU27_2020	0.2 	0.0 	0.2 	0.0 	0.1 	0.1 	0.0 	0.1 	0.0 	0.0 	0.0 	0.0 	0.0 	0.0 	0.2 	0.0 	0.0 	0.1 	0.0 	0.2 	0.1 	1.3 	21.7 	0.0 
A,MIO_IMP_VAL,SITC6_8,GE,EU27_2020	16.2 	29.5 	40.0 	19.7 	13.3 	45.3 	52.3 	28.9 	30.5 	40.8 	37.6 	74.4 	92.8 	71.4 	95.0 	120.9 	115.4 	83.5 	92.6 	106.6 	183.8 	142.9 	175.5 	257.5 
A,MIO_IMP_VAL,SITC6_8,GH,EU27_2020	238.2 	168.6 	68.5 	73.3 	186.8 	60.8 	39.1 	21.1 	25.5 	83.0 	63.7 	61.3 	66.7 	65.1 	63.4 	67.9 	106.5 	99.8 	62.4 	87.7 	159.5 	106.2 	126.9 	139.1 
A,MIO_IMP_VAL,SITC6_8,GI,EU27_2020	0.8 	1.3 	1.5 	2.1 	1.4 	1.4 	1.4 	0.9 	0.7 	1.4 	1.2 	1.1 	1.0 	1.2 	2.9 	2.2 	1.6 	4.5 	2.3 	2.3 	5.5 	3.0 	7.0 	3.2 
A,MIO_IMP_VAL,SITC6_8,GL,EU27_2020	4.5 	3.4 	3.1 	3.0 	3.9 	4.2 	3.5 	2.0 	3.6 	5.5 	2.0 	2.8 	1.9 	2.4 	1.7 	2.2 	2.0 	2.1 	1.3 	3.9 	6.3 	9.2 	5.4 	4.9 
A,MIO_IMP_VAL,SITC6_8,GM,EU27_2020	0.4 	0.3 	0.3 	0.4 	0.5 	0.5 	0.2 	0.1 	0.0 	0.0 	0.0 	0.0 	0.2 	0.1 	0.1 	0.3 	0.3 	0.2 	0.2 	0.2 	0.5 	0.4 	0.2 	0.1 
A,MIO_IMP_VAL,SITC6_8,GN,EU27_2020	95.6 	46.4 	42.3 	40.2 	30.8 	29.1 	22.9 	9.3 	13.9 	11.0 	19.9 	13.5 	11.3 	14.6 	14.0 	10.6 	8.6 	10.4 	3.2 	5.5 	3.7 	4.0 	13.3 	5.5 
A,MIO_IMP_VAL,SITC6_8,GQ,EU27_2020	10.0 	10.3 	15.6 	16.6 	17.1 	18.5 	16.8 	4.2 	9.0 	8.3 	10.0 	10.0 	9.3 	9.4 	8.8 	8.3 	6.1 	6.2 	5.7 	4.1 	5.2 	3.4 	0.9 	0.6 
A,MIO_IMP_VAL,SITC6_8,GS,EU27_2020	0.0 	0.0 	1.8 	0.0 	0.0 	0.0 	0.0 	0.0 	0.0 	0.0 	0.1 	0.0 	0.0 	0.0 	0.0 	0.0 	0.0 	0.0 	0.0 	0.1 	0.3 	0.0 	0.0 	0.0 
A,MIO_IMP_VAL,SITC6_8,GT,EU27_2020	7.9 	7.7 	7.2 	7.5 	10.1 	9.9 	14.6 	13.9 	14.0 	15.2 	19.0 	12.5 	27.8 	71.5 	46.5 	84.7 	107.1 	128.7 	100.5 	113.9 	113.4 	41.6 	31.4 	33.9 
A,MIO_IMP_VAL,SITC6_8,GU,EU27_2020	0.6 	0.8 	1.0 	0.2 	0.5 	0.2 	0.5 	0.6 	0.2 	0.3 	0.4 	0.3 	0.3 	0.3 	0.2 	0.3 	0.3 	0.5 	0.4 	1.6 	1.4 	1.1 	3.0 	0.7 
A,MIO_IMP_VAL,SITC6_8,GW,EU27_2020	0.0 	0.0 	0.1 	0.0 	0.1 	0.1 	0.2 	0.4 	0.0 	0.2 	0.0 	0.0 	0.2 	0.1 	0.1 	0.0 	0.0 	0.1 	0.1 	0.0 	0.0 	0.0 	0.5 	0.1 
A,MIO_IMP_VAL,SITC6_8,GY,EU27_2020	19.8 	36.5 	34.3 	20.6 	24.7 	20.5 	17.6 	7.4 	5.8 	8.4 	11.0 	7.0 	8.0 	13.5 	10.7 	9.2 	12.4 	8.9 	3.1 	4.9 	9.8 	7.8 	6.9 	5.5 
A,MIO_IMP_VAL,SITC6_8,HK,EU27_2020	3865.8 	3147.7 	3301.2 	3405.8 	4354.3 	3613.1 	3449.1 	2761.3 	2892.7 	3206.0 	3223.4 	3064.7 	3327.7 	4259.0 	2718.7 	2494.3 	2813.3 	2571.7 	2108.2 	2223.4 	2172.1 	2813.4 	1816.1 	1866.8 
A,MIO_IMP_VAL,SITC6_8,HM,EU27_2020	0.0 	0.0 	0.1 	0.0 	0.0 	0.0 	0.1 	0.0 	0.0 	0.0 	0.0 	0.0 	0.0 	0.0 	0.0 	0.0 	0.0 	0.0 	0.0 	0.0 	0.0 	0.0 	0.1 	0.0 
A,MIO_IMP_VAL,SITC6_8,HN,EU27_2020	20.7 	21.6 	21.7 	17.5 	27.6 	19.0 	27.6 	22.0 	22.4 	38.8 	34.3 	22.1 	32.4 	39.8 	42.9 	45.9 	41.8 	56.7 	47.7 	59.7 	77.9 	77.3 	60.1 	65.3 
A,MIO_IMP_VAL,SITC6_8,HT,EU27_2020	1.4 	1.9 	2.3 	4.3 	6.4 	9.5 	8.9 	4.1 	2.5 	2.5 	5.4 	9.1 	8.6 	7.0 	9.2 	12.7 	10.2 	10.0 	7.2 	5.3 	6.7 	5.3 	3.2 	2.5 
A,MIO_IMP_VAL,SITC6_8,ID,EU27_2020	4123.7 	3886.5 	3821.9 	3757.0 	4130.5 	4331.1 	4186.9 	3607.9 	4344.2 	4782.0 	4662.0 	4322.2 	4587.5 	5222.0 	5170.0 	5323.5 	5279.4 	5714.1 	5086.6 	6242.3 	8966.8 	6496.2 	6642.5 	8338.5 
A,MIO_IMP_VAL,SITC6_8,IL,EU27_2020	3109.2 	2528.9 	2861.7 	3310.8 	3185.3 	3909.4 	3355.6 	2178.0 	2808.9 	3218.0 	2766.9 	2744.1 	2832.3 	2711.8 	2869.9 	2886.0 	2762.5 	2696.3 	2439.2 	2948.6 	3505.1 	3457.6 	3246.8 	2996.1 
A,MIO_IMP_VAL,SITC6_8,IN,EU27_2020	7086.4 	7241.6 	8191.3 	9318.6 	11234.3 	12626.9 	12902.5 	10353.9 	12508.7 	15180.4 	13225.4 	13459.6 	14858.1 	15674.4 	15911.9 	17887.9 	18351.7 	17800.1 	14450.7 	21855.2 	29825.3 	24648.4 	23358.5 	23612.0 
A,MIO_IMP_VAL,SITC6_8,IO,EU27_2020	0.3 	0.1 	0.2 	0.0 	0.1 	0.0 	0.1 	0.0 	0.0 	0.0 	0.0 	0.0 	0.0 	0.1 	0.1 	0.3 	0.0 	0.3 	0.2 	0.0 	0.2 	0.1 	0.2 	0.2 
A,MIO_IMP_VAL,SITC6_8,IQ,EU27_2020	0.3 	0.0 	0.2 	0.5 	0.6 	0.5 	0.3 	0.6 	0.3 	0.9 	10.7 	11.3 	15.5 	12.3 	9.1 	11.6 	5.0 	5.5 	3.2 	3.9 	3.9 	3.6 	5.2 	4.2 
A,MIO_IMP_VAL,SITC6_8,IR,EU27_2020	341.7 	329.3 	507.7 	482.2 	858.5 	603.2 	376.2 	276.7 	347.2 	254.0 	226.6 	166.4 	341.2 	478.6 	457.1 	290.7 	358.6 	194.0 	98.1 	214.4 	269.2 	203.2 	197.0 	179.3 
A,MIO_IMP_VAL,SITC6_8,IS,EU27_2020	452.6 	413.9 	448.2 	449.6 	618.9 	836.8 	1342.5 	962.0 	1418.6 	1591.2 	1432.1 	714.3 	1401.2 	754.4 	1219.9 	1693.0 	1758.1 	1107.4 	1383.7 	2048.7 	3024.7 	2441.8 	2420.9 	2448.1 
A,MIO_IMP_VAL,SITC6_8,JM,EU27_2020	78.3 	69.6 	63.6 	6.8 	1.4 	2.1 	4.4 	0.4 	0.4 	0.5 	1.5 	2.2 	1.7 	2.0 	3.4 	2.0 	1.7 	0.4 	0.2 	0.3 	0.4 	0.8 	0.6 	0.3 
A,MIO_IMP_VAL,SITC6_8,JO,EU27_2020	29.1 	29.1 	31.1 	39.5 	43.9 	45.9 	38.2 	29.7 	33.1 	31.7 	28.1 	36.5 	44.8 	55.9 	61.4 	60.6 	75.0 	81.5 	73.6 	113.9 	161.3 	162.5 	184.3 	332.4 
A,MIO_IMP_VAL,SITC6_8,JP,EU27_2020	10780.4 	9323.2 	9438.7 	9295.3 	9979.0 	11015.6 	11481.5 	9269.7 	10965.4 	11884.9 	11026.1 	9509.2 	9794.8 	10104.6 	10597.6 	10806.0 	11608.8 	12008.0 	10831.9 	12895.3 	15345.4 	15069.0 	13955.0 	13321.2 
A,MIO_IMP_VAL,SITC6_8,KE,EU27_2020	23.8 	22.9 	25.9 	27.5 	33.0 	33.2 	32.4 	14.5 	23.9 	33.4 	42.6 	45.1 	64.5 	59.2 	49.3 	42.6 	36.7 	32.2 	21.3 	46.7 	67.5 	68.9 	94.0 	106.2 
A,MIO_IMP_VAL,SITC6_8,KG,EU27_2020	4.1 	6.2 	11.8 	5.6 	3.2 	5.9 	3.2 	2.6 	6.1 	4.2 	6.1 	5.6 	4.8 	2.4 	3.4 	3.8 	3.7 	2.7 	3.0 	3.6 	14.4 	14.7 	15.8 	15.4 
A,MIO_IMP_VAL,SITC6_8,KH,EU27_2020	344.4 	342.6 	418.2 	395.5 	498.3 	489.5 	520.5 	494.3 	671.3 	1014.3 	1276.0 	1494.9 	1914.3 	2634.4 	3177.7 	3598.7 	3978.7 	4152.6 	3172.2 	3043.6 	4839.4 	4185.4 	4969.4 	5699.0 
A,MIO_IMP_VAL,SITC6_8,KI,EU27_2020	0.9 	0.3 	0.4 	0.1 	0.2 	0.0 	0.1 	0.1 	0.1 	0.2 	0.4 	0.0 	0.0 	0.0 	0.1 	0.1 	0.0 	0.0 	0.0 	0.0 	0.0 	0.0 	0.2 	0.0 
A,MIO_IMP_VAL,SITC6_8,KM,EU27_2020	0.2 	0.2 	0.3 	0.1 	0.0 	0.1 	0.0 	0.0 	0.0 	0.1 	0.1 	0.1 	0.1 	0.1 	0.2 	0.0 	0.0 	0.0 	0.0 	0.1 	0.0 	0.1 	0.2 	0.7 
A,MIO_IMP_VAL,SITC6_8,KN,EU27_2020	0.3 	0.4 	0.9 	0.5 	0.1 	0.3 	0.1 	0.2 	0.1 	0.1 	0.8 	3.0 	2.9 	3.9 	5.2 	6.0 	6.5 	5.0 	4.5 	2.5 	2.8 	2.6 	1.7 	3.1 
A,MIO_IMP_VAL,SITC6_8,KP,EU27_2020	29.2 	24.5 	22.8 	19.2 	21.8 	16.3 	15.8 	29.4 	26.4 	34.1 	13.5 	11.3 	9.6 	2.2 	2.5 	1.0 	0.2 	0.1 	0.0 	0.1 	0.3 	0.0 	0.1 	0.1 
A,MIO_IMP_VAL,SITC6_8,KR,EU27_2020	3357.4 	3279.8 	3533.0 	3739.5 	5215.6 	5780.9 	6221.9 	5420.3 	6086.9 	7370.1 	7549.5 	7326.2 	7416.9 	7764.9 	7918.8 	8248.3 	9053.3 	8548.9 	7901.1 	9904.9 	13803.8 	12742.8 	13733.6 	14771.5 
A,MIO_IMP_VAL,SITC6_8,KW,EU27_2020	18.2 	15.6 	31.6 	17.4 	9.2 	10.1 	9.8 	10.3 	11.8 	18.4 	16.6 	18.0 	13.9 	13.6 	15.5 	55.0 	31.0 	34.0 	30.7 	24.9 	34.2 	51.7 	60.9 	50.6 
A,MIO_IMP_VAL,SITC6_8,KY,EU27_2020	0.2 	0.1 	0.6 	1.2 	0.5 	0.8 	1.2 	4.0 	0.2 	0.2 	0.2 	1.1 	0.3 	1.3 	5.7 	2.8 	2.4 	0.8 	9.3 	1.0 	0.9 	1.2 	2.5 	1.9 
A,MIO_IMP_VAL,SITC6_8,KZ,EU27_2020	573.4 	369.8 	563.7 	774.7 	1560.9 	1324.0 	1390.2 	344.9 	554.6 	546.8 	389.1 	389.9 	337.3 	554.8 	579.4 	765.8 	744.8 	670.8 	501.8 	706.2 	1197.0 	1144.8 	777.8 	794.1 
A,MIO_IMP_VAL,SITC6_8,LA,EU27_2020	111.0 	98.5 	100.9 	97.5 	91.7 	83.1 	75.5 	70.2 	84.2 	96.6 	101.4 	133.8 	117.9 	123.6 	139.5 	157.0 	170.5 	213.5 	209.1 	226.8 	344.9 	305.3 	323.6 	342.4 
A,MIO_IMP_VAL,SITC6_8,LB,EU27_2020	91.6 	89.8 	75.2 	75.1 	79.9 	100.3 	118.5 	107.0 	122.8 	160.0 	134.8 	105.7 	95.5 	129.3 	126.8 	142.3 	149.3 	146.7 	121.0 	135.5 	165.1 	167.6 	145.2 	178.6 
A,MIO_IMP_VAL,SITC6_8,LC,EU27_2020	0.5 	0.4 	0.9 	0.5 	0.5 	0.7 	0.3 	0.3 	0.2 	0.3 	0.4 	0.5 	0.3 	0.5 	0.3 	0.4 	0.3 	0.4 	0.2 	0.2 	0.3 	0.3 	0.3 	0.5 
A,MIO_IMP_VAL,SITC6_8,LI,EU27_2020	348.2 	344.0 	356.9 	377.9 	395.8 	727.9 	458.0 	368.5 	388.1 	402.0 	402.6 	407.3 	406.9 	411.1 	436.7 	446.7 	406.2 	334.9 	306.2 	406.9 	379.5 	1396.2 	391.1 	378.5 
A,MIO_IMP_VAL,SITC6_8,LK,EU27_2020	655.4 	667.4 	670.0 	703.9 	866.7 	968.3 	992.4 	940.0 	1060.2 	1271.4 	1323.3 	1160.0 	1247.3 	1329.7 	1292.3 	1389.5 	1527.0 	1670.3 	1444.6 	1776.2 	2269.0 	1838.5 	1865.7 	1956.4 
A,MIO_IMP_VAL,SITC6_8,LR,EU27_2020	1.3 	2.6 	2.2 	0.6 	4.7 	0.6 	1.8 	4.5 	10.3 	5.6 	4.8 	5.2 	10.1 	8.1 	7.3 	7.0 	10.6 	9.9 	6.5 	8.9 	8.3 	8.0 	9.1 	5.3 
A,MIO_IMP_VAL,SITC6_8,LS,EU27_2020	6.7 	4.1 	22.1 	51.7 	61.9 	121.6 	166.8 	99.1 	137.5 	241.5 	218.6 	185.3 	245.7 	252.0 	205.2 	267.6 	340.7 	289.5 	264.4 	216.0 	290.2 	281.2 	264.7 	115.5 
A,MIO_IMP_VAL,SITC6_8,LY,EU27_2020	95.5 	93.6 	163.7 	136.0 	183.7 	222.2 	171.8 	54.3 	99.3 	49.7 	21.9 	63.6 	60.5 	27.7 	27.7 	19.4 	25.8 	41.1 	17.6 	71.2 	94.2 	116.5 	154.0 	108.3 
A,MIO_IMP_VAL,SITC6_8,MA,EU27_2020	2701.4 	2628.1 	2579.0 	2530.0 	2718.2 	2990.8 	2846.4 	2456.9 	2728.7 	2994.2 	2894.9 	2851.5 	3118.0 	3175.3 	3552.4 	3877.9 	4010.0 	4176.0 	3400.3 	4036.4 	4798.9 	4482.8 	4669.4 	4879.0 
A,MIO_IMP_VAL,SITC6_8,MD,EU27_2020	200.8 	243.2 	336.8 	243.2 	299.3 	458.6 	491.2 	267.6 	292.2 	383.1 	383.5 	384.4 	486.6 	490.1 	505.8 	600.3 	727.9 	656.0 	622.8 	806.2 	891.5 	838.4 	799.4 	765.0 
A,MIO_IMP_VAL,SITC6_8,ME,EU27_2020	: 	: 	: 	: 	258.3 	318.0 	230.5 	104.7 	141.0 	163.8 	177.8 	99.2 	83.2 	64.4 	68.9 	61.5 	89.8 	81.9 	69.2 	83.5 	99.3 	131.1 	73.3 	44.6 
A,MIO_IMP_VAL,SITC6_8,MED_X_HR,EU27_2020	23853.7 	24557.8 	26738.6 	28785.4 	32992.4 	38524.4 	37031.7 	28500.4 	33795.6 	38544.0 	35419.9 	36186.1 	38187.7 	39848.7 	41980.0 	46496.3 	51099.3 	51429.7 	46405.7 	60446.8 	76621.6 	68668.0 	68395.9 	70118.5 
A,MIO_IMP_VAL,SITC6_8,MG,EU27_2020	154.2 	142.3 	172.9 	197.3 	230.4 	238.1 	227.6 	203.5 	198.4 	251.3 	276.3 	382.4 	460.0 	505.1 	465.2 	507.5 	521.4 	471.7 	384.3 	369.5 	535.4 	556.3 	517.0 	433.7 
A,MIO_IMP_VAL,SITC6_8,MH,EU27_2020	0.1 	0.0 	0.0 	0.2 	0.1 	0.3 	0.2 	4.2 	1.4 	0.0 	0.1 	0.2 	0.2 	0.3 	20.4 	1.6 	5.1 	2.1 	1.4 	0.8 	1.4 	0.2 	0.3 	0.6 
A,MIO_IMP_VAL,SITC6_8,MK,EU27_2020	479.3 	531.1 	642.7 	818.6 	1013.6 	1478.6 	1393.2 	877.1 	1019.4 	1122.9 	934.9 	978.4 	1018.4 	1007.0 	1020.7 	1092.3 	1192.3 	1145.5 	1043.0 	1219.4 	1529.4 	1448.4 	1424.7 	1521.0 
A,MIO_IMP_VAL,SITC6_8,ML,EU27_2020	10.6 	5.3 	4.7 	3.7 	3.2 	3.1 	3.5 	3.4 	4.5 	6.0 	12.1 	7.9 	8.5 	9.4 	5.8 	5.3 	5.2 	4.3 	1.5 	1.5 	6.1 	5.4 	2.0 	6.8 
A,MIO_IMP_VAL,SITC6_8,MM,EU27_2020	246.3 	229.5 	280.2 	165.4 	193.3 	156.0 	129.3 	114.6 	117.4 	116.2 	93.9 	130.5 	230.3 	452.2 	734.7 	1196.4 	1866.4 	2596.7 	2344.6 	2028.0 	3837.6 	3041.9 	2685.0 	2666.5 
A,MIO_IMP_VAL,SITC6_8,MN,EU27_2020	6.7 	7.4 	15.7 	20.9 	17.6 	29.1 	7.8 	6.1 	12.1 	15.7 	10.8 	13.5 	14.3 	19.2 	18.4 	17.9 	15.0 	18.0 	16.5 	15.5 	21.3 	33.9 	17.7 	14.7 
A,MIO_IMP_VAL,SITC6_8,MO,EU27_2020	545.0 	539.8 	582.9 	284.1 	388.7 	337.8 	149.2 	53.6 	30.8 	32.3 	39.5 	26.9 	23.1 	24.2 	15.4 	53.3 	57.0 	49.6 	21.6 	21.0 	19.9 	40.1 	60.2 	72.7 
A,MIO_IMP_VAL,SITC6_8,MP,EU27_2020	0.1 	0.1 	0.2 	0.5 	0.9 	1.0 	0.9 	0.3 	0.0 	0.0 	0.0 	0.0 	0.0 	0.0 	0.0 	0.1 	0.1 	0.1 	0.1 	0.0 	0.0 	0.1 	0.2 	0.1 
A,MIO_IMP_VAL,SITC6_8,MR,EU27_2020	1.4 	1.0 	1.0 	0.6 	2.0 	1.3 	1.8 	0.9 	0.4 	0.6 	0.8 	0.7 	2.1 	7.3 	1.1 	1.0 	4.6 	1.1 	0.8 	0.7 	6.6 	1.8 	1.4 	1.1 
A,MIO_IMP_VAL,SITC6_8,MS,EU27_2020	0.1 	0.1 	0.4 	0.2 	0.4 	0.2 	0.1 	0.0 	0.0 	0.0 	0.1 	0.0 	0.1 	0.3 	0.5 	0.8 	0.6 	0.6 	0.5 	2.0 	0.1 	0.0 	0.3 	0.1 
A,MIO_IMP_VAL,SITC6_8,MU,EU27_2020	599.0 	497.5 	455.2 	405.6 	412.8 	389.2 	347.0 	288.4 	276.9 	269.6 	283.5 	272.6 	264.3 	253.4 	244.8 	248.4 	258.0 	242.7 	184.7 	199.4 	230.0 	215.1 	181.2 	164.2 
A,MIO_IMP_VAL,SITC6_8,MV,EU27_2020	5.4 	0.7 	0.4 	0.2 	0.1 	0.1 	0.0 	0.0 	0.0 	0.2 	0.1 	0.3 	0.2 	0.8 	0.1 	0.7 	0.7 	1.7 	0.3 	0.3 	0.3 	2.1 	0.5 	0.4 
A,MIO_IMP_VAL,SITC6_8,MW,EU27_2020	0.7 	0.5 	0.2 	0.3 	0.5 	0.2 	0.5 	0.2 	0.2 	0.1 	0.1 	0.2 	0.4 	0.3 	0.3 	0.5 	0.5 	0.8 	0.6 	0.6 	0.6 	0.4 	0.4 	0.3 
A,MIO_IMP_VAL,SITC6_8,MX,EU27_2020	616.1 	697.8 	694.5 	1153.7 	1416.2 	1878.9 	1853.5 	1522.2 	1846.4 	2134.0 	2419.0 	2369.0 	2717.1 	3249.9 	3673.5 	3860.1 	4153.2 	4544.7 	3953.2 	4814.2 	5679.0 	5671.7 	5778.8 	5636.3 
A,MIO_IMP_VAL,SITC6_8,MY,EU27_2020	1775.6 	1711.6 	1811.8 	1706.8 	2221.6 	2471.5 	2439.6 	1985.4 	2561.8 	2844.0 	2958.2 	2974.9 	3043.9 	3465.7 	3503.4 	3949.5 	4267.4 	4563.1 	5010.8 	6950.7 	6978.2 	6003.6 	6098.3 	5952.7 
A,MIO_IMP_VAL,SITC6_8,MZ,EU27_2020	444.5 	445.9 	666.8 	789.4 	940.1 	1045.0 	598.9 	482.6 	1053.5 	932.5 	838.6 	842.2 	832.7 	844.9 	792.3 	940.9 	1030.1 	1011.2 	893.0 	783.7 	1878.6 	1250.6 	1226.5 	1651.2 
A,MIO_IMP_VAL,SITC6_8,NA,EU27_2020	20.5 	26.9 	40.9 	87.1 	231.1 	345.8 	98.8 	116.8 	342.4 	500.5 	413.5 	366.5 	420.2 	433.1 	550.5 	711.5 	752.1 	584.8 	671.1 	600.3 	706.0 	466.2 	553.2 	247.0 
A,MIO_IMP_VAL,SITC6_8,NC,EU27_2020	125.8 	120.7 	115.1 	149.9 	281.4 	420.5 	178.1 	112.6 	144.1 	198.2 	140.8 	125.7 	120.3 	118.0 	83.3 	91.1 	132.4 	113.2 	97.1 	122.9 	147.4 	122.6 	103.9 	34.9 
A,MIO_IMP_VAL,SITC6_8,NE,EU27_2020	2.0 	2.0 	1.1 	0.7 	0.7 	1.1 	1.5 	1.1 	0.9 	1.7 	1.8 	1.8 	1.6 	1.9 	1.2 	1.9 	0.9 	1.3 	3.6 	1.4 	1.9 	1.5 	0.7 	1.2 
A,MIO_IMP_VAL,SITC6_8,NF,EU27_2020	0.0 	0.0 	0.0 	0.0 	0.0 	0.0 	0.0 	0.0 	0.0 	0.0 	0.0 	0.0 	0.0 	0.0 	0.0 	0.0 	0.0 	0.0 	0.0 	0.0 	0.0 	0.0 	0.0 	0.0 
A,MIO_IMP_VAL,SITC6_8,NG,EU27_2020	166.6 	151.0 	157.0 	139.3 	131.3 	168.8 	132.2 	108.3 	178.8 	190.5 	190.8 	189.5 	173.0 	167.3 	147.0 	158.4 	149.8 	124.2 	87.6 	91.5 	113.3 	68.5 	48.2 	48.1 
A,MIO_IMP_VAL,SITC6_8,NI,EU27_2020	3.0 	2.6 	3.4 	2.5 	3.2 	5.4 	7.8 	4.1 	8.9 	25.8 	26.0 	20.4 	24.1 	19.5 	21.5 	25.8 	24.1 	26.8 	22.2 	22.4 	43.4 	38.7 	41.1 	32.5 
A,MIO_IMP_VAL,SITC6_8,NO,EU27_2020	5538.1 	5546.0 	6289.6 	6501.2 	7959.0 	8680.3 	8424.4 	5401.0 	6837.5 	7333.8 	7051.8 	6137.0 	6001.4 	6691.0 	6151.1 	7106.2 	7477.3 	7046.9 	6419.6 	8400.5 	11518.7 	9450.9 	9405.8 	9407.3 
A,MIO_IMP_VAL,SITC6_8,NP,EU27_2020	82.1 	70.2 	75.9 	71.8 	68.1 	66.4 	67.0 	58.8 	66.8 	72.2 	67.2 	63.3 	65.9 	68.9 	66.6 	64.3 	61.2 	62.0 	47.1 	62.1 	85.5 	89.1 	82.6 	79.5 
A,MIO_IMP_VAL,SITC6_8,NR,EU27_2020	0.1 	0.0 	0.0 	0.0 	0.1 	0.0 	0.0 	0.1 	0.0 	0.1 	0.0 	0.0 	0.4 	0.2 	0.0 	0.0 	0.0 	0.0 	0.0 	0.1 	0.0 	0.0 	0.0 	0.1 
A,MIO_IMP_VAL,SITC6_8,NU,EU27_2020	0.1 	0.0 	0.1 	0.1 	0.0 	0.0 	0.0 	0.0 	0.0 	0.0 	0.0 	0.0 	0.0 	0.0 	0.0 	0.0 	0.0 	0.0 	0.0 	0.1 	0.0 	0.0 	0.0 	0.0 
A,MIO_IMP_VAL,SITC6_8,NZ,EU27_2020	164.3 	172.7 	193.9 	184.0 	218.7 	236.6 	260.0 	186.3 	226.6 	298.2 	247.5 	260.3 	296.3 	318.3 	305.8 	306.2 	282.2 	291.9 	364.2 	352.8 	404.8 	354.8 	372.8 	484.6 
A,MIO_IMP_VAL,SITC6_8,OCE_PLR,EU27_2020	1487.8 	1314.1 	1357.4 	1328.7 	1724.1 	2227.3 	1532.5 	1063.8 	1292.4 	1682.1 	1354.4 	1209.3 	1271.6 	1287.0 	1178.4 	1249.4 	1636.5 	1394.9 	1420.3 	1793.5 	2483.5 	2496.1 	2014.3 	2068.7 
A,MIO_IMP_VAL,SITC6_8,OM,EU27_2020	15.0 	17.1 	26.1 	17.5 	25.7 	22.0 	18.4 	12.1 	18.6 	59.2 	32.3 	46.3 	34.9 	69.8 	49.9 	55.0 	171.5 	105.2 	90.6 	153.8 	396.1 	288.7 	416.3 	389.7 
A,MIO_IMP_VAL,SITC6_8,OPEC,EU27_2020	2185.2 	2510.6 	3166.2 	3221.8 	4201.3 	4369.5 	3860.7 	2399.3 	3569.3 	4777.7 	4677.9 	4577.1 	5031.1 	5965.9 	5181.8 	5322.5 	5603.4 	4484.5 	3181.1 	5390.2 	8053.6 	6440.5 	5286.5 	5495.6 
A,MIO_IMP_VAL,SITC6_8,PA,EU27_2020	19.1 	13.1 	12.7 	10.1 	33.0 	14.2 	13.2 	14.3 	9.7 	16.2 	23.1 	34.3 	54.2 	86.8 	103.4 	70.7 	55.8 	56.7 	57.9 	39.3 	25.3 	28.9 	39.9 	51.4 
A,MIO_IMP_VAL,SITC6_8,PE,EU27_2020	267.1 	287.3 	465.8 	510.0 	885.8 	1118.4 	859.3 	563.9 	885.3 	1106.0 	733.0 	644.6 	652.0 	721.0 	638.2 	758.0 	757.1 	665.9 	585.4 	744.9 	984.2 	987.9 	958.5 	963.7 
A,MIO_IMP_VAL,SITC6_8,PF,EU27_2020	14.6 	8.0 	12.8 	10.7 	8.6 	9.9 	12.2 	9.2 	10.4 	12.3 	8.1 	7.1 	12.5 	10.7 	9.1 	7.8 	8.7 	7.5 	5.6 	6.1 	8.6 	9.3 	7.4 	6.0 
A,MIO_IMP_VAL,SITC6_8,PG,EU27_2020	1.2 	1.7 	2.3 	1.0 	1.1 	2.8 	4.1 	10.1 	9.3 	7.1 	2.1 	1.9 	10.2 	1.4 	1.2 	1.7 	2.1 	1.9 	5.2 	2.8 	4.1 	3.5 	4.1 	4.7 
A,MIO_IMP_VAL,SITC6_8,PH,EU27_2020	742.4 	729.8 	799.0 	684.6 	911.5 	827.0 	791.9 	564.2 	715.7 	792.3 	831.7 	889.3 	1046.5 	1243.3 	1205.6 	1052.6 	1167.0 	1096.7 	992.4 	1103.5 	1372.1 	1146.8 	1052.5 	1103.8 
A,MIO_IMP_VAL,SITC6_8,PK,EU27_2020	1949.2 	2042.6 	2209.1 	2066.1 	2326.2 	2479.7 	2456.2 	2247.9 	2663.5 	3230.9 	2763.1 	3034.0 	3718.6 	4269.4 	4538.2 	4881.8 	4952.5 	5251.5 	4788.1 	5835.5 	8165.0 	6685.6 	7183.4 	7666.3 
A,MIO_IMP_VAL,SITC6_8,PM,EU27_2020	0.3 	0.2 	0.2 	0.2 	0.2 	0.0 	0.1 	0.1 	0.1 	0.1 	0.0 	0.0 	0.1 	0.2 	0.1 	0.2 	0.3 	0.3 	0.3 	0.3 	0.1 	0.0 	0.2 	0.1 
A,MIO_IMP_VAL,SITC6_8,PN,EU27_2020	0.2 	0.2 	0.1 	0.0 	0.5 	0.2 	0.0 	0.0 	0.0 	0.0 	0.0 	0.0 	0.1 	0.0 	0.0 	0.0 	0.0 	0.0 	0.0 	0.0 	0.0 	1.4 	0.8 	0.0 
A,MIO_IMP_VAL,SITC6_8,PS,EU27_2020	1.2 	0.5 	0.6 	3.0 	3.6 	3.2 	1.2 	0.7 	0.4 	0.5 	0.4 	0.6 	0.5 	0.5 	1.5 	0.7 	0.3 	0.8 	0.8 	1.1 	0.8 	0.8 	2.0 	2.4 
A,MIO_IMP_VAL,SITC6_8,PW,EU27_2020	0.0 	0.0 	0.0 	0.0 	0.0 	0.0 	0.0 	0.0 	0.1 	0.0 	0.0 	0.0 	0.0 	0.0 	0.0 	0.0 	0.0 	0.0 	0.0 	0.0 	0.0 	0.0 	0.0 	0.0 
A,MIO_IMP_VAL,SITC6_8,PY,EU27_2020	44.4 	37.4 	28.9 	18.1 	25.6 	23.9 	19.3 	11.4 	23.3 	26.1 	48.2 	67.1 	92.0 	94.1 	66.2 	71.3 	52.4 	31.9 	23.8 	43.3 	48.6 	33.6 	34.9 	42.7 
A,MIO_IMP_VAL,SITC6_8,QA,EU27_2020	11.3 	13.7 	26.0 	14.0 	5.8 	14.7 	17.9 	13.1 	27.3 	19.5 	23.1 	20.5 	48.6 	58.5 	37.9 	59.4 	87.6 	68.0 	83.4 	76.8 	160.3 	181.8 	181.9 	258.5 
A,MIO_IMP_VAL,SITC6_8,RS,EU27_2020	: 	: 	: 	: 	1599.7 	2080.5 	2243.8 	1523.1 	2054.1 	2304.6 	1921.8 	2041.4 	2352.5 	2756.0 	2953.2 	3680.2 	4231.4 	4310.2 	3810.2 	4772.9 	5923.7 	6054.4 	6523.0 	7073.8 
A,MIO_IMP_VAL,SITC6_8,RS_ME,EU27_2020	744.0 	837.3 	980.1 	1232.7 	: 	: 	: 	: 	: 	: 	: 	: 	: 	: 	: 	: 	: 	: 	: 	: 	: 	: 	: 	: 
A,MIO_IMP_VAL,SITC6_8,RU,EU27_2020	6698.1 	7387.2 	9589.7 	10471.3 	13287.0 	14790.6 	13704.5 	7698.9 	12320.7 	13851.0 	13008.4 	12026.6 	13545.1 	13913.2 	14394.7 	16781.5 	19131.6 	16317.4 	13115.5 	21046.7 	18470.8 	7045.0 	4824.8 	4115.3 
A,MIO_IMP_VAL,SITC6_8,RW,EU27_2020	2.3 	0.8 	0.9 	0.4 	0.5 	0.7 	0.5 	0.3 	0.2 	2.4 	1.9 	0.2 	0.8 	0.8 	1.1 	1.0 	1.6 	2.8 	5.1 	7.5 	14.6 	15.0 	19.8 	24.6 
A,MIO_IMP_VAL,SITC6_8,SA,EU27_2020	161.4 	156.4 	136.9 	102.9 	88.5 	109.2 	109.7 	84.7 	95.3 	110.0 	103.1 	109.9 	130.4 	241.6 	245.9 	225.9 	370.5 	262.7 	180.4 	521.7 	744.2 	658.6 	642.3 	765.1 
A,MIO_IMP_VAL,SITC6_8,SB,EU27_2020	0.1 	0.0 	0.1 	0.3 	0.1 	0.0 	0.1 	0.0 	0.0 	0.0 	0.0 	0.0 	0.1 	0.2 	0.1 	0.0 	0.4 	0.0 	0.1 	0.0 	0.0 	0.0 	0.2 	0.0 
A,MIO_IMP_VAL,SITC6_8,SC,EU27_2020	0.4 	2.2 	1.8 	3.2 	10.3 	2.5 	1.3 	1.5 	2.7 	2.0 	1.6 	1.9 	1.5 	2.4 	2.7 	2.5 	1.9 	2.2 	1.2 	2.9 	4.2 	2.3 	2.1 	1.6 
A,MIO_IMP_VAL,SITC6_8,SD,EU27_2020	14.1 	8.8 	4.2 	2.7 	3.5 	4.5 	3.2 	3.1 	3.4 	4.0 	4.1 	5.0 	11.0 	8.3 	7.6 	10.5 	12.0 	6.5 	5.4 	7.5 	3.8 	1.3 	0.6 	0.6 
A,MIO_IMP_VAL,SITC6_8,SG,EU27_2020	838.2 	770.3 	787.4 	828.7 	995.0 	1006.2 	1044.6 	914.4 	1188.4 	1388.9 	1682.1 	1810.1 	1940.9 	2168.7 	2351.7 	2674.8 	2848.6 	2963.4 	2993.2 	3166.0 	3484.7 	3354.3 	3434.6 	3410.6 
A,MIO_IMP_VAL,SITC6_8,SH,EU27_2020	0.1 	0.1 	0.2 	0.2 	0.1 	0.0 	0.5 	0.2 	0.1 	0.3 	0.1 	0.0 	0.0 	0.0 	0.2 	0.1 	0.1 	0.7 	0.0 	0.1 	0.0 	0.2 	0.1 	0.2 
A,MIO_IMP_VAL,SITC6_8,SL,EU27_2020	47.5 	80.6 	97.1 	103.7 	87.6 	86.0 	52.9 	43.8 	67.4 	71.0 	90.4 	91.8 	106.7 	88.6 	77.7 	76.8 	60.3 	54.2 	27.0 	39.0 	37.5 	28.6 	27.8 	9.0 
A,MIO_IMP_VAL,SITC6_8,SM,EU27_2020	49.5 	35.9 	34.0 	34.3 	31.2 	64.4 	57.7 	44.8 	34.6 	33.2 	29.4 	28.1 	25.0 	24.8 	28.9 	25.4 	24.0 	23.4 	21.1 	25.3 	24.9 	25.4 	32.5 	29.7 
A,MIO_IMP_VAL,SITC6_8,SN,EU27_2020	20.4 	14.8 	11.4 	10.2 	11.0 	11.1 	10.1 	9.5 	10.3 	10.9 	11.2 	11.1 	13.0 	15.3 	22.2 	15.2 	20.0 	15.9 	15.5 	26.3 	23.9 	25.9 	23.2 	21.1 
A,MIO_IMP_VAL,SITC6_8,SO,EU27_2020	1.6 	0.5 	0.2 	0.2 	0.6 	0.6 	0.3 	0.0 	0.6 	1.1 	0.8 	0.5 	0.3 	0.3 	0.8 	0.3 	0.0 	0.1 	0.1 	0.1 	0.1 	0.1 	0.1 	0.6 
A,MIO_IMP_VAL,SITC6_8,SR,EU27_2020	3.5 	0.8 	1.0 	0.6 	0.7 	2.9 	0.7 	1.3 	3.1 	2.5 	3.5 	3.8 	5.0 	3.5 	3.1 	2.2 	2.7 	2.6 	1.4 	1.4 	0.9 	1.1 	1.5 	0.9 
A,MIO_IMP_VAL,SITC6_8,SS,EU27_2020	: 	: 	: 	: 	: 	: 	: 	: 	: 	: 	: 	0.0 	0.0 	0.0 	0.1 	0.0 	0.0 	0.1 	0.1 	0.0 	0.0 	0.6 	0.0 	0.0 
A,MIO_IMP_VAL,SITC6_8,ST,EU27_2020	0.4 	0.7 	0.3 	0.1 	0.1 	0.0 	0.1 	0.2 	0.1 	0.0 	0.1 	0.0 	0.0 	0.0 	0.0 	0.1 	0.3 	0.1 	0.4 	0.3 	0.1 	0.1 	0.2 	0.7 
A,MIO_IMP_VAL,SITC6_8,SV,EU27_2020	6.1 	7.6 	7.8 	10.1 	34.6 	30.2 	33.8 	12.7 	14.3 	22.4 	21.3 	27.2 	10.5 	26.7 	30.9 	21.0 	16.2 	16.0 	12.7 	18.6 	33.9 	39.1 	31.8 	37.1 
A,MIO_IMP_VAL,SITC6_8,SX,EU27_2020	: 	: 	: 	: 	: 	: 	: 	: 	: 	: 	: 	0.6 	0.5 	1.1 	1.2 	1.0 	1.9 	2.9 	2.2 	1.5 	1.9 	1.2 	1.5 	1.3 
A,MIO_IMP_VAL,SITC6_8,SY,EU27_2020	237.6 	226.9 	218.0 	179.7 	180.6 	191.0 	169.6 	125.9 	159.3 	221.2 	109.3 	33.3 	12.6 	9.2 	7.3 	7.3 	6.5 	7.0 	7.9 	10.6 	14.7 	19.4 	7.9 	8.3 
A,MIO_IMP_VAL,SITC6_8,SZ,EU27_2020	7.2 	8.3 	5.7 	2.0 	3.4 	2.7 	1.5 	0.9 	0.8 	0.8 	0.9 	0.8 	0.8 	0.7 	1.4 	1.3 	0.4 	0.5 	0.7 	1.0 	1.2 	1.7 	2.2 	2.8 
A,MIO_IMP_VAL,SITC6_8,TC,EU27_2020	4.7 	3.2 	4.4 	1.2 	1.5 	0.8 	0.4 	0.1 	0.1 	0.1 	0.1 	0.1 	0.0 	0.1 	0.1 	0.3 	0.1 	0.1 	0.2 	0.1 	0.2 	0.0 	0.2 	0.5 
A,MIO_IMP_VAL,SITC6_8,TD,EU27_2020	0.9 	0.6 	0.5 	0.1 	0.1 	0.0 	0.3 	0.6 	0.5 	0.3 	0.3 	0.6 	0.4 	0.7 	0.3 	0.2 	0.5 	0.2 	0.4 	0.5 	1.1 	0.2 	0.1 	0.2 
A,MIO_IMP_VAL,SITC6_8,TF,EU27_2020	0.0 	0.1 	0.2 	0.1 	0.0 	0.0 	0.0 	0.1 	0.0 	0.2 	2.0 	0.3 	0.0 	0.1 	0.0 	0.0 	0.1 	0.1 	0.1 	0.2 	0.6 	0.1 	0.1 	0.0 
A,MIO_IMP_VAL,SITC6_8,TG,EU27_2020	7.5 	7.4 	12.2 	3.6 	2.8 	2.6 	1.8 	1.5 	1.4 	2.9 	1.7 	1.6 	1.8 	2.3 	1.8 	2.0 	1.9 	2.5 	2.1 	2.6 	2.4 	3.3 	1.9 	3.2 
A,MIO_IMP_VAL,SITC6_8,TH,EU27_2020	3300.5 	3180.4 	3390.3 	3432.6 	3898.8 	4238.7 	4106.7 	3596.7 	4250.8 	4456.1 	4194.6 	4147.9 	4504.2 	4775.2 	4850.2 	5026.4 	5165.1 	5244.4 	4585.9 	5496.5 	7062.7 	6195.4 	6201.3 	6690.9 
A,MIO_IMP_VAL,SITC6_8,TJ,EU27_2020	184.9 	191.9 	152.4 	73.0 	205.0 	219.7 	158.5 	66.9 	44.6 	58.2 	106.9 	76.0 	55.4 	53.1 	85.8 	38.1 	42.5 	40.4 	82.5 	155.2 	134.7 	152.0 	284.4 	547.3 
A,MIO_IMP_VAL,SITC6_8,TK,EU27_2020	3.1 	2.7 	0.6 	0.7 	0.3 	0.4 	0.6 	0.8 	0.6 	0.6 	0.8 	0.2 	0.1 	0.1 	0.2 	0.4 	0.2 	0.3 	0.8 	1.2 	0.5 	0.6 	0.6 	0.6 
A,MIO_IMP_VAL,SITC6_8,TL,EU27_2020	0.4 	0.1 	0.3 	0.1 	0.0 	0.0 	0.0 	0.0 	0.0 	0.0 	0.1 	0.1 	0.0 	0.0 	0.0 	0.0 	0.0 	0.1 	0.1 	0.1 	0.0 	0.1 	0.1 	0.1 
A,MIO_IMP_VAL,SITC6_8,TM,EU27_2020	25.0 	19.8 	30.6 	27.2 	30.3 	18.5 	15.6 	14.5 	22.4 	23.4 	27.7 	37.8 	25.1 	21.4 	14.4 	10.3 	9.8 	10.4 	10.8 	12.8 	14.8 	8.1 	7.5 	7.0 
A,MIO_IMP_VAL,SITC6_8,TN,EU27_2020	3802.4 	3661.4 	3565.3 	3469.5 	3659.5 	4025.4 	4149.4 	3587.2 	3927.1 	4067.3 	3647.9 	3504.0 	3609.7 	3656.0 	3732.5 	3878.8 	4157.2 	4215.4 	3738.5 	4256.6 	5268.8 	5464.0 	5199.8 	5312.4 
A,MIO_IMP_VAL,SITC6_8,TO,EU27_2020	0.1 	0.1 	0.1 	0.1 	0.2 	0.2 	0.0 	0.1 	0.0 	0.0 	0.3 	0.1 	0.0 	0.0 	0.1 	0.0 	0.1 	0.0 	0.0 	0.1 	0.4 	0.5 	0.6 	0.3 
A,MIO_IMP_VAL,SITC6_8,TR,EU27_2020	11511.7 	12761.4 	14211.4 	14924.5 	16773.9 	19364.9 	18411.5 	14735.6 	17115.7 	20028.1 	19000.3 	19821.1 	20822.8 	22040.9 	23136.1 	25560.6 	28666.1 	29114.6 	26839.8 	35698.8 	45972.4 	38731.6 	38564.2 	39167.3 
A,MIO_IMP_VAL,SITC6_8,TT,EU27_2020	13.1 	35.2 	49.3 	25.5 	23.5 	34.3 	28.3 	28.6 	127.6 	168.5 	68.6 	95.4 	141.2 	109.5 	12.8 	13.5 	8.9 	14.2 	8.0 	19.4 	24.8 	23.8 	21.2 	1.4 
A,MIO_IMP_VAL,SITC6_8,TV,EU27_2020	0.2 	0.2 	0.1 	0.4 	0.3 	0.0 	0.2 	0.0 	0.0 	0.1 	0.0 	0.2 	0.0 	0.0 	0.0 	0.0 	0.0 	0.0 	0.0 	0.0 	0.0 	0.0 	0.0 	0.2 
A,MIO_IMP_VAL,SITC6_8,TW,EU27_2020	3957.9 	3882.2 	4278.8 	4448.8 	5137.9 	5358.7 	4751.0 	3678.8 	4812.9 	5406.2 	5047.7 	5079.7 	5782.6 	5900.2 	6278.1 	6697.0 	7210.1 	6972.2 	6326.7 	8735.5 	12330.8 	9758.9 	9264.4 	9131.8 
A,MIO_IMP_VAL,SITC6_8,TZ,EU27_2020	29.3 	13.3 	15.5 	9.6 	22.4 	16.6 	13.7 	29.0 	29.6 	63.2 	47.1 	51.0 	78.2 	75.8 	115.1 	108.2 	113.3 	90.0 	46.0 	111.0 	137.0 	211.2 	65.7 	116.8 
A,MIO_IMP_VAL,SITC6_8,UA,EU27_2020	2139.3 	2166.8 	3554.0 	3850.7 	4752.7 	5121.5 	5595.0 	2622.3 	4237.1 	5534.1 	4250.6 	4371.9 	4332.2 	4019.0 	4264.6 	5087.6 	5702.0 	5532.5 	4981.5 	8588.6 	6363.6 	5205.5 	5549.8 	5981.4 
A,MIO_IMP_VAL,SITC6_8,UG,EU27_2020	10.6 	4.7 	8.1 	6.6 	6.7 	17.4 	23.6 	6.0 	16.5 	4.8 	7.2 	10.1 	22.6 	17.6 	12.0 	13.8 	7.7 	5.4 	3.3 	4.5 	6.5 	8.2 	6.9 	7.2 
A,MIO_IMP_VAL,SITC6_8,UK,EU27_2020	36353.8 	34012.6 	36570.2 	38244.9 	40763.6 	44449.0 	40995.3 	31400.3 	35920.1 	40139.5 	38471.0 	37721.8 	38095.4 	40764.7 	40053.3 	41688.5 	42266.9 	43455.1 	38128.0 	30613.0 	34344.6 	32889.3 	32375.1 	31101.5 
A,MIO_IMP_VAL,SITC6_8,UM,EU27_2020	0.8 	0.8 	0.2 	0.1 	0.1 	0.0 	0.0 	0.1 	0.1 	0.1 	0.1 	2.4 	2.4 	0.3 	0.1 	0.1 	1.3 	1.0 	1.7 	1.2 	0.8 	1.4 	3.6 	2.0 
A,MIO_IMP_VAL,SITC6_8,US,EU27_2020	26023.4 	22781.5 	22979.4 	24593.8 	27378.6 	27918.7 	28089.9 	23825.7 	27035.4 	28567.2 	29345.1 	29057.6 	30441.0 	36266.5 	35002.4 	36988.7 	37858.6 	39690.5 	35521.4 	38612.0 	47410.0 	48821.5 	48491.3 	48768.1 
A,MIO_IMP_VAL,SITC6_8,USMCA,EU27_2020	28694.7 	25482.0 	25543.1 	27688.4 	31031.1 	33012.3 	32862.8 	27153.5 	31162.7 	33101.0 	33891.6 	33871.8 	36056.4 	42322.0 	41133.4 	43416.6 	45216.5 	47485.3 	42443.8 	47454.8 	57988.8 	58793.1 	58382.1 	59239.4 
A,MIO_IMP_VAL,SITC6_8,UY,EU27_2020	93.0 	133.6 	128.8 	105.6 	110.7 	133.3 	103.4 	66.7 	81.7 	126.4 	141.7 	127.5 	129.5 	129.3 	116.1 	98.2 	71.0 	46.1 	32.6 	41.4 	60.5 	67.8 	60.2 	50.6 
A,MIO_IMP_VAL,SITC6_8,UZ,EU27_2020	100.6 	110.7 	129.6 	119.8 	181.7 	205.8 	123.0 	86.7 	76.7 	92.2 	41.8 	47.0 	48.1 	41.7 	42.5 	61.9 	72.3 	101.8 	99.9 	184.5 	299.5 	283.3 	266.8 	288.5 
A,MIO_IMP_VAL,SITC6_8,VA,EU27_2020	2.1 	0.6 	1.3 	0.6 	0.5 	0.5 	0.4 	0.4 	0.5 	1.2 	1.5 	1.2 	0.8 	0.6 	1.4 	0.5 	0.6 	0.6 	0.6 	0.6 	0.9 	4.5 	0.8 	0.3 
A,MIO_IMP_VAL,SITC6_8,VC,EU27_2020	0.2 	0.2 	0.0 	0.1 	0.1 	0.1 	0.0 	0.2 	0.0 	0.2 	0.1 	0.0 	0.1 	0.1 	0.3 	0.1 	0.2 	0.5 	0.4 	0.1 	0.3 	0.3 	0.2 	0.0 
A,MIO_IMP_VAL,SITC6_8,VE,EU27_2020	389.5 	340.6 	412.1 	537.7 	612.9 	808.2 	574.4 	326.6 	375.4 	500.5 	373.1 	228.0 	160.5 	247.9 	104.0 	198.6 	163.8 	117.3 	48.7 	83.8 	162.4 	136.9 	136.8 	257.8 
A,MIO_IMP_VAL,SITC6_8,VG,EU27_2020	12.3 	8.4 	3.2 	2.8 	4.0 	1.2 	1.6 	2.0 	5.0 	2.2 	3.9 	3.5 	9.9 	2.2 	6.3 	4.1 	6.5 	2.6 	1.5 	1.3 	0.3 	0.2 	0.3 	0.6 
A,MIO_IMP_VAL,SITC6_8,VI,EU27_2020	4.6 	1.7 	1.8 	0.8 	0.6 	0.4 	0.3 	0.2 	0.4 	0.1 	0.4 	1.0 	1.1 	1.2 	0.6 	0.5 	0.9 	0.9 	0.6 	0.9 	0.9 	2.0 	0.9 	0.5 
A,MIO_IMP_VAL,SITC6_8,VN,EU27_2020	3130.7 	3058.9 	3235.8 	3305.9 	3875.3 	4286.8 	4680.1 	4185.5 	4943.8 	5324.2 	5816.8 	5970.0 	7398.4 	9244.0 	9872.1 	11061.0 	11601.0 	12736.9 	12112.7 	14519.5 	22917.2 	19876.4 	22257.4 	23972.5 
A,MIO_IMP_VAL,SITC6_8,VU,EU27_2020	0.1 	0.1 	0.3 	0.1 	0.4 	0.2 	0.2 	0.1 	0.1 	0.1 	0.1 	0.0 	0.0 	0.1 	0.1 	0.1 	0.0 	0.0 	0.4 	0.1 	0.0 	0.1 	0.1 	0.4 
A,MIO_IMP_VAL,SITC6_8,WBC,EU27_2020	1316.3 	1450.4 	1714.8 	2773.4 	4450.4 	5676.9 	5831.2 	4122.3 	5226.9 	5908.4 	5332.2 	5581.8 	6066.6 	6570.1 	7036.7 	8212.6 	9231.2 	9148.2 	8186.4 	10352.6 	13037.7 	12623.7 	12661.4 	13296.0 
A,MIO_IMP_VAL,SITC6_8,WF,EU27_2020	0.1 	0.2 	0.0 	0.1 	0.0 	0.0 	0.0 	0.0 	0.0 	0.0 	0.0 	0.0 	0.0 	0.1 	0.0 	0.1 	0.0 	0.6 	0.1 	0.0 	0.1 	0.8 	0.0 	0.0 
A,MIO_IMP_VAL,SITC6_8,WS,EU27_2020	2.1 	1.3 	1.0 	0.5 	0.1 	0.1 	0.1 	0.3 	0.4 	0.6 	0.1 	0.0 	0.1 	0.3 	0.4 	0.1 	0.2 	0.3 	0.1 	0.3 	0.2 	0.1 	0.1 	0.1 
A,MIO_IMP_VAL,SITC6_8,XK,EU27_2020	: 	: 	: 	: 	3.8 	18.3 	59.6 	53.6 	92.1 	102.3 	81.5 	77.0 	56.3 	55.0 	30.9 	31.4 	41.7 	69.2 	89.2 	151.6 	159.4 	166.5 	190.3 	185.5 
A,MIO_IMP_VAL,SITC6_8,YE,EU27_2020	5.0 	3.9 	1.6 	1.3 	1.3 	3.4 	3.4 	1.4 	2.8 	9.7 	2.5 	2.0 	1.1 	1.1 	0.7 	1.4 	3.6 	0.9 	0.2 	0.3 	0.2 	0.3 	0.1 	0.2 
A,MIO_IMP_VAL,SITC6_8,YT,EU27_2020	0.6 	0.3 	0.4 	0.7 	0.2 	0.3 	0.4 	0.3 	0.3 	0.2 	0.2 	0.4 	: 	: 	: 	: 	: 	: 	: 	: 	: 	: 	: 	: 
A,MIO_IMP_VAL,SITC6_8,ZA,EU27_2020	2669.5 	2666.8 	3307.3 	3513.2 	4061.7 	4822.6 	4591.3 	2302.2 	3585.6 	3821.7 	3173.6 	2981.8 	2994.8 	3236.6 	3343.2 	3982.2 	4119.6 	3438.1 	3059.5 	5543.0 	6527.1 	4818.5 	4585.5 	4816.3 
A,MIO_IMP_VAL,SITC6_8,ZM,EU27_2020	48.9 	55.0 	108.3 	101.4 	274.2 	335.7 	250.9 	91.5 	40.2 	251.3 	198.3 	242.9 	192.8 	312.2 	309.6 	256.9 	352.3 	304.5 	182.6 	244.8 	366.7 	211.3 	133.0 	192.7 
A,MIO_IMP_VAL,SITC6_8,ZW,EU27_2020	111.1 	101.0 	114.7 	112.3 	142.3 	136.5 	123.2 	52.2 	118.9 	152.3 	157.0 	121.9 	163.5 	75.4 	62.7 	124.1 	161.0 	115.2 	160.1 	167.8 	153.4 	97.8 	100.3 	96.1 
A,PC_EXP_PART,SITC6_8,ACP,EU27_2020	2.0 	2.0 	1.8 	1.8 	1.9 	2.0 	2.4 	2.5 	2.3 	2.2 	2.3 	2.3 	2.4 	2.3 	2.0 	1.9 	1.8 	1.8 	1.8 	1.8 	1.7 	1.8 	1.7 	1.7 
A,PC_EXP_PART,SITC6_8,AD,EU27_2020	0.2 	0.2 	0.2 	0.1 	0.1 	0.1 	0.1 	0.1 	0.1 	0.1 	0.1 	0.1 	0.1 	0.1 	0.1 	0.1 	0.1 	0.1 	0.1 	0.1 	0.1 	0.1 	0.1 	0.1 
A,PC_EXP_PART,SITC6_8,AE,EU27_2020	1.4 	1.4 	1.4 	1.6 	1.7 	1.9 	2.3 	2.0 	1.9 	2.0 	2.0 	2.2 	2.3 	2.3 	2.3 	2.1 	1.9 	1.8 	1.6 	1.8 	2.0 	2.2 	2.3 	2.5 
A,PC_EXP_PART,SITC6_8,AF,EU27_2020	0.0 	0.0 	0.0 	0.0 	0.0 	0.0 	0.0 	0.0 	0.0 	0.0 	0.0 	0.0 	0.0 	0.0 	0.0 	0.0 	0.0 	0.0 	0.0 	0.0 	0.0 	0.0 	0.0 	0.0 
A,PC_EXP_PART,SITC6_8,AFR,EU27_2020	6.2 	6.2 	6.0 	5.9 	6.1 	6.5 	7.5 	8.5 	7.9 	7.1 	7.2 	7.3 	7.3 	7.1 	6.8 	6.4 	6.2 	6.2 	5.8 	5.8 	5.9 	6.0 	6.0 	6.2 
A,PC_EXP_PART,SITC6_8,AG,EU27_2020	0.0 	0.0 	0.0 	0.0 	0.0 	0.0 	0.0 	0.0 	0.0 	0.0 	0.0 	0.0 	0.0 	0.0 	0.0 	0.0 	0.0 	0.0 	0.0 	0.0 	0.0 	0.0 	0.0 	0.0 
A,PC_EXP_PART,SITC6_8,AI,EU27_2020	0.0 	0.0 	0.0 	0.0 	0.0 	0.0 	0.0 	0.0 	0.0 	0.0 	0.0 	0.0 	0.0 	0.0 	0.0 	0.0 	0.0 	0.0 	0.0 	0.0 	0.0 	0.0 	0.0 	0.0 
A,PC_EXP_PART,SITC6_8,AL,EU27_2020	0.2 	0.2 	0.2 	0.2 	0.2 	0.2 	0.2 	0.3 	0.2 	0.2 	0.2 	0.2 	0.2 	0.2 	0.3 	0.2 	0.2 	0.2 	0.2 	0.3 	0.3 	0.3 	0.3 	0.3 
A,PC_EXP_PART,SITC6_8,AM,EU27_2020	0.1 	0.1 	0.1 	0.1 	0.1 	0.1 	0.1 	0.1 	0.1 	0.1 	0.1 	0.1 	0.1 	0.1 	0.1 	0.1 	0.1 	0.1 	0.1 	0.1 	0.1 	0.1 	0.1 	0.1 
A,PC_EXP_PART,SITC6_8,AME,EU27_2020	24.9 	23.2 	23.0 	22.8 	22.0 	20.1 	19.1 	18.0 	19.6 	19.2 	19.9 	19.8 	20.3 	21.8 	21.4 	21.7 	22.7 	22.9 	22.4 	24.4 	26.8 	26.3 	26.3 	26.5 
A,PC_EXP_PART,SITC6_8,AME_LAT,EU27_2020	4.1 	3.7 	3.7 	4.0 	4.1 	4.2 	4.5 	4.2 	4.9 	5.0 	5.2 	5.2 	4.9 	5.0 	4.7 	4.9 	5.1 	4.9 	4.5 	5.0 	5.3 	5.5 	5.5 	5.7 
A,PC_EXP_PART,SITC6_8,AN,EU27_2020	0.1 	0.0 	0.0 	0.0 	0.0 	0.0 	0.0 	0.0 	0.0 	0.0 	0.0 	: 	: 	: 	: 	: 	: 	: 	: 	: 	: 	: 	: 	: 
A,PC_EXP_PART,SITC6_8,AO,EU27_2020	0.1 	0.1 	0.1 	0.2 	0.3 	0.3 	0.4 	0.5 	0.4 	0.4 	0.4 	0.4 	0.5 	0.3 	0.2 	0.2 	0.1 	0.1 	0.1 	0.1 	0.1 	0.1 	0.2 	0.2 
A,PC_EXP_PART,SITC6_8,AQ,EU27_2020	0.0 	0.0 	0.0 	0.0 	0.0 	0.0 	0.0 	0.0 	0.0 	0.0 	0.0 	0.0 	0.0 	0.0 	0.0 	0.0 	0.0 	0.0 	0.0 	0.0 	0.0 	0.0 	0.0 	0.0 
A,PC_EXP_PART,SITC6_8,AR,EU27_2020	0.2 	0.2 	0.3 	0.3 	0.3 	0.3 	0.3 	0.3 	0.4 	0.4 	0.4 	0.4 	0.3 	0.4 	0.3 	0.4 	0.3 	0.3 	0.2 	0.3 	0.3 	0.3 	0.3 	0.3 
A,PC_EXP_PART,SITC6_8,AS,EU27_2020	0.0 	0.0 	0.0 	0.0 	0.0 	0.0 	0.0 	0.0 	0.0 	0.0 	0.0 	0.0 	0.0 	0.0 	0.0 	0.0 	0.0 	0.0 	0.0 	0.0 	0.0 	0.0 	0.0 	0.0 
A,PC_EXP_PART,SITC6_8,ASEAN,EU27_2020	2.6 	2.6 	2.6 	2.6 	2.6 	2.5 	2.6 	2.8 	2.9 	3.0 	3.0 	3.2 	3.0 	3.1 	3.2 	3.2 	3.3 	3.3 	3.1 	3.0 	3.4 	3.6 	3.2 	3.2 
A,PC_EXP_PART,SITC6_8,ASI,EU27_2020	23.4 	23.8 	24.0 	24.7 	24.5 	24.0 	24.3 	26.5 	26.9 	27.5 	27.6 	28.0 	28.1 	28.3 	28.6 	28.4 	28.2 	27.4 	27.8 	27.9 	27.3 	28.0 	27.9 	27.4 
A,PC_EXP_PART,SITC6_8,AU,EU27_2020	1.3 	1.4 	1.4 	1.3 	1.3 	1.3 	1.4 	1.4 	1.4 	1.4 	1.4 	1.4 	1.3 	1.3 	1.3 	1.3 	1.3 	1.2 	1.4 	1.4 	1.3 	1.3 	1.3 	1.3 
A,PC_EXP_PART,SITC6_8,AW,EU27_2020	0.0 	0.0 	0.0 	0.0 	0.0 	0.0 	0.0 	0.0 	0.0 	0.0 	0.0 	0.0 	0.0 	0.0 	0.0 	0.0 	0.0 	0.0 	0.0 	0.0 	0.0 	0.0 	0.0 	0.0 
A,PC_EXP_PART,SITC6_8,AZ,EU27_2020	0.1 	0.1 	0.1 	0.1 	0.1 	0.1 	0.1 	0.1 	0.1 	0.2 	0.2 	0.2 	0.2 	0.2 	0.1 	0.1 	0.1 	0.1 	0.1 	0.1 	0.1 	0.1 	0.1 	0.1 
A,PC_EXP_PART,SITC6_8,BA,EU27_2020	0.4 	0.4 	0.4 	0.4 	0.4 	0.4 	0.4 	0.4 	0.4 	0.4 	0.4 	0.4 	0.4 	0.4 	0.4 	0.4 	0.5 	0.4 	0.4 	0.5 	0.5 	0.5 	0.5 	0.5 
A,PC_EXP_PART,SITC6_8,BB,EU27_2020	0.0 	0.0 	0.0 	0.0 	0.0 	0.0 	0.0 	0.0 	0.0 	0.0 	0.0 	0.0 	0.0 	0.0 	0.0 	0.0 	0.0 	0.0 	0.0 	0.0 	0.0 	0.0 	0.0 	0.0 
A,PC_EXP_PART,SITC6_8,BD,EU27_2020	0.0 	0.0 	0.0 	0.1 	0.0 	0.0 	0.0 	0.1 	0.1 	0.1 	0.1 	0.1 	0.1 	0.1 	0.1 	0.1 	0.1 	0.1 	0.1 	0.1 	0.1 	0.1 	0.1 	0.1 
A,PC_EXP_PART,SITC6_8,BF,EU27_2020	0.0 	0.0 	0.0 	0.0 	0.0 	0.0 	0.0 	0.0 	0.0 	0.0 	0.0 	0.0 	0.0 	0.0 	0.0 	0.0 	0.0 	0.0 	0.0 	0.0 	0.0 	0.0 	0.0 	0.0 
A,PC_EXP_PART,SITC6_8,BH,EU27_2020	0.1 	0.1 	0.1 	0.1 	0.1 	0.1 	0.1 	0.1 	0.1 	0.1 	0.1 	0.1 	0.1 	0.1 	0.1 	0.1 	0.1 	0.1 	0.1 	0.1 	0.1 	0.1 	0.1 	0.1 
A,PC_EXP_PART,SITC6_8,BI,EU27_2020	0.0 	0.0 	0.0 	0.0 	0.0 	0.0 	0.0 	0.0 	0.0 	0.0 	0.0 	0.0 	0.0 	0.0 	0.0 	0.0 	0.0 	0.0 	0.0 	0.0 	0.0 	0.0 	0.0 	0.0 
A,PC_EXP_PART,SITC6_8,BJ,EU27_2020	0.1 	0.1 	0.0 	0.0 	0.0 	0.0 	0.0 	0.1 	0.0 	0.0 	0.0 	0.0 	0.0 	0.0 	0.0 	0.0 	0.0 	0.0 	0.0 	0.0 	0.0 	0.0 	0.0 	0.0 
A,PC_EXP_PART,SITC6_8,BL,EU27_2020	: 	: 	: 	: 	: 	: 	: 	: 	: 	: 	: 	0.0 	0.0 	0.0 	0.0 	0.0 	0.0 	0.0 	0.0 	0.0 	0.0 	0.0 	0.0 	0.0 
A,PC_EXP_PART,SITC6_8,BM,EU27_2020	0.0 	0.0 	0.0 	0.0 	0.0 	0.0 	0.0 	0.0 	0.0 	0.0 	0.0 	0.0 	0.0 	0.0 	0.0 	0.0 	0.0 	0.0 	0.0 	0.0 	0.0 	0.0 	0.0 	0.0 
A,PC_EXP_PART,SITC6_8,BN,EU27_2020	0.0 	0.0 	0.0 	0.0 	0.0 	0.0 	0.0 	0.0 	0.0 	0.0 	0.0 	0.0 	0.0 	0.0 	0.0 	0.0 	0.0 	0.0 	0.0 	0.0 	0.0 	0.0 	0.0 	0.0 
A,PC_EXP_PART,SITC6_8,BO,EU27_2020	0.0 	0.0 	0.0 	0.0 	0.0 	0.0 	0.0 	0.0 	0.0 	0.0 	0.0 	0.0 	0.0 	0.0 	0.0 	0.0 	0.0 	0.0 	0.0 	0.0 	0.0 	0.0 	0.0 	0.0 
A,PC_EXP_PART,SITC6_8,BQ,EU27_2020	: 	: 	: 	: 	: 	: 	: 	: 	: 	: 	: 	0.0 	0.0 	0.0 	0.0 	0.0 	0.0 	0.0 	0.0 	0.0 	0.0 	0.0 	0.0 	0.0 
A,PC_EXP_PART,SITC6_8,BR,EU27_2020	0.9 	0.8 	0.9 	0.9 	1.0 	1.1 	1.3 	1.3 	1.6 	1.6 	1.6 	1.6 	1.5 	1.2 	1.0 	1.1 	1.2 	1.1 	1.1 	1.2 	1.3 	1.4 	1.4 	1.4 
A,PC_EXP_PART,SITC6_8,BS,EU27_2020	0.0 	0.0 	0.0 	0.0 	0.0 	0.0 	0.0 	0.0 	0.0 	0.0 	0.0 	0.0 	0.0 	0.0 	0.0 	0.0 	0.0 	0.0 	0.0 	0.0 	0.0 	0.0 	0.0 	0.0 
A,PC_EXP_PART,SITC6_8,BT,EU27_2020	0.0 	0.0 	0.0 	0.0 	0.0 	0.0 	0.0 	0.0 	0.0 	0.0 	0.0 	0.0 	0.0 	0.0 	0.0 	0.0 	0.0 	0.0 	0.0 	0.0 	0.0 	0.0 	0.0 	0.0 
A,PC_EXP_PART,SITC6_8,BV,EU27_2020	0.0 	0.0 	0.0 	0.0 	0.0 	0.0 	0.0 	0.0 	0.0 	0.0 	0.0 	0.0 	0.0 	0.0 	0.0 	0.0 	0.0 	0.0 	0.0 	0.0 	0.0 	0.0 	0.0 	0.0 
A,PC_EXP_PART,SITC6_8,BW,EU27_2020	0.0 	0.0 	0.0 	0.0 	0.0 	0.0 	0.0 	0.0 	0.0 	0.0 	0.0 	0.0 	0.0 	0.0 	0.0 	0.0 	0.0 	0.0 	0.1 	0.1 	0.0 	0.0 	0.0 	0.0 
A,PC_EXP_PART,SITC6_8,BY,EU27_2020	0.2 	0.2 	0.2 	0.3 	0.3 	0.3 	0.4 	0.4 	0.4 	0.4 	0.4 	0.4 	0.4 	0.3 	0.3 	0.3 	0.3 	0.3 	0.3 	0.3 	0.2 	0.2 	0.2 	0.1 
A,PC_EXP_PART,SITC6_8,BZ,EU27_2020	0.0 	0.0 	0.0 	0.0 	0.0 	0.0 	0.0 	0.0 	0.0 	0.0 	0.0 	0.0 	0.0 	0.0 	0.0 	0.0 	0.0 	0.0 	0.0 	0.0 	0.0 	0.0 	0.0 	0.0 
A,PC_EXP_PART,SITC6_8,CA,EU27_2020	1.8 	1.7 	1.7 	1.7 	1.7 	1.5 	1.4 	1.4 	1.4 	1.4 	1.3 	1.3 	1.3 	1.4 	1.4 	1.5 	1.6 	1.7 	1.8 	1.8 	1.8 	1.8 	1.8 	2.0 
A,PC_EXP_PART,SITC6_8,CC,EU27_2020	0.0 	0.0 	0.0 	0.0 	0.0 	0.0 	0.0 	0.0 	0.0 	0.0 	0.0 	0.0 	0.0 	0.0 	0.0 	0.0 	0.0 	0.0 	0.0 	0.0 	0.0 	0.0 	0.0 	0.0 
A,PC_EXP_PART,SITC6_8,CC9_23,EU27_2020	4.3 	4.8 	5.4 	6.1 	6.7 	7.4 	7.6 	7.0 	7.2 	7.2 	7.0 	7.2 	6.7 	6.4 	6.6 	6.9 	6.7 	6.6 	7.0 	7.2 	7.7 	8.6 	9.6 	9.2 
A,PC_EXP_PART,SITC6_8,CD,EU27_2020	0.0 	0.0 	0.0 	0.0 	0.0 	0.0 	0.0 	0.0 	0.0 	0.0 	0.0 	0.0 	0.0 	0.0 	0.0 	0.0 	0.0 	0.0 	0.0 	0.0 	0.0 	0.1 	0.0 	0.0 
A,PC_EXP_PART,SITC6_8,CF,EU27_2020	0.0 	0.0 	0.0 	0.0 	0.0 	0.0 	0.0 	0.0 	0.0 	0.0 	0.0 	0.0 	0.0 	0.0 	0.0 	0.0 	0.0 	0.0 	0.0 	0.0 	0.0 	0.0 	0.0 	0.0 
A,PC_EXP_PART,SITC6_8,CG,EU27_2020	0.0 	0.0 	0.0 	0.0 	0.0 	0.1 	0.1 	0.1 	0.1 	0.1 	0.1 	0.1 	0.1 	0.1 	0.1 	0.0 	0.0 	0.0 	0.0 	0.0 	0.0 	0.0 	0.0 	0.0 
A,PC_EXP_PART,SITC6_8,CH,EU27_2020	8.7 	8.9 	8.8 	8.5 	8.6 	8.7 	9.0 	9.6 	9.3 	9.7 	9.4 	9.2 	9.2 	9.2 	9.4 	9.4 	9.7 	10.2 	10.5 	10.6 	10.4 	9.9 	9.2 	9.8 
A,PC_EXP_PART,SITC6_8,CI,EU27_2020	0.1 	0.1 	0.1 	0.1 	0.1 	0.1 	0.1 	0.1 	0.1 	0.1 	0.1 	0.1 	0.1 	0.1 	0.1 	0.1 	0.1 	0.1 	0.1 	0.1 	0.1 	0.1 	0.1 	0.1 
A,PC_EXP_PART,SITC6_8,CIS,EU27_2020	4.3 	4.6 	5.2 	5.8 	6.7 	7.6 	8.4 	6.9 	7.1 	7.5 	7.8 	7.8 	7.0 	5.2 	4.9 	5.2 	5.1 	5.2 	5.1 	4.8 	3.2 	2.9 	2.5 	2.3 
A,PC_EXP_PART,SITC6_8,CK,EU27_2020	0.0 	0.0 	0.0 	0.0 	0.0 	0.0 	0.0 	0.0 	0.0 	0.0 	0.0 	0.0 	0.0 	0.0 	0.0 	0.0 	0.0 	0.0 	0.0 	0.0 	0.0 	0.0 	0.0 	0.0 
A,PC_EXP_PART,SITC6_8,CL,EU27_2020	0.3 	0.3 	0.3 	0.3 	0.3 	0.3 	0.3 	0.3 	0.4 	0.4 	0.4 	0.4 	0.4 	0.4 	0.4 	0.4 	0.4 	0.4 	0.4 	0.4 	0.4 	0.4 	0.4 	0.4 
A,PC_EXP_PART,SITC6_8,CM,EU27_2020	0.1 	0.1 	0.1 	0.1 	0.1 	0.1 	0.1 	0.1 	0.1 	0.1 	0.1 	0.1 	0.1 	0.1 	0.1 	0.1 	0.1 	0.1 	0.1 	0.1 	0.1 	0.1 	0.0 	0.0 
A,PC_EXP_PART,SITC6_8,CN_X_HK,EU27_2020	2.4 	3.1 	3.1 	3.3 	3.6 	3.6 	3.8 	4.9 	5.2 	5.6 	5.8 	6.1 	6.1 	6.1 	6.4 	7.1 	7.4 	7.3 	8.7 	8.7 	7.6 	7.8 	7.6 	7.2 
A,PC_EXP_PART,SITC6_8,CO,EU27_2020	0.2 	0.2 	0.2 	0.2 	0.2 	0.2 	0.2 	0.2 	0.2 	0.3 	0.3 	0.3 	0.3 	0.3 	0.3 	0.3 	0.3 	0.3 	0.2 	0.3 	0.3 	0.3 	0.3 	0.4 
A,PC_EXP_PART,SITC6_8,CR,EU27_2020	0.1 	0.1 	0.1 	0.0 	0.1 	0.1 	0.1 	0.0 	0.0 	0.0 	0.0 	0.1 	0.1 	0.1 	0.1 	0.1 	0.1 	0.1 	0.1 	0.1 	0.1 	0.1 	0.1 	0.1 
A,PC_EXP_PART,SITC6_8,CU,EU27_2020	0.1 	0.1 	0.1 	0.1 	0.2 	0.1 	0.2 	0.1 	0.1 	0.1 	0.1 	0.1 	0.1 	0.1 	0.1 	0.1 	0.1 	0.1 	0.1 	0.1 	0.1 	0.1 	0.1 	0.0 
A,PC_EXP_PART,SITC6_8,CV,EU27_2020	0.0 	0.0 	0.0 	0.0 	0.0 	0.0 	0.0 	0.0 	0.0 	0.0 	0.0 	0.0 	0.0 	0.0 	0.0 	0.0 	0.0 	0.0 	0.0 	0.0 	0.0 	0.0 	0.0 	0.0 
A,PC_EXP_PART,SITC6_8,CW,EU27_2020	: 	: 	: 	: 	: 	: 	: 	: 	: 	: 	: 	0.0 	0.0 	0.0 	0.0 	0.0 	0.0 	0.0 	0.0 	0.0 	0.0 	0.0 	0.0 	0.0 
A,PC_EXP_PART,SITC6_8,CX,EU27_2020	0.0 	0.0 	0.0 	0.0 	0.0 	0.0 	0.0 	0.0 	0.0 	0.0 	0.0 	0.0 	0.0 	0.0 	0.0 	0.0 	0.0 	0.0 	0.0 	0.0 	0.0 	0.0 	0.0 	0.0 
A,PC_EXP_PART,SITC6_8,DAE,EU27_2020	7.1 	6.8 	6.8 	6.9 	6.9 	6.2 	6.0 	6.4 	6.9 	7.0 	7.1 	7.2 	7.3 	7.5 	7.6 	7.5 	7.5 	7.4 	7.2 	7.0 	7.0 	7.4 	7.1 	6.9 
A,PC_EXP_PART,SITC6_8,DJ,EU27_2020	0.0 	0.0 	0.0 	0.0 	0.0 	0.0 	0.0 	0.0 	0.0 	0.0 	0.0 	0.0 	0.0 	0.0 	0.0 	0.0 	0.0 	0.0 	0.0 	0.0 	0.0 	0.0 	0.0 	0.0 
A,PC_EXP_PART,SITC6_8,DM,EU27_2020	0.0 	0.0 	0.0 	0.0 	0.0 	0.0 	0.0 	0.0 	0.0 	0.0 	0.0 	0.0 	0.0 	0.0 	0.0 	0.0 	0.0 	0.0 	0.0 	0.0 	0.0 	0.0 	0.0 	0.0 
A,PC_EXP_PART,SITC6_8,DO,EU27_2020	0.1 	0.1 	0.1 	0.1 	0.1 	0.1 	0.1 	0.1 	0.1 	0.1 	0.1 	0.1 	0.1 	0.1 	0.1 	0.1 	0.1 	0.1 	0.1 	0.2 	0.2 	0.2 	0.2 	0.2 
A,PC_EXP_PART,SITC6_8,DZ,EU27_2020	0.6 	0.6 	0.6 	0.6 	0.7 	0.8 	1.2 	1.3 	1.2 	1.1 	1.2 	1.3 	1.3 	1.3 	1.1 	0.8 	0.8 	0.7 	0.6 	0.5 	0.5 	0.5 	0.5 	0.6 
A,PC_EXP_PART,SITC6_8,EC,EU27_2020	0.1 	0.1 	0.1 	0.1 	0.1 	0.1 	0.1 	0.1 	0.1 	0.1 	0.1 	0.1 	0.1 	0.1 	0.1 	0.1 	0.1 	0.1 	0.1 	0.1 	0.1 	0.1 	0.1 	0.1 
A,PC_EXP_PART,SITC6_8,EFTA,EU27_2020	12.2 	12.5 	12.4 	12.3 	12.5 	12.8 	13.0 	13.7 	13.0 	13.4 	13.1 	12.8 	12.8 	12.6 	12.8 	12.8 	13.1 	13.5 	14.1 	14.1 	13.9 	13.3 	12.6 	13.2 
A,PC_EXP_PART,SITC6_8,EG,EU27_2020	0.5 	0.5 	0.5 	0.5 	0.5 	0.6 	0.7 	0.9 	0.8 	0.6 	0.7 	0.6 	0.6 	0.7 	0.8 	0.7 	0.7 	0.7 	0.7 	0.7 	0.6 	0.6 	0.6 	0.6 
A,PC_EXP_PART,SITC6_8,EH,EU27_2020	: 	: 	: 	: 	: 	: 	: 	: 	: 	: 	: 	0.0 	0.0 	0.0 	0.0 	0.0 	0.0 	0.0 	0.0 	0.0 	0.0 	0.0 	0.0 	0.0 
A,PC_EXP_PART,SITC6_8,ER,EU27_2020	0.0 	0.0 	0.0 	0.0 	0.0 	0.0 	0.0 	0.0 	0.0 	0.0 	0.0 	0.0 	0.0 	0.0 	0.0 	0.0 	0.0 	0.0 	0.0 	0.0 	0.0 	0.0 	0.0 	0.0 
A,PC_EXP_PART,SITC6_8,ES630,EU27_2020	0.0 	0.0 	0.0 	0.0 	0.0 	0.0 	0.0 	0.0 	0.0 	0.0 	0.0 	0.0 	0.0 	0.0 	0.0 	0.0 	0.0 	0.0 	0.0 	0.0 	0.0 	0.0 	0.0 	0.0 
A,PC_EXP_PART,SITC6_8,ES640,EU27_2020	0.0 	0.0 	0.0 	0.0 	0.0 	0.0 	0.0 	0.0 	0.0 	0.0 	0.0 	0.0 	0.0 	0.0 	0.0 	0.0 	0.0 	0.0 	0.0 	0.0 	0.0 	0.0 	0.0 	0.0 
A,PC_EXP_PART,SITC6_8,ET,EU27_2020	0.0 	0.0 	0.0 	0.0 	0.0 	0.0 	0.0 	0.0 	0.0 	0.0 	0.0 	0.0 	0.0 	0.0 	0.1 	0.0 	0.0 	0.0 	0.1 	0.0 	0.0 	0.0 	0.0 	0.0 
A,PC_EXP_PART,SITC6_8,EUR_NEU27_2020,EU27_2020	42.4 	43.6 	43.5 	43.5 	44.7 	46.8 	46.4 	44.1 	42.8 	43.4 	42.7 	42.3 	41.8 	40.5 	40.8 	40.9 	40.5 	41.0 	41.5 	39.5 	37.7 	37.4 	37.3 	37.4 
A,PC_EXP_PART,SITC6_8,EXT_EU27_2020,EU27_2020	100.0 	100.0 	100.0 	100.0 	100.0 	100.0 	100.0 	100.0 	100.0 	100.0 	100.0 	100.0 	100.0 	100.0 	100.0 	100.0 	100.0 	100.0 	100.0 	100.0 	100.0 	100.0 	100.0 	100.0 
A,PC_EXP_PART,SITC6_8,FJ,EU27_2020	0.0 	0.0 	0.0 	0.0 	0.0 	0.0 	0.0 	0.0 	0.0 	0.0 	0.0 	0.0 	0.0 	0.0 	0.0 	0.0 	0.0 	0.0 	0.0 	0.0 	0.0 	0.0 	0.0 	0.0 
A,PC_EXP_PART,SITC6_8,FK,EU27_2020	0.0 	0.0 	0.0 	0.0 	0.0 	0.0 	0.0 	0.0 	0.0 	0.0 	0.0 	0.0 	0.0 	0.0 	0.0 	0.0 	0.0 	0.0 	0.0 	0.0 	0.0 	0.0 	0.0 	0.0 
A,PC_EXP_PART,SITC6_8,FM,EU27_2020	0.0 	0.0 	0.0 	0.0 	0.0 	0.0 	0.0 	0.0 	0.0 	0.0 	0.0 	0.0 	0.0 	0.0 	0.0 	0.0 	0.0 	0.0 	0.0 	0.0 	0.0 	0.0 	0.0 	0.0 
A,PC_EXP_PART,SITC6_8,FO,EU27_2020	0.0 	0.0 	0.0 	0.0 	0.0 	0.0 	0.0 	0.0 	0.0 	0.0 	0.0 	0.0 	0.0 	0.0 	0.0 	0.0 	0.0 	0.0 	0.0 	0.0 	0.0 	0.0 	0.1 	0.1 
A,PC_EXP_PART,SITC6_8,GA,EU27_2020	0.1 	0.0 	0.0 	0.1 	0.1 	0.1 	0.1 	0.1 	0.1 	0.1 	0.1 	0.1 	0.1 	0.1 	0.0 	0.0 	0.0 	0.0 	0.0 	0.0 	0.0 	0.0 	0.0 	0.0 
A,PC_EXP_PART,SITC6_8,GD,EU27_2020	0.0 	0.0 	0.0 	0.0 	0.0 	0.0 	0.0 	0.0 	0.0 	0.0 	0.0 	0.0 	0.0 	0.0 	0.0 	0.0 	0.0 	0.0 	0.0 	0.0 	0.0 	0.0 	0.0 	0.0 
A,PC_EXP_PART,SITC6_8,GE,EU27_2020	0.0 	0.0 	0.0 	0.0 	0.0 	0.1 	0.1 	0.1 	0.1 	0.1 	0.1 	0.1 	0.1 	0.1 	0.1 	0.1 	0.1 	0.1 	0.1 	0.1 	0.1 	0.1 	0.1 	0.1 
A,PC_EXP_PART,SITC6_8,GH,EU27_2020	0.1 	0.1 	0.1 	0.1 	0.1 	0.1 	0.1 	0.1 	0.1 	0.1 	0.1 	0.1 	0.1 	0.1 	0.1 	0.1 	0.1 	0.1 	0.1 	0.1 	0.1 	0.1 	0.1 	0.1 
A,PC_EXP_PART,SITC6_8,GI,EU27_2020	0.0 	0.0 	0.0 	0.0 	0.0 	0.0 	0.0 	0.0 	0.0 	0.0 	0.0 	0.0 	0.0 	0.0 	0.0 	0.0 	0.0 	0.0 	0.0 	0.0 	0.0 	0.0 	0.0 	0.0 
A,PC_EXP_PART,SITC6_8,GL,EU27_2020	0.0 	0.0 	0.0 	0.0 	0.0 	0.0 	0.0 	0.0 	0.0 	0.0 	0.0 	0.0 	0.0 	0.0 	0.0 	0.0 	0.0 	0.0 	0.0 	0.0 	0.0 	0.0 	0.0 	0.0 
A,PC_EXP_PART,SITC6_8,GM,EU27_2020	0.0 	0.0 	0.0 	0.0 	0.0 	0.0 	0.0 	0.0 	0.0 	0.0 	0.0 	0.0 	0.0 	0.0 	0.0 	0.0 	0.0 	0.0 	0.0 	0.0 	0.0 	0.0 	0.0 	0.0 
A,PC_EXP_PART,SITC6_8,GN,EU27_2020	0.0 	0.0 	0.0 	0.0 	0.0 	0.0 	0.0 	0.0 	0.0 	0.0 	0.0 	0.0 	0.0 	0.0 	0.0 	0.0 	0.0 	0.0 	0.0 	0.0 	0.0 	0.0 	0.0 	0.0 
A,PC_EXP_PART,SITC6_8,GQ,EU27_2020	0.0 	0.0 	0.0 	0.0 	0.0 	0.0 	0.0 	0.0 	0.1 	0.1 	0.1 	0.1 	0.1 	0.0 	0.0 	0.0 	0.0 	0.0 	0.0 	0.0 	0.0 	0.0 	0.0 	0.0 
A,PC_EXP_PART,SITC6_8,GS,EU27_2020	0.0 	0.0 	0.0 	0.0 	0.0 	0.0 	0.0 	0.0 	0.0 	0.0 	0.0 	0.0 	0.0 	0.0 	0.0 	0.0 	0.0 	0.0 	0.0 	0.0 	0.0 	0.0 	0.0 	0.0 
A,PC_EXP_PART,SITC6_8,GT,EU27_2020	0.0 	0.0 	0.0 	0.0 	0.0 	0.0 	0.0 	0.0 	0.0 	0.0 	0.0 	0.0 	0.0 	0.0 	0.0 	0.0 	0.1 	0.1 	0.0 	0.1 	0.1 	0.1 	0.1 	0.1 
A,PC_EXP_PART,SITC6_8,GU,EU27_2020	0.0 	0.0 	0.0 	0.0 	0.0 	0.0 	0.0 	0.0 	0.0 	0.0 	0.0 	0.0 	0.0 	0.0 	0.0 	0.0 	0.0 	0.0 	0.0 	0.0 	0.0 	0.0 	0.0 	0.0 
A,PC_EXP_PART,SITC6_8,GW,EU27_2020	0.0 	0.0 	0.0 	0.0 	0.0 	0.0 	0.0 	0.0 	0.0 	0.0 	0.0 	0.0 	0.0 	0.0 	0.0 	0.0 	0.0 	0.0 	0.0 	0.0 	0.0 	0.0 	0.0 	0.0 
A,PC_EXP_PART,SITC6_8,GY,EU27_2020	0.0 	0.0 	0.0 	0.0 	0.0 	0.0 	0.0 	0.0 	0.0 	0.0 	0.0 	0.0 	0.0 	0.0 	0.0 	0.0 	0.0 	0.0 	0.0 	0.0 	0.0 	0.0 	0.0 	0.0 
A,PC_EXP_PART,SITC6_8,HK,EU27_2020	2.5 	2.3 	2.2 	2.1 	2.1 	2.1 	1.9 	2.2 	2.5 	2.5 	2.5 	2.5 	2.7 	2.8 	2.7 	2.6 	2.5 	2.4 	2.1 	1.9 	1.7 	1.9 	1.8 	1.8 
A,PC_EXP_PART,SITC6_8,HM,EU27_2020	0.0 	0.0 	0.0 	0.0 	0.0 	0.0 	0.0 	0.0 	0.0 	0.0 	0.0 	0.0 	0.0 	0.0 	0.0 	0.0 	0.0 	0.0 	0.0 	0.0 	0.0 	0.0 	0.0 	0.0 
A,PC_EXP_PART,SITC6_8,HN,EU27_2020	0.0 	0.0 	0.0 	0.0 	0.0 	0.0 	0.0 	0.0 	0.0 	0.0 	0.0 	0.0 	0.0 	0.0 	0.0 	0.0 	0.0 	0.0 	0.0 	0.0 	0.0 	0.0 	0.0 	0.0 
A,PC_EXP_PART,SITC6_8,HT,EU27_2020	0.0 	0.0 	0.0 	0.0 	0.0 	0.0 	0.0 	0.0 	0.0 	0.0 	0.0 	0.0 	0.0 	0.0 	0.0 	0.0 	0.0 	0.0 	0.0 	0.0 	0.0 	0.0 	0.0 	0.0 
A,PC_EXP_PART,SITC6_8,ID,EU27_2020	0.3 	0.3 	0.3 	0.3 	0.3 	0.3 	0.3 	0.3 	0.3 	0.3 	0.4 	0.4 	0.3 	0.3 	0.3 	0.3 	0.3 	0.3 	0.3 	0.2 	0.3 	0.4 	0.3 	0.3 
A,PC_EXP_PART,SITC6_8,IL,EU27_2020	2.0 	1.6 	1.7 	1.6 	1.4 	1.4 	1.2 	1.1 	1.2 	1.2 	1.1 	1.1 	1.1 	1.1 	1.2 	1.1 	1.0 	1.0 	1.1 	1.2 	1.2 	1.0 	1.1 	1.1 
A,PC_EXP_PART,SITC6_8,IN,EU27_2020	2.1 	2.2 	2.3 	2.7 	2.4 	2.7 	2.6 	3.0 	3.4 	3.4 	3.1 	2.9 	3.0 	2.8 	3.0 	2.7 	2.7 	2.3 	1.9 	2.3 	2.3 	2.0 	2.0 	2.0 
A,PC_EXP_PART,SITC6_8,IO,EU27_2020	0.0 	0.0 	0.0 	0.0 	0.0 	0.0 	0.0 	0.0 	0.0 	0.0 	0.0 	0.0 	0.0 	0.0 	0.0 	0.0 	0.0 	0.0 	0.0 	0.0 	0.0 	0.0 	0.0 	0.0 
A,PC_EXP_PART,SITC6_8,IQ,EU27_2020	0.1 	0.1 	0.1 	0.1 	0.1 	0.0 	0.0 	0.1 	0.1 	0.1 	0.2 	0.3 	0.2 	0.2 	0.1 	0.1 	0.1 	0.1 	0.1 	0.1 	0.1 	0.2 	0.2 	0.2 
A,PC_EXP_PART,SITC6_8,IR,EU27_2020	0.5 	0.7 	0.8 	0.8 	0.7 	0.7 	0.7 	0.8 	0.6 	0.6 	0.4 	0.3 	0.2 	0.3 	0.4 	0.4 	0.3 	0.2 	0.1 	0.1 	0.1 	0.1 	0.1 	0.1 
A,PC_EXP_PART,SITC6_8,IS,EU27_2020	0.2 	0.2 	0.2 	0.2 	0.2 	0.2 	0.2 	0.1 	0.1 	0.1 	0.1 	0.1 	0.1 	0.1 	0.2 	0.2 	0.2 	0.2 	0.2 	0.2 	0.2 	0.2 	0.2 	0.2 
A,PC_EXP_PART,SITC6_8,JM,EU27_2020	0.0 	0.0 	0.0 	0.0 	0.0 	0.0 	0.0 	0.0 	0.0 	0.0 	0.0 	0.0 	0.0 	0.0 	0.0 	0.0 	0.0 	0.0 	0.0 	0.0 	0.0 	0.0 	0.0 	0.0 
A,PC_EXP_PART,SITC6_8,JO,EU27_2020	0.1 	0.2 	0.2 	0.2 	0.2 	0.1 	0.1 	0.2 	0.2 	0.1 	0.2 	0.2 	0.2 	0.2 	0.2 	0.2 	0.2 	0.1 	0.1 	0.1 	0.1 	0.1 	0.1 	0.1 
A,PC_EXP_PART,SITC6_8,JP,EU27_2020	3.9 	4.1 	3.9 	3.8 	3.5 	3.0 	2.8 	2.9 	2.9 	2.8 	3.0 	2.8 	2.7 	2.7 	2.8 	2.6 	2.7 	2.7 	2.7 	2.6 	2.5 	2.5 	2.8 	2.8 
A,PC_EXP_PART,SITC6_8,KE,EU27_2020	0.0 	0.0 	0.0 	0.0 	0.0 	0.1 	0.0 	0.1 	0.1 	0.1 	0.1 	0.1 	0.1 	0.1 	0.1 	0.1 	0.1 	0.1 	0.1 	0.1 	0.1 	0.0 	0.1 	0.0 
A,PC_EXP_PART,SITC6_8,KG,EU27_2020	0.0 	0.0 	0.0 	0.0 	0.0 	0.0 	0.0 	0.0 	0.0 	0.0 	0.0 	0.0 	0.0 	0.0 	0.0 	0.0 	0.0 	0.0 	0.0 	0.0 	0.0 	0.1 	0.1 	0.1 
A,PC_EXP_PART,SITC6_8,KH,EU27_2020	0.0 	0.0 	0.0 	0.0 	0.0 	0.0 	0.0 	0.0 	0.0 	0.0 	0.0 	0.0 	0.0 	0.0 	0.0 	0.0 	0.0 	0.0 	0.0 	0.0 	0.0 	0.0 	0.0 	0.0 
A,PC_EXP_PART,SITC6_8,KI,EU27_2020	0.0 	0.0 	0.0 	0.0 	0.0 	0.0 	0.0 	0.0 	0.0 	0.0 	0.0 	0.0 	0.0 	0.0 	0.0 	0.0 	0.0 	0.0 	0.0 	0.0 	0.0 	0.0 	0.0 	0.0 
A,PC_EXP_PART,SITC6_8,KM,EU27_2020	0.0 	0.0 	0.0 	0.0 	0.0 	0.0 	0.0 	0.0 	0.0 	0.0 	0.0 	0.0 	0.0 	0.0 	0.0 	0.0 	0.0 	0.0 	0.0 	0.0 	0.0 	0.0 	0.0 	0.0 
A,PC_EXP_PART,SITC6_8,KN,EU27_2020	0.0 	0.0 	0.0 	0.0 	0.0 	0.0 	0.0 	0.0 	0.0 	0.0 	0.0 	0.0 	0.0 	0.0 	0.0 	0.0 	0.0 	0.0 	0.0 	0.0 	0.0 	0.0 	0.0 	0.0 
A,PC_EXP_PART,SITC6_8,KP,EU27_2020	0.0 	0.0 	0.0 	0.0 	0.0 	0.0 	0.0 	0.0 	0.0 	0.0 	0.0 	0.0 	0.0 	0.0 	0.0 	0.0 	0.0 	0.0 	0.0 	0.0 	0.0 	0.0 	0.0 	0.0 
A,PC_EXP_PART,SITC6_8,KR,EU27_2020	1.6 	1.6 	1.6 	1.9 	1.8 	1.5 	1.5 	1.5 	1.6 	1.6 	1.7 	1.8 	1.8 	1.9 	1.9 	2.0 	2.0 	2.0 	2.1 	2.2 	2.2 	2.2 	2.2 	2.1 
A,PC_EXP_PART,SITC6_8,KW,EU27_2020	0.3 	0.3 	0.3 	0.2 	0.3 	0.3 	0.3 	0.3 	0.3 	0.2 	0.3 	0.3 	0.3 	0.3 	0.3 	0.3 	0.3 	0.3 	0.3 	0.3 	0.3 	0.2 	0.2 	0.2 
A,PC_EXP_PART,SITC6_8,KY,EU27_2020	0.0 	0.0 	0.0 	0.0 	0.0 	0.0 	0.0 	0.0 	0.0 	0.0 	0.0 	0.0 	0.0 	0.0 	0.0 	0.0 	0.0 	0.0 	0.0 	0.0 	0.0 	0.0 	0.0 	0.0 
A,PC_EXP_PART,SITC6_8,KZ,EU27_2020	0.2 	0.2 	0.3 	0.3 	0.3 	0.4 	0.4 	0.4 	0.4 	0.3 	0.4 	0.4 	0.3 	0.4 	0.3 	0.2 	0.2 	0.3 	0.2 	0.2 	0.4 	0.5 	0.4 	0.3 
A,PC_EXP_PART,SITC6_8,LA,EU27_2020	0.0 	0.0 	0.0 	0.0 	0.0 	0.0 	0.0 	0.0 	0.0 	0.0 	0.0 	0.0 	0.0 	0.0 	0.0 	0.0 	0.0 	0.0 	0.0 	0.0 	0.0 	0.0 	0.0 	0.0 
A,PC_EXP_PART,SITC6_8,LB,EU27_2020	0.4 	0.3 	0.3 	0.3 	0.2 	0.2 	0.3 	0.3 	0.3 	0.3 	0.3 	0.3 	0.3 	0.3 	0.3 	0.3 	0.3 	0.2 	0.1 	0.1 	0.2 	0.2 	0.1 	0.2 
A,PC_EXP_PART,SITC6_8,LC,EU27_2020	0.0 	0.0 	0.0 	0.0 	0.0 	0.0 	0.0 	0.0 	0.0 	0.0 	0.0 	0.0 	0.0 	0.0 	0.0 	0.0 	0.0 	0.0 	0.0 	0.0 	0.0 	0.0 	0.0 	0.0 
A,PC_EXP_PART,SITC6_8,LI,EU27_2020	0.1 	0.2 	0.2 	0.2 	0.2 	0.2 	0.2 	0.2 	0.2 	0.2 	0.2 	0.2 	0.2 	0.2 	0.2 	0.1 	0.1 	0.1 	0.1 	0.1 	0.1 	0.1 	0.1 	0.1 
A,PC_EXP_PART,SITC6_8,LK,EU27_2020	0.1 	0.1 	0.1 	0.1 	0.1 	0.1 	0.1 	0.1 	0.1 	0.1 	0.1 	0.1 	0.1 	0.1 	0.1 	0.1 	0.1 	0.1 	0.1 	0.1 	0.1 	0.1 	0.1 	0.1 
A,PC_EXP_PART,SITC6_8,LR,EU27_2020	0.0 	0.0 	0.0 	0.0 	0.0 	0.0 	0.0 	0.0 	0.0 	0.0 	0.0 	0.0 	0.0 	0.0 	0.0 	0.0 	0.0 	0.0 	0.0 	0.0 	0.0 	0.0 	0.0 	0.0 
A,PC_EXP_PART,SITC6_8,LS,EU27_2020	0.0 	0.0 	0.0 	0.0 	0.0 	0.0 	0.0 	0.0 	0.0 	0.0 	0.0 	0.0 	0.0 	0.0 	0.0 	0.0 	0.0 	0.0 	0.0 	0.0 	0.0 	0.0 	0.0 	0.0 
A,PC_EXP_PART,SITC6_8,LY,EU27_2020	0.3 	0.3 	0.3 	0.2 	0.2 	0.2 	0.3 	0.4 	0.3 	0.1 	0.2 	0.2 	0.2 	0.1 	0.1 	0.1 	0.1 	0.1 	0.1 	0.1 	0.1 	0.1 	0.1 	0.1 
A,PC_EXP_PART,SITC6_8,MA,EU27_2020	1.1 	1.1 	1.1 	1.0 	1.0 	1.1 	1.2 	1.3 	1.2 	1.2 	1.2 	1.2 	1.2 	1.2 	1.4 	1.4 	1.4 	1.4 	1.4 	1.4 	1.5 	1.6 	1.7 	1.9 
A,PC_EXP_PART,SITC6_8,MD,EU27_2020	0.1 	0.1 	0.1 	0.1 	0.1 	0.1 	0.1 	0.1 	0.1 	0.1 	0.1 	0.1 	0.1 	0.1 	0.1 	0.1 	0.2 	0.2 	0.2 	0.2 	0.2 	0.2 	0.2 	0.2 
A,PC_EXP_PART,SITC6_8,ME,EU27_2020	: 	: 	: 	: 	0.0 	0.1 	0.1 	0.1 	0.1 	0.0 	0.0 	0.0 	0.0 	0.0 	0.1 	0.1 	0.1 	0.1 	0.1 	0.0 	0.1 	0.1 	0.1 	0.1 
A,PC_EXP_PART,SITC6_8,MED_X_HR,EU27_2020	9.7 	9.7 	10.0 	10.4 	10.6 	11.2 	11.8 	12.6 	12.3 	11.6 	11.3 	11.5 	11.4 	11.2 	11.5 	11.3 	10.8 	10.6 	10.6 	10.7 	11.4 	11.9 	12.8 	12.7 
A,PC_EXP_PART,SITC6_8,MG,EU27_2020	0.0 	0.1 	0.0 	0.0 	0.0 	0.0 	0.1 	0.0 	0.0 	0.0 	0.0 	0.0 	0.0 	0.0 	0.0 	0.0 	0.0 	0.1 	0.0 	0.0 	0.0 	0.0 	0.0 	0.0 
A,PC_EXP_PART,SITC6_8,MH,EU27_2020	0.0 	0.0 	0.0 	0.0 	0.0 	0.0 	0.0 	0.0 	0.0 	0.0 	0.0 	0.0 	0.0 	0.0 	0.0 	0.0 	0.0 	0.0 	0.0 	0.0 	0.0 	0.0 	0.0 	0.0 
A,PC_EXP_PART,SITC6_8,MK,EU27_2020	0.2 	0.2 	0.3 	0.2 	0.3 	0.3 	0.3 	0.3 	0.3 	0.2 	0.2 	0.2 	0.3 	0.3 	0.3 	0.3 	0.3 	0.3 	0.3 	0.3 	0.3 	0.4 	0.3 	0.3 
A,PC_EXP_PART,SITC6_8,ML,EU27_2020	0.0 	0.0 	0.0 	0.0 	0.0 	0.0 	0.0 	0.0 	0.0 	0.0 	0.0 	0.0 	0.0 	0.0 	0.1 	0.1 	0.1 	0.1 	0.1 	0.1 	0.1 	0.1 	0.1 	0.0 
A,PC_EXP_PART,SITC6_8,MM,EU27_2020	0.0 	0.0 	0.0 	0.0 	0.0 	0.0 	0.0 	0.0 	0.0 	0.0 	0.0 	0.0 	0.0 	0.0 	0.0 	0.0 	0.0 	0.0 	0.0 	0.0 	0.0 	0.0 	0.0 	0.0 
A,PC_EXP_PART,SITC6_8,MN,EU27_2020	0.0 	0.0 	0.0 	0.0 	0.0 	0.0 	0.0 	0.0 	0.0 	0.0 	0.0 	0.0 	0.0 	0.0 	0.0 	0.0 	0.0 	0.0 	0.0 	0.0 	0.0 	0.0 	0.0 	0.0 
A,PC_EXP_PART,SITC6_8,MO,EU27_2020	0.0 	0.0 	0.0 	0.0 	0.0 	0.0 	0.0 	0.0 	0.0 	0.0 	0.0 	0.1 	0.1 	0.1 	0.1 	0.1 	0.1 	0.1 	0.1 	0.2 	0.2 	0.2 	0.1 	0.1 
A,PC_EXP_PART,SITC6_8,MP,EU27_2020	0.0 	0.0 	0.0 	0.0 	0.0 	0.0 	0.0 	0.0 	0.0 	0.0 	0.0 	0.0 	0.0 	0.0 	0.0 	0.0 	0.0 	0.0 	0.0 	0.0 	0.0 	0.0 	0.0 	0.0 
A,PC_EXP_PART,SITC6_8,MR,EU27_2020	0.0 	0.0 	0.0 	0.0 	0.0 	0.0 	0.0 	0.0 	0.0 	0.0 	0.0 	0.0 	0.0 	0.0 	0.0 	0.0 	0.0 	0.0 	0.0 	0.0 	0.0 	0.0 	0.0 	0.0 
A,PC_EXP_PART,SITC6_8,MS,EU27_2020	0.0 	0.0 	0.0 	0.0 	0.0 	0.0 	0.0 	0.0 	0.0 	0.0 	0.0 	0.0 	0.0 	0.0 	0.0 	0.0 	0.0 	0.0 	0.0 	0.0 	0.0 	0.0 	0.0 	0.0 
A,PC_EXP_PART,SITC6_8,MU,EU27_2020	0.1 	0.1 	0.1 	0.1 	0.1 	0.1 	0.1 	0.1 	0.1 	0.1 	0.1 	0.1 	0.1 	0.1 	0.1 	0.1 	0.1 	0.1 	0.0 	0.1 	0.1 	0.1 	0.0 	0.0 
A,PC_EXP_PART,SITC6_8,MV,EU27_2020	0.0 	0.0 	0.0 	0.0 	0.0 	0.0 	0.0 	0.0 	0.0 	0.0 	0.0 	0.0 	0.0 	0.0 	0.0 	0.0 	0.0 	0.0 	0.0 	0.0 	0.0 	0.0 	0.0 	0.0 
A,PC_EXP_PART,SITC6_8,MW,EU27_2020	0.0 	0.0 	0.0 	0.0 	0.0 	0.0 	0.0 	0.0 	0.0 	0.0 	0.0 	0.0 	0.0 	0.0 	0.0 	0.0 	0.0 	0.0 	0.0 	0.0 	0.0 	0.0 	0.0 	0.0 
A,PC_EXP_PART,SITC6_8,MX,EU27_2020	1.4 	1.3 	1.3 	1.4 	1.5 	1.4 	1.3 	1.2 	1.3 	1.4 	1.4 	1.4 	1.4 	1.6 	1.7 	1.8 	1.9 	1.9 	1.7 	1.8 	2.0 	2.3 	2.2 	2.3 
A,PC_EXP_PART,SITC6_8,MY,EU27_2020	0.4 	0.4 	0.4 	0.5 	0.4 	0.5 	0.5 	0.5 	0.5 	0.5 	0.5 	0.6 	0.5 	0.5 	0.5 	0.4 	0.5 	0.5 	0.4 	0.4 	0.5 	0.5 	0.5 	0.5 
A,PC_EXP_PART,SITC6_8,MZ,EU27_2020	0.0 	0.0 	0.0 	0.0 	0.0 	0.0 	0.0 	0.0 	0.0 	0.0 	0.0 	0.0 	0.0 	0.1 	0.0 	0.0 	0.0 	0.0 	0.0 	0.0 	0.0 	0.0 	0.0 	0.0 
A,PC_EXP_PART,SITC6_8,NA,EU27_2020	0.0 	0.0 	0.0 	0.0 	0.0 	0.0 	0.0 	0.0 	0.0 	0.0 	0.0 	0.0 	0.0 	0.0 	0.0 	0.0 	0.0 	0.0 	0.0 	0.0 	0.0 	0.0 	0.0 	0.0 
A,PC_EXP_PART,SITC6_8,NC,EU27_2020	0.1 	0.1 	0.1 	0.1 	0.1 	0.1 	0.1 	0.1 	0.1 	0.1 	0.1 	0.1 	0.1 	0.1 	0.1 	0.1 	0.1 	0.0 	0.1 	0.0 	0.0 	0.0 	0.0 	0.0 
A,PC_EXP_PART,SITC6_8,NE,EU27_2020	0.0 	0.0 	0.0 	0.0 	0.0 	0.0 	0.0 	0.0 	0.0 	0.0 	0.0 	0.0 	0.0 	0.0 	0.0 	0.0 	0.0 	0.0 	0.0 	0.0 	0.0 	0.0 	0.0 	0.0 
A,PC_EXP_PART,SITC6_8,NF,EU27_2020	0.0 	0.0 	0.0 	0.0 	0.0 	0.0 	0.0 	0.0 	0.0 	0.0 	0.0 	0.0 	0.0 	0.0 	0.0 	0.0 	0.0 	0.0 	0.0 	0.0 	0.0 	0.0 	0.0 	0.0 
A,PC_EXP_PART,SITC6_8,NG,EU27_2020	0.3 	0.3 	0.3 	0.3 	0.3 	0.3 	0.4 	0.4 	0.3 	0.3 	0.3 	0.3 	0.3 	0.2 	0.2 	0.2 	0.2 	0.2 	0.1 	0.1 	0.1 	0.1 	0.1 	0.2 
A,PC_EXP_PART,SITC6_8,NI,EU27_2020	0.0 	0.0 	0.0 	0.0 	0.0 	0.0 	0.0 	0.0 	0.0 	0.0 	0.0 	0.0 	0.0 	0.0 	0.0 	0.0 	0.0 	0.0 	0.0 	0.0 	0.0 	0.0 	0.0 	0.0 
A,PC_EXP_PART,SITC6_8,NO,EU27_2020	3.1 	3.2 	3.3 	3.4 	3.5 	3.7 	3.7 	3.8 	3.4 	3.4 	3.4 	3.4 	3.3 	3.1 	3.1 	3.0 	3.0 	3.1 	3.3 	3.2 	3.2 	3.0 	3.0 	3.0 
A,PC_EXP_PART,SITC6_8,NP,EU27_2020	0.0 	0.0 	0.0 	0.0 	0.0 	0.0 	0.0 	0.0 	0.0 	0.0 	0.0 	0.0 	0.0 	0.0 	0.0 	0.0 	0.0 	0.0 	0.0 	0.0 	0.0 	0.0 	0.0 	0.0 
A,PC_EXP_PART,SITC6_8,NR,EU27_2020	0.0 	0.0 	0.0 	0.0 	0.0 	0.0 	0.0 	0.0 	0.0 	0.0 	0.0 	0.0 	0.0 	0.0 	0.0 	0.0 	0.0 	0.0 	0.0 	0.0 	0.0 	0.0 	0.0 	0.0 
A,PC_EXP_PART,SITC6_8,NU,EU27_2020	0.0 	0.0 	0.0 	0.0 	0.0 	0.0 	0.0 	0.0 	0.0 	0.0 	0.0 	0.0 	0.0 	0.0 	0.0 	0.0 	0.0 	0.0 	0.0 	0.0 	0.0 	0.0 	0.0 	0.0 
A,PC_EXP_PART,SITC6_8,NZ,EU27_2020	0.2 	0.2 	0.2 	0.2 	0.2 	0.2 	0.2 	0.2 	0.2 	0.2 	0.2 	0.2 	0.2 	0.2 	0.2 	0.2 	0.2 	0.2 	0.2 	0.2 	0.2 	0.2 	0.2 	0.2 
A,PC_EXP_PART,SITC6_8,OCE_PLR,EU27_2020	1.7 	1.7 	1.7 	1.7 	1.6 	1.6 	1.7 	1.7 	1.7 	1.7 	1.7 	1.7 	1.6 	1.6 	1.6 	1.6 	1.6 	1.5 	1.7 	1.7 	1.6 	1.6 	1.6 	1.5 
A,PC_EXP_PART,SITC6_8,OM,EU27_2020	0.1 	0.1 	0.1 	0.1 	0.1 	0.1 	0.1 	0.1 	0.1 	0.1 	0.1 	0.1 	0.1 	0.2 	0.2 	0.1 	0.1 	0.1 	0.1 	0.1 	0.1 	0.1 	0.1 	0.1 
A,PC_EXP_PART,SITC6_8,OPEC,EU27_2020	5.1 	5.0 	5.0 	5.3 	5.7 	5.9 	7.0 	7.2 	6.4 	6.2 	6.5 	6.9 	6.9 	6.7 	6.0 	5.4 	4.8 	4.5 	4.2 	4.1 	4.2 	4.7 	5.0 	5.1 
A,PC_EXP_PART,SITC6_8,PA,EU27_2020	0.1 	0.1 	0.1 	0.1 	0.1 	0.1 	0.1 	0.1 	0.1 	0.1 	0.1 	0.1 	0.1 	0.1 	0.1 	0.1 	0.1 	0.1 	0.1 	0.1 	0.1 	0.1 	0.1 	0.1 
A,PC_EXP_PART,SITC6_8,PE,EU27_2020	0.1 	0.1 	0.1 	0.1 	0.1 	0.1 	0.2 	0.1 	0.2 	0.1 	0.2 	0.2 	0.2 	0.2 	0.2 	0.2 	0.2 	0.2 	0.2 	0.2 	0.2 	0.2 	0.2 	0.2 
A,PC_EXP_PART,SITC6_8,PF,EU27_2020	0.1 	0.1 	0.1 	0.1 	0.1 	0.1 	0.1 	0.1 	0.0 	0.0 	0.0 	0.0 	0.0 	0.0 	0.0 	0.0 	0.0 	0.0 	0.0 	0.0 	0.0 	0.0 	0.0 	0.0 
A,PC_EXP_PART,SITC6_8,PG,EU27_2020	0.0 	0.0 	0.0 	0.0 	0.0 	0.0 	0.0 	0.0 	0.0 	0.0 	0.0 	0.0 	0.0 	0.0 	0.0 	0.0 	0.0 	0.0 	0.0 	0.0 	0.0 	0.0 	0.0 	0.0 
A,PC_EXP_PART,SITC6_8,PH,EU27_2020	0.2 	0.2 	0.2 	0.2 	0.2 	0.2 	0.1 	0.2 	0.2 	0.2 	0.2 	0.2 	0.2 	0.2 	0.2 	0.2 	0.2 	0.2 	0.2 	0.2 	0.2 	0.2 	0.2 	0.2 
A,PC_EXP_PART,SITC6_8,PK,EU27_2020	0.1 	0.2 	0.2 	0.2 	0.2 	0.2 	0.2 	0.2 	0.2 	0.2 	0.2 	0.2 	0.2 	0.2 	0.2 	0.2 	0.2 	0.2 	0.1 	0.2 	0.1 	0.1 	0.1 	0.1 
A,PC_EXP_PART,SITC6_8,PM,EU27_2020	0.0 	0.0 	0.0 	0.0 	0.0 	0.0 	0.0 	0.0 	0.0 	0.0 	0.0 	0.0 	0.0 	0.0 	0.0 	0.0 	0.0 	0.0 	0.0 	0.0 	0.0 	0.0 	0.0 	0.0 
A,PC_EXP_PART,SITC6_8,PN,EU27_2020	0.0 	0.0 	0.0 	0.0 	0.0 	0.0 	0.0 	0.0 	0.0 	0.0 	0.0 	0.0 	0.0 	0.0 	0.0 	0.0 	0.0 	0.0 	0.0 	0.0 	0.0 	0.0 	0.0 	0.0 
A,PC_EXP_PART,SITC6_8,PS,EU27_2020	0.0 	0.0 	0.0 	0.0 	0.0 	0.0 	0.0 	0.0 	0.0 	0.0 	0.0 	0.0 	0.0 	0.0 	0.0 	0.0 	0.0 	0.0 	0.0 	0.0 	0.0 	0.0 	0.0 	0.0 
A,PC_EXP_PART,SITC6_8,PW,EU27_2020	0.0 	0.0 	0.0 	0.0 	0.0 	0.0 	0.0 	0.0 	0.0 	0.0 	0.0 	0.0 	0.0 	0.0 	0.0 	0.0 	0.0 	0.0 	0.0 	0.0 	0.0 	0.0 	0.0 	0.0 
A,PC_EXP_PART,SITC6_8,PY,EU27_2020	0.0 	0.0 	0.0 	0.0 	0.0 	0.0 	0.0 	0.0 	0.0 	0.0 	0.0 	0.0 	0.0 	0.0 	0.0 	0.0 	0.0 	0.0 	0.0 	0.0 	0.0 	0.0 	0.0 	0.0 
A,PC_EXP_PART,SITC6_8,QA,EU27_2020	0.1 	0.1 	0.2 	0.2 	0.3 	0.3 	0.4 	0.4 	0.3 	0.3 	0.3 	0.3 	0.3 	0.4 	0.4 	0.3 	0.4 	0.5 	0.4 	0.4 	0.4 	0.3 	0.3 	0.3 
A,PC_EXP_PART,SITC6_8,RS,EU27_2020	: 	: 	: 	: 	0.6 	0.8 	0.8 	0.8 	0.7 	0.7 	0.7 	0.7 	0.7 	0.7 	0.8 	0.9 	0.9 	0.9 	1.0 	1.1 	1.1 	1.2 	1.2 	1.4 
A,PC_EXP_PART,SITC6_8,RS_ME,EU27_2020	0.5 	0.6 	0.7 	0.6 	: 	: 	: 	: 	: 	: 	: 	: 	: 	: 	: 	: 	: 	: 	: 	: 	: 	: 	: 	: 
A,PC_EXP_PART,SITC6_8,RU,EU27_2020	3.6 	3.9 	4.3 	4.9 	5.7 	6.5 	7.2 	5.6 	5.9 	6.3 	6.6 	6.5 	5.7 	4.0 	3.9 	4.3 	4.1 	4.2 	4.1 	3.9 	2.1 	1.6 	1.3 	1.1 
A,PC_EXP_PART,SITC6_8,RW,EU27_2020	0.0 	0.0 	0.0 	0.0 	0.0 	0.0 	0.0 	0.0 	0.0 	0.0 	0.0 	0.0 	0.0 	0.0 	0.0 	0.0 	0.0 	0.0 	0.0 	0.0 	0.0 	0.0 	0.0 	0.0 
A,PC_EXP_PART,SITC6_8,SA,EU27_2020	1.2 	1.1 	1.0 	1.1 	1.3 	1.3 	1.3 	1.5 	1.3 	1.4 	1.5 	1.7 	1.7 	1.7 	1.3 	1.2 	1.1 	1.0 	1.1 	1.0 	1.0 	1.1 	1.2 	1.2 
A,PC_EXP_PART,SITC6_8,SB,EU27_2020	0.0 	0.0 	0.0 	0.0 	0.0 	0.0 	0.0 	0.0 	0.0 	0.0 	0.0 	0.0 	0.0 	0.0 	0.0 	0.0 	0.0 	0.0 	0.0 	0.0 	0.0 	0.0 	0.0 	0.0 
A,PC_EXP_PART,SITC6_8,SC,EU27_2020	0.0 	0.0 	0.0 	0.0 	0.0 	0.0 	0.0 	0.0 	0.0 	0.0 	0.0 	0.0 	0.0 	0.0 	0.0 	0.0 	0.0 	0.0 	0.0 	0.0 	0.0 	0.0 	0.0 	0.0 
A,PC_EXP_PART,SITC6_8,SD,EU27_2020	0.0 	0.0 	0.0 	0.1 	0.1 	0.0 	0.1 	0.1 	0.0 	0.0 	0.0 	0.0 	0.0 	0.0 	0.0 	0.0 	0.0 	0.0 	0.0 	0.0 	0.0 	0.0 	0.0 	0.0 
A,PC_EXP_PART,SITC6_8,SG,EU27_2020	0.9 	0.9 	1.0 	0.9 	1.0 	0.9 	1.0 	1.0 	1.1 	1.1 	1.1 	1.1 	1.1 	1.1 	1.2 	1.2 	1.2 	1.2 	1.2 	1.1 	1.3 	1.4 	1.1 	1.0 
A,PC_EXP_PART,SITC6_8,SH,EU27_2020	0.0 	0.0 	0.0 	0.0 	0.0 	0.0 	0.0 	0.0 	0.0 	0.0 	0.0 	0.0 	0.0 	0.0 	0.0 	0.0 	0.0 	0.0 	0.0 	0.0 	0.0 	0.0 	0.0 	0.0 
A,PC_EXP_PART,SITC6_8,SL,EU27_2020	0.0 	0.0 	0.0 	0.0 	0.0 	0.0 	0.0 	0.0 	0.0 	0.0 	0.0 	0.0 	0.0 	0.0 	0.0 	0.0 	0.0 	0.0 	0.0 	0.0 	0.0 	0.0 	0.0 	0.0 
A,PC_EXP_PART,SITC6_8,SM,EU27_2020	0.0 	0.0 	0.0 	0.0 	0.0 	0.0 	0.0 	0.0 	0.0 	0.0 	0.0 	0.0 	0.0 	0.0 	0.0 	0.0 	0.0 	0.0 	0.0 	0.0 	0.0 	0.0 	0.0 	0.0 
A,PC_EXP_PART,SITC6_8,SN,EU27_2020	0.1 	0.1 	0.1 	0.1 	0.1 	0.1 	0.1 	0.1 	0.1 	0.1 	0.1 	0.1 	0.1 	0.1 	0.1 	0.1 	0.1 	0.1 	0.1 	0.1 	0.1 	0.1 	0.1 	0.1 
A,PC_EXP_PART,SITC6_8,SO,EU27_2020	0.0 	0.0 	0.0 	0.0 	0.0 	0.0 	0.0 	0.0 	0.0 	0.0 	0.0 	0.0 	0.0 	0.0 	0.0 	0.0 	0.0 	0.0 	0.0 	0.0 	0.0 	0.0 	0.0 	0.0 
A,PC_EXP_PART,SITC6_8,SR,EU27_2020	0.0 	0.0 	0.0 	0.0 	0.0 	0.0 	0.0 	0.0 	0.0 	0.0 	0.0 	0.0 	0.0 	0.0 	0.0 	0.0 	0.0 	0.0 	0.0 	0.0 	0.0 	0.0 	0.0 	0.0 
A,PC_EXP_PART,SITC6_8,SS,EU27_2020	: 	: 	: 	: 	: 	: 	: 	: 	: 	: 	: 	0.0 	0.0 	0.0 	0.0 	0.0 	0.0 	0.0 	0.0 	0.0 	0.0 	0.0 	0.0 	0.0 
A,PC_EXP_PART,SITC6_8,ST,EU27_2020	0.0 	0.0 	0.0 	0.0 	0.0 	0.0 	0.0 	0.0 	0.0 	0.0 	0.0 	0.0 	0.0 	0.0 	0.0 	0.0 	0.0 	0.0 	0.0 	0.0 	0.0 	0.0 	0.0 	0.0 
A,PC_EXP_PART,SITC6_8,SV,EU27_2020	0.0 	0.0 	0.0 	0.0 	0.0 	0.0 	0.0 	0.0 	0.0 	0.0 	0.0 	0.0 	0.0 	0.0 	0.0 	0.0 	0.0 	0.0 	0.0 	0.0 	0.0 	0.0 	0.0 	0.0 
A,PC_EXP_PART,SITC6_8,SX,EU27_2020	: 	: 	: 	: 	: 	: 	: 	: 	: 	: 	: 	0.0 	0.0 	0.0 	0.0 	0.0 	0.0 	0.0 	0.0 	0.0 	0.0 	0.0 	0.0 	0.0 
A,PC_EXP_PART,SITC6_8,SY,EU27_2020	0.2 	0.2 	0.2 	0.2 	0.2 	0.2 	0.2 	0.2 	0.2 	0.2 	0.1 	0.0 	0.0 	0.0 	0.0 	0.0 	0.0 	0.0 	0.0 	0.0 	0.0 	0.0 	0.0 	0.0 
A,PC_EXP_PART,SITC6_8,SZ,EU27_2020	0.0 	0.0 	0.0 	0.0 	0.0 	0.0 	0.0 	0.0 	0.0 	0.0 	0.0 	0.0 	0.0 	0.0 	0.0 	0.0 	0.0 	0.0 	0.0 	0.0 	0.0 	0.0 	0.0 	0.0 
A,PC_EXP_PART,SITC6_8,TC,EU27_2020	0.0 	0.0 	0.0 	0.0 	0.0 	0.0 	0.0 	0.0 	0.0 	0.0 	0.0 	0.0 	0.0 	0.0 	0.0 	0.0 	0.0 	0.0 	0.0 	0.0 	0.0 	0.0 	0.0 	0.0 
A,PC_EXP_PART,SITC6_8,TD,EU27_2020	0.0 	0.0 	0.0 	0.0 	0.0 	0.0 	0.0 	0.0 	0.0 	0.0 	0.0 	0.0 	0.0 	0.0 	0.0 	0.0 	0.0 	0.0 	0.0 	0.0 	0.0 	0.0 	0.0 	0.0 
A,PC_EXP_PART,SITC6_8,TF,EU27_2020	0.0 	0.0 	0.0 	0.0 	0.0 	0.0 	0.0 	0.0 	0.0 	0.0 	0.0 	0.0 	0.0 	0.0 	0.0 	0.0 	0.0 	0.0 	0.0 	0.0 	0.0 	0.0 	0.0 	0.0 
A,PC_EXP_PART,SITC6_8,TG,EU27_2020	0.0 	0.0 	0.0 	0.0 	0.0 	0.0 	0.0 	0.0 	0.0 	0.0 	0.0 	0.0 	0.0 	0.0 	0.0 	0.0 	0.0 	0.0 	0.0 	0.0 	0.0 	0.0 	0.0 	0.0 
A,PC_EXP_PART,SITC6_8,TH,EU27_2020	0.6 	0.6 	0.6 	0.6 	0.5 	0.5 	0.5 	0.6 	0.6 	0.7 	0.7 	0.6 	0.6 	0.6 	0.6 	0.6 	0.7 	0.6 	0.6 	0.6 	0.6 	0.6 	0.6 	0.6 
A,PC_EXP_PART,SITC6_8,TJ,EU27_2020	0.0 	0.0 	0.0 	0.0 	0.0 	0.0 	0.0 	0.0 	0.0 	0.0 	0.0 	0.0 	0.0 	0.0 	0.0 	0.0 	0.0 	0.0 	0.0 	0.0 	0.0 	0.0 	0.0 	0.0 
A,PC_EXP_PART,SITC6_8,TK,EU27_2020	0.0 	0.0 	0.0 	0.0 	0.0 	0.0 	0.0 	0.0 	0.0 	0.0 	0.0 	0.0 	0.0 	0.0 	0.0 	0.0 	0.0 	0.0 	0.0 	0.0 	0.0 	0.0 	0.0 	0.0 
A,PC_EXP_PART,SITC6_8,TL,EU27_2020	0.0 	0.0 	0.0 	0.0 	0.0 	0.0 	0.0 	0.0 	0.0 	0.0 	0.0 	0.0 	0.0 	0.0 	0.0 	0.0 	0.0 	0.0 	0.0 	0.0 	0.0 	0.0 	0.0 	0.0 
A,PC_EXP_PART,SITC6_8,TM,EU27_2020	0.0 	0.0 	0.0 	0.0 	0.0 	0.0 	0.0 	0.1 	0.1 	0.1 	0.1 	0.1 	0.1 	0.0 	0.0 	0.0 	0.0 	0.0 	0.0 	0.0 	0.0 	0.0 	0.0 	0.0 
A,PC_EXP_PART,SITC6_8,TN,EU27_2020	1.3 	1.2 	1.2 	1.0 	1.0 	1.1 	1.1 	1.2 	1.2 	1.0 	0.9 	0.9 	0.8 	0.8 	0.8 	0.8 	0.8 	0.8 	0.7 	0.8 	0.8 	0.8 	0.8 	0.9 
A,PC_EXP_PART,SITC6_8,TO,EU27_2020	0.0 	0.0 	0.0 	0.0 	0.0 	0.0 	0.0 	0.0 	0.0 	0.0 	0.0 	0.0 	0.0 	0.0 	0.0 	0.0 	0.0 	0.0 	0.0 	0.0 	0.0 	0.0 	0.0 	0.0 
A,PC_EXP_PART,SITC6_8,TR,EU27_2020	2.4 	2.7 	3.2 	3.4 	3.5 	3.7 	3.6 	3.6 	3.9 	4.0 	3.9 	4.0 	3.8 	3.7 	3.7 	3.7 	3.4 	3.3 	3.5 	3.5 	4.0 	4.4 	5.1 	4.6 
A,PC_EXP_PART,SITC6_8,TT,EU27_2020	0.0 	0.1 	0.1 	0.0 	0.0 	0.0 	0.1 	0.0 	0.0 	0.0 	0.0 	0.0 	0.0 	0.0 	0.0 	0.0 	0.0 	0.0 	0.0 	0.0 	0.0 	0.0 	0.0 	0.0 
A,PC_EXP_PART,SITC6_8,TV,EU27_2020	0.0 	0.0 	0.0 	0.0 	0.0 	0.0 	0.0 	0.0 	0.0 	0.0 	0.0 	0.0 	0.0 	0.0 	0.0 	0.0 	0.0 	0.0 	0.0 	0.0 	0.0 	0.0 	0.0 	0.0 
A,PC_EXP_PART,SITC6_8,TW,EU27_2020	1.0 	0.9 	1.1 	1.0 	1.0 	0.7 	0.6 	0.6 	0.7 	0.7 	0.6 	0.6 	0.6 	0.6 	0.6 	0.7 	0.7 	0.7 	0.9 	0.8 	0.8 	0.8 	0.9 	0.9 
A,PC_EXP_PART,SITC6_8,TZ,EU27_2020	0.0 	0.0 	0.0 	0.0 	0.0 	0.0 	0.0 	0.0 	0.0 	0.0 	0.0 	0.0 	0.0 	0.0 	0.0 	0.0 	0.0 	0.0 	0.0 	0.0 	0.0 	0.0 	0.0 	0.0 
A,PC_EXP_PART,SITC6_8,UA,EU27_2020	1.0 	1.1 	1.2 	1.3 	1.6 	1.8 	1.9 	1.4 	1.4 	1.4 	1.4 	1.4 	1.0 	0.8 	0.9 	1.0 	1.0 	1.1 	1.2 	1.2 	1.2 	1.5 	1.8 	1.7 
A,PC_EXP_PART,SITC6_8,UG,EU27_2020	0.0 	0.0 	0.0 	0.0 	0.0 	0.0 	0.0 	0.0 	0.0 	0.0 	0.0 	0.0 	0.0 	0.0 	0.0 	0.0 	0.0 	0.0 	0.0 	0.0 	0.0 	0.0 	0.0 	0.0 
A,PC_EXP_PART,SITC6_8,UK,EU27_2020	22.0 	21.9 	21.0 	19.8 	19.3 	19.5 	17.9 	17.2 	16.1 	15.9 	15.5 	15.3 	16.1 	17.1 	17.0 	16.5 	16.2 	16.3 	15.8 	13.9 	13.6 	13.5 	13.5 	13.6 
A,PC_EXP_PART,SITC6_8,UM,EU27_2020	0.0 	0.0 	0.0 	0.0 	0.0 	0.0 	0.0 	0.0 	0.0 	0.0 	0.0 	0.0 	0.0 	0.0 	0.0 	0.0 	0.0 	0.0 	0.0 	0.0 	0.0 	0.0 	0.0 	0.0 
A,PC_EXP_PART,SITC6_8,US,EU27_2020	18.7 	17.5 	17.4 	16.9 	16.0 	14.2 	12.9 	12.2 	13.0 	12.6 	13.2 	13.2 	13.9 	15.3 	15.2 	15.2 	15.8 	16.1 	16.0 	17.4 	19.4 	18.7 	18.8 	18.5 
A,PC_EXP_PART,SITC6_8,USMCA,EU27_2020	22.0 	20.6 	20.3 	20.0 	19.1 	17.1 	15.6 	14.7 	15.8 	15.4 	16.0 	15.9 	16.7 	18.3 	18.2 	18.4 	19.4 	19.7 	19.4 	21.1 	23.3 	22.8 	22.8 	22.8 
A,PC_EXP_PART,SITC6_8,UY,EU27_2020	0.0 	0.0 	0.0 	0.0 	0.0 	0.0 	0.0 	0.0 	0.1 	0.0 	0.1 	0.1 	0.1 	0.1 	0.1 	0.1 	0.0 	0.0 	0.1 	0.1 	0.1 	0.1 	0.1 	0.1 
A,PC_EXP_PART,SITC6_8,UZ,EU27_2020	0.0 	0.0 	0.0 	0.0 	0.0 	0.1 	0.1 	0.1 	0.1 	0.1 	0.1 	0.1 	0.1 	0.0 	0.1 	0.1 	0.1 	0.1 	0.1 	0.1 	0.1 	0.1 	0.1 	0.1 
A,PC_EXP_PART,SITC6_8,VA,EU27_2020	0.0 	0.0 	0.0 	0.0 	0.0 	0.0 	0.0 	0.0 	0.0 	0.0 	0.0 	0.0 	0.0 	0.0 	0.0 	0.0 	0.0 	0.0 	0.0 	0.0 	0.0 	0.0 	0.0 	0.0 
A,PC_EXP_PART,SITC6_8,VC,EU27_2020	0.0 	0.0 	0.0 	0.0 	0.0 	0.0 	0.0 	0.0 	0.0 	0.0 	0.0 	0.0 	0.0 	0.0 	0.0 	0.0 	0.0 	0.0 	0.0 	0.0 	0.0 	0.0 	0.0 	0.0 
A,PC_EXP_PART,SITC6_8,VE,EU27_2020	0.3 	0.1 	0.2 	0.2 	0.2 	0.2 	0.2 	0.2 	0.2 	0.2 	0.3 	0.2 	0.2 	0.1 	0.1 	0.0 	0.0 	0.0 	0.0 	0.0 	0.0 	0.0 	0.0 	0.0 
A,PC_EXP_PART,SITC6_8,VG,EU27_2020	0.0 	0.0 	0.0 	0.0 	0.0 	0.0 	0.0 	0.0 	0.0 	0.0 	0.0 	0.0 	0.0 	0.0 	0.0 	0.0 	0.0 	0.0 	0.0 	0.0 	0.0 	0.0 	0.0 	0.0 
A,PC_EXP_PART,SITC6_8,VI,EU27_2020	0.0 	0.0 	0.0 	0.0 	0.0 	0.0 	0.0 	0.0 	0.0 	0.0 	0.0 	0.0 	0.0 	0.0 	0.0 	0.0 	0.0 	0.0 	0.0 	0.0 	0.0 	0.0 	0.0 	0.0 
A,PC_EXP_PART,SITC6_8,VN,EU27_2020	0.1 	0.2 	0.1 	0.1 	0.1 	0.2 	0.2 	0.2 	0.2 	0.2 	0.2 	0.3 	0.3 	0.3 	0.4 	0.4 	0.4 	0.4 	0.4 	0.4 	0.4 	0.4 	0.4 	0.5 
A,PC_EXP_PART,SITC6_8,VU,EU27_2020	0.0 	0.0 	0.0 	0.0 	0.0 	0.0 	0.0 	0.0 	0.0 	0.0 	0.0 	0.0 	0.0 	0.0 	0.0 	0.0 	0.0 	0.0 	0.0 	0.0 	0.0 	0.0 	0.0 	0.0 
A,PC_EXP_PART,SITC6_8,WBC,EU27_2020	0.8 	0.8 	0.8 	1.2 	1.5 	1.8 	1.9 	1.9 	1.7 	1.7 	1.6 	1.6 	1.7 	1.7 	1.9 	2.0 	2.1 	2.1 	2.1 	2.3 	2.4 	2.5 	2.5 	2.7 
A,PC_EXP_PART,SITC6_8,WF,EU27_2020	0.0 	0.0 	0.0 	0.0 	0.0 	0.0 	0.0 	0.0 	0.0 	0.0 	0.0 	0.0 	0.0 	0.0 	0.0 	0.0 	0.0 	0.0 	0.0 	0.0 	0.0 	0.0 	0.0 	0.0 
A,PC_EXP_PART,SITC6_8,WS,EU27_2020	0.0 	0.0 	0.0 	0.0 	0.0 	0.0 	0.0 	0.0 	0.0 	0.0 	0.0 	0.0 	0.0 	0.0 	0.0 	0.0 	0.0 	0.0 	0.0 	0.0 	0.0 	0.0 	0.0 	0.0 
A,PC_EXP_PART,SITC6_8,XK,EU27_2020	: 	: 	: 	: 	0.0 	0.0 	0.0 	0.0 	0.0 	0.1 	0.0 	0.0 	0.0 	0.0 	0.1 	0.0 	0.1 	0.1 	0.1 	0.1 	0.1 	0.1 	0.1 	0.1 
A,PC_EXP_PART,SITC6_8,YE,EU27_2020	0.0 	0.0 	0.0 	0.0 	0.0 	0.0 	0.0 	0.0 	0.0 	0.0 	0.0 	0.0 	0.0 	0.0 	0.0 	0.0 	0.0 	0.0 	0.0 	0.0 	0.0 	0.0 	0.0 	0.0 
A,PC_EXP_PART,SITC6_8,YT,EU27_2020	0.0 	0.0 	0.0 	0.0 	0.0 	0.0 	0.0 	0.0 	0.0 	0.0 	0.0 	0.0 	: 	: 	: 	: 	: 	: 	: 	: 	: 	: 	: 	: 
A,PC_EXP_PART,SITC6_8,ZA,EU27_2020	0.8 	0.8 	0.9 	0.9 	1.0 	1.0 	1.0 	1.0 	1.1 	1.1 	1.1 	1.0 	0.9 	1.0 	1.0 	1.0 	0.9 	0.9 	0.8 	0.9 	0.9 	0.9 	0.9 	0.8 
A,PC_EXP_PART,SITC6_8,ZM,EU27_2020	0.0 	0.0 	0.0 	0.0 	0.0 	0.0 	0.0 	0.0 	0.0 	0.0 	0.0 	0.0 	0.0 	0.0 	0.0 	0.0 	0.0 	0.0 	0.0 	0.0 	0.0 	0.0 	0.0 	0.0 
A,PC_EXP_PART,SITC6_8,ZW,EU27_2020	0.0 	0.0 	0.0 	0.0 	0.0 	0.0 	0.0 	0.0 	0.0 	0.0 	0.0 	0.0 	0.0 	0.0 	0.0 	0.0 	0.0 	0.0 	0.0 	0.0 	0.0 	0.0 	0.0 	0.0 
A,PC_IMP_PART,SITC6_8,ACP,EU27_2020	2.0 	1.5 	1.4 	1.4 	1.4 	1.3 	1.0 	0.9 	1.1 	1.2 	1.3 	1.6 	1.9 	1.6 	1.7 	1.6 	1.6 	1.4 	1.3 	1.3 	1.5 	1.4 	1.4 	1.6 
A,PC_IMP_PART,SITC6_8,AD,EU27_2020	0.0 	0.0 	0.0 	0.0 	0.0 	0.0 	0.0 	0.0 	0.0 	0.0 	0.0 	0.0 	0.0 	0.0 	0.0 	0.0 	0.0 	0.0 	0.0 	0.0 	0.0 	0.0 	0.0 	0.0 
A,PC_IMP_PART,SITC6_8,AE,EU27_2020	0.3 	0.5 	0.6 	0.6 	0.6 	0.6 	0.6 	0.5 	0.6 	0.9 	0.9 	1.0 	0.9 	1.0 	0.8 	0.8 	0.8 	0.6 	0.5 	0.6 	0.8 	0.7 	0.5 	0.5 
A,PC_IMP_PART,SITC6_8,AF,EU27_2020	0.0 	0.0 	0.0 	0.0 	0.0 	0.0 	0.0 	0.0 	0.0 	0.0 	0.0 	0.0 	0.0 	0.0 	0.0 	0.0 	0.0 	0.0 	0.0 	0.0 	0.0 	0.0 	0.0 	0.0 
A,PC_IMP_PART,SITC6_8,AFR,EU27_2020	6.4 	5.9 	5.7 	5.3 	5.2 	5.1 	4.8 	4.3 	4.5 	4.5 	4.4 	4.6 	4.8 	4.3 	4.5 	4.6 	4.6 	4.2 	3.9 	4.4 	4.5 	4.5 	4.5 	4.7 
A,PC_IMP_PART,SITC6_8,AG,EU27_2020	0.0 	0.0 	0.0 	0.0 	0.0 	0.0 	0.0 	0.0 	0.0 	0.0 	0.0 	0.0 	0.0 	0.0 	0.0 	0.0 	0.0 	0.0 	0.0 	0.0 	0.0 	0.0 	0.0 	0.0 
A,PC_IMP_PART,SITC6_8,AI,EU27_2020	0.0 	0.0 	0.0 	0.0 	0.0 	0.0 	0.0 	0.0 	0.0 	0.0 	0.0 	0.0 	0.0 	0.0 	0.0 	0.0 	0.0 	0.0 	0.0 	0.0 	0.0 	0.0 	0.0 	0.0 
A,PC_IMP_PART,SITC6_8,AL,EU27_2020	0.1 	0.1 	0.1 	0.1 	0.1 	0.1 	0.1 	0.2 	0.2 	0.2 	0.2 	0.2 	0.2 	0.2 	0.2 	0.2 	0.2 	0.2 	0.2 	0.2 	0.2 	0.3 	0.3 	0.2 
A,PC_IMP_PART,SITC6_8,AM,EU27_2020	0.1 	0.1 	0.1 	0.1 	0.1 	0.1 	0.1 	0.1 	0.1 	0.1 	0.1 	0.0 	0.0 	0.1 	0.1 	0.1 	0.0 	0.1 	0.0 	0.1 	0.1 	0.1 	0.1 	0.0 
A,PC_IMP_PART,SITC6_8,AME,EU27_2020	15.6 	14.5 	13.9 	13.7 	14.2 	13.6 	13.0 	12.5 	12.3 	12.1 	12.1 	11.7 	11.6 	12.1 	11.7 	11.6 	11.4 	11.5 	10.9 	10.6 	10.5 	12.3 	12.1 	11.8 
A,PC_IMP_PART,SITC6_8,AME_LAT,EU27_2020	3.1 	3.4 	3.8 	3.9 	4.9 	5.0 	4.2 	3.3 	3.6 	3.8 	3.3 	2.8 	2.8 	2.8 	2.7 	2.8 	2.6 	2.5 	2.3 	2.5 	2.6 	2.9 	2.9 	2.8 
A,PC_IMP_PART,SITC6_8,AN,EU27_2020	0.0 	0.0 	0.0 	0.0 	0.0 	0.0 	0.0 	0.0 	0.0 	0.0 	0.0 	: 	: 	: 	: 	: 	: 	: 	: 	: 	: 	: 	: 	: 
A,PC_IMP_PART,SITC6_8,AO,EU27_2020	0.2 	0.1 	0.0 	0.2 	0.1 	0.1 	0.0 	0.1 	0.0 	0.0 	0.1 	0.1 	0.1 	0.1 	0.1 	0.1 	0.1 	0.1 	0.1 	0.1 	0.1 	0.1 	0.1 	0.1 
A,PC_IMP_PART,SITC6_8,AQ,EU27_2020	0.0 	0.0 	0.0 	0.0 	0.0 	0.0 	0.0 	0.0 	0.0 	0.0 	0.0 	0.0 	0.0 	0.0 	0.0 	0.0 	0.0 	0.0 	0.0 	0.0 	0.0 	0.0 	0.0 	0.0 
A,PC_IMP_PART,SITC6_8,AR,EU27_2020	0.2 	0.2 	0.2 	0.2 	0.1 	0.1 	0.1 	0.2 	0.1 	0.1 	0.1 	0.1 	0.1 	0.1 	0.1 	0.1 	0.1 	0.0 	0.0 	0.0 	0.0 	0.0 	0.0 	0.0 
A,PC_IMP_PART,SITC6_8,AS,EU27_2020	0.0 	0.0 	0.0 	0.0 	0.0 	0.0 	0.0 	0.0 	0.0 	0.0 	0.0 	0.0 	0.0 	0.0 	0.0 	0.0 	0.0 	0.0 	0.0 	0.0 	0.0 	0.0 	0.0 	0.0 
A,PC_IMP_PART,SITC6_8,ASEAN,EU27_2020	6.5 	6.3 	5.9 	5.3 	5.3 	5.0 	5.0 	5.6 	5.6 	5.5 	6.0 	6.2 	6.5 	7.0 	7.4 	7.6 	7.7 	8.2 	8.2 	8.1 	9.0 	8.9 	9.3 	9.7 
A,PC_IMP_PART,SITC6_8,ASI,EU27_2020	40.1 	41.3 	41.4 	43.5 	44.3 	45.5 	47.7 	50.8 	50.5 	50.3 	50.9 	50.6 	51.8 	52.8 	52.9 	52.4 	52.2 	53.3 	56.1 	55.9 	58.5 	56.3 	58.1 	58.9 
A,PC_IMP_PART,SITC6_8,AU,EU27_2020	0.5 	0.4 	0.4 	0.4 	0.4 	0.4 	0.3 	0.3 	0.3 	0.3 	0.3 	0.2 	0.2 	0.2 	0.2 	0.2 	0.3 	0.2 	0.2 	0.2 	0.3 	0.4 	0.3 	0.3 
A,PC_IMP_PART,SITC6_8,AW,EU27_2020	0.0 	0.0 	0.0 	0.0 	0.0 	0.0 	0.0 	0.0 	0.0 	0.0 	0.0 	0.0 	0.0 	0.0 	0.0 	0.0 	0.0 	0.0 	0.0 	0.0 	0.0 	0.0 	0.0 	0.0 
A,PC_IMP_PART,SITC6_8,AZ,EU27_2020	0.0 	0.0 	0.0 	0.0 	0.0 	0.0 	0.0 	0.0 	0.0 	0.0 	0.0 	0.0 	0.0 	0.0 	0.0 	0.0 	0.0 	0.0 	0.0 	0.0 	0.0 	0.0 	0.0 	0.0 
A,PC_IMP_PART,SITC6_8,BA,EU27_2020	0.3 	0.3 	0.3 	0.3 	0.4 	0.4 	0.4 	0.4 	0.4 	0.4 	0.5 	0.5 	0.5 	0.5 	0.5 	0.5 	0.5 	0.5 	0.5 	0.5 	0.6 	0.6 	0.5 	0.5 
A,PC_IMP_PART,SITC6_8,BB,EU27_2020	0.0 	0.0 	0.0 	0.0 	0.0 	0.0 	0.0 	0.0 	0.0 	0.0 	0.0 	0.0 	0.0 	0.0 	0.0 	0.0 	0.0 	0.0 	0.0 	0.0 	0.0 	0.0 	0.0 	0.0 
A,PC_IMP_PART,SITC6_8,BD,EU27_2020	1.0 	1.2 	1.3 	1.1 	1.2 	1.1 	1.2 	1.6 	1.7 	1.9 	2.2 	2.5 	2.6 	2.9 	3.2 	3.1 	3.2 	3.3 	3.0 	2.9 	3.5 	3.3 	3.4 	3.5 
A,PC_IMP_PART,SITC6_8,BF,EU27_2020	0.0 	0.0 	0.0 	0.0 	0.0 	0.0 	0.0 	0.0 	0.0 	0.0 	0.0 	0.0 	0.0 	0.0 	0.0 	0.0 	0.0 	0.0 	0.0 	0.0 	0.0 	0.0 	0.0 	0.0 
A,PC_IMP_PART,SITC6_8,BH,EU27_2020	0.1 	0.0 	0.0 	0.0 	0.1 	0.1 	0.1 	0.1 	0.1 	0.1 	0.1 	0.1 	0.1 	0.0 	0.0 	0.1 	0.1 	0.1 	0.1 	0.1 	0.2 	0.2 	0.2 	0.3 
A,PC_IMP_PART,SITC6_8,BI,EU27_2020	0.0 	0.0 	0.0 	0.0 	0.0 	0.0 	0.0 	0.0 	0.0 	0.0 	0.0 	0.0 	0.0 	0.0 	0.0 	0.0 	0.0 	0.0 	0.0 	0.0 	0.0 	0.0 	0.0 	0.0 
A,PC_IMP_PART,SITC6_8,BJ,EU27_2020	0.0 	0.0 	0.0 	0.0 	0.0 	0.0 	0.0 	0.0 	0.0 	0.0 	0.0 	0.0 	0.0 	0.0 	0.0 	0.0 	0.0 	0.0 	0.0 	0.0 	0.0 	0.0 	0.0 	0.0 
A,PC_IMP_PART,SITC6_8,BL,EU27_2020	: 	: 	: 	: 	: 	: 	: 	: 	: 	: 	: 	0.0 	0.0 	0.0 	0.0 	0.0 	0.0 	0.0 	0.0 	0.0 	0.0 	0.0 	0.0 	0.0 
A,PC_IMP_PART,SITC6_8,BM,EU27_2020	0.0 	0.0 	0.0 	0.0 	0.0 	0.0 	0.0 	0.0 	0.0 	0.0 	0.0 	0.0 	0.0 	0.0 	0.0 	0.0 	0.0 	0.0 	0.0 	0.0 	0.0 	0.0 	0.0 	0.0 
A,PC_IMP_PART,SITC6_8,BN,EU27_2020	0.0 	0.0 	0.0 	0.0 	0.0 	0.0 	0.0 	0.0 	0.0 	0.0 	0.0 	0.0 	0.0 	0.0 	0.0 	0.0 	0.0 	0.0 	0.0 	0.0 	0.0 	0.0 	0.0 	0.0 
A,PC_IMP_PART,SITC6_8,BO,EU27_2020	0.0 	0.0 	0.0 	0.0 	0.0 	0.0 	0.0 	0.0 	0.0 	0.0 	0.0 	0.0 	0.0 	0.0 	0.0 	0.0 	0.0 	0.0 	0.0 	0.1 	0.0 	0.0 	0.0 	0.0 
A,PC_IMP_PART,SITC6_8,BQ,EU27_2020	: 	: 	: 	: 	: 	: 	: 	: 	: 	: 	: 	0.0 	0.0 	0.0 	0.0 	0.0 	0.0 	0.0 	0.0 	0.0 	0.0 	0.0 	0.0 	0.0 
A,PC_IMP_PART,SITC6_8,BR,EU27_2020	1.2 	1.4 	1.4 	1.3 	1.5 	1.6 	1.4 	0.9 	1.0 	1.1 	0.9 	0.7 	0.8 	0.8 	0.9 	0.9 	0.8 	0.7 	0.5 	0.6 	0.8 	0.7 	0.6 	0.7 
A,PC_IMP_PART,SITC6_8,BS,EU27_2020	0.0 	0.0 	0.0 	0.0 	0.0 	0.0 	0.0 	0.0 	0.0 	0.0 	0.0 	0.0 	0.0 	0.0 	0.0 	0.0 	0.0 	0.0 	0.0 	0.0 	0.0 	0.0 	0.0 	0.0 
A,PC_IMP_PART,SITC6_8,BT,EU27_2020	0.0 	0.0 	0.0 	0.0 	0.0 	0.0 	0.0 	0.0 	0.0 	0.0 	0.0 	0.0 	0.0 	0.0 	0.0 	0.0 	0.0 	0.0 	0.0 	0.0 	0.0 	0.0 	0.0 	0.0 
A,PC_IMP_PART,SITC6_8,BV,EU27_2020	0.0 	0.0 	0.0 	0.0 	0.0 	0.0 	0.0 	0.0 	0.0 	0.0 	0.0 	0.0 	0.0 	0.0 	0.0 	0.0 	0.0 	0.0 	0.0 	0.0 	0.0 	0.0 	0.0 	0.0 
A,PC_IMP_PART,SITC6_8,BW,EU27_2020	0.0 	0.0 	0.0 	0.0 	0.0 	0.0 	0.0 	0.0 	0.0 	0.0 	0.1 	0.2 	0.4 	0.3 	0.5 	0.3 	0.3 	0.2 	0.2 	0.2 	0.2 	0.2 	0.1 	0.1 
A,PC_IMP_PART,SITC6_8,BY,EU27_2020	0.2 	0.3 	0.3 	0.3 	0.3 	0.3 	0.3 	0.2 	0.3 	0.3 	0.2 	0.2 	0.3 	0.3 	0.3 	0.3 	0.3 	0.3 	0.4 	0.5 	0.2 	0.1 	0.1 	0.0 
A,PC_IMP_PART,SITC6_8,BZ,EU27_2020	0.0 	0.0 	0.0 	0.0 	0.0 	0.0 	0.0 	0.0 	0.0 	0.0 	0.0 	0.0 	0.0 	0.0 	0.0 	0.0 	0.0 	0.0 	0.0 	0.0 	0.0 	0.0 	0.0 	0.0 
A,PC_IMP_PART,SITC6_8,CA,EU27_2020	0.9 	0.9 	0.8 	0.7 	0.7 	0.9 	0.8 	0.7 	0.7 	0.6 	0.6 	0.7 	0.8 	0.7 	0.6 	0.6 	0.7 	0.7 	0.7 	0.8 	0.7 	0.8 	0.7 	0.8 
A,PC_IMP_PART,SITC6_8,CC,EU27_2020	0.0 	0.0 	0.0 	0.0 	0.0 	0.0 	0.0 	0.0 	0.0 	0.0 	0.0 	0.0 	0.0 	0.0 	0.0 	0.0 	0.0 	0.0 	0.0 	0.0 	0.0 	0.0 	0.0 	0.0 
A,PC_IMP_PART,SITC6_8,CC9_23,EU27_2020	6.7 	7.4 	8.1 	8.0 	8.3 	8.5 	8.5 	7.8 	7.9 	8.4 	8.0 	8.5 	8.3 	7.9 	8.3 	8.8 	9.5 	9.3 	9.1 	10.5 	10.0 	10.1 	10.0 	9.9 
A,PC_IMP_PART,SITC6_8,CD,EU27_2020	0.5 	0.2 	0.2 	0.2 	0.1 	0.1 	0.1 	0.1 	0.1 	0.1 	0.1 	0.3 	0.2 	0.1 	0.1 	0.1 	0.1 	0.1 	0.1 	0.2 	0.2 	0.2 	0.3 	0.5 
A,PC_IMP_PART,SITC6_8,CF,EU27_2020	0.1 	0.0 	0.0 	0.0 	0.0 	0.0 	0.0 	0.0 	0.0 	0.0 	0.0 	0.0 	0.0 	0.0 	0.0 	0.0 	0.0 	0.0 	0.0 	0.0 	0.0 	0.0 	0.0 	0.0 
A,PC_IMP_PART,SITC6_8,CG,EU27_2020	0.0 	0.0 	0.0 	0.0 	0.0 	0.0 	0.0 	0.0 	0.0 	0.0 	0.1 	0.1 	0.1 	0.1 	0.1 	0.1 	0.1 	0.1 	0.1 	0.1 	0.1 	0.1 	0.1 	0.1 
A,PC_IMP_PART,SITC6_8,CH,EU27_2020	7.5 	7.7 	7.3 	6.9 	6.2 	5.9 	6.1 	6.6 	6.2 	6.3 	6.6 	6.8 	6.6 	6.6 	6.5 	6.2 	6.0 	6.0 	5.5 	5.3 	4.9 	5.9 	5.5 	5.4 
A,PC_IMP_PART,SITC6_8,CI,EU27_2020	0.1 	0.0 	0.0 	0.0 	0.0 	0.0 	0.0 	0.0 	0.0 	0.0 	0.0 	0.0 	0.0 	0.0 	0.0 	0.0 	0.0 	0.0 	0.0 	0.0 	0.0 	0.0 	0.0 	0.0 
A,PC_IMP_PART,SITC6_8,CIS,EU27_2020	3.7 	4.1 	4.8 	4.7 	5.3 	5.1 	4.8 	3.4 	4.2 	4.3 	4.2 	3.9 	4.1 	3.9 	4.1 	4.5 	4.8 	4.1 	3.7 	4.9 	3.5 	1.9 	1.4 	1.2 
A,PC_IMP_PART,SITC6_8,CK,EU27_2020	0.0 	0.0 	0.0 	0.0 	0.0 	0.0 	0.0 	0.0 	0.0 	0.0 	0.0 	0.0 	0.0 	0.0 	0.0 	0.0 	0.0 	0.0 	0.0 	0.0 	0.0 	0.0 	0.0 	0.0 
A,PC_IMP_PART,SITC6_8,CL,EU27_2020	0.7 	0.8 	1.2 	1.2 	2.0 	1.8 	1.4 	1.0 	1.3 	1.4 	1.0 	0.8 	0.7 	0.5 	0.4 	0.4 	0.3 	0.3 	0.3 	0.3 	0.3 	0.4 	0.5 	0.4 
A,PC_IMP_PART,SITC6_8,CM,EU27_2020	0.0 	0.0 	0.1 	0.1 	0.1 	0.0 	0.0 	0.0 	0.0 	0.0 	0.0 	0.0 	0.0 	0.0 	0.0 	0.0 	0.0 	0.0 	0.0 	0.0 	0.0 	0.0 	0.0 	0.0 
A,PC_IMP_PART,SITC6_8,CN_X_HK,EU27_2020	15.7 	17.8 	18.4 	22.0 	22.5 	25.0 	27.1 	29.2 	29.1 	27.9 	28.2 	27.7 	28.4 	28.9 	28.5 	27.9 	27.4 	28.5 	32.7 	31.0 	31.2 	28.8 	31.0 	31.6 
A,PC_IMP_PART,SITC6_8,CO,EU27_2020	0.1 	0.1 	0.2 	0.1 	0.2 	0.2 	0.1 	0.1 	0.1 	0.1 	0.1 	0.1 	0.1 	0.1 	0.0 	0.1 	0.1 	0.1 	0.0 	0.1 	0.1 	0.1 	0.1 	0.1 
A,PC_IMP_PART,SITC6_8,CR,EU27_2020	0.0 	0.0 	0.0 	0.0 	0.0 	0.0 	0.0 	0.1 	0.0 	0.0 	0.1 	0.1 	0.1 	0.1 	0.1 	0.1 	0.2 	0.2 	0.2 	0.2 	0.2 	0.3 	0.3 	0.4 
A,PC_IMP_PART,SITC6_8,CU,EU27_2020	0.0 	0.0 	0.0 	0.0 	0.0 	0.0 	0.0 	0.0 	0.0 	0.0 	0.0 	0.0 	0.0 	0.0 	0.0 	0.0 	0.0 	0.0 	0.0 	0.0 	0.0 	0.0 	0.0 	0.0 
A,PC_IMP_PART,SITC6_8,CV,EU27_2020	0.0 	0.0 	0.0 	0.0 	0.0 	0.0 	0.0 	0.0 	0.0 	0.0 	0.0 	0.0 	0.0 	0.0 	0.0 	0.0 	0.0 	0.0 	0.0 	0.0 	0.0 	0.0 	0.0 	0.0 
A,PC_IMP_PART,SITC6_8,CW,EU27_2020	: 	: 	: 	: 	: 	: 	: 	: 	: 	: 	: 	0.0 	0.0 	0.0 	0.0 	0.0 	0.0 	0.0 	0.0 	0.0 	0.0 	0.0 	0.0 	0.0 
A,PC_IMP_PART,SITC6_8,CX,EU27_2020	0.0 	0.0 	0.0 	0.0 	0.0 	0.0 	0.0 	0.0 	0.0 	0.0 	0.0 	0.0 	0.0 	0.0 	0.0 	0.0 	0.0 	0.0 	0.0 	0.0 	0.0 	0.0 	0.0 	0.0 
A,PC_IMP_PART,SITC6_8,DAE,EU27_2020	7.5 	7.1 	6.9 	6.5 	6.9 	6.2 	6.2 	6.6 	6.4 	6.5 	6.8 	6.9 	6.8 	6.7 	6.6 	6.5 	6.7 	6.5 	6.5 	6.9 	6.9 	7.2 	7.1 	7.0 
A,PC_IMP_PART,SITC6_8,DJ,EU27_2020	0.0 	0.0 	0.0 	0.0 	0.0 	0.0 	0.0 	0.0 	0.0 	0.0 	0.0 	0.0 	0.0 	0.0 	0.0 	0.0 	0.0 	0.0 	0.0 	0.0 	0.0 	0.0 	0.0 	0.0 
A,PC_IMP_PART,SITC6_8,DM,EU27_2020	0.0 	0.0 	0.0 	0.0 	0.0 	0.0 	0.0 	0.0 	0.0 	0.0 	0.0 	0.0 	0.0 	0.0 	0.0 	0.0 	0.0 	0.0 	0.0 	0.0 	0.0 	0.0 	0.0 	0.0 
A,PC_IMP_PART,SITC6_8,DO,EU27_2020	0.1 	0.1 	0.1 	0.1 	0.1 	0.1 	0.1 	0.0 	0.0 	0.0 	0.0 	0.0 	0.0 	0.0 	0.0 	0.0 	0.0 	0.1 	0.1 	0.1 	0.1 	0.1 	0.1 	0.1 
A,PC_IMP_PART,SITC6_8,DZ,EU27_2020	0.1 	0.0 	0.0 	0.0 	0.0 	0.0 	0.0 	0.0 	0.0 	0.0 	0.0 	0.0 	0.0 	0.0 	0.0 	0.0 	0.0 	0.0 	0.0 	0.1 	0.1 	0.1 	0.1 	0.1 
A,PC_IMP_PART,SITC6_8,EC,EU27_2020	0.0 	0.0 	0.0 	0.0 	0.0 	0.0 	0.0 	0.0 	0.0 	0.0 	0.0 	0.0 	0.0 	0.0 	0.0 	0.0 	0.0 	0.0 	0.0 	0.0 	0.0 	0.0 	0.0 	0.0 
A,PC_IMP_PART,SITC6_8,EFTA,EU27_2020	10.3 	10.5 	10.2 	9.6 	9.0 	8.7 	8.9 	9.0 	8.8 	8.8 	9.0 	8.8 	8.7 	8.5 	8.3 	8.3 	8.1 	7.8 	7.3 	7.3 	7.2 	8.2 	7.6 	7.5 
A,PC_IMP_PART,SITC6_8,EG,EU27_2020	0.4 	0.4 	0.5 	0.5 	0.5 	0.5 	0.5 	0.4 	0.4 	0.5 	0.4 	0.4 	0.4 	0.3 	0.3 	0.4 	0.4 	0.4 	0.3 	0.5 	0.4 	0.5 	0.5 	0.5 
A,PC_IMP_PART,SITC6_8,EH,EU27_2020	: 	: 	: 	: 	: 	: 	: 	: 	: 	: 	: 	0.0 	0.0 	0.0 	0.0 	0.0 	0.0 	0.0 	0.0 	0.0 	0.0 	0.0 	0.0 	0.0 
A,PC_IMP_PART,SITC6_8,ER,EU27_2020	0.0 	0.0 	0.0 	0.0 	0.0 	0.0 	0.0 	0.0 	0.0 	0.0 	0.0 	0.0 	0.0 	0.0 	0.0 	0.0 	0.0 	0.0 	0.0 	0.0 	0.0 	0.0 	0.0 	0.0 
A,PC_IMP_PART,SITC6_8,ES630,EU27_2020	0.0 	0.0 	0.0 	0.0 	0.0 	0.0 	0.0 	0.0 	0.0 	0.0 	0.0 	0.0 	0.0 	0.0 	0.0 	0.0 	0.0 	0.0 	0.0 	0.0 	0.0 	0.0 	0.0 	0.0 
A,PC_IMP_PART,SITC6_8,ES640,EU27_2020	0.0 	0.0 	0.0 	0.0 	0.0 	0.0 	0.0 	0.0 	0.0 	0.0 	0.0 	0.0 	0.0 	0.0 	0.0 	0.0 	0.0 	0.0 	0.0 	0.0 	0.0 	0.0 	0.0 	0.0 
A,PC_IMP_PART,SITC6_8,ET,EU27_2020	0.0 	0.0 	0.0 	0.0 	0.0 	0.0 	0.0 	0.0 	0.0 	0.0 	0.0 	0.0 	0.0 	0.0 	0.0 	0.0 	0.0 	0.0 	0.0 	0.0 	0.0 	0.0 	0.0 	0.0 
A,PC_IMP_PART,SITC6_8,EUR_NEU27_2020,EU27_2020	36.3 	36.7 	37.3 	35.9 	34.5 	34.0 	33.1 	31.2 	31.2 	31.7 	31.5 	31.6 	30.8 	29.7 	29.9 	30.5 	31.0 	30.0 	28.3 	28.1 	25.3 	25.6 	24.2 	23.3 
A,PC_IMP_PART,SITC6_8,EXT_EU27_2020,EU27_2020	100.0 	100.0 	100.0 	100.0 	100.0 	100.0 	100.0 	100.0 	100.0 	100.0 	100.0 	100.0 	100.0 	100.0 	100.0 	100.0 	100.0 	100.0 	100.0 	100.0 	100.0 	100.0 	100.0 	100.0 
A,PC_IMP_PART,SITC6_8,FJ,EU27_2020	0.0 	0.0 	0.0 	0.0 	0.0 	0.0 	0.0 	0.0 	0.0 	0.0 	0.0 	0.0 	0.0 	0.0 	0.0 	0.0 	0.0 	0.0 	0.0 	0.0 	0.0 	0.0 	0.0 	0.0 
A,PC_IMP_PART,SITC6_8,FK,EU27_2020	0.0 	0.0 	0.0 	0.0 	0.0 	0.0 	0.0 	0.0 	0.0 	0.0 	0.0 	0.0 	0.0 	0.0 	0.0 	0.0 	0.0 	0.0 	0.0 	0.0 	0.0 	0.0 	0.0 	0.0 
A,PC_IMP_PART,SITC6_8,FM,EU27_2020	0.0 	0.0 	0.0 	0.0 	0.0 	0.0 	0.0 	0.0 	0.0 	0.0 	0.0 	0.0 	0.0 	0.0 	0.0 	0.0 	0.0 	0.0 	0.0 	0.0 	0.0 	0.0 	0.0 	0.0 
A,PC_IMP_PART,SITC6_8,FO,EU27_2020	0.0 	0.0 	0.0 	0.0 	0.0 	0.0 	0.0 	0.0 	0.0 	0.0 	0.0 	0.0 	0.0 	0.0 	0.0 	0.0 	0.0 	0.0 	0.0 	0.0 	0.0 	0.0 	0.0 	0.0 
A,PC_IMP_PART,SITC6_8,GA,EU27_2020	0.0 	0.0 	0.0 	0.0 	0.0 	0.0 	0.0 	0.0 	0.0 	0.0 	0.0 	0.0 	0.0 	0.0 	0.0 	0.0 	0.0 	0.0 	0.0 	0.0 	0.0 	0.0 	0.0 	0.0 
A,PC_IMP_PART,SITC6_8,GD,EU27_2020	0.0 	0.0 	0.0 	0.0 	0.0 	0.0 	0.0 	0.0 	0.0 	0.0 	0.0 	0.0 	0.0 	0.0 	0.0 	0.0 	0.0 	0.0 	0.0 	0.0 	0.0 	0.0 	0.0 	0.0 
A,PC_IMP_PART,SITC6_8,GE,EU27_2020	0.0 	0.0 	0.0 	0.0 	0.0 	0.0 	0.0 	0.0 	0.0 	0.0 	0.0 	0.0 	0.0 	0.0 	0.0 	0.0 	0.0 	0.0 	0.0 	0.0 	0.0 	0.0 	0.0 	0.0 
A,PC_IMP_PART,SITC6_8,GH,EU27_2020	0.1 	0.1 	0.0 	0.0 	0.1 	0.0 	0.0 	0.0 	0.0 	0.0 	0.0 	0.0 	0.0 	0.0 	0.0 	0.0 	0.0 	0.0 	0.0 	0.0 	0.0 	0.0 	0.0 	0.0 
A,PC_IMP_PART,SITC6_8,GI,EU27_2020	0.0 	0.0 	0.0 	0.0 	0.0 	0.0 	0.0 	0.0 	0.0 	0.0 	0.0 	0.0 	0.0 	0.0 	0.0 	0.0 	0.0 	0.0 	0.0 	0.0 	0.0 	0.0 	0.0 	0.0 
A,PC_IMP_PART,SITC6_8,GL,EU27_2020	0.0 	0.0 	0.0 	0.0 	0.0 	0.0 	0.0 	0.0 	0.0 	0.0 	0.0 	0.0 	0.0 	0.0 	0.0 	0.0 	0.0 	0.0 	0.0 	0.0 	0.0 	0.0 	0.0 	0.0 
A,PC_IMP_PART,SITC6_8,GM,EU27_2020	0.0 	0.0 	0.0 	0.0 	0.0 	0.0 	0.0 	0.0 	0.0 	0.0 	0.0 	0.0 	0.0 	0.0 	0.0 	0.0 	0.0 	0.0 	0.0 	0.0 	0.0 	0.0 	0.0 	0.0 
A,PC_IMP_PART,SITC6_8,GN,EU27_2020	0.0 	0.0 	0.0 	0.0 	0.0 	0.0 	0.0 	0.0 	0.0 	0.0 	0.0 	0.0 	0.0 	0.0 	0.0 	0.0 	0.0 	0.0 	0.0 	0.0 	0.0 	0.0 	0.0 	0.0 
A,PC_IMP_PART,SITC6_8,GQ,EU27_2020	0.0 	0.0 	0.0 	0.0 	0.0 	0.0 	0.0 	0.0 	0.0 	0.0 	0.0 	0.0 	0.0 	0.0 	0.0 	0.0 	0.0 	0.0 	0.0 	0.0 	0.0 	0.0 	0.0 	0.0 
A,PC_IMP_PART,SITC6_8,GS,EU27_2020	0.0 	0.0 	0.0 	0.0 	0.0 	0.0 	0.0 	0.0 	0.0 	0.0 	0.0 	0.0 	0.0 	0.0 	0.0 	0.0 	0.0 	0.0 	0.0 	0.0 	0.0 	0.0 	0.0 	0.0 
A,PC_IMP_PART,SITC6_8,GT,EU27_2020	0.0 	0.0 	0.0 	0.0 	0.0 	0.0 	0.0 	0.0 	0.0 	0.0 	0.0 	0.0 	0.0 	0.0 	0.0 	0.0 	0.0 	0.0 	0.0 	0.0 	0.0 	0.0 	0.0 	0.0 
A,PC_IMP_PART,SITC6_8,GU,EU27_2020	0.0 	0.0 	0.0 	0.0 	0.0 	0.0 	0.0 	0.0 	0.0 	0.0 	0.0 	0.0 	0.0 	0.0 	0.0 	0.0 	0.0 	0.0 	0.0 	0.0 	0.0 	0.0 	0.0 	0.0 
A,PC_IMP_PART,SITC6_8,GW,EU27_2020	0.0 	0.0 	0.0 	0.0 	0.0 	0.0 	0.0 	0.0 	0.0 	0.0 	0.0 	0.0 	0.0 	0.0 	0.0 	0.0 	0.0 	0.0 	0.0 	0.0 	0.0 	0.0 	0.0 	0.0 
A,PC_IMP_PART,SITC6_8,GY,EU27_2020	0.0 	0.0 	0.0 	0.0 	0.0 	0.0 	0.0 	0.0 	0.0 	0.0 	0.0 	0.0 	0.0 	0.0 	0.0 	0.0 	0.0 	0.0 	0.0 	0.0 	0.0 	0.0 	0.0 	0.0 
A,PC_IMP_PART,SITC6_8,HK,EU27_2020	1.7 	1.4 	1.3 	1.3 	1.4 	1.0 	1.0 	1.0 	0.9 	0.8 	0.9 	0.9 	0.9 	1.0 	0.6 	0.6 	0.6 	0.5 	0.5 	0.4 	0.3 	0.5 	0.3 	0.3 
A,PC_IMP_PART,SITC6_8,HM,EU27_2020	0.0 	0.0 	0.0 	0.0 	0.0 	0.0 	0.0 	0.0 	0.0 	0.0 	0.0 	0.0 	0.0 	0.0 	0.0 	0.0 	0.0 	0.0 	0.0 	0.0 	0.0 	0.0 	0.0 	0.0 
A,PC_IMP_PART,SITC6_8,HN,EU27_2020	0.0 	0.0 	0.0 	0.0 	0.0 	0.0 	0.0 	0.0 	0.0 	0.0 	0.0 	0.0 	0.0 	0.0 	0.0 	0.0 	0.0 	0.0 	0.0 	0.0 	0.0 	0.0 	0.0 	0.0 
A,PC_IMP_PART,SITC6_8,HT,EU27_2020	0.0 	0.0 	0.0 	0.0 	0.0 	0.0 	0.0 	0.0 	0.0 	0.0 	0.0 	0.0 	0.0 	0.0 	0.0 	0.0 	0.0 	0.0 	0.0 	0.0 	0.0 	0.0 	0.0 	0.0 
A,PC_IMP_PART,SITC6_8,ID,EU27_2020	1.8 	1.7 	1.6 	1.4 	1.3 	1.2 	1.2 	1.3 	1.3 	1.3 	1.3 	1.2 	1.2 	1.2 	1.2 	1.2 	1.1 	1.2 	1.1 	1.2 	1.3 	1.1 	1.2 	1.4 
A,PC_IMP_PART,SITC6_8,IL,EU27_2020	1.4 	1.1 	1.2 	1.2 	1.0 	1.1 	0.9 	0.8 	0.8 	0.8 	0.8 	0.8 	0.7 	0.6 	0.7 	0.6 	0.6 	0.6 	0.5 	0.6 	0.5 	0.6 	0.6 	0.5 
A,PC_IMP_PART,SITC6_8,IN,EU27_2020	3.1 	3.2 	3.3 	3.4 	3.5 	3.5 	3.6 	3.7 	3.7 	4.0 	3.7 	3.8 	3.9 	3.7 	3.8 	4.0 	3.9 	3.7 	3.2 	4.1 	4.5 	4.4 	4.1 	4.0 
A,PC_IMP_PART,SITC6_8,IO,EU27_2020	0.0 	0.0 	0.0 	0.0 	0.0 	0.0 	0.0 	0.0 	0.0 	0.0 	0.0 	0.0 	0.0 	0.0 	0.0 	0.0 	0.0 	0.0 	0.0 	0.0 	0.0 	0.0 	0.0 	0.0 
A,PC_IMP_PART,SITC6_8,IQ,EU27_2020	0.0 	0.0 	0.0 	0.0 	0.0 	0.0 	0.0 	0.0 	0.0 	0.0 	0.0 	0.0 	0.0 	0.0 	0.0 	0.0 	0.0 	0.0 	0.0 	0.0 	0.0 	0.0 	0.0 	0.0 
A,PC_IMP_PART,SITC6_8,IR,EU27_2020	0.2 	0.1 	0.2 	0.2 	0.3 	0.2 	0.1 	0.1 	0.1 	0.1 	0.1 	0.0 	0.1 	0.1 	0.1 	0.1 	0.1 	0.0 	0.0 	0.0 	0.0 	0.0 	0.0 	0.0 
A,PC_IMP_PART,SITC6_8,IS,EU27_2020	0.2 	0.2 	0.2 	0.2 	0.2 	0.2 	0.4 	0.3 	0.4 	0.4 	0.4 	0.2 	0.4 	0.2 	0.3 	0.4 	0.4 	0.2 	0.3 	0.4 	0.5 	0.4 	0.4 	0.4 
A,PC_IMP_PART,SITC6_8,JM,EU27_2020	0.0 	0.0 	0.0 	0.0 	0.0 	0.0 	0.0 	0.0 	0.0 	0.0 	0.0 	0.0 	0.0 	0.0 	0.0 	0.0 	0.0 	0.0 	0.0 	0.0 	0.0 	0.0 	0.0 	0.0 
A,PC_IMP_PART,SITC6_8,JO,EU27_2020	0.0 	0.0 	0.0 	0.0 	0.0 	0.0 	0.0 	0.0 	0.0 	0.0 	0.0 	0.0 	0.0 	0.0 	0.0 	0.0 	0.0 	0.0 	0.0 	0.0 	0.0 	0.0 	0.0 	0.1 
A,PC_IMP_PART,SITC6_8,JP,EU27_2020	4.8 	4.2 	3.8 	3.4 	3.1 	3.1 	3.2 	3.3 	3.2 	3.1 	3.1 	2.7 	2.6 	2.4 	2.5 	2.4 	2.5 	2.5 	2.4 	2.4 	2.3 	2.7 	2.4 	2.2 
A,PC_IMP_PART,SITC6_8,KE,EU27_2020	0.0 	0.0 	0.0 	0.0 	0.0 	0.0 	0.0 	0.0 	0.0 	0.0 	0.0 	0.0 	0.0 	0.0 	0.0 	0.0 	0.0 	0.0 	0.0 	0.0 	0.0 	0.0 	0.0 	0.0 
A,PC_IMP_PART,SITC6_8,KG,EU27_2020	0.0 	0.0 	0.0 	0.0 	0.0 	0.0 	0.0 	0.0 	0.0 	0.0 	0.0 	0.0 	0.0 	0.0 	0.0 	0.0 	0.0 	0.0 	0.0 	0.0 	0.0 	0.0 	0.0 	0.0 
A,PC_IMP_PART,SITC6_8,KH,EU27_2020	0.2 	0.2 	0.2 	0.1 	0.2 	0.1 	0.1 	0.2 	0.2 	0.3 	0.4 	0.4 	0.5 	0.6 	0.8 	0.8 	0.8 	0.9 	0.7 	0.6 	0.7 	0.7 	0.9 	1.0 
A,PC_IMP_PART,SITC6_8,KI,EU27_2020	0.0 	0.0 	0.0 	0.0 	0.0 	0.0 	0.0 	0.0 	0.0 	0.0 	0.0 	0.0 	0.0 	0.0 	0.0 	0.0 	0.0 	0.0 	0.0 	0.0 	0.0 	0.0 	0.0 	0.0 
A,PC_IMP_PART,SITC6_8,KM,EU27_2020	0.0 	0.0 	0.0 	0.0 	0.0 	0.0 	0.0 	0.0 	0.0 	0.0 	0.0 	0.0 	0.0 	0.0 	0.0 	0.0 	0.0 	0.0 	0.0 	0.0 	0.0 	0.0 	0.0 	0.0 
A,PC_IMP_PART,SITC6_8,KN,EU27_2020	0.0 	0.0 	0.0 	0.0 	0.0 	0.0 	0.0 	0.0 	0.0 	0.0 	0.0 	0.0 	0.0 	0.0 	0.0 	0.0 	0.0 	0.0 	0.0 	0.0 	0.0 	0.0 	0.0 	0.0 
A,PC_IMP_PART,SITC6_8,KP,EU27_2020	0.0 	0.0 	0.0 	0.0 	0.0 	0.0 	0.0 	0.0 	0.0 	0.0 	0.0 	0.0 	0.0 	0.0 	0.0 	0.0 	0.0 	0.0 	0.0 	0.0 	0.0 	0.0 	0.0 	0.0 
A,PC_IMP_PART,SITC6_8,KR,EU27_2020	1.5 	1.5 	1.4 	1.4 	1.6 	1.6 	1.7 	2.0 	1.8 	1.9 	2.1 	2.1 	1.9 	1.8 	1.9 	1.8 	1.9 	1.8 	1.8 	1.9 	2.1 	2.3 	2.4 	2.5 
A,PC_IMP_PART,SITC6_8,KW,EU27_2020	0.0 	0.0 	0.0 	0.0 	0.0 	0.0 	0.0 	0.0 	0.0 	0.0 	0.0 	0.0 	0.0 	0.0 	0.0 	0.0 	0.0 	0.0 	0.0 	0.0 	0.0 	0.0 	0.0 	0.0 
A,PC_IMP_PART,SITC6_8,KY,EU27_2020	0.0 	0.0 	0.0 	0.0 	0.0 	0.0 	0.0 	0.0 	0.0 	0.0 	0.0 	0.0 	0.0 	0.0 	0.0 	0.0 	0.0 	0.0 	0.0 	0.0 	0.0 	0.0 	0.0 	0.0 
A,PC_IMP_PART,SITC6_8,KZ,EU27_2020	0.3 	0.2 	0.2 	0.3 	0.5 	0.4 	0.4 	0.1 	0.2 	0.1 	0.1 	0.1 	0.1 	0.1 	0.1 	0.2 	0.2 	0.1 	0.1 	0.1 	0.2 	0.2 	0.1 	0.1 
A,PC_IMP_PART,SITC6_8,LA,EU27_2020	0.0 	0.0 	0.0 	0.0 	0.0 	0.0 	0.0 	0.0 	0.0 	0.0 	0.0 	0.0 	0.0 	0.0 	0.0 	0.0 	0.0 	0.0 	0.0 	0.0 	0.1 	0.1 	0.1 	0.1 
A,PC_IMP_PART,SITC6_8,LB,EU27_2020	0.0 	0.0 	0.0 	0.0 	0.0 	0.0 	0.0 	0.0 	0.0 	0.0 	0.0 	0.0 	0.0 	0.0 	0.0 	0.0 	0.0 	0.0 	0.0 	0.0 	0.0 	0.0 	0.0 	0.0 
A,PC_IMP_PART,SITC6_8,LC,EU27_2020	0.0 	0.0 	0.0 	0.0 	0.0 	0.0 	0.0 	0.0 	0.0 	0.0 	0.0 	0.0 	0.0 	0.0 	0.0 	0.0 	0.0 	0.0 	0.0 	0.0 	0.0 	0.0 	0.0 	0.0 
A,PC_IMP_PART,SITC6_8,LI,EU27_2020	0.2 	0.2 	0.1 	0.1 	0.1 	0.2 	0.1 	0.1 	0.1 	0.1 	0.1 	0.1 	0.1 	0.1 	0.1 	0.1 	0.1 	0.1 	0.1 	0.1 	0.1 	0.2 	0.1 	0.1 
A,PC_IMP_PART,SITC6_8,LK,EU27_2020	0.3 	0.3 	0.3 	0.3 	0.3 	0.3 	0.3 	0.3 	0.3 	0.3 	0.4 	0.3 	0.3 	0.3 	0.3 	0.3 	0.3 	0.4 	0.3 	0.3 	0.3 	0.3 	0.3 	0.3 
A,PC_IMP_PART,SITC6_8,LR,EU27_2020	0.0 	0.0 	0.0 	0.0 	0.0 	0.0 	0.0 	0.0 	0.0 	0.0 	0.0 	0.0 	0.0 	0.0 	0.0 	0.0 	0.0 	0.0 	0.0 	0.0 	0.0 	0.0 	0.0 	0.0 
A,PC_IMP_PART,SITC6_8,LS,EU27_2020	0.0 	0.0 	0.0 	0.0 	0.0 	0.0 	0.0 	0.0 	0.0 	0.1 	0.1 	0.1 	0.1 	0.1 	0.0 	0.1 	0.1 	0.1 	0.1 	0.0 	0.0 	0.0 	0.0 	0.0 
A,PC_IMP_PART,SITC6_8,LY,EU27_2020	0.0 	0.0 	0.1 	0.1 	0.1 	0.1 	0.0 	0.0 	0.0 	0.0 	0.0 	0.0 	0.0 	0.0 	0.0 	0.0 	0.0 	0.0 	0.0 	0.0 	0.0 	0.0 	0.0 	0.0 
A,PC_IMP_PART,SITC6_8,MA,EU27_2020	1.2 	1.2 	1.0 	0.9 	0.9 	0.8 	0.8 	0.9 	0.8 	0.8 	0.8 	0.8 	0.8 	0.8 	0.8 	0.9 	0.9 	0.9 	0.8 	0.8 	0.7 	0.8 	0.8 	0.8 
A,PC_IMP_PART,SITC6_8,MD,EU27_2020	0.1 	0.1 	0.1 	0.1 	0.1 	0.1 	0.1 	0.1 	0.1 	0.1 	0.1 	0.1 	0.1 	0.1 	0.1 	0.1 	0.2 	0.1 	0.1 	0.2 	0.1 	0.1 	0.1 	0.1 
A,PC_IMP_PART,SITC6_8,ME,EU27_2020	: 	: 	: 	: 	0.1 	0.1 	0.1 	0.0 	0.0 	0.0 	0.0 	0.0 	0.0 	0.0 	0.0 	0.0 	0.0 	0.0 	0.0 	0.0 	0.0 	0.0 	0.0 	0.0 
A,PC_IMP_PART,SITC6_8,MED_X_HR,EU27_2020	10.5 	11.0 	10.8 	10.6 	10.4 	10.7 	10.4 	10.3 	10.0 	10.2 	9.8 	10.2 	10.0 	9.5 	10.0 	10.4 	10.9 	10.8 	10.4 	11.5 	11.5 	12.1 	11.9 	11.7 
A,PC_IMP_PART,SITC6_8,MG,EU27_2020	0.1 	0.1 	0.1 	0.1 	0.1 	0.1 	0.1 	0.1 	0.1 	0.1 	0.1 	0.1 	0.1 	0.1 	0.1 	0.1 	0.1 	0.1 	0.1 	0.1 	0.1 	0.1 	0.1 	0.1 
A,PC_IMP_PART,SITC6_8,MH,EU27_2020	0.0 	0.0 	0.0 	0.0 	0.0 	0.0 	0.0 	0.0 	0.0 	0.0 	0.0 	0.0 	0.0 	0.0 	0.0 	0.0 	0.0 	0.0 	0.0 	0.0 	0.0 	0.0 	0.0 	0.0 
A,PC_IMP_PART,SITC6_8,MK,EU27_2020	0.2 	0.2 	0.3 	0.3 	0.3 	0.4 	0.4 	0.3 	0.3 	0.3 	0.3 	0.3 	0.3 	0.2 	0.2 	0.2 	0.3 	0.2 	0.2 	0.2 	0.2 	0.3 	0.2 	0.3 
A,PC_IMP_PART,SITC6_8,ML,EU27_2020	0.0 	0.0 	0.0 	0.0 	0.0 	0.0 	0.0 	0.0 	0.0 	0.0 	0.0 	0.0 	0.0 	0.0 	0.0 	0.0 	0.0 	0.0 	0.0 	0.0 	0.0 	0.0 	0.0 	0.0 
A,PC_IMP_PART,SITC6_8,MM,EU27_2020	0.1 	0.1 	0.1 	0.1 	0.1 	0.0 	0.0 	0.0 	0.0 	0.0 	0.0 	0.0 	0.1 	0.1 	0.2 	0.3 	0.4 	0.5 	0.5 	0.4 	0.6 	0.5 	0.5 	0.4 
A,PC_IMP_PART,SITC6_8,MN,EU27_2020	0.0 	0.0 	0.0 	0.0 	0.0 	0.0 	0.0 	0.0 	0.0 	0.0 	0.0 	0.0 	0.0 	0.0 	0.0 	0.0 	0.0 	0.0 	0.0 	0.0 	0.0 	0.0 	0.0 	0.0 
A,PC_IMP_PART,SITC6_8,MO,EU27_2020	0.2 	0.2 	0.2 	0.1 	0.1 	0.1 	0.0 	0.0 	0.0 	0.0 	0.0 	0.0 	0.0 	0.0 	0.0 	0.0 	0.0 	0.0 	0.0 	0.0 	0.0 	0.0 	0.0 	0.0 
A,PC_IMP_PART,SITC6_8,MP,EU27_2020	0.0 	0.0 	0.0 	0.0 	0.0 	0.0 	0.0 	0.0 	0.0 	0.0 	0.0 	0.0 	0.0 	0.0 	0.0 	0.0 	0.0 	0.0 	0.0 	0.0 	0.0 	0.0 	0.0 	0.0 
A,PC_IMP_PART,SITC6_8,MR,EU27_2020	0.0 	0.0 	0.0 	0.0 	0.0 	0.0 	0.0 	0.0 	0.0 	0.0 	0.0 	0.0 	0.0 	0.0 	0.0 	0.0 	0.0 	0.0 	0.0 	0.0 	0.0 	0.0 	0.0 	0.0 
A,PC_IMP_PART,SITC6_8,MS,EU27_2020	0.0 	0.0 	0.0 	0.0 	0.0 	0.0 	0.0 	0.0 	0.0 	0.0 	0.0 	0.0 	0.0 	0.0 	0.0 	0.0 	0.0 	0.0 	0.0 	0.0 	0.0 	0.0 	0.0 	0.0 
A,PC_IMP_PART,SITC6_8,MU,EU27_2020	0.3 	0.2 	0.2 	0.1 	0.1 	0.1 	0.1 	0.1 	0.1 	0.1 	0.1 	0.1 	0.1 	0.1 	0.1 	0.1 	0.1 	0.1 	0.0 	0.0 	0.0 	0.0 	0.0 	0.0 
A,PC_IMP_PART,SITC6_8,MV,EU27_2020	0.0 	0.0 	0.0 	0.0 	0.0 	0.0 	0.0 	0.0 	0.0 	0.0 	0.0 	0.0 	0.0 	0.0 	0.0 	0.0 	0.0 	0.0 	0.0 	0.0 	0.0 	0.0 	0.0 	0.0 
A,PC_IMP_PART,SITC6_8,MW,EU27_2020	0.0 	0.0 	0.0 	0.0 	0.0 	0.0 	0.0 	0.0 	0.0 	0.0 	0.0 	0.0 	0.0 	0.0 	0.0 	0.0 	0.0 	0.0 	0.0 	0.0 	0.0 	0.0 	0.0 	0.0 
A,PC_IMP_PART,SITC6_8,MX,EU27_2020	0.3 	0.3 	0.3 	0.4 	0.4 	0.5 	0.5 	0.5 	0.5 	0.6 	0.7 	0.7 	0.7 	0.8 	0.9 	0.9 	0.9 	1.0 	0.9 	0.9 	0.9 	1.0 	1.0 	0.9 
A,PC_IMP_PART,SITC6_8,MY,EU27_2020	0.8 	0.8 	0.7 	0.6 	0.7 	0.7 	0.7 	0.7 	0.8 	0.8 	0.8 	0.8 	0.8 	0.8 	0.8 	0.9 	0.9 	1.0 	1.1 	1.3 	1.0 	1.1 	1.1 	1.0 
A,PC_IMP_PART,SITC6_8,MZ,EU27_2020	0.2 	0.2 	0.3 	0.3 	0.3 	0.3 	0.2 	0.2 	0.3 	0.2 	0.2 	0.2 	0.2 	0.2 	0.2 	0.2 	0.2 	0.2 	0.2 	0.1 	0.3 	0.2 	0.2 	0.3 
A,PC_IMP_PART,SITC6_8,NA,EU27_2020	0.0 	0.0 	0.0 	0.0 	0.1 	0.1 	0.0 	0.0 	0.1 	0.1 	0.1 	0.1 	0.1 	0.1 	0.1 	0.2 	0.2 	0.1 	0.2 	0.1 	0.1 	0.1 	0.1 	0.0 
A,PC_IMP_PART,SITC6_8,NC,EU27_2020	0.1 	0.1 	0.0 	0.1 	0.1 	0.1 	0.0 	0.0 	0.0 	0.1 	0.0 	0.0 	0.0 	0.0 	0.0 	0.0 	0.0 	0.0 	0.0 	0.0 	0.0 	0.0 	0.0 	0.0 
A,PC_IMP_PART,SITC6_8,NE,EU27_2020	0.0 	0.0 	0.0 	0.0 	0.0 	0.0 	0.0 	0.0 	0.0 	0.0 	0.0 	0.0 	0.0 	0.0 	0.0 	0.0 	0.0 	0.0 	0.0 	0.0 	0.0 	0.0 	0.0 	0.0 
A,PC_IMP_PART,SITC6_8,NF,EU27_2020	0.0 	0.0 	0.0 	0.0 	0.0 	0.0 	0.0 	0.0 	0.0 	0.0 	0.0 	0.0 	0.0 	0.0 	0.0 	0.0 	0.0 	0.0 	0.0 	0.0 	0.0 	0.0 	0.0 	0.0 
A,PC_IMP_PART,SITC6_8,NG,EU27_2020	0.1 	0.1 	0.1 	0.1 	0.0 	0.0 	0.0 	0.0 	0.1 	0.1 	0.1 	0.1 	0.0 	0.0 	0.0 	0.0 	0.0 	0.0 	0.0 	0.0 	0.0 	0.0 	0.0 	0.0 
A,PC_IMP_PART,SITC6_8,NI,EU27_2020	0.0 	0.0 	0.0 	0.0 	0.0 	0.0 	0.0 	0.0 	0.0 	0.0 	0.0 	0.0 	0.0 	0.0 	0.0 	0.0 	0.0 	0.0 	0.0 	0.0 	0.0 	0.0 	0.0 	0.0 
A,PC_IMP_PART,SITC6_8,NO,EU27_2020	2.4 	2.5 	2.6 	2.4 	2.5 	2.4 	2.4 	1.9 	2.0 	1.9 	2.0 	1.7 	1.6 	1.6 	1.5 	1.6 	1.6 	1.5 	1.4 	1.6 	1.7 	1.7 	1.6 	1.6 
A,PC_IMP_PART,SITC6_8,NP,EU27_2020	0.0 	0.0 	0.0 	0.0 	0.0 	0.0 	0.0 	0.0 	0.0 	0.0 	0.0 	0.0 	0.0 	0.0 	0.0 	0.0 	0.0 	0.0 	0.0 	0.0 	0.0 	0.0 	0.0 	0.0 
A,PC_IMP_PART,SITC6_8,NR,EU27_2020	0.0 	0.0 	0.0 	0.0 	0.0 	0.0 	0.0 	0.0 	0.0 	0.0 	0.0 	0.0 	0.0 	0.0 	0.0 	0.0 	0.0 	0.0 	0.0 	0.0 	0.0 	0.0 	0.0 	0.0 
A,PC_IMP_PART,SITC6_8,NU,EU27_2020	0.0 	0.0 	0.0 	0.0 	0.0 	0.0 	0.0 	0.0 	0.0 	0.0 	0.0 	0.0 	0.0 	0.0 	0.0 	0.0 	0.0 	0.0 	0.0 	0.0 	0.0 	0.0 	0.0 	0.0 
A,PC_IMP_PART,SITC6_8,NZ,EU27_2020	0.1 	0.1 	0.1 	0.1 	0.1 	0.1 	0.1 	0.1 	0.1 	0.1 	0.1 	0.1 	0.1 	0.1 	0.1 	0.1 	0.1 	0.1 	0.1 	0.1 	0.1 	0.1 	0.1 	0.1 
A,PC_IMP_PART,SITC6_8,OCE_PLR,EU27_2020	0.7 	0.6 	0.6 	0.5 	0.5 	0.6 	0.4 	0.4 	0.4 	0.4 	0.4 	0.3 	0.3 	0.3 	0.3 	0.3 	0.3 	0.3 	0.3 	0.3 	0.4 	0.4 	0.4 	0.3 
A,PC_IMP_PART,SITC6_8,OM,EU27_2020	0.0 	0.0 	0.0 	0.0 	0.0 	0.0 	0.0 	0.0 	0.0 	0.0 	0.0 	0.0 	0.0 	0.0 	0.0 	0.0 	0.0 	0.0 	0.0 	0.0 	0.1 	0.1 	0.1 	0.1 
A,PC_IMP_PART,SITC6_8,OPEC,EU27_2020	1.0 	1.1 	1.3 	1.2 	1.3 	1.2 	1.1 	0.9 	1.1 	1.3 	1.3 	1.3 	1.3 	1.4 	1.2 	1.2 	1.2 	0.9 	0.7 	1.0 	1.2 	1.1 	0.9 	0.9 
A,PC_IMP_PART,SITC6_8,PA,EU27_2020	0.0 	0.0 	0.0 	0.0 	0.0 	0.0 	0.0 	0.0 	0.0 	0.0 	0.0 	0.0 	0.0 	0.0 	0.0 	0.0 	0.0 	0.0 	0.0 	0.0 	0.0 	0.0 	0.0 	0.0 
A,PC_IMP_PART,SITC6_8,PE,EU27_2020	0.1 	0.1 	0.2 	0.2 	0.3 	0.3 	0.2 	0.2 	0.3 	0.3 	0.2 	0.2 	0.2 	0.2 	0.2 	0.2 	0.2 	0.1 	0.1 	0.1 	0.1 	0.2 	0.2 	0.2 
A,PC_IMP_PART,SITC6_8,PF,EU27_2020	0.0 	0.0 	0.0 	0.0 	0.0 	0.0 	0.0 	0.0 	0.0 	0.0 	0.0 	0.0 	0.0 	0.0 	0.0 	0.0 	0.0 	0.0 	0.0 	0.0 	0.0 	0.0 	0.0 	0.0 
A,PC_IMP_PART,SITC6_8,PG,EU27_2020	0.0 	0.0 	0.0 	0.0 	0.0 	0.0 	0.0 	0.0 	0.0 	0.0 	0.0 	0.0 	0.0 	0.0 	0.0 	0.0 	0.0 	0.0 	0.0 	0.0 	0.0 	0.0 	0.0 	0.0 
A,PC_IMP_PART,SITC6_8,PH,EU27_2020	0.3 	0.3 	0.3 	0.3 	0.3 	0.2 	0.2 	0.2 	0.2 	0.2 	0.2 	0.3 	0.3 	0.3 	0.3 	0.2 	0.2 	0.2 	0.2 	0.2 	0.2 	0.2 	0.2 	0.2 
A,PC_IMP_PART,SITC6_8,PK,EU27_2020	0.9 	0.9 	0.9 	0.8 	0.7 	0.7 	0.7 	0.8 	0.8 	0.9 	0.8 	0.9 	1.0 	1.0 	1.1 	1.1 	1.1 	1.1 	1.1 	1.1 	1.2 	1.2 	1.2 	1.3 
A,PC_IMP_PART,SITC6_8,PM,EU27_2020	0.0 	0.0 	0.0 	0.0 	0.0 	0.0 	0.0 	0.0 	0.0 	0.0 	0.0 	0.0 	0.0 	0.0 	0.0 	0.0 	0.0 	0.0 	0.0 	0.0 	0.0 	0.0 	0.0 	0.0 
A,PC_IMP_PART,SITC6_8,PN,EU27_2020	0.0 	0.0 	0.0 	0.0 	0.0 	0.0 	0.0 	0.0 	0.0 	0.0 	0.0 	0.0 	0.0 	0.0 	0.0 	0.0 	0.0 	0.0 	0.0 	0.0 	0.0 	0.0 	0.0 	0.0 
A,PC_IMP_PART,SITC6_8,PS,EU27_2020	0.0 	0.0 	0.0 	0.0 	0.0 	0.0 	0.0 	0.0 	0.0 	0.0 	0.0 	0.0 	0.0 	0.0 	0.0 	0.0 	0.0 	0.0 	0.0 	0.0 	0.0 	0.0 	0.0 	0.0 
A,PC_IMP_PART,SITC6_8,PW,EU27_2020	0.0 	0.0 	0.0 	0.0 	0.0 	0.0 	0.0 	0.0 	0.0 	0.0 	0.0 	0.0 	0.0 	0.0 	0.0 	0.0 	0.0 	0.0 	0.0 	0.0 	0.0 	0.0 	0.0 	0.0 
A,PC_IMP_PART,SITC6_8,PY,EU27_2020	0.0 	0.0 	0.0 	0.0 	0.0 	0.0 	0.0 	0.0 	0.0 	0.0 	0.0 	0.0 	0.0 	0.0 	0.0 	0.0 	0.0 	0.0 	0.0 	0.0 	0.0 	0.0 	0.0 	0.0 
A,PC_IMP_PART,SITC6_8,QA,EU27_2020	0.0 	0.0 	0.0 	0.0 	0.0 	0.0 	0.0 	0.0 	0.0 	0.0 	0.0 	0.0 	0.0 	0.0 	0.0 	0.0 	0.0 	0.0 	0.0 	0.0 	0.0 	0.0 	0.0 	0.0 
A,PC_IMP_PART,SITC6_8,RS,EU27_2020	: 	: 	: 	: 	0.5 	0.6 	0.6 	0.5 	0.6 	0.6 	0.5 	0.6 	0.6 	0.7 	0.7 	0.8 	0.9 	0.9 	0.9 	0.9 	0.9 	1.1 	1.1 	1.2 
A,PC_IMP_PART,SITC6_8,RS_ME,EU27_2020	0.3 	0.4 	0.4 	0.5 	: 	: 	: 	: 	: 	: 	: 	: 	: 	: 	: 	: 	: 	: 	: 	: 	: 	: 	: 	: 
A,PC_IMP_PART,SITC6_8,RU,EU27_2020	3.0 	3.3 	3.9 	3.9 	4.2 	4.1 	3.8 	2.8 	3.6 	3.7 	3.6 	3.4 	3.5 	3.3 	3.4 	3.7 	4.1 	3.4 	2.9 	4.0 	2.8 	1.2 	0.8 	0.7 
A,PC_IMP_PART,SITC6_8,RW,EU27_2020	0.0 	0.0 	0.0 	0.0 	0.0 	0.0 	0.0 	0.0 	0.0 	0.0 	0.0 	0.0 	0.0 	0.0 	0.0 	0.0 	0.0 	0.0 	0.0 	0.0 	0.0 	0.0 	0.0 	0.0 
A,PC_IMP_PART,SITC6_8,SA,EU27_2020	0.1 	0.1 	0.1 	0.0 	0.0 	0.0 	0.0 	0.0 	0.0 	0.0 	0.0 	0.0 	0.0 	0.1 	0.1 	0.1 	0.1 	0.1 	0.0 	0.1 	0.1 	0.1 	0.1 	0.1 
A,PC_IMP_PART,SITC6_8,SB,EU27_2020	0.0 	0.0 	0.0 	0.0 	0.0 	0.0 	0.0 	0.0 	0.0 	0.0 	0.0 	0.0 	0.0 	0.0 	0.0 	0.0 	0.0 	0.0 	0.0 	0.0 	0.0 	0.0 	0.0 	0.0 
A,PC_IMP_PART,SITC6_8,SC,EU27_2020	0.0 	0.0 	0.0 	0.0 	0.0 	0.0 	0.0 	0.0 	0.0 	0.0 	0.0 	0.0 	0.0 	0.0 	0.0 	0.0 	0.0 	0.0 	0.0 	0.0 	0.0 	0.0 	0.0 	0.0 
A,PC_IMP_PART,SITC6_8,SD,EU27_2020	0.0 	0.0 	0.0 	0.0 	0.0 	0.0 	0.0 	0.0 	0.0 	0.0 	0.0 	0.0 	0.0 	0.0 	0.0 	0.0 	0.0 	0.0 	0.0 	0.0 	0.0 	0.0 	0.0 	0.0 
A,PC_IMP_PART,SITC6_8,SG,EU27_2020	0.4 	0.3 	0.3 	0.3 	0.3 	0.3 	0.3 	0.3 	0.4 	0.4 	0.5 	0.5 	0.5 	0.5 	0.6 	0.6 	0.6 	0.6 	0.7 	0.6 	0.5 	0.6 	0.6 	0.6 
A,PC_IMP_PART,SITC6_8,SH,EU27_2020	0.0 	0.0 	0.0 	0.0 	0.0 	0.0 	0.0 	0.0 	0.0 	0.0 	0.0 	0.0 	0.0 	0.0 	0.0 	0.0 	0.0 	0.0 	0.0 	0.0 	0.0 	0.0 	0.0 	0.0 
A,PC_IMP_PART,SITC6_8,SL,EU27_2020	0.0 	0.0 	0.0 	0.0 	0.0 	0.0 	0.0 	0.0 	0.0 	0.0 	0.0 	0.0 	0.0 	0.0 	0.0 	0.0 	0.0 	0.0 	0.0 	0.0 	0.0 	0.0 	0.0 	0.0 
A,PC_IMP_PART,SITC6_8,SM,EU27_2020	0.0 	0.0 	0.0 	0.0 	0.0 	0.0 	0.0 	0.0 	0.0 	0.0 	0.0 	0.0 	0.0 	0.0 	0.0 	0.0 	0.0 	0.0 	0.0 	0.0 	0.0 	0.0 	0.0 	0.0 
A,PC_IMP_PART,SITC6_8,SN,EU27_2020	0.0 	0.0 	0.0 	0.0 	0.0 	0.0 	0.0 	0.0 	0.0 	0.0 	0.0 	0.0 	0.0 	0.0 	0.0 	0.0 	0.0 	0.0 	0.0 	0.0 	0.0 	0.0 	0.0 	0.0 
A,PC_IMP_PART,SITC6_8,SO,EU27_2020	0.0 	0.0 	0.0 	0.0 	0.0 	0.0 	0.0 	0.0 	0.0 	0.0 	0.0 	0.0 	0.0 	0.0 	0.0 	0.0 	0.0 	0.0 	0.0 	0.0 	0.0 	0.0 	0.0 	0.0 
A,PC_IMP_PART,SITC6_8,SR,EU27_2020	0.0 	0.0 	0.0 	0.0 	0.0 	0.0 	0.0 	0.0 	0.0 	0.0 	0.0 	0.0 	0.0 	0.0 	0.0 	0.0 	0.0 	0.0 	0.0 	0.0 	0.0 	0.0 	0.0 	0.0 
A,PC_IMP_PART,SITC6_8,SS,EU27_2020	: 	: 	: 	: 	: 	: 	: 	: 	: 	: 	: 	0.0 	0.0 	0.0 	0.0 	0.0 	0.0 	0.0 	0.0 	0.0 	0.0 	0.0 	0.0 	0.0 
A,PC_IMP_PART,SITC6_8,ST,EU27_2020	0.0 	0.0 	0.0 	0.0 	0.0 	0.0 	0.0 	0.0 	0.0 	0.0 	0.0 	0.0 	0.0 	0.0 	0.0 	0.0 	0.0 	0.0 	0.0 	0.0 	0.0 	0.0 	0.0 	0.0 
A,PC_IMP_PART,SITC6_8,SV,EU27_2020	0.0 	0.0 	0.0 	0.0 	0.0 	0.0 	0.0 	0.0 	0.0 	0.0 	0.0 	0.0 	0.0 	0.0 	0.0 	0.0 	0.0 	0.0 	0.0 	0.0 	0.0 	0.0 	0.0 	0.0 
A,PC_IMP_PART,SITC6_8,SX,EU27_2020	: 	: 	: 	: 	: 	: 	: 	: 	: 	: 	: 	0.0 	0.0 	0.0 	0.0 	0.0 	0.0 	0.0 	0.0 	0.0 	0.0 	0.0 	0.0 	0.0 
A,PC_IMP_PART,SITC6_8,SY,EU27_2020	0.1 	0.1 	0.1 	0.1 	0.1 	0.1 	0.0 	0.0 	0.0 	0.1 	0.0 	0.0 	0.0 	0.0 	0.0 	0.0 	0.0 	0.0 	0.0 	0.0 	0.0 	0.0 	0.0 	0.0 
A,PC_IMP_PART,SITC6_8,SZ,EU27_2020	0.0 	0.0 	0.0 	0.0 	0.0 	0.0 	0.0 	0.0 	0.0 	0.0 	0.0 	0.0 	0.0 	0.0 	0.0 	0.0 	0.0 	0.0 	0.0 	0.0 	0.0 	0.0 	0.0 	0.0 
A,PC_IMP_PART,SITC6_8,TC,EU27_2020	0.0 	0.0 	0.0 	0.0 	0.0 	0.0 	0.0 	0.0 	0.0 	0.0 	0.0 	0.0 	0.0 	0.0 	0.0 	0.0 	0.0 	0.0 	0.0 	0.0 	0.0 	0.0 	0.0 	0.0 
A,PC_IMP_PART,SITC6_8,TD,EU27_2020	0.0 	0.0 	0.0 	0.0 	0.0 	0.0 	0.0 	0.0 	0.0 	0.0 	0.0 	0.0 	0.0 	0.0 	0.0 	0.0 	0.0 	0.0 	0.0 	0.0 	0.0 	0.0 	0.0 	0.0 
A,PC_IMP_PART,SITC6_8,TF,EU27_2020	0.0 	0.0 	0.0 	0.0 	0.0 	0.0 	0.0 	0.0 	0.0 	0.0 	0.0 	0.0 	0.0 	0.0 	0.0 	0.0 	0.0 	0.0 	0.0 	0.0 	0.0 	0.0 	0.0 	0.0 
A,PC_IMP_PART,SITC6_8,TG,EU27_2020	0.0 	0.0 	0.0 	0.0 	0.0 	0.0 	0.0 	0.0 	0.0 	0.0 	0.0 	0.0 	0.0 	0.0 	0.0 	0.0 	0.0 	0.0 	0.0 	0.0 	0.0 	0.0 	0.0 	0.0 
A,PC_IMP_PART,SITC6_8,TH,EU27_2020	1.5 	1.4 	1.4 	1.3 	1.2 	1.2 	1.2 	1.3 	1.3 	1.2 	1.2 	1.2 	1.2 	1.1 	1.2 	1.1 	1.1 	1.1 	1.0 	1.0 	1.1 	1.1 	1.1 	1.1 
A,PC_IMP_PART,SITC6_8,TJ,EU27_2020	0.1 	0.1 	0.1 	0.0 	0.1 	0.1 	0.0 	0.0 	0.0 	0.0 	0.0 	0.0 	0.0 	0.0 	0.0 	0.0 	0.0 	0.0 	0.0 	0.0 	0.0 	0.0 	0.0 	0.1 
A,PC_IMP_PART,SITC6_8,TK,EU27_2020	0.0 	0.0 	0.0 	0.0 	0.0 	0.0 	0.0 	0.0 	0.0 	0.0 	0.0 	0.0 	0.0 	0.0 	0.0 	0.0 	0.0 	0.0 	0.0 	0.0 	0.0 	0.0 	0.0 	0.0 
A,PC_IMP_PART,SITC6_8,TL,EU27_2020	0.0 	0.0 	0.0 	0.0 	0.0 	0.0 	0.0 	0.0 	0.0 	0.0 	0.0 	0.0 	0.0 	0.0 	0.0 	0.0 	0.0 	0.0 	0.0 	0.0 	0.0 	0.0 	0.0 	0.0 
A,PC_IMP_PART,SITC6_8,TM,EU27_2020	0.0 	0.0 	0.0 	0.0 	0.0 	0.0 	0.0 	0.0 	0.0 	0.0 	0.0 	0.0 	0.0 	0.0 	0.0 	0.0 	0.0 	0.0 	0.0 	0.0 	0.0 	0.0 	0.0 	0.0 
A,PC_IMP_PART,SITC6_8,TN,EU27_2020	1.7 	1.6 	1.4 	1.3 	1.1 	1.1 	1.2 	1.3 	1.2 	1.1 	1.0 	1.0 	0.9 	0.9 	0.9 	0.9 	0.9 	0.9 	0.8 	0.8 	0.8 	1.0 	0.9 	0.9 
A,PC_IMP_PART,SITC6_8,TO,EU27_2020	0.0 	0.0 	0.0 	0.0 	0.0 	0.0 	0.0 	0.0 	0.0 	0.0 	0.0 	0.0 	0.0 	0.0 	0.0 	0.0 	0.0 	0.0 	0.0 	0.0 	0.0 	0.0 	0.0 	0.0 
A,PC_IMP_PART,SITC6_8,TR,EU27_2020	5.1 	5.7 	5.8 	5.5 	5.3 	5.4 	5.2 	5.3 	5.0 	5.3 	5.3 	5.6 	5.5 	5.2 	5.5 	5.7 	6.1 	6.1 	6.0 	6.8 	6.9 	6.8 	6.7 	6.6 
A,PC_IMP_PART,SITC6_8,TT,EU27_2020	0.0 	0.0 	0.0 	0.0 	0.0 	0.0 	0.0 	0.0 	0.0 	0.0 	0.0 	0.0 	0.0 	0.0 	0.0 	0.0 	0.0 	0.0 	0.0 	0.0 	0.0 	0.0 	0.0 	0.0 
A,PC_IMP_PART,SITC6_8,TV,EU27_2020	0.0 	0.0 	0.0 	0.0 	0.0 	0.0 	0.0 	0.0 	0.0 	0.0 	0.0 	0.0 	0.0 	0.0 	0.0 	0.0 	0.0 	0.0 	0.0 	0.0 	0.0 	0.0 	0.0 	0.0 
A,PC_IMP_PART,SITC6_8,TW,EU27_2020	1.7 	1.7 	1.7 	1.6 	1.6 	1.5 	1.3 	1.3 	1.4 	1.4 	1.4 	1.4 	1.5 	1.4 	1.5 	1.5 	1.5 	1.5 	1.4 	1.7 	1.9 	1.7 	1.6 	1.5 
A,PC_IMP_PART,SITC6_8,TZ,EU27_2020	0.0 	0.0 	0.0 	0.0 	0.0 	0.0 	0.0 	0.0 	0.0 	0.0 	0.0 	0.0 	0.0 	0.0 	0.0 	0.0 	0.0 	0.0 	0.0 	0.0 	0.0 	0.0 	0.0 	0.0 
A,PC_IMP_PART,SITC6_8,UA,EU27_2020	0.9 	1.0 	1.4 	1.4 	1.5 	1.4 	1.6 	0.9 	1.2 	1.5 	1.2 	1.2 	1.1 	1.0 	1.0 	1.1 	1.2 	1.2 	1.1 	1.6 	1.0 	0.9 	1.0 	1.0 
A,PC_IMP_PART,SITC6_8,UG,EU27_2020	0.0 	0.0 	0.0 	0.0 	0.0 	0.0 	0.0 	0.0 	0.0 	0.0 	0.0 	0.0 	0.0 	0.0 	0.0 	0.0 	0.0 	0.0 	0.0 	0.0 	0.0 	0.0 	0.0 	0.0 
A,PC_IMP_PART,SITC6_8,UK,EU27_2020	16.0 	15.2 	14.8 	14.1 	12.8 	12.3 	11.5 	11.3 	10.6 	10.6 	10.6 	10.6 	10.0 	9.7 	9.5 	9.3 	9.0 	9.1 	8.6 	5.8 	5.2 	5.8 	5.6 	5.2 
A,PC_IMP_PART,SITC6_8,UM,EU27_2020	0.0 	0.0 	0.0 	0.0 	0.0 	0.0 	0.0 	0.0 	0.0 	0.0 	0.0 	0.0 	0.0 	0.0 	0.0 	0.0 	0.0 	0.0 	0.0 	0.0 	0.0 	0.0 	0.0 	0.0 
A,PC_IMP_PART,SITC6_8,US,EU27_2020	11.5 	10.2 	9.3 	9.1 	8.6 	7.7 	7.9 	8.6 	8.0 	7.5 	8.1 	8.2 	8.0 	8.6 	8.3 	8.3 	8.1 	8.3 	8.0 	7.3 	7.1 	8.6 	8.4 	8.2 
A,PC_IMP_PART,SITC6_8,USMCA,EU27_2020	12.7 	11.4 	10.4 	10.2 	9.7 	9.1 	9.2 	9.8 	9.2 	8.7 	9.4 	9.6 	9.4 	10.1 	9.8 	9.7 	9.6 	10.0 	9.5 	9.0 	8.7 	10.4 	10.2 	9.9 
A,PC_IMP_PART,SITC6_8,UY,EU27_2020	0.0 	0.1 	0.1 	0.0 	0.0 	0.0 	0.0 	0.0 	0.0 	0.0 	0.0 	0.0 	0.0 	0.0 	0.0 	0.0 	0.0 	0.0 	0.0 	0.0 	0.0 	0.0 	0.0 	0.0 
A,PC_IMP_PART,SITC6_8,UZ,EU27_2020	0.0 	0.0 	0.1 	0.0 	0.1 	0.1 	0.0 	0.0 	0.0 	0.0 	0.0 	0.0 	0.0 	0.0 	0.0 	0.0 	0.0 	0.0 	0.0 	0.0 	0.0 	0.1 	0.0 	0.0 
A,PC_IMP_PART,SITC6_8,VA,EU27_2020	0.0 	0.0 	0.0 	0.0 	0.0 	0.0 	0.0 	0.0 	0.0 	0.0 	0.0 	0.0 	0.0 	0.0 	0.0 	0.0 	0.0 	0.0 	0.0 	0.0 	0.0 	0.0 	0.0 	0.0 
A,PC_IMP_PART,SITC6_8,VC,EU27_2020	0.0 	0.0 	0.0 	0.0 	0.0 	0.0 	0.0 	0.0 	0.0 	0.0 	0.0 	0.0 	0.0 	0.0 	0.0 	0.0 	0.0 	0.0 	0.0 	0.0 	0.0 	0.0 	0.0 	0.0 
A,PC_IMP_PART,SITC6_8,VE,EU27_2020	0.2 	0.2 	0.2 	0.2 	0.2 	0.2 	0.2 	0.1 	0.1 	0.1 	0.1 	0.1 	0.0 	0.1 	0.0 	0.0 	0.0 	0.0 	0.0 	0.0 	0.0 	0.0 	0.0 	0.0 
A,PC_IMP_PART,SITC6_8,VG,EU27_2020	0.0 	0.0 	0.0 	0.0 	0.0 	0.0 	0.0 	0.0 	0.0 	0.0 	0.0 	0.0 	0.0 	0.0 	0.0 	0.0 	0.0 	0.0 	0.0 	0.0 	0.0 	0.0 	0.0 	0.0 
A,PC_IMP_PART,SITC6_8,VI,EU27_2020	0.0 	0.0 	0.0 	0.0 	0.0 	0.0 	0.0 	0.0 	0.0 	0.0 	0.0 	0.0 	0.0 	0.0 	0.0 	0.0 	0.0 	0.0 	0.0 	0.0 	0.0 	0.0 	0.0 	0.0 
A,PC_IMP_PART,SITC6_8,VN,EU27_2020	1.4 	1.4 	1.3 	1.2 	1.2 	1.2 	1.3 	1.5 	1.5 	1.4 	1.6 	1.7 	1.9 	2.2 	2.3 	2.5 	2.5 	2.7 	2.7 	2.8 	3.4 	3.5 	3.9 	4.0 
A,PC_IMP_PART,SITC6_8,VU,EU27_2020	0.0 	0.0 	0.0 	0.0 	0.0 	0.0 	0.0 	0.0 	0.0 	0.0 	0.0 	0.0 	0.0 	0.0 	0.0 	0.0 	0.0 	0.0 	0.0 	0.0 	0.0 	0.0 	0.0 	0.0 
A,PC_IMP_PART,SITC6_8,WBC,EU27_2020	0.6 	0.6 	0.7 	1.0 	1.4 	1.6 	1.6 	1.5 	1.5 	1.6 	1.5 	1.6 	1.6 	1.6 	1.7 	1.8 	2.0 	1.9 	1.8 	2.0 	2.0 	2.2 	2.2 	2.2 
A,PC_IMP_PART,SITC6_8,WF,EU27_2020	0.0 	0.0 	0.0 	0.0 	0.0 	0.0 	0.0 	0.0 	0.0 	0.0 	0.0 	0.0 	0.0 	0.0 	0.0 	0.0 	0.0 	0.0 	0.0 	0.0 	0.0 	0.0 	0.0 	0.0 
A,PC_IMP_PART,SITC6_8,WS,EU27_2020	0.0 	0.0 	0.0 	0.0 	0.0 	0.0 	0.0 	0.0 	0.0 	0.0 	0.0 	0.0 	0.0 	0.0 	0.0 	0.0 	0.0 	0.0 	0.0 	0.0 	0.0 	0.0 	0.0 	0.0 
A,PC_IMP_PART,SITC6_8,XK,EU27_2020	: 	: 	: 	: 	0.0 	0.0 	0.0 	0.0 	0.0 	0.0 	0.0 	0.0 	0.0 	0.0 	0.0 	0.0 	0.0 	0.0 	0.0 	0.0 	0.0 	0.0 	0.0 	0.0 
A,PC_IMP_PART,SITC6_8,YE,EU27_2020	0.0 	0.0 	0.0 	0.0 	0.0 	0.0 	0.0 	0.0 	0.0 	0.0 	0.0 	0.0 	0.0 	0.0 	0.0 	0.0 	0.0 	0.0 	0.0 	0.0 	0.0 	0.0 	0.0 	0.0 
A,PC_IMP_PART,SITC6_8,YT,EU27_2020	0.0 	0.0 	0.0 	0.0 	0.0 	0.0 	0.0 	0.0 	0.0 	0.0 	0.0 	0.0 	: 	: 	: 	: 	: 	: 	: 	: 	: 	: 	: 	: 
A,PC_IMP_PART,SITC6_8,ZA,EU27_2020	1.2 	1.2 	1.3 	1.3 	1.3 	1.3 	1.3 	0.8 	1.1 	1.0 	0.9 	0.8 	0.8 	0.8 	0.8 	0.9 	0.9 	0.7 	0.7 	1.1 	1.0 	0.9 	0.8 	0.8 
A,PC_IMP_PART,SITC6_8,ZM,EU27_2020	0.0 	0.0 	0.0 	0.0 	0.1 	0.1 	0.1 	0.0 	0.0 	0.1 	0.1 	0.1 	0.1 	0.1 	0.1 	0.1 	0.1 	0.1 	0.0 	0.0 	0.1 	0.0 	0.0 	0.0 
A,PC_IMP_PART,SITC6_8,ZW,EU27_2020	0.0 	0.0 	0.0 	0.0 	0.0 	0.0 	0.0 	0.0 	0.0 	0.0 	0.0 	0.0 	0.0 	0.0 	0.0 	0.0 	0.0 	0.0 	0.0 	0.0 	0.0 	0.0 	0.0 	0.0 
