freq,indic_et,sitc06,partner,geo\TIME_PERIOD	2002 	2003 	2004 	2005 	2006 	2007 	2008 	2009 	2010 	2011 	2012 	2013 	2014 	2015 	2016 	2017 	2018 	2019 	2020 	2021 	2022 	2023 	2024 	2025 
A,CONT_EXP_EU,SITC0_1,EU27_2020,AT	2.6 	2.8 	2.9 	2.9 	3.0 	3.0 	3.1 	3.0 	2.9 	2.9 	2.9 	2.8 	2.9 	2.8 	2.8 	2.8 	2.8 	2.9 	2.9 	2.9 	2.9 	3.0 	2.9 	2.8 
A,CONT_EXP_EU,SITC0_1,EU27_2020,BE	11.5 	11.3 	11.1 	10.8 	10.4 	10.2 	10.1 	10.3 	9.8 	9.8 	9.9 	9.5 	9.5 	9.7 	9.8 	9.7 	9.4 	9.4 	9.4 	9.1 	8.9 	9.0 	9.1 	9.1 
A,CONT_EXP_EU,SITC0_1,EU27_2020,BG	0.3 	0.2 	0.3 	0.3 	0.3 	0.3 	0.4 	0.6 	0.7 	0.7 	0.7 	0.7 	0.7 	0.7 	0.7 	0.8 	0.8 	0.8 	0.8 	0.8 	0.8 	0.7 	0.6 	0.6 
A,CONT_EXP_EU,SITC0_1,EU27_2020,CY	0.0 	0.1 	0.1 	0.1 	0.0 	0.1 	0.0 	0.0 	0.0 	0.0 	0.0 	0.0 	0.0 	0.0 	0.0 	0.0 	0.1 	0.1 	0.1 	0.1 	0.1 	0.0 	0.1 	0.1 
A,CONT_EXP_EU,SITC0_1,EU27_2020,CZ	0.8 	0.8 	1.0 	1.3 	1.4 	1.5 	1.7 	1.6 	1.6 	1.7 	1.9 	1.9 	2.0 	2.2 	2.1 	2.0 	2.0 	2.0 	2.1 	2.1 	2.2 	2.4 	2.4 	2.4 
A,CONT_EXP_EU,SITC0_1,EU27_2020,DE	15.7 	16.1 	16.4 	17.2 	17.4 	17.8 	17.7 	17.8 	17.4 	17.5 	17.3 	17.6 	17.7 	17.2 	17.1 	16.8 	16.5 	16.1 	15.7 	15.5 	15.6 	15.4 	15.3 	15.3 
A,CONT_EXP_EU,SITC0_1,EU27_2020,DK	5.2 	5.0 	4.8 	4.8 	4.9 	4.4 	4.3 	4.3 	4.1 	3.8 	3.8 	3.7 	3.7 	3.4 	3.5 	3.5 	3.3 	3.3 	3.1 	3.0 	3.0 	3.0 	2.9 	2.8 
A,CONT_EXP_EU,SITC0_1,EU27_2020,EE	0.1 	0.1 	0.2 	0.2 	0.2 	0.2 	0.2 	0.2 	0.2 	0.3 	0.3 	0.3 	0.3 	0.3 	0.3 	0.3 	0.3 	0.3 	0.3 	0.3 	0.3 	0.3 	0.3 	0.3 
A,CONT_EXP_EU,SITC0_1,EU27_2020,EL	1.2 	1.2 	1.1 	1.2 	1.2 	1.2 	1.2 	1.3 	1.3 	1.2 	1.2 	1.1 	1.1 	1.2 	1.2 	1.2 	1.2 	1.2 	1.3 	1.4 	1.3 	1.4 	1.4 	1.5 
A,CONT_EXP_EU,SITC0_1,EU27_2020,ES	10.1 	10.5 	9.9 	9.4 	9.2 	8.8 	8.9 	9.1 	9.2 	9.0 	9.2 	9.3 	9.2 	9.8 	9.8 	9.7 	9.8 	10.1 	10.2 	10.2 	9.6 	9.9 	9.8 	9.6 
A,CONT_EXP_EU,SITC0_1,EU27_2020,EU27_2020	100.0 	100.0 	100.0 	100.0 	100.0 	100.0 	100.0 	100.0 	100.0 	100.0 	100.0 	100.0 	100.0 	100.0 	100.0 	100.0 	100.0 	100.0 	100.0 	100.0 	100.0 	100.0 	100.0 	100.0 
A,CONT_EXP_EU,SITC0_1,EU27_2020,FI	0.3 	0.3 	0.4 	0.3 	0.3 	0.4 	0.4 	0.3 	0.3 	0.3 	0.3 	0.3 	0.3 	0.3 	0.3 	0.3 	0.3 	0.4 	0.4 	0.3 	0.4 	0.4 	0.4 	0.4 
A,CONT_EXP_EU,SITC0_1,EU27_2020,FR	16.3 	16.3 	15.7 	14.5 	14.3 	14.1 	13.7 	13.0 	12.6 	12.8 	12.3 	12.2 	11.7 	11.2 	10.6 	10.4 	10.4 	10.2 	9.9 	10.1 	10.2 	9.7 	9.6 	9.4 
A,CONT_EXP_EU,SITC0_1,EU27_2020,HR	0.2 	0.2 	0.1 	0.2 	0.3 	0.2 	0.2 	0.2 	0.2 	0.2 	0.2 	0.2 	0.2 	0.3 	0.3 	0.3 	0.4 	0.4 	0.4 	0.5 	0.5 	0.5 	0.5 	0.5 
A,CONT_EXP_EU,SITC0_1,EU27_2020,HU	1.3 	1.3 	1.4 	1.4 	1.5 	1.9 	2.0 	1.8 	1.9 	2.2 	2.3 	2.2 	2.0 	2.0 	1.9 	2.0 	2.0 	2.0 	2.1 	2.1 	2.0 	2.0 	2.0 	1.8 
A,CONT_EXP_EU,SITC0_1,EU27_2020,IE	1.5 	1.6 	1.5 	1.5 	1.6 	1.5 	1.2 	1.2 	1.3 	1.3 	1.2 	1.2 	1.3 	1.2 	1.3 	1.4 	1.4 	1.4 	1.4 	1.3 	1.5 	1.3 	1.3 	1.4 
A,CONT_EXP_EU,SITC0_1,EU27_2020,IT	7.8 	7.6 	7.6 	7.5 	7.4 	7.4 	7.4 	7.3 	7.5 	7.3 	7.2 	7.1 	7.1 	7.2 	7.4 	7.5 	7.5 	7.6 	7.8 	8.0 	7.8 	7.9 	7.9 	8.1 
A,CONT_EXP_EU,SITC0_1,EU27_2020,LT	0.2 	0.2 	0.4 	0.5 	0.5 	0.7 	0.6 	0.6 	0.7 	0.7 	0.8 	0.8 	0.8 	0.9 	0.9 	1.0 	0.9 	1.0 	1.1 	1.0 	1.1 	1.0 	1.0 	1.0 
A,CONT_EXP_EU,SITC0_1,EU27_2020,LU	0.5 	0.5 	0.4 	0.4 	0.4 	0.4 	0.4 	0.4 	0.4 	0.4 	0.4 	0.4 	0.4 	0.4 	0.4 	0.4 	0.4 	0.4 	0.4 	0.4 	0.4 	0.4 	0.4 	0.4 
A,CONT_EXP_EU,SITC0_1,EU27_2020,LV	0.1 	0.1 	0.1 	0.2 	0.2 	0.3 	0.3 	0.3 	0.3 	0.3 	0.4 	0.4 	0.4 	0.4 	0.4 	0.4 	0.4 	0.5 	0.4 	0.5 	0.6 	0.6 	0.6 	0.6 
A,CONT_EXP_EU,SITC0_1,EU27_2020,MT	0.0 	0.0 	0.0 	0.0 	0.0 	0.0 	0.0 	0.0 	0.0 	0.0 	0.0 	0.0 	0.0 	0.0 	0.0 	0.0 	0.0 	0.0 	0.0 	0.0 	0.0 	0.0 	0.0 	0.0 
A,CONT_EXP_EU,SITC0_1,EU27_2020,NL	19.9 	19.2 	19.1 	18.6 	18.0 	17.7 	17.9 	17.8 	18.2 	17.7 	17.3 	17.5 	17.3 	16.9 	17.3 	17.3 	17.1 	17.1 	16.8 	17.0 	16.7 	16.6 	17.3 	17.5 
A,CONT_EXP_EU,SITC0_1,EU27_2020,PL	1.5 	1.7 	2.4 	3.1 	3.5 	3.7 	4.0 	4.1 	4.4 	4.5 	5.0 	5.3 	5.8 	6.2 	6.0 	6.6 	7.0 	7.1 	7.5 	7.6 	8.0 	8.2 	8.2 	8.5 
A,CONT_EXP_EU,SITC0_1,EU27_2020,PT	1.0 	1.0 	1.0 	1.1 	1.2 	1.2 	1.3 	1.3 	1.3 	1.3 	1.2 	1.3 	1.3 	1.4 	1.4 	1.4 	1.4 	1.4 	1.5 	1.5 	1.5 	1.5 	1.5 	1.5 
A,CONT_EXP_EU,SITC0_1,EU27_2020,RO	0.2 	0.2 	0.2 	0.3 	0.3 	0.4 	0.5 	0.7 	0.8 	0.9 	0.9 	0.9 	1.0 	1.1 	1.0 	1.0 	1.0 	1.1 	1.0 	1.2 	1.1 	1.1 	1.1 	1.1 
A,CONT_EXP_EU,SITC0_1,EU27_2020,SE	1.1 	1.2 	1.3 	1.4 	1.5 	1.5 	1.5 	1.6 	1.8 	1.8 	1.8 	1.9 	1.9 	2.0 	2.2 	2.0 	2.1 	2.0 	2.0 	2.1 	2.2 	2.1 	1.9 	1.9 
A,CONT_EXP_EU,SITC0_1,EU27_2020,SI	0.1 	0.1 	0.1 	0.2 	0.3 	0.4 	0.4 	0.4 	0.4 	0.4 	0.5 	0.4 	0.4 	0.4 	0.4 	0.4 	0.5 	0.5 	0.5 	0.5 	0.6 	0.6 	0.6 	0.6 
A,CONT_EXP_EU,SITC0_1,EU27_2020,SK	0.3 	0.4 	0.5 	0.6 	0.8 	0.8 	0.8 	0.8 	0.9 	1.0 	1.1 	0.9 	0.8 	0.8 	0.8 	0.8 	0.8 	0.8 	0.8 	0.9 	1.0 	1.0 	0.9 	0.9 
A,CONT_EXP_EU,SITC0_1,EXT_EU27_2020,AT	1.3 	1.6 	1.9 	2.1 	2.5 	2.2 	2.0 	2.0 	2.0 	2.0 	2.0 	1.9 	1.9 	1.9 	1.9 	1.9 	2.0 	2.0 	2.0 	1.9 	1.8 	1.7 	1.6 	1.5 
A,CONT_EXP_EU,SITC0_1,EXT_EU27_2020,BE	5.8 	5.7 	6.2 	6.4 	6.3 	6.6 	6.6 	6.1 	5.7 	5.5 	5.5 	5.5 	5.8 	5.7 	5.7 	5.8 	5.9 	5.7 	5.5 	6.0 	6.2 	6.8 	7.1 	7.0 
A,CONT_EXP_EU,SITC0_1,EXT_EU27_2020,BG	0.5 	0.4 	0.5 	0.5 	0.5 	0.4 	0.7 	0.5 	0.6 	0.6 	0.6 	0.9 	0.8 	0.8 	0.8 	0.7 	0.6 	0.8 	0.8 	1.0 	1.2 	1.5 	1.2 	1.1 
A,CONT_EXP_EU,SITC0_1,EXT_EU27_2020,CY	0.1 	0.1 	0.1 	0.1 	0.1 	0.1 	0.1 	0.1 	0.1 	0.1 	0.1 	0.1 	0.1 	0.1 	0.1 	0.2 	0.2 	0.2 	0.2 	0.1 	0.1 	0.2 	0.2 	0.2 
A,CONT_EXP_EU,SITC0_1,EXT_EU27_2020,CZ	0.4 	0.4 	0.4 	0.5 	0.4 	0.4 	0.4 	0.5 	0.4 	0.4 	0.5 	0.5 	0.5 	0.5 	0.5 	0.5 	0.5 	0.5 	0.5 	0.5 	0.5 	0.6 	0.6 	0.6 
A,CONT_EXP_EU,SITC0_1,EXT_EU27_2020,DE	10.8 	10.8 	10.6 	11.4 	11.9 	12.5 	13.3 	13.9 	13.5 	13.6 	13.7 	13.3 	13.3 	13.4 	13.4 	12.9 	12.2 	12.2 	12.0 	10.8 	10.8 	11.0 	11.1 	11.2 
A,CONT_EXP_EU,SITC0_1,EXT_EU27_2020,DK	7.3 	6.9 	6.9 	6.5 	6.0 	5.6 	5.4 	5.5 	5.6 	5.2 	4.9 	4.8 	4.7 	4.7 	4.6 	4.6 	4.5 	4.5 	4.6 	4.4 	4.0 	3.8 	3.8 	3.8 
A,CONT_EXP_EU,SITC0_1,EXT_EU27_2020,EE	0.2 	0.1 	0.1 	0.2 	0.2 	0.3 	0.3 	0.2 	0.3 	0.3 	0.3 	0.3 	0.2 	0.2 	0.2 	0.2 	0.1 	0.2 	0.2 	0.2 	0.3 	0.2 	0.3 	0.2 
A,CONT_EXP_EU,SITC0_1,EXT_EU27_2020,EL	1.6 	1.4 	1.3 	1.4 	1.4 	1.4 	1.3 	1.3 	1.3 	1.1 	1.2 	1.1 	1.1 	1.1 	1.1 	1.1 	1.1 	1.1 	1.2 	1.2 	1.3 	1.4 	1.5 	1.6 
A,CONT_EXP_EU,SITC0_1,EXT_EU27_2020,ES	7.8 	7.8 	7.8 	7.5 	7.3 	7.5 	7.3 	7.5 	7.7 	8.1 	8.3 	8.0 	8.3 	8.7 	9.3 	9.3 	9.5 	9.8 	10.3 	10.6 	9.9 	9.5 	10.1 	10.2 
A,CONT_EXP_EU,SITC0_1,EXT_EU27_2020,EU27_2020	100.0 	100.0 	100.0 	100.0 	100.0 	100.0 	100.0 	100.0 	100.0 	100.0 	100.0 	100.0 	100.0 	100.0 	100.0 	100.0 	100.0 	100.0 	100.0 	100.0 	100.0 	100.0 	100.0 	100.0 
A,CONT_EXP_EU,SITC0_1,EXT_EU27_2020,FI	0.7 	0.6 	0.6 	0.6 	0.6 	0.7 	0.7 	0.6 	0.6 	0.7 	0.6 	0.6 	0.5 	0.4 	0.3 	0.4 	0.3 	0.3 	0.4 	0.3 	0.3 	0.2 	0.2 	0.2 
A,CONT_EXP_EU,SITC0_1,EXT_EU27_2020,FR	21.5 	21.8 	20.8 	20.4 	20.0 	19.4 	19.4 	18.9 	19.9 	20.5 	19.4 	19.2 	18.0 	18.6 	17.7 	17.4 	17.8 	17.4 	16.1 	17.0 	17.1 	15.9 	15.2 	14.4 
A,CONT_EXP_EU,SITC0_1,EXT_EU27_2020,HR	0.5 	0.6 	0.5 	0.5 	0.6 	0.6 	0.6 	0.6 	0.6 	0.6 	0.6 	0.5 	0.5 	0.5 	0.5 	0.5 	0.6 	0.5 	0.5 	0.5 	0.5 	0.6 	0.6 	0.6 
A,CONT_EXP_EU,SITC0_1,EXT_EU27_2020,HU	1.1 	1.1 	1.0 	1.1 	1.1 	1.0 	1.0 	0.9 	1.0 	1.0 	1.0 	0.9 	1.0 	0.9 	1.0 	1.0 	0.9 	0.9 	0.9 	0.9 	0.9 	1.0 	1.0 	1.0 
A,CONT_EXP_EU,SITC0_1,EXT_EU27_2020,IE	7.4 	7.3 	7.4 	7.4 	7.5 	7.0 	6.0 	5.7 	5.4 	5.3 	5.3 	5.3 	5.5 	5.6 	5.6 	5.8 	5.6 	5.5 	5.3 	5.3 	5.3 	5.2 	5.3 	5.5 
A,CONT_EXP_EU,SITC0_1,EXT_EU27_2020,IT	10.1 	10.0 	10.0 	9.9 	9.7 	9.8 	9.9 	10.1 	9.7 	9.5 	9.5 	9.5 	9.8 	10.2 	10.3 	10.6 	10.6 	11.0 	11.3 	11.8 	11.3 	11.7 	12.5 	12.5 
A,CONT_EXP_EU,SITC0_1,EXT_EU27_2020,LT	0.3 	0.5 	0.4 	0.5 	0.8 	0.9 	1.2 	1.1 	1.2 	1.3 	1.7 	1.8 	1.6 	1.1 	1.0 	1.0 	1.1 	1.1 	1.3 	1.0 	1.2 	1.3 	1.0 	1.0 
A,CONT_EXP_EU,SITC0_1,EXT_EU27_2020,LU	0.1 	0.1 	0.0 	0.0 	0.0 	0.0 	0.0 	0.0 	0.0 	0.0 	0.0 	0.0 	0.1 	0.1 	0.0 	0.0 	0.0 	0.0 	0.0 	0.0 	0.0 	0.0 	0.0 	0.0 
A,CONT_EXP_EU,SITC0_1,EXT_EU27_2020,LV	0.2 	0.1 	0.2 	0.2 	0.3 	0.3 	0.5 	0.5 	0.5 	0.5 	0.8 	0.8 	0.8 	0.6 	0.6 	0.8 	0.8 	0.9 	1.0 	0.8 	0.9 	1.0 	0.7 	0.6 
A,CONT_EXP_EU,SITC0_1,EXT_EU27_2020,MT	0.2 	0.1 	0.1 	0.1 	0.2 	0.2 	0.1 	0.1 	0.1 	0.1 	0.1 	0.1 	0.1 	0.2 	0.2 	0.2 	0.2 	0.2 	0.2 	0.1 	0.2 	0.1 	0.2 	0.1 
A,CONT_EXP_EU,SITC0_1,EXT_EU27_2020,NL	17.0 	17.1 	17.0 	16.1 	16.2 	16.4 	15.9 	16.5 	16.1 	15.6 	15.2 	15.4 	15.9 	15.4 	15.6 	15.4 	15.8 	15.3 	15.2 	14.2 	14.8 	14.3 	14.3 	14.7 
A,CONT_EXP_EU,SITC0_1,EXT_EU27_2020,PL	1.9 	2.1 	2.4 	2.8 	2.9 	3.0 	3.1 	3.4 	3.6 	3.7 	4.3 	4.4 	4.5 	4.3 	4.5 	4.9 	5.0 	5.1 	5.7 	5.6 	5.8 	6.5 	6.5 	6.6 
A,CONT_EXP_EU,SITC0_1,EXT_EU27_2020,PT	1.0 	1.0 	1.0 	1.0 	1.1 	1.2 	1.2 	1.3 	1.3 	1.3 	1.3 	1.4 	1.5 	1.3 	1.3 	1.3 	1.2 	1.2 	1.1 	1.2 	1.2 	1.2 	1.2 	1.1 
A,CONT_EXP_EU,SITC0_1,EXT_EU27_2020,RO	0.2 	0.1 	0.2 	0.2 	0.2 	0.2 	0.7 	0.5 	0.7 	0.8 	0.9 	1.5 	1.4 	1.4 	1.5 	1.4 	1.3 	1.6 	1.6 	2.2 	2.3 	2.4 	2.0 	2.2 
A,CONT_EXP_EU,SITC0_1,EXT_EU27_2020,SE	1.8 	1.8 	1.8 	2.0 	1.9 	1.8 	1.8 	1.7 	1.8 	1.7 	1.8 	1.8 	1.9 	1.8 	1.8 	1.7 	1.6 	1.6 	1.7 	1.6 	1.4 	1.4 	1.5 	1.6 
A,CONT_EXP_EU,SITC0_1,EXT_EU27_2020,SI	0.4 	0.3 	0.3 	0.2 	0.2 	0.2 	0.3 	0.3 	0.3 	0.2 	0.2 	0.3 	0.3 	0.3 	0.3 	0.3 	0.3 	0.3 	0.3 	0.4 	0.4 	0.4 	0.3 	0.3 
A,CONT_EXP_EU,SITC0_1,EXT_EU27_2020,SK	0.1 	0.1 	0.1 	0.1 	0.1 	0.1 	0.1 	0.1 	0.1 	0.1 	0.1 	0.1 	0.1 	0.1 	0.1 	0.1 	0.1 	0.1 	0.1 	0.1 	0.1 	0.1 	0.1 	0.2 
A,CONT_EXP_EU,SITC2_4,EU27_2020,AT	4.3 	4.4 	4.2 	3.9 	3.8 	4.0 	3.7 	4.0 	3.7 	3.4 	3.3 	3.5 	3.4 	3.5 	3.7 	3.5 	3.7 	3.6 	3.6 	3.6 	3.4 	3.2 	3.2 	3.3 
A,CONT_EXP_EU,SITC2_4,EU27_2020,BE	8.6 	8.8 	9.1 	8.8 	8.8 	8.5 	8.3 	8.2 	7.7 	7.7 	8.0 	8.1 	7.9 	7.8 	7.8 	7.4 	7.6 	7.5 	7.4 	6.9 	7.4 	7.8 	7.6 	8.1 
A,CONT_EXP_EU,SITC2_4,EU27_2020,BG	0.5 	0.4 	0.4 	0.5 	0.6 	0.6 	0.6 	0.9 	1.0 	1.3 	1.0 	1.2 	1.2 	1.2 	1.4 	1.3 	1.3 	1.4 	1.5 	1.6 	1.8 	1.5 	1.3 	1.5 
A,CONT_EXP_EU,SITC2_4,EU27_2020,CY	0.0 	0.0 	0.0 	0.0 	0.0 	0.0 	0.0 	0.0 	0.0 	0.1 	0.1 	0.0 	0.0 	0.0 	0.0 	0.0 	0.0 	0.0 	0.0 	0.0 	0.0 	0.0 	0.1 	0.1 
A,CONT_EXP_EU,SITC2_4,EU27_2020,CZ	2.2 	2.3 	2.4 	2.4 	2.5 	2.7 	3.0 	3.3 	3.4 	3.2 	3.4 	3.3 	3.3 	3.4 	3.4 	3.3 	3.3 	3.4 	3.3 	3.6 	3.4 	3.2 	3.2 	3.1 
A,CONT_EXP_EU,SITC2_4,EU27_2020,DE	15.8 	15.3 	15.9 	16.7 	17.5 	18.6 	17.9 	16.8 	17.6 	17.9 	17.5 	16.8 	17.2 	17.2 	17.1 	16.5 	16.0 	15.9 	16.1 	16.3 	15.9 	15.6 	15.3 	15.1 
A,CONT_EXP_EU,SITC2_4,EU27_2020,DK	2.8 	3.0 	2.6 	2.5 	2.7 	2.4 	2.3 	2.5 	2.1 	2.1 	2.0 	1.9 	2.1 	2.0 	2.2 	2.1 	2.1 	2.2 	2.3 	2.1 	1.8 	1.9 	1.9 	1.9 
A,CONT_EXP_EU,SITC2_4,EU27_2020,EE	0.6 	0.7 	0.6 	0.6 	0.6 	0.6 	0.6 	0.6 	0.7 	0.7 	0.7 	0.8 	0.8 	0.7 	0.8 	0.8 	0.9 	0.9 	0.9 	0.9 	0.9 	0.9 	0.9 	0.9 
A,CONT_EXP_EU,SITC2_4,EU27_2020,EL	1.1 	1.3 	0.9 	1.2 	1.2 	1.0 	0.8 	0.9 	0.7 	0.7 	0.8 	0.9 	0.6 	1.1 	1.0 	0.9 	1.0 	0.7 	0.9 	0.9 	1.0 	1.4 	1.1 	1.1 
A,CONT_EXP_EU,SITC2_4,EU27_2020,ES	6.4 	5.7 	5.5 	5.3 	4.8 	4.9 	5.2 	5.6 	5.4 	5.8 	5.8 	6.2 	6.6 	6.1 	6.1 	7.1 	6.7 	6.6 	6.2 	6.0 	6.2 	6.6 	7.3 	6.9 
A,CONT_EXP_EU,SITC2_4,EU27_2020,EU27_2020	100.0 	100.0 	100.0 	100.0 	100.0 	100.0 	100.0 	100.0 	100.0 	100.0 	100.0 	100.0 	100.0 	100.0 	100.0 	100.0 	100.0 	100.0 	100.0 	100.0 	100.0 	100.0 	100.0 	100.0 
A,CONT_EXP_EU,SITC2_4,EU27_2020,FI	3.5 	3.6 	3.0 	2.8 	2.8 	2.5 	1.9 	1.6 	2.0 	1.8 	1.7 	2.0 	2.2 	2.2 	2.2 	2.3 	2.6 	2.5 	2.2 	2.5 	2.4 	2.2 	2.4 	2.3 
A,CONT_EXP_EU,SITC2_4,EU27_2020,FR	10.3 	10.7 	10.7 	10.1 	10.5 	10.1 	10.2 	9.2 	9.5 	10.1 	9.4 	9.0 	9.1 	8.7 	8.6 	8.7 	8.5 	8.3 	8.0 	8.6 	8.5 	8.4 	8.4 	8.5 
A,CONT_EXP_EU,SITC2_4,EU27_2020,HR	0.6 	0.6 	0.6 	0.6 	0.6 	0.6 	0.5 	0.6 	0.6 	0.6 	0.6 	0.6 	0.6 	0.7 	0.8 	0.8 	0.8 	0.8 	0.8 	0.8 	0.8 	0.8 	0.8 	0.8 
A,CONT_EXP_EU,SITC2_4,EU27_2020,HU	1.3 	1.4 	1.5 	1.5 	1.4 	1.5 	1.8 	1.9 	1.8 	2.2 	2.5 	2.2 	2.1 	2.0 	2.0 	2.0 	2.0 	2.1 	2.1 	2.1 	2.2 	2.2 	2.1 	2.0 
A,CONT_EXP_EU,SITC2_4,EU27_2020,IE	0.8 	1.0 	0.8 	0.9 	1.2 	1.1 	0.9 	0.8 	0.9 	0.9 	1.0 	1.0 	1.0 	1.0 	0.8 	1.0 	1.0 	0.8 	0.7 	0.8 	0.7 	0.5 	0.5 	0.5 
A,CONT_EXP_EU,SITC2_4,EU27_2020,IT	4.5 	4.3 	4.8 	4.7 	4.4 	4.2 	4.1 	4.2 	4.0 	3.8 	3.9 	3.8 	3.9 	4.2 	4.4 	4.2 	4.1 	4.2 	4.2 	4.1 	4.2 	4.6 	4.8 	4.7 
A,CONT_EXP_EU,SITC2_4,EU27_2020,LT	0.5 	0.5 	0.5 	0.5 	0.5 	0.7 	0.6 	0.6 	0.6 	0.7 	0.9 	0.8 	0.9 	0.9 	0.8 	0.8 	0.9 	1.0 	1.2 	1.1 	1.2 	1.0 	1.0 	1.0 
A,CONT_EXP_EU,SITC2_4,EU27_2020,LU	0.3 	0.3 	0.3 	0.3 	0.3 	0.2 	0.3 	0.2 	0.2 	0.2 	0.2 	0.3 	0.3 	0.3 	0.3 	0.3 	0.3 	0.2 	0.3 	0.2 	0.2 	0.2 	0.1 	0.1 
A,CONT_EXP_EU,SITC2_4,EU27_2020,LV	0.7 	0.7 	0.7 	0.8 	0.8 	0.9 	0.9 	0.9 	0.9 	1.0 	1.0 	1.0 	1.0 	0.9 	0.9 	0.9 	1.0 	1.2 	1.2 	1.0 	1.2 	1.1 	1.2 	1.1 
A,CONT_EXP_EU,SITC2_4,EU27_2020,MT	0.0 	0.0 	0.0 	0.0 	0.0 	0.0 	0.0 	0.0 	0.0 	0.0 	0.0 	0.0 	0.0 	0.0 	0.0 	0.0 	0.0 	0.0 	0.0 	0.0 	0.0 	0.0 	0.0 	0.0 
A,CONT_EXP_EU,SITC2_4,EU27_2020,NL	23.1 	22.8 	23.4 	23.2 	21.6 	21.5 	22.7 	23.9 	22.9 	22.2 	22.4 	22.2 	21.6 	21.9 	21.6 	21.9 	21.1 	22.0 	22.6 	21.6 	20.9 	21.4 	21.5 	21.9 
A,CONT_EXP_EU,SITC2_4,EU27_2020,PL	1.9 	2.2 	2.4 	2.3 	2.6 	2.8 	2.8 	2.7 	2.9 	2.8 	2.9 	3.5 	3.7 	3.9 	3.7 	3.6 	3.9 	4.0 	4.1 	4.1 	4.4 	4.4 	4.3 	4.1 
A,CONT_EXP_EU,SITC2_4,EU27_2020,PT	1.7 	1.7 	1.7 	2.1 	2.3 	2.2 	2.0 	1.9 	2.1 	1.9 	1.8 	1.9 	1.8 	1.9 	1.9 	1.9 	2.2 	2.0 	2.0 	2.1 	2.2 	2.3 	2.7 	2.3 
A,CONT_EXP_EU,SITC2_4,EU27_2020,RO	0.7 	0.8 	0.8 	0.7 	0.9 	0.8 	1.2 	1.3 	1.4 	1.6 	1.3 	1.7 	1.5 	1.6 	1.8 	1.8 	1.7 	1.6 	1.5 	1.7 	2.1 	2.1 	1.7 	2.0 
A,CONT_EXP_EU,SITC2_4,EU27_2020,SE	6.3 	6.1 	5.7 	5.7 	5.7 	5.7 	5.3 	5.1 	5.4 	5.0 	5.0 	4.7 	4.7 	4.5 	4.4 	4.6 	4.9 	4.7 	4.7 	5.0 	4.4 	4.4 	4.4 	4.4 
A,CONT_EXP_EU,SITC2_4,EU27_2020,SI	0.4 	0.4 	0.4 	0.6 	0.6 	0.6 	0.6 	0.6 	0.8 	0.8 	0.8 	0.8 	0.9 	0.9 	0.9 	1.0 	1.0 	0.9 	0.8 	0.8 	0.9 	0.9 	1.0 	1.1 
A,CONT_EXP_EU,SITC2_4,EU27_2020,SK	0.9 	0.9 	1.1 	1.2 	1.1 	1.1 	1.5 	1.6 	1.6 	1.6 	2.0 	1.8 	1.4 	1.3 	1.3 	1.3 	1.4 	1.3 	1.4 	1.4 	1.6 	1.4 	1.4 	1.4 
A,CONT_EXP_EU,SITC2_4,EXT_EU27_2020,AT	2.8 	2.8 	2.7 	2.5 	2.0 	2.3 	2.3 	2.3 	2.1 	2.2 	1.9 	2.0 	2.0 	2.3 	2.5 	2.5 	2.6 	2.6 	2.2 	2.3 	2.1 	1.0 	1.2 	1.4 
A,CONT_EXP_EU,SITC2_4,EXT_EU27_2020,BE	6.2 	6.3 	6.3 	6.4 	6.3 	6.3 	6.3 	6.6 	6.7 	6.6 	6.2 	5.8 	6.2 	5.6 	5.8 	5.8 	6.0 	6.1 	6.6 	6.5 	6.6 	6.9 	5.9 	5.3 
A,CONT_EXP_EU,SITC2_4,EXT_EU27_2020,BG	0.7 	0.9 	1.1 	1.3 	1.4 	1.4 	1.6 	1.3 	1.5 	2.0 	2.1 	2.0 	1.6 	1.5 	1.4 	1.4 	1.4 	1.7 	1.8 	1.8 	2.2 	2.3 	2.1 	2.4 
A,CONT_EXP_EU,SITC2_4,EXT_EU27_2020,CY	0.1 	0.1 	0.1 	0.1 	0.1 	0.1 	0.1 	0.1 	0.1 	0.1 	0.1 	0.1 	0.1 	0.1 	0.1 	0.1 	0.1 	0.0 	0.1 	0.1 	0.1 	0.1 	0.1 	0.1 
A,CONT_EXP_EU,SITC2_4,EXT_EU27_2020,CZ	0.5 	0.6 	0.7 	0.8 	0.6 	0.7 	0.7 	0.8 	0.8 	0.8 	1.1 	1.1 	1.2 	1.2 	1.2 	1.1 	1.0 	1.3 	1.1 	1.1 	1.1 	1.0 	1.1 	1.1 
A,CONT_EXP_EU,SITC2_4,EXT_EU27_2020,DE	13.3 	12.4 	13.5 	14.8 	15.7 	16.6 	17.2 	15.9 	15.8 	15.5 	15.3 	14.6 	14.5 	14.1 	13.7 	13.8 	13.5 	13.8 	14.4 	14.2 	13.7 	13.0 	12.6 	13.6 
A,CONT_EXP_EU,SITC2_4,EXT_EU27_2020,DK	4.4 	4.4 	4.3 	4.0 	3.9 	3.2 	3.8 	3.8 	4.3 	4.4 	5.0 	5.6 	4.4 	5.3 	4.1 	4.1 	3.7 	3.5 	3.0 	2.8 	2.6 	2.9 	3.0 	2.5 
A,CONT_EXP_EU,SITC2_4,EXT_EU27_2020,EE	0.8 	0.8 	0.9 	0.9 	0.9 	0.9 	0.8 	0.5 	0.7 	0.6 	0.7 	0.7 	0.7 	0.7 	0.8 	0.9 	0.8 	0.7 	0.7 	0.8 	0.8 	0.8 	0.7 	0.7 
A,CONT_EXP_EU,SITC2_4,EXT_EU27_2020,EL	1.7 	2.1 	1.8 	1.7 	1.7 	1.2 	1.6 	2.0 	2.0 	1.5 	1.9 	1.9 	1.7 	1.7 	1.8 	1.9 	2.0 	2.1 	1.8 	2.0 	1.9 	1.9 	2.0 	1.8 
A,CONT_EXP_EU,SITC2_4,EXT_EU27_2020,ES	7.1 	7.2 	7.2 	7.6 	7.2 	7.1 	6.8 	7.3 	7.5 	7.6 	8.2 	8.0 	8.2 	9.1 	10.2 	10.4 	11.1 	10.5 	9.9 	9.8 	10.8 	10.6 	12.7 	12.4 
A,CONT_EXP_EU,SITC2_4,EXT_EU27_2020,EU27_2020	100.0 	100.0 	100.0 	100.0 	100.0 	100.0 	100.0 	100.0 	100.0 	100.0 	100.0 	100.0 	100.0 	100.0 	100.0 	100.0 	100.0 	100.0 	100.0 	100.0 	100.0 	100.0 	100.0 	100.0 
A,CONT_EXP_EU,SITC2_4,EXT_EU27_2020,FI	6.9 	6.6 	5.9 	5.1 	5.7 	5.6 	4.9 	4.2 	5.0 	5.1 	5.6 	6.3 	5.7 	6.3 	6.2 	6.7 	7.3 	6.7 	6.4 	7.0 	7.2 	6.9 	6.8 	6.9 
A,CONT_EXP_EU,SITC2_4,EXT_EU27_2020,FR	8.5 	8.0 	7.9 	7.4 	7.6 	7.2 	7.0 	7.3 	7.5 	7.6 	7.6 	7.3 	7.2 	7.3 	7.4 	7.0 	6.7 	6.7 	6.3 	5.7 	6.2 	6.7 	7.2 	6.7 
A,CONT_EXP_EU,SITC2_4,EXT_EU27_2020,HR	0.1 	0.2 	0.2 	0.3 	0.3 	0.4 	0.5 	0.4 	0.4 	0.5 	0.5 	0.4 	0.6 	0.6 	0.6 	0.7 	0.6 	0.6 	0.7 	0.8 	0.9 	0.8 	0.8 	0.8 
A,CONT_EXP_EU,SITC2_4,EXT_EU27_2020,HU	0.5 	0.5 	0.6 	0.6 	0.5 	0.4 	0.5 	0.5 	0.6 	0.7 	0.8 	0.9 	0.8 	0.7 	0.7 	0.7 	0.6 	0.7 	0.6 	0.5 	0.6 	0.6 	0.7 	0.7 
A,CONT_EXP_EU,SITC2_4,EXT_EU27_2020,IE	3.1 	3.1 	2.9 	2.8 	2.8 	2.4 	1.9 	1.7 	1.8 	2.0 	1.8 	1.9 	2.1 	2.0 	1.9 	1.8 	1.9 	1.6 	1.6 	1.6 	1.8 	1.6 	2.0 	2.1 
A,CONT_EXP_EU,SITC2_4,EXT_EU27_2020,IT	7.8 	7.4 	7.7 	7.7 	7.8 	7.2 	7.3 	7.7 	7.3 	7.0 	6.7 	6.9 	7.0 	7.3 	7.5 	7.2 	6.8 	6.5 	6.4 	6.4 	6.8 	7.3 	8.3 	7.6 
A,CONT_EXP_EU,SITC2_4,EXT_EU27_2020,LT	0.6 	0.6 	0.7 	0.7 	0.6 	0.6 	0.6 	0.4 	0.4 	0.6 	0.6 	0.8 	0.9 	0.9 	1.0 	1.2 	1.3 	1.2 	1.3 	1.5 	1.4 	1.2 	1.1 	0.9 
A,CONT_EXP_EU,SITC2_4,EXT_EU27_2020,LU	0.0 	0.0 	0.1 	0.1 	0.1 	0.1 	0.0 	0.0 	0.0 	0.0 	0.0 	0.1 	0.1 	0.1 	0.0 	0.0 	0.0 	0.0 	0.0 	0.0 	0.0 	0.0 	0.0 	0.0 
A,CONT_EXP_EU,SITC2_4,EXT_EU27_2020,LV	1.5 	1.8 	1.6 	1.4 	1.1 	1.2 	0.8 	0.8 	1.0 	1.1 	1.1 	1.2 	1.4 	1.5 	1.5 	1.4 	1.6 	1.4 	1.5 	2.2 	1.9 	1.7 	1.6 	1.6 
A,CONT_EXP_EU,SITC2_4,EXT_EU27_2020,MT	0.0 	0.0 	0.0 	0.0 	0.0 	0.0 	0.0 	0.0 	0.0 	0.0 	0.0 	0.0 	0.0 	0.0 	0.0 	0.0 	0.0 	0.0 	0.0 	0.0 	0.0 	0.0 	0.0 	0.0 
A,CONT_EXP_EU,SITC2_4,EXT_EU27_2020,NL	18.6 	19.0 	18.4 	18.5 	18.6 	19.5 	19.2 	20.0 	17.6 	17.3 	16.4 	15.3 	15.3 	15.4 	15.5 	15.1 	15.3 	15.1 	15.3 	14.8 	13.8 	15.3 	13.7 	14.1 
A,CONT_EXP_EU,SITC2_4,EXT_EU27_2020,PL	0.8 	0.9 	1.1 	1.1 	0.9 	1.0 	1.3 	1.3 	1.4 	1.5 	1.8 	2.2 	2.3 	2.2 	2.4 	2.4 	2.5 	3.0 	3.1 	2.8 	2.6 	2.8 	3.1 	2.8 
A,CONT_EXP_EU,SITC2_4,EXT_EU27_2020,PT	1.1 	1.0 	1.0 	1.3 	1.4 	1.4 	1.5 	1.7 	1.4 	1.6 	1.6 	1.8 	1.9 	2.0 	1.8 	1.9 	1.8 	2.0 	1.9 	1.7 	1.8 	2.3 	2.2 	2.0 
A,CONT_EXP_EU,SITC2_4,EXT_EU27_2020,RO	2.3 	2.8 	3.1 	2.7 	2.8 	3.0 	2.9 	3.2 	3.5 	3.6 	3.0 	3.3 	3.2 	2.3 	2.0 	1.9 	1.8 	1.8 	1.9 	2.1 	2.0 	2.0 	1.8 	2.4 
A,CONT_EXP_EU,SITC2_4,EXT_EU27_2020,SE	10.3 	10.1 	9.7 	9.6 	9.4 	9.6 	9.2 	9.3 	9.4 	9.2 	9.0 	8.7 	9.6 	8.5 	8.6 	8.8 	8.4 	9.2 	10.2 	10.5 	10.0 	9.3 	8.4 	9.3 
A,CONT_EXP_EU,SITC2_4,EXT_EU27_2020,SI	0.1 	0.1 	0.2 	0.4 	0.6 	0.7 	0.7 	0.8 	0.7 	0.7 	0.9 	0.9 	0.9 	1.0 	1.1 	0.9 	0.9 	0.9 	0.9 	0.7 	0.8 	0.9 	0.5 	0.5 
A,CONT_EXP_EU,SITC2_4,EXT_EU27_2020,SK	0.2 	0.2 	0.2 	0.2 	0.2 	0.3 	0.3 	0.2 	0.3 	0.2 	0.2 	0.2 	0.2 	0.3 	0.2 	0.2 	0.3 	0.3 	0.3 	0.2 	0.2 	0.2 	0.3 	0.3 
A,CONT_EXP_EU,SITC3,EU27_2020,AT	2.8 	3.0 	3.7 	4.0 	1.9 	2.6 	2.4 	2.8 	2.5 	2.2 	2.0 	1.5 	1.5 	1.5 	1.6 	1.6 	1.6 	1.9 	2.3 	2.0 	1.5 	2.1 	2.0 	1.8 
A,CONT_EXP_EU,SITC3,EU27_2020,BE	12.8 	14.4 	14.1 	14.0 	14.1 	12.9 	13.3 	13.7 	14.0 	14.1 	13.2 	14.3 	13.6 	12.5 	12.9 	13.3 	13.3 	12.0 	12.6 	15.7 	19.1 	14.9 	14.4 	15.1 
A,CONT_EXP_EU,SITC3,EU27_2020,BG	0.4 	0.2 	0.2 	0.3 	0.4 	0.5 	0.4 	0.5 	0.4 	0.4 	0.4 	0.4 	0.3 	0.5 	0.5 	0.5 	0.5 	0.5 	0.5 	0.5 	0.4 	0.3 	0.8 	0.8 
A,CONT_EXP_EU,SITC3,EU27_2020,CY	0.0 	0.0 	0.0 	0.1 	0.1 	0.1 	0.1 	0.1 	0.1 	0.1 	0.1 	0.1 	0.1 	0.1 	0.1 	0.1 	0.1 	0.1 	0.1 	0.0 	0.0 	0.1 	0.1 	0.1 
A,CONT_EXP_EU,SITC3,EU27_2020,CZ	2.0 	2.0 	2.1 	1.8 	1.8 	2.0 	2.0 	2.6 	2.6 	2.3 	2.2 	1.8 	1.9 	2.8 	2.2 	1.8 	1.8 	1.7 	1.7 	2.1 	1.9 	1.5 	1.5 	1.9 
A,CONT_EXP_EU,SITC3,EU27_2020,DE	11.4 	12.3 	14.0 	12.0 	13.7 	13.7 	11.9 	12.0 	11.2 	11.7 	10.3 	11.2 	12.1 	14.9 	13.9 	12.8 	13.7 	15.5 	17.4 	12.1 	11.3 	9.3 	10.4 	10.6 
A,CONT_EXP_EU,SITC3,EU27_2020,DK	5.1 	5.7 	6.2 	5.9 	5.3 	5.2 	4.7 	4.1 	3.8 	3.0 	2.9 	3.0 	2.3 	2.7 	2.6 	2.4 	2.1 	2.2 	1.4 	2.1 	1.9 	1.5 	1.7 	2.1 
A,CONT_EXP_EU,SITC3,EU27_2020,EE	0.1 	0.1 	0.2 	0.2 	0.2 	0.2 	0.2 	0.4 	0.4 	0.5 	0.4 	0.4 	0.5 	0.4 	0.4 	0.4 	0.5 	0.6 	0.7 	0.9 	0.7 	0.5 	0.3 	0.3 
A,CONT_EXP_EU,SITC3,EU27_2020,EL	0.4 	0.3 	0.2 	0.2 	0.6 	0.7 	1.0 	1.0 	0.8 	0.7 	0.8 	1.1 	1.2 	1.3 	1.3 	1.4 	1.5 	1.7 	1.8 	1.4 	1.9 	2.1 	1.9 	1.8 
A,CONT_EXP_EU,SITC3,EU27_2020,ES	3.8 	4.1 	4.1 	3.5 	2.9 	2.6 	3.0 	2.8 	3.3 	2.8 	4.6 	4.3 	5.4 	5.2 	5.4 	6.7 	6.7 	6.3 	5.6 	5.2 	5.3 	6.2 	6.8 	6.0 
A,CONT_EXP_EU,SITC3,EU27_2020,EU27_2020	100.0 	100.0 	100.0 	100.0 	100.0 	100.0 	100.0 	100.0 	100.0 	100.0 	100.0 	100.0 	100.0 	100.0 	100.0 	100.0 	100.0 	100.0 	100.0 	100.0 	100.0 	100.0 	100.0 	100.0 
A,CONT_EXP_EU,SITC3,EU27_2020,FI	2.0 	2.0 	1.9 	1.6 	1.7 	2.1 	2.0 	1.8 	2.3 	2.4 	2.2 	2.5 	2.3 	1.9 	2.4 	2.4 	2.4 	2.7 	3.0 	2.0 	1.5 	2.0 	1.8 	2.3 
A,CONT_EXP_EU,SITC3,EU27_2020,FR	7.7 	7.5 	6.8 	7.8 	7.9 	7.5 	7.3 	6.8 	5.9 	6.4 	5.4 	5.1 	5.9 	5.5 	4.8 	5.3 	5.6 	5.6 	4.9 	5.2 	5.5 	7.0 	6.8 	6.0 
A,CONT_EXP_EU,SITC3,EU27_2020,HR	0.4 	0.4 	0.3 	0.3 	0.4 	0.3 	0.2 	0.4 	0.3 	0.2 	0.2 	0.4 	0.4 	0.5 	0.5 	0.4 	0.4 	0.4 	0.7 	0.7 	0.7 	0.5 	0.7 	0.7 
A,CONT_EXP_EU,SITC3,EU27_2020,HU	0.9 	0.8 	0.9 	1.1 	1.0 	1.3 	1.2 	1.1 	1.2 	1.3 	1.3 	1.1 	1.1 	1.0 	1.0 	1.3 	1.8 	1.4 	1.5 	1.6 	1.3 	0.9 	1.1 	1.4 
A,CONT_EXP_EU,SITC3,EU27_2020,IE	0.1 	0.0 	0.1 	0.1 	0.0 	0.0 	0.1 	0.1 	0.2 	0.2 	0.2 	0.0 	0.0 	0.1 	0.1 	0.2 	0.2 	0.1 	0.2 	0.1 	0.1 	0.1 	0.1 	0.1 
A,CONT_EXP_EU,SITC3,EU27_2020,IT	4.6 	5.2 	4.4 	4.5 	4.7 	5.8 	5.2 	4.8 	5.4 	4.6 	4.3 	3.1 	2.9 	3.2 	4.0 	4.2 	4.3 	4.6 	3.9 	4.0 	3.8 	4.0 	3.7 	3.5 
A,CONT_EXP_EU,SITC3,EU27_2020,LT	0.8 	0.7 	1.5 	1.5 	1.3 	0.9 	1.5 	1.6 	1.6 	2.0 	1.8 	1.7 	1.4 	1.5 	1.3 	1.3 	1.2 	1.2 	0.9 	0.9 	1.2 	1.3 	1.4 	1.5 
A,CONT_EXP_EU,SITC3,EU27_2020,LU	0.1 	0.1 	0.1 	0.1 	0.1 	0.1 	0.1 	0.1 	0.1 	0.1 	0.0 	0.0 	0.0 	0.0 	0.0 	0.0 	0.0 	0.0 	0.0 	0.0 	0.0 	0.0 	0.0 	0.0 
A,CONT_EXP_EU,SITC3,EU27_2020,LV	0.1 	0.0 	0.1 	0.3 	0.1 	0.1 	0.1 	0.2 	0.2 	0.3 	0.3 	0.4 	0.5 	0.5 	0.4 	0.4 	0.3 	0.3 	0.4 	0.5 	0.6 	0.4 	0.4 	0.5 
A,CONT_EXP_EU,SITC3,EU27_2020,MT	0.0 	0.0 	0.0 	0.0 	0.0 	0.0 	0.0 	0.1 	0.1 	0.2 	0.2 	0.2 	0.1 	0.1 	0.2 	0.3 	0.2 	0.2 	0.1 	0.1 	0.0 	0.1 	0.1 	0.1 
A,CONT_EXP_EU,SITC3,EU27_2020,NL	34.7 	32.2 	28.6 	30.7 	32.4 	32.3 	34.5 	34.3 	34.1 	34.7 	37.6 	37.2 	35.8 	32.7 	32.8 	31.8 	30.8 	31.0 	30.1 	32.7 	32.5 	35.5 	33.5 	33.4 
A,CONT_EXP_EU,SITC3,EU27_2020,PL	3.4 	3.0 	3.9 	3.1 	2.7 	2.8 	2.5 	2.4 	3.0 	3.0 	2.8 	2.9 	3.0 	3.2 	3.2 	2.9 	2.8 	2.6 	2.6 	2.6 	2.4 	2.8 	2.6 	2.2 
A,CONT_EXP_EU,SITC3,EU27_2020,PT	0.3 	0.3 	0.5 	0.6 	0.6 	0.5 	0.5 	0.6 	0.6 	0.7 	0.8 	1.2 	1.2 	1.4 	1.3 	1.4 	1.2 	1.2 	1.1 	1.0 	0.7 	0.7 	1.0 	0.7 
A,CONT_EXP_EU,SITC3,EU27_2020,RO	1.2 	0.8 	0.9 	1.1 	0.7 	0.7 	0.7 	0.6 	0.6 	0.4 	0.3 	0.4 	0.6 	0.7 	0.8 	0.8 	0.7 	0.7 	0.6 	0.7 	0.8 	0.8 	0.9 	1.0 
A,CONT_EXP_EU,SITC3,EU27_2020,SE	3.1 	2.9 	3.1 	3.5 	3.3 	3.1 	3.1 	3.0 	2.9 	2.8 	3.2 	3.2 	3.4 	3.1 	3.9 	3.9 	4.0 	3.4 	3.6 	3.7 	2.9 	3.2 	3.6 	3.4 
A,CONT_EXP_EU,SITC3,EU27_2020,SI	0.1 	0.2 	0.2 	0.2 	0.4 	0.3 	0.4 	0.5 	0.5 	0.7 	0.6 	0.7 	0.8 	0.8 	0.9 	0.9 	0.9 	1.0 	0.8 	0.8 	1.0 	1.0 	1.1 	1.1 
A,CONT_EXP_EU,SITC3,EU27_2020,SK	1.7 	1.6 	1.9 	1.7 	1.6 	1.7 	1.5 	1.7 	1.9 	2.0 	1.7 	1.8 	1.6 	1.6 	1.5 	1.5 	1.3 	1.2 	1.5 	1.4 	1.1 	1.2 	1.5 	1.5 
A,CONT_EXP_EU,SITC3,EXT_EU27_2020,AT	1.5 	0.8 	0.6 	0.6 	0.3 	0.2 	0.2 	0.3 	0.3 	0.3 	0.4 	0.5 	0.4 	0.6 	0.5 	0.4 	0.4 	0.4 	0.5 	0.4 	0.7 	1.0 	0.5 	0.6 
A,CONT_EXP_EU,SITC3,EXT_EU27_2020,BE	12.5 	13.2 	11.6 	9.8 	10.5 	10.0 	10.0 	10.0 	10.7 	11.7 	10.2 	14.0 	14.3 	13.3 	12.5 	12.7 	12.9 	12.2 	12.4 	13.4 	14.6 	14.8 	14.9 	11.2 
A,CONT_EXP_EU,SITC3,EXT_EU27_2020,BG	0.7 	1.0 	1.6 	1.5 	1.9 	2.0 	2.1 	1.7 	2.0 	2.1 	2.1 	2.1 	1.9 	1.9 	2.0 	2.0 	1.3 	1.8 	1.2 	0.9 	2.0 	1.8 	1.7 	1.2 
A,CONT_EXP_EU,SITC3,EXT_EU27_2020,CY	0.1 	0.0 	0.1 	0.1 	0.1 	0.1 	0.1 	0.1 	0.1 	0.1 	0.0 	0.1 	0.1 	0.3 	0.4 	0.5 	0.7 	0.5 	0.6 	0.5 	0.4 	1.0 	1.1 	2.2 
A,CONT_EXP_EU,SITC3,EXT_EU27_2020,CZ	0.3 	0.2 	0.1 	0.1 	0.1 	0.1 	0.1 	0.3 	0.3 	0.4 	0.2 	0.1 	0.2 	0.3 	0.3 	0.3 	0.3 	0.4 	0.3 	0.4 	0.1 	0.2 	0.2 	0.2 
A,CONT_EXP_EU,SITC3,EXT_EU27_2020,DE	13.1 	12.7 	11.9 	11.3 	11.0 	10.0 	8.4 	8.5 	6.5 	6.2 	8.5 	7.2 	7.2 	8.5 	8.4 	7.4 	7.2 	7.4 	7.5 	7.5 	8.1 	6.8 	7.4 	7.7 
A,CONT_EXP_EU,SITC3,EXT_EU27_2020,DK	3.9 	3.7 	2.2 	2.4 	3.2 	2.5 	2.3 	3.2 	2.2 	2.7 	2.7 	2.2 	2.0 	1.3 	1.1 	1.0 	1.3 	1.4 	1.6 	1.6 	1.5 	1.4 	1.4 	1.9 
A,CONT_EXP_EU,SITC3,EXT_EU27_2020,EE	0.1 	0.1 	0.3 	0.6 	1.7 	1.0 	0.7 	1.1 	1.0 	1.1 	0.8 	0.3 	0.4 	0.5 	0.5 	0.6 	1.1 	0.7 	1.3 	1.2 	0.8 	0.3 	0.4 	0.7 
A,CONT_EXP_EU,SITC3,EXT_EU27_2020,EL	2.9 	2.2 	2.5 	2.6 	2.5 	3.5 	3.4 	4.3 	5.5 	5.9 	6.9 	6.7 	7.2 	6.4 	7.0 	7.1 	7.9 	7.5 	7.4 	8.3 	7.1 	7.2 	7.7 	7.4 
A,CONT_EXP_EU,SITC3,EXT_EU27_2020,ES	7.8 	8.8 	9.6 	8.6 	8.9 	10.4 	10.8 	10.8 	10.4 	11.2 	10.6 	11.5 	13.1 	10.7 	9.6 	10.2 	10.2 	10.1 	9.4 	9.3 	8.9 	9.8 	10.0 	9.3 
A,CONT_EXP_EU,SITC3,EXT_EU27_2020,EU27_2020	100.0 	100.0 	100.0 	100.0 	100.0 	100.0 	100.0 	100.0 	100.0 	100.0 	100.0 	100.0 	100.0 	100.0 	100.0 	100.0 	100.0 	100.0 	100.0 	100.0 	100.0 	100.0 	100.0 	100.0 
A,CONT_EXP_EU,SITC3,EXT_EU27_2020,FI	2.1 	2.4 	2.2 	1.7 	2.0 	1.7 	1.7 	1.8 	1.4 	1.6 	1.7 	1.9 	2.0 	1.2 	1.7 	1.6 	1.5 	1.6 	1.4 	1.2 	1.3 	1.2 	0.9 	0.8 
A,CONT_EXP_EU,SITC3,EXT_EU27_2020,FR	14.8 	15.3 	14.7 	14.6 	11.2 	12.1 	13.1 	11.3 	9.4 	9.0 	8.1 	7.0 	6.8 	7.6 	7.2 	6.5 	6.9 	6.1 	5.2 	6.6 	5.7 	7.4 	7.0 	7.8 
A,CONT_EXP_EU,SITC3,EXT_EU27_2020,HR	1.1 	1.2 	1.5 	1.4 	1.2 	1.2 	1.0 	0.9 	0.9 	0.7 	0.6 	0.5 	0.6 	0.7 	0.8 	0.9 	0.8 	0.8 	0.9 	0.9 	1.0 	0.9 	1.2 	1.4 
A,CONT_EXP_EU,SITC3,EXT_EU27_2020,HU	0.4 	0.4 	0.5 	0.6 	0.4 	0.7 	0.9 	0.6 	0.5 	0.6 	0.5 	0.6 	0.8 	0.8 	0.7 	1.2 	1.4 	1.4 	1.6 	1.6 	1.5 	1.5 	1.6 	2.4 
A,CONT_EXP_EU,SITC3,EXT_EU27_2020,IE	1.4 	0.7 	1.0 	1.2 	0.8 	0.9 	0.7 	0.8 	0.8 	0.8 	1.1 	0.8 	1.0 	1.1 	0.9 	1.0 	0.9 	0.9 	1.0 	0.8 	1.0 	0.7 	0.6 	0.4 
A,CONT_EXP_EU,SITC3,EXT_EU27_2020,IT	9.8 	10.4 	11.4 	13.5 	10.8 	11.1 	11.8 	10.4 	11.7 	10.9 	11.3 	10.1 	9.5 	10.7 	8.8 	9.1 	8.7 	8.1 	8.4 	8.6 	9.2 	9.2 	9.3 	9.7 
A,CONT_EXP_EU,SITC3,EXT_EU27_2020,LT	2.7 	3.3 	2.4 	2.3 	1.8 	0.9 	1.7 	1.5 	1.9 	1.6 	1.5 	2.0 	1.6 	1.9 	2.2 	2.1 	2.0 	1.9 	1.5 	1.7 	1.3 	1.6 	1.4 	1.5 
A,CONT_EXP_EU,SITC3,EXT_EU27_2020,LU	0.0 	0.0 	0.0 	0.0 	0.0 	0.0 	0.0 	0.0 	0.0 	0.0 	0.0 	0.0 	0.0 	0.0 	0.0 	0.0 	0.0 	0.0 	0.0 	0.0 	0.0 	0.0 	0.0 	0.0 
A,CONT_EXP_EU,SITC3,EXT_EU27_2020,LV	0.0 	0.0 	0.2 	0.2 	0.2 	0.1 	0.1 	0.1 	0.1 	0.2 	0.2 	0.1 	0.1 	0.1 	0.1 	0.1 	0.1 	0.1 	0.2 	0.1 	0.2 	0.2 	0.3 	0.6 
A,CONT_EXP_EU,SITC3,EXT_EU27_2020,MT	0.0 	0.0 	0.0 	0.0 	0.0 	0.4 	0.4 	0.6 	0.6 	0.7 	0.5 	0.2 	0.0 	0.2 	0.0 	0.1 	0.0 	0.1 	0.0 	0.0 	0.0 	0.0 	0.0 	0.0 
A,CONT_EXP_EU,SITC3,EXT_EU27_2020,NL	16.0 	13.8 	14.8 	16.1 	20.5 	21.8 	19.8 	21.9 	22.6 	21.6 	22.1 	23.5 	21.5 	22.2 	26.1 	26.7 	26.2 	28.0 	28.5 	25.2 	22.8 	22.4 	21.3 	20.7 
A,CONT_EXP_EU,SITC3,EXT_EU27_2020,PL	1.3 	0.9 	1.3 	1.3 	1.1 	0.8 	1.0 	0.9 	1.1 	1.3 	1.2 	1.4 	1.4 	1.4 	1.1 	0.9 	0.9 	0.9 	1.1 	1.1 	1.7 	2.2 	2.3 	2.5 
A,CONT_EXP_EU,SITC3,EXT_EU27_2020,PT	1.5 	1.9 	1.7 	1.5 	1.9 	1.7 	1.6 	1.6 	1.9 	1.7 	1.7 	2.0 	1.6 	2.0 	2.1 	2.0 	1.7 	1.7 	2.0 	1.8 	2.0 	2.1 	2.4 	2.1 
A,CONT_EXP_EU,SITC3,EXT_EU27_2020,RO	2.1 	2.2 	1.9 	2.9 	2.9 	2.1 	2.3 	1.9 	1.5 	1.8 	1.5 	1.5 	2.0 	1.8 	1.7 	1.4 	1.5 	1.6 	1.4 	1.2 	2.1 	1.9 	1.9 	2.9 
A,CONT_EXP_EU,SITC3,EXT_EU27_2020,SE	3.6 	4.5 	5.8 	4.8 	4.9 	4.5 	5.6 	5.2 	6.4 	5.6 	5.4 	3.6 	4.3 	4.3 	3.9 	3.8 	3.7 	4.0 	3.9 	4.6 	4.5 	3.8 	3.7 	3.7 
A,CONT_EXP_EU,SITC3,EXT_EU27_2020,SI	0.3 	0.2 	0.1 	0.2 	0.1 	0.1 	0.1 	0.1 	0.1 	0.1 	0.1 	0.0 	0.1 	0.2 	0.3 	0.4 	0.3 	0.4 	0.6 	0.8 	1.0 	0.4 	0.5 	0.7 
A,CONT_EXP_EU,SITC3,EXT_EU27_2020,SK	0.0 	0.1 	0.0 	0.1 	0.1 	0.0 	0.0 	0.0 	0.1 	0.2 	0.1 	0.1 	0.1 	0.1 	0.1 	0.2 	0.1 	0.2 	0.3 	0.2 	0.4 	0.3 	0.4 	0.4 
A,CONT_EXP_EU,SITC5,EU27_2020,AT	2.4 	2.4 	2.3 	2.2 	2.4 	2.4 	2.4 	2.4 	2.5 	2.6 	2.7 	2.7 	2.9 	2.8 	2.6 	2.9 	2.7 	2.8 	2.9 	2.8 	2.6 	3.5 	2.9 	2.7 
A,CONT_EXP_EU,SITC5,EU27_2020,BE	18.8 	18.4 	18.3 	18.5 	18.0 	17.9 	17.6 	18.1 	17.3 	16.8 	16.1 	16.5 	16.0 	15.8 	15.6 	14.9 	15.6 	15.0 	14.4 	16.2 	15.7 	13.9 	13.7 	13.4 
A,CONT_EXP_EU,SITC5,EU27_2020,BG	0.1 	0.1 	0.1 	0.1 	0.1 	0.1 	0.2 	0.1 	0.1 	0.2 	0.2 	0.2 	0.3 	0.3 	0.4 	0.4 	0.4 	0.4 	0.4 	0.4 	0.5 	0.4 	0.4 	0.4 
A,CONT_EXP_EU,SITC5,EU27_2020,CY	0.0 	0.0 	0.0 	0.0 	0.0 	0.0 	0.0 	0.0 	0.0 	0.1 	0.1 	0.0 	0.0 	0.0 	0.0 	0.0 	0.0 	0.0 	0.0 	0.0 	0.0 	0.0 	0.1 	0.1 
A,CONT_EXP_EU,SITC5,EU27_2020,CZ	0.9 	0.9 	1.1 	1.1 	1.2 	1.2 	1.4 	1.3 	1.4 	1.5 	1.5 	1.5 	1.7 	1.7 	1.7 	1.8 	1.8 	1.9 	1.8 	1.9 	1.8 	1.9 	1.9 	1.9 
A,CONT_EXP_EU,SITC5,EU27_2020,DE	20.5 	22.4 	23.8 	24.2 	24.9 	25.1 	24.9 	24.2 	24.4 	24.5 	23.7 	23.6 	23.7 	23.6 	23.6 	23.8 	23.6 	22.6 	22.1 	22.1 	21.8 	21.3 	20.6 	20.5 
A,CONT_EXP_EU,SITC5,EU27_2020,DK	1.9 	2.0 	1.9 	1.9 	1.8 	1.7 	1.7 	1.8 	1.6 	1.7 	1.6 	1.7 	1.7 	1.7 	1.8 	1.8 	1.7 	1.7 	1.8 	1.6 	1.5 	1.8 	2.0 	2.0 
A,CONT_EXP_EU,SITC5,EU27_2020,EE	0.0 	0.1 	0.1 	0.1 	0.1 	0.1 	0.1 	0.1 	0.1 	0.1 	0.1 	0.1 	0.1 	0.1 	0.1 	0.1 	0.1 	0.1 	0.1 	0.1 	0.1 	0.1 	0.1 	0.1 
A,CONT_EXP_EU,SITC5,EU27_2020,EL	0.3 	0.4 	0.4 	0.5 	0.5 	0.5 	0.4 	0.5 	0.5 	0.4 	0.4 	0.4 	0.4 	0.4 	0.4 	0.5 	0.5 	0.6 	0.7 	0.6 	0.5 	0.6 	0.6 	0.6 
A,CONT_EXP_EU,SITC5,EU27_2020,ES	3.9 	4.1 	3.9 	3.9 	4.0 	4.3 	4.1 	4.2 	4.5 	4.4 	4.5 	4.5 	4.4 	4.5 	4.6 	4.6 	4.4 	4.4 	4.2 	5.2 	6.1 	5.3 	5.2 	5.0 
A,CONT_EXP_EU,SITC5,EU27_2020,EU27_2020	100.0 	100.0 	100.0 	100.0 	100.0 	100.0 	100.0 	100.0 	100.0 	100.0 	100.0 	100.0 	100.0 	100.0 	100.0 	100.0 	100.0 	100.0 	100.0 	100.0 	100.0 	100.0 	100.0 	100.0 
A,CONT_EXP_EU,SITC5,EU27_2020,FI	0.8 	0.8 	0.8 	0.8 	0.8 	0.8 	0.8 	0.7 	0.8 	0.8 	0.8 	0.8 	0.8 	0.7 	0.7 	0.7 	0.7 	0.7 	0.7 	0.7 	0.7 	0.7 	0.7 	0.7 
A,CONT_EXP_EU,SITC5,EU27_2020,FR	13.6 	13.8 	13.0 	12.3 	12.2 	11.7 	11.8 	11.7 	11.2 	11.2 	11.6 	11.5 	11.2 	10.8 	10.5 	10.4 	9.7 	10.0 	9.5 	9.2 	8.7 	9.5 	9.1 	9.1 
A,CONT_EXP_EU,SITC5,EU27_2020,HR	0.2 	0.1 	0.2 	0.1 	0.1 	0.1 	0.1 	0.1 	0.1 	0.1 	0.1 	0.1 	0.1 	0.2 	0.2 	0.2 	0.2 	0.3 	0.3 	0.2 	0.2 	0.2 	0.3 	0.3 
A,CONT_EXP_EU,SITC5,EU27_2020,HU	0.7 	0.7 	0.8 	0.9 	1.1 	1.2 	1.2 	1.2 	1.3 	1.5 	1.5 	1.6 	1.7 	1.8 	1.9 	2.0 	1.9 	1.9 	2.0 	1.9 	1.8 	2.0 	2.2 	2.1 
A,CONT_EXP_EU,SITC5,EU27_2020,IE	9.6 	8.0 	8.1 	8.0 	6.8 	6.4 	6.4 	7.9 	6.9 	6.6 	6.8 	5.8 	5.7 	6.7 	6.7 	6.4 	7.5 	7.7 	9.5 	6.9 	7.8 	8.8 	9.3 	8.5 
A,CONT_EXP_EU,SITC5,EU27_2020,IT	7.7 	7.0 	7.0 	7.0 	7.2 	7.1 	6.5 	6.2 	6.5 	6.6 	6.8 	7.3 	7.8 	7.4 	7.7 	7.6 	7.2 	7.7 	7.8 	7.4 	7.4 	7.4 	7.7 	8.7 
A,CONT_EXP_EU,SITC5,EU27_2020,LT	0.1 	0.2 	0.2 	0.2 	0.2 	0.4 	0.4 	0.3 	0.4 	0.5 	0.5 	0.5 	0.5 	0.5 	0.5 	0.5 	0.5 	0.5 	0.5 	0.6 	0.6 	0.5 	0.5 	0.5 
A,CONT_EXP_EU,SITC5,EU27_2020,LU	0.3 	0.3 	0.3 	0.2 	0.2 	0.2 	0.2 	0.2 	0.2 	0.2 	0.2 	0.3 	0.3 	0.3 	0.3 	0.3 	0.3 	0.3 	0.3 	0.3 	0.2 	0.2 	0.3 	0.3 
A,CONT_EXP_EU,SITC5,EU27_2020,LV	0.0 	0.0 	0.0 	0.1 	0.1 	0.1 	0.1 	0.1 	0.1 	0.1 	0.1 	0.1 	0.1 	0.1 	0.1 	0.1 	0.1 	0.2 	0.2 	0.2 	0.2 	0.2 	0.2 	0.2 
A,CONT_EXP_EU,SITC5,EU27_2020,MT	0.0 	0.0 	0.0 	0.0 	0.0 	0.0 	0.0 	0.0 	0.0 	0.0 	0.1 	0.1 	0.0 	0.0 	0.0 	0.1 	0.1 	0.1 	0.1 	0.1 	0.0 	0.0 	0.0 	0.1 
A,CONT_EXP_EU,SITC5,EU27_2020,NL	13.2 	13.1 	13.0 	12.8 	12.8 	12.7 	13.7 	13.3 	14.1 	13.7 	14.1 	13.7 	13.5 	13.4 	13.3 	13.4 	14.0 	13.8 	13.3 	14.1 	14.1 	14.0 	14.2 	14.6 
A,CONT_EXP_EU,SITC5,EU27_2020,PL	0.9 	1.0 	1.0 	1.1 	1.4 	1.4 	1.6 	1.5 	1.9 	2.1 	2.2 	2.4 	2.6 	2.7 	2.8 	3.2 	2.9 	3.1 	3.2 	3.3 	3.4 	3.3 	3.5 	3.6 
A,CONT_EXP_EU,SITC5,EU27_2020,PT	0.5 	0.6 	0.6 	0.6 	0.7 	0.7 	0.6 	0.6 	0.6 	0.7 	0.7 	0.8 	0.7 	0.7 	0.8 	0.8 	0.7 	0.7 	0.7 	0.8 	0.7 	0.7 	0.8 	1.0 
A,CONT_EXP_EU,SITC5,EU27_2020,RO	0.1 	0.2 	0.2 	0.2 	0.2 	0.3 	0.3 	0.3 	0.3 	0.4 	0.4 	0.4 	0.4 	0.4 	0.4 	0.4 	0.4 	0.4 	0.4 	0.4 	0.4 	0.4 	0.4 	0.5 
A,CONT_EXP_EU,SITC5,EU27_2020,SE	2.4 	2.6 	2.3 	2.2 	2.3 	2.4 	2.2 	2.1 	2.1 	1.9 	1.9 	1.9 	1.9 	1.9 	1.9 	1.8 	1.6 	1.7 	1.7 	1.7 	1.7 	2.0 	1.9 	2.0 
A,CONT_EXP_EU,SITC5,EU27_2020,SI	0.4 	0.4 	0.4 	0.4 	0.5 	0.5 	0.5 	0.5 	0.6 	0.6 	0.6 	0.6 	0.6 	0.7 	0.7 	0.7 	0.7 	0.7 	0.8 	0.7 	0.7 	0.7 	0.8 	0.8 
A,CONT_EXP_EU,SITC5,EU27_2020,SK	0.4 	0.4 	0.4 	0.5 	0.5 	0.5 	0.6 	0.5 	0.5 	0.6 	0.6 	0.7 	0.7 	0.7 	0.7 	0.6 	0.6 	0.6 	0.5 	0.6 	0.6 	0.5 	0.5 	0.6 
A,CONT_EXP_EU,SITC5,EXT_EU27_2020,AT	2.1 	1.9 	1.7 	1.9 	2.0 	2.1 	2.1 	2.3 	2.3 	2.4 	2.3 	2.2 	2.3 	2.1 	2.2 	2.0 	1.9 	2.0 	1.9 	1.9 	1.8 	2.1 	2.3 	1.9 
A,CONT_EXP_EU,SITC5,EXT_EU27_2020,BE	14.6 	14.5 	14.7 	14.8 	14.5 	14.7 	12.7 	13.6 	14.0 	13.1 	13.8 	13.2 	13.2 	13.0 	12.8 	11.8 	11.6 	11.5 	12.3 	14.3 	14.4 	13.3 	11.4 	9.7 
A,CONT_EXP_EU,SITC5,EXT_EU27_2020,BG	0.2 	0.2 	0.2 	0.3 	0.2 	0.3 	0.3 	0.2 	0.3 	0.3 	0.3 	0.3 	0.3 	0.3 	0.3 	0.3 	0.3 	0.3 	0.3 	0.3 	0.4 	0.3 	0.4 	0.3 
A,CONT_EXP_EU,SITC5,EXT_EU27_2020,CY	0.0 	0.0 	0.0 	0.0 	0.0 	0.0 	0.1 	0.1 	0.1 	0.1 	0.1 	0.1 	0.1 	0.1 	0.1 	0.1 	0.0 	0.0 	0.1 	0.1 	0.1 	0.1 	0.1 	0.1 
A,CONT_EXP_EU,SITC5,EXT_EU27_2020,CZ	0.3 	0.3 	0.4 	0.5 	0.5 	0.5 	0.5 	0.5 	0.6 	0.6 	0.6 	0.6 	0.6 	0.6 	0.5 	0.5 	0.6 	0.6 	0.6 	0.6 	0.6 	0.6 	0.6 	0.6 
A,CONT_EXP_EU,SITC5,EXT_EU27_2020,DE	23.9 	23.9 	25.5 	25.0 	26.5 	26.2 	27.9 	26.5 	25.9 	26.4 	27.6 	28.2 	28.6 	28.5 	28.4 	28.7 	27.3 	26.0 	25.5 	26.5 	25.6 	24.7 	23.7 	21.6 
A,CONT_EXP_EU,SITC5,EXT_EU27_2020,DK	2.2 	2.3 	2.2 	2.4 	2.0 	2.1 	2.1 	2.3 	2.4 	2.4 	2.8 	2.9 	2.9 	3.1 	3.2 	3.0 	3.1 	3.6 	3.9 	3.6 	3.5 	3.5 	3.2 	3.5 
A,CONT_EXP_EU,SITC5,EXT_EU27_2020,EE	0.1 	0.1 	0.1 	0.1 	0.1 	0.1 	0.1 	0.1 	0.1 	0.1 	0.1 	0.1 	0.1 	0.1 	0.1 	0.1 	0.1 	0.1 	0.1 	0.1 	0.1 	0.1 	0.0 	0.0 
A,CONT_EXP_EU,SITC5,EXT_EU27_2020,EL	0.4 	0.5 	0.5 	0.5 	0.5 	0.4 	0.4 	0.4 	0.4 	0.3 	0.3 	0.3 	0.3 	0.3 	0.3 	0.3 	0.3 	0.3 	0.4 	0.4 	0.4 	0.4 	0.4 	0.3 
A,CONT_EXP_EU,SITC5,EXT_EU27_2020,ES	4.1 	4.2 	4.0 	4.6 	4.5 	4.4 	4.5 	4.4 	4.6 	4.7 	4.7 	4.9 	5.0 	4.9 	4.7 	4.7 	4.7 	4.5 	4.3 	4.4 	4.6 	4.9 	4.9 	4.6 
A,CONT_EXP_EU,SITC5,EXT_EU27_2020,EU27_2020	100.0 	100.0 	100.0 	100.0 	100.0 	100.0 	100.0 	100.0 	100.0 	100.0 	100.0 	100.0 	100.0 	100.0 	100.0 	100.0 	100.0 	100.0 	100.0 	100.0 	100.0 	100.0 	100.0 	100.0 
A,CONT_EXP_EU,SITC5,EXT_EU27_2020,FI	1.0 	1.0 	1.0 	1.0 	1.1 	1.1 	1.1 	1.1 	1.1 	1.2 	1.1 	1.1 	1.0 	0.9 	0.8 	0.8 	0.8 	0.7 	0.7 	0.8 	0.7 	0.6 	0.6 	0.5 
A,CONT_EXP_EU,SITC5,EXT_EU27_2020,FR	16.5 	15.8 	15.2 	15.0 	14.8 	14.4 	14.4 	14.5 	14.0 	13.3 	13.1 	13.0 	12.7 	12.3 	12.1 	12.1 	11.8 	11.4 	10.8 	10.4 	9.6 	9.9 	9.7 	8.9 
A,CONT_EXP_EU,SITC5,EXT_EU27_2020,HR	0.1 	0.1 	0.1 	0.2 	0.2 	0.2 	0.2 	0.2 	0.2 	0.2 	0.2 	0.2 	0.2 	0.2 	0.2 	0.3 	0.2 	0.2 	0.2 	0.2 	0.2 	0.2 	0.2 	0.2 
A,CONT_EXP_EU,SITC5,EXT_EU27_2020,HU	0.6 	0.7 	0.8 	0.8 	0.9 	0.8 	0.9 	0.8 	0.8 	0.8 	0.9 	1.0 	0.9 	0.8 	0.8 	0.9 	0.9 	0.9 	1.0 	0.9 	0.8 	0.8 	0.8 	0.8 
A,CONT_EXP_EU,SITC5,EXT_EU27_2020,IE	12.5 	12.2 	10.8 	10.3 	9.7 	10.2 	9.7 	10.6 	11.2 	11.4 	9.8 	9.4 	9.5 	11.1 	11.5 	11.1 	13.1 	13.4 	13.3 	12.3 	12.8 	12.1 	14.5 	19.1 
A,CONT_EXP_EU,SITC5,EXT_EU27_2020,IT	7.7 	7.8 	8.1 	7.9 	7.4 	7.1 	7.0 	6.6 	6.8 	7.0 	6.9 	7.1 	6.7 	6.3 	6.6 	7.4 	7.3 	7.6 	7.3 	6.7 	7.7 	8.6 	8.6 	9.2 
A,CONT_EXP_EU,SITC5,EXT_EU27_2020,LT	0.1 	0.1 	0.1 	0.2 	0.2 	0.2 	0.4 	0.3 	0.3 	0.4 	0.4 	0.4 	0.4 	0.4 	0.4 	0.4 	0.5 	0.5 	0.6 	0.7 	0.5 	0.4 	0.4 	0.3 
A,CONT_EXP_EU,SITC5,EXT_EU27_2020,LU	0.1 	0.1 	0.1 	0.1 	0.1 	0.1 	0.0 	0.0 	0.0 	0.0 	0.0 	0.0 	0.0 	0.1 	0.1 	0.1 	0.1 	0.1 	0.1 	0.1 	0.0 	0.0 	0.0 	0.0 
A,CONT_EXP_EU,SITC5,EXT_EU27_2020,LV	0.0 	0.0 	0.0 	0.1 	0.1 	0.1 	0.1 	0.1 	0.1 	0.1 	0.1 	0.1 	0.1 	0.1 	0.1 	0.1 	0.1 	0.1 	0.1 	0.1 	0.1 	0.1 	0.1 	0.1 
A,CONT_EXP_EU,SITC5,EXT_EU27_2020,MT	0.0 	0.0 	0.0 	0.0 	0.0 	0.0 	0.0 	0.0 	0.0 	0.0 	0.0 	0.0 	0.0 	0.0 	0.2 	0.0 	0.0 	0.0 	0.0 	0.0 	0.0 	0.0 	0.0 	0.0 
A,CONT_EXP_EU,SITC5,EXT_EU27_2020,NL	8.9 	8.9 	9.0 	8.9 	9.0 	9.7 	9.7 	9.8 	9.3 	9.3 	9.1 	8.9 	9.4 	9.4 	9.2 	9.7 	10.0 	10.2 	10.0 	9.2 	8.9 	8.7 	9.0 	8.2 
A,CONT_EXP_EU,SITC5,EXT_EU27_2020,PL	0.6 	0.7 	0.9 	1.0 	1.1 	1.3 	1.5 	1.3 	1.4 	1.5 	1.6 	1.6 	1.6 	1.4 	1.5 	1.6 	1.5 	1.6 	1.7 	1.7 	1.6 	1.8 	1.6 	1.5 
A,CONT_EXP_EU,SITC5,EXT_EU27_2020,PT	0.3 	0.3 	0.3 	0.3 	0.3 	0.3 	0.3 	0.3 	0.3 	0.4 	0.4 	0.4 	0.4 	0.4 	0.4 	0.4 	0.4 	0.4 	0.4 	0.4 	0.5 	0.6 	0.5 	0.5 
A,CONT_EXP_EU,SITC5,EXT_EU27_2020,RO	0.3 	0.3 	0.4 	0.4 	0.4 	0.4 	0.4 	0.3 	0.4 	0.5 	0.5 	0.4 	0.4 	0.3 	0.3 	0.3 	0.3 	0.3 	0.3 	0.3 	0.2 	0.3 	0.4 	0.3 
A,CONT_EXP_EU,SITC5,EXT_EU27_2020,SE	3.0 	3.4 	3.5 	3.1 	3.3 	2.7 	2.7 	2.9 	2.8 	2.7 	2.6 	2.6 	2.5 	2.6 	2.4 	2.5 	2.5 	2.7 	2.8 	2.5 	2.5 	2.4 	2.3 	2.2 
A,CONT_EXP_EU,SITC5,EXT_EU27_2020,SI	0.4 	0.5 	0.5 	0.4 	0.5 	0.5 	0.6 	0.6 	0.5 	0.6 	0.6 	0.6 	0.6 	0.5 	0.5 	0.5 	0.6 	0.9 	1.4 	1.5 	2.4 	3.4 	4.1 	5.5 
A,CONT_EXP_EU,SITC5,EXT_EU27_2020,SK	0.1 	0.1 	0.1 	0.1 	0.1 	0.1 	0.1 	0.1 	0.1 	0.1 	0.1 	0.1 	0.1 	0.1 	0.1 	0.1 	0.1 	0.1 	0.1 	0.1 	0.1 	0.1 	0.1 	0.1 
A,CONT_EXP_EU,SITC6_8,EU27_2020,AT	4.8 	5.0 	4.8 	4.7 	4.6 	4.6 	4.8 	4.7 	4.7 	4.7 	4.7 	4.7 	4.6 	4.5 	4.3 	4.3 	4.4 	4.2 	4.2 	4.1 	4.2 	4.1 	4.0 	3.9 
A,CONT_EXP_EU,SITC6_8,EU27_2020,BE	9.7 	9.5 	9.6 	9.7 	9.5 	9.6 	9.4 	9.1 	8.7 	8.5 	8.3 	8.1 	8.0 	8.1 	8.0 	8.0 	7.9 	7.8 	7.9 	8.0 	8.1 	7.8 	7.5 	7.3 
A,CONT_EXP_EU,SITC6_8,EU27_2020,BG	0.5 	0.6 	0.6 	0.6 	0.7 	0.7 	0.7 	0.7 	0.7 	0.8 	0.8 	0.8 	0.8 	0.8 	0.8 	0.9 	0.9 	0.8 	0.9 	0.9 	1.0 	1.1 	1.2 	1.0 
A,CONT_EXP_EU,SITC6_8,EU27_2020,CY	0.0 	0.0 	0.0 	0.0 	0.0 	0.0 	0.0 	0.0 	0.0 	0.0 	0.0 	0.0 	0.0 	0.0 	0.0 	0.0 	0.0 	0.0 	0.0 	0.0 	0.0 	0.0 	0.0 	0.0 
A,CONT_EXP_EU,SITC6_8,EU27_2020,CZ	2.7 	2.8 	3.1 	3.2 	3.3 	3.4 	3.7 	3.7 	3.8 	4.0 	4.2 	4.3 	4.4 	4.5 	4.7 	4.6 	4.6 	4.5 	4.6 	4.5 	4.4 	4.6 	4.6 	4.7 
A,CONT_EXP_EU,SITC6_8,EU27_2020,DE	21.8 	21.6 	21.9 	22.2 	22.5 	23.0 	22.9 	23.5 	23.1 	23.0 	22.7 	22.6 	22.5 	22.5 	22.3 	22.0 	22.2 	22.1 	22.0 	21.1 	20.7 	21.0 	21.0 	21.0 
A,CONT_EXP_EU,SITC6_8,EU27_2020,DK	2.3 	2.2 	2.2 	2.2 	2.1 	2.0 	2.0 	2.1 	1.9 	1.9 	1.9 	1.8 	1.8 	1.8 	1.8 	1.7 	1.7 	1.6 	1.8 	1.7 	1.7 	1.7 	1.7 	1.8 
A,CONT_EXP_EU,SITC6_8,EU27_2020,EE	0.3 	0.3 	0.3 	0.3 	0.3 	0.3 	0.3 	0.3 	0.3 	0.4 	0.4 	0.4 	0.4 	0.4 	0.4 	0.4 	0.4 	0.4 	0.4 	0.4 	0.4 	0.4 	0.4 	0.4 
A,CONT_EXP_EU,SITC6_8,EU27_2020,EL	0.7 	0.7 	0.7 	0.6 	0.7 	0.7 	0.7 	0.6 	0.5 	0.5 	0.5 	0.5 	0.5 	0.5 	0.5 	0.5 	0.6 	0.6 	0.6 	0.7 	0.8 	0.7 	0.7 	0.7 
A,CONT_EXP_EU,SITC6_8,EU27_2020,ES	5.2 	5.2 	5.1 	5.0 	4.9 	4.9 	5.0 	5.2 	5.3 	5.2 	5.2 	5.3 	5.3 	5.3 	5.4 	5.5 	5.4 	5.6 	5.5 	5.7 	5.8 	6.0 	6.0 	6.0 
A,CONT_EXP_EU,SITC6_8,EU27_2020,EU27_2020	100.0 	100.0 	100.0 	100.0 	100.0 	100.0 	100.0 	100.0 	100.0 	100.0 	100.0 	100.0 	100.0 	100.0 	100.0 	100.0 	100.0 	100.0 	100.0 	100.0 	100.0 	100.0 	100.0 	100.0 
A,CONT_EXP_EU,SITC6_8,EU27_2020,FI	2.4 	2.3 	2.4 	2.2 	2.3 	2.2 	2.0 	1.8 	1.9 	1.8 	1.8 	1.8 	1.8 	1.7 	1.6 	1.6 	1.6 	1.5 	1.5 	1.5 	1.5 	1.4 	1.4 	1.4 
A,CONT_EXP_EU,SITC6_8,EU27_2020,FR	10.4 	10.5 	10.2 	9.8 	9.5 	9.2 	9.1 	9.1 	8.7 	8.4 	8.3 	8.3 	8.1 	8.0 	7.8 	7.7 	7.6 	7.5 	7.0 	7.1 	7.1 	7.2 	7.2 	7.1 
A,CONT_EXP_EU,SITC6_8,EU27_2020,HR	0.3 	0.3 	0.3 	0.3 	0.3 	0.3 	0.3 	0.3 	0.3 	0.3 	0.3 	0.3 	0.4 	0.4 	0.4 	0.4 	0.4 	0.4 	0.4 	0.4 	0.5 	0.5 	0.5 	0.5 
A,CONT_EXP_EU,SITC6_8,EU27_2020,HU	1.6 	1.5 	1.5 	1.6 	1.6 	1.6 	1.7 	1.7 	1.8 	1.9 	2.0 	2.0 	2.0 	2.0 	2.0 	2.1 	2.0 	1.9 	1.9 	1.8 	1.7 	1.8 	1.7 	1.6 
A,CONT_EXP_EU,SITC6_8,EU27_2020,IE	0.9 	1.0 	0.8 	0.8 	0.6 	0.6 	0.6 	0.7 	0.7 	0.7 	0.7 	0.7 	0.7 	0.8 	0.8 	0.7 	0.7 	0.7 	0.7 	0.7 	0.7 	0.7 	0.8 	0.8 
A,CONT_EXP_EU,SITC6_8,EU27_2020,IT	13.7 	13.3 	13.4 	12.9 	12.6 	12.4 	11.9 	11.6 	11.5 	11.4 	11.4 	11.2 	11.2 	10.7 	10.7 	10.6 	10.5 	10.5 	10.1 	10.7 	10.8 	10.6 	10.2 	10.2 
A,CONT_EXP_EU,SITC6_8,EU27_2020,LT	0.3 	0.3 	0.3 	0.3 	0.3 	0.3 	0.3 	0.4 	0.4 	0.4 	0.4 	0.5 	0.5 	0.5 	0.5 	0.5 	0.5 	0.6 	0.6 	0.6 	0.6 	0.6 	0.6 	0.6 
A,CONT_EXP_EU,SITC6_8,EU27_2020,LU	0.9 	0.9 	1.0 	0.9 	0.9 	0.9 	0.9 	0.8 	0.8 	0.8 	0.8 	0.7 	0.7 	0.7 	0.7 	0.7 	0.6 	0.6 	0.5 	0.5 	0.5 	0.5 	0.5 	0.5 
A,CONT_EXP_EU,SITC6_8,EU27_2020,LV	0.2 	0.2 	0.2 	0.2 	0.2 	0.2 	0.3 	0.2 	0.3 	0.3 	0.3 	0.3 	0.3 	0.3 	0.3 	0.3 	0.3 	0.3 	0.4 	0.4 	0.4 	0.3 	0.3 	0.3 
A,CONT_EXP_EU,SITC6_8,EU27_2020,MT	0.1 	0.1 	0.1 	0.1 	0.0 	0.0 	0.0 	0.0 	0.0 	0.0 	0.0 	0.0 	0.0 	0.0 	0.0 	0.0 	0.0 	0.0 	0.0 	0.0 	0.0 	0.0 	0.0 	0.0 
A,CONT_EXP_EU,SITC6_8,EU27_2020,NL	9.2 	9.2 	9.0 	9.3 	9.8 	9.5 	9.5 	9.7 	10.2 	10.0 	9.8 	10.0 	10.2 	10.2 	10.4 	10.6 	10.6 	10.7 	10.9 	11.4 	11.6 	11.3 	11.8 	12.0 
A,CONT_EXP_EU,SITC6_8,EU27_2020,PL	3.2 	3.4 	3.6 	3.8 	4.0 	4.2 	4.5 	4.6 	5.0 	5.1 	5.5 	5.8 	6.2 	6.7 	6.8 	7.2 	7.5 	7.8 	8.5 	8.5 	8.4 	8.5 	8.7 	9.0 
A,CONT_EXP_EU,SITC6_8,EU27_2020,PT	2.1 	2.1 	1.9 	1.9 	1.9 	1.8 	1.7 	1.9 	1.8 	1.8 	1.8 	1.9 	1.9 	1.9 	2.0 	1.9 	1.9 	1.9 	1.9 	1.8 	1.9 	2.0 	1.9 	1.9 
A,CONT_EXP_EU,SITC6_8,EU27_2020,RO	1.5 	1.5 	1.6 	1.5 	1.5 	1.5 	1.5 	1.5 	1.6 	1.7 	1.8 	1.8 	1.9 	1.9 	1.9 	2.0 	2.0 	2.0 	1.9 	1.8 	1.9 	1.9 	1.9 	1.8 
A,CONT_EXP_EU,SITC6_8,EU27_2020,SE	3.3 	3.4 	3.3 	3.3 	3.3 	3.2 	3.2 	3.0 	3.2 	3.1 	3.1 	3.0 	2.7 	2.7 	2.6 	2.6 	2.5 	2.5 	2.6 	2.5 	2.4 	2.3 	2.3 	2.4 
A,CONT_EXP_EU,SITC6_8,EU27_2020,SI	0.9 	0.9 	0.9 	0.9 	0.9 	0.9 	0.9 	0.9 	0.9 	0.9 	0.9 	0.9 	0.9 	0.9 	1.0 	1.0 	1.0 	1.0 	1.0 	1.1 	1.1 	1.0 	1.0 	1.0 
A,CONT_EXP_EU,SITC6_8,EU27_2020,SK	1.2 	1.4 	1.4 	1.5 	1.6 	1.7 	1.9 	1.9 	2.1 	2.1 	2.3 	2.2 	2.2 	2.2 	2.1 	2.1 	2.2 	2.1 	2.0 	2.1 	2.0 	2.0 	2.1 	2.1 
A,CONT_EXP_EU,SITC6_8,EXT_EU27_2020,AT	3.1 	3.1 	3.2 	3.5 	3.5 	3.5 	3.6 	3.6 	3.4 	3.4 	3.4 	3.4 	3.3 	3.2 	3.0 	3.1 	3.1 	3.0 	3.0 	3.1 	3.0 	3.0 	3.0 	2.9 
A,CONT_EXP_EU,SITC6_8,EXT_EU27_2020,BE	9.9 	8.8 	8.7 	8.9 	8.4 	8.5 	7.7 	7.8 	8.5 	8.7 	8.2 	8.1 	8.2 	7.7 	7.8 	7.5 	7.2 	6.7 	6.7 	6.6 	6.3 	5.5 	5.1 	5.1 
A,CONT_EXP_EU,SITC6_8,EXT_EU27_2020,BG	0.3 	0.4 	0.4 	0.5 	0.5 	0.6 	0.5 	0.5 	0.6 	0.6 	0.6 	0.6 	0.6 	0.6 	0.7 	0.9 	0.8 	0.7 	0.8 	0.8 	0.7 	0.7 	0.8 	0.9 
A,CONT_EXP_EU,SITC6_8,EXT_EU27_2020,CY	0.0 	0.0 	0.0 	0.0 	0.0 	0.0 	0.0 	0.0 	0.0 	0.0 	0.0 	0.0 	0.0 	0.0 	0.0 	0.0 	0.0 	0.0 	0.0 	0.0 	0.0 	0.0 	0.0 	0.0 
A,CONT_EXP_EU,SITC6_8,EXT_EU27_2020,CZ	1.0 	1.0 	1.2 	1.4 	1.4 	1.5 	1.6 	1.6 	1.6 	1.7 	1.8 	1.8 	1.8 	1.9 	1.9 	1.9 	1.8 	1.8 	1.8 	1.8 	1.8 	1.9 	2.0 	2.1 
A,CONT_EXP_EU,SITC6_8,EXT_EU27_2020,DE	23.4 	24.2 	24.8 	24.9 	26.0 	26.3 	26.8 	27.4 	27.1 	27.3 	26.8 	26.4 	26.1 	26.2 	26.1 	26.6 	26.6 	26.2 	26.9 	26.1 	25.2 	25.2 	24.6 	24.9 
A,CONT_EXP_EU,SITC6_8,EXT_EU27_2020,DK	2.1 	2.2 	2.1 	2.1 	2.0 	1.9 	2.0 	2.1 	1.9 	1.9 	1.8 	1.7 	1.7 	1.7 	1.7 	1.8 	1.7 	1.6 	1.8 	1.7 	1.7 	1.6 	1.8 	1.9 
A,CONT_EXP_EU,SITC6_8,EXT_EU27_2020,EE	0.1 	0.1 	0.2 	0.2 	0.2 	0.2 	0.2 	0.2 	0.2 	0.3 	0.3 	0.3 	0.2 	0.2 	0.2 	0.2 	0.2 	0.2 	0.2 	0.3 	0.3 	0.2 	0.2 	0.2 
A,CONT_EXP_EU,SITC6_8,EXT_EU27_2020,EL	0.6 	0.7 	0.6 	0.6 	0.6 	0.6 	0.7 	0.7 	0.6 	0.6 	0.6 	0.6 	0.6 	0.6 	0.5 	0.6 	0.6 	0.5 	0.5 	0.6 	0.7 	0.7 	0.7 	0.7 
A,CONT_EXP_EU,SITC6_8,EXT_EU27_2020,ES	5.3 	5.2 	4.8 	4.7 	4.7 	4.9 	5.2 	5.3 	5.2 	5.5 	5.8 	6.1 	6.1 	6.3 	6.3 	6.4 	6.4 	6.2 	5.9 	6.1 	6.1 	5.6 	5.8 	5.8 
A,CONT_EXP_EU,SITC6_8,EXT_EU27_2020,EU27_2020	100.0 	100.0 	100.0 	100.0 	100.0 	100.0 	100.0 	100.0 	100.0 	100.0 	100.0 	100.0 	100.0 	100.0 	100.0 	100.0 	100.0 	100.0 	100.0 	100.0 	100.0 	100.0 	100.0 	100.0 
A,CONT_EXP_EU,SITC6_8,EXT_EU27_2020,FI	2.7 	2.8 	2.8 	2.6 	2.7 	2.7 	2.5 	2.2 	2.5 	2.4 	2.3 	2.2 	2.1 	1.9 	1.9 	2.0 	2.2 	2.2 	2.0 	1.9 	1.9 	1.5 	1.5 	1.5 
A,CONT_EXP_EU,SITC6_8,EXT_EU27_2020,FR	12.6 	12.5 	11.9 	11.9 	11.4 	11.3 	11.3 	11.7 	11.2 	11.0 	10.9 	10.8 	10.8 	11.0 	10.9 	10.4 	10.5 	11.2 	10.4 	10.2 	10.6 	11.3 	11.3 	11.3 
A,CONT_EXP_EU,SITC6_8,EXT_EU27_2020,HR	0.2 	0.2 	0.2 	0.2 	0.2 	0.2 	0.2 	0.2 	0.2 	0.2 	0.2 	0.2 	0.2 	0.2 	0.2 	0.2 	0.3 	0.2 	0.3 	0.3 	0.3 	0.3 	0.4 	0.3 
A,CONT_EXP_EU,SITC6_8,EXT_EU27_2020,HU	0.5 	0.5 	0.5 	0.6 	0.6 	0.6 	0.7 	0.7 	0.7 	0.7 	0.8 	0.9 	0.9 	0.9 	1.0 	1.0 	1.0 	0.9 	1.0 	1.0 	1.0 	1.0 	1.0 	1.0 
A,CONT_EXP_EU,SITC6_8,EXT_EU27_2020,IE	2.4 	2.7 	2.9 	2.6 	2.1 	1.9 	2.0 	2.4 	2.4 	2.0 	2.0 	2.0 	2.1 	2.4 	2.4 	2.4 	2.5 	2.5 	2.6 	2.7 	3.0 	3.0 	3.1 	3.3 
A,CONT_EXP_EU,SITC6_8,EXT_EU27_2020,IT	19.4 	18.8 	18.4 	17.8 	17.8 	17.9 	17.9 	16.7 	16.3 	16.2 	16.5 	17.1 	17.1 	17.1 	16.9 	16.4 	16.5 	16.9 	15.9 	16.8 	17.2 	17.3 	17.5 	16.6 
A,CONT_EXP_EU,SITC6_8,EXT_EU27_2020,LT	0.2 	0.2 	0.2 	0.3 	0.3 	0.4 	0.5 	0.4 	0.5 	0.5 	0.6 	0.7 	0.8 	0.6 	0.7 	0.7 	0.7 	0.7 	0.8 	0.7 	0.7 	0.7 	0.6 	0.5 
A,CONT_EXP_EU,SITC6_8,EXT_EU27_2020,LU	0.4 	0.4 	0.4 	0.4 	0.4 	0.4 	0.4 	0.3 	0.4 	0.4 	0.3 	0.3 	0.3 	0.4 	0.3 	0.3 	0.3 	0.3 	0.3 	0.3 	0.3 	0.3 	0.2 	0.2 
A,CONT_EXP_EU,SITC6_8,EXT_EU27_2020,LV	0.1 	0.1 	0.1 	0.2 	0.2 	0.2 	0.2 	0.2 	0.2 	0.3 	0.3 	0.3 	0.2 	0.2 	0.2 	0.2 	0.3 	0.3 	0.3 	0.3 	0.3 	0.3 	0.3 	0.3 
A,CONT_EXP_EU,SITC6_8,EXT_EU27_2020,MT	0.1 	0.1 	0.1 	0.1 	0.1 	0.1 	0.1 	0.1 	0.1 	0.1 	0.1 	0.1 	0.0 	0.1 	0.0 	0.0 	0.1 	0.1 	0.1 	0.1 	0.1 	0.1 	0.1 	0.1 
A,CONT_EXP_EU,SITC6_8,EXT_EU27_2020,NL	6.4 	6.5 	6.6 	6.7 	6.9 	5.7 	5.6 	5.9 	5.7 	5.4 	5.8 	5.8 	5.9 	6.2 	6.4 	6.7 	6.9 	7.2 	7.5 	7.1 	7.3 	7.5 	8.0 	8.1 
A,CONT_EXP_EU,SITC6_8,EXT_EU27_2020,PL	1.5 	1.7 	2.0 	2.3 	2.5 	2.8 	3.0 	2.8 	3.0 	3.0 	3.2 	3.4 	3.3 	3.3 	3.5 	3.7 	3.7 	3.9 	4.3 	4.4 	4.3 	4.6 	4.8 	4.7 
A,CONT_EXP_EU,SITC6_8,EXT_EU27_2020,PT	1.4 	1.4 	1.3 	1.1 	1.1 	1.1 	1.2 	1.3 	1.2 	1.2 	1.4 	1.5 	1.6 	1.5 	1.4 	1.5 	1.4 	1.4 	1.3 	1.4 	1.4 	1.4 	1.4 	1.3 
A,CONT_EXP_EU,SITC6_8,EXT_EU27_2020,RO	0.8 	0.9 	1.0 	1.1 	0.9 	0.9 	0.9 	0.7 	0.9 	0.9 	0.9 	1.0 	1.0 	1.0 	1.0 	1.1 	1.0 	1.0 	1.0 	1.0 	1.1 	1.2 	1.1 	1.1 
A,CONT_EXP_EU,SITC6_8,EXT_EU27_2020,SE	4.5 	4.7 	4.7 	4.6 	4.5 	4.5 	4.4 	4.3 	4.5 	4.5 	4.2 	3.8 	3.6 	3.6 	3.4 	3.3 	3.2 	3.2 	3.5 	3.5 	3.5 	3.5 	3.6 	3.7 
A,CONT_EXP_EU,SITC6_8,EXT_EU27_2020,SI	0.4 	0.4 	0.5 	0.5 	0.5 	0.6 	0.6 	0.5 	0.5 	0.5 	0.5 	0.5 	0.5 	0.5 	0.6 	0.6 	0.6 	0.6 	0.6 	0.6 	0.7 	0.7 	0.5 	0.5 
A,CONT_EXP_EU,SITC6_8,EXT_EU27_2020,SK	0.3 	0.4 	0.4 	0.5 	0.5 	0.6 	0.6 	0.6 	0.6 	0.5 	0.6 	0.6 	0.6 	0.6 	0.6 	0.6 	0.6 	0.6 	0.6 	0.6 	0.7 	0.7 	0.7 	0.8 
A,CONT_EXP_EU,SITC7,EU27_2020,AT	4.3 	4.2 	4.3 	3.9 	3.9 	4.0 	4.0 	3.8 	3.8 	3.8 	3.9 	4.2 	4.0 	3.8 	3.8 	3.8 	3.8 	3.7 	3.6 	3.6 	3.6 	3.5 	3.4 	3.4 
A,CONT_EXP_EU,SITC7,EU27_2020,BE	7.0 	7.0 	6.9 	6.6 	6.3 	6.1 	6.0 	5.7 	5.3 	5.3 	5.3 	5.3 	5.2 	5.1 	5.2 	5.1 	5.0 	5.4 	5.2 	5.5 	5.3 	5.5 	5.7 	5.5 
A,CONT_EXP_EU,SITC7,EU27_2020,BG	0.1 	0.1 	0.1 	0.1 	0.1 	0.2 	0.2 	0.2 	0.2 	0.3 	0.3 	0.3 	0.4 	0.4 	0.4 	0.4 	0.4 	0.5 	0.5 	0.5 	0.5 	0.5 	0.5 	0.5 
A,CONT_EXP_EU,SITC7,EU27_2020,CY	0.0 	0.0 	0.0 	0.0 	0.0 	0.0 	0.0 	0.0 	0.0 	0.0 	0.0 	0.0 	0.1 	0.1 	0.0 	0.0 	0.0 	0.1 	0.0 	0.0 	0.0 	0.0 	0.0 	0.0 
A,CONT_EXP_EU,SITC7,EU27_2020,CZ	2.6 	2.9 	3.5 	3.7 	4.1 	4.5 	5.0 	5.1 	5.6 	6.0 	6.0 	6.0 	6.3 	6.3 	6.4 	6.7 	7.0 	7.1 	7.3 	7.1 	7.5 	7.5 	7.8 	7.7 
A,CONT_EXP_EU,SITC7,EU27_2020,DE	29.6 	29.3 	29.2 	30.0 	29.5 	30.0 	29.5 	28.5 	28.5 	28.7 	28.4 	27.8 	27.8 	27.7 	27.9 	28.0 	27.3 	26.6 	25.3 	25.4 	24.7 	25.0 	24.9 	25.6 
A,CONT_EXP_EU,SITC7,EU27_2020,DK	1.7 	1.6 	1.5 	1.6 	1.4 	1.3 	1.3 	1.3 	1.1 	1.2 	1.2 	1.3 	1.4 	1.3 	1.3 	1.1 	1.2 	1.2 	1.3 	1.1 	1.2 	1.1 	1.1 	1.2 
A,CONT_EXP_EU,SITC7,EU27_2020,EE	0.2 	0.2 	0.2 	0.3 	0.2 	0.2 	0.2 	0.2 	0.3 	0.3 	0.4 	0.4 	0.4 	0.3 	0.3 	0.3 	0.3 	0.2 	0.3 	0.3 	0.3 	0.3 	0.3 	0.3 
A,CONT_EXP_EU,SITC7,EU27_2020,EL	0.1 	0.1 	0.2 	0.1 	0.2 	0.2 	0.2 	0.1 	0.1 	0.1 	0.1 	0.1 	0.1 	0.2 	0.2 	0.1 	0.2 	0.2 	0.2 	0.2 	0.2 	0.2 	0.2 	0.2 
A,CONT_EXP_EU,SITC7,EU27_2020,ES	6.2 	6.3 	6.1 	5.8 	5.6 	5.5 	5.3 	5.8 	5.7 	5.8 	5.3 	5.4 	5.3 	5.4 	5.7 	5.4 	5.3 	5.2 	5.3 	4.9 	4.8 	5.0 	5.1 	4.8 
A,CONT_EXP_EU,SITC7,EU27_2020,EU27_2020	100.0 	100.0 	100.0 	100.0 	100.0 	100.0 	100.0 	100.0 	100.0 	100.0 	100.0 	100.0 	100.0 	100.0 	100.0 	100.0 	100.0 	100.0 	100.0 	100.0 	100.0 	100.0 	100.0 	100.0 
A,CONT_EXP_EU,SITC7,EU27_2020,FI	1.5 	1.4 	1.2 	1.3 	1.4 	1.4 	1.4 	1.2 	0.8 	0.8 	0.8 	0.8 	0.8 	0.9 	0.8 	1.0 	1.0 	1.0 	1.0 	1.1 	0.9 	0.8 	0.8 	0.8 
A,CONT_EXP_EU,SITC7,EU27_2020,FR	14.8 	14.5 	13.4 	11.8 	11.7 	10.5 	10.2 	10.5 	10.3 	9.8 	10.1 	10.0 	9.7 	9.4 	9.4 	8.6 	8.6 	8.5 	7.7 	7.4 	7.5 	7.7 	7.3 	7.2 
A,CONT_EXP_EU,SITC7,EU27_2020,HR	0.2 	0.2 	0.2 	0.2 	0.2 	0.2 	0.2 	0.2 	0.2 	0.2 	0.2 	0.2 	0.2 	0.2 	0.2 	0.2 	0.2 	0.2 	0.2 	0.2 	0.3 	0.3 	0.3 	0.3 
A,CONT_EXP_EU,SITC7,EU27_2020,HU	3.0 	3.1 	3.3 	3.4 	3.6 	3.8 	3.8 	3.9 	4.0 	3.8 	3.7 	3.8 	4.0 	4.1 	4.1 	4.1 	4.1 	4.4 	4.5 	4.4 	4.6 	4.8 	4.5 	4.4 
A,CONT_EXP_EU,SITC7,EU27_2020,IE	1.9 	1.7 	1.5 	1.4 	1.3 	1.1 	0.9 	0.7 	0.6 	0.6 	0.5 	0.6 	0.6 	0.7 	0.6 	0.7 	0.5 	0.5 	0.5 	0.5 	0.5 	0.4 	0.6 	0.7 
A,CONT_EXP_EU,SITC7,EU27_2020,IT	8.9 	8.7 	8.7 	8.6 	8.6 	8.8 	8.6 	8.0 	7.7 	7.8 	7.7 	7.6 	7.5 	7.4 	7.3 	7.2 	7.4 	7.2 	7.1 	7.3 	7.2 	7.2 	7.1 	7.0 
A,CONT_EXP_EU,SITC7,EU27_2020,LT	0.1 	0.1 	0.1 	0.1 	0.2 	0.2 	0.1 	0.1 	0.1 	0.2 	0.2 	0.2 	0.2 	0.2 	0.2 	0.2 	0.3 	0.3 	0.3 	0.3 	0.3 	0.3 	0.4 	0.4 
A,CONT_EXP_EU,SITC7,EU27_2020,LU	0.5 	0.6 	0.7 	0.9 	1.0 	0.7 	0.8 	0.9 	0.5 	0.4 	0.4 	0.4 	0.5 	0.5 	0.4 	0.3 	0.3 	0.4 	0.3 	0.3 	0.2 	0.2 	0.2 	0.3 
A,CONT_EXP_EU,SITC7,EU27_2020,LV	0.0 	0.0 	0.0 	0.1 	0.1 	0.1 	0.1 	0.1 	0.1 	0.1 	0.2 	0.2 	0.2 	0.2 	0.2 	0.2 	0.2 	0.2 	0.2 	0.2 	0.2 	0.2 	0.2 	0.2 
A,CONT_EXP_EU,SITC7,EU27_2020,MT	0.1 	0.1 	0.1 	0.1 	0.1 	0.1 	0.0 	0.0 	0.0 	0.0 	0.0 	0.0 	0.0 	0.0 	0.0 	0.0 	0.0 	0.0 	0.0 	0.0 	0.0 	0.1 	0.0 	0.0 
A,CONT_EXP_EU,SITC7,EU27_2020,NL	9.3 	9.4 	9.5 	10.4 	9.8 	9.9 	10.1 	10.8 	11.5 	11.1 	11.4 	11.0 	10.9 	11.1 	10.9 	11.4 	11.3 	11.3 	12.5 	12.7 	13.0 	12.2 	12.1 	12.2 
A,CONT_EXP_EU,SITC7,EU27_2020,PL	2.1 	2.3 	2.6 	2.9 	3.3 	3.5 	4.0 	4.6 	4.7 	4.4 	4.4 	4.6 	5.0 	5.1 	5.0 	5.2 	5.4 	5.7 	6.2 	6.6 	6.6 	6.7 	6.7 	6.7 
A,CONT_EXP_EU,SITC7,EU27_2020,PT	1.2 	1.1 	1.0 	1.0 	1.0 	1.0 	0.9 	0.9 	0.9 	1.0 	1.0 	1.0 	0.9 	0.9 	0.9 	1.0 	1.1 	1.2 	1.1 	1.1 	1.2 	1.1 	1.2 	1.2 
A,CONT_EXP_EU,SITC7,EU27_2020,RO	0.3 	0.4 	0.5 	0.6 	0.7 	0.9 	1.0 	1.4 	1.5 	1.6 	1.6 	1.8 	1.9 	1.9 	2.0 	2.1 	2.2 	2.2 	2.3 	2.2 	2.3 	2.3 	2.4 	2.4 
A,CONT_EXP_EU,SITC7,EU27_2020,SE	2.8 	3.0 	3.3 	3.1 	3.3 	3.2 	2.9 	2.4 	2.7 	2.9 	2.9 	2.8 	2.6 	2.6 	2.6 	2.5 	2.6 	2.6 	2.6 	2.6 	2.4 	2.6 	2.5 	2.5 
A,CONT_EXP_EU,SITC7,EU27_2020,SI	0.6 	0.5 	0.6 	0.7 	0.7 	0.8 	0.9 	0.9 	0.9 	0.9 	0.8 	0.9 	0.9 	0.9 	0.9 	1.0 	1.1 	1.1 	1.1 	1.2 	1.2 	1.2 	1.2 	1.2 
A,CONT_EXP_EU,SITC7,EU27_2020,SK	0.9 	1.2 	1.2 	1.3 	1.6 	2.1 	2.3 	2.5 	2.7 	2.7 	3.1 	3.3 	3.2 	3.2 	3.3 	3.2 	3.3 	3.3 	3.4 	3.4 	3.3 	3.3 	3.3 	3.4 
A,CONT_EXP_EU,SITC7,EXT_EU27_2020,AT	2.4 	2.6 	2.9 	2.9 	2.7 	2.6 	2.6 	2.4 	2.4 	2.5 	2.5 	2.5 	2.6 	2.5 	2.4 	2.4 	2.5 	2.6 	2.6 	2.6 	2.7 	2.8 	2.7 	2.6 
A,CONT_EXP_EU,SITC7,EXT_EU27_2020,BE	4.7 	4.5 	4.3 	4.2 	4.0 	3.9 	3.9 	3.8 	3.7 	4.0 	4.1 	4.0 	3.9 	3.7 	3.9 	3.7 	3.6 	3.6 	3.6 	3.0 	3.3 	3.6 	3.3 	3.3 
A,CONT_EXP_EU,SITC7,EXT_EU27_2020,BG	0.1 	0.1 	0.1 	0.1 	0.1 	0.1 	0.1 	0.1 	0.1 	0.1 	0.1 	0.2 	0.2 	0.2 	0.2 	0.2 	0.2 	0.2 	0.2 	0.2 	0.3 	0.3 	0.3 	0.3 
A,CONT_EXP_EU,SITC7,EXT_EU27_2020,CY	0.0 	0.0 	0.0 	0.0 	0.0 	0.0 	0.0 	0.0 	0.0 	0.0 	0.0 	0.0 	0.1 	0.1 	0.1 	0.1 	0.2 	0.1 	0.1 	0.1 	0.2 	0.1 	0.2 	0.1 
A,CONT_EXP_EU,SITC7,EXT_EU27_2020,CZ	1.0 	0.9 	1.0 	1.2 	1.4 	1.7 	1.9 	1.9 	2.1 	2.3 	2.5 	2.5 	2.5 	2.5 	2.5 	2.6 	2.6 	2.7 	2.8 	2.7 	2.8 	2.7 	3.3 	3.4 
A,CONT_EXP_EU,SITC7,EXT_EU27_2020,DE	37.7 	38.7 	38.6 	38.0 	39.4 	38.6 	38.2 	38.9 	40.5 	40.9 	41.6 	41.5 	42.1 	42.3 	41.8 	41.4 	41.3 	40.4 	40.4 	40.2 	39.0 	37.9 	37.3 	35.2 
A,CONT_EXP_EU,SITC7,EXT_EU27_2020,DK	1.7 	1.5 	1.5 	1.6 	1.6 	1.5 	1.6 	1.7 	1.5 	1.6 	1.4 	1.3 	1.4 	1.3 	1.3 	1.5 	1.4 	1.4 	1.4 	1.6 	1.4 	1.4 	1.5 	1.6 
A,CONT_EXP_EU,SITC7,EXT_EU27_2020,EE	0.0 	0.0 	0.0 	0.1 	0.1 	0.1 	0.1 	0.1 	0.1 	0.2 	0.2 	0.2 	0.1 	0.1 	0.1 	0.1 	0.2 	0.2 	0.2 	0.3 	0.2 	0.2 	0.2 	0.1 
A,CONT_EXP_EU,SITC7,EXT_EU27_2020,EL	0.2 	0.2 	0.1 	0.2 	0.1 	0.2 	0.2 	0.3 	0.2 	0.2 	0.2 	0.1 	0.1 	0.1 	0.1 	0.1 	0.1 	0.1 	0.2 	0.2 	0.2 	0.2 	0.2 	0.2 
A,CONT_EXP_EU,SITC7,EXT_EU27_2020,ES	3.7 	4.1 	4.2 	4.2 	4.3 	4.1 	3.8 	3.8 	3.7 	3.9 	3.8 	4.6 	4.4 	4.5 	4.6 	4.4 	4.3 	4.2 	3.9 	4.0 	4.0 	4.3 	4.4 	4.4 
A,CONT_EXP_EU,SITC7,EXT_EU27_2020,EU27_2020	100.0 	100.0 	100.0 	100.0 	100.0 	100.0 	100.0 	100.0 	100.0 	100.0 	100.0 	100.0 	100.0 	100.0 	100.0 	100.0 	100.0 	100.0 	100.0 	100.0 	100.0 	100.0 	100.0 	100.0 
A,CONT_EXP_EU,SITC7,EXT_EU27_2020,FI	2.6 	2.6 	2.5 	2.7 	2.8 	2.8 	2.8 	2.1 	1.8 	1.5 	1.5 	1.3 	1.2 	1.1 	1.0 	1.1 	1.1 	1.1 	1.3 	1.2 	1.2 	1.3 	1.1 	1.2 
A,CONT_EXP_EU,SITC7,EXT_EU27_2020,FR	16.5 	15.9 	15.3 	15.1 	12.9 	12.2 	12.2 	12.6 	12.3 	11.5 	11.8 	11.3 	11.1 	11.2 	11.1 	11.2 	11.3 	11.5 	9.1 	9.2 	9.4 	9.6 	10.0 	10.8 
A,CONT_EXP_EU,SITC7,EXT_EU27_2020,HR	0.1 	0.1 	0.1 	0.1 	0.1 	0.2 	0.2 	0.2 	0.2 	0.2 	0.2 	0.1 	0.1 	0.1 	0.1 	0.1 	0.1 	0.1 	0.1 	0.2 	0.1 	0.2 	0.2 	0.2 
A,CONT_EXP_EU,SITC7,EXT_EU27_2020,HU	0.8 	0.9 	1.2 	1.4 	1.7 	1.9 	2.0 	2.0 	2.2 	2.2 	1.8 	1.7 	1.5 	1.4 	1.4 	1.4 	1.3 	1.4 	1.5 	1.5 	2.0 	2.0 	2.0 	2.1 
A,CONT_EXP_EU,SITC7,EXT_EU27_2020,IE	4.7 	2.9 	2.6 	2.5 	2.2 	1.9 	1.7 	1.7 	1.1 	0.9 	0.9 	0.9 	0.9 	1.3 	1.8 	1.6 	1.6 	2.0 	2.2 	2.2 	2.2 	1.8 	2.2 	2.4 
A,CONT_EXP_EU,SITC7,EXT_EU27_2020,IT	10.4 	10.2 	10.3 	10.0 	10.2 	10.7 	10.9 	11.1 	10.3 	10.1 	9.8 	10.1 	10.3 	10.2 	10.2 	10.3 	10.0 	9.6 	9.9 	10.6 	10.6 	10.7 	10.4 	10.3 
A,CONT_EXP_EU,SITC7,EXT_EU27_2020,LT	0.2 	0.2 	0.2 	0.2 	0.2 	0.3 	0.3 	0.2 	0.3 	0.3 	0.4 	0.4 	0.4 	0.3 	0.3 	0.3 	0.3 	0.4 	0.4 	0.4 	0.4 	0.3 	0.2 	0.2 
A,CONT_EXP_EU,SITC7,EXT_EU27_2020,LU	0.2 	0.3 	0.2 	0.3 	0.4 	0.3 	0.3 	0.4 	0.4 	0.3 	0.3 	0.2 	0.1 	0.1 	0.1 	0.1 	0.1 	0.1 	0.1 	0.1 	0.1 	0.1 	0.1 	0.1 
A,CONT_EXP_EU,SITC7,EXT_EU27_2020,LV	0.0 	0.0 	0.0 	0.0 	0.1 	0.1 	0.1 	0.1 	0.1 	0.1 	0.1 	0.1 	0.1 	0.1 	0.1 	0.1 	0.1 	0.1 	0.2 	0.1 	0.2 	0.1 	0.1 	0.1 
A,CONT_EXP_EU,SITC7,EXT_EU27_2020,MT	0.2 	0.2 	0.2 	0.1 	0.2 	0.1 	0.1 	0.1 	0.1 	0.1 	0.1 	0.1 	0.1 	0.1 	0.1 	0.1 	0.1 	0.1 	0.1 	0.1 	0.1 	0.1 	0.1 	0.1 
A,CONT_EXP_EU,SITC7,EXT_EU27_2020,NL	6.2 	6.6 	6.8 	6.9 	7.1 	7.9 	7.4 	7.4 	7.5 	7.3 	7.4 	7.3 	7.6 	7.9 	7.7 	8.1 	8.5 	8.8 	9.7 	9.2 	9.3 	9.8 	9.7 	10.5 
A,CONT_EXP_EU,SITC7,EXT_EU27_2020,PL	0.8 	0.9 	1.2 	1.5 	1.8 	2.0 	2.3 	2.3 	2.3 	2.4 	2.5 	2.9 	2.7 	2.7 	2.6 	2.6 	2.8 	2.9 	3.2 	3.5 	3.5 	3.5 	3.6 	3.6 
A,CONT_EXP_EU,SITC7,EXT_EU27_2020,PT	0.5 	0.7 	0.6 	0.6 	0.7 	0.7 	0.7 	0.6 	0.5 	0.5 	0.6 	0.6 	0.6 	0.5 	0.5 	0.6 	0.5 	0.5 	0.5 	0.5 	0.5 	0.5 	0.5 	0.6 
A,CONT_EXP_EU,SITC7,EXT_EU27_2020,RO	0.2 	0.2 	0.2 	0.3 	0.4 	0.5 	0.6 	0.6 	0.7 	0.8 	0.7 	0.9 	0.9 	0.8 	0.9 	0.9 	0.9 	0.8 	0.8 	0.8 	0.8 	0.8 	1.0 	1.0 
A,CONT_EXP_EU,SITC7,EXT_EU27_2020,SE	4.7 	5.1 	5.0 	5.0 	4.8 	4.5 	4.5 	4.0 	4.4 	4.6 	3.9 	3.6 	3.4 	3.3 	3.2 	3.3 	3.3 	3.3 	3.5 	3.6 	3.5 	3.4 	3.5 	3.4 
A,CONT_EXP_EU,SITC7,EXT_EU27_2020,SI	0.2 	0.2 	0.2 	0.2 	0.3 	0.3 	0.3 	0.3 	0.3 	0.3 	0.3 	0.3 	0.3 	0.3 	0.3 	0.3 	0.4 	0.3 	0.4 	0.4 	0.4 	0.4 	0.4 	0.5 
A,CONT_EXP_EU,SITC7,EXT_EU27_2020,SK	0.2 	0.4 	0.5 	0.4 	0.6 	0.8 	1.1 	1.1 	1.1 	1.1 	1.3 	1.4 	1.3 	1.2 	1.3 	1.2 	1.3 	1.4 	1.6 	1.6 	1.6 	1.9 	1.8 	1.8 
A,CONT_EXP_EU,SITC9,EU27_2020,AT	1.8 	1.3 	1.2 	1.4 	1.5 	0.1 	1.4 	3.5 	5.9 	5.5 	3.9 	5.7 	2.8 	3.3 	3.5 	2.9 	7.2 	5.9 	9.5 	8.0 	8.9 	7.3 	6.7 	8.1 
A,CONT_EXP_EU,SITC9,EU27_2020,BE	1.7 	1.2 	1.7 	7.9 	6.7 	5.8 	11.6 	9.8 	17.8 	17.0 	15.5 	21.6 	27.0 	24.3 	25.8 	29.0 	15.7 	12.7 	10.7 	9.0 	8.8 	11.9 	11.2 	12.2 
A,CONT_EXP_EU,SITC9,EU27_2020,BG	0.3 	0.4 	0.9 	0.0 	0.0 	0.0 	0.0 	0.1 	0.1 	0.1 	0.1 	0.2 	0.3 	0.3 	0.3 	0.4 	0.7 	0.6 	0.5 	0.4 	4.1 	0.1 	0.0 	0.1 
A,CONT_EXP_EU,SITC9,EU27_2020,CY	0.0 	0.0 	0.0 	0.1 	0.0 	0.0 	0.1 	0.0 	0.0 	0.0 	0.0 	0.0 	0.0 	0.0 	0.1 	0.1 	0.1 	0.1 	0.1 	0.0 	0.0 	0.0 	0.1 	0.0 
A,CONT_EXP_EU,SITC9,EU27_2020,CZ	0.2 	0.2 	0.2 	0.3 	0.3 	0.3 	0.7 	0.8 	0.8 	0.7 	0.7 	1.4 	1.5 	1.5 	1.7 	1.8 	2.4 	2.4 	1.9 	1.5 	2.5 	2.4 	2.6 	2.3 
A,CONT_EXP_EU,SITC9,EU27_2020,DE	52.4 	57.5 	65.8 	36.9 	45.5 	36.0 	67.9 	56.9 	41.2 	25.7 	29.7 	35.2 	39.5 	38.4 	40.6 	29.5 	36.9 	33.5 	35.6 	36.9 	37.3 	24.4 	20.6 	23.3 
A,CONT_EXP_EU,SITC9,EU27_2020,DK	6.8 	1.5 	2.1 	-2.8 	6.3 	4.2 	6.4 	3.9 	2.4 	2.3 	2.1 	2.4 	2.6 	2.4 	-0.2 	-1.2 	-1.6 	-0.7 	-0.8 	1.7 	0.5 	0.5 	0.3 	0.1 
A,CONT_EXP_EU,SITC9,EU27_2020,EE	0.0 	0.0 	0.0 	0.2 	0.2 	0.2 	0.3 	0.3 	0.4 	0.9 	0.7 	0.6 	0.5 	0.4 	0.6 	0.4 	0.7 	1.0 	1.5 	1.0 	0.8 	0.7 	0.9 	1.3 
A,CONT_EXP_EU,SITC9,EU27_2020,EL	0.8 	0.8 	1.6 	0.1 	0.1 	0.0 	0.0 	0.0 	2.5 	2.4 	2.0 	2.1 	2.3 	2.2 	1.9 	1.6 	2.9 	2.1 	1.2 	1.0 	0.1 	0.1 	0.2 	0.2 
A,CONT_EXP_EU,SITC9,EU27_2020,ES	2.0 	2.1 	4.0 	2.3 	2.1 	4.1 	5.2 	2.3 	9.1 	11.0 	11.4 	12.3 	10.9 	10.2 	10.0 	9.3 	16.0 	12.4 	11.1 	10.6 	4.6 	8.1 	8.2 	7.0 
A,CONT_EXP_EU,SITC9,EU27_2020,EU27_2020	100.0 	100.0 	100.0 	100.0 	100.0 	100.0 	100.0 	100.0 	100.0 	100.0 	100.0 	100.0 	100.0 	100.0 	100.0 	100.0 	100.0 	100.0 	100.0 	100.0 	100.0 	100.0 	100.0 	100.0 
A,CONT_EXP_EU,SITC9,EU27_2020,FI	1.5 	1.3 	2.0 	-1.9 	-2.9 	-2.0 	-3.0 	-2.2 	-1.4 	-0.7 	-1.0 	-0.8 	-1.1 	-1.0 	-0.7 	-0.6 	-0.9 	-0.7 	-1.3 	0.2 	1.2 	5.5 	4.0 	1.9 
A,CONT_EXP_EU,SITC9,EU27_2020,FR	5.5 	4.2 	8.4 	24.0 	11.9 	30.9 	20.5 	16.3 	14.4 	17.8 	17.3 	15.8 	15.9 	12.1 	15.5 	14.6 	23.2 	18.8 	17.7 	16.4 	16.6 	19.0 	22.8 	22.6 
A,CONT_EXP_EU,SITC9,EU27_2020,HR	0.0 	0.0 	0.0 	0.0 	0.0 	0.0 	0.0 	0.0 	0.1 	0.3 	1.0 	0.7 	0.8 	0.6 	0.3 	0.2 	0.4 	0.3 	0.3 	0.3 	0.3 	0.3 	0.3 	0.3 
A,CONT_EXP_EU,SITC9,EU27_2020,HU	1.7 	1.2 	0.5 	0.4 	0.3 	0.4 	1.0 	0.8 	0.5 	0.8 	0.8 	0.8 	0.4 	0.3 	0.6 	0.5 	-2.5 	2.0 	1.5 	1.2 	0.4 	0.7 	0.8 	0.7 
A,CONT_EXP_EU,SITC9,EU27_2020,IE	6.1 	5.5 	8.6 	26.7 	17.5 	12.6 	16.6 	12.4 	1.9 	1.3 	1.1 	1.5 	1.6 	1.4 	1.3 	1.1 	2.2 	1.9 	2.3 	1.5 	0.3 	0.2 	0.1 	0.4 
A,CONT_EXP_EU,SITC9,EU27_2020,IT	13.3 	19.5 	1.3 	4.8 	5.1 	3.4 	5.5 	5.1 	5.7 	9.7 	10.0 	6.4 	4.0 	3.2 	3.8 	4.1 	8.7 	8.1 	5.4 	4.2 	5.4 	8.1 	11.3 	8.8 
A,CONT_EXP_EU,SITC9,EU27_2020,LT	0.0 	0.0 	0.0 	0.0 	0.0 	0.0 	0.0 	0.0 	0.0 	0.0 	0.0 	0.0 	0.0 	0.1 	0.0 	0.1 	0.0 	0.0 	0.0 	0.0 	0.0 	0.0 	0.0 	0.0 
A,CONT_EXP_EU,SITC9,EU27_2020,LU	0.4 	0.3 	0.5 	0.2 	0.3 	0.4 	0.9 	0.6 	1.4 	1.3 	1.0 	1.2 	1.3 	1.1 	1.2 	1.3 	2.1 	1.4 	0.8 	0.8 	0.7 	0.8 	0.8 	0.8 
A,CONT_EXP_EU,SITC9,EU27_2020,LV	0.0 	0.0 	0.5 	0.0 	0.0 	0.0 	0.0 	0.1 	0.1 	0.2 	0.3 	0.3 	0.3 	0.2 	0.2 	0.1 	0.3 	0.2 	0.1 	0.1 	0.1 	0.1 	0.1 	0.1 
A,CONT_EXP_EU,SITC9,EU27_2020,MT	0.0 	0.0 	0.1 	0.3 	0.2 	0.2 	0.4 	0.2 	0.2 	0.2 	0.2 	0.2 	0.2 	0.1 	0.1 	0.1 	0.3 	0.2 	0.0 	0.0 	0.1 	0.1 	0.1 	0.1 
A,CONT_EXP_EU,SITC9,EU27_2020,NL	0.1 	-0.5 	0.3 	-0.9 	4.0 	2.3 	-37.2 	-13.8 	-6.5 	-1.6 	-4.3 	-12.6 	-13.7 	-3.6 	-9.7 	2.4 	-18.0 	-5.3 	-1.3 	2.3 	5.0 	6.0 	3.6 	2.6 
A,CONT_EXP_EU,SITC9,EU27_2020,PL	0.0 	0.0 	0.1 	0.3 	0.3 	0.3 	0.5 	0.3 	0.3 	0.9 	2.8 	1.5 	0.8 	1.0 	1.3 	0.6 	1.1 	1.0 	0.9 	0.9 	0.6 	0.8 	0.8 	0.6 
A,CONT_EXP_EU,SITC9,EU27_2020,PT	0.1 	0.1 	0.1 	-0.1 	-0.1 	0.0 	0.5 	1.2 	2.2 	3.6 	4.1 	2.8 	1.8 	1.2 	1.3 	1.1 	1.4 	1.5 	1.0 	0.5 	0.6 	0.8 	1.0 	1.0 
A,CONT_EXP_EU,SITC9,EU27_2020,RO	0.1 	0.1 	0.1 	0.0 	0.1 	0.0 	0.0 	0.0 	0.0 	0.0 	0.0 	0.0 	0.0 	0.0 	0.0 	0.0 	-0.1 	0.0 	0.0 	0.0 	0.0 	0.5 	0.7 	0.7 
A,CONT_EXP_EU,SITC9,EU27_2020,SE	5.1 	3.2 	-0.2 	-0.8 	0.0 	-0.2 	-1.0 	0.0 	-0.2 	-0.1 	0.0 	-0.3 	-0.7 	-0.4 	-0.5 	-0.3 	-0.9 	-0.9 	0.5 	0.9 	0.5 	0.5 	0.7 	0.9 
A,CONT_EXP_EU,SITC9,EU27_2020,SI	0.1 	0.1 	0.0 	0.1 	0.1 	0.0 	0.0 	0.1 	0.0 	0.1 	0.2 	0.3 	0.1 	0.1 	0.2 	0.1 	0.2 	0.2 	0.2 	0.1 	0.2 	0.2 	1.1 	2.7 
A,CONT_EXP_EU,SITC9,EU27_2020,SK	0.0 	0.0 	0.1 	0.5 	0.4 	0.9 	1.5 	1.3 	1.1 	0.6 	0.6 	0.6 	1.1 	0.7 	0.9 	0.8 	1.4 	1.3 	0.6 	0.4 	0.5 	0.9 	0.8 	0.8 
A,CONT_EXP_EU,SITC9,EXT_EU27_2020,AT	1.3 	1.0 	1.3 	2.6 	2.2 	2.2 	1.5 	1.0 	1.1 	0.7 	0.7 	1.5 	1.8 	1.5 	1.1 	1.0 	0.7 	0.7 	1.3 	2.7 	3.1 	3.5 	2.1 	3.3 
A,CONT_EXP_EU,SITC9,EXT_EU27_2020,BE	0.8 	0.6 	0.6 	0.5 	0.8 	1.3 	5.6 	5.1 	6.3 	7.6 	5.0 	9.4 	11.7 	11.3 	12.3 	15.0 	7.7 	7.6 	5.5 	5.0 	5.9 	4.4 	4.5 	4.0 
A,CONT_EXP_EU,SITC9,EXT_EU27_2020,BG	2.0 	1.4 	1.1 	0.6 	0.3 	0.0 	0.0 	0.0 	0.1 	0.1 	0.1 	0.2 	0.1 	0.1 	0.1 	0.1 	0.1 	0.1 	0.1 	0.2 	1.3 	0.6 	0.2 	0.1 
A,CONT_EXP_EU,SITC9,EXT_EU27_2020,CY	0.0 	0.0 	0.0 	0.0 	0.0 	0.0 	0.0 	0.0 	0.0 	0.1 	0.2 	0.1 	0.2 	0.0 	0.1 	0.2 	0.2 	0.2 	0.2 	0.1 	0.2 	0.2 	0.1 	0.1 
A,CONT_EXP_EU,SITC9,EXT_EU27_2020,CZ	0.1 	0.0 	0.1 	0.0 	0.0 	0.0 	0.1 	0.1 	0.1 	0.1 	0.2 	0.2 	0.3 	0.3 	0.1 	0.3 	0.6 	0.7 	0.9 	1.8 	2.0 	0.9 	0.5 	0.4 
A,CONT_EXP_EU,SITC9,EXT_EU27_2020,DE	39.4 	42.2 	34.5 	33.4 	29.1 	31.9 	22.4 	23.2 	32.6 	35.4 	30.0 	27.6 	32.9 	33.7 	32.1 	27.8 	23.3 	25.2 	28.1 	19.9 	25.2 	32.4 	37.9 	28.4 
A,CONT_EXP_EU,SITC9,EXT_EU27_2020,DK	6.5 	4.4 	5.0 	4.9 	5.0 	4.9 	3.6 	3.6 	1.5 	1.2 	1.3 	1.2 	1.1 	1.2 	1.7 	2.7 	2.8 	2.6 	1.9 	0.6 	0.8 	0.8 	0.8 	0.8 
A,CONT_EXP_EU,SITC9,EXT_EU27_2020,EE	0.0 	0.0 	0.0 	0.0 	0.0 	0.0 	0.0 	0.0 	0.0 	0.1 	0.1 	0.2 	0.1 	0.1 	0.1 	0.1 	0.1 	0.1 	0.1 	0.1 	0.1 	0.1 	0.2 	0.2 
A,CONT_EXP_EU,SITC9,EXT_EU27_2020,EL	0.2 	0.4 	0.6 	0.6 	0.5 	1.1 	0.9 	0.8 	0.8 	0.9 	0.7 	0.8 	0.8 	0.7 	0.6 	0.8 	0.8 	0.7 	0.7 	0.9 	0.3 	0.3 	0.2 	0.2 
A,CONT_EXP_EU,SITC9,EXT_EU27_2020,ES	4.9 	5.0 	5.8 	5.1 	6.3 	7.5 	6.2 	7.6 	7.7 	10.4 	12.3 	9.9 	6.3 	6.8 	6.5 	5.7 	5.8 	6.2 	6.3 	7.8 	5.5 	5.1 	6.2 	6.7 
A,CONT_EXP_EU,SITC9,EXT_EU27_2020,EU27_2020	100.0 	100.0 	100.0 	100.0 	100.0 	100.0 	100.0 	100.0 	100.0 	100.0 	100.0 	100.0 	100.0 	100.0 	100.0 	100.0 	100.0 	100.0 	100.0 	100.0 	100.0 	100.0 	100.0 	100.0 
A,CONT_EXP_EU,SITC9,EXT_EU27_2020,FI	0.3 	0.3 	1.1 	0.7 	1.4 	1.3 	0.9 	1.1 	1.2 	1.2 	1.0 	0.8 	0.8 	1.4 	1.3 	1.5 	1.5 	1.4 	1.1 	2.4 	2.8 	2.8 	2.6 	3.4 
A,CONT_EXP_EU,SITC9,EXT_EU27_2020,FR	20.1 	16.7 	28.2 	26.2 	31.3 	21.2 	21.9 	18.9 	13.1 	11.6 	11.6 	13.3 	12.3 	14.9 	14.7 	16.2 	17.9 	20.3 	15.6 	23.7 	17.7 	16.9 	15.5 	15.8 
A,CONT_EXP_EU,SITC9,EXT_EU27_2020,HR	0.0 	0.0 	0.0 	0.0 	0.0 	0.0 	0.0 	0.0 	0.0 	0.0 	0.0 	0.0 	0.1 	0.0 	0.0 	0.0 	0.0 	0.0 	0.1 	0.1 	0.1 	0.1 	0.1 	0.2 
A,CONT_EXP_EU,SITC9,EXT_EU27_2020,HU	0.4 	0.4 	0.1 	0.1 	0.1 	0.1 	0.1 	0.1 	0.1 	0.1 	0.2 	0.1 	0.1 	0.2 	0.1 	0.6 	2.4 	1.5 	1.5 	2.2 	2.6 	1.7 	0.9 	0.6 
A,CONT_EXP_EU,SITC9,EXT_EU27_2020,IE	9.1 	10.4 	11.0 	11.1 	8.9 	8.9 	7.4 	10.0 	7.7 	1.2 	1.2 	1.5 	1.6 	1.7 	1.5 	1.7 	2.0 	1.4 	1.2 	0.3 	0.1 	0.1 	0.1 	0.1 
A,CONT_EXP_EU,SITC9,EXT_EU27_2020,IT	8.8 	10.5 	5.1 	6.0 	6.2 	10.2 	8.6 	13.5 	14.1 	17.7 	22.1 	17.9 	14.8 	14.6 	13.5 	14.5 	16.5 	19.2 	25.3 	25.7 	23.8 	21.8 	20.2 	28.0 
A,CONT_EXP_EU,SITC9,EXT_EU27_2020,LT	0.0 	0.0 	0.0 	0.0 	0.0 	0.0 	0.0 	0.0 	0.0 	0.0 	0.0 	0.0 	0.0 	0.0 	0.0 	0.1 	0.1 	0.0 	0.0 	0.1 	0.1 	0.0 	0.0 	0.0 
A,CONT_EXP_EU,SITC9,EXT_EU27_2020,LU	0.2 	0.2 	0.2 	0.1 	0.0 	0.3 	0.2 	0.2 	0.2 	0.6 	0.3 	0.1 	0.6 	0.3 	0.4 	0.7 	0.2 	0.2 	0.1 	0.1 	0.2 	0.4 	0.2 	0.2 
A,CONT_EXP_EU,SITC9,EXT_EU27_2020,LV	0.0 	0.0 	0.0 	0.0 	0.0 	0.0 	0.0 	0.0 	0.0 	0.0 	0.1 	0.1 	0.1 	0.1 	0.1 	0.0 	0.1 	0.0 	0.0 	0.0 	0.6 	0.5 	0.3 	0.2 
A,CONT_EXP_EU,SITC9,EXT_EU27_2020,MT	0.0 	0.0 	0.0 	0.0 	0.0 	0.0 	0.0 	0.0 	0.0 	0.0 	0.0 	0.0 	0.0 	0.0 	0.0 	0.0 	0.0 	0.0 	0.0 	0.0 	0.0 	0.0 	0.2 	0.1 
A,CONT_EXP_EU,SITC9,EXT_EU27_2020,NL	3.3 	3.9 	2.9 	5.0 	5.0 	6.9 	18.4 	12.2 	10.7 	8.7 	10.3 	12.3 	11.7 	8.4 	10.5 	7.5 	13.8 	8.5 	6.9 	4.3 	3.7 	4.2 	4.8 	4.2 
A,CONT_EXP_EU,SITC9,EXT_EU27_2020,PL	0.0 	0.0 	0.0 	0.0 	0.1 	0.0 	0.1 	0.1 	0.1 	0.1 	0.1 	0.1 	0.3 	0.3 	0.6 	1.0 	0.7 	0.7 	0.6 	0.3 	1.4 	0.7 	0.6 	1.1 
A,CONT_EXP_EU,SITC9,EXT_EU27_2020,PT	0.3 	0.3 	0.3 	0.2 	0.2 	0.2 	0.2 	0.2 	0.2 	0.1 	0.0 	0.1 	0.1 	0.1 	0.1 	0.1 	0.1 	0.1 	0.1 	0.1 	0.1 	0.1 	0.1 	0.1 
A,CONT_EXP_EU,SITC9,EXT_EU27_2020,RO	0.3 	0.3 	0.4 	0.8 	0.6 	0.0 	0.0 	0.0 	0.0 	0.0 	0.0 	0.0 	0.0 	0.0 	0.0 	0.0 	0.0 	0.0 	0.0 	0.0 	0.2 	0.2 	0.3 	0.4 
A,CONT_EXP_EU,SITC9,EXT_EU27_2020,SE	2.0 	2.0 	1.4 	1.9 	1.9 	2.1 	2.0 	2.0 	2.2 	2.0 	2.3 	2.2 	2.1 	2.1 	2.1 	2.4 	2.5 	2.3 	2.3 	1.6 	2.1 	1.9 	1.4 	1.4 
A,CONT_EXP_EU,SITC9,EXT_EU27_2020,SI	0.0 	0.0 	0.0 	0.0 	0.0 	0.0 	0.0 	0.0 	0.0 	0.0 	0.0 	0.0 	0.0 	0.0 	0.0 	0.0 	0.0 	0.0 	0.0 	0.0 	0.1 	0.1 	0.1 	0.1 
A,CONT_EXP_EU,SITC9,EXT_EU27_2020,SK	0.0 	0.0 	0.1 	0.1 	0.0 	0.1 	0.1 	0.1 	0.0 	0.0 	0.1 	0.2 	0.1 	0.1 	0.1 	0.1 	0.2 	0.2 	0.1 	0.0 	0.1 	0.0 	0.0 	0.0 
A,CONT_EXP_EU,TOTAL,EU27_2020,AT	4.0 	4.0 	4.0 	3.8 	3.7 	3.8 	3.8 	3.7 	3.7 	3.6 	3.7 	3.7 	3.6 	3.6 	3.5 	3.6 	3.6 	3.5 	3.6 	3.4 	3.3 	3.5 	3.3 	3.3 
A,CONT_EXP_EU,TOTAL,EU27_2020,BE	10.0 	9.9 	10.0 	10.1 	9.8 	9.7 	9.7 	9.8 	9.4 	9.3 	9.2 	9.3 	9.0 	8.8 	8.7 	8.6 	8.6 	8.5 	8.4 	9.1 	9.7 	8.7 	8.6 	8.4 
A,CONT_EXP_EU,TOTAL,EU27_2020,BG	0.2 	0.3 	0.3 	0.3 	0.3 	0.4 	0.4 	0.4 	0.4 	0.5 	0.5 	0.5 	0.5 	0.6 	0.6 	0.6 	0.6 	0.6 	0.6 	0.7 	0.7 	0.7 	0.7 	0.7 
A,CONT_EXP_EU,TOTAL,EU27_2020,CY	0.0 	0.0 	0.0 	0.0 	0.0 	0.0 	0.0 	0.0 	0.0 	0.0 	0.0 	0.0 	0.0 	0.0 	0.0 	0.0 	0.0 	0.0 	0.0 	0.0 	0.0 	0.0 	0.0 	0.0 
A,CONT_EXP_EU,TOTAL,EU27_2020,CZ	2.2 	2.3 	2.7 	2.8 	3.0 	3.2 	3.5 	3.5 	3.7 	3.9 	3.9 	3.9 	4.1 	4.3 	4.4 	4.5 	4.5 	4.6 	4.7 	4.5 	4.4 	4.7 	4.8 	4.8 
A,CONT_EXP_EU,TOTAL,EU27_2020,DE	24.1 	24.3 	24.5 	24.4 	24.5 	25.0 	24.3 	24.1 	23.8 	23.6 	23.0 	22.9 	23.2 	23.5 	23.6 	23.4 	23.1 	22.7 	22.3 	21.6 	20.7 	20.9 	20.8 	21.1 
A,CONT_EXP_EU,TOTAL,EU27_2020,DK	2.4 	2.3 	2.3 	2.3 	2.3 	2.1 	2.1 	2.1 	1.9 	1.9 	1.9 	1.9 	1.9 	1.8 	1.8 	1.7 	1.7 	1.7 	1.7 	1.6 	1.6 	1.6 	1.7 	1.7 
A,CONT_EXP_EU,TOTAL,EU27_2020,EE	0.2 	0.2 	0.2 	0.3 	0.2 	0.2 	0.2 	0.2 	0.3 	0.3 	0.3 	0.4 	0.3 	0.3 	0.3 	0.3 	0.3 	0.3 	0.3 	0.4 	0.4 	0.3 	0.3 	0.3 
A,CONT_EXP_EU,TOTAL,EU27_2020,EL	0.5 	0.5 	0.5 	0.5 	0.5 	0.5 	0.5 	0.5 	0.5 	0.5 	0.5 	0.5 	0.5 	0.5 	0.5 	0.5 	0.5 	0.6 	0.6 	0.6 	0.7 	0.7 	0.7 	0.7 
A,CONT_EXP_EU,TOTAL,EU27_2020,ES	5.8 	5.9 	5.7 	5.4 	5.3 	5.2 	5.2 	5.5 	5.5 	5.5 	5.5 	5.6 	5.6 	5.7 	5.9 	5.9 	5.8 	5.8 	5.8 	5.8 	5.9 	6.0 	6.1 	5.9 
A,CONT_EXP_EU,TOTAL,EU27_2020,EU27_2020	100.0 	100.0 	100.0 	100.0 	100.0 	100.0 	100.0 	100.0 	100.0 	100.0 	100.0 	100.0 	100.0 	100.0 	100.0 	100.0 	100.0 	100.0 	100.0 	100.0 	100.0 	100.0 	100.0 	100.0 
A,CONT_EXP_EU,TOTAL,EU27_2020,FI	1.6 	1.6 	1.5 	1.4 	1.5 	1.5 	1.4 	1.2 	1.2 	1.2 	1.2 	1.2 	1.2 	1.1 	1.1 	1.2 	1.2 	1.2 	1.1 	1.1 	1.1 	1.1 	1.0 	1.0 
A,CONT_EXP_EU,TOTAL,EU27_2020,FR	13.0 	12.8 	12.2 	11.3 	11.1 	10.5 	10.2 	10.3 	9.9 	9.8 	9.7 	9.6 	9.4 	9.2 	9.0 	8.7 	8.6 	8.5 	8.0 	7.9 	7.8 	8.1 	7.9 	7.9 
A,CONT_EXP_EU,TOTAL,EU27_2020,HR	0.2 	0.2 	0.2 	0.2 	0.3 	0.2 	0.2 	0.2 	0.2 	0.2 	0.2 	0.2 	0.3 	0.3 	0.3 	0.3 	0.3 	0.3 	0.4 	0.4 	0.4 	0.4 	0.4 	0.4 
A,CONT_EXP_EU,TOTAL,EU27_2020,HU	2.0 	2.0 	2.1 	2.1 	2.2 	2.4 	2.4 	2.4 	2.4 	2.5 	2.5 	2.5 	2.6 	2.7 	2.7 	2.8 	2.7 	2.8 	2.9 	2.7 	2.7 	2.9 	2.8 	2.7 
A,CONT_EXP_EU,TOTAL,EU27_2020,IE	2.6 	2.3 	2.2 	2.2 	1.9 	1.8 	1.6 	2.0 	1.7 	1.6 	1.7 	1.5 	1.5 	1.7 	1.7 	1.6 	1.8 	1.8 	2.2 	1.8 	1.9 	2.0 	2.2 	2.1 
A,CONT_EXP_EU,TOTAL,EU27_2020,IT	9.8 	9.6 	9.3 	9.1 	9.1 	9.1 	8.7 	8.3 	8.2 	8.2 	8.1 	8.0 	8.0 	7.9 	8.0 	8.0 	7.9 	8.0 	7.9 	8.0 	7.8 	7.9 	7.8 	8.0 
A,CONT_EXP_EU,TOTAL,EU27_2020,LT	0.2 	0.2 	0.3 	0.3 	0.3 	0.3 	0.4 	0.4 	0.4 	0.5 	0.5 	0.5 	0.5 	0.5 	0.5 	0.5 	0.5 	0.5 	0.6 	0.6 	0.6 	0.6 	0.6 	0.6 
A,CONT_EXP_EU,TOTAL,EU27_2020,LU	0.6 	0.6 	0.6 	0.7 	0.7 	0.6 	0.6 	0.6 	0.5 	0.5 	0.5 	0.5 	0.5 	0.5 	0.4 	0.4 	0.4 	0.4 	0.3 	0.3 	0.3 	0.3 	0.3 	0.3 
A,CONT_EXP_EU,TOTAL,EU27_2020,LV	0.1 	0.1 	0.1 	0.2 	0.2 	0.2 	0.2 	0.2 	0.2 	0.2 	0.3 	0.3 	0.3 	0.3 	0.3 	0.3 	0.3 	0.3 	0.3 	0.3 	0.4 	0.3 	0.3 	0.3 
A,CONT_EXP_EU,TOTAL,EU27_2020,MT	0.1 	0.0 	0.0 	0.0 	0.0 	0.0 	0.0 	0.0 	0.0 	0.0 	0.0 	0.0 	0.0 	0.0 	0.0 	0.0 	0.0 	0.1 	0.0 	0.0 	0.0 	0.0 	0.0 	0.0 
A,CONT_EXP_EU,TOTAL,EU27_2020,NL	12.0 	11.9 	11.9 	12.7 	12.6 	12.4 	13.2 	13.3 	14.0 	14.0 	14.5 	14.2 	13.8 	13.3 	13.1 	13.5 	13.5 	13.5 	13.6 	14.4 	15.4 	14.7 	14.6 	14.6 
A,CONT_EXP_EU,TOTAL,EU27_2020,PL	2.2 	2.4 	2.7 	2.9 	3.2 	3.4 	3.6 	3.8 	4.1 	4.1 	4.2 	4.4 	4.8 	5.1 	5.1 	5.4 	5.5 	5.7 	6.2 	6.3 	6.1 	6.4 	6.5 	6.6 
A,CONT_EXP_EU,TOTAL,EU27_2020,PT	1.3 	1.3 	1.2 	1.2 	1.2 	1.2 	1.2 	1.2 	1.2 	1.2 	1.2 	1.3 	1.3 	1.3 	1.3 	1.3 	1.3 	1.4 	1.3 	1.3 	1.3 	1.3 	1.4 	1.4 
A,CONT_EXP_EU,TOTAL,EU27_2020,RO	0.7 	0.7 	0.8 	0.8 	0.8 	0.9 	1.0 	1.1 	1.2 	1.3 	1.3 	1.4 	1.4 	1.5 	1.5 	1.6 	1.6 	1.6 	1.6 	1.6 	1.6 	1.6 	1.7 	1.7 
A,CONT_EXP_EU,TOTAL,EU27_2020,SE	2.9 	3.0 	3.0 	3.0 	3.1 	3.0 	2.9 	2.6 	2.8 	2.8 	2.8 	2.7 	2.6 	2.5 	2.5 	2.5 	2.5 	2.4 	2.5 	2.5 	2.4 	2.4 	2.4 	2.4 
A,CONT_EXP_EU,TOTAL,EU27_2020,SI	0.5 	0.5 	0.6 	0.6 	0.7 	0.7 	0.7 	0.7 	0.8 	0.8 	0.8 	0.8 	0.8 	0.8 	0.8 	0.9 	0.9 	0.9 	0.9 	1.0 	1.0 	1.0 	1.0 	1.0 
A,CONT_EXP_EU,TOTAL,EU27_2020,SK	0.9 	1.1 	1.1 	1.2 	1.4 	1.6 	1.7 	1.8 	1.9 	2.0 	2.1 	2.1 	2.1 	2.1 	2.1 	2.1 	2.1 	2.1 	2.1 	2.1 	1.9 	2.0 	2.1 	2.1 
A,CONT_EXP_EU,TOTAL,EXT_EU27_2020,AT	2.4 	2.5 	2.6 	2.7 	2.6 	2.6 	2.6 	2.5 	2.5 	2.5 	2.4 	2.4 	2.5 	2.4 	2.4 	2.4 	2.4 	2.4 	2.4 	2.4 	2.4 	2.5 	2.4 	2.3 
A,CONT_EXP_EU,TOTAL,EXT_EU27_2020,BE	7.8 	7.4 	7.3 	7.4 	7.2 	7.3 	6.8 	7.1 	7.3 	7.4 	7.3 	7.4 	7.5 	7.1 	7.1 	6.9 	6.7 	6.5 	6.7 	7.1 	7.5 	7.0 	6.4 	5.9 
A,CONT_EXP_EU,TOTAL,EXT_EU27_2020,BG	0.2 	0.3 	0.3 	0.3 	0.4 	0.4 	0.4 	0.4 	0.4 	0.5 	0.5 	0.5 	0.5 	0.5 	0.5 	0.5 	0.5 	0.5 	0.5 	0.5 	0.6 	0.6 	0.6 	0.6 
A,CONT_EXP_EU,TOTAL,EXT_EU27_2020,CY	0.0 	0.0 	0.0 	0.0 	0.0 	0.0 	0.0 	0.0 	0.0 	0.0 	0.0 	0.0 	0.1 	0.1 	0.1 	0.1 	0.2 	0.1 	0.1 	0.1 	0.1 	0.1 	0.1 	0.2 
A,CONT_EXP_EU,TOTAL,EXT_EU27_2020,CZ	0.8 	0.8 	0.9 	1.0 	1.1 	1.3 	1.4 	1.4 	1.4 	1.5 	1.6 	1.6 	1.7 	1.7 	1.7 	1.7 	1.7 	1.7 	1.8 	1.7 	1.6 	1.7 	1.9 	2.0 
A,CONT_EXP_EU,TOTAL,EXT_EU27_2020,DE	29.1 	29.6 	29.9 	29.4 	30.2 	29.9 	29.7 	29.8 	30.3 	30.4 	30.6 	30.4 	30.9 	31.6 	31.4 	31.0 	30.3 	29.6 	29.7 	29.0 	27.7 	27.8 	27.3 	26.1 
A,CONT_EXP_EU,TOTAL,EXT_EU27_2020,DK	2.4 	2.3 	2.2 	2.3 	2.2 	2.1 	2.1 	2.3 	2.1 	2.2 	2.2 	2.1 	2.1 	2.1 	2.1 	2.1 	2.1 	2.2 	2.4 	2.3 	2.2 	2.1 	2.2 	2.3 
A,CONT_EXP_EU,TOTAL,EXT_EU27_2020,EE	0.1 	0.1 	0.1 	0.1 	0.2 	0.2 	0.2 	0.2 	0.2 	0.3 	0.3 	0.2 	0.2 	0.2 	0.2 	0.2 	0.2 	0.2 	0.2 	0.3 	0.3 	0.2 	0.2 	0.2 
A,CONT_EXP_EU,TOTAL,EXT_EU27_2020,EL	0.5 	0.5 	0.5 	0.6 	0.5 	0.6 	0.7 	0.7 	0.7 	0.8 	0.9 	0.9 	0.8 	0.7 	0.7 	0.7 	0.8 	0.8 	0.7 	0.8 	1.0 	0.9 	0.9 	0.8 
A,CONT_EXP_EU,TOTAL,EXT_EU27_2020,ES	4.6 	4.8 	4.8 	4.9 	4.9 	5.0 	5.0 	5.0 	5.0 	5.4 	5.5 	5.9 	5.9 	5.7 	5.8 	5.8 	5.7 	5.6 	5.4 	5.6 	5.6 	5.6 	5.8 	5.7 
A,CONT_EXP_EU,TOTAL,EXT_EU27_2020,EU27_2020	100.0 	100.0 	100.0 	100.0 	100.0 	100.0 	100.0 	100.0 	100.0 	100.0 	100.0 	100.0 	100.0 	100.0 	100.0 	100.0 	100.0 	100.0 	100.0 	100.0 	100.0 	100.0 	100.0 	100.0 
A,CONT_EXP_EU,TOTAL,EXT_EU27_2020,FI	2.3 	2.3 	2.3 	2.3 	2.4 	2.4 	2.3 	1.9 	1.8 	1.7 	1.7 	1.6 	1.5 	1.3 	1.3 	1.4 	1.4 	1.4 	1.4 	1.4 	1.4 	1.3 	1.2 	1.2 
A,CONT_EXP_EU,TOTAL,EXT_EU27_2020,FR	15.7 	15.2 	14.8 	14.6 	13.3 	12.7 	12.9 	13.1 	12.6 	12.0 	11.9 	11.7 	11.4 	11.7 	11.5 	11.4 	11.4 	11.6 	10.3 	10.3 	10.1 	10.5 	10.5 	10.6 
A,CONT_EXP_EU,TOTAL,EXT_EU27_2020,HR	0.2 	0.2 	0.2 	0.2 	0.2 	0.3 	0.3 	0.3 	0.3 	0.2 	0.2 	0.2 	0.2 	0.2 	0.2 	0.3 	0.2 	0.2 	0.3 	0.3 	0.3 	0.3 	0.3 	0.3 
A,CONT_EXP_EU,TOTAL,EXT_EU27_2020,HU	0.7 	0.8 	0.9 	1.0 	1.1 	1.2 	1.3 	1.3 	1.4 	1.3 	1.2 	1.2 	1.1 	1.1 	1.1 	1.1 	1.1 	1.1 	1.2 	1.2 	1.4 	1.4 	1.4 	1.4 
A,CONT_EXP_EU,TOTAL,EXT_EU27_2020,IE	5.4 	4.7 	4.4 	4.1 	3.7 	3.6 	3.3 	3.8 	3.6 	3.2 	3.0 	2.9 	3.0 	3.6 	4.0 	3.8 	4.2 	4.5 	4.9 	4.6 	4.8 	4.3 	5.2 	6.5 
A,CONT_EXP_EU,TOTAL,EXT_EU27_2020,IT	12.2 	12.0 	11.9 	11.7 	11.6 	11.8 	11.8 	11.5 	11.1 	11.1 	11.1 	11.2 	11.2 	11.1 	11.0 	11.1 	11.0 	11.0 	11.0 	11.3 	11.5 	11.8 	11.8 	11.8 
A,CONT_EXP_EU,TOTAL,EXT_EU27_2020,LT	0.2 	0.3 	0.3 	0.3 	0.4 	0.4 	0.5 	0.4 	0.5 	0.5 	0.6 	0.7 	0.7 	0.5 	0.5 	0.6 	0.6 	0.6 	0.7 	0.7 	0.6 	0.6 	0.5 	0.4 
A,CONT_EXP_EU,TOTAL,EXT_EU27_2020,LU	0.2 	0.2 	0.2 	0.3 	0.3 	0.2 	0.2 	0.3 	0.3 	0.2 	0.2 	0.2 	0.2 	0.2 	0.2 	0.1 	0.1 	0.1 	0.1 	0.1 	0.1 	0.1 	0.1 	0.1 
A,CONT_EXP_EU,TOTAL,EXT_EU27_2020,LV	0.1 	0.1 	0.1 	0.1 	0.1 	0.2 	0.2 	0.2 	0.2 	0.2 	0.2 	0.2 	0.2 	0.2 	0.2 	0.2 	0.2 	0.2 	0.3 	0.3 	0.3 	0.3 	0.2 	0.2 
A,CONT_EXP_EU,TOTAL,EXT_EU27_2020,MT	0.1 	0.1 	0.1 	0.1 	0.1 	0.1 	0.1 	0.1 	0.1 	0.1 	0.1 	0.1 	0.1 	0.1 	0.1 	0.1 	0.1 	0.1 	0.1 	0.1 	0.1 	0.1 	0.1 	0.1 
A,CONT_EXP_EU,TOTAL,EXT_EU27_2020,NL	7.8 	8.0 	8.2 	8.3 	8.8 	9.1 	9.1 	9.2 	9.1 	9.0 	9.2 	9.3 	9.2 	9.2 	9.3 	9.7 	10.2 	10.3 	10.4 	10.0 	10.2 	10.2 	10.1 	10.2 
A,CONT_EXP_EU,TOTAL,EXT_EU27_2020,PL	1.0 	1.1 	1.4 	1.7 	1.8 	2.0 	2.3 	2.2 	2.3 	2.4 	2.5 	2.7 	2.7 	2.6 	2.7 	2.8 	2.8 	2.9 	3.2 	3.3 	3.3 	3.5 	3.5 	3.5 
A,CONT_EXP_EU,TOTAL,EXT_EU27_2020,PT	0.8 	0.8 	0.8 	0.8 	0.8 	0.8 	0.8 	0.8 	0.8 	0.8 	0.9 	0.9 	0.9 	0.9 	0.9 	0.9 	0.8 	0.8 	0.8 	0.8 	0.9 	0.9 	0.9 	0.8 
A,CONT_EXP_EU,TOTAL,EXT_EU27_2020,RO	0.5 	0.5 	0.6 	0.7 	0.7 	0.7 	0.8 	0.7 	0.8 	0.9 	0.8 	1.0 	1.0 	0.9 	0.9 	0.9 	0.9 	0.9 	0.8 	0.9 	1.0 	1.0 	1.0 	1.0 
A,CONT_EXP_EU,TOTAL,EXT_EU27_2020,SE	4.3 	4.6 	4.5 	4.5 	4.4 	4.2 	4.1 	3.9 	4.2 	4.2 	3.8 	3.5 	3.4 	3.3 	3.2 	3.2 	3.2 	3.2 	3.4 	3.4 	3.4 	3.2 	3.2 	3.2 
A,CONT_EXP_EU,TOTAL,EXT_EU27_2020,SI	0.3 	0.3 	0.3 	0.3 	0.4 	0.4 	0.4 	0.4 	0.4 	0.4 	0.4 	0.4 	0.4 	0.4 	0.4 	0.4 	0.5 	0.5 	0.7 	0.7 	1.0 	1.1 	1.3 	1.7 
A,CONT_EXP_EU,TOTAL,EXT_EU27_2020,SK	0.2 	0.3 	0.3 	0.3 	0.4 	0.6 	0.6 	0.6 	0.6 	0.7 	0.7 	0.8 	0.7 	0.7 	0.7 	0.7 	0.7 	0.8 	0.8 	0.8 	0.8 	1.0 	0.9 	0.9 
A,CONT_IMP_EU,SITC0_1,EU27_2020,AT	3.3 	3.3 	3.4 	3.4 	3.3 	3.3 	3.4 	3.4 	3.4 	3.4 	3.5 	3.4 	3.5 	3.4 	3.4 	3.3 	3.3 	3.3 	3.3 	3.2 	3.2 	3.3 	3.4 	3.4 
A,CONT_IMP_EU,SITC0_1,EU27_2020,BE	9.3 	9.1 	8.7 	8.6 	8.2 	8.3 	8.3 	8.0 	7.8 	7.9 	8.2 	8.2 	8.1 	7.9 	8.1 	8.0 	7.9 	7.6 	7.8 	7.9 	7.8 	7.8 	7.9 	7.8 
A,CONT_IMP_EU,SITC0_1,EU27_2020,BG	0.2 	0.2 	0.2 	0.2 	0.2 	0.5 	0.6 	0.6 	0.7 	0.7 	0.7 	0.7 	0.7 	0.7 	0.7 	0.8 	0.8 	0.8 	0.8 	0.8 	0.9 	0.9 	0.9 	1.0 
A,CONT_IMP_EU,SITC0_1,EU27_2020,CY	0.2 	0.2 	0.2 	0.2 	0.3 	0.3 	0.3 	0.3 	0.3 	0.3 	0.3 	0.3 	0.3 	0.3 	0.3 	0.3 	0.3 	0.3 	0.3 	0.3 	0.3 	0.3 	0.3 	0.3 
A,CONT_IMP_EU,SITC0_1,EU27_2020,CZ	1.1 	1.2 	1.6 	1.8 	2.0 	2.1 	2.2 	2.2 	2.3 	2.3 	2.4 	2.4 	2.4 	2.6 	2.5 	2.5 	2.5 	2.6 	2.6 	2.6 	2.6 	2.7 	2.8 	2.8 
A,CONT_IMP_EU,SITC0_1,EU27_2020,DE	22.5 	22.5 	21.3 	21.3 	21.6 	21.1 	20.6 	20.7 	20.4 	20.2 	20.3 	20.7 	20.8 	20.9 	21.2 	21.4 	21.2 	21.0 	21.4 	20.8 	19.9 	20.3 	20.4 	20.4 
A,CONT_IMP_EU,SITC0_1,EU27_2020,DK	2.8 	2.7 	2.7 	2.8 	2.8 	2.8 	2.8 	2.7 	2.5 	2.6 	2.6 	2.6 	2.6 	2.6 	2.5 	2.4 	2.5 	2.5 	2.5 	2.5 	2.5 	2.4 	2.3 	2.2 
A,CONT_IMP_EU,SITC0_1,EU27_2020,EE	0.3 	0.3 	0.3 	0.4 	0.4 	0.4 	0.4 	0.4 	0.4 	0.5 	0.5 	0.5 	0.5 	0.5 	0.5 	0.5 	0.5 	0.5 	0.4 	0.4 	0.5 	0.5 	0.5 	0.5 
A,CONT_IMP_EU,SITC0_1,EU27_2020,EL	2.6 	2.6 	2.6 	2.5 	2.5 	2.5 	2.4 	2.5 	2.3 	2.1 	1.9 	1.9 	1.8 	1.7 	1.7 	1.7 	1.7 	1.7 	1.6 	1.7 	1.8 	1.7 	1.8 	1.8 
A,CONT_IMP_EU,SITC0_1,EU27_2020,ES	7.1 	7.0 	7.2 	7.4 	7.0 	6.8 	6.6 	7.0 	6.9 	6.6 	6.3 	6.0 	6.1 	6.3 	6.3 	6.3 	6.2 	6.4 	6.0 	6.3 	6.5 	6.5 	6.4 	6.5 
A,CONT_IMP_EU,SITC0_1,EU27_2020,EU27_2020	100.0 	100.0 	100.0 	100.0 	100.0 	100.0 	100.0 	100.0 	100.0 	100.0 	100.0 	100.0 	100.0 	100.0 	100.0 	100.0 	100.0 	100.0 	100.0 	100.0 	100.0 	100.0 	100.0 	100.0 
A,CONT_IMP_EU,SITC0_1,EU27_2020,FI	1.2 	1.2 	1.2 	1.2 	1.2 	1.2 	1.3 	1.3 	1.3 	1.3 	1.4 	1.4 	1.4 	1.3 	1.3 	1.3 	1.3 	1.3 	1.3 	1.2 	1.2 	1.2 	1.2 	1.1 
A,CONT_IMP_EU,SITC0_1,EU27_2020,FR	14.6 	14.7 	14.2 	13.6 	13.3 	13.1 	13.0 	13.4 	13.2 	13.2 	13.1 	13.1 	13.1 	13.0 	13.0 	12.9 	12.8 	12.6 	12.6 	12.4 	12.1 	11.9 	11.7 	11.8 
A,CONT_IMP_EU,SITC0_1,EU27_2020,HR	0.5 	0.5 	0.5 	0.6 	0.6 	0.5 	0.5 	0.5 	0.5 	0.5 	0.5 	0.6 	0.7 	0.7 	0.8 	0.8 	0.8 	0.9 	0.9 	0.9 	1.0 	1.1 	1.2 	1.2 
A,CONT_IMP_EU,SITC0_1,EU27_2020,HU	0.6 	0.7 	1.0 	1.3 	1.4 	1.4 	1.6 	1.5 	1.5 	1.6 	1.5 	1.4 	1.5 	1.5 	1.6 	1.6 	1.6 	1.7 	1.7 	1.7 	1.7 	1.7 	1.8 	1.7 
A,CONT_IMP_EU,SITC0_1,EU27_2020,IE	0.8 	0.8 	0.7 	0.8 	0.8 	0.9 	0.9 	0.8 	0.8 	0.8 	0.9 	0.9 	0.9 	0.9 	0.9 	0.9 	1.0 	0.9 	1.1 	1.0 	1.1 	1.1 	1.1 	1.1 
A,CONT_IMP_EU,SITC0_1,EU27_2020,IT	12.3 	12.6 	12.7 	12.3 	12.2 	11.5 	10.8 	10.8 	11.1 	11.0 	10.5 	10.3 	10.2 	9.7 	9.5 	9.4 	9.3 	9.2 	8.7 	8.9 	9.2 	9.4 	9.2 	9.3 
A,CONT_IMP_EU,SITC0_1,EU27_2020,LT	0.3 	0.3 	0.4 	0.5 	0.6 	0.7 	0.9 	0.8 	0.9 	0.9 	1.1 	1.2 	1.1 	1.0 	0.9 	1.0 	1.0 	1.0 	1.0 	1.0 	1.1 	1.1 	1.0 	1.0 
A,CONT_IMP_EU,SITC0_1,EU27_2020,LU	0.9 	1.0 	1.0 	0.9 	0.9 	0.8 	0.8 	0.8 	0.8 	0.8 	0.8 	0.8 	0.8 	0.8 	0.8 	0.8 	0.8 	0.8 	0.8 	0.8 	0.7 	0.7 	0.7 	0.7 
A,CONT_IMP_EU,SITC0_1,EU27_2020,LV	0.3 	0.3 	0.3 	0.4 	0.5 	0.5 	0.6 	0.5 	0.6 	0.6 	0.7 	0.7 	0.7 	0.6 	0.7 	0.7 	0.7 	0.8 	0.8 	0.8 	0.8 	0.9 	0.8 	0.8 
A,CONT_IMP_EU,SITC0_1,EU27_2020,MT	0.1 	0.1 	0.2 	0.2 	0.2 	0.2 	0.2 	0.2 	0.2 	0.2 	0.2 	0.2 	0.2 	0.2 	0.2 	0.2 	0.2 	0.2 	0.2 	0.2 	0.2 	0.2 	0.2 	0.2 
A,CONT_IMP_EU,SITC0_1,EU27_2020,NL	10.5 	10.4 	10.3 	9.5 	9.4 	9.4 	9.5 	9.3 	9.4 	9.7 	9.8 	9.7 	9.4 	10.0 	9.5 	9.6 	9.6 	9.5 	9.6 	9.8 	9.9 	9.3 	9.0 	9.0 
A,CONT_IMP_EU,SITC0_1,EU27_2020,PL	1.5 	1.3 	1.9 	2.4 	2.5 	2.9 	3.5 	3.3 	3.7 	3.8 	3.9 	4.1 	4.2 	4.3 	4.4 	4.6 	4.7 	4.8 	5.1 	5.2 	5.2 	5.4 	5.7 	5.7 
A,CONT_IMP_EU,SITC0_1,EU27_2020,PT	2.6 	2.6 	2.5 	2.6 	2.8 	2.7 	2.6 	2.8 	2.8 	2.6 	2.4 	2.4 	2.5 	2.4 	2.5 	2.5 	2.5 	2.5 	2.4 	2.5 	2.6 	2.7 	2.7 	2.7 
A,CONT_IMP_EU,SITC0_1,EU27_2020,RO	0.5 	0.6 	0.6 	0.6 	0.7 	1.2 	1.5 	1.4 	1.3 	1.3 	1.4 	1.4 	1.5 	1.7 	1.9 	1.9 	2.0 	2.1 	2.2 	2.3 	2.3 	2.3 	2.4 	2.2 
A,CONT_IMP_EU,SITC0_1,EU27_2020,SE	2.8 	2.9 	2.9 	2.8 	2.9 	2.8 	2.8 	2.8 	2.9 	2.9 	3.0 	3.0 	3.0 	3.0 	3.0 	2.9 	2.9 	2.8 	2.8 	2.7 	2.7 	2.6 	2.6 	2.7 
A,CONT_IMP_EU,SITC0_1,EU27_2020,SI	0.4 	0.4 	0.5 	0.5 	0.6 	0.6 	0.7 	0.7 	0.7 	0.7 	0.6 	0.6 	0.6 	0.6 	0.6 	0.6 	0.6 	0.7 	0.6 	0.7 	0.7 	0.7 	0.7 	0.7 
A,CONT_IMP_EU,SITC0_1,EU27_2020,SK	0.6 	0.5 	0.7 	1.0 	1.0 	1.2 	1.2 	1.3 	1.4 	1.4 	1.4 	1.4 	1.3 	1.3 	1.4 	1.3 	1.4 	1.4 	1.4 	1.4 	1.5 	1.5 	1.6 	1.5 
A,CONT_IMP_EU,SITC0_1,EXT_EU27_2020,AT	1.1 	1.1 	1.2 	1.2 	1.4 	1.6 	1.5 	1.6 	1.6 	1.4 	1.6 	1.6 	1.5 	1.5 	1.5 	1.5 	1.4 	1.5 	1.6 	1.4 	1.2 	1.3 	1.4 	1.2 
A,CONT_IMP_EU,SITC0_1,EXT_EU27_2020,BE	7.8 	7.8 	8.2 	7.8 	7.9 	7.7 	8.2 	7.9 	7.3 	7.5 	7.3 	7.1 	7.7 	7.2 	7.3 	7.3 	6.9 	6.7 	6.7 	6.4 	6.0 	5.6 	6.3 	6.6 
A,CONT_IMP_EU,SITC0_1,EXT_EU27_2020,BG	0.4 	0.4 	0.5 	0.5 	0.6 	0.4 	0.5 	0.5 	0.5 	0.4 	0.4 	0.5 	0.4 	0.5 	0.5 	0.5 	0.5 	0.6 	0.6 	0.7 	0.8 	0.9 	0.9 	0.9 
A,CONT_IMP_EU,SITC0_1,EXT_EU27_2020,CY	0.4 	0.4 	0.3 	0.3 	0.3 	0.3 	0.4 	0.3 	0.3 	0.3 	0.3 	0.2 	0.2 	0.3 	0.3 	0.3 	0.3 	0.3 	0.2 	0.2 	0.3 	0.3 	0.3 	0.3 
A,CONT_IMP_EU,SITC0_1,EXT_EU27_2020,CZ	0.9 	0.9 	0.7 	0.6 	0.4 	0.5 	0.5 	0.5 	0.5 	0.5 	0.6 	0.6 	0.6 	0.6 	0.5 	0.6 	0.5 	0.6 	0.6 	0.6 	0.6 	0.6 	0.7 	0.7 
A,CONT_IMP_EU,SITC0_1,EXT_EU27_2020,DE	15.5 	15.0 	14.9 	15.4 	15.9 	15.7 	15.4 	16.1 	16.8 	17.2 	16.9 	15.9 	16.0 	16.3 	15.7 	14.9 	14.1 	13.8 	14.2 	13.5 	13.4 	12.3 	13.0 	13.7 
A,CONT_IMP_EU,SITC0_1,EXT_EU27_2020,DK	4.6 	4.4 	4.4 	4.3 	4.3 	4.0 	3.8 	3.7 	3.9 	3.5 	3.4 	3.7 	3.6 	3.6 	3.6 	3.6 	3.7 	3.7 	3.6 	3.6 	3.5 	3.5 	3.0 	2.7 
A,CONT_IMP_EU,SITC0_1,EXT_EU27_2020,EE	0.2 	0.2 	0.2 	0.1 	0.1 	0.2 	0.2 	0.1 	0.2 	0.2 	0.2 	0.2 	0.2 	0.1 	0.1 	0.1 	0.1 	0.1 	0.1 	0.2 	0.1 	0.1 	0.2 	0.2 
A,CONT_IMP_EU,SITC0_1,EXT_EU27_2020,EL	2.0 	1.9 	2.0 	1.8 	1.8 	2.0 	1.8 	1.7 	1.4 	1.4 	1.2 	1.2 	1.1 	1.1 	1.2 	1.2 	1.2 	1.3 	1.3 	1.4 	1.5 	1.6 	1.6 	1.6 
A,CONT_IMP_EU,SITC0_1,EXT_EU27_2020,ES	12.7 	13.1 	13.5 	13.4 	12.9 	13.8 	12.9 	11.0 	11.1 	11.2 	11.3 	10.7 	10.5 	10.8 	10.9 	11.4 	12.1 	11.9 	11.1 	11.6 	12.7 	12.7 	12.2 	11.9 
A,CONT_IMP_EU,SITC0_1,EXT_EU27_2020,EU27_2020	100.0 	100.0 	100.0 	100.0 	100.0 	100.0 	100.0 	100.0 	100.0 	100.0 	100.0 	100.0 	100.0 	100.0 	100.0 	100.0 	100.0 	100.0 	100.0 	100.0 	100.0 	100.0 	100.0 	100.0 
A,CONT_IMP_EU,SITC0_1,EXT_EU27_2020,FI	0.7 	0.7 	0.7 	0.8 	0.8 	0.8 	0.7 	0.8 	0.8 	0.9 	0.9 	0.8 	0.8 	0.8 	0.8 	0.8 	0.8 	0.8 	0.7 	0.7 	0.8 	0.6 	0.5 	0.5 
A,CONT_IMP_EU,SITC0_1,EXT_EU27_2020,FR	13.3 	13.2 	12.8 	12.5 	11.9 	11.6 	11.7 	12.1 	11.8 	11.3 	11.4 	12.0 	11.9 	11.5 	11.3 	11.7 	11.2 	11.1 	10.9 	12.1 	11.4 	11.4 	11.4 	11.2 
A,CONT_IMP_EU,SITC0_1,EXT_EU27_2020,HR	0.4 	0.4 	0.5 	0.5 	0.5 	0.6 	0.7 	0.6 	0.6 	0.6 	0.6 	0.5 	0.4 	0.4 	0.4 	0.4 	0.3 	0.3 	0.4 	0.4 	0.5 	0.6 	0.5 	0.5 
A,CONT_IMP_EU,SITC0_1,EXT_EU27_2020,HU	0.7 	0.7 	0.6 	0.4 	0.3 	0.4 	0.4 	0.3 	0.3 	0.4 	0.4 	0.4 	0.3 	0.3 	0.3 	0.4 	0.4 	0.4 	0.5 	0.4 	0.7 	0.6 	0.5 	0.4 
A,CONT_IMP_EU,SITC0_1,EXT_EU27_2020,IE	4.9 	4.8 	4.9 	5.1 	5.2 	5.1 	4.6 	4.9 	4.7 	4.4 	4.7 	4.9 	4.8 	4.8 	4.7 	4.8 	5.1 	5.1 	5.0 	4.4 	4.4 	4.5 	4.5 	4.4 
A,CONT_IMP_EU,SITC0_1,EXT_EU27_2020,IT	9.8 	9.6 	9.9 	9.6 	9.5 	9.5 	9.5 	9.7 	9.3 	9.7 	9.0 	9.0 	9.3 	9.5 	9.2 	9.0 	8.7 	8.7 	8.8 	9.0 	9.0 	9.4 	9.1 	9.7 
A,CONT_IMP_EU,SITC0_1,EXT_EU27_2020,LT	0.3 	0.4 	0.3 	0.4 	0.4 	0.4 	0.4 	0.4 	0.4 	0.5 	0.5 	0.5 	0.5 	0.5 	0.5 	0.5 	0.5 	0.6 	0.6 	0.5 	0.6 	0.5 	0.4 	0.4 
A,CONT_IMP_EU,SITC0_1,EXT_EU27_2020,LU	0.2 	0.2 	0.1 	0.1 	0.1 	0.1 	0.1 	0.1 	0.1 	0.1 	0.1 	0.1 	0.1 	0.2 	0.1 	0.1 	0.1 	0.1 	0.1 	0.1 	0.0 	0.0 	0.0 	0.0 
A,CONT_IMP_EU,SITC0_1,EXT_EU27_2020,LV	0.2 	0.2 	0.2 	0.2 	0.2 	0.2 	0.2 	0.2 	0.2 	0.2 	0.2 	0.3 	0.3 	0.3 	0.2 	0.3 	0.4 	0.4 	0.4 	0.3 	0.4 	0.5 	0.4 	0.2 
A,CONT_IMP_EU,SITC0_1,EXT_EU27_2020,MT	0.2 	0.2 	0.2 	0.2 	0.1 	0.2 	0.2 	0.1 	0.1 	0.1 	0.1 	0.1 	0.1 	0.1 	0.1 	0.2 	0.2 	0.1 	0.1 	0.1 	0.1 	0.2 	0.1 	0.1 
A,CONT_IMP_EU,SITC0_1,EXT_EU27_2020,NL	15.1 	15.6 	15.1 	15.4 	15.4 	15.5 	16.8 	17.7 	17.9 	17.8 	18.0 	18.5 	18.5 	18.5 	18.7 	18.7 	19.2 	19.7 	19.8 	19.7 	18.6 	19.0 	20.5 	21.2 
A,CONT_IMP_EU,SITC0_1,EXT_EU27_2020,PL	2.2 	2.1 	1.9 	1.8 	2.1 	2.3 	2.2 	2.3 	2.5 	2.5 	2.7 	2.7 	2.9 	3.0 	3.0 	3.3 	3.3 	3.6 	4.0 	3.7 	4.1 	4.1 	3.9 	3.6 
A,CONT_IMP_EU,SITC0_1,EXT_EU27_2020,PT	2.4 	2.2 	2.2 	2.1 	1.9 	2.1 	2.2 	1.8 	1.8 	2.0 	1.8 	1.8 	1.5 	1.6 	1.6 	1.7 	1.8 	1.7 	1.6 	1.6 	1.7 	1.8 	1.6 	1.6 
A,CONT_IMP_EU,SITC0_1,EXT_EU27_2020,RO	0.8 	1.0 	1.3 	1.4 	1.5 	1.0 	0.9 	0.9 	0.8 	0.9 	0.9 	0.8 	0.8 	0.9 	0.9 	1.0 	0.9 	0.9 	1.0 	1.1 	1.5 	1.6 	1.3 	1.1 
A,CONT_IMP_EU,SITC0_1,EXT_EU27_2020,SE	2.9 	2.8 	3.0 	3.4 	3.8 	3.7 	3.6 	3.9 	4.5 	4.3 	4.5 	5.0 	5.0 	5.1 	5.6 	5.1 	5.3 	5.2 	5.2 	5.2 	5.0 	5.1 	4.6 	4.3 
A,CONT_IMP_EU,SITC0_1,EXT_EU27_2020,SI	0.3 	0.3 	0.2 	0.3 	0.4 	0.5 	0.5 	0.7 	0.6 	0.6 	0.8 	0.7 	0.5 	0.6 	0.6 	0.6 	0.7 	0.7 	0.7 	0.8 	0.9 	1.0 	0.9 	0.8 
A,CONT_IMP_EU,SITC0_1,EXT_EU27_2020,SK	0.3 	0.3 	0.2 	0.2 	0.1 	0.1 	0.1 	0.1 	0.1 	0.1 	0.1 	0.1 	0.1 	0.1 	0.1 	0.1 	0.1 	0.1 	0.1 	0.1 	0.2 	0.2 	0.2 	0.1 
A,CONT_IMP_EU,SITC2_4,EU27_2020,AT	5.0 	5.0 	4.8 	5.0 	5.1 	4.9 	5.1 	5.6 	5.7 	5.5 	5.6 	5.3 	5.1 	5.2 	5.2 	5.1 	5.2 	5.0 	5.2 	5.4 	5.1 	4.9 	4.8 	4.6 
A,CONT_IMP_EU,SITC2_4,EU27_2020,BE	9.0 	9.1 	10.5 	10.6 	11.1 	11.0 	10.8 	10.2 	9.6 	9.7 	9.5 	8.9 	9.2 	8.0 	8.6 	8.2 	8.9 	8.7 	10.2 	10.5 	9.5 	9.3 	9.4 	9.7 
A,CONT_IMP_EU,SITC2_4,EU27_2020,BG	0.3 	0.3 	0.3 	0.4 	0.5 	0.5 	0.6 	0.5 	0.7 	1.5 	1.5 	1.6 	1.5 	1.4 	1.3 	1.6 	1.5 	1.3 	0.7 	0.8 	0.9 	1.0 	1.0 	0.9 
A,CONT_IMP_EU,SITC2_4,EU27_2020,CY	0.1 	0.1 	0.1 	0.1 	0.1 	0.1 	0.1 	0.1 	0.1 	0.1 	0.0 	0.0 	0.0 	0.0 	0.1 	0.0 	0.0 	0.0 	0.0 	0.0 	0.1 	0.0 	0.1 	0.1 
A,CONT_IMP_EU,SITC2_4,EU27_2020,CZ	1.5 	1.6 	1.9 	1.9 	1.8 	1.7 	1.9 	2.1 	1.9 	2.0 	2.3 	2.2 	2.2 	2.3 	2.4 	2.2 	2.1 	2.1 	2.0 	2.0 	2.2 	2.2 	2.3 	2.3 
A,CONT_IMP_EU,SITC2_4,EU27_2020,DE	23.5 	22.9 	22.4 	23.8 	24.2 	24.8 	24.6 	24.5 	25.8 	26.1 	25.9 	26.4 	26.0 	26.1 	26.2 	25.9 	24.9 	25.8 	25.4 	25.2 	24.3 	24.3 	23.5 	23.8 
A,CONT_IMP_EU,SITC2_4,EU27_2020,DK	2.8 	2.9 	2.5 	2.3 	2.3 	2.2 	2.1 	2.3 	1.9 	1.9 	1.9 	2.1 	2.3 	2.4 	2.2 	2.2 	2.1 	2.1 	2.1 	2.1 	1.9 	2.1 	1.9 	1.9 
A,CONT_IMP_EU,SITC2_4,EU27_2020,EE	0.3 	0.2 	0.2 	0.3 	0.3 	0.3 	0.3 	0.3 	0.2 	0.2 	0.3 	0.4 	0.4 	0.4 	0.4 	0.4 	0.4 	0.4 	0.4 	0.5 	0.5 	0.5 	0.5 	0.6 
A,CONT_IMP_EU,SITC2_4,EU27_2020,EL	1.1 	1.1 	1.1 	1.0 	1.0 	1.1 	1.0 	1.0 	0.8 	0.7 	0.7 	0.7 	0.8 	0.7 	0.7 	0.8 	0.8 	0.7 	0.7 	0.7 	0.8 	0.9 	0.9 	0.9 
A,CONT_IMP_EU,SITC2_4,EU27_2020,ES	6.1 	6.3 	6.2 	6.3 	6.5 	6.2 	5.9 	5.6 	5.5 	5.2 	5.2 	5.1 	5.0 	5.3 	5.2 	5.2 	5.4 	5.4 	5.1 	5.4 	6.1 	6.5 	6.4 	6.1 
A,CONT_IMP_EU,SITC2_4,EU27_2020,EU27_2020	100.0 	100.0 	100.0 	100.0 	100.0 	100.0 	100.0 	100.0 	100.0 	100.0 	100.0 	100.0 	100.0 	100.0 	100.0 	100.0 	100.0 	100.0 	100.0 	100.0 	100.0 	100.0 	100.0 	100.0 
A,CONT_IMP_EU,SITC2_4,EU27_2020,FI	1.6 	1.9 	2.2 	2.4 	3.1 	3.4 	2.9 	2.5 	3.2 	3.0 	2.2 	2.3 	2.5 	2.1 	2.0 	2.2 	2.2 	2.1 	2.1 	2.2 	2.3 	2.2 	2.1 	2.0 
A,CONT_IMP_EU,SITC2_4,EU27_2020,FR	10.8 	11.0 	10.4 	9.8 	9.1 	8.9 	9.2 	9.9 	8.9 	8.5 	8.2 	8.7 	8.6 	9.0 	9.0 	8.7 	8.6 	8.6 	8.4 	8.0 	8.2 	8.3 	8.1 	7.6 
A,CONT_IMP_EU,SITC2_4,EU27_2020,HR	0.3 	0.4 	0.3 	0.3 	0.3 	0.3 	0.3 	0.3 	0.2 	0.2 	0.2 	0.2 	0.3 	0.3 	0.3 	0.4 	0.4 	0.4 	0.4 	0.4 	0.5 	0.5 	0.5 	0.4 
A,CONT_IMP_EU,SITC2_4,EU27_2020,HU	1.0 	1.0 	1.0 	1.0 	1.0 	1.0 	1.2 	1.1 	1.1 	1.3 	1.4 	1.4 	1.4 	1.3 	1.4 	1.4 	1.5 	1.6 	1.5 	1.6 	1.6 	1.5 	1.5 	1.5 
A,CONT_IMP_EU,SITC2_4,EU27_2020,IE	0.5 	0.6 	0.5 	0.5 	0.5 	0.5 	0.4 	0.4 	0.3 	0.3 	0.3 	0.3 	0.3 	0.4 	0.4 	0.4 	0.4 	0.4 	0.5 	0.4 	0.5 	0.5 	0.5 	0.5 
A,CONT_IMP_EU,SITC2_4,EU27_2020,IT	15.4 	14.8 	14.5 	13.7 	13.1 	12.0 	11.4 	10.7 	11.1 	10.5 	10.4 	10.3 	11.1 	10.9 	10.7 	10.9 	10.5 	10.2 	9.3 	9.8 	10.6 	10.3 	10.8 	11.4 
A,CONT_IMP_EU,SITC2_4,EU27_2020,LT	0.3 	0.3 	0.3 	0.4 	0.3 	0.4 	0.4 	0.4 	0.4 	0.4 	0.5 	0.6 	0.6 	0.6 	0.7 	0.7 	0.7 	0.7 	0.8 	0.8 	0.8 	0.9 	0.8 	0.8 
A,CONT_IMP_EU,SITC2_4,EU27_2020,LU	1.1 	1.2 	1.6 	1.3 	1.5 	1.5 	1.6 	1.3 	1.7 	1.7 	1.5 	1.4 	1.3 	1.2 	1.2 	1.3 	1.3 	1.2 	1.0 	1.2 	1.1 	1.0 	1.1 	1.1 
A,CONT_IMP_EU,SITC2_4,EU27_2020,LV	0.2 	0.2 	0.2 	0.2 	0.2 	0.3 	0.4 	0.3 	0.3 	0.4 	0.6 	0.5 	0.5 	0.5 	0.4 	0.4 	0.5 	0.5 	0.5 	0.6 	0.6 	0.6 	0.6 	0.6 
A,CONT_IMP_EU,SITC2_4,EU27_2020,MT	0.1 	0.1 	0.0 	0.0 	0.0 	0.0 	0.0 	0.0 	0.0 	0.0 	0.0 	0.0 	0.0 	0.0 	0.0 	0.0 	0.0 	0.0 	0.0 	0.0 	0.0 	0.0 	0.0 	0.0 
A,CONT_IMP_EU,SITC2_4,EU27_2020,NL	9.7 	9.8 	9.3 	8.9 	8.7 	8.8 	9.0 	9.7 	9.0 	9.3 	9.6 	9.3 	9.0 	9.5 	8.8 	9.0 	9.1 	9.6 	10.4 	9.7 	9.3 	9.1 	9.0 	8.8 
A,CONT_IMP_EU,SITC2_4,EU27_2020,PL	2.1 	2.1 	2.4 	2.5 	2.4 	2.5 	3.0 	3.1 	3.0 	3.2 	3.5 	3.5 	3.8 	4.0 	4.2 	4.3 	4.5 	4.2 	4.4 	4.4 	4.8 	4.5 	4.8 	5.0 
A,CONT_IMP_EU,SITC2_4,EU27_2020,PT	1.7 	1.8 	1.5 	1.6 	1.6 	1.5 	1.7 	1.8 	1.7 	1.7 	1.7 	1.9 	1.8 	1.8 	1.9 	2.0 	2.0 	2.0 	2.0 	1.9 	2.0 	2.2 	2.0 	1.9 
A,CONT_IMP_EU,SITC2_4,EU27_2020,RO	0.5 	0.5 	0.5 	0.5 	0.5 	0.8 	1.1 	1.0 	1.2 	1.1 	1.2 	1.2 	1.2 	1.2 	1.4 	1.4 	1.5 	1.5 	1.4 	1.4 	1.4 	1.5 	1.6 	1.5 
A,CONT_IMP_EU,SITC2_4,EU27_2020,SE	3.2 	3.2 	3.3 	3.1 	3.0 	3.2 	2.8 	2.9 	3.0 	2.9 	3.0 	2.9 	2.7 	2.8 	3.0 	3.0 	3.1 	3.1 	3.0 	2.7 	2.8 	2.9 	3.3 	3.2 
A,CONT_IMP_EU,SITC2_4,EU27_2020,SI	0.9 	0.9 	1.0 	1.1 	1.1 	1.2 	1.1 	1.1 	1.1 	0.9 	1.0 	1.0 	1.1 	1.1 	1.1 	1.1 	1.2 	1.1 	1.0 	1.0 	1.0 	1.0 	1.1 	1.0 
A,CONT_IMP_EU,SITC2_4,EU27_2020,SK	0.8 	0.8 	0.9 	1.0 	0.9 	1.0 	1.2 	1.3 	1.6 	1.5 	1.8 	1.6 	1.4 	1.3 	1.3 	1.3 	1.3 	1.2 	1.2 	1.3 	1.2 	1.2 	1.3 	1.5 
A,CONT_IMP_EU,SITC2_4,EXT_EU27_2020,AT	1.9 	1.8 	1.8 	1.9 	1.6 	1.5 	1.7 	1.6 	1.9 	2.0 	1.7 	1.8 	1.9 	1.7 	1.5 	1.6 	1.6 	1.7 	1.5 	1.6 	1.4 	1.4 	1.3 	1.2 
A,CONT_IMP_EU,SITC2_4,EXT_EU27_2020,BE	8.0 	8.2 	7.5 	7.6 	8.5 	8.8 	6.7 	7.6 	7.8 	7.8 	8.7 	8.4 	8.5 	8.7 	9.0 	8.4 	9.4 	9.5 	9.8 	9.5 	10.0 	9.8 	9.2 	9.7 
A,CONT_IMP_EU,SITC2_4,EXT_EU27_2020,BG	0.7 	1.0 	1.2 	1.4 	1.8 	1.9 	1.8 	2.0 	1.7 	1.1 	1.2 	1.3 	1.2 	1.4 	1.3 	1.6 	1.7 	1.8 	3.3 	2.4 	3.4 	3.1 	3.8 	3.2 
A,CONT_IMP_EU,SITC2_4,EXT_EU27_2020,CY	0.1 	0.1 	0.1 	0.1 	0.1 	0.1 	0.1 	0.1 	0.0 	0.0 	0.0 	0.0 	0.0 	0.0 	0.0 	0.0 	0.0 	0.0 	0.0 	0.0 	0.0 	0.0 	0.0 	0.1 
A,CONT_IMP_EU,SITC2_4,EXT_EU27_2020,CZ	1.5 	1.6 	1.6 	1.3 	1.3 	1.1 	1.6 	1.2 	1.5 	1.7 	1.4 	1.6 	1.6 	1.4 	1.4 	1.4 	1.4 	1.4 	1.3 	1.5 	1.3 	1.2 	1.1 	1.1 
A,CONT_IMP_EU,SITC2_4,EXT_EU27_2020,DE	17.0 	16.2 	16.7 	16.3 	18.7 	18.6 	17.7 	19.3 	19.2 	19.8 	19.9 	19.2 	19.3 	18.4 	18.5 	18.1 	17.9 	17.7 	18.9 	19.7 	18.3 	17.8 	16.1 	17.2 
A,CONT_IMP_EU,SITC2_4,EXT_EU27_2020,DK	1.4 	1.4 	1.3 	1.2 	1.1 	1.1 	1.1 	1.2 	0.9 	0.9 	1.2 	1.2 	1.3 	1.4 	1.4 	1.3 	1.4 	1.5 	1.5 	1.1 	1.2 	1.4 	1.5 	1.5 
A,CONT_IMP_EU,SITC2_4,EXT_EU27_2020,EE	0.3 	0.4 	0.4 	0.4 	0.3 	0.4 	0.2 	0.2 	0.2 	0.2 	0.2 	0.2 	0.2 	0.3 	0.3 	0.3 	0.3 	0.3 	0.3 	0.4 	0.3 	0.1 	0.1 	0.1 
A,CONT_IMP_EU,SITC2_4,EXT_EU27_2020,EL	1.4 	1.4 	1.5 	1.3 	1.2 	1.5 	1.6 	1.5 	1.1 	1.1 	1.1 	1.1 	1.1 	1.0 	1.1 	1.0 	1.0 	1.1 	1.1 	1.2 	1.3 	1.4 	1.5 	1.6 
A,CONT_IMP_EU,SITC2_4,EXT_EU27_2020,ES	10.2 	10.5 	10.2 	10.9 	11.1 	10.7 	11.0 	11.4 	11.1 	11.2 	11.1 	11.7 	12.1 	12.5 	12.4 	13.8 	13.2 	11.7 	11.2 	11.8 	11.2 	12.0 	13.0 	12.2 
A,CONT_IMP_EU,SITC2_4,EXT_EU27_2020,EU27_2020	100.0 	100.0 	100.0 	100.0 	100.0 	100.0 	100.0 	100.0 	100.0 	100.0 	100.0 	100.0 	100.0 	100.0 	100.0 	100.0 	100.0 	100.0 	100.0 	100.0 	100.0 	100.0 	100.0 	100.0 
A,CONT_IMP_EU,SITC2_4,EXT_EU27_2020,FI	3.7 	4.1 	4.8 	4.4 	5.0 	5.3 	4.1 	2.8 	3.3 	2.9 	2.7 	2.6 	2.6 	2.4 	2.7 	2.7 	2.9 	2.9 	3.4 	3.3 	3.2 	2.8 	2.7 	2.9 
A,CONT_IMP_EU,SITC2_4,EXT_EU27_2020,FR	9.4 	9.3 	8.1 	8.1 	7.7 	7.5 	8.3 	8.2 	7.9 	7.9 	7.5 	7.4 	6.8 	6.5 	6.6 	6.4 	6.0 	6.2 	5.8 	5.7 	5.5 	5.4 	5.5 	5.4 
A,CONT_IMP_EU,SITC2_4,EXT_EU27_2020,HR	0.3 	0.3 	0.3 	0.3 	0.2 	0.2 	0.3 	0.3 	0.2 	0.2 	0.2 	0.2 	0.2 	0.2 	0.2 	0.2 	0.2 	0.2 	0.2 	0.2 	0.2 	0.3 	0.3 	0.3 
A,CONT_IMP_EU,SITC2_4,EXT_EU27_2020,HU	0.7 	0.8 	0.8 	0.7 	0.6 	0.7 	0.7 	0.6 	0.8 	0.8 	0.7 	0.6 	0.6 	0.8 	0.8 	0.9 	0.8 	0.8 	0.7 	0.6 	0.9 	0.8 	0.6 	0.6 
A,CONT_IMP_EU,SITC2_4,EXT_EU27_2020,IE	1.5 	1.5 	1.4 	1.5 	1.4 	1.3 	0.9 	1.1 	0.9 	0.8 	0.8 	0.8 	0.9 	1.1 	1.1 	1.0 	1.0 	1.0 	1.0 	0.8 	0.8 	1.0 	1.1 	1.1 
A,CONT_IMP_EU,SITC2_4,EXT_EU27_2020,IT	16.9 	16.0 	15.7 	15.0 	14.1 	12.9 	12.9 	13.0 	12.8 	12.8 	11.9 	12.3 	12.4 	12.9 	12.6 	11.6 	11.6 	11.7 	10.9 	10.9 	11.1 	11.3 	11.2 	10.6 
A,CONT_IMP_EU,SITC2_4,EXT_EU27_2020,LT	0.5 	0.5 	0.5 	0.5 	0.5 	0.5 	0.8 	0.7 	0.5 	0.6 	0.6 	0.7 	0.7 	0.9 	0.8 	0.7 	0.9 	1.0 	1.0 	1.0 	0.8 	0.5 	0.5 	0.6 
A,CONT_IMP_EU,SITC2_4,EXT_EU27_2020,LU	0.1 	0.1 	0.2 	0.2 	0.2 	0.1 	0.1 	0.1 	0.1 	0.1 	0.1 	0.1 	0.1 	0.1 	0.1 	0.1 	0.0 	0.0 	0.1 	0.1 	0.1 	0.1 	0.1 	0.0 
A,CONT_IMP_EU,SITC2_4,EXT_EU27_2020,LV	0.1 	0.2 	0.3 	0.3 	0.3 	0.4 	0.2 	0.2 	0.2 	0.2 	0.4 	0.2 	0.3 	0.3 	0.3 	0.3 	0.4 	0.4 	0.4 	0.5 	0.4 	0.3 	0.3 	0.2 
A,CONT_IMP_EU,SITC2_4,EXT_EU27_2020,MT	0.0 	0.0 	0.0 	0.0 	0.0 	0.0 	0.0 	0.0 	0.0 	0.0 	0.0 	0.0 	0.0 	0.0 	0.0 	0.0 	0.0 	0.0 	0.0 	0.0 	0.0 	0.0 	0.0 	0.0 
A,CONT_IMP_EU,SITC2_4,EXT_EU27_2020,NL	15.5 	15.7 	16.5 	17.6 	15.4 	16.2 	18.4 	18.0 	18.9 	18.8 	19.1 	19.2 	18.5 	18.5 	18.3 	18.8 	18.2 	18.7 	18.4 	17.9 	17.5 	18.8 	19.2 	19.5 
A,CONT_IMP_EU,SITC2_4,EXT_EU27_2020,PL	2.3 	2.5 	2.8 	2.3 	2.7 	2.8 	3.2 	2.8 	2.8 	3.1 	3.4 	3.3 	3.5 	3.5 	3.6 	3.8 	3.6 	4.0 	3.7 	3.7 	4.4 	4.3 	4.4 	4.1 
A,CONT_IMP_EU,SITC2_4,EXT_EU27_2020,PT	1.9 	1.7 	1.5 	1.5 	1.3 	1.5 	1.6 	1.6 	1.4 	1.3 	1.2 	1.4 	1.4 	1.5 	1.4 	1.4 	1.4 	1.4 	1.3 	1.2 	1.4 	1.5 	1.6 	1.4 
A,CONT_IMP_EU,SITC2_4,EXT_EU27_2020,RO	1.0 	1.1 	1.2 	1.3 	1.2 	1.2 	1.3 	0.9 	0.9 	1.0 	1.0 	1.1 	1.0 	1.1 	1.2 	1.2 	1.3 	1.2 	1.2 	1.3 	1.6 	1.0 	1.0 	1.0 
A,CONT_IMP_EU,SITC2_4,EXT_EU27_2020,SE	2.5 	2.3 	2.6 	2.5 	2.5 	2.6 	2.4 	2.7 	2.5 	2.2 	2.4 	2.1 	2.3 	2.3 	2.0 	1.9 	1.9 	1.9 	1.8 	1.8 	1.8 	2.3 	2.4 	2.8 
A,CONT_IMP_EU,SITC2_4,EXT_EU27_2020,SI	0.4 	0.4 	0.4 	0.5 	0.5 	0.4 	0.5 	0.5 	0.7 	0.7 	0.7 	0.6 	0.6 	0.6 	0.6 	0.5 	0.6 	0.5 	0.5 	0.5 	0.6 	0.6 	0.7 	0.9 
A,CONT_IMP_EU,SITC2_4,EXT_EU27_2020,SK	0.7 	0.7 	0.9 	0.9 	0.8 	0.7 	0.8 	0.7 	0.9 	0.8 	0.8 	0.9 	0.8 	0.7 	0.7 	1.0 	1.0 	1.0 	0.8 	1.1 	1.0 	0.9 	0.8 	0.7 
A,CONT_IMP_EU,SITC3,EU27_2020,AT	5.6 	6.7 	7.2 	7.4 	5.7 	5.3 	5.0 	5.1 	4.9 	4.5 	4.1 	3.7 	3.8 	3.8 	4.1 	4.0 	3.7 	3.9 	4.1 	3.6 	4.0 	3.5 	2.9 	3.6 
A,CONT_IMP_EU,SITC3,EU27_2020,BE	20.4 	20.1 	19.4 	19.5 	20.2 	19.7 	20.4 	18.0 	18.3 	18.4 	19.1 	20.0 	20.2 	16.9 	17.4 	17.5 	18.7 	17.1 	16.1 	19.0 	16.9 	17.8 	20.3 	19.3 
A,CONT_IMP_EU,SITC3,EU27_2020,BG	0.2 	0.2 	0.2 	0.4 	0.5 	0.6 	0.5 	0.4 	0.4 	0.4 	0.5 	0.5 	0.5 	0.5 	0.5 	0.6 	0.5 	0.5 	0.6 	0.7 	0.5 	0.3 	1.0 	1.0 
A,CONT_IMP_EU,SITC3,EU27_2020,CY	0.1 	0.1 	0.3 	0.3 	0.3 	0.4 	0.4 	0.5 	0.4 	0.4 	0.4 	0.3 	0.4 	0.5 	0.5 	0.5 	0.4 	0.5 	0.6 	0.5 	0.3 	0.5 	0.5 	0.4 
A,CONT_IMP_EU,SITC3,EU27_2020,CZ	1.9 	1.9 	2.2 	1.9 	2.0 	2.2 	2.1 	2.5 	2.4 	2.8 	2.5 	2.4 	2.3 	3.0 	3.5 	3.1 	3.2 	2.8 	2.5 	3.2 	4.1 	3.2 	3.2 	3.8 
A,CONT_IMP_EU,SITC3,EU27_2020,DE	25.8 	24.4 	22.7 	21.6 	22.0 	20.4 	21.8 	24.4 	23.9 	24.5 	22.3 	23.4 	22.7 	24.2 	22.4 	22.6 	23.7 	26.7 	28.0 	21.3 	19.6 	20.6 	19.6 	21.1 
A,CONT_IMP_EU,SITC3,EU27_2020,DK	1.7 	1.5 	1.2 	1.2 	1.1 	1.0 	1.3 	1.0 	1.2 	1.0 	1.1 	1.1 	1.0 	0.9 	1.0 	0.8 	1.0 	1.0 	1.3 	1.5 	1.8 	1.1 	1.1 	1.1 
A,CONT_IMP_EU,SITC3,EU27_2020,EE	0.2 	0.2 	0.3 	0.3 	0.5 	0.6 	0.6 	0.7 	0.6 	0.5 	0.5 	0.5 	0.6 	0.5 	0.5 	0.5 	0.6 	0.6 	0.7 	0.7 	1.0 	0.8 	0.8 	0.9 
A,CONT_IMP_EU,SITC3,EU27_2020,EL	0.4 	0.5 	0.6 	0.6 	0.5 	0.4 	0.5 	0.5 	0.6 	0.6 	0.7 	0.6 	0.7 	0.7 	0.7 	0.7 	0.7 	0.8 	0.8 	0.6 	0.7 	0.7 	0.6 	0.7 
A,CONT_IMP_EU,SITC3,EU27_2020,ES	4.1 	4.4 	4.2 	3.5 	3.7 	5.1 	4.0 	3.4 	3.9 	3.5 	3.1 	2.3 	2.8 	2.8 	3.2 	3.7 	3.7 	3.0 	3.3 	3.7 	2.9 	3.3 	3.4 	3.3 
A,CONT_IMP_EU,SITC3,EU27_2020,EU27_2020	100.0 	100.0 	100.0 	100.0 	100.0 	100.0 	100.0 	100.0 	100.0 	100.0 	100.0 	100.0 	100.0 	100.0 	100.0 	100.0 	100.0 	100.0 	100.0 	100.0 	100.0 	100.0 	100.0 	100.0 
A,CONT_IMP_EU,SITC3,EU27_2020,FI	1.8 	1.5 	1.1 	1.1 	1.0 	0.8 	0.8 	0.6 	0.7 	0.8 	0.9 	1.6 	1.8 	1.7 	1.6 	1.7 	1.7 	1.7 	1.9 	1.9 	1.8 	1.4 	1.5 	1.7 
A,CONT_IMP_EU,SITC3,EU27_2020,FR	9.2 	10.0 	10.3 	14.0 	13.5 	12.8 	13.2 	13.6 	12.4 	11.8 	13.3 	13.3 	12.8 	12.7 	12.0 	11.5 	11.2 	10.1 	10.0 	11.8 	13.5 	13.6 	11.3 	7.7 
A,CONT_IMP_EU,SITC3,EU27_2020,HR	0.5 	0.6 	0.5 	0.6 	0.7 	0.6 	0.8 	0.6 	0.6 	0.8 	0.9 	0.7 	0.8 	0.9 	0.9 	0.9 	0.8 	1.0 	1.0 	0.8 	1.1 	1.1 	1.4 	1.3 
A,CONT_IMP_EU,SITC3,EU27_2020,HU	1.3 	1.3 	1.2 	1.3 	1.3 	1.4 	1.4 	1.7 	1.5 	1.4 	1.6 	1.4 	1.9 	2.0 	2.0 	2.1 	2.1 	2.2 	2.6 	3.1 	3.2 	2.5 	2.7 	3.1 
A,CONT_IMP_EU,SITC3,EU27_2020,IE	0.2 	0.2 	0.3 	0.2 	0.3 	0.5 	0.9 	0.7 	0.5 	0.3 	0.1 	0.3 	0.2 	0.2 	0.2 	0.2 	0.4 	0.5 	0.2 	0.4 	0.3 	0.6 	0.9 	0.7 
A,CONT_IMP_EU,SITC3,EU27_2020,IT	3.7 	3.1 	4.8 	3.6 	4.2 	3.7 	3.5 	4.2 	4.3 	4.8 	4.3 	4.6 	4.3 	4.7 	4.1 	4.3 	3.4 	4.1 	3.4 	4.3 	3.6 	3.4 	3.4 	3.9 
A,CONT_IMP_EU,SITC3,EU27_2020,LT	0.0 	0.0 	0.0 	0.1 	0.1 	0.1 	0.1 	0.1 	0.2 	0.3 	0.3 	0.3 	0.3 	0.5 	0.5 	0.5 	0.5 	0.4 	0.5 	0.7 	0.9 	0.6 	0.6 	0.5 
A,CONT_IMP_EU,SITC3,EU27_2020,LU	1.8 	1.8 	1.7 	1.6 	1.7 	1.7 	1.7 	1.5 	1.4 	1.4 	1.4 	1.3 	1.3 	1.1 	1.1 	1.1 	1.2 	1.2 	1.1 	1.0 	1.0 	1.1 	1.1 	1.0 
A,CONT_IMP_EU,SITC3,EU27_2020,LV	0.2 	0.2 	0.4 	0.4 	0.4 	0.4 	0.4 	0.4 	0.4 	0.5 	0.6 	0.6 	0.7 	0.7 	0.6 	0.6 	0.6 	0.6 	0.6 	0.6 	1.1 	0.9 	0.9 	1.0 
A,CONT_IMP_EU,SITC3,EU27_2020,MT	0.2 	0.2 	0.2 	0.2 	0.2 	0.2 	0.2 	0.3 	0.4 	0.6 	0.8 	0.5 	0.6 	0.7 	0.7 	0.6 	0.7 	0.6 	0.5 	0.5 	0.3 	0.4 	0.7 	0.7 
A,CONT_IMP_EU,SITC3,EU27_2020,NL	10.7 	11.1 	11.2 	10.7 	10.4 	10.9 	9.9 	10.2 	10.9 	11.2 	12.7 	12.4 	12.2 	12.3 	12.8 	13.2 	12.3 	11.2 	11.1 	10.6 	10.8 	11.6 	11.3 	11.0 
A,CONT_IMP_EU,SITC3,EU27_2020,PL	1.5 	1.4 	1.8 	1.8 	1.8 	2.6 	2.5 	2.3 	1.9 	1.9 	1.4 	1.2 	1.6 	1.7 	1.9 	2.0 	1.8 	1.9 	2.0 	2.0 	2.7 	3.7 	3.3 	3.9 
A,CONT_IMP_EU,SITC3,EU27_2020,PT	2.2 	2.0 	1.4 	1.8 	1.3 	1.5 	1.5 	1.3 	1.2 	1.2 	1.3 	1.2 	1.5 	1.3 	1.2 	1.2 	1.1 	1.2 	1.0 	1.4 	1.4 	1.4 	1.3 	1.4 
A,CONT_IMP_EU,SITC3,EU27_2020,RO	0.3 	0.3 	0.4 	0.4 	0.4 	0.5 	0.5 	0.5 	0.7 	0.7 	0.8 	0.6 	0.5 	0.6 	0.6 	0.7 	0.7 	0.9 	1.0 	1.2 	1.7 	1.3 	1.5 	2.0 
A,CONT_IMP_EU,SITC3,EU27_2020,SE	4.0 	4.2 	4.3 	3.9 	4.4 	4.5 	4.2 	3.2 	3.6 	3.1 	3.0 	2.9 	2.6 	2.8 	3.4 	3.1 	3.1 	3.1 	2.9 	2.5 	2.0 	2.2 	2.2 	2.3 
A,CONT_IMP_EU,SITC3,EU27_2020,SI	1.0 	1.1 	1.1 	1.1 	1.2 	1.2 	1.1 	1.0 	1.1 	1.3 	1.3 	1.0 	1.0 	1.2 	1.1 	1.1 	1.0 	1.3 	1.0 	1.1 	1.1 	1.1 	1.2 	1.3 
A,CONT_IMP_EU,SITC3,EU27_2020,SK	0.8 	0.8 	1.1 	0.8 	0.8 	1.0 	0.9 	1.2 	1.5 	1.4 	1.1 	1.1 	1.0 	1.1 	1.2 	1.4 	1.3 	1.2 	1.3 	1.3 	1.5 	1.2 	1.5 	1.5 
A,CONT_IMP_EU,SITC3,EXT_EU27_2020,AT	1.8 	1.6 	1.4 	1.4 	1.4 	1.4 	1.5 	1.5 	1.4 	1.5 	1.6 	1.5 	1.4 	1.6 	1.5 	1.5 	1.6 	1.6 	1.5 	1.7 	1.4 	1.6 	1.5 	1.1 
A,CONT_IMP_EU,SITC3,EXT_EU27_2020,BE	3.7 	4.0 	3.9 	4.2 	4.0 	3.4 	3.7 	4.0 	4.0 	4.3 	3.8 	4.7 	4.5 	5.1 	5.0 	5.2 	5.3 	4.5 	4.8 	5.4 	7.8 	6.2 	5.2 	5.3 
A,CONT_IMP_EU,SITC3,EXT_EU27_2020,BG	0.1 	0.2 	0.2 	0.1 	0.1 	1.1 	1.1 	1.0 	1.0 	1.0 	1.0 	1.0 	1.0 	1.1 	1.0 	1.0 	0.9 	1.0 	0.8 	0.8 	0.9 	0.9 	1.0 	1.2 
A,CONT_IMP_EU,SITC3,EXT_EU27_2020,CY	0.2 	0.1 	0.2 	0.2 	0.2 	0.2 	0.2 	0.2 	0.2 	0.2 	0.2 	0.2 	0.1 	0.1 	0.2 	0.2 	0.3 	0.2 	0.2 	0.2 	0.2 	0.3 	0.4 	0.6 
A,CONT_IMP_EU,SITC3,EXT_EU27_2020,CZ	1.5 	1.5 	1.2 	1.3 	1.4 	1.3 	1.5 	1.4 	1.5 	1.4 	1.3 	1.3 	1.3 	1.2 	0.8 	1.0 	1.0 	1.1 	1.1 	1.0 	0.6 	0.8 	0.8 	0.8 
A,CONT_IMP_EU,SITC3,EXT_EU27_2020,DE	19.5 	20.8 	18.5 	18.6 	18.9 	17.6 	17.9 	17.7 	16.1 	16.3 	16.0 	16.6 	16.9 	16.9 	16.9 	14.9 	14.4 	14.1 	15.1 	14.5 	14.4 	12.1 	12.7 	13.1 
A,CONT_IMP_EU,SITC3,EXT_EU27_2020,DK	0.8 	0.9 	0.9 	0.9 	0.8 	0.7 	0.8 	0.9 	0.8 	1.0 	1.0 	1.1 	1.0 	1.2 	1.1 	1.1 	1.0 	1.1 	1.0 	1.1 	0.9 	1.0 	1.1 	1.2 
A,CONT_IMP_EU,SITC3,EXT_EU27_2020,EE	0.1 	0.1 	0.1 	0.2 	0.3 	0.3 	0.2 	0.2 	0.2 	0.2 	0.2 	0.1 	0.2 	0.2 	0.2 	0.2 	0.4 	0.3 	0.4 	0.5 	0.2 	0.0 	0.0 	0.0 
A,CONT_IMP_EU,SITC3,EXT_EU27_2020,EL	2.9 	3.0 	2.6 	2.7 	2.7 	2.8 	2.9 	2.9 	3.1 	2.9 	3.2 	3.3 	3.5 	3.3 	3.5 	3.5 	3.7 	3.7 	4.0 	4.0 	3.7 	3.8 	4.3 	3.6 
A,CONT_IMP_EU,SITC3,EXT_EU27_2020,ES	11.0 	10.3 	10.5 	10.7 	10.9 	10.8 	10.9 	10.4 	10.4 	10.5 	10.6 	10.9 	11.6 	11.0 	10.4 	11.0 	10.6 	10.9 	10.5 	10.0 	9.5 	9.9 	10.8 	11.1 
A,CONT_IMP_EU,SITC3,EXT_EU27_2020,EU27_2020	100.0 	100.0 	100.0 	100.0 	100.0 	100.0 	100.0 	100.0 	100.0 	100.0 	100.0 	100.0 	100.0 	100.0 	100.0 	100.0 	100.0 	100.0 	100.0 	100.0 	100.0 	100.0 	100.0 	100.0 
A,CONT_IMP_EU,SITC3,EXT_EU27_2020,FI	2.0 	2.2 	2.2 	2.0 	2.2 	2.2 	2.2 	2.3 	2.3 	2.5 	2.1 	2.2 	2.1 	1.7 	2.0 	1.9 	1.9 	2.0 	1.9 	1.6 	1.3 	1.3 	1.4 	1.4 
A,CONT_IMP_EU,SITC3,EXT_EU27_2020,FR	16.0 	15.7 	15.7 	13.7 	13.1 	13.5 	13.2 	12.8 	12.1 	12.8 	11.8 	11.7 	11.5 	11.2 	11.0 	11.3 	11.0 	11.5 	10.2 	9.7 	11.6 	11.2 	11.5 	12.2 
A,CONT_IMP_EU,SITC3,EXT_EU27_2020,HR	0.7 	0.6 	0.6 	0.6 	0.6 	0.6 	0.5 	0.6 	0.5 	0.4 	0.4 	0.4 	0.4 	0.5 	0.5 	0.5 	0.5 	0.4 	0.6 	0.7 	0.8 	0.7 	0.7 	0.8 
A,CONT_IMP_EU,SITC3,EXT_EU27_2020,HU	1.1 	1.0 	1.2 	1.5 	1.5 	1.5 	1.6 	1.5 	1.3 	1.3 	1.2 	1.4 	1.4 	1.2 	1.1 	1.4 	1.6 	1.6 	1.3 	1.3 	1.5 	1.3 	1.3 	1.3 
A,CONT_IMP_EU,SITC3,EXT_EU27_2020,IE	1.1 	1.1 	1.3 	1.3 	1.2 	1.4 	1.2 	1.3 	1.3 	1.3 	1.3 	1.3 	1.4 	1.5 	1.4 	1.4 	1.3 	1.3 	1.4 	1.4 	1.4 	1.6 	1.2 	1.4 
A,CONT_IMP_EU,SITC3,EXT_EU27_2020,IT	13.9 	13.6 	17.0 	16.8 	16.7 	16.7 	15.9 	16.4 	16.5 	14.7 	14.5 	13.0 	11.8 	12.8 	12.8 	13.0 	13.1 	12.5 	12.3 	14.2 	15.2 	14.3 	13.7 	13.1 
A,CONT_IMP_EU,SITC3,EXT_EU27_2020,LT	0.9 	0.9 	1.0 	1.1 	1.0 	0.8 	1.3 	1.2 	1.4 	1.5 	1.4 	1.5 	1.3 	1.4 	1.4 	1.4 	1.3 	1.4 	1.2 	1.2 	1.3 	1.3 	1.3 	1.4 
A,CONT_IMP_EU,SITC3,EXT_EU27_2020,LU	0.0 	0.0 	0.0 	0.0 	0.0 	0.0 	0.0 	0.0 	0.0 	0.0 	0.0 	0.0 	0.0 	0.0 	0.0 	0.0 	0.0 	0.0 	0.0 	0.0 	0.0 	0.0 	0.0 	0.0 
A,CONT_IMP_EU,SITC3,EXT_EU27_2020,LV	0.2 	0.2 	0.2 	0.2 	0.2 	0.2 	0.2 	0.2 	0.2 	0.2 	0.2 	0.2 	0.2 	0.2 	0.2 	0.2 	0.2 	0.1 	0.1 	0.2 	0.1 	0.1 	0.1 	0.0 
A,CONT_IMP_EU,SITC3,EXT_EU27_2020,MT	0.0 	0.0 	0.0 	0.0 	0.0 	0.0 	0.0 	0.0 	0.0 	0.0 	0.0 	0.0 	0.1 	0.1 	0.1 	0.1 	0.1 	0.1 	0.1 	0.0 	0.0 	0.0 	0.1 	0.0 
A,CONT_IMP_EU,SITC3,EXT_EU27_2020,NL	12.2 	11.8 	11.5 	12.5 	13.4 	14.1 	13.7 	14.4 	15.5 	15.8 	18.1 	17.7 	17.9 	17.8 	18.5 	18.3 	18.4 	19.3 	19.2 	19.8 	17.9 	21.4 	19.8 	20.1 
A,CONT_IMP_EU,SITC3,EXT_EU27_2020,PL	3.0 	2.9 	2.8 	2.8 	2.5 	2.6 	2.7 	2.6 	3.1 	3.3 	3.3 	3.2 	3.4 	3.3 	3.3 	3.6 	4.1 	4.1 	4.3 	3.5 	3.0 	3.8 	4.0 	3.6 
A,CONT_IMP_EU,SITC3,EXT_EU27_2020,PT	1.9 	1.9 	2.0 	2.0 	1.9 	1.9 	1.8 	1.7 	1.8 	1.7 	1.7 	1.8 	1.8 	1.9 	1.8 	2.0 	1.8 	2.0 	2.1 	1.7 	1.6 	1.5 	1.8 	1.5 
A,CONT_IMP_EU,SITC3,EXT_EU27_2020,RO	1.3 	1.3 	1.5 	1.5 	1.5 	1.5 	1.4 	1.1 	1.0 	1.0 	1.0 	0.9 	1.1 	1.0 	1.2 	1.2 	1.3 	1.4 	1.3 	1.3 	1.0 	1.2 	1.4 	1.4 
A,CONT_IMP_EU,SITC3,EXT_EU27_2020,SE	2.7 	2.8 	2.4 	2.4 	2.2 	2.1 	2.2 	2.2 	2.7 	2.6 	2.7 	2.4 	2.8 	2.5 	2.8 	2.8 	3.0 	2.7 	3.0 	2.7 	2.3 	2.5 	2.8 	2.4 
A,CONT_IMP_EU,SITC3,EXT_EU27_2020,SI	0.2 	0.2 	0.2 	0.2 	0.2 	0.2 	0.3 	0.3 	0.3 	0.3 	0.2 	0.3 	0.3 	0.3 	0.3 	0.3 	0.4 	0.4 	0.5 	0.4 	0.4 	0.4 	0.4 	0.4 
A,CONT_IMP_EU,SITC3,EXT_EU27_2020,SK	1.3 	1.2 	1.1 	1.0 	1.1 	1.1 	1.1 	1.1 	1.2 	1.2 	1.1 	1.2 	1.0 	1.0 	0.9 	0.9 	0.9 	0.9 	1.0 	1.0 	0.8 	0.8 	0.8 	0.7 
A,CONT_IMP_EU,SITC5,EU27_2020,AT	3.3 	3.4 	3.2 	3.1 	3.1 	3.0 	3.1 	3.0 	3.1 	3.2 	3.2 	3.2 	3.2 	3.1 	3.1 	3.1 	3.1 	3.1 	3.1 	3.0 	2.8 	2.9 	3.0 	3.0 
A,CONT_IMP_EU,SITC5,EU27_2020,BE	18.2 	17.2 	17.3 	17.8 	17.0 	16.2 	14.9 	15.6 	14.8 	13.5 	13.5 	12.6 	12.4 	12.4 	12.3 	11.9 	12.1 	11.9 	12.0 	14.5 	13.7 	12.9 	11.5 	11.0 
A,CONT_IMP_EU,SITC5,EU27_2020,BG	0.3 	0.3 	0.4 	0.4 	0.4 	0.5 	0.5 	0.5 	0.5 	0.5 	0.6 	0.6 	0.6 	0.7 	0.7 	0.7 	0.7 	0.7 	0.7 	0.7 	0.7 	0.7 	0.7 	0.7 
A,CONT_IMP_EU,SITC5,EU27_2020,CY	0.1 	0.1 	0.1 	0.1 	0.1 	0.1 	0.1 	0.1 	0.1 	0.1 	0.1 	0.1 	0.1 	0.1 	0.1 	0.1 	0.1 	0.1 	0.1 	0.1 	0.1 	0.1 	0.2 	0.2 
A,CONT_IMP_EU,SITC5,EU27_2020,CZ	1.9 	1.9 	2.2 	2.1 	2.2 	2.3 	2.5 	2.4 	2.5 	2.8 	2.8 	2.8 	3.0 	3.0 	3.1 	3.0 	3.0 	3.2 	3.2 	3.1 	3.0 	3.2 	3.2 	3.1 
A,CONT_IMP_EU,SITC5,EU27_2020,DE	18.3 	18.3 	18.7 	19.4 	20.2 	20.7 	20.6 	20.4 	21.0 	21.3 	20.9 	20.7 	21.0 	21.3 	21.4 	21.6 	22.6 	22.3 	21.5 	20.9 	21.9 	20.6 	20.2 	19.3 
A,CONT_IMP_EU,SITC5,EU27_2020,DK	2.1 	2.0 	1.9 	1.9 	1.9 	1.8 	1.8 	1.7 	1.5 	1.6 	1.7 	1.8 	1.8 	1.8 	1.8 	1.8 	1.7 	1.7 	1.8 	1.7 	1.6 	1.6 	1.6 	1.7 
A,CONT_IMP_EU,SITC5,EU27_2020,EE	0.2 	0.2 	0.2 	0.2 	0.3 	0.3 	0.3 	0.3 	0.3 	0.3 	0.3 	0.3 	0.3 	0.3 	0.3 	0.3 	0.3 	0.3 	0.3 	0.3 	0.3 	0.3 	0.3 	0.3 
A,CONT_IMP_EU,SITC5,EU27_2020,EL	1.7 	1.9 	1.9 	1.9 	1.8 	1.9 	1.8 	1.9 	1.6 	1.4 	1.3 	1.3 	1.3 	1.3 	1.3 	1.3 	1.3 	1.4 	1.7 	1.4 	1.3 	1.4 	1.4 	1.4 
A,CONT_IMP_EU,SITC5,EU27_2020,ES	7.5 	7.6 	7.2 	6.9 	6.8 	6.6 	6.6 	6.9 	6.5 	6.4 	6.2 	6.3 	6.5 	6.8 	6.6 	6.6 	6.4 	6.4 	6.2 	6.0 	5.9 	6.1 	6.5 	6.7 
A,CONT_IMP_EU,SITC5,EU27_2020,EU27_2020	100.0 	100.0 	100.0 	100.0 	100.0 	100.0 	100.0 	100.0 	100.0 	100.0 	100.0 	100.0 	100.0 	100.0 	100.0 	100.0 	100.0 	100.0 	100.0 	100.0 	100.0 	100.0 	100.0 	100.0 
A,CONT_IMP_EU,SITC5,EU27_2020,FI	1.5 	1.5 	1.5 	1.5 	1.5 	1.4 	1.4 	1.3 	1.3 	1.3 	1.4 	1.3 	1.3 	1.2 	1.2 	1.2 	1.2 	1.1 	1.1 	1.0 	1.0 	1.0 	1.0 	1.0 
A,CONT_IMP_EU,SITC5,EU27_2020,FR	12.9 	13.3 	12.8 	12.2 	11.8 	12.0 	12.3 	12.4 	12.5 	13.2 	13.6 	13.4 	13.3 	12.6 	12.4 	12.3 	11.6 	11.6 	11.4 	10.7 	10.6 	10.7 	10.3 	10.4 
A,CONT_IMP_EU,SITC5,EU27_2020,HR	0.5 	0.5 	0.5 	0.5 	0.5 	0.5 	0.5 	0.5 	0.4 	0.4 	0.4 	0.4 	0.5 	0.5 	0.5 	0.5 	0.5 	0.6 	0.7 	0.6 	0.6 	0.6 	0.7 	0.7 
A,CONT_IMP_EU,SITC5,EU27_2020,HU	1.3 	1.4 	1.5 	1.6 	1.7 	1.6 	1.8 	1.7 	1.7 	1.8 	1.8 	1.9 	2.0 	2.0 	2.1 	2.1 	2.0 	2.1 	2.2 	2.0 	2.0 	2.0 	2.2 	2.0 
A,CONT_IMP_EU,SITC5,EU27_2020,IE	1.0 	1.1 	1.0 	1.0 	1.0 	0.9 	0.9 	0.9 	1.0 	1.1 	1.1 	1.2 	1.1 	1.1 	1.2 	1.4 	2.1 	1.2 	1.5 	1.6 	1.7 	2.1 	2.0 	2.8 
A,CONT_IMP_EU,SITC5,EU27_2020,IT	11.2 	11.0 	11.2 	10.8 	10.8 	10.4 	9.6 	9.6 	9.7 	9.9 	9.9 	10.3 	9.7 	9.9 	9.9 	9.8 	9.8 	9.9 	9.9 	9.5 	9.7 	9.6 	9.5 	9.5 
A,CONT_IMP_EU,SITC5,EU27_2020,LT	0.3 	0.3 	0.4 	0.4 	0.5 	0.5 	0.5 	0.5 	0.6 	0.6 	0.7 	0.7 	0.7 	0.7 	0.7 	0.7 	0.7 	0.8 	0.8 	0.8 	0.8 	0.8 	0.7 	0.7 
A,CONT_IMP_EU,SITC5,EU27_2020,LU	0.5 	0.5 	0.5 	0.5 	0.4 	0.4 	0.4 	0.4 	0.4 	0.4 	0.4 	0.4 	0.4 	0.5 	0.5 	0.4 	0.4 	0.4 	0.4 	0.4 	0.4 	0.4 	0.4 	0.4 
A,CONT_IMP_EU,SITC5,EU27_2020,LV	0.2 	0.2 	0.2 	0.2 	0.3 	0.3 	0.3 	0.2 	0.3 	0.3 	0.3 	0.3 	0.3 	0.3 	0.3 	0.3 	0.3 	0.3 	0.3 	0.4 	0.4 	0.4 	0.4 	0.4 
A,CONT_IMP_EU,SITC5,EU27_2020,MT	0.1 	0.1 	0.1 	0.1 	0.1 	0.1 	0.1 	0.1 	0.1 	0.1 	0.1 	0.1 	0.1 	0.1 	0.1 	0.1 	0.1 	0.1 	0.1 	0.1 	0.1 	0.1 	0.1 	0.1 
A,CONT_IMP_EU,SITC5,EU27_2020,NL	7.4 	7.5 	7.5 	7.4 	7.2 	7.5 	8.2 	8.3 	8.5 	7.3 	7.6 	7.8 	7.8 	7.9 	7.5 	7.5 	7.2 	7.6 	7.7 	8.1 	8.6 	9.2 	10.2 	10.1 
A,CONT_IMP_EU,SITC5,EU27_2020,PL	3.2 	3.2 	3.4 	3.6 	3.8 	3.9 	4.3 	4.0 	4.4 	4.6 	4.5 	4.7 	4.8 	4.7 	5.1 	5.3 	5.1 	5.1 	5.3 	5.4 	5.2 	5.3 	5.7 	5.7 
A,CONT_IMP_EU,SITC5,EU27_2020,PT	1.8 	1.8 	1.7 	1.7 	1.7 	1.6 	1.7 	1.8 	1.7 	1.7 	1.7 	1.6 	1.7 	1.7 	1.7 	1.7 	1.7 	1.7 	1.7 	1.8 	1.7 	1.9 	2.0 	2.2 
A,CONT_IMP_EU,SITC5,EU27_2020,RO	0.7 	0.8 	0.8 	0.9 	1.0 	1.2 	1.4 	1.4 	1.4 	1.5 	1.6 	1.6 	1.6 	1.7 	1.8 	1.8 	1.8 	1.9 	1.9 	1.9 	1.8 	2.0 	2.0 	2.1 
A,CONT_IMP_EU,SITC5,EU27_2020,SE	2.4 	2.5 	2.6 	2.4 	2.5 	2.6 	2.6 	2.4 	2.5 	2.6 	2.6 	2.5 	2.7 	2.6 	2.5 	2.4 	2.3 	2.4 	2.4 	2.2 	2.3 	2.3 	2.4 	2.4 
A,CONT_IMP_EU,SITC5,EU27_2020,SI	0.6 	0.6 	0.6 	0.6 	0.6 	0.7 	0.7 	0.6 	0.7 	0.7 	0.7 	0.7 	0.7 	0.7 	0.7 	0.7 	0.7 	0.7 	0.7 	0.7 	0.7 	0.7 	0.8 	0.8 
A,CONT_IMP_EU,SITC5,EU27_2020,SK	0.7 	0.7 	0.8 	0.9 	0.9 	1.0 	1.1 	1.1 	1.0 	1.2 	1.2 	1.2 	1.2 	1.2 	1.3 	1.3 	1.2 	1.2 	1.2 	1.1 	1.1 	1.2 	1.2 	1.2 
A,CONT_IMP_EU,SITC5,EXT_EU27_2020,AT	2.1 	2.0 	1.9 	2.1 	2.3 	2.1 	1.9 	2.3 	2.6 	2.6 	2.6 	2.7 	2.9 	3.0 	3.0 	3.1 	2.8 	2.8 	2.6 	2.9 	2.3 	2.9 	2.0 	2.4 
A,CONT_IMP_EU,SITC5,EXT_EU27_2020,BE	12.6 	13.0 	13.1 	13.9 	13.5 	13.5 	13.1 	13.3 	13.8 	14.1 	15.6 	16.9 	17.4 	17.9 	17.2 	15.6 	16.8 	16.5 	15.3 	15.3 	14.7 	15.5 	13.9 	13.2 
A,CONT_IMP_EU,SITC5,EXT_EU27_2020,BG	0.2 	0.3 	0.3 	0.3 	0.3 	0.3 	0.3 	0.3 	0.3 	0.4 	0.4 	0.5 	0.5 	0.5 	0.5 	0.5 	0.5 	0.5 	0.5 	0.6 	0.6 	0.5 	0.6 	0.6 
A,CONT_IMP_EU,SITC5,EXT_EU27_2020,CY	0.2 	0.1 	0.1 	0.1 	0.1 	0.1 	0.1 	0.1 	0.1 	0.1 	0.1 	0.1 	0.1 	0.1 	0.1 	0.1 	0.1 	0.1 	0.1 	0.1 	0.1 	0.1 	0.1 	0.1 
A,CONT_IMP_EU,SITC5,EXT_EU27_2020,CZ	0.9 	1.1 	0.9 	0.8 	0.8 	0.9 	0.9 	0.8 	0.8 	0.9 	0.8 	0.9 	0.9 	0.9 	1.0 	1.0 	1.0 	1.0 	0.9 	1.0 	0.8 	0.9 	0.9 	0.9 
A,CONT_IMP_EU,SITC5,EXT_EU27_2020,DE	20.1 	19.8 	20.5 	20.3 	21.6 	21.4 	20.8 	20.9 	20.3 	21.1 	20.5 	20.4 	20.7 	20.9 	22.0 	22.6 	21.0 	20.2 	20.3 	18.5 	20.0 	16.8 	17.2 	16.7 
A,CONT_IMP_EU,SITC5,EXT_EU27_2020,DK	1.4 	1.5 	1.4 	1.4 	1.4 	1.4 	1.3 	1.2 	1.1 	1.1 	1.2 	1.2 	1.2 	1.2 	1.1 	1.1 	1.1 	1.1 	1.1 	1.2 	1.0 	1.0 	1.4 	1.2 
A,CONT_IMP_EU,SITC5,EXT_EU27_2020,EE	0.1 	0.1 	0.1 	0.1 	0.1 	0.1 	0.1 	0.1 	0.1 	0.1 	0.1 	0.1 	0.1 	0.1 	0.1 	0.1 	0.1 	0.1 	0.1 	0.2 	0.1 	0.1 	0.1 	0.1 
A,CONT_IMP_EU,SITC5,EXT_EU27_2020,EL	1.2 	1.3 	1.4 	1.3 	1.3 	1.4 	1.5 	1.5 	1.2 	1.0 	0.8 	0.9 	0.9 	0.8 	0.8 	0.7 	0.8 	0.7 	0.7 	0.8 	0.8 	0.7 	0.8 	0.7 
A,CONT_IMP_EU,SITC5,EXT_EU27_2020,ES	6.5 	7.1 	7.3 	7.2 	6.9 	7.1 	7.5 	7.6 	8.1 	8.1 	7.8 	7.4 	7.1 	6.9 	6.8 	6.6 	7.3 	7.4 	7.2 	9.0 	7.7 	6.9 	6.8 	6.3 
A,CONT_IMP_EU,SITC5,EXT_EU27_2020,EU27_2020	100.0 	100.0 	100.0 	100.0 	100.0 	100.0 	100.0 	100.0 	100.0 	100.0 	100.0 	100.0 	100.0 	100.0 	100.0 	100.0 	100.0 	100.0 	100.0 	100.0 	100.0 	100.0 	100.0 	100.0 
A,CONT_IMP_EU,SITC5,EXT_EU27_2020,FI	1.1 	1.1 	1.1 	1.2 	1.1 	1.1 	1.1 	0.8 	0.9 	1.0 	1.1 	1.0 	1.0 	0.9 	0.8 	0.8 	0.8 	0.8 	0.7 	0.7 	0.7 	0.5 	0.5 	0.5 
A,CONT_IMP_EU,SITC5,EXT_EU27_2020,FR	16.1 	15.9 	15.3 	15.5 	14.5 	14.2 	12.7 	13.6 	12.9 	12.3 	12.2 	11.0 	10.3 	9.8 	9.3 	8.9 	8.3 	8.0 	7.9 	8.2 	7.6 	8.3 	7.7 	7.9 
A,CONT_IMP_EU,SITC5,EXT_EU27_2020,HR	0.3 	0.3 	0.3 	0.3 	0.3 	0.3 	0.4 	0.3 	0.4 	0.4 	0.3 	0.3 	0.3 	0.3 	0.4 	0.3 	0.3 	0.3 	0.3 	0.3 	0.3 	0.3 	0.3 	0.3 
A,CONT_IMP_EU,SITC5,EXT_EU27_2020,HU	0.9 	1.0 	1.0 	0.8 	0.8 	0.8 	0.9 	0.8 	0.8 	1.0 	0.9 	0.9 	0.9 	1.0 	1.0 	1.1 	1.2 	1.2 	1.6 	1.6 	1.7 	2.4 	1.9 	1.4 
A,CONT_IMP_EU,SITC5,EXT_EU27_2020,IE	5.1 	4.7 	4.5 	4.0 	3.9 	3.6 	3.4 	3.3 	3.4 	3.6 	3.4 	3.6 	3.8 	4.5 	4.7 	5.2 	4.4 	4.9 	6.2 	6.0 	7.0 	7.8 	5.3 	5.1 
A,CONT_IMP_EU,SITC5,EXT_EU27_2020,IT	10.6 	11.0 	10.8 	10.3 	10.0 	9.8 	9.7 	9.9 	10.2 	11.1 	10.3 	9.4 	9.2 	8.9 	9.0 	8.8 	8.8 	8.6 	8.1 	7.7 	8.2 	9.0 	10.5 	13.8 
A,CONT_IMP_EU,SITC5,EXT_EU27_2020,LT	0.3 	0.3 	0.2 	0.3 	0.3 	0.4 	0.4 	0.3 	0.3 	0.3 	0.4 	0.4 	0.4 	0.5 	0.4 	0.4 	0.4 	0.5 	0.4 	0.5 	0.5 	0.4 	0.4 	0.4 
A,CONT_IMP_EU,SITC5,EXT_EU27_2020,LU	0.1 	0.1 	0.2 	0.2 	0.2 	0.2 	0.1 	0.1 	0.1 	0.2 	0.2 	0.2 	0.1 	0.1 	0.1 	0.1 	0.1 	0.1 	0.1 	0.1 	0.1 	0.1 	0.1 	0.1 
A,CONT_IMP_EU,SITC5,EXT_EU27_2020,LV	0.1 	0.1 	0.1 	0.1 	0.2 	0.2 	0.2 	0.2 	0.2 	0.2 	0.2 	0.2 	0.2 	0.2 	0.2 	0.2 	0.2 	0.2 	0.2 	0.2 	0.2 	0.1 	0.2 	0.2 
A,CONT_IMP_EU,SITC5,EXT_EU27_2020,MT	0.1 	0.1 	0.1 	0.1 	0.1 	0.1 	0.1 	0.1 	0.1 	0.1 	0.1 	0.1 	0.1 	0.1 	0.1 	0.1 	0.1 	0.1 	0.1 	0.1 	0.1 	0.1 	0.2 	0.2 
A,CONT_IMP_EU,SITC5,EXT_EU27_2020,NL	13.3 	12.1 	12.7 	13.2 	13.6 	14.2 	16.1 	15.7 	15.0 	12.9 	13.6 	14.7 	14.6 	14.5 	14.4 	15.2 	16.1 	16.6 	16.3 	15.0 	14.5 	13.2 	13.1 	12.6 
A,CONT_IMP_EU,SITC5,EXT_EU27_2020,PL	2.0 	2.1 	1.8 	1.6 	1.8 	2.0 	2.3 	2.0 	2.3 	2.3 	2.3 	2.5 	2.7 	2.6 	2.6 	2.8 	2.7 	2.8 	3.0 	3.3 	3.6 	3.5 	3.1 	3.0 
A,CONT_IMP_EU,SITC5,EXT_EU27_2020,PT	0.9 	0.9 	0.8 	0.9 	0.9 	0.8 	0.8 	0.7 	0.9 	0.9 	0.8 	0.7 	0.7 	0.7 	0.7 	0.7 	0.8 	0.9 	0.8 	0.8 	0.9 	0.7 	0.7 	0.8 
A,CONT_IMP_EU,SITC5,EXT_EU27_2020,RO	0.5 	0.6 	0.7 	0.8 	0.9 	0.8 	1.0 	0.8 	0.8 	0.9 	0.8 	0.9 	0.9 	0.8 	0.8 	0.9 	0.8 	0.9 	1.0 	1.1 	1.2 	1.0 	1.3 	1.2 
A,CONT_IMP_EU,SITC5,EXT_EU27_2020,SE	2.5 	2.5 	2.5 	2.6 	2.5 	2.5 	2.4 	2.6 	2.5 	2.6 	2.6 	2.3 	2.2 	2.0 	2.0 	1.9 	2.0 	1.9 	1.9 	1.7 	1.6 	1.7 	1.6 	1.5 
A,CONT_IMP_EU,SITC5,EXT_EU27_2020,SI	0.3 	0.4 	0.3 	0.3 	0.3 	0.3 	0.3 	0.3 	0.3 	0.4 	0.4 	0.5 	0.5 	0.5 	0.5 	0.6 	0.7 	1.6 	2.3 	2.9 	3.6 	5.3 	9.0 	8.5 
A,CONT_IMP_EU,SITC5,EXT_EU27_2020,SK	0.4 	0.4 	0.4 	0.3 	0.3 	0.3 	0.4 	0.3 	0.3 	0.3 	0.3 	0.3 	0.3 	0.3 	0.3 	0.3 	0.3 	0.3 	0.3 	0.3 	0.2 	0.2 	0.2 	0.2 
A,CONT_IMP_EU,SITC6_8,EU27_2020,AT	5.4 	5.5 	5.5 	5.3 	5.1 	5.0 	5.1 	5.3 	5.3 	5.5 	5.5 	5.4 	5.2 	5.2 	5.1 	5.1 	5.1 	5.1 	5.1 	5.1 	4.8 	4.7 	4.8 	4.6 
A,CONT_IMP_EU,SITC6_8,EU27_2020,BE	7.7 	7.4 	7.3 	7.1 	6.8 	6.7 	6.6 	6.9 	6.4 	6.4 	6.4 	6.2 	6.1 	5.7 	5.6 	5.6 	5.5 	5.3 	5.5 	5.4 	5.3 	5.2 	5.0 	5.0 
A,CONT_IMP_EU,SITC6_8,EU27_2020,BG	0.4 	0.5 	0.5 	0.5 	0.5 	0.6 	0.6 	0.6 	0.6 	0.6 	0.6 	0.6 	0.6 	0.6 	0.6 	0.6 	0.6 	0.6 	0.6 	0.6 	0.7 	0.7 	0.7 	0.6 
A,CONT_IMP_EU,SITC6_8,EU27_2020,CY	0.2 	0.2 	0.2 	0.2 	0.2 	0.2 	0.2 	0.2 	0.2 	0.2 	0.2 	0.1 	0.1 	0.1 	0.1 	0.1 	0.2 	0.2 	0.2 	0.2 	0.2 	0.2 	0.2 	0.2 
A,CONT_IMP_EU,SITC6_8,EU27_2020,CZ	2.6 	2.6 	3.2 	3.4 	3.5 	3.6 	3.8 	3.7 	3.9 	4.0 	4.1 	4.2 	4.2 	4.4 	4.4 	4.6 	4.6 	4.5 	4.4 	4.4 	4.4 	4.5 	4.6 	4.8 
A,CONT_IMP_EU,SITC6_8,EU27_2020,DE	20.7 	20.5 	19.7 	20.2 	20.5 	20.5 	20.6 	20.6 	21.5 	22.4 	22.7 	22.8 	22.9 	23.0 	22.9 	22.8 	22.8 	22.4 	22.5 	22.4 	22.1 	21.6 	21.3 	22.0 
A,CONT_IMP_EU,SITC6_8,EU27_2020,DK	2.8 	2.6 	2.5 	2.5 	2.6 	2.5 	2.5 	2.3 	2.1 	2.1 	2.2 	2.2 	2.1 	2.1 	2.1 	2.0 	2.0 	2.0 	2.2 	2.1 	2.1 	2.0 	2.0 	2.1 
A,CONT_IMP_EU,SITC6_8,EU27_2020,EE	0.3 	0.3 	0.3 	0.4 	0.4 	0.4 	0.4 	0.3 	0.4 	0.4 	0.4 	0.4 	0.4 	0.4 	0.4 	0.4 	0.4 	0.4 	0.4 	0.4 	0.5 	0.4 	0.4 	0.4 
A,CONT_IMP_EU,SITC6_8,EU27_2020,EL	1.6 	1.7 	1.7 	1.6 	1.6 	1.6 	1.7 	1.7 	1.3 	1.0 	0.9 	0.9 	0.9 	0.8 	0.9 	0.9 	0.9 	0.9 	0.9 	0.9 	1.0 	1.0 	1.1 	1.1 
A,CONT_IMP_EU,SITC6_8,EU27_2020,ES	6.9 	7.1 	7.1 	7.0 	6.8 	6.8 	6.6 	6.5 	6.2 	5.9 	5.6 	5.5 	5.7 	5.8 	5.9 	5.7 	5.6 	5.9 	5.6 	5.5 	5.8 	6.2 	6.4 	6.4 
A,CONT_IMP_EU,SITC6_8,EU27_2020,EU27_2020	100.0 	100.0 	100.0 	100.0 	100.0 	100.0 	100.0 	100.0 	100.0 	100.0 	100.0 	100.0 	100.0 	100.0 	100.0 	100.0 	100.0 	100.0 	100.0 	100.0 	100.0 	100.0 	100.0 	100.0 
A,CONT_IMP_EU,SITC6_8,EU27_2020,FI	1.4 	1.5 	1.5 	1.5 	1.5 	1.5 	1.5 	1.5 	1.5 	1.5 	1.6 	1.6 	1.5 	1.5 	1.4 	1.4 	1.4 	1.5 	1.5 	1.4 	1.5 	1.4 	1.4 	1.3 
A,CONT_IMP_EU,SITC6_8,EU27_2020,FR	15.5 	15.8 	15.6 	15.1 	14.6 	14.5 	14.5 	15.1 	14.8 	14.6 	14.7 	14.7 	14.2 	14.1 	13.8 	13.6 	13.5 	13.5 	13.0 	13.0 	12.7 	12.8 	12.3 	11.9 
A,CONT_IMP_EU,SITC6_8,EU27_2020,HR	0.7 	0.7 	0.7 	0.7 	0.7 	0.7 	0.6 	0.6 	0.5 	0.5 	0.5 	0.6 	0.7 	0.7 	0.7 	0.7 	0.7 	0.8 	0.8 	0.8 	0.8 	0.9 	1.0 	1.0 
A,CONT_IMP_EU,SITC6_8,EU27_2020,HU	1.9 	2.0 	2.0 	2.0 	2.0 	2.1 	2.1 	2.0 	2.0 	2.1 	2.1 	2.2 	2.3 	2.3 	2.4 	2.4 	2.4 	2.4 	2.4 	2.4 	2.3 	2.2 	2.1 	2.0 
A,CONT_IMP_EU,SITC6_8,EU27_2020,IE	0.6 	0.5 	0.5 	0.6 	0.5 	0.5 	0.5 	0.5 	0.4 	0.4 	0.4 	0.4 	0.4 	0.5 	0.5 	0.5 	0.5 	0.5 	0.6 	0.7 	0.7 	0.7 	0.8 	0.7 
A,CONT_IMP_EU,SITC6_8,EU27_2020,IT	9.6 	9.3 	9.7 	9.4 	9.5 	9.2 	8.7 	8.4 	8.9 	8.8 	8.4 	8.3 	8.3 	8.3 	8.1 	8.1 	8.1 	8.0 	7.6 	8.0 	8.7 	8.9 	8.8 	8.5 
A,CONT_IMP_EU,SITC6_8,EU27_2020,LT	0.3 	0.3 	0.4 	0.4 	0.5 	0.5 	0.5 	0.4 	0.4 	0.5 	0.5 	0.6 	0.6 	0.6 	0.6 	0.6 	0.6 	0.7 	0.7 	0.7 	0.7 	0.7 	0.7 	0.7 
A,CONT_IMP_EU,SITC6_8,EU27_2020,LU	0.8 	0.8 	0.9 	0.8 	0.7 	0.7 	0.7 	0.7 	0.7 	0.7 	0.7 	0.7 	0.6 	0.6 	0.6 	0.6 	0.6 	0.6 	0.6 	0.5 	0.5 	0.5 	0.5 	0.5 
A,CONT_IMP_EU,SITC6_8,EU27_2020,LV	0.3 	0.3 	0.3 	0.3 	0.4 	0.4 	0.4 	0.3 	0.3 	0.4 	0.4 	0.5 	0.4 	0.4 	0.4 	0.4 	0.4 	0.4 	0.4 	0.4 	0.4 	0.5 	0.4 	0.4 
A,CONT_IMP_EU,SITC6_8,EU27_2020,MT	0.1 	0.1 	0.1 	0.1 	0.1 	0.1 	0.1 	0.1 	0.1 	0.1 	0.1 	0.1 	0.1 	0.1 	0.1 	0.1 	0.1 	0.1 	0.1 	0.1 	0.1 	0.1 	0.1 	0.1 
A,CONT_IMP_EU,SITC6_8,EU27_2020,NL	8.2 	7.9 	7.4 	7.3 	7.4 	7.1 	7.2 	7.4 	7.1 	7.0 	6.9 	6.9 	6.8 	7.0 	7.3 	7.3 	7.3 	7.5 	7.8 	7.6 	7.5 	7.6 	7.7 	7.6 
A,CONT_IMP_EU,SITC6_8,EU27_2020,PL	3.2 	3.3 	3.7 	4.0 	4.2 	4.6 	4.9 	4.8 	5.3 	5.2 	5.2 	5.3 	5.6 	5.8 	5.7 	6.1 	6.3 	6.3 	6.8 	7.0 	6.8 	6.7 	7.1 	7.4 
A,CONT_IMP_EU,SITC6_8,EU27_2020,PT	2.5 	2.4 	2.2 	2.4 	2.3 	2.2 	2.2 	2.4 	2.3 	2.0 	1.9 	1.9 	2.0 	2.0 	2.0 	2.0 	2.0 	2.0 	1.9 	1.9 	2.0 	2.1 	2.1 	2.2 
A,CONT_IMP_EU,SITC6_8,EU27_2020,RO	1.5 	1.6 	1.6 	1.7 	1.7 	2.0 	2.1 	1.9 	2.0 	2.0 	2.0 	2.1 	2.2 	2.2 	2.2 	2.3 	2.4 	2.4 	2.4 	2.3 	2.4 	2.5 	2.5 	2.4 
A,CONT_IMP_EU,SITC6_8,EU27_2020,SE	3.0 	3.0 	3.2 	3.3 	3.2 	3.2 	3.1 	2.9 	3.2 	3.2 	3.2 	3.1 	2.9 	3.0 	3.1 	3.1 	3.0 	3.0 	3.1 	3.1 	3.0 	2.8 	2.8 	2.8 
A,CONT_IMP_EU,SITC6_8,EU27_2020,SI	0.8 	0.8 	0.9 	0.9 	0.9 	1.0 	0.9 	0.9 	0.9 	0.9 	0.8 	0.8 	0.8 	0.8 	0.8 	0.8 	0.9 	0.9 	0.9 	0.9 	0.9 	0.9 	0.9 	0.9 
A,CONT_IMP_EU,SITC6_8,EU27_2020,SK	1.0 	1.1 	1.3 	1.4 	1.6 	1.7 	1.8 	1.8 	1.8 	1.9 	2.1 	2.1 	2.1 	2.1 	2.2 	2.2 	2.2 	2.2 	2.1 	2.1 	2.1 	2.2 	2.2 	2.2 
A,CONT_IMP_EU,SITC6_8,EXT_EU27_2020,AT	1.8 	1.9 	1.8 	1.9 	1.8 	1.9 	1.9 	2.0 	1.9 	2.0 	1.9 	2.0 	2.0 	2.0 	2.0 	1.9 	1.9 	1.9 	1.9 	1.8 	1.8 	2.1 	1.6 	1.7 
A,CONT_IMP_EU,SITC6_8,EXT_EU27_2020,BE	12.3 	11.1 	11.3 	11.4 	10.5 	10.8 	10.4 	10.1 	10.4 	11.1 	11.1 	11.2 	11.1 	10.5 	10.6 	10.0 	9.7 	9.0 	8.5 	8.9 	8.8 	8.2 	7.5 	6.9 
A,CONT_IMP_EU,SITC6_8,EXT_EU27_2020,BG	0.3 	0.4 	0.5 	0.6 	0.6 	0.6 	0.7 	0.5 	0.4 	0.5 	0.5 	0.6 	0.6 	0.6 	0.6 	0.7 	0.7 	0.7 	0.7 	0.8 	0.9 	0.9 	1.0 	1.0 
A,CONT_IMP_EU,SITC6_8,EXT_EU27_2020,CY	0.3 	0.3 	0.2 	0.2 	0.2 	0.2 	0.2 	0.2 	0.2 	0.1 	0.1 	0.1 	0.1 	0.1 	0.1 	0.1 	0.1 	0.1 	0.1 	0.1 	0.1 	0.1 	0.1 	0.1 
A,CONT_IMP_EU,SITC6_8,EXT_EU27_2020,CZ	1.3 	1.3 	1.2 	1.0 	1.1 	1.2 	1.5 	1.4 	1.4 	1.4 	1.4 	1.4 	1.5 	1.5 	1.7 	1.7 	1.6 	1.6 	1.7 	1.7 	1.7 	1.7 	1.8 	1.9 
A,CONT_IMP_EU,SITC6_8,EXT_EU27_2020,DE	23.6 	23.6 	23.1 	22.6 	22.4 	22.5 	22.9 	24.2 	23.8 	24.3 	24.4 	24.2 	23.6 	23.7 	23.3 	22.9 	22.5 	22.3 	23.4 	21.7 	20.8 	20.4 	19.9 	19.6 
A,CONT_IMP_EU,SITC6_8,EXT_EU27_2020,DK	2.2 	2.3 	2.3 	2.4 	2.3 	2.2 	2.3 	2.4 	2.2 	2.1 	2.1 	2.1 	2.1 	2.1 	2.0 	2.0 	1.9 	1.9 	2.0 	2.1 	2.0 	1.9 	2.0 	2.0 
A,CONT_IMP_EU,SITC6_8,EXT_EU27_2020,EE	0.2 	0.2 	0.2 	0.2 	0.2 	0.2 	0.2 	0.1 	0.1 	0.2 	0.2 	0.2 	0.2 	0.2 	0.2 	0.2 	0.2 	0.2 	0.2 	0.2 	0.2 	0.2 	0.2 	0.2 
A,CONT_IMP_EU,SITC6_8,EXT_EU27_2020,EL	1.4 	1.5 	1.7 	1.6 	1.6 	1.8 	1.7 	1.6 	1.3 	1.1 	0.9 	1.0 	1.0 	0.9 	1.0 	1.0 	1.1 	1.2 	1.1 	1.2 	1.4 	1.4 	1.4 	1.3 
A,CONT_IMP_EU,SITC6_8,EXT_EU27_2020,ES	6.1 	6.8 	7.1 	7.4 	7.6 	7.6 	7.1 	6.9 	6.8 	6.5 	6.3 	6.4 	6.8 	7.2 	7.4 	7.8 	7.8 	7.9 	7.5 	7.4 	7.5 	7.4 	8.2 	8.6 
A,CONT_IMP_EU,SITC6_8,EXT_EU27_2020,EU27_2020	100.0 	100.0 	100.0 	100.0 	100.0 	100.0 	100.0 	100.0 	100.0 	100.0 	100.0 	100.0 	100.0 	100.0 	100.0 	100.0 	100.0 	100.0 	100.0 	100.0 	100.0 	100.0 	100.0 	100.0 
A,CONT_IMP_EU,SITC6_8,EXT_EU27_2020,FI	1.0 	1.0 	1.0 	1.0 	1.0 	1.0 	1.0 	1.0 	0.9 	1.0 	1.0 	0.9 	0.9 	0.8 	0.8 	1.0 	1.0 	0.8 	0.8 	0.9 	0.9 	0.6 	0.6 	0.6 
A,CONT_IMP_EU,SITC6_8,EXT_EU27_2020,FR	13.1 	12.6 	12.4 	12.2 	11.4 	10.8 	11.0 	12.3 	12.0 	11.8 	12.4 	12.5 	12.3 	12.1 	11.9 	11.6 	11.6 	12.3 	12.1 	10.7 	10.5 	11.1 	11.3 	10.9 
A,CONT_IMP_EU,SITC6_8,EXT_EU27_2020,HR	0.3 	0.4 	0.4 	0.5 	0.5 	0.5 	0.6 	0.6 	0.5 	0.5 	0.5 	0.4 	0.3 	0.3 	0.3 	0.3 	0.3 	0.3 	0.4 	0.4 	0.4 	0.4 	0.5 	0.5 
A,CONT_IMP_EU,SITC6_8,EXT_EU27_2020,HU	1.1 	1.1 	1.0 	0.9 	0.7 	0.7 	0.7 	0.7 	0.6 	0.6 	0.8 	0.8 	0.8 	0.8 	0.8 	1.0 	1.0 	1.1 	1.4 	1.0 	1.2 	1.3 	1.2 	1.3 
A,CONT_IMP_EU,SITC6_8,EXT_EU27_2020,IE	3.6 	3.7 	3.4 	3.4 	3.1 	2.9 	2.6 	2.6 	2.2 	1.9 	2.1 	2.1 	2.1 	2.3 	2.2 	2.1 	2.2 	2.3 	2.6 	2.5 	2.5 	2.8 	3.0 	2.8 
A,CONT_IMP_EU,SITC6_8,EXT_EU27_2020,IT	12.1 	12.3 	12.9 	12.9 	13.9 	13.7 	13.4 	12.1 	12.9 	12.7 	11.5 	11.7 	11.7 	11.6 	11.1 	11.3 	11.3 	11.0 	10.4 	11.2 	11.5 	11.4 	10.8 	10.9 
A,CONT_IMP_EU,SITC6_8,EXT_EU27_2020,LT	0.3 	0.3 	0.3 	0.3 	0.3 	0.3 	0.3 	0.2 	0.2 	0.3 	0.3 	0.3 	0.4 	0.3 	0.3 	0.3 	0.4 	0.4 	0.4 	0.5 	0.4 	0.3 	0.4 	0.4 
A,CONT_IMP_EU,SITC6_8,EXT_EU27_2020,LU	0.2 	0.2 	0.2 	0.2 	0.2 	0.2 	0.1 	0.2 	0.2 	0.2 	0.3 	0.3 	0.3 	0.3 	0.3 	0.3 	0.2 	0.1 	0.1 	0.1 	0.1 	0.1 	0.1 	0.1 
A,CONT_IMP_EU,SITC6_8,EXT_EU27_2020,LV	0.1 	0.2 	0.2 	0.2 	0.2 	0.2 	0.2 	0.2 	0.2 	0.3 	0.2 	0.2 	0.2 	0.2 	0.2 	0.2 	0.3 	0.2 	0.3 	0.3 	0.2 	0.2 	0.2 	0.2 
A,CONT_IMP_EU,SITC6_8,EXT_EU27_2020,MT	0.1 	0.1 	0.1 	0.1 	0.1 	0.1 	0.1 	0.1 	0.1 	0.1 	0.1 	0.1 	0.1 	0.1 	0.1 	0.1 	0.1 	0.1 	0.1 	0.1 	0.1 	0.1 	0.1 	0.1 
A,CONT_IMP_EU,SITC6_8,EXT_EU27_2020,NL	11.0 	11.1 	11.2 	11.5 	12.2 	12.0 	12.2 	12.3 	13.0 	12.7 	12.8 	12.8 	13.1 	13.2 	13.3 	13.4 	13.7 	13.8 	13.1 	14.4 	15.2 	15.5 	15.7 	15.8 
A,CONT_IMP_EU,SITC6_8,EXT_EU27_2020,PL	1.9 	1.9 	1.7 	1.7 	1.8 	2.2 	2.5 	2.4 	2.4 	2.5 	2.6 	2.6 	3.0 	3.1 	3.5 	3.8 	4.1 	4.3 	4.7 	5.3 	5.1 	5.1 	5.7 	6.1 
A,CONT_IMP_EU,SITC6_8,EXT_EU27_2020,PT	1.0 	1.0 	1.0 	0.9 	0.9 	0.9 	0.8 	0.8 	0.8 	0.7 	0.6 	0.7 	0.7 	0.7 	0.7 	0.8 	0.8 	0.9 	0.8 	0.9 	0.9 	0.9 	1.0 	1.0 
A,CONT_IMP_EU,SITC6_8,EXT_EU27_2020,RO	0.7 	0.8 	0.9 	1.0 	1.1 	1.2 	1.4 	1.0 	1.0 	1.0 	1.0 	1.0 	1.1 	1.1 	1.2 	1.3 	1.4 	1.4 	1.5 	1.6 	1.5 	1.7 	1.8 	1.9 
A,CONT_IMP_EU,SITC6_8,EXT_EU27_2020,SE	3.2 	3.2 	3.2 	3.2 	3.1 	3.4 	3.2 	3.1 	3.2 	3.2 	3.3 	3.0 	2.9 	2.9 	2.8 	2.8 	2.7 	2.7 	2.7 	2.9 	2.9 	2.5 	2.5 	2.6 
A,CONT_IMP_EU,SITC6_8,EXT_EU27_2020,SI	0.3 	0.4 	0.3 	0.3 	0.3 	0.4 	0.4 	0.4 	0.5 	0.5 	0.5 	0.5 	0.5 	0.5 	0.5 	0.6 	0.7 	0.6 	0.7 	0.8 	0.7 	0.7 	0.7 	0.7 
A,CONT_IMP_EU,SITC6_8,EXT_EU27_2020,SK	0.4 	0.5 	0.4 	0.5 	0.7 	0.5 	0.6 	0.7 	0.8 	0.8 	1.1 	1.1 	1.1 	1.0 	1.0 	0.8 	0.7 	0.7 	0.6 	0.6 	0.7 	0.8 	0.9 	0.9 
A,CONT_IMP_EU,SITC7,EU27_2020,AT	4.7 	5.0 	5.2 	4.5 	4.2 	4.3 	4.3 	4.3 	4.3 	4.5 	4.6 	4.7 	4.4 	4.2 	4.3 	4.3 	4.2 	4.2 	4.1 	4.3 	4.1 	4.1 	4.0 	4.0 
A,CONT_IMP_EU,SITC7,EU27_2020,BE	7.2 	7.0 	6.8 	6.5 	6.1 	6.1 	6.3 	6.4 	6.3 	6.5 	6.6 	6.4 	6.0 	5.6 	6.1 	5.9 	5.7 	5.9 	5.9 	5.5 	5.4 	5.9 	5.4 	5.2 
A,CONT_IMP_EU,SITC7,EU27_2020,BG	0.3 	0.3 	0.4 	0.4 	0.5 	0.6 	0.7 	0.5 	0.5 	0.5 	0.6 	0.6 	0.6 	0.6 	0.6 	0.6 	0.6 	0.6 	0.6 	0.7 	0.8 	0.8 	0.7 	0.7 
A,CONT_IMP_EU,SITC7,EU27_2020,CY	0.1 	0.1 	0.1 	0.1 	0.1 	0.1 	0.1 	0.1 	0.2 	0.1 	0.1 	0.1 	0.1 	0.1 	0.2 	0.1 	0.1 	0.1 	0.1 	0.1 	0.1 	0.1 	0.1 	0.1 
A,CONT_IMP_EU,SITC7,EU27_2020,CZ	2.2 	2.2 	3.0 	3.0 	3.3 	3.5 	3.6 	3.5 	3.8 	3.9 	4.0 	4.0 	4.3 	4.4 	4.2 	4.4 	4.5 	4.5 	4.7 	4.6 	4.6 	4.4 	4.4 	4.5 
A,CONT_IMP_EU,SITC7,EU27_2020,DE	21.5 	21.7 	20.6 	21.1 	21.7 	21.0 	20.7 	23.0 	22.9 	23.3 	24.0 	24.1 	24.4 	24.1 	23.8 	23.6 	23.4 	23.5 	23.9 	23.4 	23.7 	23.7 	23.4 	23.6 
A,CONT_IMP_EU,SITC7,EU27_2020,DK	2.3 	2.1 	2.0 	2.2 	2.3 	2.3 	2.2 	2.1 	1.9 	1.9 	2.1 	2.1 	2.0 	2.0 	2.0 	1.9 	2.0 	2.0 	2.2 	2.1 	2.0 	1.9 	2.0 	2.2 
A,CONT_IMP_EU,SITC7,EU27_2020,EE	0.2 	0.2 	0.3 	0.4 	0.4 	0.4 	0.4 	0.2 	0.3 	0.4 	0.5 	0.5 	0.5 	0.4 	0.4 	0.4 	0.4 	0.4 	0.4 	0.4 	0.5 	0.4 	0.4 	0.5 
A,CONT_IMP_EU,SITC7,EU27_2020,EL	1.3 	1.4 	1.5 	1.3 	1.3 	1.4 	1.4 	1.3 	0.9 	0.7 	0.6 	0.5 	0.6 	0.5 	0.5 	0.5 	0.6 	0.6 	0.6 	0.8 	0.8 	0.8 	0.9 	0.9 
A,CONT_IMP_EU,SITC7,EU27_2020,ES	9.0 	9.3 	9.5 	9.5 	9.2 	9.2 	8.1 	7.2 	6.8 	6.6 	5.9 	6.2 	6.7 	7.0 	6.9 	6.8 	6.8 	6.4 	6.0 	6.0 	6.2 	6.2 	6.5 	6.6 
A,CONT_IMP_EU,SITC7,EU27_2020,EU27_2020	100.0 	100.0 	100.0 	100.0 	100.0 	100.0 	100.0 	100.0 	100.0 	100.0 	100.0 	100.0 	100.0 	100.0 	100.0 	100.0 	100.0 	100.0 	100.0 	100.0 	100.0 	100.0 	100.0 	100.0 
A,CONT_IMP_EU,SITC7,EU27_2020,FI	1.8 	1.7 	1.7 	2.0 	1.9 	1.8 	1.9 	1.6 	1.6 	1.7 	1.7 	1.7 	1.7 	1.7 	1.7 	1.8 	1.7 	1.7 	1.8 	1.8 	1.6 	1.4 	1.4 	1.5 
A,CONT_IMP_EU,SITC7,EU27_2020,FR	16.7 	16.7 	15.7 	14.9 	14.5 	14.2 	14.4 	15.5 	15.1 	15.0 	15.0 	14.6 	14.0 	13.6 	13.4 	13.0 	12.6 	12.5 	12.1 	11.8 	11.3 	11.3 	11.1 	10.7 
A,CONT_IMP_EU,SITC7,EU27_2020,HR	0.5 	0.6 	0.5 	0.5 	0.5 	0.5 	0.6 	0.4 	0.3 	0.3 	0.3 	0.3 	0.4 	0.4 	0.4 	0.5 	0.5 	0.5 	0.5 	0.5 	0.6 	0.6 	0.7 	0.7 
A,CONT_IMP_EU,SITC7,EU27_2020,HU	2.2 	2.2 	2.5 	2.7 	2.9 	2.8 	2.9 	2.6 	2.8 	2.8 	2.9 	3.1 	3.2 	3.3 	3.2 	3.3 	3.3 	3.2 	3.2 	3.2 	3.3 	3.2 	3.2 	3.2 
A,CONT_IMP_EU,SITC7,EU27_2020,IE	1.1 	1.0 	1.1 	1.1 	1.1 	1.0 	0.8 	0.6 	0.8 	0.8 	0.9 	0.9 	1.2 	1.4 	1.6 	1.7 	1.5 	1.7 	1.5 	1.5 	1.6 	1.7 	1.9 	1.7 
A,CONT_IMP_EU,SITC7,EU27_2020,IT	10.7 	10.3 	10.2 	9.9 	9.5 	9.4 	9.0 	9.1 	9.4 	8.4 	7.3 	6.9 	6.9 	7.3 	7.5 	7.6 	7.5 	7.3 	7.0 	7.5 	7.8 	7.8 	7.5 	7.4 
A,CONT_IMP_EU,SITC7,EU27_2020,LT	0.3 	0.3 	0.4 	0.4 	0.5 	0.6 	0.6 	0.3 	0.4 	0.5 	0.6 	0.6 	0.6 	0.6 	0.6 	0.7 	0.7 	0.7 	0.7 	0.7 	0.8 	0.8 	0.7 	0.7 
A,CONT_IMP_EU,SITC7,EU27_2020,LU	0.6 	0.5 	0.5 	0.6 	0.5 	0.5 	0.5 	0.6 	0.5 	0.5 	0.5 	0.5 	0.5 	0.4 	0.5 	0.5 	0.5 	0.5 	0.5 	0.5 	0.4 	0.4 	0.5 	0.4 
A,CONT_IMP_EU,SITC7,EU27_2020,LV	0.2 	0.2 	0.2 	0.3 	0.4 	0.4 	0.3 	0.2 	0.2 	0.3 	0.4 	0.4 	0.4 	0.4 	0.3 	0.3 	0.3 	0.3 	0.4 	0.4 	0.4 	0.4 	0.4 	0.4 
A,CONT_IMP_EU,SITC7,EU27_2020,MT	0.1 	0.1 	0.1 	0.1 	0.1 	0.1 	0.1 	0.1 	0.1 	0.1 	0.1 	0.1 	0.1 	0.1 	0.1 	0.1 	0.1 	0.1 	0.1 	0.1 	0.1 	0.1 	0.1 	0.1 
A,CONT_IMP_EU,SITC7,EU27_2020,NL	6.6 	6.4 	6.3 	6.0 	5.9 	5.9 	6.2 	6.2 	6.2 	6.2 	6.3 	6.2 	6.0 	6.2 	6.0 	6.1 	6.3 	6.6 	6.8 	6.7 	6.7 	6.5 	6.6 	6.6 
A,CONT_IMP_EU,SITC7,EU27_2020,PL	2.7 	2.7 	3.3 	3.4 	3.8 	4.0 	4.7 	4.3 	4.4 	4.4 	4.6 	4.7 	4.8 	4.9 	4.8 	5.0 	5.2 	5.2 	5.5 	5.8 	5.6 	5.7 	6.2 	6.2 
A,CONT_IMP_EU,SITC7,EU27_2020,PT	2.2 	2.0 	1.9 	2.2 	2.1 	2.0 	2.1 	2.1 	2.0 	1.6 	1.4 	1.4 	1.5 	1.5 	1.6 	1.7 	1.8 	2.0 	1.7 	1.7 	1.7 	1.8 	1.9 	1.9 
A,CONT_IMP_EU,SITC7,EU27_2020,RO	0.6 	0.7 	0.9 	1.1 	1.3 	1.9 	2.0 	1.5 	1.7 	1.9 	1.9 	2.0 	2.0 	2.1 	2.1 	2.1 	2.2 	2.2 	2.2 	2.3 	2.4 	2.4 	2.5 	2.5 
A,CONT_IMP_EU,SITC7,EU27_2020,SE	3.2 	3.4 	3.5 	3.6 	3.6 	3.6 	3.5 	3.3 	3.9 	4.2 	4.1 	4.0 	3.9 	3.9 	3.9 	3.9 	3.8 	3.6 	3.8 	3.9 	3.8 	3.8 	3.7 	3.6 
A,CONT_IMP_EU,SITC7,EU27_2020,SI	0.6 	0.6 	0.7 	0.7 	0.7 	0.7 	0.8 	0.7 	0.7 	0.7 	0.6 	0.6 	0.6 	0.6 	0.7 	0.7 	0.8 	0.7 	0.7 	0.8 	0.8 	0.7 	0.7 	0.8 
A,CONT_IMP_EU,SITC7,EU27_2020,SK	0.9 	1.1 	1.3 	1.3 	1.6 	1.7 	1.9 	1.9 	2.0 	2.2 	2.5 	2.6 	2.6 	2.7 	2.7 	2.6 	2.8 	2.8 	2.9 	2.8 	2.8 	2.9 	2.9 	3.0 
A,CONT_IMP_EU,SITC7,EXT_EU27_2020,AT	2.1 	2.1 	1.9 	2.1 	1.9 	2.0 	2.0 	1.9 	1.9 	2.0 	2.2 	2.5 	2.5 	2.2 	2.2 	2.3 	2.3 	2.2 	2.1 	2.1 	2.0 	1.9 	1.9 	1.9 
A,CONT_IMP_EU,SITC7,EXT_EU27_2020,BE	5.6 	5.6 	5.8 	5.6 	5.6 	6.0 	6.2 	5.9 	5.3 	5.8 	5.8 	5.9 	6.2 	5.9 	6.1 	5.8 	5.6 	6.0 	5.5 	5.5 	5.9 	6.3 	6.2 	5.5 
A,CONT_IMP_EU,SITC7,EXT_EU27_2020,BG	0.2 	0.2 	0.3 	0.4 	0.4 	0.3 	0.4 	0.3 	0.2 	0.3 	0.3 	0.3 	0.4 	0.3 	0.3 	0.4 	0.4 	0.4 	0.4 	0.4 	0.5 	0.5 	0.5 	0.6 
A,CONT_IMP_EU,SITC7,EXT_EU27_2020,CY	0.1 	0.1 	0.2 	0.1 	0.1 	0.2 	0.2 	0.2 	0.1 	0.1 	0.1 	0.1 	0.3 	0.3 	0.3 	0.4 	0.4 	0.2 	0.3 	0.2 	0.2 	0.3 	0.2 	0.2 
A,CONT_IMP_EU,SITC7,EXT_EU27_2020,CZ	1.8 	2.0 	1.5 	1.2 	1.5 	1.9 	2.3 	2.4 	3.1 	3.5 	3.3 	3.1 	3.3 	3.7 	3.5 	3.7 	4.1 	4.1 	4.6 	4.3 	4.9 	4.8 	5.2 	4.8 
A,CONT_IMP_EU,SITC7,EXT_EU27_2020,DE	25.3 	25.6 	26.5 	26.3 	27.2 	26.6 	26.0 	26.2 	28.4 	28.3 	27.5 	27.1 	26.5 	26.0 	26.0 	26.0 	25.7 	25.2 	25.1 	24.2 	23.6 	23.9 	22.5 	22.3 
A,CONT_IMP_EU,SITC7,EXT_EU27_2020,DK	2.0 	1.7 	1.9 	1.8 	1.8 	1.5 	1.6 	1.9 	1.4 	1.3 	1.3 	1.4 	1.5 	1.4 	1.2 	1.3 	1.3 	1.1 	1.1 	1.2 	1.2 	1.1 	1.3 	1.4 
A,CONT_IMP_EU,SITC7,EXT_EU27_2020,EE	0.2 	0.3 	0.2 	0.2 	0.2 	0.2 	0.1 	0.1 	0.1 	0.2 	0.3 	0.3 	0.2 	0.2 	0.2 	0.2 	0.2 	0.2 	0.2 	0.2 	0.2 	0.1 	0.2 	0.2 
A,CONT_IMP_EU,SITC7,EXT_EU27_2020,EL	1.7 	2.2 	1.6 	1.2 	1.4 	1.6 	1.6 	2.2 	0.9 	0.5 	0.6 	0.5 	0.5 	0.5 	0.5 	0.5 	0.5 	0.6 	0.6 	0.7 	0.8 	0.7 	0.8 	0.8 
A,CONT_IMP_EU,SITC7,EXT_EU27_2020,ES	4.7 	5.2 	5.8 	6.4 	6.6 	6.3 	6.0 	4.6 	5.0 	4.5 	4.2 	4.2 	4.5 	4.9 	5.1 	5.2 	4.9 	5.0 	4.8 	4.6 	5.0 	5.4 	5.5 	5.7 
A,CONT_IMP_EU,SITC7,EXT_EU27_2020,EU27_2020	100.0 	100.0 	100.0 	100.0 	100.0 	100.0 	100.0 	100.0 	100.0 	100.0 	100.0 	100.0 	100.0 	100.0 	100.0 	100.0 	100.0 	100.0 	100.0 	100.0 	100.0 	100.0 	100.0 	100.0 
A,CONT_IMP_EU,SITC7,EXT_EU27_2020,FI	1.3 	1.4 	1.4 	1.5 	1.7 	1.8 	1.7 	1.2 	1.0 	1.1 	1.0 	0.8 	0.8 	0.7 	0.7 	0.7 	0.7 	0.7 	0.6 	0.7 	0.8 	0.8 	0.7 	0.7 
A,CONT_IMP_EU,SITC7,EXT_EU27_2020,FR	15.2 	14.3 	14.4 	13.8 	11.5 	10.8 	10.6 	11.4 	10.9 	11.5 	12.1 	12.3 	11.6 	11.4 	11.8 	11.2 	11.3 	11.3 	9.9 	10.0 	9.7 	10.0 	10.2 	10.5 
A,CONT_IMP_EU,SITC7,EXT_EU27_2020,HR	0.3 	0.3 	0.3 	0.3 	0.4 	0.4 	0.5 	0.4 	0.3 	0.3 	0.3 	0.3 	0.1 	0.1 	0.1 	0.1 	0.2 	0.2 	0.2 	0.2 	0.2 	0.2 	0.3 	0.3 
A,CONT_IMP_EU,SITC7,EXT_EU27_2020,HU	2.5 	2.8 	2.7 	2.4 	2.6 	3.1 	3.0 	3.1 	3.1 	2.8 	2.6 	2.6 	2.2 	2.2 	2.2 	2.1 	2.1 	2.4 	2.7 	2.8 	2.5 	2.4 	2.5 	2.6 
A,CONT_IMP_EU,SITC7,EXT_EU27_2020,IE	6.4 	4.5 	3.9 	4.1 	3.7 	3.6 	3.1 	2.9 	2.3 	2.6 	2.8 	2.7 	3.0 	2.9 	3.1 	3.1 	3.8 	3.2 	2.9 	3.3 	3.6 	3.4 	3.6 	4.0 
A,CONT_IMP_EU,SITC7,EXT_EU27_2020,IT	7.9 	7.6 	7.6 	7.2 	7.0 	6.9 	7.0 	7.1 	7.8 	7.9 	6.8 	6.8 	6.8 	6.7 	6.9 	6.6 	6.5 	6.3 	6.1 	6.4 	6.6 	6.6 	6.7 	6.3 
A,CONT_IMP_EU,SITC7,EXT_EU27_2020,LT	0.3 	0.3 	0.2 	0.2 	0.2 	0.3 	0.3 	0.1 	0.2 	0.2 	0.2 	0.2 	0.3 	0.2 	0.2 	0.2 	0.2 	0.2 	0.2 	0.2 	0.2 	0.2 	0.3 	0.3 
A,CONT_IMP_EU,SITC7,EXT_EU27_2020,LU	0.6 	0.9 	0.9 	1.1 	1.6 	1.1 	1.2 	1.3 	0.6 	0.6 	0.8 	0.7 	0.6 	0.8 	0.5 	0.3 	0.2 	0.4 	0.2 	0.2 	0.1 	0.1 	0.1 	0.3 
A,CONT_IMP_EU,SITC7,EXT_EU27_2020,LV	0.1 	0.1 	0.1 	0.1 	0.1 	0.1 	0.1 	0.1 	0.1 	0.1 	0.1 	0.1 	0.1 	0.1 	0.1 	0.2 	0.1 	0.1 	0.2 	0.2 	0.2 	0.2 	0.1 	0.2 
A,CONT_IMP_EU,SITC7,EXT_EU27_2020,MT	0.2 	0.2 	0.2 	0.1 	0.2 	0.1 	0.1 	0.2 	0.2 	0.2 	0.2 	0.2 	0.3 	0.3 	0.4 	0.2 	0.2 	0.3 	0.1 	0.2 	0.2 	0.2 	0.2 	0.1 
A,CONT_IMP_EU,SITC7,EXT_EU27_2020,NL	14.7 	15.4 	15.9 	17.0 	16.6 	16.4 	16.6 	17.3 	17.2 	17.2 	18.2 	18.1 	18.2 	19.2 	18.7 	19.6 	19.2 	19.5 	21.6 	20.9 	20.7 	20.3 	19.6 	19.7 
A,CONT_IMP_EU,SITC7,EXT_EU27_2020,PL	2.1 	2.2 	1.8 	1.6 	2.0 	2.3 	2.7 	3.0 	3.1 	2.9 	3.2 	3.7 	3.8 	4.0 	3.6 	3.6 	3.8 	4.2 	4.6 	4.9 	4.5 	4.5 	4.9 	5.1 
A,CONT_IMP_EU,SITC7,EXT_EU27_2020,PT	0.7 	0.8 	0.8 	0.7 	0.6 	0.7 	0.7 	0.7 	0.6 	0.6 	0.5 	0.6 	0.6 	0.6 	0.7 	0.7 	0.6 	0.7 	0.7 	0.7 	0.8 	0.8 	0.8 	0.8 
A,CONT_IMP_EU,SITC7,EXT_EU27_2020,RO	0.5 	0.6 	0.8 	0.9 	1.1 	0.9 	1.0 	0.9 	1.0 	1.0 	0.9 	0.9 	0.9 	0.9 	1.0 	1.1 	1.2 	1.2 	1.2 	1.2 	1.2 	1.2 	1.3 	1.4 
A,CONT_IMP_EU,SITC7,EXT_EU27_2020,SE	2.8 	2.9 	2.8 	2.9 	3.0 	3.1 	3.0 	2.7 	3.0 	3.0 	3.0 	2.9 	2.8 	2.6 	2.5 	2.3 	2.3 	2.2 	2.0 	2.2 	2.0 	1.9 	1.9 	2.1 
A,CONT_IMP_EU,SITC7,EXT_EU27_2020,SI	0.2 	0.3 	0.2 	0.2 	0.3 	0.5 	0.6 	0.5 	0.5 	0.6 	0.5 	0.6 	0.7 	0.6 	0.6 	0.7 	0.8 	0.8 	0.8 	0.9 	1.0 	1.0 	1.0 	1.1 
A,CONT_IMP_EU,SITC7,EXT_EU27_2020,SK	0.4 	0.5 	0.4 	0.4 	0.6 	1.2 	1.3 	1.4 	1.6 	1.3 	1.3 	1.3 	1.3 	1.2 	1.3 	1.3 	1.3 	1.4 	1.4 	1.5 	1.3 	1.3 	1.3 	1.3 
A,CONT_IMP_EU,SITC9,EU27_2020,AT	0.7 	0.6 	0.4 	0.9 	0.5 	-0.1 	-0.7 	1.0 	0.5 	0.7 	1.3 	1.0 	-1.4 	1.8 	0.0 	0.7 	3.4 	1.5 	4.6 	11.8 	9.1 	8.2 	3.4 	9.0 
A,CONT_IMP_EU,SITC9,EU27_2020,BE	0.5 	0.3 	0.4 	2.1 	2.1 	2.0 	3.9 	4.7 	18.5 	17.0 	16.1 	16.8 	21.3 	15.9 	13.4 	15.7 	7.1 	7.5 	4.6 	3.8 	3.3 	5.3 	4.8 	4.4 
A,CONT_IMP_EU,SITC9,EU27_2020,BG	0.6 	0.5 	0.6 	1.3 	0.6 	0.0 	0.2 	0.5 	1.0 	0.4 	0.3 	1.0 	1.4 	1.3 	1.2 	1.3 	1.6 	1.6 	1.5 	1.4 	0.4 	0.1 	0.7 	1.4 
A,CONT_IMP_EU,SITC9,EU27_2020,CY	0.0 	0.0 	0.0 	0.0 	0.0 	0.0 	0.0 	0.0 	0.0 	0.2 	0.1 	0.0 	0.0 	0.0 	0.2 	0.4 	0.7 	0.6 	0.3 	0.2 	0.2 	0.4 	0.5 	0.3 
A,CONT_IMP_EU,SITC9,EU27_2020,CZ	0.0 	0.0 	0.2 	0.3 	0.4 	0.5 	0.8 	0.9 	1.2 	1.3 	1.4 	2.5 	3.1 	2.5 	2.3 	3.0 	4.0 	4.1 	3.8 	4.5 	4.8 	3.0 	2.1 	2.0 
A,CONT_IMP_EU,SITC9,EU27_2020,DE	48.8 	53.7 	74.0 	26.3 	35.7 	35.6 	42.5 	46.0 	42.8 	31.2 	34.4 	39.2 	48.6 	45.8 	49.8 	42.4 	47.2 	41.3 	40.0 	32.9 	26.5 	17.7 	21.6 	22.3 
A,CONT_IMP_EU,SITC9,EU27_2020,DK	3.1 	1.4 	1.8 	4.8 	4.1 	2.5 	2.6 	2.5 	1.7 	1.7 	1.3 	1.7 	3.6 	2.8 	2.5 	2.4 	3.3 	2.9 	1.8 	1.7 	0.4 	0.7 	0.5 	1.0 
A,CONT_IMP_EU,SITC9,EU27_2020,EE	0.0 	0.0 	0.0 	0.0 	0.0 	0.0 	0.0 	0.0 	0.1 	0.2 	0.3 	0.7 	0.7 	0.4 	0.6 	0.3 	0.3 	0.6 	0.5 	0.4 	0.3 	0.3 	0.5 	0.6 
A,CONT_IMP_EU,SITC9,EU27_2020,EL	0.8 	1.3 	1.4 	3.3 	3.1 	2.1 	1.4 	0.4 	6.3 	0.9 	0.3 	0.2 	0.2 	0.8 	0.2 	0.5 	0.3 	0.2 	0.2 	0.1 	0.0 	0.0 	0.0 	0.0 
A,CONT_IMP_EU,SITC9,EU27_2020,ES	2.5 	1.6 	3.0 	4.6 	3.2 	6.4 	3.7 	1.7 	4.9 	6.9 	8.4 	4.5 	3.9 	4.3 	4.7 	5.4 	6.8 	5.8 	4.4 	3.9 	2.9 	4.8 	3.9 	3.3 
A,CONT_IMP_EU,SITC9,EU27_2020,EU27_2020	100.0 	100.0 	100.0 	100.0 	100.0 	100.0 	100.0 	100.0 	100.0 	100.0 	100.0 	100.0 	100.0 	100.0 	100.0 	100.0 	100.0 	100.0 	100.0 	100.0 	100.0 	100.0 	100.0 	100.0 
A,CONT_IMP_EU,SITC9,EU27_2020,FI	3.6 	2.6 	3.9 	-0.1 	-0.3 	-0.2 	-0.1 	0.0 	-0.1 	0.0 	-0.1 	-0.5 	-0.2 	-0.3 	0.0 	0.1 	-0.1 	-0.4 	-0.4 	0.2 	0.5 	1.0 	3.7 	2.8 
A,CONT_IMP_EU,SITC9,EU27_2020,FR	3.5 	2.8 	3.8 	17.5 	8.8 	10.8 	13.2 	14.6 	10.3 	8.2 	10.9 	12.6 	11.9 	10.9 	8.8 	11.2 	14.7 	15.2 	11.5 	11.7 	9.9 	15.4 	15.2 	12.4 
A,CONT_IMP_EU,SITC9,EU27_2020,HR	0.0 	0.1 	0.0 	0.1 	0.1 	0.1 	0.1 	0.2 	0.0 	0.0 	0.0 	0.0 	0.3 	0.1 	0.1 	0.1 	0.2 	0.2 	0.2 	0.3 	1.1 	0.9 	1.0 	1.5 
A,CONT_IMP_EU,SITC9,EU27_2020,HU	0.7 	0.7 	0.4 	1.5 	1.2 	1.0 	1.3 	1.3 	1.0 	1.3 	1.4 	1.8 	1.6 	1.4 	1.4 	1.1 	1.7 	4.1 	3.0 	2.7 	2.9 	4.5 	4.5 	3.6 
A,CONT_IMP_EU,SITC9,EU27_2020,IE	9.2 	5.3 	7.0 	29.4 	25.4 	25.0 	23.9 	21.5 	3.8 	2.4 	2.3 	3.7 	6.6 	5.1 	6.7 	6.7 	7.7 	6.7 	7.5 	3.7 	0.5 	0.6 	0.5 	0.7 
A,CONT_IMP_EU,SITC9,EU27_2020,IT	18.1 	23.4 	0.9 	5.1 	6.4 	2.0 	-0.4 	5.2 	9.2 	14.7 	20.9 	15.1 	13.2 	12.0 	10.8 	8.6 	8.8 	10.1 	8.8 	7.6 	7.2 	13.0 	18.3 	16.4 
A,CONT_IMP_EU,SITC9,EU27_2020,LT	0.1 	0.0 	0.2 	0.0 	0.1 	0.1 	0.1 	0.2 	0.1 	0.1 	0.0 	0.1 	0.1 	0.2 	0.1 	0.1 	0.1 	0.1 	0.1 	0.2 	0.1 	0.0 	0.0 	0.0 
A,CONT_IMP_EU,SITC9,EU27_2020,LU	0.1 	0.1 	0.1 	0.2 	0.3 	0.3 	0.2 	1.7 	1.4 	2.0 	0.5 	0.8 	0.3 	0.3 	0.3 	0.4 	0.4 	0.5 	0.6 	0.3 	0.3 	0.3 	0.1 	0.4 
A,CONT_IMP_EU,SITC9,EU27_2020,LV	0.0 	0.0 	0.6 	0.0 	0.0 	0.0 	0.0 	0.0 	1.1 	0.1 	0.1 	0.2 	0.3 	0.1 	0.1 	0.0 	0.0 	0.0 	0.1 	0.1 	0.2 	0.2 	0.1 	0.2 
A,CONT_IMP_EU,SITC9,EU27_2020,MT	0.0 	0.0 	0.0 	0.1 	0.1 	0.1 	0.1 	0.0 	0.1 	0.1 	0.1 	0.1 	0.0 	0.0 	0.0 	0.0 	0.0 	0.0 	0.0 	0.0 	0.0 	0.0 	0.0 	0.0 
A,CONT_IMP_EU,SITC9,EU27_2020,NL	-3.2 	-1.6 	0.6 	0.1 	4.4 	7.3 	1.2 	-8.8 	-10.1 	4.4 	-6.4 	-11.0 	-23.8 	-11.1 	-7.4 	-8.5 	-16.8 	-10.2 	-2.7 	3.0 	1.3 	2.1 	2.5 	1.9 
A,CONT_IMP_EU,SITC9,EU27_2020,PL	0.1 	0.1 	0.1 	0.2 	1.9 	2.7 	3.5 	3.9 	3.2 	3.9 	4.6 	7.0 	6.1 	3.4 	1.4 	5.5 	5.9 	5.5 	2.6 	6.8 	25.3 	18.5 	13.5 	13.1 
A,CONT_IMP_EU,SITC9,EU27_2020,PT	0.4 	0.3 	0.3 	0.8 	0.5 	0.3 	0.3 	0.3 	0.4 	0.4 	0.3 	0.4 	0.5 	0.4 	0.5 	0.3 	0.3 	0.4 	0.3 	0.2 	0.2 	0.3 	0.3 	0.2 
A,CONT_IMP_EU,SITC9,EU27_2020,RO	0.1 	0.1 	0.0 	0.2 	0.2 	0.0 	0.0 	0.0 	-0.1 	-0.1 	0.0 	-0.1 	-0.1 	-0.1 	-0.1 	-0.1 	0.0 	0.0 	0.0 	0.0 	0.0 	0.2 	0.4 	0.3 
A,CONT_IMP_EU,SITC9,EU27_2020,SE	10.1 	6.5 	0.0 	0.0 	0.0 	0.1 	0.2 	0.0 	0.2 	-0.1 	0.1 	0.2 	0.2 	0.2 	0.4 	0.2 	0.3 	0.2 	0.3 	0.2 	0.2 	0.7 	0.1 	0.2 
A,CONT_IMP_EU,SITC9,EU27_2020,SI	0.0 	0.1 	0.0 	0.1 	0.1 	0.2 	0.5 	0.3 	0.5 	0.7 	0.4 	0.3 	0.2 	0.4 	0.3 	0.4 	0.6 	0.3 	0.8 	1.2 	1.4 	0.9 	1.0 	1.4 
A,CONT_IMP_EU,SITC9,EU27_2020,SK	0.0 	0.0 	0.1 	1.0 	1.0 	1.0 	1.3 	1.8 	1.9 	1.4 	1.1 	1.8 	1.3 	1.4 	1.5 	1.7 	1.6 	1.5 	5.3 	1.1 	0.9 	0.8 	0.7 	0.5 
A,CONT_IMP_EU,SITC9,EXT_EU27_2020,AT	1.0 	1.3 	1.2 	2.6 	1.8 	3.3 	7.0 	9.2 	7.4 	8.8 	7.3 	7.7 	6.7 	7.8 	5.9 	5.5 	5.1 	2.7 	5.4 	6.3 	8.5 	9.1 	4.4 	5.4 
A,CONT_IMP_EU,SITC9,EXT_EU27_2020,BE	0.2 	0.4 	0.5 	0.8 	1.0 	0.8 	9.9 	7.0 	8.1 	10.5 	9.8 	8.0 	9.2 	10.6 	9.2 	10.8 	5.0 	5.4 	3.0 	1.9 	2.5 	3.3 	3.6 	2.8 
A,CONT_IMP_EU,SITC9,EXT_EU27_2020,BG	5.7 	5.4 	8.9 	1.2 	1.4 	0.0 	0.0 	0.0 	0.1 	0.1 	0.0 	0.1 	0.1 	0.1 	0.1 	0.1 	0.1 	0.1 	0.1 	0.1 	0.3 	0.0 	0.2 	0.1 
A,CONT_IMP_EU,SITC9,EXT_EU27_2020,CY	0.0 	0.0 	0.0 	0.0 	0.0 	0.0 	0.0 	0.0 	0.0 	0.1 	0.0 	0.0 	0.0 	0.0 	0.1 	0.1 	0.3 	0.2 	0.2 	0.1 	0.1 	0.4 	0.4 	0.4 
A,CONT_IMP_EU,SITC9,EXT_EU27_2020,CZ	0.0 	0.0 	0.0 	0.0 	0.0 	0.0 	0.0 	0.1 	0.1 	0.1 	0.1 	0.2 	0.2 	0.3 	0.3 	0.3 	0.2 	0.2 	0.4 	0.5 	0.6 	0.5 	1.0 	1.3 
A,CONT_IMP_EU,SITC9,EXT_EU27_2020,DE	24.4 	26.4 	39.8 	39.4 	29.7 	26.7 	22.1 	31.6 	31.8 	37.7 	32.4 	36.2 	32.7 	34.9 	37.2 	37.7 	39.4 	38.7 	42.1 	43.5 	39.8 	24.7 	22.6 	34.5 
A,CONT_IMP_EU,SITC9,EXT_EU27_2020,DK	1.9 	1.4 	2.4 	2.7 	1.1 	2.3 	1.8 	2.0 	1.9 	1.9 	2.1 	1.9 	2.1 	2.0 	2.0 	1.9 	2.2 	2.1 	2.3 	2.4 	0.7 	1.0 	1.5 	1.7 
A,CONT_IMP_EU,SITC9,EXT_EU27_2020,EE	0.0 	0.0 	0.0 	0.0 	0.0 	0.1 	0.1 	0.1 	0.1 	0.3 	0.2 	0.3 	0.3 	0.4 	0.4 	0.4 	0.4 	0.4 	0.6 	0.9 	0.6 	0.4 	0.7 	1.0 
A,CONT_IMP_EU,SITC9,EXT_EU27_2020,EL	1.3 	0.8 	0.5 	1.0 	1.1 	4.7 	0.6 	0.3 	0.3 	0.1 	0.1 	0.1 	0.5 	0.1 	0.1 	0.7 	0.1 	0.9 	0.2 	0.2 	0.1 	0.1 	0.1 	0.1 
A,CONT_IMP_EU,SITC9,EXT_EU27_2020,ES	3.9 	3.7 	5.6 	4.6 	5.3 	4.2 	3.0 	2.1 	3.1 	3.1 	3.3 	1.5 	1.4 	2.1 	2.7 	1.6 	1.4 	2.1 	1.5 	3.0 	2.7 	4.7 	4.4 	4.1 
A,CONT_IMP_EU,SITC9,EXT_EU27_2020,EU27_2020	100.0 	100.0 	100.0 	100.0 	100.0 	100.0 	100.0 	100.0 	100.0 	100.0 	100.0 	100.0 	100.0 	100.0 	100.0 	100.0 	100.0 	100.0 	100.0 	100.0 	100.0 	100.0 	100.0 	100.0 
A,CONT_IMP_EU,SITC9,EXT_EU27_2020,FI	0.3 	0.4 	0.6 	0.1 	0.3 	0.2 	0.2 	0.1 	0.2 	0.1 	0.3 	0.4 	0.2 	0.3 	0.2 	0.1 	0.1 	0.4 	0.6 	0.4 	0.5 	1.1 	1.7 	1.3 
A,CONT_IMP_EU,SITC9,EXT_EU27_2020,FR	6.6 	6.4 	10.1 	12.3 	10.8 	7.9 	6.8 	5.4 	3.5 	3.6 	4.1 	3.9 	5.9 	5.3 	6.3 	6.9 	6.6 	7.9 	5.3 	5.0 	5.7 	11.8 	11.9 	8.8 
A,CONT_IMP_EU,SITC9,EXT_EU27_2020,HR	0.0 	0.0 	0.0 	0.0 	0.0 	0.0 	0.0 	0.0 	0.0 	0.0 	0.0 	0.0 	0.0 	0.0 	0.0 	0.0 	0.0 	0.0 	0.0 	0.0 	0.0 	0.0 	0.0 	0.0 
A,CONT_IMP_EU,SITC9,EXT_EU27_2020,HU	2.9 	3.7 	1.8 	0.2 	0.2 	0.2 	0.2 	0.4 	0.0 	0.0 	0.0 	0.0 	0.1 	0.0 	0.1 	0.2 	0.3 	0.5 	0.2 	0.2 	1.0 	1.4 	1.1 	0.7 
A,CONT_IMP_EU,SITC9,EXT_EU27_2020,IE	5.0 	5.6 	9.9 	11.7 	10.1 	9.3 	8.2 	8.2 	6.1 	3.0 	2.7 	3.3 	4.2 	4.4 	5.6 	5.1 	5.7 	4.9 	3.4 	0.5 	0.2 	0.2 	0.2 	0.3 
A,CONT_IMP_EU,SITC9,EXT_EU27_2020,IT	41.7 	40.7 	17.2 	19.6 	18.8 	21.8 	16.6 	13.0 	14.1 	13.2 	13.2 	14.0 	14.6 	14.3 	13.2 	12.1 	14.1 	17.0 	25.6 	19.5 	15.3 	25.9 	32.0 	22.8 
A,CONT_IMP_EU,SITC9,EXT_EU27_2020,LT	0.6 	0.7 	0.4 	0.3 	0.1 	0.2 	0.2 	0.0 	0.0 	0.0 	0.0 	0.0 	0.0 	0.0 	0.0 	0.0 	0.0 	0.0 	0.0 	0.0 	0.0 	0.1 	0.1 	0.2 
A,CONT_IMP_EU,SITC9,EXT_EU27_2020,LU	0.2 	0.0 	0.0 	0.6 	0.1 	0.3 	0.4 	0.8 	1.5 	0.9 	0.6 	0.2 	0.1 	0.2 	0.2 	0.1 	0.1 	0.1 	0.1 	0.1 	0.1 	0.1 	0.1 	0.0 
A,CONT_IMP_EU,SITC9,EXT_EU27_2020,LV	0.0 	0.0 	0.0 	0.0 	0.0 	0.0 	0.0 	0.0 	0.0 	0.0 	0.0 	0.0 	0.0 	0.0 	0.0 	0.0 	0.0 	0.0 	0.0 	0.0 	0.1 	0.2 	0.2 	0.1 
A,CONT_IMP_EU,SITC9,EXT_EU27_2020,MT	0.1 	0.1 	0.1 	0.1 	0.2 	0.2 	0.1 	0.1 	0.1 	0.1 	0.1 	0.1 	0.0 	0.1 	0.0 	0.0 	0.0 	0.0 	0.0 	0.0 	0.0 	0.0 	0.2 	0.1 
A,CONT_IMP_EU,SITC9,EXT_EU27_2020,NL	3.7 	2.6 	0.5 	1.7 	1.0 	0.7 	5.6 	8.9 	10.4 	3.9 	9.6 	10.0 	10.9 	8.0 	8.1 	7.4 	7.4 	5.0 	3.1 	0.1 	0.5 	0.1 	0.2 	0.2 
A,CONT_IMP_EU,SITC9,EXT_EU27_2020,PL	0.1 	0.1 	0.0 	0.0 	15.8 	16.5 	16.6 	10.1 	10.8 	11.9 	13.5 	11.8 	10.5 	8.7 	7.7 	8.3 	10.9 	10.7 	5.3 	14.8 	20.6 	14.4 	12.0 	11.0 
A,CONT_IMP_EU,SITC9,EXT_EU27_2020,PT	0.2 	0.1 	0.1 	0.2 	0.1 	0.1 	0.1 	0.1 	0.2 	0.1 	0.0 	0.0 	0.0 	0.0 	0.0 	0.0 	0.0 	0.0 	0.0 	0.0 	0.0 	0.1 	0.0 	0.0 
A,CONT_IMP_EU,SITC9,EXT_EU27_2020,RO	0.1 	0.1 	0.3 	0.8 	0.7 	0.0 	0.0 	0.0 	0.0 	0.0 	0.0 	0.0 	0.0 	0.0 	0.0 	0.0 	0.0 	0.0 	0.0 	0.0 	0.0 	0.0 	0.1 	0.1 
A,CONT_IMP_EU,SITC9,EXT_EU27_2020,SE	0.1 	0.1 	0.1 	0.1 	0.3 	0.5 	0.3 	0.4 	0.2 	0.4 	0.3 	0.2 	0.3 	0.3 	0.3 	0.3 	0.2 	0.2 	0.6 	0.2 	0.1 	0.2 	0.2 	0.2 
A,CONT_IMP_EU,SITC9,EXT_EU27_2020,SI	0.0 	-0.1 	0.0 	0.0 	0.0 	0.0 	0.0 	0.0 	0.0 	0.0 	0.0 	0.0 	0.0 	0.0 	0.0 	0.0 	0.0 	0.0 	0.0 	0.0 	0.0 	0.1 	0.9 	2.4 
A,CONT_IMP_EU,SITC9,EXT_EU27_2020,SK	0.0 	0.0 	0.0 	0.0 	0.0 	0.0 	0.0 	0.0 	0.0 	0.0 	0.0 	0.1 	0.0 	0.1 	0.3 	0.3 	0.3 	0.3 	0.1 	0.0 	0.0 	0.0 	0.3 	0.4 
A,CONT_IMP_EU,TOTAL,EU27_2020,AT	4.6 	4.8 	4.8 	4.6 	4.3 	4.3 	4.3 	4.3 	4.4 	4.5 	4.5 	4.4 	4.3 	4.2 	4.2 	4.2 	4.2 	4.2 	4.2 	4.2 	4.0 	3.9 	3.9 	3.9 
A,CONT_IMP_EU,TOTAL,EU27_2020,BE	9.6 	9.3 	9.3 	9.5 	9.2 	8.9 	9.1 	9.1 	8.9 	8.9 	9.1 	8.9 	8.5 	7.8 	7.9 	7.7 	7.8 	7.6 	7.6 	8.3 	8.4 	8.0 	7.7 	7.4 
A,CONT_IMP_EU,TOTAL,EU27_2020,BG	0.3 	0.4 	0.4 	0.4 	0.5 	0.6 	0.6 	0.5 	0.5 	0.6 	0.6 	0.6 	0.7 	0.7 	0.7 	0.7 	0.7 	0.7 	0.7 	0.7 	0.7 	0.7 	0.8 	0.8 
A,CONT_IMP_EU,TOTAL,EU27_2020,CY	0.1 	0.1 	0.2 	0.2 	0.2 	0.2 	0.2 	0.2 	0.2 	0.2 	0.2 	0.1 	0.1 	0.1 	0.2 	0.2 	0.2 	0.2 	0.2 	0.2 	0.2 	0.2 	0.2 	0.2 
A,CONT_IMP_EU,TOTAL,EU27_2020,CZ	2.1 	2.1 	2.7 	2.8 	2.9 	3.1 	3.2 	3.1 	3.3 	3.4 	3.5 	3.5 	3.6 	3.8 	3.8 	3.9 	3.9 	3.9 	3.9 	3.9 	3.9 	3.9 	3.9 	4.0 
A,CONT_IMP_EU,TOTAL,EU27_2020,DE	21.5 	21.7 	21.0 	20.7 	21.3 	21.0 	21.0 	21.9 	22.2 	22.7 	22.8 	22.9 	23.1 	23.2 	23.0 	22.9 	23.0 	23.1 	23.2 	22.4 	22.2 	22.0 	21.7 	21.9 
A,CONT_IMP_EU,TOTAL,EU27_2020,DK	2.5 	2.3 	2.2 	2.3 	2.3 	2.2 	2.2 	2.1 	1.9 	1.9 	2.0 	2.0 	2.0 	2.0 	2.0 	1.9 	1.9 	1.9 	2.1 	2.1 	2.0 	1.9 	1.9 	2.0 
A,CONT_IMP_EU,TOTAL,EU27_2020,EE	0.2 	0.2 	0.3 	0.3 	0.4 	0.4 	0.4 	0.3 	0.3 	0.4 	0.4 	0.5 	0.5 	0.4 	0.4 	0.4 	0.4 	0.4 	0.4 	0.4 	0.5 	0.4 	0.4 	0.5 
A,CONT_IMP_EU,TOTAL,EU27_2020,EL	1.5 	1.6 	1.6 	1.5 	1.5 	1.6 	1.5 	1.6 	1.2 	1.0 	0.9 	0.9 	0.9 	0.9 	0.9 	0.9 	0.9 	0.9 	1.0 	1.0 	1.0 	1.1 	1.1 	1.1 
A,CONT_IMP_EU,TOTAL,EU27_2020,ES	7.6 	7.8 	7.8 	7.7 	7.5 	7.6 	6.9 	6.6 	6.4 	6.1 	5.7 	5.6 	6.0 	6.3 	6.3 	6.2 	6.1 	6.0 	5.8 	5.7 	5.7 	6.0 	6.3 	6.4 
A,CONT_IMP_EU,TOTAL,EU27_2020,EU27_2020	100.0 	100.0 	100.0 	100.0 	100.0 	100.0 	100.0 	100.0 	100.0 	100.0 	100.0 	100.0 	100.0 	100.0 	100.0 	100.0 	100.0 	100.0 	100.0 	100.0 	100.0 	100.0 	100.0 	100.0 
A,CONT_IMP_EU,TOTAL,EU27_2020,FI	1.6 	1.6 	1.6 	1.7 	1.7 	1.6 	1.6 	1.5 	1.5 	1.5 	1.5 	1.6 	1.6 	1.5 	1.5 	1.5 	1.5 	1.5 	1.5 	1.5 	1.5 	1.3 	1.4 	1.3 
A,CONT_IMP_EU,TOTAL,EU27_2020,FR	14.9 	15.1 	14.5 	14.2 	13.7 	13.6 	13.7 	14.3 	13.9 	13.8 	14.0 	13.9 	13.5 	13.2 	13.0 	12.8 	12.5 	12.4 	12.0 	11.8 	11.7 	11.7 	11.3 	10.8 
A,CONT_IMP_EU,TOTAL,EU27_2020,HR	0.6 	0.6 	0.6 	0.6 	0.6 	0.5 	0.6 	0.5 	0.4 	0.4 	0.4 	0.5 	0.5 	0.6 	0.6 	0.6 	0.6 	0.7 	0.6 	0.6 	0.7 	0.8 	0.9 	0.9 
A,CONT_IMP_EU,TOTAL,EU27_2020,HU	1.7 	1.8 	2.0 	2.1 	2.2 	2.2 	2.2 	2.1 	2.1 	2.1 	2.2 	2.3 	2.4 	2.5 	2.5 	2.5 	2.5 	2.6 	2.6 	2.6 	2.6 	2.5 	2.5 	2.5 
A,CONT_IMP_EU,TOTAL,EU27_2020,IE	1.0 	0.9 	0.9 	0.9 	0.9 	0.9 	0.8 	0.7 	0.7 	0.7 	0.7 	0.8 	0.9 	1.0 	1.1 	1.1 	1.2 	1.1 	1.2 	1.1 	1.2 	1.4 	1.4 	1.5 
A,CONT_IMP_EU,TOTAL,EU27_2020,IT	10.6 	10.4 	10.2 	9.8 	9.7 	9.4 	8.8 	8.9 	9.2 	8.8 	8.3 	8.2 	8.1 	8.2 	8.2 	8.2 	8.1 	8.0 	7.8 	8.1 	8.2 	8.4 	8.3 	8.3 
A,CONT_IMP_EU,TOTAL,EU27_2020,LT	0.3 	0.3 	0.4 	0.4 	0.5 	0.5 	0.5 	0.4 	0.5 	0.5 	0.6 	0.7 	0.7 	0.7 	0.7 	0.7 	0.7 	0.7 	0.7 	0.8 	0.8 	0.8 	0.7 	0.7 
A,CONT_IMP_EU,TOTAL,EU27_2020,LU	0.7 	0.7 	0.7 	0.7 	0.7 	0.7 	0.7 	0.7 	0.7 	0.7 	0.7 	0.7 	0.7 	0.6 	0.6 	0.6 	0.6 	0.6 	0.6 	0.6 	0.6 	0.5 	0.6 	0.5 
A,CONT_IMP_EU,TOTAL,EU27_2020,LV	0.2 	0.2 	0.3 	0.3 	0.3 	0.4 	0.4 	0.3 	0.3 	0.4 	0.4 	0.4 	0.4 	0.4 	0.4 	0.4 	0.4 	0.4 	0.4 	0.4 	0.5 	0.5 	0.5 	0.5 
A,CONT_IMP_EU,TOTAL,EU27_2020,MT	0.1 	0.1 	0.1 	0.1 	0.1 	0.1 	0.1 	0.1 	0.1 	0.1 	0.2 	0.1 	0.1 	0.1 	0.1 	0.1 	0.1 	0.1 	0.1 	0.1 	0.1 	0.1 	0.1 	0.1 
A,CONT_IMP_EU,TOTAL,EU27_2020,NL	7.7 	7.5 	7.4 	7.3 	7.2 	7.2 	7.4 	7.5 	7.5 	7.4 	7.6 	7.6 	7.4 	7.5 	7.3 	7.4 	7.4 	7.6 	7.8 	7.8 	8.0 	8.0 	8.1 	8.1 
A,CONT_IMP_EU,TOTAL,EU27_2020,PL	2.7 	2.7 	3.2 	3.4 	3.6 	3.9 	4.4 	4.1 	4.3 	4.4 	4.3 	4.4 	4.7 	4.8 	4.9 	5.1 	5.2 	5.2 	5.5 	5.7 	5.6 	5.8 	6.1 	6.2 
A,CONT_IMP_EU,TOTAL,EU27_2020,PT	2.2 	2.1 	2.0 	2.1 	2.1 	2.0 	2.0 	2.1 	2.0 	1.8 	1.7 	1.7 	1.8 	1.8 	1.8 	1.8 	1.9 	2.0 	1.8 	1.8 	1.8 	2.0 	2.0 	2.1 
A,CONT_IMP_EU,TOTAL,EU27_2020,RO	0.9 	0.9 	1.0 	1.1 	1.3 	1.6 	1.7 	1.5 	1.6 	1.7 	1.7 	1.7 	1.8 	1.9 	2.0 	2.0 	2.0 	2.1 	2.1 	2.1 	2.2 	2.2 	2.3 	2.3 
A,CONT_IMP_EU,TOTAL,EU27_2020,SE	3.1 	3.2 	3.2 	3.3 	3.3 	3.3 	3.2 	2.9 	3.3 	3.4 	3.3 	3.3 	3.2 	3.2 	3.3 	3.2 	3.2 	3.1 	3.2 	3.1 	3.0 	3.0 	3.0 	3.0 
A,CONT_IMP_EU,TOTAL,EU27_2020,SI	0.6 	0.6 	0.7 	0.8 	0.8 	0.8 	0.8 	0.8 	0.8 	0.8 	0.8 	0.7 	0.7 	0.7 	0.7 	0.8 	0.8 	0.8 	0.8 	0.8 	0.8 	0.8 	0.8 	0.8 
A,CONT_IMP_EU,TOTAL,EU27_2020,SK	0.9 	1.0 	1.1 	1.2 	1.3 	1.5 	1.6 	1.6 	1.7 	1.8 	1.9 	1.9 	1.9 	2.0 	2.1 	2.0 	2.1 	2.1 	2.1 	2.0 	2.0 	2.1 	2.1 	2.2 
A,CONT_IMP_EU,TOTAL,EXT_EU27_2020,AT	1.9 	1.8 	1.7 	1.9 	1.8 	1.8 	1.9 	2.0 	1.9 	2.0 	2.0 	2.1 	2.1 	2.1 	2.1 	2.1 	2.1 	2.0 	2.0 	2.1 	1.8 	2.0 	1.7 	1.7 
A,CONT_IMP_EU,TOTAL,EXT_EU27_2020,BE	7.7 	7.5 	7.6 	7.6 	7.3 	7.5 	7.3 	7.4 	7.3 	7.7 	7.6 	8.1 	8.4 	8.7 	8.8 	8.3 	8.1 	7.9 	7.8 	7.8 	8.3 	7.9 	7.4 	7.0 
A,CONT_IMP_EU,TOTAL,EXT_EU27_2020,BG	0.4 	0.5 	0.5 	0.4 	0.5 	0.7 	0.7 	0.6 	0.6 	0.6 	0.6 	0.7 	0.6 	0.6 	0.6 	0.6 	0.6 	0.7 	0.7 	0.7 	0.8 	0.8 	0.9 	0.9 
A,CONT_IMP_EU,TOTAL,EXT_EU27_2020,CY	0.2 	0.2 	0.2 	0.2 	0.2 	0.2 	0.2 	0.2 	0.2 	0.1 	0.1 	0.1 	0.2 	0.2 	0.2 	0.2 	0.2 	0.2 	0.2 	0.1 	0.2 	0.2 	0.2 	0.2 
A,CONT_IMP_EU,TOTAL,EXT_EU27_2020,CZ	1.4 	1.5 	1.2 	1.1 	1.2 	1.4 	1.6 	1.6 	1.8 	1.8 	1.7 	1.7 	1.8 	2.0 	1.9 	2.0 	2.1 	2.1 	2.4 	2.2 	2.1 	2.3 	2.5 	2.5 
A,CONT_IMP_EU,TOTAL,EXT_EU27_2020,DE	22.4 	22.6 	22.7 	22.2 	22.5 	22.0 	21.5 	22.3 	22.3 	22.3 	21.7 	21.8 	21.8 	22.2 	22.5 	22.0 	21.2 	21.0 	22.1 	20.6 	19.6 	18.8 	18.4 	18.8 
A,CONT_IMP_EU,TOTAL,EXT_EU27_2020,DK	1.9 	1.8 	1.9 	1.8 	1.7 	1.6 	1.6 	1.8 	1.5 	1.5 	1.5 	1.6 	1.6 	1.6 	1.6 	1.6 	1.5 	1.5 	1.6 	1.5 	1.4 	1.4 	1.6 	1.6 
A,CONT_IMP_EU,TOTAL,EXT_EU27_2020,EE	0.2 	0.2 	0.2 	0.2 	0.2 	0.2 	0.2 	0.1 	0.1 	0.2 	0.2 	0.2 	0.2 	0.2 	0.2 	0.2 	0.2 	0.2 	0.2 	0.3 	0.2 	0.1 	0.1 	0.2 
A,CONT_IMP_EU,TOTAL,EXT_EU27_2020,EL	1.8 	2.0 	1.8 	1.7 	1.8 	2.0 	2.0 	2.1 	1.6 	1.4 	1.5 	1.5 	1.5 	1.2 	1.2 	1.3 	1.4 	1.4 	1.2 	1.5 	1.8 	1.6 	1.7 	1.5 
A,CONT_IMP_EU,TOTAL,EXT_EU27_2020,ES	7.0 	7.3 	7.8 	8.3 	8.5 	8.4 	8.4 	7.5 	7.7 	7.7 	7.7 	7.7 	7.8 	7.5 	7.5 	7.8 	7.8 	7.8 	7.2 	7.6 	7.7 	7.7 	8.0 	8.0 
A,CONT_IMP_EU,TOTAL,EXT_EU27_2020,EU27_2020	100.0 	100.0 	100.0 	100.0 	100.0 	100.0 	100.0 	100.0 	100.0 	100.0 	100.0 	100.0 	100.0 	100.0 	100.0 	100.0 	100.0 	100.0 	100.0 	100.0 	100.0 	100.0 	100.0 	100.0 
A,CONT_IMP_EU,TOTAL,EXT_EU27_2020,FI	1.4 	1.5 	1.5 	1.5 	1.7 	1.7 	1.7 	1.4 	1.4 	1.5 	1.4 	1.3 	1.2 	1.0 	1.0 	1.1 	1.1 	1.1 	1.0 	1.0 	1.0 	0.9 	0.9 	0.8 
A,CONT_IMP_EU,TOTAL,EXT_EU27_2020,FR	14.3 	13.8 	13.8 	13.3 	12.0 	11.6 	11.5 	12.0 	11.4 	11.7 	11.7 	11.7 	11.3 	11.1 	11.1 	10.8 	10.6 	10.9 	10.0 	9.7 	10.0 	10.2 	10.3 	10.3 
A,CONT_IMP_EU,TOTAL,EXT_EU27_2020,HR	0.4 	0.4 	0.4 	0.4 	0.4 	0.5 	0.5 	0.5 	0.4 	0.4 	0.4 	0.3 	0.3 	0.3 	0.3 	0.3 	0.3 	0.3 	0.3 	0.4 	0.4 	0.4 	0.4 	0.4 
A,CONT_IMP_EU,TOTAL,EXT_EU27_2020,HU	1.6 	1.7 	1.6 	1.5 	1.5 	1.6 	1.6 	1.5 	1.5 	1.4 	1.4 	1.4 	1.3 	1.3 	1.3 	1.4 	1.5 	1.6 	1.7 	1.6 	1.7 	1.8 	1.7 	1.7 
A,CONT_IMP_EU,TOTAL,EXT_EU27_2020,IE	4.4 	3.7 	3.4 	3.3 	3.0 	2.9 	2.5 	2.6 	2.3 	2.2 	2.3 	2.3 	2.5 	2.8 	2.9 	2.9 	3.0 	2.9 	3.2 	3.0 	3.0 	3.4 	3.1 	3.3 
A,CONT_IMP_EU,TOTAL,EXT_EU27_2020,IT	11.6 	11.5 	11.6 	11.7 	12.0 	11.8 	11.8 	11.3 	11.9 	11.7 	11.0 	10.5 	10.0 	9.9 	9.7 	9.7 	9.8 	9.4 	9.1 	9.8 	10.7 	10.2 	10.1 	10.2 
A,CONT_IMP_EU,TOTAL,EXT_EU27_2020,LT	0.4 	0.4 	0.4 	0.5 	0.5 	0.4 	0.6 	0.5 	0.5 	0.6 	0.7 	0.7 	0.6 	0.5 	0.5 	0.5 	0.5 	0.6 	0.5 	0.6 	0.6 	0.5 	0.5 	0.5 
A,CONT_IMP_EU,TOTAL,EXT_EU27_2020,LU	0.3 	0.4 	0.4 	0.5 	0.6 	0.4 	0.4 	0.5 	0.3 	0.2 	0.3 	0.3 	0.3 	0.4 	0.3 	0.2 	0.1 	0.2 	0.1 	0.1 	0.1 	0.1 	0.1 	0.1 
A,CONT_IMP_EU,TOTAL,EXT_EU27_2020,LV	0.1 	0.1 	0.1 	0.2 	0.2 	0.2 	0.2 	0.2 	0.2 	0.2 	0.2 	0.2 	0.2 	0.2 	0.2 	0.2 	0.2 	0.2 	0.2 	0.2 	0.2 	0.2 	0.2 	0.2 
A,CONT_IMP_EU,TOTAL,EXT_EU27_2020,MT	0.1 	0.1 	0.1 	0.1 	0.1 	0.1 	0.1 	0.1 	0.1 	0.1 	0.1 	0.1 	0.1 	0.1 	0.2 	0.1 	0.1 	0.2 	0.1 	0.1 	0.1 	0.1 	0.1 	0.1 
A,CONT_IMP_EU,TOTAL,EXT_EU27_2020,NL	13.0 	13.1 	13.4 	14.1 	14.2 	14.3 	14.7 	15.2 	15.6 	15.2 	16.4 	16.4 	16.4 	16.6 	16.5 	17.0 	17.1 	17.5 	17.7 	17.8 	17.4 	18.2 	17.7 	17.7 
A,CONT_IMP_EU,TOTAL,EXT_EU27_2020,PL	2.1 	2.2 	2.0 	1.9 	2.3 	2.5 	2.8 	2.7 	2.9 	3.0 	3.2 	3.2 	3.4 	3.5 	3.4 	3.6 	3.9 	4.1 	4.3 	4.6 	4.4 	4.4 	4.7 	4.8 
A,CONT_IMP_EU,TOTAL,EXT_EU27_2020,PT	1.1 	1.1 	1.2 	1.2 	1.1 	1.1 	1.2 	1.1 	1.1 	1.1 	1.0 	1.1 	1.0 	1.0 	1.0 	1.0 	1.0 	1.1 	1.0 	1.0 	1.1 	1.1 	1.1 	1.0 
A,CONT_IMP_EU,TOTAL,EXT_EU27_2020,RO	0.7 	0.8 	1.0 	1.1 	1.2 	1.1 	1.2 	0.9 	0.9 	1.0 	0.9 	0.9 	1.0 	1.0 	1.1 	1.1 	1.2 	1.2 	1.2 	1.3 	1.2 	1.3 	1.4 	1.4 
A,CONT_IMP_EU,TOTAL,EXT_EU27_2020,SE	2.8 	2.8 	2.8 	2.8 	2.8 	2.8 	2.7 	2.7 	2.9 	2.9 	2.9 	2.8 	2.8 	2.7 	2.7 	2.6 	2.6 	2.5 	2.5 	2.5 	2.3 	2.3 	2.4 	2.3 
A,CONT_IMP_EU,TOTAL,EXT_EU27_2020,SI	0.3 	0.3 	0.2 	0.2 	0.3 	0.4 	0.4 	0.4 	0.4 	0.4 	0.4 	0.5 	0.5 	0.5 	0.5 	0.6 	0.6 	0.8 	0.9 	1.0 	1.1 	1.3 	1.9 	1.9 
A,CONT_IMP_EU,TOTAL,EXT_EU27_2020,SK	0.5 	0.6 	0.5 	0.6 	0.7 	0.8 	0.9 	0.9 	1.0 	1.0 	1.0 	1.0 	0.9 	0.9 	0.9 	0.9 	0.9 	0.9 	0.8 	0.9 	0.8 	0.9 	0.9 	0.8 
A,MIO_BAL_VAL,SITC0_1,EU27_2020,AT	-728.5 	-538.8 	-715.3 	-566.0 	-541.7 	-542.9 	-495.7 	-749.2 	-856.6 	-1050.7 	-1307.0 	-1340.7 	-1388.6 	-1413.9 	-1556.9 	-1547.6 	-1445.7 	-1372.2 	-1033.1 	-910.5 	-1117.7 	-1062.0 	-1885.3 	-2554.8 
A,MIO_BAL_VAL,SITC0_1,EU27_2020,BE	3341.3 	3427.2 	3674.7 	3662.2 	3768.2 	3656.4 	4055.3 	4637.1 	4470.3 	4687.1 	4515.6 	3844.4 	4008.4 	5196.1 	4952.9 	5065.2 	4767.4 	5768.4 	5217.3 	4566.0 	4900.2 	5882.1 	6288.8 	6666.6 
A,MIO_BAL_VAL,SITC0_1,EU27_2020,BG	135.0 	97.0 	118.5 	134.5 	99.9 	-245.2 	-302.6 	-61.5 	42.0 	7.1 	27.3 	89.2 	-46.7 	-140.8 	79.0 	-20.5 	187.6 	0.3 	-173.6 	-111.0 	-424.3 	-773.7 	-1308.5 	-1439.2 
A,MIO_BAL_VAL,SITC0_1,EU27_2020,CY	-141.1 	-136.9 	-235.2 	-300.1 	-347.4 	-410.6 	-473.3 	-470.0 	-520.9 	-543.3 	-583.6 	-566.9 	-609.1 	-582.8 	-604.8 	-648.8 	-663.7 	-680.2 	-615.7 	-799.9 	-998.9 	-1083.5 	-1132.2 	-1266.4 
A,MIO_BAL_VAL,SITC0_1,EU27_2020,CZ	-426.6 	-439.7 	-717.8 	-713.9 	-1034.8 	-1171.1 	-969.4 	-1196.9 	-1361.5 	-1238.4 	-1149.7 	-1165.3 	-857.1 	-935.0 	-992.8 	-1223.4 	-1548.0 	-1844.2 	-1276.4 	-1568.6 	-1647.8 	-1432.6 	-1640.2 	-1988.3 
A,MIO_BAL_VAL,SITC0_1,EU27_2020,DE	-8069.4 	-7776.3 	-6448.7 	-5730.6 	-6538.4 	-5761.4 	-5058.5 	-5038.0 	-5405.4 	-5291.0 	-6105.5 	-6339.1 	-6512.7 	-8623.0 	-10314.5 	-12733.9 	-13666.8 	-14310.1 	-16634.6 	-16653.9 	-15988.5 	-20085.7 	-21752.3 	-23919.7 
A,MIO_BAL_VAL,SITC0_1,EU27_2020,DK	3422.8 	3272.1 	3075.0 	3247.9 	3521.6 	3204.1 	3143.8 	3125.2 	3278.2 	3042.9 	2875.5 	2934.4 	2798.1 	2367.1 	2839.9 	3237.1 	2551.7 	2455.9 	1709.6 	1604.5 	2095.3 	2869.0 	2656.9 	3048.0 
A,MIO_BAL_VAL,SITC0_1,EU27_2020,EE	-160.8 	-170.1 	-205.4 	-278.4 	-327.0 	-428.6 	-422.7 	-356.9 	-366.1 	-428.1 	-387.8 	-455.8 	-393.0 	-431.7 	-492.5 	-510.3 	-469.7 	-476.1 	-465.1 	-515.1 	-619.9 	-664.8 	-729.4 	-696.6 
A,MIO_BAL_VAL,SITC0_1,EU27_2020,EL	-1717.5 	-1828.7 	-2017.3 	-1944.5 	-2070.9 	-2362.2 	-2358.2 	-2214.4 	-2008.3 	-1844.5 	-1655.5 	-1722.6 	-1658.7 	-1368.8 	-1269.8 	-1461.9 	-1386.8 	-1482.2 	-678.4 	-900.8 	-1611.9 	-1145.2 	-1319.5 	-1403.9 
A,MIO_BAL_VAL,SITC0_1,EU27_2020,ES	4239.7 	5034.1 	3976.7 	3367.4 	3744.2 	3862.6 	4828.9 	4202.5 	5120.0 	5646.7 	7115.9 	8701.4 	8273.5 	9688.8 	9739.1 	10176.7 	10761.9 	11541.7 	13145.3 	13385.0 	13172.8 	15043.2 	16227.3 	15622.7 
A,MIO_BAL_VAL,SITC0_1,EU27_2020,EU27_2020	4409.6 	4500.3 	2685.3 	3542.3 	2102.3 	2269.7 	4038.1 	2317.6 	4580.6 	5145.1 	4888.4 	6296.4 	6224.0 	5844.2 	4132.1 	2538.9 	1871.2 	3701.2 	3475.9 	6501.5 	8683.7 	5714.0 	7855.4 	5346.7 
A,MIO_BAL_VAL,SITC0_1,EU27_2020,FI	-1107.5 	-1201.6 	-1252.2 	-1375.2 	-1458.8 	-1579.5 	-1838.1 	-1919.8 	-2044.1 	-2197.8 	-2439.4 	-2647.7 	-2552.3 	-2539.1 	-2559.2 	-2645.6 	-2709.7 	-2687.0 	-2630.1 	-2752.8 	-3253.3 	-3398.4 	-3514.7 	-3629.1 
A,MIO_BAL_VAL,SITC0_1,EU27_2020,FR	2899.7 	2902.0 	2439.6 	1934.3 	1819.9 	2041.8 	1969.4 	-520.7 	-818.2 	-150.5 	-1055.8 	-1536.9 	-2578.6 	-3946.5 	-6139.9 	-6768.1 	-6821.2 	-6977.2 	-7935.1 	-6969.7 	-6740.4 	-8718.7 	-8503.4 	-10770.9 
A,MIO_BAL_VAL,SITC0_1,EU27_2020,HR	-476.9 	-453.8 	-569.9 	-505.0 	-505.9 	-578.5 	-705.7 	-611.4 	-635.9 	-745.4 	-721.5 	-986.0 	-1146.6 	-1189.4 	-1093.9 	-1308.2 	-1353.1 	-1580.8 	-1209.8 	-1389.0 	-1775.4 	-2309.3 	-3050.6 	-3336.2 
A,MIO_BAL_VAL,SITC0_1,EU27_2020,HU	966.6 	905.5 	533.5 	199.2 	154.7 	900.0 	866.2 	754.7 	989.3 	1372.2 	1857.6 	1946.4 	1429.3 	1416.1 	1004.3 	1350.7 	1052.1 	1074.4 	1229.8 	1268.7 	1540.7 	1473.3 	1094.9 	671.5 
A,MIO_BAL_VAL,SITC0_1,EU27_2020,IE	931.7 	1105.6 	1206.1 	1079.6 	1234.5 	1191.9 	740.4 	790.7 	1131.6 	1272.4 	802.6 	759.7 	978.5 	886.1 	999.1 	1320.5 	1314.6 	1599.2 	903.4 	1058.4 	1662.2 	803.1 	993.3 	1646.5 
A,MIO_BAL_VAL,SITC0_1,EU27_2020,IT	-5402.0 	-6377.3 	-7042.9 	-7079.7 	-7762.3 	-7356.3 	-6570.5 	-6571.8 	-7123.4 	-7952.3 	-7427.6 	-7399.1 	-7089.9 	-5979.3 	-5507.2 	-5381.9 	-4926.7 	-4507.5 	-2331.3 	-2372.6 	-4903.9 	-5700.7 	-5112.5 	-5533.0 
A,MIO_BAL_VAL,SITC0_1,EU27_2020,LT	-53.3 	-39.9 	-33.1 	40.9 	-116.0 	-80.0 	-485.3 	-204.2 	-363.7 	-456.2 	-680.8 	-833.6 	-681.1 	-290.4 	76.4 	-3.0 	-80.7 	8.8 	233.0 	126.8 	83.0 	-289.8 	211.4 	114.5 
A,MIO_BAL_VAL,SITC0_1,EU27_2020,LU	-564.4 	-648.4 	-737.6 	-704.0 	-746.1 	-815.8 	-856.3 	-828.5 	-838.8 	-844.8 	-922.9 	-985.3 	-980.0 	-924.6 	-1055.6 	-1079.2 	-1138.9 	-1215.5 	-1232.4 	-1329.3 	-1425.3 	-1555.8 	-1686.2 	-1743.1 
A,MIO_BAL_VAL,SITC0_1,EU27_2020,LV	-300.5 	-283.1 	-322.2 	-318.0 	-416.3 	-467.1 	-565.7 	-502.7 	-519.3 	-615.9 	-599.8 	-676.9 	-750.8 	-579.0 	-667.3 	-860.4 	-805.3 	-965.3 	-1098.5 	-1060.9 	-1028.9 	-1329.9 	-885.7 	-828.7 
A,MIO_BAL_VAL,SITC0_1,EU27_2020,MT	-173.1 	-169.0 	-215.4 	-233.8 	-258.5 	-319.5 	-329.4 	-330.4 	-331.6 	-352.6 	-395.3 	-430.7 	-424.8 	-444.0 	-471.7 	-503.0 	-526.8 	-531.4 	-474.1 	-533.0 	-685.1 	-785.8 	-808.8 	-882.2 
A,MIO_BAL_VAL,SITC0_1,EU27_2020,NL	12956.9 	12643.2 	13142.2 	14456.7 	14530.9 	15682.3 	17336.2 	16694.5 	18679.7 	18771.8 	18151.8 	20011.2 	20391.7 	18835.7 	21817.3 	22677.2 	22226.8 	23638.1 	22345.4 	25037.4 	28509.2 	32296.3 	38394.7 	41736.5 
A,MIO_BAL_VAL,SITC0_1,EU27_2020,PL	71.6 	612.9 	736.3 	1195.4 	1706.3 	1565.0 	1140.2 	1637.7 	1621.7 	1800.4 	2656.7 	3431.6 	4160.2 	5321.5 	4693.3 	5898.8 	7040.0 	7348.1 	7564.2 	8483.0 	12010.0 	12443.5 	12144.7 	13754.6 
A,MIO_BAL_VAL,SITC0_1,EU27_2020,PT	-2075.1 	-2137.3 	-2151.7 	-2304.6 	-2618.0 	-2719.4 	-2583.3 	-2838.4 	-2950.8 	-2878.3 	-2724.8 	-2807.2 	-2824.0 	-2686.3 	-2820.0 	-3148.1 	-3196.2 	-3271.7 	-2919.0 	-3159.0 	-4509.6 	-5064.6 	-5028.2 	-5768.3 
A,MIO_BAL_VAL,SITC0_1,EU27_2020,RO	-356.7 	-520.1 	-484.3 	-566.9 	-743.0 	-1529.9 	-2051.4 	-1374.1 	-957.7 	-857.0 	-1041.8 	-1290.2 	-1076.4 	-1499.3 	-2464.4 	-2731.1 	-2662.6 	-3121.4 	-3578.9 	-3718.9 	-4331.1 	-5015.2 	-5734.7 	-5369.2 
A,MIO_BAL_VAL,SITC0_1,EU27_2020,SE	-2136.4 	-2210.9 	-2231.7 	-2153.7 	-2160.0 	-2330.1 	-2533.3 	-2269.7 	-2097.9 	-2441.2 	-2783.6 	-2697.4 	-2473.5 	-2544.2 	-2120.3 	-2543.5 	-2399.7 	-2340.4 	-2388.9 	-2068.5 	-2038.9 	-1988.1 	-2791.5 	-3587.7 
A,MIO_BAL_VAL,SITC0_1,EU27_2020,SI	-364.5 	-345.0 	-491.1 	-480.6 	-439.6 	-484.1 	-570.5 	-539.8 	-479.7 	-592.9 	-378.9 	-509.6 	-629.5 	-551.3 	-540.0 	-593.6 	-502.3 	-514.5 	-428.4 	-315.5 	-257.1 	-405.0 	-432.9 	-446.7 
A,MIO_BAL_VAL,SITC0_1,EU27_2020,SK	-301.5 	-222.6 	-345.4 	-520.9 	-393.3 	-652.2 	-872.5 	-926.4 	-1072.0 	-974.4 	-753.2 	-1030.9 	-1142.3 	-1197.8 	-1398.2 	-1475.3 	-1726.8 	-1856.2 	-1768.5 	-1899.3 	-1931.5 	-2287.9 	-2839.9 	-2750.1 
A,MIO_BAL_VAL,SITC0_1,EXT_EU27_2020,AT	223.7 	354.7 	555.0 	699.9 	949.5 	689.7 	603.5 	443.2 	600.3 	870.9 	938.9 	943.1 	991.1 	1010.4 	1116.1 	1247.7 	1361.5 	1503.3 	1595.0 	1697.3 	1937.0 	1565.3 	1176.4 	1198.5 
A,MIO_BAL_VAL,SITC0_1,EXT_EU27_2020,BE	-715.9 	-845.9 	-792.0 	-424.0 	-391.9 	-227.2 	-643.9 	-808.8 	-359.1 	-828.6 	-171.0 	396.2 	-9.2 	266.5 	138.3 	396.3 	956.6 	1420.8 	1599.5 	3119.8 	3683.1 	5903.5 	4906.8 	3467.5 
A,MIO_BAL_VAL,SITC0_1,EXT_EU27_2020,BG	75.9 	19.5 	35.5 	63.2 	-23.8 	69.9 	244.7 	35.0 	250.8 	280.1 	409.5 	765.1 	655.6 	622.1 	561.5 	453.5 	317.7 	630.3 	591.5 	918.9 	1266.3 	1726.8 	1215.7 	697.7 
A,MIO_BAL_VAL,SITC0_1,EXT_EU27_2020,CY	-161.4 	-154.2 	-105.2 	-87.5 	-107.7 	-139.0 	-206.7 	-144.0 	-160.8 	-139.8 	-118.0 	-59.7 	-68.1 	-93.6 	-66.7 	-70.3 	-53.8 	-49.2 	-5.7 	-14.3 	-109.1 	-131.2 	-119.3 	-112.0 
A,MIO_BAL_VAL,SITC0_1,EXT_EU27_2020,CZ	-261.7 	-269.9 	-135.6 	-16.6 	35.3 	5.0 	26.7 	49.6 	20.2 	-23.9 	60.3 	133.8 	104.9 	132.5 	174.5 	113.5 	92.3 	155.1 	99.7 	138.6 	146.3 	275.2 	230.6 	192.7 
A,MIO_BAL_VAL,SITC0_1,EXT_EU27_2020,DE	-1940.1 	-1729.7 	-1786.4 	-1697.1 	-1438.1 	-1348.4 	-465.7 	-459.7 	-519.9 	-1021.0 	800.5 	2099.1 	1701.9 	1252.4 	1827.9 	2373.8 	2270.8 	3633.0 	3929.4 	3090.2 	2137.9 	4815.5 	2880.8 	27.9 
A,MIO_BAL_VAL,SITC0_1,EXT_EU27_2020,DK	2056.0 	1872.2 	1946.6 	1804.4 	1750.9 	1775.7 	1808.1 	1740.2 	2240.4 	2509.9 	2773.7 	2645.7 	2570.3 	2689.3 	2618.0 	2705.1 	2561.5 	2917.1 	3648.5 	3540.9 	2921.0 	2695.1 	3316.7 	3459.4 
A,MIO_BAL_VAL,SITC0_1,EXT_EU27_2020,EE	2.8 	-33.1 	-20.0 	29.3 	97.6 	103.6 	96.1 	94.8 	158.6 	155.0 	182.1 	200.6 	137.5 	172.1 	137.4 	171.6 	96.4 	222.0 	244.2 	190.3 	337.5 	263.9 	252.3 	171.2 
A,MIO_BAL_VAL,SITC0_1,EXT_EU27_2020,EL	-97.0 	-173.5 	-283.3 	-163.7 	-157.9 	-346.0 	-315.1 	-140.1 	65.3 	-31.5 	358.1 	313.0 	361.7 	304.6 	278.8 	239.2 	303.7 	302.7 	563.2 	538.5 	574.8 	559.6 	683.4 	617.7 
A,MIO_BAL_VAL,SITC0_1,EXT_EU27_2020,ES	-2314.9 	-2545.4 	-2825.8 	-3144.9 	-3017.1 	-4055.1 	-3780.4 	-1955.2 	-1596.5 	-1557.0 	-455.6 	110.9 	592.0 	501.9 	1271.0 	1007.8 	532.6 	1965.7 	4719.2 	4981.4 	1159.9 	1144.8 	1894.0 	987.6 
A,MIO_BAL_VAL,SITC0_1,EXT_EU27_2020,EU27_2020	6871.5 	6289.0 	6450.8 	7076.4 	10140.9 	8765.1 	9698.6 	8522.8 	15648.8 	17152.8 	28162.2 	34463.3 	33480.1 	32181.3 	32831.3 	36139.9 	36236.7 	45552.8 	53468.0 	58629.4 	55416.7 	59830.0 	52477.3 	39641.1 
A,MIO_BAL_VAL,SITC0_1,EXT_EU27_2020,FI	32.6 	-9.3 	-23.8 	-51.4 	-26.4 	18.9 	14.7 	-49.0 	-54.3 	-102.2 	-37.3 	-21.4 	-113.5 	-376.9 	-411.3 	-423.2 	-476.8 	-355.1 	-250.3 	-252.2 	-472.0 	-375.8 	-376.4 	-411.6 
A,MIO_BAL_VAL,SITC0_1,EXT_EU27_2020,FR	6247.5 	6300.0 	6028.1 	6384.6 	7445.1 	7579.1 	8090.8 	6697.8 	9698.6 	12017.7 	12933.6 	13420.4 	12091.1 	13644.8 	12787.2 	12860.1 	13973.9 	15339.5 	14503.7 	15767.3 	17993.4 	15877.5 	13943.7 	11312.7 
A,MIO_BAL_VAL,SITC0_1,EXT_EU27_2020,HR	98.7 	105.0 	69.9 	38.5 	74.0 	49.3 	-9.7 	43.5 	87.0 	81.8 	87.7 	152.0 	255.9 	306.7 	329.6 	371.6 	495.0 	416.1 	423.4 	438.7 	411.5 	415.2 	373.6 	373.3 
A,MIO_BAL_VAL,SITC0_1,EXT_EU27_2020,HU	311.3 	282.8 	345.5 	499.9 	649.0 	532.2 	630.5 	472.3 	695.1 	760.0 	804.1 	794.6 	935.8 	949.6 	1071.1 	1016.8 	909.3 	892.7 	1010.8 	1165.4 	921.2 	1083.9 	1488.6 	1497.5 
A,MIO_BAL_VAL,SITC0_1,EXT_EU27_2020,IE	1938.6 	1920.2 	1944.4 	1963.9 	2278.7 	2039.1 	1742.6 	1143.2 	1431.5 	1704.2 	2046.7 	2254.9 	2443.2 	2679.7 	2807.1 	3295.8 	2565.7 	3027.6 	3045.2 	4236.8 	4333.4 	4104.3 	4127.0 	4270.7 
A,MIO_BAL_VAL,SITC0_1,EXT_EU27_2020,IT	846.8 	829.0 	747.6 	873.0 	1078.4 	1075.8 	1299.1 	1217.6 	1835.1 	1494.1 	3135.5 	3756.4 	3733.6 	3964.1 	4536.7 	5585.5 	6017.1 	7751.6 	8812.3 	10292.4 	9701.9 	10201.1 	11843.4 	9931.8 
A,MIO_BAL_VAL,SITC0_1,EXT_EU27_2020,LT	27.6 	81.8 	101.0 	150.8 	347.5 	489.9 	777.3 	602.9 	855.2 	1006.1 	1545.9 	1774.7 	1616.0 	1069.1 	892.6 	1026.1 	1104.2 	1205.2 	1468.1 	1190.9 	1574.1 	1939.0 	1385.7 	1368.5 
A,MIO_BAL_VAL,SITC0_1,EXT_EU27_2020,LU	-53.5 	-46.0 	-53.1 	-78.3 	-63.7 	-54.4 	-44.0 	-56.5 	-78.0 	-61.1 	-48.3 	-44.5 	-61.6 	-101.8 	-83.3 	-51.8 	-43.4 	-26.7 	-52.8 	-26.1 	15.0 	22.7 	19.7 	13.4 
A,MIO_BAL_VAL,SITC0_1,EXT_EU27_2020,LV	17.3 	-3.9 	9.2 	38.1 	76.5 	118.1 	256.6 	252.5 	360.6 	444.0 	802.6 	736.2 	790.1 	604.9 	602.4 	838.3 	720.7 	1070.1 	1171.8 	1096.3 	1285.5 	1258.6 	961.8 	907.2 
A,MIO_BAL_VAL,SITC0_1,EXT_EU27_2020,MT	-25.6 	-43.7 	-17.1 	-5.6 	20.7 	26.9 	4.0 	-38.0 	18.8 	7.6 	27.2 	72.1 	65.9 	87.9 	82.4 	71.3 	151.1 	111.8 	130.5 	102.2 	155.8 	69.7 	125.3 	115.9 
A,MIO_BAL_VAL,SITC0_1,EXT_EU27_2020,NL	2276.2 	1919.7 	2187.8 	1589.0 	2198.3 	2174.2 	839.6 	517.4 	1011.5 	606.2 	1631.1 	2363.8 	2707.5 	1614.9 	1654.2 	1727.8 	1736.2 	1746.5 	2905.8 	1866.5 	2596.2 	1674.3 	-2227.8 	-5546.2 
A,MIO_BAL_VAL,SITC0_1,EXT_EU27_2020,PL	-68.2 	165.8 	456.8 	797.2 	795.8 	794.0 	982.9 	1084.9 	1487.7 	1741.1 	2650.6 	3079.1 	3111.3 	2843.0 	3078.2 	3641.1 	3745.6 	4097.3 	4963.4 	5480.2 	5690.7 	7447.3 	7367.7 	7738.9 
A,MIO_BAL_VAL,SITC0_1,EXT_EU27_2020,PT	-782.1 	-651.5 	-676.7 	-636.1 	-401.8 	-556.3 	-660.8 	-226.0 	-232.7 	-410.0 	-86.3 	29.9 	480.5 	183.6 	29.5 	12.8 	-161.0 	-125.0 	118.8 	222.3 	-120.6 	-184.8 	-142.9 	-441.6 
A,MIO_BAL_VAL,SITC0_1,EXT_EU27_2020,RO	-319.3 	-502.7 	-638.7 	-749.3 	-844.0 	-590.7 	-130.4 	-234.2 	21.6 	31.4 	284.6 	1178.0 	1039.9 	967.4 	1232.5 	1031.7 	943.8 	1476.4 	1511.1 	2445.6 	2462.1 	2613.8 	2085.2 	2697.6 
A,MIO_BAL_VAL,SITC0_1,EXT_EU27_2020,SE	-521.0 	-498.5 	-585.2 	-759.5 	-1090.2 	-1268.5 	-1289.3 	-1495.8 	-1928.7 	-2137.5 	-1995.0 	-2351.5 	-2521.3 	-2924.2 	-3635.5 	-3305.0 	-3613.2 	-3503.6 	-3027.7 	-3306.3 	-4511.2 	-4525.1 	-4144.8 	-4208.9 
A,MIO_BAL_VAL,SITC0_1,EXT_EU27_2020,SI	86.5 	47.3 	35.8 	-38.9 	-108.5 	-186.7 	-164.4 	-250.4 	-245.4 	-259.4 	-440.8 	-314.7 	-167.6 	-260.8 	-268.2 	-219.0 	-270.5 	-279.2 	-285.0 	-337.2 	-613.8 	-616.5 	-854.9 	-789.3 
A,MIO_BAL_VAL,SITC0_1,EXT_EU27_2020,SK	-109.2 	-101.8 	-69.5 	-2.7 	14.5 	-4.0 	-8.0 	-14.4 	-14.2 	14.9 	41.7 	35.7 	35.7 	71.1 	69.2 	21.9 	-0.2 	6.8 	34.3 	44.9 	-61.2 	6.4 	65.2 	103.1 
A,MIO_BAL_VAL,SITC0_1,WORLD,AT	-504.7 	-184.0 	-160.3 	133.8 	407.8 	146.8 	107.8 	-306.0 	-256.3 	-179.8 	-368.2 	-397.6 	-397.4 	-403.5 	-440.8 	-299.9 	-84.2 	131.1 	562.0 	786.8 	819.4 	503.3 	-708.9 	-1356.3 
A,MIO_BAL_VAL,SITC0_1,WORLD,BE	2625.4 	2581.3 	2882.7 	3238.2 	3376.4 	3429.1 	3411.3 	3828.2 	4111.2 	3858.5 	4344.6 	4240.6 	3999.1 	5462.7 	5091.2 	5461.5 	5724.0 	7189.3 	6816.8 	7685.8 	8583.3 	11785.6 	11195.6 	10134.0 
A,MIO_BAL_VAL,SITC0_1,WORLD,BG	210.9 	116.5 	154.0 	197.7 	76.1 	-175.3 	-57.9 	-26.5 	292.8 	287.2 	436.8 	854.2 	608.9 	481.3 	640.5 	433.0 	505.3 	630.6 	418.0 	807.9 	842.0 	953.1 	-92.8 	-741.5 
A,MIO_BAL_VAL,SITC0_1,WORLD,CY	-302.5 	-291.1 	-340.4 	-387.6 	-455.2 	-549.6 	-680.0 	-614.0 	-681.7 	-683.2 	-701.6 	-626.6 	-677.2 	-676.4 	-671.5 	-719.0 	-717.5 	-729.3 	-621.4 	-814.2 	-1108.1 	-1214.7 	-1251.5 	-1378.4 
A,MIO_BAL_VAL,SITC0_1,WORLD,CZ	-688.3 	-709.6 	-853.4 	-730.5 	-999.4 	-1166.1 	-942.8 	-1147.3 	-1341.3 	-1262.3 	-1089.4 	-1031.5 	-752.2 	-802.5 	-818.3 	-1109.9 	-1455.6 	-1689.1 	-1176.7 	-1430.0 	-1501.5 	-1157.3 	-1409.6 	-1795.6 
A,MIO_BAL_VAL,SITC0_1,WORLD,DE	-10009.5 	-9506.0 	-8235.1 	-7427.6 	-7976.5 	-7109.8 	-5524.1 	-5497.7 	-5925.3 	-6312.0 	-5305.0 	-4240.0 	-4810.8 	-7370.6 	-8486.6 	-10360.1 	-11396.0 	-10677.1 	-12705.2 	-13563.7 	-13850.6 	-15270.2 	-18871.5 	-23891.9 
A,MIO_BAL_VAL,SITC0_1,WORLD,DK	5478.8 	5144.4 	5021.6 	5052.4 	5272.5 	4979.8 	4951.9 	4865.4 	5518.6 	5552.8 	5649.2 	5580.2 	5368.4 	5056.5 	5457.9 	5942.3 	5113.2 	5373.0 	5358.1 	5145.4 	5016.3 	5564.2 	5973.6 	6507.4 
A,MIO_BAL_VAL,SITC0_1,WORLD,EE	-158.1 	-203.2 	-225.4 	-249.1 	-229.4 	-325.0 	-326.6 	-262.1 	-207.5 	-273.1 	-205.7 	-255.2 	-255.5 	-259.6 	-355.0 	-338.8 	-373.3 	-254.0 	-220.8 	-324.8 	-282.4 	-400.9 	-477.1 	-525.3 
A,MIO_BAL_VAL,SITC0_1,WORLD,EL	-1814.5 	-2002.2 	-2300.7 	-2108.3 	-2228.8 	-2708.3 	-2673.3 	-2354.5 	-1942.9 	-1876.0 	-1297.3 	-1409.6 	-1297.0 	-1064.2 	-991.0 	-1222.7 	-1083.1 	-1179.4 	-115.2 	-362.2 	-1037.2 	-585.5 	-636.1 	-786.2 
A,MIO_BAL_VAL,SITC0_1,WORLD,ES	1924.7 	2488.7 	1150.9 	222.5 	727.0 	-192.5 	1048.6 	2247.4 	3523.5 	4089.7 	6660.3 	8812.3 	8865.5 	10190.7 	11010.1 	11184.6 	11294.4 	13507.5 	17864.5 	18366.4 	14332.7 	16188.0 	18121.2 	16610.3 
A,MIO_BAL_VAL,SITC0_1,WORLD,FI	-1074.8 	-1210.9 	-1276.0 	-1426.6 	-1485.1 	-1560.6 	-1823.4 	-1968.9 	-2098.5 	-2300.0 	-2476.7 	-2669.1 	-2665.8 	-2916.0 	-2970.5 	-3068.8 	-3186.6 	-3042.2 	-2880.4 	-3005.0 	-3725.3 	-3774.2 	-3891.1 	-4040.7 
A,MIO_BAL_VAL,SITC0_1,WORLD,FR	9147.2 	9202.0 	8467.7 	8318.9 	9265.0 	9620.9 	10060.2 	6177.1 	8880.4 	11867.3 	11877.8 	11883.5 	9512.6 	9698.3 	6647.3 	6091.9 	7152.7 	8362.3 	6568.6 	8797.5 	11253.0 	7158.8 	5440.2 	541.8 
A,MIO_BAL_VAL,SITC0_1,WORLD,HR	-378.2 	-348.8 	-500.0 	-466.6 	-432.0 	-529.3 	-715.4 	-567.9 	-549.0 	-663.6 	-633.8 	-834.0 	-890.8 	-882.8 	-764.3 	-936.6 	-858.0 	-1164.7 	-786.4 	-950.3 	-1363.9 	-1894.1 	-2677.0 	-2962.9 
A,MIO_BAL_VAL,SITC0_1,WORLD,HU	1277.9 	1188.4 	879.0 	699.1 	803.7 	1432.2 	1496.6 	1227.0 	1684.3 	2132.2 	2661.6 	2741.0 	2365.1 	2365.8 	2075.4 	2367.4 	1961.4 	1967.1 	2240.5 	2434.1 	2462.0 	2557.2 	2583.5 	2169.0 
A,MIO_BAL_VAL,SITC0_1,WORLD,IE	2870.3 	3025.8 	3150.5 	3043.5 	3513.2 	3231.0 	2483.0 	1934.0 	2563.1 	2976.6 	2849.3 	3014.6 	3421.7 	3565.8 	3806.2 	4616.3 	3880.3 	4626.8 	3948.7 	5295.2 	5995.5 	4907.4 	5120.2 	5917.2 
A,MIO_BAL_VAL,SITC0_1,WORLD,IT	-4555.2 	-5548.3 	-6295.3 	-6206.6 	-6683.9 	-6280.5 	-5271.3 	-5354.2 	-5288.3 	-6458.2 	-4292.2 	-3642.7 	-3356.3 	-2015.3 	-970.5 	203.6 	1090.4 	3244.0 	6481.0 	7919.7 	4798.0 	4500.4 	6730.9 	4398.8 
A,MIO_BAL_VAL,SITC0_1,WORLD,LT	-25.7 	41.8 	67.9 	191.7 	231.6 	409.9 	292.0 	398.7 	491.4 	549.8 	865.1 	941.1 	934.9 	778.6 	969.0 	1023.1 	1023.5 	1214.0 	1701.1 	1317.6 	1657.2 	1649.2 	1597.1 	1483.0 
A,MIO_BAL_VAL,SITC0_1,WORLD,LU	-617.9 	-694.4 	-790.7 	-782.3 	-809.8 	-870.1 	-900.3 	-885.0 	-916.7 	-905.9 	-971.2 	-1029.8 	-1041.6 	-1026.4 	-1138.9 	-1131.0 	-1182.4 	-1242.2 	-1285.2 	-1355.5 	-1410.3 	-1533.1 	-1666.5 	-1729.7 
A,MIO_BAL_VAL,SITC0_1,WORLD,LV	-283.1 	-287.0 	-313.0 	-279.9 	-339.8 	-349.1 	-309.1 	-250.1 	-158.7 	-171.9 	202.8 	59.3 	39.4 	25.9 	-64.9 	-22.1 	-84.6 	104.8 	73.2 	35.5 	256.6 	-71.4 	76.2 	78.5 
A,MIO_BAL_VAL,SITC0_1,WORLD,MT	-198.7 	-212.7 	-232.5 	-239.4 	-237.8 	-292.6 	-325.3 	-368.4 	-312.8 	-345.0 	-368.1 	-358.6 	-358.9 	-356.2 	-389.3 	-431.7 	-375.7 	-419.6 	-343.6 	-430.8 	-529.2 	-716.1 	-683.6 	-766.3 
A,MIO_BAL_VAL,SITC0_1,WORLD,NL	15233.0 	14563.0 	15330.0 	16045.7 	16729.2 	17856.5 	18175.7 	17211.9 	19691.1 	19378.0 	19782.9 	22375.0 	23099.2 	20450.6 	23471.5 	24405.0 	23963.0 	25384.6 	25251.2 	26903.9 	31105.4 	33970.6 	36166.9 	36190.2 
A,MIO_BAL_VAL,SITC0_1,WORLD,PL	3.4 	778.7 	1193.1 	1992.6 	2502.0 	2359.1 	2123.1 	2722.6 	3109.4 	3541.4 	5307.3 	6510.7 	7271.5 	8164.5 	7771.5 	9540.0 	10785.6 	11445.4 	12527.6 	13963.3 	17700.7 	19890.8 	19512.4 	21493.5 
A,MIO_BAL_VAL,SITC0_1,WORLD,PT	-2857.3 	-2788.8 	-2828.4 	-2940.7 	-3019.8 	-3275.6 	-3244.1 	-3064.4 	-3183.5 	-3288.3 	-2811.0 	-2777.3 	-2343.5 	-2502.7 	-2790.5 	-3135.3 	-3357.3 	-3396.7 	-2800.2 	-2936.7 	-4630.2 	-5249.4 	-5171.1 	-6210.0 
A,MIO_BAL_VAL,SITC0_1,WORLD,RO	-676.0 	-1022.8 	-1122.9 	-1316.2 	-1587.0 	-2120.6 	-2181.9 	-1608.2 	-936.1 	-825.6 	-757.2 	-112.3 	-36.5 	-531.8 	-1231.9 	-1699.5 	-1718.8 	-1645.0 	-2067.8 	-1273.2 	-1869.0 	-2401.4 	-3649.5 	-2671.6 
A,MIO_BAL_VAL,SITC0_1,WORLD,SE	-2657.5 	-2709.4 	-2816.9 	-2913.2 	-3250.1 	-3598.6 	-3822.6 	-3765.5 	-4026.6 	-4578.7 	-4778.5 	-5048.9 	-4994.8 	-5468.4 	-5755.8 	-5848.5 	-6013.0 	-5844.0 	-5416.6 	-5374.8 	-6550.2 	-6513.1 	-6936.3 	-7796.6 
A,MIO_BAL_VAL,SITC0_1,WORLD,SI	-278.0 	-297.7 	-455.2 	-519.5 	-548.0 	-670.9 	-734.9 	-790.2 	-725.1 	-852.4 	-819.7 	-824.4 	-797.1 	-812.2 	-808.3 	-812.6 	-772.9 	-793.7 	-713.4 	-652.7 	-871.0 	-1021.5 	-1287.8 	-1235.9 
A,MIO_BAL_VAL,SITC0_1,WORLD,SK	-410.7 	-324.4 	-415.0 	-523.6 	-378.7 	-656.2 	-880.4 	-940.9 	-1086.2 	-959.5 	-711.5 	-995.2 	-1106.7 	-1126.7 	-1329.0 	-1453.4 	-1727.0 	-1849.4 	-1734.2 	-1854.5 	-1992.7 	-2281.5 	-2774.7 	-2647.0 
A,MIO_BAL_VAL,SITC2_4,EU27_2020,AT	-333.4 	-273.3 	-352.9 	-763.2 	-1068.2 	-930.4 	-1303.9 	-1094.9 	-1851.9 	-2349.2 	-2265.1 	-1853.4 	-1693.1 	-1740.4 	-1526.6 	-1735.5 	-1777.1 	-1583.7 	-1779.8 	-2618.1 	-2834.8 	-2577.5 	-2339.9 	-2027.1 
A,MIO_BAL_VAL,SITC2_4,EU27_2020,BE	-219.0 	-113.8 	-862.8 	-1273.0 	-2039.9 	-2382.4 	-2447.1 	-1490.5 	-1892.0 	-2510.7 	-1651.6 	-941.4 	-1510.7 	-544.6 	-936.7 	-1106.1 	-1793.3 	-1546.5 	-3096.0 	-5243.2 	-3767.9 	-2479.4 	-2824.2 	-2716.0 
A,MIO_BAL_VAL,SITC2_4,EU27_2020,BG	86.6 	54.1 	24.2 	52.2 	97.0 	93.3 	14.4 	216.6 	256.6 	-261.4 	-480.6 	-410.2 	-269.5 	-221.7 	57.6 	-371.7 	-243.4 	69.8 	718.9 	935.8 	1319.6 	705.9 	322.4 	711.3 
A,MIO_BAL_VAL,SITC2_4,EU27_2020,CY	-31.2 	-36.8 	-35.6 	-40.9 	-32.8 	-44.1 	-37.1 	-34.3 	-28.4 	-10.2 	11.0 	5.1 	-12.5 	-13.3 	-23.7 	-14.0 	-7.9 	-8.8 	-9.0 	-2.1 	-8.3 	-2.4 	-10.6 	-6.3 
A,MIO_BAL_VAL,SITC2_4,EU27_2020,CZ	333.3 	305.8 	273.7 	253.4 	425.5 	733.6 	868.6 	738.5 	1197.3 	1014.6 	1073.4 	1013.3 	1003.4 	930.2 	801.4 	1024.8 	1160.4 	1171.6 	1216.0 	2060.0 	1879.2 	1195.8 	1054.3 	1002.2 
A,MIO_BAL_VAL,SITC2_4,EU27_2020,DE	-3773.5 	-3689.1 	-3911.6 	-4720.5 	-5676.1 	-5821.8 	-6440.6 	-5433.6 	-7713.2 	-9383.5 	-8747.5 	-9551.2 	-8953.7 	-9058.9 	-9111.5 	-10327.8 	-10391.2 	-11139.3 	-10052.1 	-13039.0 	-14408.6 	-13089.7 	-12067.3 	-13214.2 
A,MIO_BAL_VAL,SITC2_4,EU27_2020,DK	-42.3 	61.6 	50.1 	74.3 	211.2 	98.2 	74.4 	38.5 	95.3 	105.6 	5.0 	-229.4 	-165.2 	-400.1 	-73.2 	-119.0 	-191.6 	-9.0 	48.8 	-74.6 	-273.3 	-321.8 	-119.2 	-123.2 
A,MIO_BAL_VAL,SITC2_4,EU27_2020,EE	167.2 	209.3 	176.6 	218.8 	250.0 	293.5 	277.1 	209.8 	393.9 	450.6 	347.3 	342.7 	344.5 	337.6 	366.5 	435.2 	541.4 	509.7 	440.7 	547.9 	573.6 	471.0 	455.0 	388.7 
A,MIO_BAL_VAL,SITC2_4,EU27_2020,EL	-7.2 	90.4 	-115.9 	102.3 	161.4 	-84.0 	-194.9 	-122.8 	-144.7 	-121.3 	18.0 	168.6 	-152.7 	297.0 	242.5 	72.6 	191.9 	6.0 	193.0 	259.6 	318.3 	615.9 	210.4 	220.2 
A,MIO_BAL_VAL,SITC2_4,EU27_2020,ES	120.7 	-277.4 	-430.3 	-706.8 	-1391.3 	-1181.4 	-787.1 	-102.7 	-268.8 	331.1 	504.2 	901.6 	1330.0 	516.5 	607.2 	1760.0 	1096.4 	1019.5 	874.0 	517.7 	-69.9 	-145.9 	959.1 	815.2 
A,MIO_BAL_VAL,SITC2_4,EU27_2020,EU27_2020	-529.9 	-15.0 	-943.9 	-1807.6 	-3436.1 	-3343.5 	-3547.3 	-2535.9 	-2753.9 	-5169.5 	-2177.0 	-1931.3 	-2913.1 	-3501.9 	-3408.5 	-3443.0 	-4619.3 	-4039.5 	-3790.4 	-4658.6 	-4849.8 	-5207.4 	-4108.8 	-4583.9 
A,MIO_BAL_VAL,SITC2_4,EU27_2020,FI	920.3 	824.0 	459.5 	174.9 	-341.3 	-854.3 	-940.4 	-609.6 	-1149.7 	-1341.2 	-541.8 	-277.4 	-335.1 	12.3 	109.8 	63.5 	333.7 	353.1 	40.0 	373.5 	101.0 	-97.9 	244.5 	186.7 
A,MIO_BAL_VAL,SITC2_4,EU27_2020,FR	-285.9 	-155.0 	60.5 	10.9 	742.5 	674.8 	513.2 	-666.9 	311.7 	1173.6 	986.2 	126.9 	259.3 	-634.2 	-607.2 	-305.0 	-529.2 	-678.0 	-779.4 	386.2 	124.0 	-301.6 	48.3 	809.4 
A,MIO_BAL_VAL,SITC2_4,EU27_2020,HR	109.0 	99.8 	136.6 	135.5 	202.6 	250.8 	179.4 	159.8 	286.3 	361.7 	328.1 	379.7 	313.6 	319.2 	382.1 	399.3 	420.2 	435.8 	416.9 	486.8 	505.5 	392.3 	414.6 	494.0 
A,MIO_BAL_VAL,SITC2_4,EU27_2020,HU	117.9 	155.8 	283.9 	263.8 	240.5 	348.6 	465.2 	479.3 	597.4 	843.9 	1000.3 	736.6 	593.5 	516.5 	492.6 	541.5 	476.2 	485.6 	529.8 	650.8 	968.7 	923.8 	715.7 	607.9 
A,MIO_BAL_VAL,SITC2_4,EU27_2020,IE	132.9 	182.6 	178.5 	254.8 	483.0 	485.0 	356.4 	215.2 	496.1 	605.1 	638.4 	614.9 	585.8 	571.2 	404.3 	580.9 	588.8 	403.0 	209.6 	427.4 	281.0 	-55.8 	-96.3 	12.5 
A,MIO_BAL_VAL,SITC2_4,EU27_2020,IT	-5270.3 	-5122.7 	-5638.6 	-5687.3 	-6678.2 	-6633.5 	-6515.1 	-4262.7 	-6301.2 	-7160.8 	-6415.9 	-6349.3 	-6938.0 	-6445.7 	-6038.0 	-7110.0 	-7207.4 	-6542.2 	-5356.8 	-8093.4 	-10451.3 	-8230.2 	-8617.9 	-9841.6 
A,MIO_BAL_VAL,SITC2_4,EU27_2020,LT	72.5 	113.2 	95.0 	110.7 	118.7 	224.7 	137.5 	125.9 	218.5 	238.5 	379.5 	260.1 	218.4 	260.5 	73.5 	69.1 	129.3 	232.5 	363.0 	400.4 	553.1 	109.3 	172.2 	169.8 
A,MIO_BAL_VAL,SITC2_4,EU27_2020,LU	-383.6 	-458.4 	-728.4 	-635.2 	-942.5 	-1036.9 	-1135.9 	-671.1 	-1326.5 	-1616.4 	-1317.1 	-1074.7 	-1014.4 	-884.4 	-823.8 	-1024.9 	-1191.1 	-1050.2 	-787.4 	-1399.9 	-1524.5 	-1213.9 	-1288.6 	-1373.5 
A,MIO_BAL_VAL,SITC2_4,EU27_2020,LV	209.0 	226.0 	271.1 	358.5 	402.4 	486.6 	431.6 	333.3 	513.8 	576.0 	434.4 	498.2 	454.9 	407.4 	425.0 	470.7 	578.9 	677.6 	638.5 	496.6 	929.4 	638.2 	799.9 	631.7 
A,MIO_BAL_VAL,SITC2_4,EU27_2020,MT	-22.0 	-22.3 	-17.5 	-23.6 	-21.1 	-17.0 	-19.7 	-21.7 	-17.9 	-16.4 	-19.9 	-17.1 	-16.9 	-19.5 	-21.0 	-22.4 	-24.5 	-29.9 	-26.4 	-32.0 	-34.6 	-32.7 	-35.0 	-40.2 
A,MIO_BAL_VAL,SITC2_4,EU27_2020,NL	6320.1 	6402.1 	7850.8 	8451.4 	9019.7 	9870.3 	11136.4 	8542.4 	11502.1 	12276.3 	12162.3 	11914.5 	11384.4 	10954.6 	11188.9 	12648.9 	12179.3 	12175.9 	11543.9 	15420.7 	17770.9 	16167.2 	16607.5 	17709.1 
A,MIO_BAL_VAL,SITC2_4,EU27_2020,PL	-81.2 	46.2 	-69.5 	-152.8 	93.8 	156.8 	-248.4 	-334.7 	-124.8 	-585.8 	-576.7 	-156.3 	-161.2 	-149.5 	-621.9 	-846.6 	-765.3 	-427.6 	-525.6 	-583.9 	-759.4 	-411.9 	-823.1 	-1456.7 
A,MIO_BAL_VAL,SITC2_4,EU27_2020,PT	-7.2 	-38.4 	83.7 	248.3 	478.9 	515.9 	182.7 	58.0 	334.3 	71.1 	71.3 	-42.1 	-55.7 	-6.9 	-40.7 	-170.0 	78.9 	7.1 	-92.0 	134.0 	260.8 	13.0 	891.0 	546.8 
A,MIO_BAL_VAL,SITC2_4,EU27_2020,RO	73.9 	157.7 	187.3 	84.5 	235.5 	-24.2 	114.0 	134.7 	167.0 	430.6 	70.8 	444.6 	282.2 	291.7 	264.4 	286.3 	199.6 	82.6 	15.8 	408.7 	1060.9 	699.3 	37.0 	586.7 
A,MIO_BAL_VAL,SITC2_4,EU27_2020,SE	1470.0 	1458.2 	1324.0 	1571.6 	1855.2 	1860.8 	2001.1 	1256.0 	1979.7 	1857.0 	1897.7 	1665.8 	1830.1 	1468.8 	1202.5 	1527.7 	1712.7 	1523.3 	1617.8 	3026.1 	2474.2 	1859.9 	1348.3 	1531.2 
A,MIO_BAL_VAL,SITC2_4,EU27_2020,SI	-275.3 	-280.1 	-343.2 	-325.5 	-358.9 	-493.4 	-423.5 	-320.4 	-293.4 	-170.9 	-230.5 	-250.7 	-201.4 	-225.2 	-193.7 	-181.4 	-242.2 	-244.8 	-244.9 	-268.6 	-277.6 	-230.5 	-171.7 	14.8 
A,MIO_BAL_VAL,SITC2_4,EU27_2020,SK	68.8 	65.4 	106.8 	155.5 	96.3 	66.9 	194.5 	122.3 	8.5 	22.7 	141.7 	149.3 	-33.4 	-41.1 	-8.7 	10.9 	57.3 	67.3 	92.2 	164.1 	440.1 	192.4 	4.9 	-223.4 
A,MIO_BAL_VAL,SITC2_4,EXT_EU27_2020,AT	-175.3 	-145.4 	-168.1 	-311.3 	-348.4 	-226.4 	-395.4 	-73.8 	-474.0 	-638.0 	-443.7 	-346.1 	-420.4 	-119.6 	133.9 	96.0 	92.1 	58.7 	39.2 	-97.7 	-114.6 	-653.2 	-385.1 	-158.2 
A,MIO_BAL_VAL,SITC2_4,EXT_EU27_2020,BE	-2038.5 	-2052.7 	-1970.9 	-2106.7 	-3179.8 	-3784.3 	-2645.2 	-1542.9 	-2691.3 	-3394.8 	-3766.7 	-3414.8 	-3201.3 	-3457.9 	-3391.6 	-3507.1 	-4385.0 	-4363.1 	-4337.8 	-5531.5 	-7491.5 	-4846.1 	-4765.0 	-5851.7 
A,MIO_BAL_VAL,SITC2_4,EXT_EU27_2020,BG	-135.9 	-218.5 	-262.0 	-364.7 	-652.1 	-840.1 	-731.6 	-517.4 	-533.6 	17.4 	84.7 	28.1 	-149.2 	-273.1 	-187.5 	-469.6 	-648.9 	-579.9 	-1658.3 	-1309.2 	-2632.2 	-1424.3 	-2208.6 	-1462.7 
A,MIO_BAL_VAL,SITC2_4,EXT_EU27_2020,CY	-11.5 	-13.3 	-12.7 	-13.5 	-9.1 	-17.3 	-26.7 	-5.5 	9.0 	15.9 	9.7 	10.0 	8.1 	0.8 	1.7 	3.3 	5.5 	-10.2 	2.3 	-5.2 	3.8 	11.6 	13.9 	7.0 
A,MIO_BAL_VAL,SITC2_4,EXT_EU27_2020,CZ	-502.0 	-546.3 	-571.6 	-457.6 	-585.5 	-540.9 	-889.7 	-336.6 	-700.4 	-1004.8 	-615.4 	-640.0 	-562.0 	-415.4 	-390.4 	-517.4 	-576.2 	-472.7 	-435.1 	-859.1 	-802.6 	-548.9 	-338.9 	-376.5 
A,MIO_BAL_VAL,SITC2_4,EXT_EU27_2020,DE	-4287.6 	-4058.6 	-4526.8 	-4302.2 	-6432.8 	-6953.1 	-6822.6 	-4155.8 	-6859.0 	-9243.2 	-8131.0 	-7260.6 	-6984.8 	-6361.2 	-6131.7 	-6857.7 	-7220.8 	-6823.0 	-7396.4 	-10925.3 	-12434.3 	-8401.6 	-6888.6 	-7423.7 
A,MIO_BAL_VAL,SITC2_4,EXT_EU27_2020,DK	360.8 	353.0 	421.3 	480.2 	574.2 	339.6 	558.1 	574.1 	1062.3 	1228.2 	1467.9 	1782.6 	1070.1 	1467.4 	908.4 	1112.3 	814.2 	710.0 	426.1 	794.2 	501.2 	680.7 	642.3 	224.5 
A,MIO_BAL_VAL,SITC2_4,EXT_EU27_2020,EE	49.9 	29.3 	17.2 	44.7 	67.9 	36.2 	167.3 	60.7 	133.6 	134.2 	143.8 	167.4 	165.5 	162.6 	166.5 	241.9 	193.8 	143.7 	127.3 	139.6 	332.3 	397.1 	362.0 	321.6 
A,MIO_BAL_VAL,SITC2_4,EXT_EU27_2020,EL	-213.0 	-151.3 	-249.5 	-218.0 	-207.7 	-567.7 	-630.9 	-97.0 	19.2 	-199.2 	34.9 	63.4 	6.4 	49.0 	90.3 	216.8 	222.9 	232.4 	99.1 	148.0 	-231.4 	-75.4 	-61.5 	-368.1 
A,MIO_BAL_VAL,SITC2_4,EXT_EU27_2020,ES	-2766.0 	-2820.3 	-3046.6 	-3432.9 	-4539.3 	-4850.7 	-5533.4 	-3043.0 	-4606.1 	-5785.9 	-4697.1 	-4816.4 	-4811.3 	-4585.0 	-3674.8 	-5266.7 	-4743.5 	-3756.8 	-3609.9 	-5639.8 	-5755.6 	-4442.9 	-3833.1 	-3424.0 
A,MIO_BAL_VAL,SITC2_4,EXT_EU27_2020,EU27_2020	-20539.0 	-20206.2 	-22648.5 	-23722.4 	-29456.9 	-33701.8 	-37454.5 	-16178.7 	-28919.2 	-36553.6 	-29804.3 	-26442.0 	-24973.4 	-23933.9 	-21511.0 	-25604.1 	-27252.7 	-26298.8 	-26232.7 	-35732.6 	-48864.3 	-29148.1 	-27808.3 	-28840.4 
A,MIO_BAL_VAL,SITC2_4,EXT_EU27_2020,FI	-87.3 	-312.2 	-807.4 	-860.7 	-1256.1 	-1668.8 	-1263.1 	-46.6 	-278.4 	-34.8 	607.3 	1044.8 	812.1 	1183.3 	958.2 	1381.6 	1493.3 	1270.1 	682.9 	1422.0 	1439.8 	1977.4 	2032.9 	1919.7 
A,MIO_BAL_VAL,SITC2_4,EXT_EU27_2020,FR	-2125.8 	-2160.3 	-1868.9 	-2092.0 	-2297.4 	-2641.9 	-3569.1 	-1611.6 	-2398.9 	-3041.6 	-2158.3 	-1965.7 	-1537.9 	-1203.1 	-1099.1 	-1313.0 	-1289.2 	-1396.7 	-1201.0 	-2046.7 	-2212.4 	-690.0 	-298.6 	-600.4 
A,MIO_BAL_VAL,SITC2_4,EXT_EU27_2020,HR	-115.1 	-102.8 	-91.0 	-72.8 	-52.7 	-31.1 	-79.8 	13.8 	23.8 	56.3 	93.7 	61.5 	142.4 	169.0 	143.6 	231.1 	182.8 	181.4 	218.6 	312.0 	390.3 	280.3 	306.5 	289.2 
A,MIO_BAL_VAL,SITC2_4,EXT_EU27_2020,HU	-185.8 	-209.7 	-222.7 	-199.4 	-243.3 	-321.1 	-290.1 	-106.6 	-288.0 	-296.0 	-173.8 	-58.3 	-87.8 	-216.6 	-198.4 	-317.0 	-328.6 	-267.1 	-242.2 	-280.3 	-737.0 	-389.6 	-86.6 	-80.9 
A,MIO_BAL_VAL,SITC2_4,EXT_EU27_2020,IE	12.6 	24.4 	44.6 	-15.7 	16.2 	-68.8 	-10.6 	17.6 	116.8 	239.9 	205.5 	261.5 	325.8 	157.7 	135.2 	158.9 	182.0 	74.7 	49.2 	311.6 	323.5 	155.0 	361.4 	398.3 
A,MIO_BAL_VAL,SITC2_4,EXT_EU27_2020,IT	-5448.4 	-5055.2 	-5459.9 	-5527.2 	-6167.8 	-6258.0 	-6768.6 	-3698.0 	-5857.5 	-7396.6 	-6044.9 	-5793.4 	-5522.4 	-5627.0 	-5016.4 	-5264.6 	-5691.4 	-5923.1 	-5290.8 	-7103.6 	-8713.6 	-5958.4 	-5126.4 	-5124.0 
A,MIO_BAL_VAL,SITC2_4,EXT_EU27_2020,LT	-70.5 	-91.7 	-65.1 	-77.5 	-132.8 	-144.6 	-350.6 	-168.3 	-180.8 	-197.7 	-223.1 	-143.4 	-83.1 	-178.3 	-91.0 	45.2 	-13.6 	-141.4 	-72.4 	-38.9 	95.0 	301.2 	236.5 	24.6 
A,MIO_BAL_VAL,SITC2_4,EXT_EU27_2020,LU	-49.0 	-50.6 	-62.5 	-63.9 	-100.9 	-57.9 	-74.4 	-27.2 	-37.7 	-39.8 	-32.6 	-29.8 	-35.8 	-41.1 	-47.4 	-70.2 	-31.1 	-33.3 	-58.2 	-91.9 	-86.1 	-62.9 	-47.4 	-41.9 
A,MIO_BAL_VAL,SITC2_4,EXT_EU27_2020,LV	265.9 	284.4 	237.0 	218.1 	176.4 	136.4 	84.9 	155.6 	268.8 	366.3 	265.0 	396.1 	466.2 	508.6 	501.3 	495.7 	515.0 	437.8 	454.6 	1041.8 	924.5 	826.0 	838.0 	902.3 
A,MIO_BAL_VAL,SITC2_4,EXT_EU27_2020,MT	-8.0 	-6.1 	-7.6 	-9.2 	-9.9 	-4.0 	-1.9 	-6.4 	-6.6 	4.1 	2.2 	-2.2 	0.0 	-1.1 	-1.2 	0.3 	1.0 	-6.0 	-4.1 	10.1 	7.3 	3.1 	2.4 	-11.9 
A,MIO_BAL_VAL,SITC2_4,EXT_EU27_2020,NL	-2498.4 	-2484.9 	-3270.9 	-3945.2 	-3497.0 	-4330.0 	-6611.4 	-2333.7 	-5977.3 	-7545.8 	-6997.4 	-6941.1 	-6064.6 	-5831.2 	-5197.1 	-6665.6 	-6508.4 	-6877.5 	-6449.5 	-8598.4 	-11363.9 	-7831.4 	-9149.9 	-9276.8 
A,MIO_BAL_VAL,SITC2_4,EXT_EU27_2020,PL	-787.6 	-841.2 	-1046.7 	-870.5 	-1356.1 	-1568.8 	-1807.3 	-896.0 	-1362.7 	-1846.8 	-1740.8 	-1374.4 	-1388.4 	-1472.2 	-1321.3 	-1698.4 	-1576.8 	-1609.4 	-1306.0 	-1939.6 	-3525.0 	-2215.7 	-2166.3 	-2121.2 
A,MIO_BAL_VAL,SITC2_4,EXT_EU27_2020,PT	-563.0 	-483.4 	-459.7 	-400.3 	-343.8 	-509.4 	-625.9 	-227.0 	-388.9 	-328.5 	-159.9 	-156.0 	-83.7 	-97.2 	-111.7 	-106.2 	-229.1 	-72.9 	9.3 	-65.6 	-429.1 	55.8 	-58.1 	1.1 
A,MIO_BAL_VAL,SITC2_4,EXT_EU27_2020,RO	56.2 	135.7 	176.7 	70.0 	186.3 	169.0 	86.7 	531.7 	761.8 	848.6 	640.8 	745.5 	721.4 	239.0 	96.2 	25.9 	-44.6 	1.4 	72.3 	185.9 	-507.4 	365.8 	285.8 	627.4 
A,MIO_BAL_VAL,SITC2_4,EXT_EU27_2020,SE	1170.8 	1182.7 	1120.3 	1300.1 	1438.4 	1478.7 	1403.9 	1551.3 	2039.8 	2412.6 	2492.4 	2536.7 	2749.7 	2287.6 	2515.0 	3071.4 	2954.6 	3506.6 	4043.6 	5504.7 	5419.4 	4028.5 	3458.7 	3697.0 
A,MIO_BAL_VAL,SITC2_4,EXT_EU27_2020,SI	-141.4 	-159.3 	-134.6 	-118.0 	-98.1 	-78.0 	-129.3 	42.9 	-188.7 	-306.0 	-115.6 	-49.0 	-18.3 	67.5 	93.6 	38.0 	48.8 	57.2 	95.1 	-25.8 	-140.9 	10.7 	-336.5 	-459.6 
A,MIO_BAL_VAL,SITC2_4,EXT_EU27_2020,SK	-245.3 	-252.0 	-360.5 	-376.1 	-405.8 	-398.6 	-497.8 	-232.8 	-524.3 	-577.5 	-551.7 	-548.3 	-490.1 	-346.4 	-395.7 	-669.2 	-671.6 	-639.7 	-490.6 	-1043.7 	-1123.8 	-701.0 	-598.0 	-471.7 
A,MIO_BAL_VAL,SITC2_4,WORLD,AT	-508.7 	-418.6 	-520.9 	-1074.5 	-1416.6 	-1156.8 	-1699.3 	-1168.7 	-2325.9 	-2987.2 	-2708.8 	-2199.4 	-2113.5 	-1860.0 	-1392.8 	-1639.5 	-1685.0 	-1525.0 	-1740.6 	-2715.8 	-2949.4 	-3230.7 	-2724.9 	-2185.3 
A,MIO_BAL_VAL,SITC2_4,WORLD,BE	-2257.4 	-2166.5 	-2833.7 	-3379.7 	-5219.7 	-6166.7 	-5092.4 	-3033.4 	-4583.3 	-5905.5 	-5418.3 	-4356.2 	-4711.9 	-4002.6 	-4328.3 	-4613.2 	-6178.2 	-5909.7 	-7433.8 	-10774.7 	-11259.4 	-7325.5 	-7589.2 	-8567.7 
A,MIO_BAL_VAL,SITC2_4,WORLD,BG	-49.3 	-164.4 	-237.8 	-312.5 	-555.0 	-746.8 	-717.2 	-300.8 	-277.1 	-244.0 	-395.8 	-382.1 	-418.6 	-494.8 	-129.9 	-841.3 	-892.3 	-510.1 	-939.4 	-373.4 	-1312.6 	-718.3 	-1886.2 	-751.3 
A,MIO_BAL_VAL,SITC2_4,WORLD,CY	-42.6 	-50.1 	-48.3 	-54.5 	-41.8 	-61.4 	-63.8 	-39.7 	-19.4 	5.7 	20.7 	15.0 	-4.5 	-12.5 	-22.1 	-10.7 	-2.4 	-19.0 	-6.7 	-7.3 	-4.5 	9.2 	3.3 	0.7 
A,MIO_BAL_VAL,SITC2_4,WORLD,CZ	-168.7 	-240.6 	-297.9 	-204.2 	-160.1 	192.7 	-21.2 	401.8 	496.9 	9.8 	458.1 	373.3 	441.5 	514.8 	411.0 	507.4 	584.2 	698.9 	780.9 	1200.9 	1076.6 	646.9 	715.4 	625.7 
A,MIO_BAL_VAL,SITC2_4,WORLD,DE	-8061.1 	-7747.7 	-8438.3 	-9022.7 	-12108.8 	-12774.9 	-13263.2 	-9589.4 	-14572.2 	-18626.7 	-16878.5 	-16811.8 	-15938.5 	-15420.2 	-15243.2 	-17185.5 	-17612.0 	-17962.3 	-17448.5 	-23964.3 	-26842.9 	-21491.2 	-18956.0 	-20637.9 
A,MIO_BAL_VAL,SITC2_4,WORLD,DK	318.5 	414.6 	471.4 	554.5 	785.4 	437.8 	632.4 	612.5 	1157.6 	1333.8 	1472.8 	1553.1 	904.9 	1067.3 	835.3 	993.3 	622.6 	701.0 	474.9 	719.5 	227.9 	358.9 	523.1 	101.3 
A,MIO_BAL_VAL,SITC2_4,WORLD,EE	217.1 	238.6 	193.8 	263.5 	317.9 	329.7 	444.3 	270.5 	527.5 	584.9 	491.1 	510.2 	510.1 	500.2 	533.0 	677.1 	735.2 	653.4 	568.1 	687.5 	905.9 	868.0 	817.0 	710.4 
A,MIO_BAL_VAL,SITC2_4,WORLD,EL	-220.2 	-61.0 	-365.4 	-115.7 	-46.3 	-651.7 	-825.8 	-219.9 	-125.5 	-320.5 	53.0 	232.0 	-146.3 	346.0 	332.7 	289.4 	414.7 	238.4 	292.1 	407.6 	86.9 	540.5 	149.0 	-147.9 
A,MIO_BAL_VAL,SITC2_4,WORLD,ES	-2645.2 	-3097.6 	-3476.9 	-4139.7 	-5930.6 	-6032.0 	-6320.4 	-3145.7 	-4874.9 	-5454.9 	-4193.0 	-3914.8 	-3481.3 	-4068.5 	-3067.6 	-3506.7 	-3647.1 	-2737.2 	-2735.8 	-5122.1 	-5825.4 	-4588.8 	-2874.0 	-2608.7 
A,MIO_BAL_VAL,SITC2_4,WORLD,FI	833.0 	511.8 	-348.0 	-685.9 	-1597.4 	-2523.1 	-2203.5 	-656.3 	-1428.1 	-1376.0 	65.5 	767.4 	477.0 	1195.7 	1068.1 	1445.1 	1827.0 	1623.2 	722.8 	1795.4 	1540.7 	1879.6 	2277.4 	2106.4 
A,MIO_BAL_VAL,SITC2_4,WORLD,FR	-2411.7 	-2315.2 	-1808.4 	-2081.1 	-1554.9 	-1967.1 	-3055.9 	-2278.5 	-2087.1 	-1868.0 	-1172.2 	-1838.8 	-1278.6 	-1837.3 	-1706.3 	-1617.9 	-1818.5 	-2074.7 	-1980.4 	-1660.6 	-2088.4 	-991.7 	-250.3 	209.0 
A,MIO_BAL_VAL,SITC2_4,WORLD,HR	-6.1 	-2.9 	45.6 	62.8 	149.9 	219.7 	99.6 	173.6 	310.0 	417.9 	421.8 	441.2 	456.0 	488.2 	525.8 	630.4 	603.0 	617.3 	635.5 	798.8 	895.8 	672.6 	721.1 	783.2 
A,MIO_BAL_VAL,SITC2_4,WORLD,HU	-68.0 	-53.9 	61.2 	64.4 	-2.9 	27.4 	175.1 	372.6 	309.4 	547.9 	826.4 	678.3 	505.7 	299.9 	294.2 	224.4 	147.6 	218.5 	287.7 	370.4 	231.8 	534.1 	629.1 	527.0 
A,MIO_BAL_VAL,SITC2_4,WORLD,IE	145.5 	207.0 	223.1 	239.1 	499.1 	416.2 	345.8 	232.8 	612.9 	845.0 	843.9 	876.4 	911.7 	728.9 	539.5 	739.8 	770.8 	477.7 	258.8 	739.0 	604.5 	99.2 	265.1 	410.9 
A,MIO_BAL_VAL,SITC2_4,WORLD,IT	-10718.7 	-10177.9 	-11098.5 	-11214.5 	-12846.0 	-12891.6 	-13283.7 	-7960.7 	-12158.6 	-14557.4 	-12460.8 	-12142.6 	-12460.4 	-12072.7 	-11054.4 	-12374.6 	-12898.8 	-12465.3 	-10647.6 	-15197.1 	-19164.9 	-14188.6 	-13744.3 	-14965.6 
A,MIO_BAL_VAL,SITC2_4,WORLD,LT	2.0 	21.5 	29.9 	33.3 	-14.1 	80.2 	-213.1 	-42.4 	37.6 	40.7 	156.4 	116.7 	135.3 	82.2 	-17.4 	114.3 	115.7 	91.1 	290.6 	361.5 	648.1 	410.5 	408.7 	194.4 
A,MIO_BAL_VAL,SITC2_4,WORLD,LU	-432.5 	-509.0 	-790.9 	-699.1 	-1043.4 	-1094.8 	-1210.3 	-698.3 	-1364.2 	-1656.2 	-1349.7 	-1104.5 	-1050.2 	-925.5 	-871.2 	-1095.1 	-1222.2 	-1083.5 	-845.6 	-1491.9 	-1610.6 	-1276.8 	-1336.0 	-1415.4 
A,MIO_BAL_VAL,SITC2_4,WORLD,LV	475.0 	510.4 	508.1 	576.6 	578.7 	623.0 	516.5 	488.9 	782.6 	942.3 	699.4 	894.3 	921.1 	916.0 	926.3 	966.4 	1093.9 	1115.4 	1093.1 	1538.4 	1854.0 	1464.3 	1637.9 	1533.9 
A,MIO_BAL_VAL,SITC2_4,WORLD,MT	-30.0 	-28.4 	-25.1 	-32.8 	-31.0 	-21.0 	-21.6 	-28.2 	-24.5 	-12.3 	-17.7 	-19.3 	-16.9 	-20.6 	-22.2 	-22.1 	-23.5 	-35.9 	-30.5 	-21.8 	-27.3 	-29.6 	-32.6 	-52.0 
A,MIO_BAL_VAL,SITC2_4,WORLD,NL	3821.6 	3917.1 	4579.9 	4506.1 	5522.7 	5540.3 	4525.0 	6208.7 	5524.8 	4730.5 	5164.9 	4973.3 	5319.8 	5123.4 	5991.9 	5983.3 	5670.9 	5298.4 	5094.3 	6822.3 	6407.0 	8335.8 	7457.5 	8432.3 
A,MIO_BAL_VAL,SITC2_4,WORLD,PL	-868.8 	-795.0 	-1116.2 	-1023.4 	-1262.4 	-1412.0 	-2055.8 	-1230.7 	-1487.5 	-2432.6 	-2317.5 	-1530.7 	-1549.6 	-1621.7 	-1943.2 	-2545.0 	-2342.1 	-2037.0 	-1831.6 	-2523.5 	-4284.4 	-2627.6 	-2989.5 	-3577.9 
A,MIO_BAL_VAL,SITC2_4,WORLD,PT	-570.2 	-521.8 	-376.0 	-152.1 	135.2 	6.5 	-443.1 	-169.0 	-54.6 	-257.4 	-88.6 	-198.1 	-139.4 	-104.1 	-152.4 	-276.2 	-150.2 	-65.8 	-82.7 	68.5 	-168.3 	68.8 	832.9 	547.8 
A,MIO_BAL_VAL,SITC2_4,WORLD,RO	130.1 	293.4 	364.0 	154.5 	421.8 	144.7 	200.7 	666.4 	928.8 	1279.2 	711.7 	1190.1 	1003.6 	530.7 	360.6 	312.2 	155.0 	84.0 	88.1 	594.6 	553.4 	1065.1 	322.7 	1214.1 
A,MIO_BAL_VAL,SITC2_4,WORLD,SE	2640.8 	2640.9 	2444.3 	2871.6 	3293.7 	3339.4 	3405.1 	2807.3 	4019.5 	4269.7 	4390.1 	4202.4 	4579.7 	3756.4 	3717.5 	4599.1 	4667.4 	5030.0 	5661.4 	8530.7 	7893.6 	5888.3 	4807.0 	5228.2 
A,MIO_BAL_VAL,SITC2_4,WORLD,SI	-416.6 	-439.4 	-477.8 	-443.5 	-456.9 	-571.4 	-552.8 	-277.5 	-482.1 	-476.9 	-346.1 	-299.7 	-219.7 	-157.8 	-100.1 	-143.4 	-193.4 	-187.6 	-149.8 	-294.3 	-418.5 	-219.8 	-508.2 	-444.9 
A,MIO_BAL_VAL,SITC2_4,WORLD,SK	-176.4 	-186.6 	-253.7 	-220.6 	-309.5 	-331.8 	-303.3 	-110.5 	-515.8 	-554.8 	-410.0 	-399.0 	-523.5 	-387.6 	-404.4 	-658.3 	-614.4 	-572.5 	-398.4 	-879.6 	-683.7 	-508.7 	-593.2 	-695.1 
A,MIO_BAL_VAL,SITC3,EU27_2020,AT	-1520.0 	-2052.2 	-2653.1 	-3747.7 	-4616.8 	-3273.4 	-3861.0 	-2690.0 	-3570.5 	-4331.6 	-4350.0 	-4548.8 	-4159.6 	-3451.5 	-3173.3 	-3573.2 	-3723.1 	-3436.0 	-2352.6 	-3451.2 	-9438.5 	-3590.7 	-2043.8 	-4057.3 
A,MIO_BAL_VAL,SITC3,EU27_2020,BE	-4041.7 	-2844.4 	-4098.3 	-6339.8 	-7597.0 	-7936.6 	-10634.4 	-5377.6 	-6934.1 	-8919.9 	-12694.1 	-12573.8 	-12307.3 	-6848.6 	-6099.8 	-6912.4 	-9668.0 	-8503.5 	-4880.6 	-8085.1 	15421.4 	-5437.8 	-12561.1 	-8456.4 
A,MIO_BAL_VAL,SITC3,EU27_2020,BG	110.1 	9.7 	-16.3 	-118.2 	-130.6 	-45.9 	-55.9 	27.3 	-92.0 	-10.6 	-153.4 	-177.2 	-331.7 	-31.8 	-77.8 	-207.7 	79.8 	-17.9 	-248.0 	-331.8 	-351.4 	77.3 	-287.8 	-530.6 
A,MIO_BAL_VAL,SITC3,EU27_2020,CY	-64.5 	-71.1 	-166.0 	-158.6 	-251.8 	-304.5 	-521.9 	-391.4 	-466.4 	-479.5 	-610.8 	-494.4 	-583.3 	-552.0 	-443.9 	-512.1 	-610.9 	-711.9 	-594.0 	-834.7 	-1149.0 	-1289.7 	-911.9 	-780.4 
A,MIO_BAL_VAL,SITC3,EU27_2020,CZ	94.6 	116.9 	-114.4 	-152.3 	-288.3 	-217.0 	-2.9 	-37.5 	38.8 	-1061.4 	-735.5 	-1261.4 	-704.2 	-464.7 	-1759.5 	-2064.1 	-2475.9 	-1727.2 	-996.8 	-2445.2 	-7880.1 	-4478.6 	-3922.5 	-4042.7 
A,MIO_BAL_VAL,SITC3,EU27_2020,DE	-7692.2 	-6577.5 	-6608.7 	-10611.6 	-10323.3 	-7786.3 	-15032.3 	-14099.3 	-18570.7 	-24305.9 	-25121.5 	-25323.6 	-19420.0 	-14209.5 	-10930.7 	-15174.7 	-17675.8 	-18885.7 	-13491.1 	-19629.7 	-28138.6 	-29622.3 	-20840.4 	-23100.1 
A,MIO_BAL_VAL,SITC3,EU27_2020,DK	1831.9 	2600.1 	3744.7 	4814.5 	5137.0 	4960.1 	5480.9 	3182.0 	3573.2 	3420.2 	3562.1 	3549.6 	2337.9 	2582.0 	1903.7 	2311.2 	1973.3 	1976.5 	143.9 	908.7 	920.6 	1191.8 	1742.9 	2337.5 
A,MIO_BAL_VAL,SITC3,EU27_2020,EE	-41.8 	-36.9 	-89.0 	-88.2 	-357.8 	-416.9 	-505.9 	-356.0 	-320.9 	-38.1 	-124.7 	-155.0 	-182.6 	-176.2 	-109.0 	-118.7 	-80.4 	-0.9 	-73.0 	460.4 	-770.4 	-825.0 	-1094.4 	-1244.1 
A,MIO_BAL_VAL,SITC3,EU27_2020,EL	1.6 	-74.5 	-304.0 	-347.8 	49.5 	409.7 	917.7 	543.2 	312.1 	233.9 	236.5 	865.4 	939.8 	850.5 	723.6 	907.9 	1301.9 	1531.9 	1069.5 	1457.0 	5472.5 	4242.1 	3347.4 	2559.3 
A,MIO_BAL_VAL,SITC3,EU27_2020,ES	-131.8 	-64.3 	-128.7 	-177.0 	-1032.0 	-2937.4 	-1315.3 	-741.3 	-1052.2 	-1430.7 	2788.3 	3681.5 	4612.3 	3452.1 	2585.9 	4305.0 	5058.6 	5516.6 	2461.5 	2571.8 	11019.9 	8977.0 	8891.2 	6483.0 
A,MIO_BAL_VAL,SITC3,EU27_2020,EU27_2020	460.3 	3059.9 	-460.3 	-3235.0 	-1392.6 	639.8 	4090.9 	-4680.8 	-5341.9 	-7178.2 	-4039.6 	-7282.2 	-2094.0 	-3268.0 	-3508.0 	-4307.3 	-1706.9 	4.5 	-6000.2 	-9674.3 	36208.6 	16298.0 	11315.0 	5507.1 
A,MIO_BAL_VAL,SITC3,EU27_2020,FI	119.1 	342.0 	599.9 	501.7 	816.9 	1484.6 	1943.1 	1220.2 	2138.7 	2748.0 	2480.0 	1702.8 	913.0 	278.6 	906.2 	961.3 	1248.0 	1562.4 	1117.8 	-38.2 	-844.2 	1853.2 	839.1 	1547.7 
A,MIO_BAL_VAL,SITC3,EU27_2020,FR	-772.5 	-1226.6 	-2635.6 	-6860.2 	-6983.5 	-6205.9 	-8930.4 	-7776.2 	-9493.5 	-10375.8 	-16550.7 	-16797.9 	-12560.2 	-10776.9 	-9026.3 	-9479.7 	-9786.0 	-7641.0 	-6381.9 	-13642.3 	-29335.6 	-17046.9 	-10211.5 	-3456.1 
A,MIO_BAL_VAL,SITC3,EU27_2020,HR	-47.3 	-159.1 	-151.1 	-291.6 	-310.3 	-337.9 	-846.7 	-253.5 	-392.5 	-1116.4 	-1318.6 	-797.4 	-680.0 	-663.3 	-468.0 	-697.5 	-711.7 	-1123.6 	-333.4 	-248.3 	-1477.7 	-1507.9 	-1830.1 	-1483.3 
A,MIO_BAL_VAL,SITC3,EU27_2020,HU	-209.9 	-234.3 	-224.7 	-231.4 	-431.8 	-109.6 	-128.7 	-639.4 	-456.4 	-346.8 	-577.8 	-611.5 	-1475.2 	-1515.9 	-1228.4 	-1228.4 	-538.5 	-1328.4 	-1420.4 	-3289.5 	-6873.1 	-4416.8 	-3685.6 	-3684.3 
A,MIO_BAL_VAL,SITC3,EU27_2020,IE	-79.1 	-115.0 	-119.3 	-106.0 	-314.3 	-575.2 	-1185.9 	-644.3 	-415.6 	-180.9 	151.9 	-523.9 	-323.5 	-174.2 	-162.9 	-85.5 	-450.1 	-593.0 	-73.9 	-638.6 	-664.7 	-1275.8 	-1763.3 	-1258.3 
A,MIO_BAL_VAL,SITC3,EU27_2020,IT	500.4 	1362.6 	-322.6 	819.6 	550.2 	2532.2 	2839.3 	490.4 	1279.5 	-595.7 	-128.5 	-3218.8 	-2538.5 	-2343.3 	-260.3 	-284.3 	1491.7 	971.1 	372.4 	-1045.5 	2177.1 	2418.7 	1196.7 	-652.9 
A,MIO_BAL_VAL,SITC3,EU27_2020,LT	410.1 	394.4 	1099.7 	1486.1 	1508.0 	954.2 	2358.1 	1538.4 	1894.0 	3018.0 	3009.9 	2627.9 	2029.0 	1436.6 	848.1 	1201.9 	1226.3 	1311.9 	486.8 	378.7 	1595.0 	2041.9 	2120.5 	2204.6 
A,MIO_BAL_VAL,SITC3,EU27_2020,LU	-930.1 	-987.3 	-1242.8 	-1666.6 	-1966.9 	-1967.8 	-2518.6 	-1524.0 	-1942.3 	-2534.2 	-2777.2 	-2523.4 	-2194.9 	-1593.1 	-1311.5 	-1565.3 	-2009.7 	-2015.9 	-1267.9 	-2021.8 	-3958.3 	-3058.4 	-2616.8 	-2210.2 
A,MIO_BAL_VAL,SITC3,EU27_2020,LV	-90.4 	-106.5 	-190.1 	-109.5 	-267.7 	-361.6 	-517.6 	-210.3 	-269.7 	-468.9 	-614.5 	-577.4 	-390.8 	-284.1 	-213.7 	-321.0 	-454.0 	-478.5 	-284.2 	-154.9 	-2037.6 	-1153.4 	-1055.3 	-1235.4 
A,MIO_BAL_VAL,SITC3,EU27_2020,MT	-87.9 	-119.4 	-118.7 	-194.4 	-215.8 	-192.3 	-368.7 	-273.6 	-358.2 	-770.8 	-1391.6 	-753.5 	-841.2 	-792.5 	-677.4 	-500.1 	-908.8 	-665.8 	-537.3 	-795.2 	-1210.1 	-851.0 	-1235.2 	-1211.0 
A,MIO_BAL_VAL,SITC3,EU27_2020,NL	13049.6 	13217.9 	13061.5 	20313.9 	26367.0 	25491.0 	39913.6 	24603.0 	30940.5 	40877.5 	49786.4 	46946.4 	41895.0 	29191.9 	23478.6 	26492.9 	31720.9 	33412.4 	20643.5 	40723.3 	96812.1 	71958.5 	57290.4 	52376.3 
A,MIO_BAL_VAL,SITC3,EU27_2020,PL	1026.9 	1015.4 	1549.4 	1370.2 	1137.3 	255.3 	127.8 	-8.0 	1381.1 	1887.6 	2808.4 	3066.5 	2376.4 	2197.0 	1470.5 	1260.0 	1648.0 	1201.5 	545.1 	1000.7 	-310.5 	-2072.8 	-1462.4 	-3554.4 
A,MIO_BAL_VAL,SITC3,EU27_2020,PT	-996.0 	-936.0 	-734.2 	-1372.7 	-827.8 	-1148.8 	-1587.8 	-863.5 	-848.1 	-973.2 	-1024.9 	46.0 	-446.5 	75.2 	29.1 	187.5 	177.0 	-23.3 	73.0 	-923.4 	-2321.7 	-1734.8 	-746.7 	-1491.7 
A,MIO_BAL_VAL,SITC3,EU27_2020,RO	498.7 	309.1 	396.3 	699.6 	443.6 	240.7 	336.7 	135.2 	-167.6 	-516.9 	-842.0 	-403.8 	119.1 	59.9 	130.7 	62.5 	6.3 	-387.3 	-505.9 	-978.9 	-3264.2 	-1173.8 	-1311.7 	-2085.7 
A,MIO_BAL_VAL,SITC3,EU27_2020,SE	-487.9 	-670.7 	-952.5 	-567.2 	-1366.6 	-1633.0 	-1560.4 	-439.8 	-1143.3 	-721.6 	290.8 	363.0 	1290.2 	389.9 	385.5 	962.0 	1604.3 	554.6 	676.3 	2007.0 	4278.7 	3158.2 	3701.3 	2705.1 
A,MIO_BAL_VAL,SITC3,EU27_2020,SI	-486.7 	-536.6 	-653.6 	-937.7 	-1013.7 	-1075.0 	-1200.8 	-590.1 	-767.8 	-1157.9 	-1341.7 	-616.3 	-377.5 	-492.9 	-305.1 	-408.7 	-144.5 	-538.0 	-238.8 	-634.7 	-262.0 	-259.3 	-319.0 	-398.7 
A,MIO_BAL_VAL,SITC3,EU27_2020,SK	497.1 	504.3 	611.9 	837.9 	893.8 	837.0 	949.0 	495.4 	362.0 	973.5 	1203.6 	1227.1 	910.2 	588.9 	277.6 	173.9 	-5.3 	43.5 	89.9 	7.0 	-1200.9 	174.2 	85.1 	227.1 
A,MIO_BAL_VAL,SITC3,EXT_EU27_2020,AT	-2351.0 	-2370.6 	-2512.7 	-3633.9 	-4664.9 	-4672.9 	-6336.4 	-4127.4 	-4986.5 	-7047.6 	-8107.1 	-6729.1 	-5680.0 	-4413.4 	-3462.9 	-4361.1 	-5759.2 	-5234.5 	-3071.5 	-6320.3 	-10096.1 	-7104.2 	-6342.8 	-3685.3 
A,MIO_BAL_VAL,SITC3,EXT_EU27_2020,BE	-2591.3 	-3168.4 	-3903.9 	-6939.8 	-7190.8 	-4619.8 	-8111.3 	-5909.1 	-6548.0 	-8668.7 	-6704.3 	-5179.1 	-2931.7 	-4324.9 	-3299.8 	-4004.4 	-6112.1 	-3706.9 	-2728.6 	-7044.4 	-38506.5 	-12865.8 	-4807.5 	-8758.8 
A,MIO_BAL_VAL,SITC3,EXT_EU27_2020,BG	-30.0 	0.3 	196.6 	315.0 	749.9 	-2307.0 	-2925.7 	-1889.9 	-2092.1 	-2581.2 	-2738.5 	-2431.4 	-2059.0 	-1690.6 	-1078.6 	-1371.5 	-1968.3 	-1809.9 	-1012.1 	-2114.5 	-3436.8 	-2137.8 	-2550.0 	-3509.9 
A,MIO_BAL_VAL,SITC3,EXT_EU27_2020,CY	-339.9 	-195.9 	-283.4 	-481.6 	-554.3 	-594.6 	-700.0 	-463.4 	-683.8 	-852.9 	-859.5 	-655.9 	-449.6 	-169.8 	-183.4 	-307.6 	-277.6 	-190.8 	-116.3 	-228.9 	-690.5 	-85.2 	-298.4 	-101.0 
A,MIO_BAL_VAL,SITC3,EXT_EU27_2020,CZ	-2181.5 	-2396.8 	-2182.7 	-3557.2 	-4628.5 	-4246.4 	-6646.2 	-3982.7 	-5481.6 	-6122.0 	-6778.3 	-6250.4 	-5491.8 	-3630.2 	-1868.6 	-2865.4 	-3625.7 	-3717.0 	-2275.8 	-3491.8 	-5061.3 	-4010.5 	-3652.5 	-3147.0 
A,MIO_BAL_VAL,SITC3,EXT_EU27_2020,DE	-26600.5 	-30248.4 	-31701.1 	-45373.8 	-56954.6 	-52442.8 	-72786.7 	-46414.4 	-55143.8 	-71523.2 	-73119.2 	-71181.2 	-63896.3 	-45646.0 	-36645.0 	-40447.2 	-48469.4 	-43455.9 	-28586.6 	-48864.8 	-105100.1 	-56385.1 	-49912.0 	-45547.5 
A,MIO_BAL_VAL,SITC3,EXT_EU27_2020,DK	-322.7 	-504.0 	-1071.0 	-1243.9 	-622.2 	-721.7 	-1517.8 	-874.0 	-1336.0 	-1794.3 	-1623.7 	-2736.2 	-2247.4 	-2471.9 	-1930.1 	-2513.6 	-2660.4 	-2536.8 	-1162.7 	-2516.2 	-4625.3 	-3603.9 	-3493.4 	-2819.3 
A,MIO_BAL_VAL,SITC3,EXT_EU27_2020,EE	-151.8 	-157.4 	-141.1 	-181.3 	-117.3 	-160.5 	-174.7 	37.7 	95.9 	-24.8 	-116.9 	-265.9 	-236.8 	-143.3 	-105.8 	-35.3 	-190.0 	-348.5 	-68.1 	-542.2 	-60.9 	174.8 	425.8 	677.3 
A,MIO_BAL_VAL,SITC3,EXT_EU27_2020,EL	-3647.5 	-4221.0 	-4192.4 	-6197.2 	-7621.9 	-7054.6 	-10190.5 	-5830.0 	-7169.3 	-7648.3 	-7867.6 	-7500.5 	-6982.2 	-4646.7 	-3555.5 	-4144.6 	-5780.4 	-5780.7 	-4051.7 	-7126.6 	-18007.7 	-10529.3 	-10074.9 	-6358.6 
A,MIO_BAL_VAL,SITC3,EXT_EU27_2020,ES	-14845.9 	-14349.0 	-17140.4 	-25113.4 	-31257.3 	-29326.6 	-39387.4 	-23977.8 	-30558.8 	-38629.2 	-41905.9 	-38161.2 	-34701.7 	-25074.3 	-19322.0 	-25109.2 	-30029.7 	-29173.4 	-17229.7 	-29417.4 	-62937.4 	-39968.8 	-37776.6 	-35105.2 
A,MIO_BAL_VAL,SITC3,EXT_EU27_2020,EU27_2020	-128411.1 	-135659.1 	-160586.5 	-226004.5 	-276649.8 	-268885.7 	-361028.0 	-232420.4 	-295149.8 	-374558.3 	-396687.0 	-357159.6 	-314615.0 	-226189.3 	-179250.9 	-220537.4 	-279154.3 	-259804.9 	-157276.4 	-285938.1 	-650364.7 	-403330.2 	-338570.2 	-298068.5 
A,MIO_BAL_VAL,SITC3,EXT_EU27_2020,FI	-2557.3 	-2992.2 	-3478.2 	-4635.0 	-6042.6 	-6142.8 	-8358.6 	-5557.7 	-7395.0 	-10098.4 	-9055.1 	-8099.9 	-6772.6 	-4132.9 	-3899.0 	-4559.2 	-5922.0 	-5539.5 	-3292.4 	-4747.8 	-8754.2 	-5671.7 	-5489.0 	-4868.4 
A,MIO_BAL_VAL,SITC3,EXT_EU27_2020,FR	-20877.5 	-21422.7 	-25528.3 	-30622.0 	-37514.3 	-37158.2 	-47575.4 	-30512.6 	-37850.6 	-51762.6 	-51634.6 	-47903.3 	-41720.5 	-28636.9 	-22661.9 	-29524.7 	-35193.6 	-35661.7 	-19221.2 	-30835.2 	-86290.2 	-50858.0 	-44637.1 	-41449.2 
A,MIO_BAL_VAL,SITC3,EXT_EU27_2020,HR	-852.2 	-688.1 	-712.5 	-987.8 	-1163.9 	-1359.4 	-1590.5 	-1346.6 	-1337.9 	-1282.0 	-1128.6 	-1421.6 	-1056.2 	-852.8 	-779.7 	-705.7 	-951.9 	-455.6 	-690.6 	-1954.0 	-4669.7 	-2277.2 	-1533.6 	-1644.8 
A,MIO_BAL_VAL,SITC3,EXT_EU27_2020,HU	-1513.5 	-1509.8 	-2223.0 	-3808.6 	-4877.5 	-4509.6 	-6532.0 	-3900.8 	-4599.3 	-5743.0 	-5726.3 	-5820.1 	-5021.5 	-3094.4 	-2381.8 	-3448.7 	-4614.9 	-4219.7 	-1794.9 	-3523.2 	-9969.3 	-4860.9 	-3791.3 	-2770.7 
A,MIO_BAL_VAL,SITC3,EXT_EU27_2020,IE	-1421.2 	-1523.6 	-2150.4 	-3064.1 	-3411.7 	-4067.9 	-4556.7 	-3192.7 	-4290.7 	-5431.4 	-5425.6 	-5185.4 	-4937.1 	-3880.5 	-2881.3 	-3446.5 	-4090.6 	-3832.2 	-2479.4 	-4531.1 	-10228.6 	-7671.5 	-5010.4 	-5424.1 
A,MIO_BAL_VAL,SITC3,EXT_EU27_2020,IT	-18914.5 	-19181.1 	-29021.8 	-39313.4 	-49897.7 	-48791.7 	-61200.1 	-41725.2 	-52662.2 	-59213.5 	-61397.9 	-49940.9 	-39906.0 	-30707.7 	-25939.4 	-32449.3 	-41447.1 	-37011.7 	-21907.9 	-46318.5 	-110052.0 	-64699.6 	-52019.3 	-43153.7 
A,MIO_BAL_VAL,SITC3,EXT_EU27_2020,LT	-675.2 	-621.3 	-1090.1 	-1975.9 	-2306.8 	-2165.5 	-4228.3 	-2647.3 	-3876.2 	-5400.5 	-5507.3 	-4769.0 	-3743.0 	-2775.6 	-1849.3 	-2457.5 	-3039.8 	-3089.0 	-1692.9 	-3071.1 	-8689.0 	-4823.8 	-4262.8 	-4093.4 
A,MIO_BAL_VAL,SITC3,EXT_EU27_2020,LU	0.2 	-0.2 	0.1 	1.0 	0.1 	0.3 	-0.8 	0.1 	-0.1 	-0.4 	-0.1 	-0.1 	-0.1 	0.0 	-0.1 	0.0 	-0.9 	-4.0 	0.0 	-0.6 	-0.9 	-1.2 	-0.4 	0.0 
A,MIO_BAL_VAL,SITC3,EXT_EU27_2020,LV	-267.9 	-296.5 	-338.6 	-552.1 	-651.7 	-617.5 	-828.3 	-620.1 	-606.6 	-641.7 	-727.7 	-695.9 	-714.6 	-581.2 	-404.0 	-472.2 	-534.7 	-342.2 	-183.4 	-688.2 	-774.5 	-164.3 	5.9 	491.0 
A,MIO_BAL_VAL,SITC3,EXT_EU27_2020,MT	-41.8 	-24.0 	-28.4 	-19.9 	-28.8 	108.9 	225.9 	270.1 	428.1 	576.3 	516.4 	63.2 	-422.8 	-56.3 	-174.2 	-227.2 	-212.8 	-183.1 	-242.5 	-106.7 	-180.7 	-224.3 	-265.2 	-128.3 
A,MIO_BAL_VAL,SITC3,EXT_EU27_2020,NL	-14734.5 	-15540.2 	-17433.9 	-26665.3 	-32751.5 	-32815.3 	-44273.8 	-29067.2 	-40261.6 	-53353.1 	-66556.1 	-55896.3 	-52407.8 	-36443.3 	-27477.5 	-31895.0 	-42519.6 	-41019.0 	-24198.2 	-51216.7 	-107256.8 	-84583.7 	-65162.4 	-59385.8 
A,MIO_BAL_VAL,SITC3,EXT_EU27_2020,PL	-4204.8 	-4479.2 	-4884.5 	-6981.5 	-7696.8 	-8361.1 	-11218.0 	-7043.8 	-10830.6 	-14323.6 	-16107.4 	-13743.8 	-13140.1 	-9149.7 	-7566.6 	-10611.3 	-15007.0 	-13834.0 	-8784.2 	-12618.0 	-22044.8 	-17471.1 	-15711.9 	-11932.5 
A,MIO_BAL_VAL,SITC3,EXT_EU27_2020,PT	-2550.6 	-2610.6 	-3352.3 	-4623.6 	-5430.1 	-5219.5 	-6616.5 	-4094.7 	-5184.3 	-6405.5 	-6917.3 	-6273.4 	-5730.9 	-4190.9 	-3102.3 	-4400.4 	-5213.0 	-5361.6 	-3462.6 	-4876.2 	-9242.9 	-5456.6 	-5219.1 	-3850.2 
A,MIO_BAL_VAL,SITC3,EXT_EU27_2020,RO	-1441.4 	-1598.4 	-2227.8 	-2869.7 	-3363.7 	-3506.7 	-4368.0 	-2051.9 	-2584.6 	-3100.3 	-3214.8 	-2325.1 	-2239.3 	-1520.5 	-1734.9 	-2517.8 	-3295.1 	-3407.3 	-2084.9 	-3822.5 	-4719.5 	-3955.6 	-4228.9 	-2546.6 
A,MIO_BAL_VAL,SITC3,EXT_EU27_2020,SE	-3164.4 	-3381.3 	-2813.0 	-4290.3 	-4365.6 	-3985.4 	-5182.9 	-3378.7 	-4922.3 	-6554.0 	-7484.9 	-7029.7 	-7011.5 	-4226.1 	-4132.0 	-5304.6 	-7491.7 	-5780.0 	-4221.5 	-5605.4 	-11019.4 	-8313.9 	-8223.1 	-5455.3 
A,MIO_BAL_VAL,SITC3,EXT_EU27_2020,SI	-210.0 	-257.3 	-301.4 	-428.6 	-576.3 	-567.3 	-1137.6 	-837.8 	-1050.2 	-1129.3 	-1092.6 	-1372.8 	-1148.3 	-710.6 	-536.9 	-715.7 	-1205.2 	-1149.7 	-684.9 	-816.3 	-1908.1 	-1678.4 	-1179.4 	-960.5 
A,MIO_BAL_VAL,SITC3,EXT_EU27_2020,SK	-1922.5 	-1921.4 	-2070.6 	-2760.4 	-3708.9 	-3580.3 	-4809.7 	-3282.4 	-4221.6 	-5803.4 	-5406.3 	-5654.8 	-3965.9 	-3018.5 	-2278.3 	-2641.7 	-3541.3 	-2960.1 	-2032.0 	-3539.3 	-6041.5 	-4102.5 	-3360.0 	-2540.9 
A,MIO_BAL_VAL,SITC3,WORLD,AT	-3871.0 	-4422.8 	-5165.8 	-7381.6 	-9281.7 	-7946.3 	-10197.4 	-6817.4 	-8556.9 	-11379.2 	-12457.1 	-11277.9 	-9839.5 	-7865.0 	-6636.2 	-7934.3 	-9482.3 	-8670.5 	-5424.1 	-9771.6 	-19534.6 	-10694.8 	-8386.7 	-7742.6 
A,MIO_BAL_VAL,SITC3,WORLD,BE	-6633.0 	-6012.7 	-8002.2 	-13279.6 	-14787.8 	-12556.3 	-18745.8 	-11286.6 	-13482.1 	-17588.6 	-19398.4 	-17752.9 	-15239.0 	-11173.5 	-9399.5 	-10916.8 	-15780.1 	-12210.4 	-7609.2 	-15129.5 	-23085.0 	-18303.6 	-17368.6 	-17215.2 
A,MIO_BAL_VAL,SITC3,WORLD,BG	80.1 	10.0 	180.3 	196.8 	619.3 	-2352.9 	-2981.6 	-1862.7 	-2184.1 	-2591.8 	-2891.9 	-2608.6 	-2390.7 	-1722.4 	-1156.4 	-1579.2 	-1888.5 	-1827.8 	-1260.1 	-2446.3 	-3788.1 	-2060.5 	-2837.8 	-4040.5 
A,MIO_BAL_VAL,SITC3,WORLD,CY	-404.3 	-267.0 	-449.4 	-640.2 	-806.1 	-899.1 	-1221.8 	-854.8 	-1150.2 	-1332.4 	-1470.4 	-1150.3 	-1032.9 	-721.8 	-627.3 	-819.7 	-888.5 	-902.7 	-710.3 	-1063.6 	-1839.5 	-1375.0 	-1210.3 	-881.4 
A,MIO_BAL_VAL,SITC3,WORLD,CZ	-2086.9 	-2280.0 	-2297.1 	-3709.5 	-4916.7 	-4463.4 	-6649.1 	-4020.2 	-5442.9 	-7183.4 	-7513.8 	-7511.8 	-6196.0 	-4095.0 	-3628.2 	-4929.5 	-6101.6 	-5444.2 	-3272.6 	-5936.9 	-12941.4 	-8489.1 	-7575.0 	-7189.7 
A,MIO_BAL_VAL,SITC3,WORLD,DE	-34292.7 	-36825.9 	-38309.8 	-55985.4 	-67277.8 	-60229.2 	-87819.1 	-60513.6 	-73714.5 	-95829.1 	-98240.7 	-96504.8 	-83316.3 	-59855.5 	-47575.7 	-55621.9 	-66145.2 	-62341.6 	-42077.8 	-68494.5 	-133238.7 	-86007.4 	-70752.3 	-68647.6 
A,MIO_BAL_VAL,SITC3,WORLD,DK	1509.2 	2096.1 	2673.8 	3570.6 	4514.8 	4238.4 	3963.1 	2308.0 	2237.2 	1625.9 	1938.4 	813.4 	90.6 	110.0 	-26.3 	-202.4 	-687.1 	-560.3 	-1018.8 	-1607.5 	-3704.7 	-2412.0 	-1750.5 	-481.8 
A,MIO_BAL_VAL,SITC3,WORLD,EE	-193.6 	-194.3 	-230.1 	-269.5 	-475.1 	-577.3 	-680.6 	-318.3 	-225.0 	-62.9 	-241.6 	-420.9 	-419.4 	-319.5 	-214.8 	-154.0 	-270.4 	-349.4 	-141.1 	-81.8 	-831.4 	-650.2 	-668.7 	-566.7 
A,MIO_BAL_VAL,SITC3,WORLD,EL	-3645.9 	-4295.5 	-4496.4 	-6545.1 	-7572.4 	-6644.9 	-9272.8 	-5286.8 	-6857.2 	-7414.4 	-7631.1 	-6635.1 	-6042.4 	-3796.2 	-2831.8 	-3236.6 	-4478.5 	-4248.8 	-2982.2 	-5669.6 	-12535.2 	-6287.3 	-6727.5 	-3799.3 
A,MIO_BAL_VAL,SITC3,WORLD,ES	-14977.7 	-14413.3 	-17269.1 	-25290.4 	-32289.4 	-32264.0 	-40702.7 	-24719.1 	-31611.0 	-40059.9 	-39117.6 	-34479.7 	-30089.4 	-21622.2 	-16736.1 	-20804.2 	-24971.2 	-23656.8 	-14768.2 	-26845.6 	-51917.5 	-30991.8 	-28885.4 	-28622.2 
A,MIO_BAL_VAL,SITC3,WORLD,FI	-2438.3 	-2650.2 	-2878.3 	-4133.3 	-5225.7 	-4658.2 	-6415.4 	-4337.5 	-5256.3 	-7350.4 	-6575.1 	-6397.2 	-5859.6 	-3854.4 	-2992.8 	-3597.9 	-4674.0 	-3977.1 	-2174.6 	-4786.0 	-9598.4 	-3818.5 	-4649.9 	-3320.7 
A,MIO_BAL_VAL,SITC3,WORLD,FR	-21650.0 	-22649.3 	-28163.9 	-37482.3 	-44497.8 	-43364.1 	-56505.8 	-38288.8 	-47344.1 	-62138.4 	-68185.3 	-64701.3 	-54280.7 	-39413.8 	-31688.2 	-39004.5 	-44979.6 	-43302.7 	-25603.2 	-44477.5 	-115625.8 	-67904.9 	-54848.6 	-44905.2 
A,MIO_BAL_VAL,SITC3,WORLD,HR	-899.5 	-847.3 	-863.7 	-1279.4 	-1474.2 	-1697.2 	-2437.2 	-1600.1 	-1730.4 	-2398.4 	-2447.2 	-2219.0 	-1736.2 	-1516.1 	-1247.7 	-1403.2 	-1663.7 	-1579.2 	-1024.0 	-2202.3 	-6147.4 	-3785.2 	-3363.6 	-3128.1 
A,MIO_BAL_VAL,SITC3,WORLD,HU	-1723.4 	-1744.1 	-2447.8 	-4040.0 	-5309.3 	-4619.1 	-6660.7 	-4540.2 	-5055.7 	-6089.7 	-6304.1 	-6431.6 	-6496.7 	-4610.4 	-3610.2 	-4677.2 	-5153.5 	-5548.1 	-3215.3 	-6812.7 	-16842.4 	-9277.7 	-7477.0 	-6455.0 
A,MIO_BAL_VAL,SITC3,WORLD,IE	-1500.4 	-1638.7 	-2269.7 	-3170.0 	-3726.1 	-4643.1 	-5742.6 	-3837.0 	-4706.3 	-5612.3 	-5273.7 	-5709.3 	-5260.6 	-4054.7 	-3044.2 	-3532.0 	-4540.8 	-4425.1 	-2553.3 	-5169.7 	-10893.3 	-8947.2 	-6773.7 	-6682.4 
A,MIO_BAL_VAL,SITC3,WORLD,IT	-18414.1 	-17818.5 	-29344.3 	-38493.8 	-49347.5 	-46259.6 	-58360.7 	-41234.8 	-51382.7 	-59809.2 	-61526.5 	-53159.6 	-42444.5 	-33051.0 	-26199.7 	-32733.6 	-39955.4 	-36040.6 	-21535.5 	-47364.0 	-107874.9 	-62280.9 	-50822.5 	-43806.5 
A,MIO_BAL_VAL,SITC3,WORLD,LT	-265.1 	-227.0 	9.6 	-489.8 	-798.8 	-1211.3 	-1870.3 	-1108.8 	-1982.3 	-2382.4 	-2497.4 	-2141.1 	-1714.0 	-1339.0 	-1001.3 	-1255.6 	-1813.4 	-1777.1 	-1206.1 	-2692.4 	-7094.0 	-2781.9 	-2142.3 	-1888.8 
A,MIO_BAL_VAL,SITC3,WORLD,LU	-929.9 	-987.5 	-1242.7 	-1665.6 	-1966.7 	-1967.5 	-2519.3 	-1524.0 	-1942.4 	-2534.5 	-2777.3 	-2523.5 	-2195.0 	-1593.1 	-1311.6 	-1565.3 	-2010.6 	-2019.9 	-1267.9 	-2022.4 	-3959.2 	-3059.6 	-2617.2 	-2210.1 
A,MIO_BAL_VAL,SITC3,WORLD,LV	-358.2 	-403.0 	-528.7 	-661.6 	-919.4 	-979.1 	-1345.9 	-830.5 	-876.3 	-1110.6 	-1342.2 	-1273.3 	-1105.4 	-865.3 	-617.7 	-793.2 	-988.7 	-820.7 	-467.6 	-843.2 	-2812.1 	-1317.6 	-1049.5 	-744.5 
A,MIO_BAL_VAL,SITC3,WORLD,MT	-129.6 	-143.4 	-147.1 	-214.3 	-244.6 	-83.5 	-142.8 	-3.5 	69.9 	-194.5 	-875.2 	-690.2 	-1264.0 	-848.8 	-851.7 	-727.2 	-1121.6 	-848.9 	-779.8 	-901.9 	-1390.8 	-1075.3 	-1500.4 	-1339.3 
A,MIO_BAL_VAL,SITC3,WORLD,NL	-1684.9 	-2322.2 	-4372.4 	-6351.4 	-6384.5 	-7324.3 	-4360.2 	-4464.2 	-9321.0 	-12475.5 	-16769.7 	-8949.9 	-10512.9 	-7251.4 	-3998.9 	-5402.1 	-10798.7 	-7606.5 	-3554.7 	-10493.4 	-10444.7 	-12625.2 	-7872.0 	-7009.5 
A,MIO_BAL_VAL,SITC3,WORLD,PL	-3177.9 	-3463.8 	-3335.1 	-5611.3 	-6559.5 	-8105.8 	-11090.2 	-7051.8 	-9449.5 	-12435.9 	-13299.0 	-10677.3 	-10763.8 	-6952.7 	-6096.2 	-9351.3 	-13359.0 	-12632.5 	-8239.1 	-11617.3 	-22355.3 	-19543.9 	-17174.3 	-15486.9 
A,MIO_BAL_VAL,SITC3,WORLD,PT	-3546.6 	-3546.6 	-4086.5 	-5996.4 	-6257.9 	-6368.2 	-8204.3 	-4958.1 	-6032.4 	-7378.7 	-7942.1 	-6227.4 	-6177.4 	-4115.7 	-3073.1 	-4212.9 	-5036.0 	-5384.9 	-3389.6 	-5799.7 	-11564.5 	-7191.5 	-5965.8 	-5341.9 
A,MIO_BAL_VAL,SITC3,WORLD,RO	-942.7 	-1289.4 	-1831.5 	-2170.2 	-2920.1 	-3266.0 	-4031.3 	-1916.8 	-2752.2 	-3617.3 	-4056.8 	-2728.9 	-2120.2 	-1460.6 	-1604.2 	-2455.3 	-3288.8 	-3794.7 	-2590.8 	-4801.4 	-7983.6 	-5129.4 	-5540.6 	-4632.3 
A,MIO_BAL_VAL,SITC3,WORLD,SE	-3652.4 	-4052.0 	-3765.5 	-4857.5 	-5732.2 	-5618.4 	-6743.4 	-3818.5 	-6065.6 	-7275.6 	-7194.1 	-6666.7 	-5721.2 	-3836.2 	-3746.5 	-4342.6 	-5887.5 	-5225.4 	-3545.3 	-3598.4 	-6740.7 	-5155.7 	-4521.8 	-2750.2 
A,MIO_BAL_VAL,SITC3,WORLD,SI	-696.7 	-793.9 	-955.0 	-1366.3 	-1590.0 	-1642.3 	-2338.3 	-1427.9 	-1818.0 	-2287.2 	-2434.3 	-1989.1 	-1525.8 	-1203.5 	-842.0 	-1124.3 	-1349.7 	-1687.7 	-923.7 	-1450.9 	-2170.1 	-1937.7 	-1498.3 	-1359.1 
A,MIO_BAL_VAL,SITC3,WORLD,SK	-1425.4 	-1417.1 	-1458.6 	-1922.4 	-2815.2 	-2743.3 	-3860.7 	-2787.0 	-3859.6 	-4829.9 	-4202.6 	-4427.8 	-3055.7 	-2429.7 	-2000.7 	-2467.8 	-3546.6 	-2916.7 	-1942.1 	-3532.3 	-7242.5 	-3928.3 	-3274.9 	-2313.8 
A,MIO_BAL_VAL,SITC5,EU27_2020,AT	-1925.1 	-2011.2 	-2103.7 	-2236.5 	-2001.0 	-2089.4 	-2230.7 	-1813.5 	-2007.6 	-2343.9 	-1852.2 	-1977.6 	-1442.6 	-1386.0 	-2167.3 	-894.3 	-2287.9 	-1634.6 	-725.7 	-1763.9 	-2022.2 	3728.2 	-163.3 	-2027.7 
A,MIO_BAL_VAL,SITC5,EU27_2020,BE	1634.8 	2983.7 	2760.1 	2057.7 	2930.7 	5782.9 	9803.3 	8333.4 	9654.9 	12645.5 	10231.3 	15550.7 	14311.8 	13743.9 	13350.4 	12365.0 	16344.8 	15111.3 	12338.3 	8837.0 	15016.0 	6998.0 	14751.4 	15675.6 
A,MIO_BAL_VAL,SITC5,EU27_2020,BG	-464.3 	-538.9 	-690.2 	-768.2 	-863.9 	-1067.0 	-1167.7 	-1080.4 	-1257.3 	-1268.4 	-1379.7 	-1381.0 	-1444.1 	-1468.5 	-1434.8 	-1597.8 	-1619.1 	-1652.8 	-1571.1 	-1877.1 	-1994.7 	-2143.0 	-2166.8 	-2317.1 
A,MIO_BAL_VAL,SITC5,EU27_2020,CY	-221.5 	-233.4 	-247.4 	-261.9 	-294.9 	-336.7 	-376.4 	-354.5 	-326.4 	-254.6 	-247.6 	-245.1 	-270.2 	-268.8 	-274.2 	-319.2 	-290.2 	-356.7 	-349.0 	-461.6 	-597.1 	-645.8 	-707.1 	-756.7 
A,MIO_BAL_VAL,SITC5,EU27_2020,CZ	-1956.2 	-2128.7 	-2530.5 	-2724.0 	-3099.4 	-3587.0 	-3791.5 	-3312.3 	-3875.8 	-4781.0 	-5050.0 	-4941.8 	-4854.0 	-5584.3 	-5751.0 	-5723.7 	-6270.2 	-6518.9 	-6541.0 	-7893.4 	-9346.3 	-8650.8 	-8604.5 	-9059.7 
A,MIO_BAL_VAL,SITC5,EU27_2020,DE	4681.7 	9266.0 	12671.5 	13454.2 	14213.3 	14850.3 	15800.4 	12498.0 	13121.6 	12361.9 	11144.8 	11761.0 	10561.2 	8555.0 	8883.8 	8155.7 	4294.9 	965.1 	3342.6 	5708.0 	-709.3 	4375.1 	2104.6 	7060.7 
A,MIO_BAL_VAL,SITC5,EU27_2020,DK	-218.1 	183.2 	-29.6 	83.3 	-261.6 	-220.0 	-451.0 	171.4 	383.3 	212.1 	-521.6 	-457.4 	-505.2 	-359.3 	-145.1 	16.4 	-5.0 	391.5 	62.6 	-1005.3 	-1132.8 	1101.7 	2355.7 	1735.9 
A,MIO_BAL_VAL,SITC5,EU27_2020,EE	-292.5 	-289.3 	-350.6 	-446.9 	-606.6 	-671.7 	-674.2 	-549.9 	-653.1 	-749.2 	-883.0 	-775.5 	-901.7 	-834.0 	-880.7 	-909.8 	-890.6 	-920.7 	-966.5 	-1142.2 	-1407.2 	-1268.9 	-1340.3 	-1251.1 
A,MIO_BAL_VAL,SITC5,EU27_2020,EL	-2894.7 	-3216.5 	-3584.7 	-3799.5 	-4089.3 	-4550.8 	-4879.8 	-4466.9 	-3896.9 	-3846.5 	-3466.6 	-3359.3 	-3341.8 	-3452.0 	-3514.0 	-3811.5 	-3938.0 	-4294.0 	-5031.8 	-4983.5 	-5506.3 	-5386.3 	-5698.1 	-5598.5 
A,MIO_BAL_VAL,SITC5,EU27_2020,ES	-7470.1 	-7529.0 	-7788.8 	-8037.1 	-8315.3 	-7563.9 	-8445.4 	-8276.1 	-6953.5 	-7589.8 	-6441.6 	-6882.8 	-8319.5 	-9815.5 	-8481.7 	-9114.0 	-9898.4 	-9920.8 	-9803.1 	-5605.1 	1483.4 	-5789.0 	-8674.6 	-12458.9 
A,MIO_BAL_VAL,SITC5,EU27_2020,EU27_2020	1240.9 	1855.1 	1794.9 	963.9 	205.5 	188.2 	3567.6 	2911.0 	4452.7 	2184.5 	1780.3 	3086.2 	12.4 	-3263.0 	-2212.5 	-7854.9 	-3654.7 	-1673.9 	2400.2 	-9937.8 	-1073.6 	-2103.5 	-3316.0 	-6451.7 
A,MIO_BAL_VAL,SITC5,EU27_2020,FI	-1383.5 	-1498.6 	-1618.9 	-1894.0 	-2246.0 	-1924.4 	-1932.7 	-1910.6 	-1953.0 	-1894.3 	-2164.5 	-2062.9 	-1899.6 	-2097.9 	-2032.5 	-2247.7 	-2452.2 	-2190.5 	-2230.8 	-2323.3 	-2272.3 	-2541.2 	-2256.9 	-1870.7 
A,MIO_BAL_VAL,SITC5,EU27_2020,FR	1619.5 	1277.5 	866.9 	172.6 	1179.7 	-977.5 	-1617.7 	-1947.4 	-4113.4 	-6958.2 	-7398.9 	-6803.6 	-8283.3 	-7837.8 	-8137.5 	-9487.9 	-9478.5 	-8165.1 	-9363.8 	-10296.7 	-14613.8 	-8661.2 	-8373.8 	-9974.9 
A,MIO_BAL_VAL,SITC5,EU27_2020,HR	-685.9 	-787.9 	-811.1 	-936.7 	-1058.2 	-1186.0 	-1220.3 	-1146.7 	-1110.9 	-1118.3 	-1184.8 	-1255.1 	-1293.4 	-1293.6 	-1336.2 	-1379.5 	-1508.9 	-1670.2 	-2030.4 	-2257.4 	-2659.0 	-2689.7 	-2921.9 	-3003.1 
A,MIO_BAL_VAL,SITC5,EU27_2020,HU	-1293.0 	-1471.4 	-1531.8 	-1700.6 	-1654.1 	-1492.8 	-1748.9 	-1373.7 	-1396.3 	-1147.4 	-1087.2 	-1104.1 	-1047.8 	-733.0 	-869.6 	-441.5 	-576.8 	-1060.2 	-932.9 	-680.8 	-1522.3 	-246.9 	361.4 	-51.5 
A,MIO_BAL_VAL,SITC5,EU27_2020,IE	18100.3 	15125.4 	17206.1 	19015.5 	17567.3 	18200.2 	19209.1 	22012.2 	21419.4 	21066.6 	22289.8 	18161.1 	18243.7 	22640.4 	22577.2 	21672.1 	26370.3 	32149.9 	39604.3 	32637.9 	45985.0 	45513.2 	49094.5 	39827.4 
A,MIO_BAL_VAL,SITC5,EU27_2020,IT	-7251.0 	-8307.3 	-10113.2 	-10136.6 	-10909.2 	-11074.4 	-10421.3 	-10187.0 	-11026.9 	-12077.1 	-11647.2 	-11363.5 	-7545.0 	-10538.7 	-9556.9 	-10589.6 	-12911.8 	-10706.8 	-10283.7 	-13968.7 	-17131.4 	-15194.3 	-12155.9 	-6144.6 
A,MIO_BAL_VAL,SITC5,EU27_2020,LT	-395.2 	-342.3 	-498.9 	-583.5 	-713.1 	-603.0 	-459.1 	-535.0 	-668.1 	-610.9 	-584.8 	-736.0 	-710.4 	-732.2 	-814.6 	-1102.6 	-1169.5 	-1259.2 	-1189.6 	-1234.6 	-1379.3 	-1825.4 	-1477.3 	-1428.0 
A,MIO_BAL_VAL,SITC5,EU27_2020,LU	-561.6 	-536.4 	-549.3 	-643.3 	-649.4 	-643.5 	-756.8 	-613.8 	-686.1 	-793.8 	-680.3 	-626.8 	-577.3 	-535.6 	-515.5 	-596.8 	-739.6 	-869.4 	-804.3 	-1075.9 	-1266.9 	-1008.9 	-1175.6 	-1210.7 
A,MIO_BAL_VAL,SITC5,EU27_2020,LV	-315.2 	-331.6 	-378.4 	-460.2 	-557.6 	-575.3 	-645.3 	-460.0 	-628.9 	-630.0 	-748.7 	-807.3 	-787.8 	-732.4 	-758.8 	-856.5 	-867.8 	-885.8 	-852.3 	-1013.8 	-1376.8 	-1362.0 	-1065.8 	-1296.9 
A,MIO_BAL_VAL,SITC5,EU27_2020,MT	-116.2 	-126.4 	-137.2 	-118.6 	-80.9 	-52.3 	-69.2 	-54.4 	-30.3 	-57.1 	-15.9 	2.2 	-19.2 	-59.5 	-22.4 	7.4 	23.9 	42.7 	47.7 	36.0 	-80.5 	-113.4 	-118.0 	-30.1 
A,MIO_BAL_VAL,SITC5,EU27_2020,NL	12282.1 	12166.6 	13434.9 	14673.5 	16913.8 	17384.6 	19982.8 	15818.0 	20142.9 	24266.7 	25279.4 	23267.5 	22676.9 	22374.4 	23906.1 	25416.6 	32785.2 	30419.3 	28040.5 	36055.2 	41655.2 	32458.9 	26876.5 	30703.7 
A,MIO_BAL_VAL,SITC5,EU27_2020,PL	-4857.3 	-4803.5 	-5872.6 	-6747.0 	-7279.4 	-8140.9 	-9273.8 	-7540.1 	-8855.2 	-9388.1 	-8861.4 	-8606.3 	-8868.7 	-8378.8 	-9322.1 	-9960.4 	-10843.2 	-10216.0 	-10020.1 	-13052.4 	-13667.7 	-13590.0 	-15038.8 	-15148.1 
A,MIO_BAL_VAL,SITC5,EU27_2020,PT	-2672.0 	-2672.8 	-2732.5 	-2845.2 	-3240.6 	-3208.4 	-3583.8 	-3727.5 	-3792.6 	-3759.3 	-3550.4 	-3332.3 	-3709.1 	-4035.0 	-4045.7 	-4314.8 	-4909.4 	-4919.1 	-4968.4 	-6521.3 	-7232.4 	-8221.9 	-8242.0 	-8795.1 
A,MIO_BAL_VAL,SITC5,EU27_2020,RO	-1220.8 	-1308.0 	-1542.2 	-1906.5 	-2506.8 	-3205.4 	-3683.6 	-3500.4 	-3665.2 	-4207.1 	-4413.0 	-4625.9 	-4857.7 	-5375.5 	-5889.3 	-6531.9 	-6780.5 	-7309.6 	-7379.1 	-9043.9 	-10672.9 	-10464.5 	-10727.6 	-11270.5 
A,MIO_BAL_VAL,SITC5,EU27_2020,SE	108.8 	116.1 	-543.6 	-503.2 	-350.0 	-656.7 	-1522.6 	-929.3 	-1258.7 	-2540.9 	-2549.5 	-2240.6 	-2993.5 	-2798.0 	-2435.3 	-2772.9 	-3185.3 	-3288.7 	-3042.5 	-3253.4 	-4221.1 	-2103.5 	-3116.4 	-2962.7 
A,MIO_BAL_VAL,SITC5,EU27_2020,SI	-443.4 	-439.5 	-572.5 	-604.0 	-549.7 	-597.1 	-539.7 	-327.3 	-368.1 	-335.4 	-259.1 	-109.2 	-71.3 	34.6 	96.2 	81.4 	-1.1 	63.7 	261.7 	-143.4 	-393.9 	-194.5 	-363.2 	-157.0 
A,MIO_BAL_VAL,SITC5,EU27_2020,SK	-548.8 	-690.4 	-917.1 	-1139.5 	-1272.2 	-1606.0 	-1736.4 	-1815.2 	-1745.2 	-2016.8 	-2177.0 	-1962.3 	-2037.8 	-2295.1 	-2641.4 	-2917.3 	-2849.9 	-2978.4 	-3211.1 	-3614.3 	-4007.2 	-4177.5 	-4472.6 	-4641.4 
A,MIO_BAL_VAL,SITC5,EXT_EU27_2020,AT	1159.1 	957.8 	877.0 	979.1 	1116.8 	1444.5 	1780.1 	1701.5 	1732.4 	1797.5 	1860.4 	1640.9 	1589.6 	906.2 	1244.8 	459.9 	989.3 	1357.9 	1953.3 	811.7 	1424.1 	1512.2 	6372.7 	2908.8 
A,MIO_BAL_VAL,SITC5,EXT_EU27_2020,BE	9995.3 	9243.2 	10610.2 	10628.4 	11660.1 	12542.4 	8886.4 	11029.0 	13291.0 	11126.7 	12085.1 	8660.3 	8180.2 	6879.5 	7831.5 	8151.0 	6070.9 	8151.5 	14641.0 	23765.3 	26205.1 	19240.0 	18926.0 	12657.3 
A,MIO_BAL_VAL,SITC5,EXT_EU27_2020,BG	67.0 	81.3 	8.1 	96.3 	-0.5 	194.5 	182.7 	94.4 	243.4 	234.9 	183.9 	74.9 	113.5 	30.0 	-57.4 	44.0 	18.3 	140.8 	162.2 	-99.7 	-195.7 	55.2 	203.3 	-25.2 
A,MIO_BAL_VAL,SITC5,EXT_EU27_2020,CY	-89.0 	-90.3 	-82.7 	-67.7 	-70.3 	-75.8 	-73.3 	-49.9 	-38.0 	-34.8 	-9.3 	-10.4 	-9.6 	-7.3 	-14.8 	-5.7 	-47.2 	-52.0 	-34.6 	26.7 	-7.5 	-41.4 	-61.3 	-173.0 
A,MIO_BAL_VAL,SITC5,EXT_EU27_2020,CZ	-446.7 	-553.8 	-300.8 	-37.7 	-77.7 	-171.9 	-152.0 	53.0 	188.2 	163.9 	376.7 	299.6 	112.5 	74.0 	-211.4 	-261.5 	-244.5 	213.2 	434.9 	-26.7 	52.4 	225.1 	395.2 	201.8 
A,MIO_BAL_VAL,SITC5,EXT_EU27_2020,DE	16910.8 	16746.1 	20822.5 	21712.7 	24999.2 	26052.5 	31170.6 	28172.1 	32978.4 	34510.6 	43678.8 	46521.1 	48641.1 	52222.8 	50221.6 	53326.5 	55549.7 	58655.3 	57467.5 	71079.4 	68621.8 	74671.7 	77675.1 	72170.8 
A,MIO_BAL_VAL,SITC5,EXT_EU27_2020,DK	1911.7 	2106.3 	2145.1 	2588.2 	2095.0 	2493.1 	2683.3 	3207.1 	4131.0 	4610.4 	6038.4 	6356.7 	6631.9 	7891.9 	8471.0 	8275.0 	9141.2 	12293.5 	13560.8 	13328.6 	15914.4 	15227.9 	13663.6 	16803.5 
A,MIO_BAL_VAL,SITC5,EXT_EU27_2020,EE	-17.0 	-35.8 	-28.1 	3.8 	26.1 	62.5 	59.8 	69.4 	114.5 	141.7 	146.5 	141.4 	122.3 	46.8 	67.3 	30.1 	-39.4 	-67.6 	-1.7 	-95.8 	-99.7 	36.3 	-3.0 	-129.8 
A,MIO_BAL_VAL,SITC5,EXT_EU27_2020,EL	-535.9 	-555.4 	-644.1 	-597.0 	-740.3 	-1063.2 	-1317.2 	-1196.0 	-1084.9 	-894.6 	-638.5 	-611.8 	-632.7 	-617.9 	-635.8 	-557.8 	-568.5 	-269.2 	85.2 	-317.6 	-819.8 	-412.0 	-407.6 	-551.9 
A,MIO_BAL_VAL,SITC5,EXT_EU27_2020,ES	-132.5 	-648.2 	-1071.7 	36.6 	61.6 	-536.7 	-1038.8 	-773.4 	-1236.4 	-1434.3 	-409.8 	1327.5 	2218.5 	2106.4 	1797.0 	2399.1 	1103.3 	973.0 	789.2 	-4122.3 	-2819.0 	3633.4 	5294.2 	5783.9 
A,MIO_BAL_VAL,SITC5,EXT_EU27_2020,EU27_2020	55063.3 	53635.9 	61120.5 	65193.9 	70924.9 	74284.8 	74244.0 	77670.8 	93175.0 	96683.8 	111808.9 	115413.0 	119132.2 	128680.4 	130740.0 	139503.6 	152268.5 	173261.1 	177741.5 	185309.0 	188800.4 	199527.1 	238442.5 	256247.0 
A,MIO_BAL_VAL,SITC5,EXT_EU27_2020,FI	515.0 	490.4 	495.3 	520.5 	762.7 	753.1 	760.3 	1219.6 	1409.0 	1388.3 	1331.2 	1325.4 	1141.9 	1035.3 	1005.9 	1090.4 	1103.0 	891.4 	1111.9 	1605.1 	1256.8 	1597.8 	1882.8 	1257.9 
A,MIO_BAL_VAL,SITC5,EXT_EU27_2020,FR	9439.9 	8429.4 	9108.2 	9086.6 	10922.2 	10902.6 	13176.4 	12370.3 	14644.5 	14726.8 	16283.3 	18511.5 	19389.0 	20997.7 	21518.8 	23832.5 	25732.4 	27735.7 	25946.1 	25465.0 	25570.5 	24878.6 	29418.8 	25985.2 
A,MIO_BAL_VAL,SITC5,EXT_EU27_2020,HR	-65.7 	-68.0 	-75.1 	-17.8 	-39.4 	-33.0 	-38.3 	-11.7 	-12.8 	-31.7 	39.1 	87.3 	128.3 	46.1 	-45.9 	320.3 	19.9 	118.7 	199.6 	156.6 	-23.8 	230.0 	356.8 	265.1 
A,MIO_BAL_VAL,SITC5,EXT_EU27_2020,HU	25.6 	29.3 	243.4 	644.5 	795.7 	640.0 	632.6 	751.6 	762.0 	574.6 	1045.3 	1432.6 	1088.9 	729.8 	845.2 	839.7 	575.5 	753.0 	162.1 	-144.9 	-1756.1 	-3466.3 	-1670.5 	-249.1 
A,MIO_BAL_VAL,SITC5,EXT_EU27_2020,IE	14038.7 	13769.6 	13220.0 	13963.0 	14261.2 	16892.5 	16610.1 	17983.1 	22685.2 	24545.3 	22480.3 	21337.3 	21893.6 	27719.7 	29053.8 	28346.4 	39154.4 	43183.0 	40277.3 	40042.0 	45384.7 	38384.3 	64602.8 	97463.1 
A,MIO_BAL_VAL,SITC5,EXT_EU27_2020,IT	1374.9 	1073.5 	2020.1 	2415.2 	1916.6 	1435.9 	1190.5 	804.4 	902.6 	-364.7 	1521.7 	3968.0 	3201.3 	2978.0 	3763.3 	7065.7 	7736.3 	10910.2 	11334.8 	9541.6 	12378.4 	16037.0 	14295.5 	7484.9 
A,MIO_BAL_VAL,SITC5,EXT_EU27_2020,LT	-121.8 	-185.5 	-68.2 	-2.1 	-42.3 	9.8 	224.6 	181.9 	278.8 	404.3 	355.2 	390.7 	360.2 	222.6 	447.9 	581.3 	832.5 	896.2 	1401.9 	1827.6 	1139.5 	1130.4 	697.1 	425.8 
A,MIO_BAL_VAL,SITC5,EXT_EU27_2020,LU	-0.2 	-16.8 	-25.4 	-99.5 	-151.9 	-156.2 	-103.7 	-25.2 	-128.6 	-226.5 	-268.4 	-239.6 	-144.6 	-59.3 	-58.8 	-73.1 	-58.6 	23.3 	-5.7 	-68.0 	-95.5 	-31.0 	-34.5 	-83.6 
A,MIO_BAL_VAL,SITC5,EXT_EU27_2020,LV	-86.2 	-84.5 	-76.3 	-30.9 	-31.5 	-56.5 	-25.3 	-12.9 	14.8 	17.7 	71.9 	69.0 	89.9 	21.8 	72.5 	87.7 	129.2 	91.7 	43.1 	50.0 	122.4 	277.2 	5.8 	38.8 
A,MIO_BAL_VAL,SITC5,EXT_EU27_2020,MT	-77.7 	-71.2 	-66.0 	-52.4 	-73.1 	-82.9 	-57.3 	-56.7 	-71.5 	-105.9 	-107.7 	-93.5 	-93.2 	-96.3 	517.1 	-153.8 	-227.7 	-206.8 	-214.6 	-177.1 	-217.8 	-238.5 	-285.5 	-377.3 
A,MIO_BAL_VAL,SITC5,EXT_EU27_2020,NL	660.0 	1702.8 	1545.3 	902.7 	565.9 	1055.7 	-2270.7 	-421.6 	-311.5 	2586.5 	2007.8 	-21.1 	1542.8 	1747.7 	1417.8 	1735.9 	1538.9 	2533.3 	3072.2 	1036.6 	-3684.0 	2661.0 	7824.4 	5818.7 
A,MIO_BAL_VAL,SITC5,EXT_EU27_2020,PL	-1075.5 	-1007.5 	-437.8 	-10.6 	-52.7 	-50.8 	-133.4 	177.0 	16.1 	41.8 	442.7 	419.1 	-248.8 	-603.1 	-323.0 	-261.3 	-206.7 	-181.3 	-236.4 	-1420.0 	-4327.5 	-2266.0 	-962.3 	-1240.5 
A,MIO_BAL_VAL,SITC5,EXT_EU27_2020,PT	-371.5 	-345.7 	-376.9 	-422.5 	-482.2 	-458.5 	-415.0 	-291.5 	-526.4 	-338.4 	-267.7 	-127.4 	-12.9 	-102.8 	-38.8 	-111.9 	-340.7 	-402.3 	-456.2 	-429.6 	-600.5 	651.8 	400.1 	45.9 
A,MIO_BAL_VAL,SITC5,EXT_EU27_2020,RO	-124.5 	-133.6 	-138.1 	-129.3 	-328.1 	-354.8 	-469.3 	-480.1 	-368.2 	-214.5 	-118.3 	-353.5 	-415.1 	-562.1 	-674.2 	-759.4 	-714.2 	-914.1 	-1308.4 	-1878.1 	-3026.8 	-1735.0 	-2104.3 	-2171.4 
A,MIO_BAL_VAL,SITC5,EXT_EU27_2020,SE	2133.6 	2729.0 	3203.1 	2674.7 	3265.7 	2272.3 	2364.1 	2544.7 	2973.5 	2796.8 	2939.6 	3581.9 	3530.4 	4604.3 	4184.4 	4765.5 	4795.2 	6699.8 	7160.9 	6594.5 	8057.2 	6972.4 	7801.7 	8136.0 
A,MIO_BAL_VAL,SITC5,EXT_EU27_2020,SI	234.0 	339.7 	438.5 	486.8 	668.2 	747.7 	865.2 	791.9 	754.4 	833.7 	925.4 	990.2 	977.0 	742.2 	625.5 	596.7 	496.5 	-51.9 	346.2 	-1019.3 	477.7 	342.5 	-5718.1 	3908.9 
A,MIO_BAL_VAL,SITC5,EXT_EU27_2020,SK	-258.3 	-266.3 	-224.7 	-77.5 	-101.9 	-174.0 	-248.5 	-161.0 	-166.5 	-172.5 	-184.7 	-265.0 	-263.6 	-273.7 	-285.1 	-259.4 	-270.4 	-215.3 	-151.1 	-222.5 	-130.8 	-47.4 	-126.2 	-107.7 
A,MIO_BAL_VAL,SITC5,WORLD,AT	-766.0 	-1053.4 	-1226.8 	-1257.4 	-884.3 	-644.9 	-450.6 	-112.0 	-275.2 	-546.4 	8.1 	-336.7 	147.0 	-479.8 	-922.5 	-434.3 	-1298.6 	-276.8 	1227.5 	-952.2 	-598.1 	5240.5 	6209.4 	881.1 
A,MIO_BAL_VAL,SITC5,WORLD,BE	11630.1 	12226.9 	13370.4 	12686.1 	14590.8 	18325.4 	18689.7 	19362.4 	22945.9 	23772.2 	22316.4 	24211.0 	22491.9 	20623.4 	21181.8 	20516.0 	22415.7 	23262.8 	26979.4 	32602.3 	41221.2 	26238.0 	33677.4 	28332.9 
A,MIO_BAL_VAL,SITC5,WORLD,BG	-397.3 	-457.5 	-682.1 	-671.9 	-864.4 	-872.5 	-985.0 	-986.0 	-1013.9 	-1033.6 	-1195.8 	-1306.1 	-1330.6 	-1438.6 	-1492.2 	-1553.8 	-1600.8 	-1512.0 	-1408.9 	-1976.8 	-2190.4 	-2087.8 	-1963.5 	-2342.4 
A,MIO_BAL_VAL,SITC5,WORLD,CY	-310.5 	-323.7 	-330.2 	-329.5 	-365.2 	-412.4 	-449.6 	-404.4 	-364.4 	-289.4 	-256.9 	-255.6 	-279.8 	-276.1 	-289.0 	-324.9 	-337.4 	-408.7 	-383.6 	-434.9 	-604.6 	-687.2 	-768.4 	-929.7 
A,MIO_BAL_VAL,SITC5,WORLD,CZ	-2402.9 	-2682.5 	-2831.3 	-2761.8 	-3177.2 	-3758.9 	-3943.5 	-3259.4 	-3687.7 	-4617.1 	-4673.3 	-4642.2 	-4741.5 	-5510.3 	-5962.4 	-5985.2 	-6514.7 	-6305.7 	-6106.1 	-7920.1 	-9293.9 	-8425.7 	-8209.3 	-8857.8 
A,MIO_BAL_VAL,SITC5,WORLD,DE	21592.5 	26012.1 	33494.0 	35166.9 	39212.4 	40902.9 	46971.0 	40670.1 	46100.0 	46872.5 	54823.6 	58282.1 	59202.3 	60777.9 	59105.4 	61482.2 	59844.7 	59620.4 	60810.1 	76787.4 	67912.5 	79046.8 	79779.8 	79231.4 
A,MIO_BAL_VAL,SITC5,WORLD,DK	1693.7 	2289.5 	2115.5 	2671.6 	1833.4 	2273.1 	2232.3 	3378.5 	4514.4 	4822.5 	5516.8 	5899.2 	6126.7 	7532.7 	8325.9 	8291.5 	9136.2 	12685.0 	13623.3 	12323.3 	14781.6 	16329.6 	16019.3 	18539.4 
A,MIO_BAL_VAL,SITC5,WORLD,EE	-309.5 	-325.0 	-378.8 	-443.0 	-580.5 	-609.2 	-614.4 	-480.5 	-538.7 	-607.5 	-736.6 	-634.1 	-779.4 	-787.1 	-813.4 	-879.7 	-930.0 	-988.3 	-968.3 	-1238.0 	-1506.9 	-1232.7 	-1343.4 	-1380.9 
A,MIO_BAL_VAL,SITC5,WORLD,EL	-3430.5 	-3771.9 	-4228.8 	-4396.5 	-4829.6 	-5614.0 	-6197.0 	-5662.9 	-4981.9 	-4741.1 	-4105.2 	-3971.1 	-3974.6 	-4069.9 	-4149.8 	-4369.3 	-4506.5 	-4563.2 	-4946.6 	-5301.1 	-6326.1 	-5798.3 	-6105.7 	-6150.4 
A,MIO_BAL_VAL,SITC5,WORLD,ES	-7602.7 	-8177.2 	-8860.5 	-8000.6 	-8253.7 	-8100.6 	-9484.2 	-9049.5 	-8189.9 	-9024.2 	-6851.4 	-5555.3 	-6101.1 	-7709.1 	-6684.7 	-6714.9 	-8795.1 	-8947.8 	-9013.9 	-9727.5 	-1335.6 	-2155.6 	-3380.3 	-6675.0 
A,MIO_BAL_VAL,SITC5,WORLD,FI	-868.5 	-1008.2 	-1123.6 	-1373.5 	-1483.3 	-1171.2 	-1172.4 	-691.0 	-544.0 	-506.0 	-833.3 	-737.5 	-757.7 	-1062.6 	-1026.6 	-1157.4 	-1349.2 	-1299.1 	-1118.9 	-718.2 	-1015.5 	-943.4 	-374.1 	-612.8 
A,MIO_BAL_VAL,SITC5,WORLD,FR	11059.5 	9706.9 	9975.1 	9259.2 	12101.9 	9925.1 	11558.7 	10422.9 	10531.1 	7768.6 	8884.4 	11708.0 	11105.6 	13159.9 	13381.2 	14344.6 	16253.8 	19570.6 	16582.3 	15168.3 	10956.7 	16217.4 	21045.0 	16010.4 
A,MIO_BAL_VAL,SITC5,WORLD,HR	-751.5 	-855.9 	-886.2 	-954.5 	-1097.6 	-1219.1 	-1258.6 	-1158.4 	-1123.7 	-1149.9 	-1145.7 	-1167.8 	-1165.1 	-1247.5 	-1382.0 	-1059.2 	-1489.0 	-1551.5 	-1830.8 	-2100.8 	-2682.9 	-2459.7 	-2565.1 	-2738.1 
A,MIO_BAL_VAL,SITC5,WORLD,HU	-1267.4 	-1442.1 	-1288.4 	-1056.1 	-858.4 	-852.7 	-1116.3 	-622.1 	-634.3 	-572.8 	-41.9 	328.6 	41.1 	-3.1 	-24.4 	398.2 	-1.4 	-307.2 	-770.8 	-825.7 	-3278.4 	-3713.2 	-1309.1 	-300.6 
A,MIO_BAL_VAL,SITC5,WORLD,IE	32139.0 	28894.9 	30426.1 	32978.5 	31828.5 	35092.7 	35819.2 	39995.3 	44104.7 	45611.9 	44770.1 	39498.4 	40137.3 	50360.0 	51630.9 	50018.5 	65524.7 	75332.9 	79881.6 	72679.9 	91369.7 	83897.5 	113697.3 	137290.6 
A,MIO_BAL_VAL,SITC5,WORLD,IT	-5876.1 	-7233.8 	-8093.1 	-7721.4 	-8992.6 	-9638.5 	-9230.9 	-9382.7 	-10124.3 	-12441.8 	-10125.5 	-7395.5 	-4343.7 	-7560.8 	-5793.5 	-3524.0 	-5175.5 	203.4 	1051.1 	-4427.1 	-4753.0 	842.7 	2139.6 	1340.4 
A,MIO_BAL_VAL,SITC5,WORLD,LT	-517.0 	-527.8 	-567.1 	-585.6 	-755.3 	-593.2 	-234.6 	-353.2 	-389.3 	-206.7 	-229.6 	-345.3 	-350.2 	-509.6 	-366.6 	-521.3 	-337.0 	-362.9 	212.4 	592.9 	-239.8 	-695.0 	-780.2 	-1002.2 
A,MIO_BAL_VAL,SITC5,WORLD,LU	-561.8 	-553.3 	-574.7 	-742.8 	-801.3 	-799.7 	-860.5 	-638.9 	-814.7 	-1020.3 	-948.6 	-866.4 	-721.9 	-594.9 	-574.2 	-669.9 	-798.2 	-846.1 	-810.0 	-1143.9 	-1362.4 	-1040.0 	-1210.0 	-1294.3 
A,MIO_BAL_VAL,SITC5,WORLD,LV	-401.4 	-416.1 	-454.7 	-491.1 	-589.1 	-631.7 	-670.6 	-472.9 	-614.1 	-612.3 	-676.8 	-738.3 	-698.0 	-710.6 	-686.2 	-768.9 	-738.6 	-794.0 	-809.2 	-963.8 	-1254.3 	-1084.9 	-1060.0 	-1258.2 
A,MIO_BAL_VAL,SITC5,WORLD,MT	-193.9 	-197.6 	-203.2 	-171.0 	-154.0 	-135.2 	-126.4 	-111.1 	-101.8 	-163.0 	-123.7 	-91.2 	-112.4 	-155.8 	494.7 	-146.4 	-203.8 	-164.1 	-166.9 	-141.1 	-298.2 	-351.9 	-403.5 	-407.4 
A,MIO_BAL_VAL,SITC5,WORLD,NL	12942.0 	13869.4 	14980.2 	15576.2 	17479.7 	18440.3 	17712.1 	15396.4 	19831.4 	26853.3 	27287.2 	23246.4 	24219.7 	24122.1 	25323.9 	27152.6 	34324.1 	32952.6 	31112.6 	37091.7 	37971.2 	35119.9 	34700.9 	36522.4 
A,MIO_BAL_VAL,SITC5,WORLD,PL	-5932.8 	-5811.0 	-6310.4 	-6757.6 	-7332.1 	-8191.6 	-9407.2 	-7363.1 	-8839.2 	-9346.4 	-8418.7 	-8187.2 	-9117.4 	-8981.9 	-9645.1 	-10221.7 	-11049.8 	-10397.3 	-10256.5 	-14472.4 	-17995.2 	-15856.1 	-16001.1 	-16388.6 
A,MIO_BAL_VAL,SITC5,WORLD,PT	-3043.4 	-3018.5 	-3109.4 	-3267.8 	-3722.8 	-3666.9 	-3998.8 	-4019.0 	-4319.0 	-4097.7 	-3818.1 	-3459.7 	-3722.0 	-4137.8 	-4084.5 	-4426.7 	-5250.1 	-5321.4 	-5424.6 	-6950.9 	-7832.9 	-7570.0 	-7841.9 	-8749.2 
A,MIO_BAL_VAL,SITC5,WORLD,RO	-1345.3 	-1441.7 	-1680.3 	-2035.8 	-2834.9 	-3560.2 	-4152.9 	-3980.5 	-4033.4 	-4421.6 	-4531.3 	-4979.4 	-5272.8 	-5937.6 	-6563.5 	-7291.3 	-7494.6 	-8223.7 	-8687.5 	-10922.1 	-13699.7 	-12199.5 	-12831.9 	-13441.9 
A,MIO_BAL_VAL,SITC5,WORLD,SE	2242.5 	2845.1 	2659.5 	2171.5 	2915.7 	1615.6 	841.5 	1615.4 	1714.8 	255.9 	390.1 	1341.3 	537.0 	1806.3 	1749.1 	1992.5 	1609.9 	3411.1 	4118.4 	3341.1 	3836.1 	4868.9 	4685.3 	5173.3 
A,MIO_BAL_VAL,SITC5,WORLD,SI	-209.5 	-99.8 	-134.0 	-117.2 	118.4 	150.6 	325.5 	464.6 	386.3 	498.3 	666.3 	881.0 	905.7 	776.8 	721.7 	678.0 	495.4 	11.8 	607.9 	-1162.7 	83.8 	148.0 	-6081.3 	3751.9 
A,MIO_BAL_VAL,SITC5,WORLD,SK	-807.1 	-956.7 	-1141.9 	-1217.0 	-1374.1 	-1780.0 	-1984.9 	-1976.3 	-1911.7 	-2189.3 	-2361.7 	-2227.3 	-2301.4 	-2568.8 	-2926.4 	-3176.7 	-3120.2 	-3193.7 	-3362.2 	-3836.8 	-4138.0 	-4224.9 	-4598.8 	-4749.1 
A,MIO_BAL_VAL,SITC6_8,EU27_2020,AT	-1133.2 	-907.8 	-1707.7 	-1048.2 	-920.7 	-854.0 	-266.0 	-1543.5 	-1550.6 	-2543.4 	-2928.2 	-2835.5 	-2566.1 	-2793.6 	-3690.4 	-4364.7 	-4383.4 	-4929.1 	-4718.3 	-6891.7 	-4831.2 	-3058.0 	-5370.5 	-5285.9 
A,MIO_BAL_VAL,SITC6_8,EU27_2020,BE	10888.9 	11177.3 	13213.1 	15680.2 	18458.6 	22152.1 	20679.2 	13430.4 	16410.0 	17430.2 	14929.3 	14213.8 	15069.5 	19407.7 	19733.6 	21317.6 	22572.1 	23671.5 	21013.9 	28722.4 	35160.8 	31169.5 	30047.7 	27659.8 
A,MIO_BAL_VAL,SITC6_8,EU27_2020,BG	367.3 	515.0 	722.3 	760.6 	1156.2 	681.9 	757.2 	582.5 	997.2 	1967.8 	1477.5 	1696.2 	1614.6 	1808.6 	1815.4 	2327.9 	2261.4 	2093.6 	2329.8 	2962.6 	4055.0 	4492.8 	5835.1 	4263.7 
A,MIO_BAL_VAL,SITC6_8,EU27_2020,CY	-712.8 	-729.8 	-868.2 	-941.2 	-1006.6 	-1119.2 	-1218.6 	-998.3 	-1032.8 	-990.8 	-846.4 	-702.9 	-745.1 	-782.0 	-840.6 	-1046.2 	-1239.9 	-1156.8 	-1125.1 	-1376.5 	-1727.4 	-1794.6 	-1872.6 	-1963.1 
A,MIO_BAL_VAL,SITC6_8,EU27_2020,CZ	1251.7 	1395.9 	865.3 	449.3 	149.9 	254.8 	943.5 	951.9 	814.0 	1600.1 	2341.4 	2783.8 	2558.4 	2408.7 	3213.7 	2151.6 	1873.2 	2085.2 	3687.7 	2521.2 	2706.7 	3471.4 	2677.1 	1354.9 
A,MIO_BAL_VAL,SITC6_8,EU27_2020,DE	10870.9 	10656.5 	17083.6 	17593.3 	20304.8 	24782.7 	22502.3 	21926.4 	18913.2 	14019.0 	8756.5 	7836.0 	5512.3 	5266.9 	3480.2 	2597.8 	4908.9 	7632.6 	5220.3 	-313.6 	-3199.7 	6788.7 	10019.8 	1224.9 
A,MIO_BAL_VAL,SITC6_8,EU27_2020,DK	-1237.1 	-977.1 	-926.2 	-862.3 	-1910.6 	-2152.8 	-1887.3 	-270.4 	-484.0 	-450.7 	-1196.7 	-1391.9 	-1262.3 	-1338.2 	-1617.7 	-1984.6 	-1837.3 	-2239.8 	-2513.0 	-3301.5 	-3739.5 	-2588.2 	-2541.7 	-2068.3 
A,MIO_BAL_VAL,SITC6_8,EU27_2020,EE	79.6 	157.9 	-119.6 	-192.6 	-416.9 	-502.7 	-346.7 	-62.9 	-86.9 	5.3 	-151.7 	-204.6 	-217.0 	7.7 	-40.7 	-28.5 	31.5 	73.0 	180.1 	110.3 	-311.7 	-417.8 	-317.6 	-265.0 
A,MIO_BAL_VAL,SITC6_8,EU27_2020,EL	-3803.0 	-4033.8 	-4596.5 	-4498.2 	-4955.7 	-5444.5 	-6113.2 	-5212.9 	-3935.8 	-2596.9 	-2205.3 	-2266.3 	-2469.4 	-2173.4 	-2562.8 	-2436.6 	-2384.5 	-1948.0 	-1445.2 	-1780.7 	-1789.2 	-2611.8 	-3987.0 	-3877.4 
A,MIO_BAL_VAL,SITC6_8,EU27_2020,ES	-5380.9 	-6618.8 	-7540.4 	-7758.5 	-8431.5 	-9792.6 	-8082.4 	-4509.9 	-3393.4 	-1585.7 	-538.3 	582.6 	-743.5 	-1414.9 	-1778.5 	662.2 	765.8 	576.5 	1664.1 	5061.2 	3561.2 	2027.0 	-462.6 	-839.0 
A,MIO_BAL_VAL,SITC6_8,EU27_2020,EU27_2020	29034.0 	28277.4 	32081.8 	34088.7 	41771.2 	42221.2 	36402.1 	32382.5 	40827.7 	44662.3 	38529.2 	38323.0 	36943.2 	37907.4 	34042.8 	38562.9 	41697.2 	44603.4 	42071.3 	54420.8 	60173.7 	60492.3 	64486.9 	55722.4 
A,MIO_BAL_VAL,SITC6_8,EU27_2020,FI	4422.5 	4241.7 	4823.0 	3801.3 	5432.1 	5144.8 	3933.0 	1829.5 	3116.9 	3093.6 	1726.1 	1756.2 	2160.1 	2160.8 	1701.7 	1979.6 	1831.0 	997.3 	536.1 	1482.6 	744.5 	1320.6 	1410.3 	1206.1 
A,MIO_BAL_VAL,SITC6_8,EU27_2020,FR	-17666.3 	-19330.2 	-21681.2 	-22708.0 	-24256.1 	-28421.9 	-30387.2 	-26482.5 	-31110.4 	-34948.3 	-35541.0 	-35770.7 	-36086.3 	-37617.9 	-39279.2 	-42152.3 	-43879.5 	-43924.8 	-41076.2 	-49823.9 	-55605.7 	-53612.3 	-46218.5 	-45345.6 
A,MIO_BAL_VAL,SITC6_8,EU27_2020,HR	-1355.2 	-1560.0 	-1558.5 	-1696.3 	-1938.9 	-2121.0 	-2131.0 	-1514.2 	-1132.9 	-1089.3 	-917.2 	-1328.3 	-1813.6 	-1988.8 	-2085.7 	-2290.4 	-2475.2 	-2585.8 	-2336.8 	-2793.2 	-3484.5 	-3857.3 	-4567.4 	-5063.0 
A,MIO_BAL_VAL,SITC6_8,EU27_2020,HU	-740.0 	-1518.3 	-1953.5 	-1604.5 	-1833.4 	-2197.5 	-2079.6 	-940.8 	-740.6 	-567.6 	14.0 	-414.2 	-867.8 	-1720.9 	-1694.9 	-1623.7 	-2250.6 	-3107.9 	-2764.6 	-4391.1 	-5487.4 	-3459.7 	-3251.9 	-3391.8 
A,MIO_BAL_VAL,SITC6_8,EU27_2020,IE	1496.0 	2116.0 	1351.4 	1623.5 	511.5 	391.2 	767.9 	1491.5 	2135.8 	2265.2 	2301.8 	2219.6 	1892.1 	2559.3 	2766.0 	2145.6 	2402.1 	2161.6 	1179.9 	464.6 	-132.3 	322.9 	1209.2 	1203.4 
A,MIO_BAL_VAL,SITC6_8,EU27_2020,IT	20703.8 	20300.5 	21317.8 	21310.0 	22563.7 	25247.9 	24594.5 	19171.8 	19342.2 	21355.1 	22395.3 	22135.2 	22641.5 	20602.9 	21572.3 	23055.6 	23228.7 	24868.3 	23070.3 	29678.7 	28955.1 	23188.0 	20544.9 	23219.8 
A,MIO_BAL_VAL,SITC6_8,EU27_2020,LT	-142.5 	-134.5 	-398.5 	-480.4 	-678.9 	-1032.5 	-985.8 	-223.9 	-262.9 	-411.3 	-427.0 	-691.1 	-920.4 	-651.6 	-610.4 	-720.7 	-530.6 	-595.7 	-551.1 	-471.0 	-684.9 	-1140.7 	-306.3 	-270.1 
A,MIO_BAL_VAL,SITC6_8,EU27_2020,LU	581.4 	484.9 	798.8 	940.3 	1267.5 	1519.4 	1366.6 	698.8 	775.4 	1010.5 	808.5 	790.2 	738.7 	847.1 	695.3 	868.2 	512.4 	131.3 	48.2 	362.6 	562.7 	143.3 	155.2 	257.4 
A,MIO_BAL_VAL,SITC6_8,EU27_2020,LV	-188.2 	-216.0 	-246.5 	-403.8 	-703.8 	-837.1 	-524.6 	-268.0 	-128.1 	-183.9 	-393.8 	-585.5 	-578.3 	-370.8 	-292.5 	-274.8 	-288.7 	-451.6 	-311.1 	-127.4 	-696.9 	-1113.0 	-790.0 	-806.4 
A,MIO_BAL_VAL,SITC6_8,EU27_2020,MT	-106.1 	-115.5 	-148.5 	-166.6 	-200.4 	-226.7 	-265.5 	-197.7 	-161.0 	-115.0 	-133.6 	-123.3 	-160.1 	-190.2 	-145.9 	-117.1 	-171.3 	-158.4 	-193.6 	-260.1 	-399.9 	-563.4 	-491.4 	-579.4 
A,MIO_BAL_VAL,SITC6_8,EU27_2020,NL	6636.9 	7865.8 	10124.7 	12863.4 	17741.3 	18713.9 	17969.1 	14210.6 	21205.0 	23633.9 	21652.7 	22873.6 	25305.6 	25087.2 	25607.0 	29595.1 	30690.4 	29905.2 	27461.3 	40439.0 	51567.5 	45072.6 	48403.3 	51869.8 
A,MIO_BAL_VAL,SITC6_8,EU27_2020,PL	853.9 	1665.2 	1007.8 	724.8 	762.7 	-411.4 	-724.6 	598.2 	327.0 	1692.5 	3909.2 	5333.9 	5995.0 	8710.1 	9773.3 	11111.3 	12432.2 	15440.3 	15896.7 	18490.8 	21389.1 	23223.7 	21430.8 	21664.8 
A,MIO_BAL_VAL,SITC6_8,EU27_2020,PT	-1306.7 	-649.2 	-856.1 	-1568.4 	-1664.9 	-1572.4 	-2373.5 	-1905.1 	-1674.8 	-606.9 	368.7 	305.7 	234.8 	207.0 	715.3 	412.7 	495.9 	303.1 	877.5 	618.6 	-82.5 	-86.4 	-730.5 	-1873.8 
A,MIO_BAL_VAL,SITC6_8,EU27_2020,RO	406.3 	250.7 	411.9 	-141.7 	-777.9 	-2369.3 	-2949.7 	-1666.8 	-1551.9 	-1234.4 	-912.6 	-887.5 	-1057.3 	-1470.9 	-1731.2 	-1718.2 	-1784.6 	-2358.4 	-2845.5 	-3564.1 	-4391.1 	-4113.6 	-5204.8 	-5423.3 
A,MIO_BAL_VAL,SITC6_8,EU27_2020,SE	2550.0 	2362.6 	1780.4 	1200.8 	1774.5 	1306.9 	1779.4 	1559.2 	1453.3 	600.4 	781.0 	171.0 	-110.0 	-1010.3 	-2279.7 	-2806.0 	-3452.2 	-2965.6 	-2431.6 	-3769.7 	-4427.2 	-4012.4 	-3324.0 	-3180.9 
A,MIO_BAL_VAL,SITC6_8,EU27_2020,SI	486.1 	518.1 	246.7 	293.6 	378.7 	271.4 	281.0 	170.7 	402.5 	822.4 	936.6 	958.1 	1122.2 	1262.3 	1222.0 	1221.5 	1388.1 	1435.9 	1474.7 	1865.9 	2324.6 	2014.3 	2248.4 	2003.8 
A,MIO_BAL_VAL,SITC6_8,EU27_2020,SK	1210.7 	1360.5 	936.5 	918.3 	965.8 	809.9 	1164.0 	1557.8 	2181.3 	2490.3 	2322.3 	1869.2 	1695.7 	1094.5 	397.4 	680.1 	981.3 	-350.2 	-257.3 	504.6 	137.6 	-313.2 	-58.0 	27.0 
A,MIO_BAL_VAL,SITC6_8,EXT_EU27_2020,AT	3888.3 	3614.7 	4059.0 	4903.2 	5388.7 	5120.0 	5821.4 	4621.5 	5077.6 	5457.8 	6572.5 	6904.4 	6466.2 	5639.2 	4835.7 	5618.6 	6145.2 	5767.2 	4589.7 	6193.8 	5570.4 	4673.2 	7486.4 	6209.3 
A,MIO_BAL_VAL,SITC6_8,EXT_EU27_2020,BE	-2058.0 	-2962.5 	-4131.7 	-5272.6 	-6712.2 	-9974.5 	-10406.7 	-5939.1 	-6778.2 	-9202.6 	-6665.2 	-6435.2 	-7953.8 	-10885.7 	-10964.9 	-10039.6 	-11257.7 	-10184.0 	-8567.3 	-13990.9 	-22682.9 	-15600.0 	-14700.3 	-12549.9 
A,MIO_BAL_VAL,SITC6_8,EXT_EU27_2020,BG	80.1 	47.4 	-43.1 	-218.7 	-224.7 	-260.5 	-871.9 	-2.2 	460.0 	453.7 	559.1 	336.7 	156.5 	320.3 	388.9 	1172.2 	660.9 	-178.7 	375.4 	-171.3 	-1810.6 	-972.5 	-1228.3 	-1063.3 
A,MIO_BAL_VAL,SITC6_8,EXT_EU27_2020,CY	-655.2 	-580.3 	-464.6 	-465.8 	-551.6 	-650.8 	-725.6 	-503.9 	-656.8 	-458.8 	-348.6 	-227.6 	-255.6 	-315.7 	-244.2 	-252.4 	-206.1 	-335.5 	-350.6 	-388.0 	-560.9 	-560.2 	-564.5 	-681.0 
A,MIO_BAL_VAL,SITC6_8,EXT_EU27_2020,CZ	-272.7 	-401.6 	349.6 	1138.7 	923.7 	745.3 	93.4 	527.9 	673.1 	1052.3 	2086.2 	2295.3 	2023.0 	1651.5 	958.4 	876.9 	987.0 	1127.7 	595.6 	319.7 	-1097.1 	489.9 	1006.3 	173.7 
A,MIO_BAL_VAL,SITC6_8,EXT_EU27_2020,DE	7559.8 	7248.4 	10915.0 	10862.5 	12257.1 	8414.1 	10618.6 	10184.4 	9826.5 	11131.8 	20482.1 	22183.1 	18888.9 	13282.4 	14246.4 	20233.1 	20619.3 	21578.1 	12402.5 	16121.1 	5213.9 	23991.2 	22783.3 	21035.5 
A,MIO_BAL_VAL,SITC6_8,EXT_EU27_2020,DK	477.6 	246.9 	-114.0 	-385.3 	-941.4 	-1440.6 	-1398.4 	-709.0 	-1231.0 	-864.7 	-394.6 	-309.9 	-883.6 	-1247.5 	-1012.5 	-959.0 	-1089.5 	-1319.6 	-1496.6 	-2126.6 	-3722.3 	-1671.4 	-1186.5 	-1542.8 
A,MIO_BAL_VAL,SITC6_8,EXT_EU27_2020,EE	-81.0 	-119.9 	-74.7 	52.3 	69.2 	1.5 	136.3 	210.9 	277.8 	354.4 	393.6 	433.1 	372.0 	286.0 	263.6 	287.4 	255.2 	191.6 	109.7 	96.5 	209.6 	355.4 	202.2 	-183.9 
A,MIO_BAL_VAL,SITC6_8,EXT_EU27_2020,EL	-1568.5 	-1752.5 	-2374.5 	-2433.0 	-3224.1 	-4285.7 	-3852.1 	-2550.5 	-2512.0 	-1656.2 	-953.7 	-1103.4 	-1426.4 	-1383.0 	-1863.6 	-2109.4 	-2344.7 	-3081.6 	-2704.4 	-3587.3 	-5498.8 	-4330.1 	-4158.6 	-4100.7 
A,MIO_BAL_VAL,SITC6_8,EXT_EU27_2020,ES	-104.3 	-2315.2 	-4272.7 	-6509.0 	-8984.1 	-10810.9 	-7542.7 	-4265.3 	-5493.8 	-3863.9 	751.6 	2031.4 	-223.3 	-2765.3 	-4062.3 	-5083.9 	-6300.3 	-7687.1 	-7641.5 	-8692.0 	-15201.6 	-10764.9 	-14494.6 	-18635.3 
A,MIO_BAL_VAL,SITC6_8,EXT_EU27_2020,EU27_2020	33727.5 	24510.0 	26302.4 	18808.9 	2903.6 	-20219.3 	-12940.0 	5230.4 	-4643.7 	-1654.8 	43526.3 	54161.8 	35304.4 	11891.1 	9377.6 	13268.8 	6286.1 	12186.7 	-10848.1 	-28280.0 	-93570.9 	-12022.8 	-16771.5 	-41630.4 
A,MIO_BAL_VAL,SITC6_8,EXT_EU27_2020,FI	4786.0 	4727.4 	5130.7 	4960.7 	5493.9 	5483.0 	4725.7 	3564.8 	5244.1 	5523.8 	5662.1 	6005.8 	5482.9 	5103.2 	5017.5 	4434.8 	5686.6 	7001.5 	5152.9 	4784.3 	4842.5 	4967.0 	4646.4 	4868.7 
A,MIO_BAL_VAL,SITC6_8,EXT_EU27_2020,FR	3028.9 	2791.5 	1975.7 	1166.7 	335.0 	-432.8 	-409.6 	-1126.2 	-2996.6 	-3202.0 	-597.5 	-111.8 	-1954.8 	-3262.4 	-3150.6 	-4273.0 	-4057.2 	-3925.2 	-8905.0 	-5641.6 	-9328.4 	146.0 	-1866.1 	-2522.9 
A,MIO_BAL_VAL,SITC6_8,EXT_EU27_2020,HR	-332.2 	-401.4 	-552.1 	-659.1 	-918.2 	-1137.2 	-1257.5 	-919.0 	-947.3 	-1087.7 	-1021.1 	-525.4 	-107.3 	-199.8 	-247.8 	-400.5 	-410.7 	-587.1 	-520.8 	-559.0 	-928.1 	-717.6 	-675.5 	-994.6 
A,MIO_BAL_VAL,SITC6_8,EXT_EU27_2020,HU	-1069.9 	-1296.7 	-1068.9 	-807.9 	-475.2 	-591.5 	-320.6 	79.6 	287.2 	363.6 	562.9 	690.7 	720.6 	741.6 	608.8 	107.2 	-264.1 	-533.9 	-2059.7 	-719.4 	-2033.0 	-1797.1 	-1758.1 	-2166.2 
A,MIO_BAL_VAL,SITC6_8,EXT_EU27_2020,IE	-1915.7 	-1431.8 	-520.0 	-1688.2 	-2978.0 	-3775.5 	-2492.3 	-597.9 	593.0 	79.0 	737.1 	724.6 	762.3 	687.2 	957.4 	1542.5 	1569.4 	1210.8 	-139.0 	170.8 	121.3 	930.0 	354.8 	1316.3 
A,MIO_BAL_VAL,SITC6_8,EXT_EU27_2020,IT	23117.6 	19221.4 	18369.1 	16686.8 	12965.6 	11519.8 	13679.1 	13676.7 	10644.9 	12946.5 	25132.0 	28357.1 	26777.6 	25171.8 	25802.7 	25408.8 	25042.5 	29886.1 	22677.5 	24649.7 	22246.7 	31206.7 	35399.7 	26941.0 
A,MIO_BAL_VAL,SITC6_8,EXT_EU27_2020,LT	-45.2 	-104.0 	33.8 	106.4 	168.5 	235.9 	555.1 	573.0 	824.0 	1001.2 	1372.2 	1821.5 	1793.1 	1325.5 	1438.8 	1659.8 	1601.1 	1743.0 	1346.7 	1252.8 	1698.8 	2107.9 	1076.7 	754.3 
A,MIO_BAL_VAL,SITC6_8,EXT_EU27_2020,LU	634.4 	555.5 	567.3 	772.8 	765.8 	827.9 	971.0 	421.1 	551.8 	423.5 	232.1 	300.0 	305.7 	276.0 	17.5 	29.8 	570.0 	872.2 	667.6 	798.1 	1020.1 	907.6 	922.8 	892.1 
A,MIO_BAL_VAL,SITC6_8,EXT_EU27_2020,LV	0.0 	-66.1 	-61.7 	-6.3 	-119.1 	-215.7 	-76.9 	167.7 	107.7 	-9.4 	442.3 	258.6 	132.0 	85.6 	83.2 	102.4 	23.8 	136.2 	114.2 	-127.4 	444.0 	872.2 	494.5 	496.8 
A,MIO_BAL_VAL,SITC6_8,EXT_EU27_2020,MT	1.4 	-27.9 	-33.3 	-50.1 	-81.9 	-68.2 	-60.4 	-56.2 	-104.7 	-73.4 	-71.5 	-66.5 	-112.3 	-121.5 	-146.6 	-158.2 	-120.4 	-127.9 	-55.6 	-60.1 	-151.4 	-118.4 	-81.3 	-22.0 
A,MIO_BAL_VAL,SITC6_8,EXT_EU27_2020,NL	-8243.2 	-8770.5 	-9546.1 	-11776.3 	-16947.8 	-23662.8 	-24291.2 	-17533.5 	-24878.4 	-27640.5 	-22792.1 	-21638.3 	-25162.2 	-28706.5 	-28244.1 	-29292.9 	-31797.9 	-30588.0 	-26012.1 	-40849.5 	-59518.5 	-46309.7 	-45760.5 	-49124.4 
A,MIO_BAL_VAL,SITC6_8,EXT_EU27_2020,PL	-202.9 	-156.3 	1260.8 	2071.1 	2274.6 	1404.5 	1235.8 	1326.3 	1855.7 	2110.7 	3876.9 	4490.8 	2636.5 	993.6 	252.3 	-249.1 	-1774.5 	-1757.8 	-2446.3 	-5765.3 	-9514.4 	-3617.4 	-5679.9 	-10135.4 
A,MIO_BAL_VAL,SITC6_8,EXT_EU27_2020,PT	1450.4 	1285.3 	995.1 	744.9 	522.7 	519.1 	1017.3 	1294.3 	1274.7 	1956.8 	3329.7 	3792.7 	3973.5 	3650.7 	3238.0 	3244.5 	2693.2 	2529.4 	2014.2 	1961.7 	1907.1 	2325.5 	1944.3 	1261.2 
A,MIO_BAL_VAL,SITC6_8,EXT_EU27_2020,RO	428.3 	478.0 	547.2 	324.9 	-518.8 	-982.9 	-1894.6 	-620.1 	-371.0 	-352.6 	225.1 	453.4 	64.4 	-262.3 	-556.0 	-871.7 	-1698.3 	-2040.0 	-2684.7 	-3146.7 	-3759.0 	-2977.9 	-4318.9 	-5391.7 
A,MIO_BAL_VAL,SITC6_8,EXT_EU27_2020,SE	4489.9 	4538.0 	4822.9 	4619.9 	4429.3 	3185.1 	3722.7 	3500.9 	4139.0 	4934.6 	5365.5 	4664.5 	4069.0 	3175.8 	2974.6 	2715.5 	2461.6 	2828.2 	3115.6 	1976.9 	863.7 	5482.0 	5595.2 	5532.6 
A,MIO_BAL_VAL,SITC6_8,EXT_EU27_2020,SI	362.2 	227.8 	555.3 	622.0 	634.3 	533.7 	413.6 	315.9 	186.5 	113.5 	265.0 	215.9 	166.2 	31.2 	90.4 	66.6 	-172.3 	-127.2 	-341.0 	-840.3 	-975.3 	-232.8 	-941.3 	-889.1 
A,MIO_BAL_VAL,SITC6_8,EXT_EU27_2020,SK	-28.5 	-85.6 	-21.9 	48.3 	-647.8 	80.2 	-329.5 	-411.8 	-697.2 	-1146.0 	-1677.3 	-1379.5 	-1406.4 	-1380.8 	-1304.0 	-541.5 	-536.3 	-211.8 	-85.2 	59.9 	-926.7 	-807.5 	-1269.9 	-1108.8 
A,MIO_BAL_VAL,SITC6_8,WORLD,AT	2755.1 	2706.9 	2351.3 	3855.0 	4468.1 	4265.9 	5555.4 	3078.1 	3527.0 	2914.4 	3644.3 	4068.9 	3900.0 	2845.6 	1145.3 	1253.9 	1761.8 	838.1 	-128.6 	-697.9 	739.3 	1615.1 	2116.0 	923.4 
A,MIO_BAL_VAL,SITC6_8,WORLD,BE	8830.9 	8214.8 	9081.4 	10407.6 	11746.4 	12177.6 	10272.6 	7491.3 	9631.8 	8227.6 	8264.1 	7778.6 	7115.6 	8522.0 	8768.6 	11278.0 	11314.4 	13487.5 	12446.7 	14731.5 	12478.0 	15569.5 	15347.4 	15109.9 
A,MIO_BAL_VAL,SITC6_8,WORLD,BG	447.5 	562.5 	679.3 	542.0 	931.5 	421.4 	-114.7 	580.4 	1457.2 	2421.5 	2036.6 	2032.9 	1771.1 	2129.0 	2204.2 	3500.1 	2922.3 	1914.9 	2705.2 	2791.2 	2244.5 	3520.2 	4606.8 	3200.4 
A,MIO_BAL_VAL,SITC6_8,WORLD,CY	-1368.0 	-1310.1 	-1332.8 	-1406.9 	-1558.2 	-1770.0 	-1944.2 	-1502.1 	-1689.7 	-1449.6 	-1195.0 	-930.5 	-1000.7 	-1097.7 	-1084.8 	-1298.6 	-1446.0 	-1492.2 	-1475.7 	-1764.5 	-2288.3 	-2354.8 	-2437.1 	-2644.1 
A,MIO_BAL_VAL,SITC6_8,WORLD,CZ	979.1 	994.3 	1214.9 	1588.0 	1073.6 	1000.1 	1036.9 	1479.7 	1487.1 	2652.4 	4427.6 	5079.1 	4581.4 	4060.3 	4172.0 	3028.5 	2860.2 	3212.9 	4283.3 	2840.9 	1609.6 	3961.2 	3683.4 	1528.6 
A,MIO_BAL_VAL,SITC6_8,WORLD,DE	18430.7 	17904.9 	27998.7 	28455.9 	32562.0 	33196.8 	33120.9 	32110.8 	28739.7 	25150.8 	29238.6 	30019.1 	24401.2 	18549.3 	17726.6 	22830.8 	25528.1 	29210.7 	17622.8 	15807.5 	2014.2 	30779.9 	32803.0 	22260.4 
A,MIO_BAL_VAL,SITC6_8,WORLD,DK	-759.5 	-730.2 	-1040.2 	-1247.6 	-2852.0 	-3593.4 	-3285.7 	-979.4 	-1715.0 	-1315.4 	-1591.3 	-1701.8 	-2145.9 	-2585.7 	-2630.3 	-2943.6 	-2926.8 	-3559.4 	-4009.6 	-5428.1 	-7461.8 	-4259.5 	-3728.2 	-3611.1 
A,MIO_BAL_VAL,SITC6_8,WORLD,EE	-1.4 	37.9 	-194.3 	-140.3 	-347.6 	-501.1 	-210.4 	148.0 	190.8 	359.7 	241.9 	228.5 	155.0 	293.7 	222.9 	259.0 	286.7 	264.6 	289.8 	206.8 	-102.1 	-62.3 	-115.4 	-448.9 
A,MIO_BAL_VAL,SITC6_8,WORLD,EL	-5371.5 	-5786.3 	-6971.0 	-6931.2 	-8179.8 	-9730.2 	-9965.3 	-7763.4 	-6447.9 	-4253.0 	-3159.0 	-3369.7 	-3895.8 	-3556.4 	-4426.3 	-4546.1 	-4729.2 	-5029.6 	-4149.6 	-5368.0 	-7288.0 	-6942.0 	-8145.6 	-7978.0 
A,MIO_BAL_VAL,SITC6_8,WORLD,ES	-5485.2 	-8934.1 	-11813.1 	-14267.6 	-17415.6 	-20603.5 	-15625.1 	-8775.2 	-8887.3 	-5449.5 	213.3 	2614.0 	-966.7 	-4180.2 	-5840.9 	-4421.7 	-5534.5 	-7110.6 	-5977.5 	-3630.8 	-11640.4 	-8737.9 	-14957.1 	-19474.2 
A,MIO_BAL_VAL,SITC6_8,WORLD,FI	9208.6 	8969.1 	9953.7 	8762.0 	10926.0 	10627.8 	8658.7 	5394.4 	8361.0 	8617.4 	7388.2 	7762.0 	7643.0 	7264.0 	6719.2 	6414.4 	7517.7 	7998.8 	5689.0 	6266.9 	5586.9 	6287.6 	6056.7 	6074.8 
A,MIO_BAL_VAL,SITC6_8,WORLD,FR	-14637.4 	-16538.8 	-19705.5 	-21541.4 	-23921.1 	-28854.7 	-30796.8 	-27608.7 	-34107.0 	-38150.4 	-36138.5 	-35882.5 	-38041.1 	-40880.3 	-42429.9 	-46425.4 	-47936.7 	-47850.0 	-49981.2 	-55465.5 	-64934.1 	-53466.3 	-48084.6 	-47868.6 
A,MIO_BAL_VAL,SITC6_8,WORLD,HR	-1687.4 	-1961.4 	-2110.6 	-2355.4 	-2857.1 	-3258.2 	-3388.5 	-2433.1 	-2080.2 	-2177.0 	-1938.4 	-1853.8 	-1920.9 	-2188.6 	-2333.6 	-2690.8 	-2885.9 	-3172.9 	-2857.6 	-3352.2 	-4412.6 	-4574.9 	-5242.9 	-6057.7 
A,MIO_BAL_VAL,SITC6_8,WORLD,HU	-1809.9 	-2815.0 	-3022.4 	-2412.4 	-2308.5 	-2788.9 	-2400.1 	-861.2 	-453.4 	-204.0 	577.0 	276.6 	-147.2 	-979.3 	-1086.0 	-1516.4 	-2514.7 	-3641.7 	-4824.3 	-5110.4 	-7520.4 	-5256.8 	-5010.0 	-5558.0 
A,MIO_BAL_VAL,SITC6_8,WORLD,IE	-419.7 	684.2 	831.4 	-64.7 	-2466.5 	-3384.2 	-1724.5 	893.7 	2728.8 	2344.2 	3038.9 	2944.2 	2654.4 	3246.5 	3723.4 	3688.1 	3971.5 	3372.4 	1040.9 	635.4 	-10.9 	1252.9 	1564.0 	2519.8 
A,MIO_BAL_VAL,SITC6_8,WORLD,IT	43821.4 	39521.8 	39686.9 	37996.7 	35529.3 	36767.6 	38273.6 	32848.5 	29987.1 	34301.6 	47527.3 	50492.2 	49419.0 	45774.7 	47375.0 	48464.4 	48271.1 	54754.3 	45747.9 	54328.5 	51201.8 	54394.7 	55944.7 	50160.8 
A,MIO_BAL_VAL,SITC6_8,WORLD,LT	-187.7 	-238.5 	-364.7 	-374.0 	-510.4 	-796.6 	-430.7 	349.0 	561.1 	589.9 	945.1 	1130.4 	872.7 	673.9 	828.4 	939.2 	1070.6 	1147.3 	795.6 	781.8 	1013.9 	967.2 	770.4 	484.3 
A,MIO_BAL_VAL,SITC6_8,WORLD,LU	1215.7 	1040.4 	1366.2 	1713.1 	2033.4 	2347.3 	2337.6 	1119.9 	1327.2 	1434.0 	1040.7 	1090.2 	1044.4 	1123.0 	712.8 	897.9 	1082.4 	1003.5 	715.8 	1160.7 	1582.8 	1050.8 	1078.0 	1149.4 
A,MIO_BAL_VAL,SITC6_8,WORLD,LV	-188.3 	-282.1 	-308.2 	-410.1 	-822.9 	-1052.9 	-601.5 	-100.3 	-20.4 	-193.3 	48.5 	-326.9 	-446.4 	-285.2 	-209.3 	-172.4 	-264.8 	-315.4 	-196.9 	-254.7 	-252.9 	-240.8 	-295.5 	-309.6 
A,MIO_BAL_VAL,SITC6_8,WORLD,MT	-104.7 	-143.4 	-181.8 	-216.7 	-282.3 	-294.9 	-326.0 	-253.9 	-265.7 	-188.5 	-205.1 	-189.8 	-272.4 	-311.7 	-292.5 	-275.4 	-291.7 	-286.3 	-249.1 	-320.2 	-551.3 	-681.7 	-572.7 	-601.4 
A,MIO_BAL_VAL,SITC6_8,WORLD,NL	-1606.3 	-904.7 	578.6 	1087.1 	793.5 	-4948.9 	-6322.1 	-3322.9 	-3673.3 	-4006.6 	-1139.5 	1235.3 	143.4 	-3619.3 	-2637.1 	302.2 	-1107.5 	-682.8 	1449.2 	-410.5 	-7951.0 	-1237.1 	2642.8 	2745.4 
A,MIO_BAL_VAL,SITC6_8,WORLD,PL	651.0 	1508.9 	2268.6 	2795.9 	3037.3 	993.0 	511.3 	1924.5 	2182.7 	3803.2 	7786.1 	9824.7 	8631.5 	9703.7 	10025.6 	10862.1 	10657.7 	13682.6 	13450.4 	12725.5 	11874.7 	19606.3 	15750.9 	11529.4 
A,MIO_BAL_VAL,SITC6_8,WORLD,PT	143.6 	636.1 	139.0 	-823.5 	-1142.2 	-1053.3 	-1356.2 	-610.8 	-400.1 	1349.9 	3698.4 	4098.4 	4208.3 	3857.7 	3953.3 	3657.2 	3189.1 	2832.5 	2891.7 	2580.3 	1824.6 	2239.1 	1213.8 	-612.6 
A,MIO_BAL_VAL,SITC6_8,WORLD,RO	834.6 	728.7 	959.1 	183.2 	-1296.7 	-3352.1 	-4844.3 	-2286.9 	-1922.9 	-1587.0 	-687.5 	-434.1 	-993.0 	-1733.2 	-2287.2 	-2590.0 	-3482.8 	-4398.4 	-5530.2 	-6710.9 	-8150.1 	-7091.5 	-9523.7 	-10815.0 
A,MIO_BAL_VAL,SITC6_8,WORLD,SE	7039.9 	6900.6 	6603.3 	5820.7 	6203.7 	4492.0 	5502.1 	5060.1 	5592.2 	5535.0 	6146.5 	4835.5 	3958.9 	2165.5 	695.0 	-90.4 	-990.6 	-137.4 	684.0 	-1792.8 	-3563.5 	1469.6 	2271.2 	2351.7 
A,MIO_BAL_VAL,SITC6_8,WORLD,SI	848.3 	746.0 	801.9 	915.6 	1013.0 	805.1 	694.6 	486.7 	589.0 	935.8 	1201.6 	1173.9 	1288.5 	1293.5 	1312.4 	1288.1 	1215.8 	1308.7 	1133.7 	1025.6 	1349.2 	1781.4 	1307.1 	1114.7 
A,MIO_BAL_VAL,SITC6_8,WORLD,SK	1182.2 	1274.9 	914.6 	966.6 	318.0 	890.1 	834.5 	1146.0 	1484.1 	1344.3 	645.0 	489.7 	289.2 	-286.3 	-906.6 	138.6 	445.0 	-562.0 	-342.4 	564.5 	-789.2 	-1120.7 	-1327.9 	-1081.8 
A,MIO_BAL_VAL,SITC7,EU27_2020,AT	-689.3 	-3365.9 	-4046.8 	-2792.2 	-856.6 	-1234.1 	-1831.3 	-2813.0 	-3039.8 	-5227.2 	-4698.1 	-3189.0 	-2479.1 	-2936.1 	-4147.2 	-4207.8 	-3741.6 	-5075.7 	-4639.0 	-7421.1 	-6227.8 	-7907.5 	-7361.0 	-7723.0 
A,MIO_BAL_VAL,SITC7,EU27_2020,BE	1573.7 	1995.2 	2540.3 	3041.9 	2807.8 	814.0 	-1815.4 	-3102.6 	-6415.8 	-8402.6 	-9478.0 	-8288.6 	-5559.2 	-3549.7 	-8813.1 	-6730.9 	-6204.2 	-4744.9 	-5241.3 	1023.3 	-225.5 	-3895.2 	4445.7 	6326.0 
A,MIO_BAL_VAL,SITC7,EU27_2020,BG	-1205.9 	-1339.3 	-1745.7 	-2041.8 	-2406.7 	-3906.5 	-4259.0 	-2140.5 	-1601.8 	-1639.2 	-2214.5 	-1900.5 	-1843.8 	-2080.5 	-1804.9 	-1899.9 	-1920.4 	-1865.5 	-1308.5 	-1951.0 	-3163.3 	-3902.6 	-3254.8 	-3568.6 
A,MIO_BAL_VAL,SITC7,EU27_2020,CY	-548.5 	-450.6 	-782.2 	-698.7 	-782.4 	-938.1 	-1011.6 	-800.7 	-1032.2 	-689.8 	-533.3 	-363.0 	-256.8 	-109.9 	-1117.1 	-936.5 	-721.4 	-605.9 	-795.8 	-1262.2 	-1409.6 	-1568.9 	-1482.2 	-1508.4 
A,MIO_BAL_VAL,SITC7,EU27_2020,CZ	3556.0 	4754.9 	4737.8 	5511.2 	7656.0 	9313.2 	11736.1 	11042.9 	13847.9 	17875.5 	16747.2 	16029.6 	17599.1 	19479.2 	21530.5 	24383.2 	27716.7 	29922.0 	28718.6 	29647.5 	40472.2 	46277.7 	48975.9 	48067.9 
A,MIO_BAL_VAL,SITC7,EU27_2020,DE	56440.6 	54010.5 	63164.8 	69357.7 	67434.6 	80348.3 	77222.7 	40700.0 	46143.5 	47807.3 	38992.1 	33565.4 	31807.3 	39127.1 	43608.6 	50845.9 	47895.6 	39093.1 	20157.3 	27408.7 	20384.8 	25371.3 	27966.1 	36311.2 
A,MIO_BAL_VAL,SITC7,EU27_2020,DK	-3145.3 	-2467.1 	-2952.5 	-3948.7 	-6111.5 	-7630.7 	-7037.4 	-4889.7 	-5136.5 	-5614.1 	-6342.0 	-6032.6 	-4910.5 	-5720.2 	-7004.0 	-8449.7 	-9265.6 	-8450.2 	-9173.9 	-11056.4 	-10570.7 	-12249.9 	-12054.2 	-14805.7 
A,MIO_BAL_VAL,SITC7,EU27_2020,EE	-326.2 	-314.1 	-556.9 	-682.7 	-1442.7 	-1487.5 	-1016.9 	-207.0 	-374.1 	-797.6 	-1286.6 	-1169.5 	-1051.1 	-893.0 	-1073.4 	-1540.7 	-1682.5 	-1597.3 	-1227.6 	-1792.1 	-2257.7 	-1961.4 	-1882.1 	-1655.9 
A,MIO_BAL_VAL,SITC7,EU27_2020,EL	-6607.7 	-7215.9 	-8246.5 	-7633.5 	-8192.7 	-10463.7 	-9929.4 	-7587.3 	-5330.2 	-4269.8 	-3510.1 	-3143.8 	-3553.8 	-3339.5 	-3558.3 	-4125.0 	-4671.1 	-4892.0 	-4550.9 	-6512.8 	-7018.7 	-8811.6 	-9366.0 	-10049.8 
A,MIO_BAL_VAL,SITC7,EU27_2020,ES	-13749.7 	-15183.3 	-19950.4 	-22771.2 	-24891.4 	-30094.4 	-22410.2 	-7715.6 	-7476.5 	-5453.5 	-3872.4 	-5438.2 	-10491.9 	-13600.7 	-10952.9 	-14155.4 	-14937.5 	-13316.3 	-6334.3 	-12322.2 	-16740.2 	-15612.4 	-18030.0 	-25311.5 
A,MIO_BAL_VAL,SITC7,EU27_2020,EU27_2020	36302.0 	33011.6 	26194.1 	33755.9 	32197.4 	17599.3 	15675.9 	20322.6 	18318.9 	17125.3 	18448.7 	15484.4 	14654.0 	21038.3 	15088.7 	16074.2 	20668.4 	15512.7 	22181.9 	17811.4 	27210.6 	22996.5 	25288.6 	31188.5 
A,MIO_BAL_VAL,SITC7,EU27_2020,FI	-1038.0 	-1385.8 	-3154.5 	-4148.7 	-3519.1 	-3803.8 	-3993.0 	-2713.4 	-5527.5 	-6858.5 	-6783.9 	-7198.4 	-6640.6 	-6664.3 	-8276.2 	-7850.9 	-8116.3 	-7472.1 	-8081.2 	-8511.3 	-9542.6 	-9068.2 	-8157.1 	-9685.4 
A,MIO_BAL_VAL,SITC7,EU27_2020,FR	-5498.3 	-8130.6 	-10765.9 	-16846.1 	-16457.4 	-28575.3 	-33554.5 	-30207.9 	-33437.1 	-39768.9 	-36610.1 	-34245.7 	-34608.3 	-35867.5 	-36660.6 	-43496.5 	-41851.8 	-43976.9 	-43353.7 	-50536.5 	-47808.5 	-50754.7 	-51575.9 	-48268.1 
A,MIO_BAL_VAL,SITC7,EU27_2020,HR	-2090.8 	-2363.1 	-2091.4 	-2199.4 	-2393.9 	-2620.9 	-2614.9 	-1509.0 	-577.2 	-573.0 	-810.9 	-1310.7 	-1849.1 	-2007.7 	-2440.3 	-2681.2 	-2870.1 	-3143.0 	-2498.1 	-3036.1 	-3898.2 	-4808.5 	-5863.7 	-5516.1 
A,MIO_BAL_VAL,SITC7,EU27_2020,HU	5501.7 	6556.7 	5927.4 	6069.1 	6905.1 	8566.9 	8741.3 	8993.6 	9609.3 	8872.7 	6970.0 	6666.0 	6949.9 	8838.2 	9420.5 	9236.7 	10162.1 	13411.7 	14579.4 	14201.3 	18747.2 	24567.2 	19249.9 	19250.8 
A,MIO_BAL_VAL,SITC7,EU27_2020,IE	5266.4 	4595.4 	3317.6 	2950.3 	2468.1 	1689.9 	736.0 	756.0 	-1547.4 	-1793.3 	-2705.4 	-2517.7 	-5318.1 	-6583.4 	-9092.6 	-10699.4 	-10324.5 	-13576.1 	-10245.1 	-10875.4 	-15348.7 	-18769.5 	-16951.8 	-14101.9 
A,MIO_BAL_VAL,SITC7,EU27_2020,IT	-6833.4 	-6715.6 	-6860.8 	-5590.9 	-3829.1 	-3456.6 	-1557.6 	-5682.9 	-10873.6 	-3884.5 	4460.4 	6656.3 	6263.4 	2487.3 	-741.9 	-2372.5 	64.0 	-283.0 	1773.9 	-1431.9 	-6455.9 	-7414.4 	-4080.9 	-4528.5 
A,MIO_BAL_VAL,SITC7,EU27_2020,LT	-1085.5 	-1022.8 	-1685.5 	-1941.2 	-2713.3 	-3591.0 	-3376.2 	-1152.3 	-1742.2 	-2786.1 	-3002.2 	-3410.7 	-3384.3 	-3441.4 	-3706.1 	-4171.9 	-4477.3 	-4595.8 	-3930.2 	-5144.9 	-5808.5 	-6227.1 	-4504.5 	-5122.6 
A,MIO_BAL_VAL,SITC7,EU27_2020,LU	-260.8 	798.1 	1050.5 	2402.9 	3753.6 	1723.0 	2158.3 	2428.8 	-350.2 	-815.9 	-530.3 	-449.2 	-535.8 	236.8 	-954.7 	-2142.7 	-2105.0 	-1462.0 	-2738.3 	-2845.9 	-2531.3 	-2840.0 	-3486.0 	-2070.7 
A,MIO_BAL_VAL,SITC7,EU27_2020,LV	-1007.2 	-1048.3 	-1205.9 	-1450.2 	-2132.9 	-2730.1 	-1809.0 	-512.1 	-815.0 	-1426.0 	-1631.6 	-1479.0 	-1393.1 	-1418.6 	-1487.0 	-1828.7 	-1830.1 	-1876.2 	-1526.5 	-2053.8 	-2669.1 	-2833.8 	-1940.6 	-2298.2 
A,MIO_BAL_VAL,SITC7,EU27_2020,MT	-326.7 	-372.9 	-396.8 	-414.6 	-370.5 	-402.1 	-469.3 	-445.2 	-449.5 	-527.2 	-481.4 	-537.5 	-379.7 	-778.6 	-446.1 	-439.1 	-600.8 	-676.4 	-603.6 	-783.9 	-883.0 	-843.3 	-1276.9 	-1364.5 
A,MIO_BAL_VAL,SITC7,EU27_2020,NL	18590.8 	20377.2 	22877.0 	32959.3 	32014.4 	35131.7 	33460.0 	31425.1 	41592.4 	41517.4 	42044.1 	39317.9 	41800.5 	46629.7 	49284.0 	57378.8 	57447.3 	54578.8 	61127.4 	71603.4 	86570.9 	84218.2 	79666.6 	83474.0 
A,MIO_BAL_VAL,SITC7,EU27_2020,PL	-2343.4 	-1633.9 	-3848.6 	-2707.0 	-2279.6 	-3343.7 	-5046.0 	3362.0 	2803.3 	528.5 	-496.8 	-296.7 	1904.4 	2673.8 	3118.0 	2917.3 	3322.2 	5714.3 	8954.0 	10710.4 	15509.4 	16060.8 	9836.7 	9650.5 
A,MIO_BAL_VAL,SITC7,EU27_2020,PT	-5140.1 	-4738.8 	-5309.4 	-7307.7 	-7688.4 	-8290.0 	-9145.4 	-7373.3 	-7796.0 	-4400.5 	-2709.7 	-3251.4 	-4622.3 	-5282.2 	-5953.8 	-7302.8 	-7774.6 	-8872.3 	-5627.4 	-5944.8 	-7089.9 	-9181.2 	-10186.9 	-10914.3 
A,MIO_BAL_VAL,SITC7,EU27_2020,RO	-1533.7 	-1848.7 	-2441.6 	-3221.9 	-4436.0 	-8609.4 	-7793.5 	-675.1 	-1030.4 	-1518.6 	-1720.7 	-1429.0 	-1050.0 	-1160.2 	-138.1 	-39.1 	-3.1 	604.1 	833.2 	-272.1 	-1281.4 	-1939.7 	-1319.2 	-920.5 
A,MIO_BAL_VAL,SITC7,EU27_2020,SE	-1434.2 	-1318.9 	-863.9 	-2517.7 	-1628.6 	-3157.0 	-4266.5 	-4931.1 	-8368.4 	-10062.0 	-9290.8 	-8693.3 	-10293.7 	-11084.6 	-11801.5 	-13262.0 	-12475.8 	-11148.3 	-12358.4 	-15186.9 	-17123.5 	-16580.4 	-15365.1 	-15871.8 
A,MIO_BAL_VAL,SITC7,EU27_2020,SI	173.0 	-1.9 	-386.4 	216.8 	250.6 	1141.4 	1086.7 	1510.5 	1970.3 	2206.7 	1963.2 	2038.8 	2715.3 	2854.3 	2364.2 	3320.6 	3830.5 	4263.4 	4028.5 	5225.4 	6569.3 	6644.4 	6955.0 	6695.0 
A,MIO_BAL_VAL,SITC7,EU27_2020,SK	64.2 	841.2 	-129.6 	161.0 	1040.0 	3205.9 	3471.8 	4562.4 	5273.5 	4825.4 	5980.4 	5554.8 	5835.3 	5230.0 	5932.8 	6324.7 	5803.9 	5555.1 	6243.6 	6932.8 	7010.9 	7027.1 	6331.3 	6698.6 
A,MIO_BAL_VAL,SITC7,EXT_EU27_2020,AT	3778.8 	4608.0 	7383.7 	6679.2 	6983.2 	7174.1 	7495.2 	5378.1 	6837.5 	8707.9 	8553.3 	7974.2 	8490.0 	8892.2 	7789.8 	7290.3 	7672.8 	9043.8 	7866.1 	8315.1 	9856.4 	13006.2 	12358.9 	10683.8 
A,MIO_BAL_VAL,SITC7,EXT_EU27_2020,BE	2727.0 	1206.4 	-182.3 	-419.2 	-830.2 	-2333.7 	-2504.4 	-1683.4 	56.8 	2171.2 	5110.6 	4570.3 	2063.0 	-164.5 	-749.4 	-2114.4 	-2439.7 	-6769.7 	-4932.5 	-11789.2 	-17873.1 	-14127.2 	-16217.5 	-12578.2 
A,MIO_BAL_VAL,SITC7,EXT_EU27_2020,BG	-269.2 	-473.4 	-671.0 	-1034.0 	-1280.5 	-719.0 	-757.6 	-411.0 	-269.2 	-320.4 	-478.3 	-206.9 	-421.7 	-290.7 	-330.3 	-429.8 	-642.2 	-610.2 	-785.1 	-1014.8 	-1669.4 	-1141.8 	-1068.0 	-2133.9 
A,MIO_BAL_VAL,SITC7,EXT_EU27_2020,CY	-468.2 	-456.4 	-376.3 	-385.6 	-445.7 	-634.8 	-757.9 	-501.7 	-477.9 	-458.5 	-230.1 	29.7 	-442.9 	-489.9 	-591.0 	-1153.9 	-740.3 	-881.6 	-956.4 	-48.4 	-83.7 	-1129.3 	-110.8 	-822.0 
A,MIO_BAL_VAL,SITC7,EXT_EU27_2020,CZ	-1530.1 	-2556.3 	-465.5 	1594.7 	1922.6 	2058.2 	2049.4 	1182.0 	-571.0 	365.1 	3882.4 	5310.3 	4682.9 	1226.9 	2002.7 	835.5 	-2283.4 	-2523.4 	-5170.7 	-6116.5 	-14218.6 	-11099.2 	-8655.1 	-5898.4 
A,MIO_BAL_VAL,SITC7,EXT_EU27_2020,DE	86479.4 	84880.2 	91539.0 	94495.1 	106979.2 	118712.2 	125881.7 	101658.7 	124795.5 	156104.9 	186375.1 	193348.5 	200492.1 	207928.1 	198247.9 	201542.2 	199054.1 	193119.7 	161037.2 	174521.7 	177003.8 	195108.4 	198113.7 	171758.7 
A,MIO_BAL_VAL,SITC7,EXT_EU27_2020,DK	931.8 	792.1 	372.3 	1005.8 	1258.5 	2432.1 	3063.5 	1963.5 	3419.8 	5167.6 	5132.0 	4052.2 	3599.7 	3437.9 	4005.0 	5041.4 	4186.7 	5409.7 	4273.8 	5223.2 	3770.7 	4747.9 	4771.0 	4189.8 
A,MIO_BAL_VAL,SITC7,EXT_EU27_2020,EE	-664.8 	-933.1 	-546.8 	-514.0 	-247.1 	-242.6 	-21.7 	53.9 	82.6 	188.7 	110.4 	117.6 	145.6 	-17.1 	136.5 	125.1 	473.8 	562.3 	841.0 	923.3 	443.0 	400.7 	305.8 	63.5 
A,MIO_BAL_VAL,SITC7,EXT_EU27_2020,EL	-4947.0 	-6504.6 	-5164.9 	-3601.9 	-5075.4 	-5923.1 	-5402.6 	-6344.2 	-2672.2 	-1291.5 	-1396.9 	-855.9 	-1140.1 	-1478.9 	-1749.4 	-1560.5 	-2098.8 	-2453.2 	-2063.7 	-3023.6 	-4796.2 	-4293.0 	-4881.3 	-4999.6 
A,MIO_BAL_VAL,SITC7,EXT_EU27_2020,ES	994.8 	819.9 	-843.0 	-3120.0 	-3800.5 	-2355.1 	-2007.2 	2582.9 	705.5 	7409.1 	9826.5 	16497.7 	13403.7 	11346.1 	10275.5 	7406.9 	6951.0 	4941.7 	2159.6 	1915.4 	-3091.8 	294.3 	154.7 	-3721.6 
A,MIO_BAL_VAL,SITC7,EXT_EU27_2020,EU27_2020	117932.2 	107588.7 	125009.2 	128151.1 	142323.0 	173426.5 	192143.5 	146619.0 	180123.0 	247919.0 	300462.1 	320129.8 	313821.3 	295876.6 	278277.9 	275491.8 	255296.3 	238342.4 	177845.1 	166676.2 	126693.9 	209584.4 	212024.8 	173187.7 
A,MIO_BAL_VAL,SITC7,EXT_EU27_2020,FI	7400.7 	6640.0 	7340.3 	8416.6 	8599.0 	9154.5 	10140.9 	6327.7 	6893.1 	5808.5 	6439.1 	6006.4 	5929.6 	5199.3 	4455.7 	5247.2 	5291.6 	5597.7 	5935.4 	4861.7 	5212.6 	7024.1 	5049.1 	6939.4 
A,MIO_BAL_VAL,SITC7,EXT_EU27_2020,FR	23857.7 	22744.0 	22502.3 	24500.0 	23990.3 	26971.2 	30231.7 	22329.9 	28145.4 	28752.5 	34295.4 	31827.1 	32184.8 	32353.0 	26737.5 	30670.1 	28666.4 	28455.4 	11200.0 	9779.1 	9195.0 	17532.6 	19194.9 	20809.8 
A,MIO_BAL_VAL,SITC7,EXT_EU27_2020,HR	-317.4 	-669.7 	-488.3 	-681.5 	-741.5 	-714.5 	-911.6 	-593.7 	-483.8 	-195.8 	-210.6 	-213.4 	289.1 	362.7 	299.4 	343.9 	3.9 	164.6 	-129.3 	102.6 	-466.1 	-156.9 	-245.6 	-651.6 
A,MIO_BAL_VAL,SITC7,EXT_EU27_2020,HU	-4892.4 	-5055.6 	-3827.8 	-2144.2 	-1526.2 	-1804.4 	-450.1 	-702.5 	64.7 	2454.6 	1862.7 	1352.5 	1118.8 	36.1 	215.6 	-525.5 	-1558.4 	-3480.2 	-4590.6 	-5747.9 	-1589.2 	741.8 	279.3 	-789.9 
A,MIO_BAL_VAL,SITC7,EXT_EU27_2020,IE	-445.3 	-1936.8 	-1488.7 	-2998.1 	-3220.3 	-3866.1 	-2463.5 	-1656.3 	-3354.2 	-4801.9 	-5458.9 	-4955.8 	-6363.5 	-4632.7 	-1374.6 	-4204.7 	-9645.5 	-3245.2 	-292.0 	-3616.2 	-8382.5 	-9386.2 	-7241.6 	-9049.8 
A,MIO_BAL_VAL,SITC7,EXT_EU27_2020,IT	20576.6 	19844.3 	22765.4 	23653.6 	27489.3 	35008.3 	37595.2 	30613.8 	29461.1 	35066.0 	42883.3 	46535.7 	47976.3 	47439.5 	45642.1 	48967.6 	46425.6 	44453.2 	40270.8 	45411.7 	47025.1 	55881.5 	52161.5 	52343.0 
A,MIO_BAL_VAL,SITC7,EXT_EU27_2020,LT	-192.0 	-221.9 	135.2 	200.7 	410.9 	435.4 	822.6 	596.9 	1021.3 	1514.8 	1921.6 	2038.5 	1966.7 	1251.8 	1156.9 	1749.0 	1729.6 	1948.0 	1649.0 	1576.8 	1610.2 	1587.2 	66.0 	-678.4 
A,MIO_BAL_VAL,SITC7,EXT_EU27_2020,LU	-1028.1 	-1718.1 	-2177.9 	-2924.9 	-4432.0 	-3067.9 	-3397.1 	-2458.0 	-206.9 	-145.8 	-1086.6 	-1389.1 	-1534.3 	-2965.7 	-1615.5 	-980.5 	-578.3 	-1491.0 	-231.3 	-389.7 	25.6 	3.7 	-117.8 	-1498.8 
A,MIO_BAL_VAL,SITC7,EXT_EU27_2020,LV	-104.7 	-150.3 	-133.7 	-127.5 	-68.0 	-0.3 	139.6 	153.2 	163.4 	289.6 	220.7 	273.5 	190.4 	193.3 	172.6 	81.1 	193.6 	221.8 	232.8 	60.9 	202.7 	203.0 	-286.9 	-627.2 
A,MIO_BAL_VAL,SITC7,EXT_EU27_2020,MT	353.2 	260.7 	293.2 	237.2 	133.6 	253.6 	185.3 	55.2 	-14.8 	69.7 	243.2 	5.3 	-535.6 	-629.1 	-1439.7 	-770.5 	-438.6 	-1355.1 	-373.2 	-857.0 	-1379.5 	-894.8 	-814.3 	-680.5 
A,MIO_BAL_VAL,SITC7,EXT_EU27_2020,NL	-21452.4 	-22256.5 	-24014.1 	-30181.6 	-29625.0 	-22880.5 	-25138.3 	-23716.8 	-28022.5 	-24967.1 	-24628.6 	-21627.9 	-22762.6 	-34408.7 	-35595.7 	-42765.6 	-42752.3 	-46878.3 	-52620.3 	-63369.6 	-82246.5 	-65567.8 	-59327.6 	-60066.5 
A,MIO_BAL_VAL,SITC7,EXT_EU27_2020,PL	-3266.2 	-3374.7 	-625.7 	1493.4 	1439.5 	2080.2 	2705.0 	832.1 	647.9 	4160.8 	4638.8 	5932.8 	3824.0 	1633.5 	2316.1 	1952.2 	557.6 	-1327.1 	-2238.0 	-3714.0 	-4375.7 	-685.9 	-2958.0 	-6327.5 
A,MIO_BAL_VAL,SITC7,EXT_EU27_2020,PT	6.4 	361.5 	164.8 	293.7 	1074.1 	1021.2 	1020.6 	424.9 	176.4 	848.7 	1807.6 	1734.2 	1603.0 	1394.1 	539.1 	855.9 	643.2 	-40.9 	-144.9 	-647.4 	-1815.9 	-1069.0 	-1425.3 	-1304.0 
A,MIO_BAL_VAL,SITC7,EXT_EU27_2020,RO	-682.2 	-1045.0 	-1624.4 	-1926.9 	-2242.8 	-998.8 	-665.8 	-61.8 	295.0 	1029.1 	1410.8 	2724.4 	2403.8 	1926.2 	1488.1 	804.9 	423.5 	-217.8 	-754.0 	-1030.5 	-1752.3 	-1431.1 	-1138.0 	-1802.0 
A,MIO_BAL_VAL,SITC7,EXT_EU27_2020,SE	11841.3 	12727.6 	13882.9 	14648.1 	14017.8 	14056.9 	14862.4 	10463.0 	13856.5 	18395.8 	15699.2 	14624.0 	13197.8 	13519.9 	12927.2 	15202.4 	14569.3 	14674.5 	15119.1 	15400.4 	16198.6 	19376.2 	19853.7 	16922.1 
A,MIO_BAL_VAL,SITC7,EXT_EU27_2020,SI	-45.9 	-84.0 	481.9 	433.8 	488.1 	-259.4 	-417.6 	-306.7 	-567.2 	-557.4 	-104.2 	-501.1 	-849.8 	-836.3 	-500.4 	-1097.4 	-1582.3 	-2086.2 	-1568.0 	-2743.7 	-4158.3 	-3996.6 	-3877.4 	-4293.0 
A,MIO_BAL_VAL,SITC7,EXT_EU27_2020,SK	-709.5 	140.4 	778.5 	558.5 	1072.0 	-131.0 	845.9 	439.3 	140.0 	2152.9 	3643.6 	4925.0 	4310.6 	3649.6 	3816.1 	2978.8 	3213.3 	3110.1 	4110.0 	2692.7 	4048.8 	8655.8 	8081.5 	7400.3 
A,MIO_BAL_VAL,SITC7,WORLD,AT	3089.6 	1242.1 	3336.9 	3887.1 	6126.6 	5939.9 	5663.9 	2565.1 	3797.7 	3480.7 	3855.2 	4785.3 	6010.9 	5956.1 	3642.5 	3082.5 	3931.2 	3968.1 	3227.0 	894.0 	3628.6 	5098.7 	4997.9 	2960.8 
A,MIO_BAL_VAL,SITC7,WORLD,BE	4300.6 	3201.6 	2358.1 	2622.7 	1977.6 	-1519.7 	-4319.9 	-4786.0 	-6358.9 	-6231.3 	-4367.4 	-3718.2 	-3496.2 	-3714.2 	-9562.5 	-8845.3 	-8643.9 	-11514.6 	-10173.8 	-10765.9 	-18098.6 	-18022.4 	-11771.8 	-6252.1 
A,MIO_BAL_VAL,SITC7,WORLD,BG	-1475.1 	-1812.7 	-2416.7 	-3075.7 	-3687.2 	-4625.5 	-5016.6 	-2551.4 	-1871.0 	-1959.5 	-2692.8 	-2107.4 	-2265.5 	-2371.2 	-2135.2 	-2329.7 	-2562.5 	-2475.7 	-2093.6 	-2965.9 	-4832.7 	-5044.5 	-4322.8 	-5702.5 
A,MIO_BAL_VAL,SITC7,WORLD,CY	-1016.7 	-907.0 	-1158.5 	-1084.3 	-1228.2 	-1572.9 	-1769.5 	-1302.4 	-1510.1 	-1148.2 	-763.4 	-333.3 	-699.7 	-599.8 	-1708.1 	-2090.4 	-1461.6 	-1487.6 	-1752.1 	-1310.6 	-1493.3 	-2698.3 	-1593.0 	-2330.5 
A,MIO_BAL_VAL,SITC7,WORLD,CZ	2025.9 	2198.6 	4272.3 	7105.9 	9578.6 	11371.4 	13785.5 	12224.9 	13276.8 	18240.6 	20629.6 	21339.9 	22282.0 	20706.1 	23533.2 	25218.8 	25433.3 	27398.7 	23547.9 	23531.0 	26253.6 	35178.5 	40320.8 	42169.5 
A,MIO_BAL_VAL,SITC7,WORLD,DE	142920.0 	138890.7 	154703.8 	163852.8 	174413.8 	199060.5 	203104.4 	142358.7 	170939.0 	203912.2 	225367.3 	226914.0 	232299.4 	247055.1 	241856.5 	252388.1 	246949.7 	232212.8 	181194.5 	201930.4 	197388.6 	220479.6 	226079.8 	208069.9 
A,MIO_BAL_VAL,SITC7,WORLD,DK	-2213.5 	-1674.9 	-2580.3 	-2942.9 	-4853.0 	-5198.6 	-3973.9 	-2926.1 	-1716.7 	-446.5 	-1209.9 	-1980.4 	-1310.7 	-2282.3 	-2999.0 	-3408.3 	-5079.0 	-3040.5 	-4900.1 	-5833.2 	-6799.9 	-7502.0 	-7283.2 	-10615.9 
A,MIO_BAL_VAL,SITC7,WORLD,EE	-991.0 	-1247.3 	-1103.7 	-1196.7 	-1689.8 	-1730.1 	-1038.6 	-153.1 	-291.5 	-608.9 	-1176.2 	-1051.9 	-905.6 	-910.0 	-936.9 	-1415.7 	-1208.7 	-1035.0 	-386.6 	-868.8 	-1814.7 	-1560.7 	-1576.4 	-1592.4 
A,MIO_BAL_VAL,SITC7,WORLD,EL	-11554.7 	-13720.5 	-13411.4 	-11235.4 	-13268.1 	-16386.8 	-15332.1 	-13931.5 	-8002.3 	-5561.3 	-4907.0 	-3999.7 	-4693.9 	-4818.4 	-5307.6 	-5685.6 	-6769.9 	-7345.1 	-6614.6 	-9536.4 	-11814.9 	-13104.6 	-14247.3 	-15049.3 
A,MIO_BAL_VAL,SITC7,WORLD,ES	-12754.9 	-14363.4 	-20793.3 	-25891.2 	-28691.9 	-32449.5 	-24417.4 	-5132.8 	-6771.0 	1955.6 	5954.1 	11059.4 	2911.8 	-2254.6 	-677.5 	-6748.4 	-7986.5 	-8374.6 	-4174.7 	-10406.7 	-19831.9 	-15318.1 	-17875.3 	-29033.1 
A,MIO_BAL_VAL,SITC7,WORLD,FI	6362.8 	5254.3 	4185.8 	4267.9 	5079.8 	5350.7 	6147.9 	3614.3 	1365.7 	-1050.0 	-344.8 	-1192.0 	-711.1 	-1464.9 	-3820.5 	-2603.7 	-2824.7 	-1874.4 	-2145.7 	-3649.6 	-4330.0 	-2044.2 	-3108.0 	-2746.0 
A,MIO_BAL_VAL,SITC7,WORLD,FR	18359.5 	14613.4 	11736.4 	7654.0 	7532.9 	-1604.0 	-3322.8 	-7878.0 	-5291.7 	-11016.4 	-2314.7 	-2418.6 	-2423.5 	-3514.5 	-9923.1 	-12826.3 	-13185.5 	-15521.4 	-32153.7 	-40757.4 	-38613.5 	-33222.2 	-32381.1 	-27458.3 
A,MIO_BAL_VAL,SITC7,WORLD,HR	-2408.2 	-3032.9 	-2579.6 	-2881.0 	-3135.4 	-3335.4 	-3526.5 	-2102.7 	-1060.9 	-768.8 	-1021.5 	-1524.1 	-1560.0 	-1645.0 	-2140.9 	-2337.3 	-2866.1 	-2978.3 	-2627.3 	-2933.4 	-4364.2 	-4965.5 	-6109.2 	-6167.7 
A,MIO_BAL_VAL,SITC7,WORLD,HU	609.3 	1501.1 	2099.5 	3924.8 	5379.0 	6762.5 	8291.3 	8291.1 	9674.0 	11327.3 	8832.8 	8018.5 	8068.7 	8874.4 	9636.1 	8711.2 	8603.6 	9931.5 	9988.8 	8453.4 	17157.9 	25309.0 	19529.2 	18461.0 
A,MIO_BAL_VAL,SITC7,WORLD,IE	4821.1 	2658.6 	1828.9 	-47.8 	-752.2 	-2176.2 	-1727.5 	-900.3 	-4901.5 	-6595.2 	-8164.3 	-7473.4 	-11681.6 	-11216.1 	-10467.2 	-14904.1 	-19969.9 	-16821.4 	-10537.1 	-14491.6 	-23731.2 	-28155.7 	-24193.4 	-23151.7 
A,MIO_BAL_VAL,SITC7,WORLD,IT	13743.3 	13128.7 	15904.6 	18062.8 	23660.3 	31551.7 	36037.6 	24930.9 	18587.5 	31181.5 	47343.7 	53192.0 	54239.6 	49926.8 	44900.2 	46595.1 	46489.6 	44170.2 	42044.7 	43979.8 	40569.2 	48467.1 	48080.6 	47814.5 
A,MIO_BAL_VAL,SITC7,WORLD,LT	-1277.4 	-1244.7 	-1550.3 	-1740.5 	-2302.4 	-3155.7 	-2553.7 	-555.4 	-720.9 	-1271.3 	-1080.6 	-1372.2 	-1417.6 	-2189.5 	-2549.2 	-2422.9 	-2747.8 	-2647.8 	-2281.3 	-3568.2 	-4198.4 	-4639.9 	-4438.5 	-5801.0 
A,MIO_BAL_VAL,SITC7,WORLD,LU	-1288.9 	-920.0 	-1127.4 	-522.0 	-678.4 	-1345.0 	-1238.7 	-29.2 	-557.1 	-961.7 	-1616.9 	-1838.4 	-2070.1 	-2728.9 	-2570.3 	-3123.3 	-2683.3 	-2953.1 	-2969.6 	-3235.6 	-2505.7 	-2836.3 	-3603.8 	-3569.6 
A,MIO_BAL_VAL,SITC7,WORLD,LV	-1111.8 	-1198.6 	-1339.6 	-1577.8 	-2200.9 	-2730.4 	-1669.4 	-358.9 	-651.7 	-1136.4 	-1410.9 	-1205.5 	-1202.7 	-1225.3 	-1314.4 	-1747.6 	-1636.5 	-1654.4 	-1293.7 	-1992.9 	-2466.4 	-2630.8 	-2227.5 	-2925.4 
A,MIO_BAL_VAL,SITC7,WORLD,MT	26.5 	-112.2 	-103.6 	-177.4 	-236.9 	-148.5 	-284.0 	-390.0 	-464.2 	-457.5 	-238.2 	-532.3 	-915.4 	-1407.7 	-1885.8 	-1209.6 	-1039.5 	-2031.5 	-976.8 	-1640.9 	-2262.5 	-1738.1 	-2091.3 	-2044.9 
A,MIO_BAL_VAL,SITC7,WORLD,NL	-2861.6 	-1879.4 	-1137.1 	2777.7 	2389.5 	12251.2 	8321.6 	7708.3 	13569.9 	16550.2 	17415.5 	17690.0 	19037.9 	12220.9 	13688.3 	14613.2 	14695.0 	7700.5 	8507.2 	8233.8 	4324.3 	18650.4 	20339.0 	23407.5 
A,MIO_BAL_VAL,SITC7,WORLD,PL	-5609.6 	-5008.6 	-4474.3 	-1213.5 	-840.0 	-1263.5 	-2341.0 	4194.1 	3451.2 	4689.3 	4142.0 	5636.0 	5728.4 	4307.3 	5434.1 	4869.4 	3879.9 	4387.2 	6716.0 	6996.4 	11133.7 	15375.0 	6878.8 	3323.0 
A,MIO_BAL_VAL,SITC7,WORLD,PT	-5133.7 	-4377.3 	-5144.6 	-7014.1 	-6614.4 	-7268.7 	-8124.8 	-6948.4 	-7619.6 	-3551.8 	-902.1 	-1517.2 	-3019.3 	-3888.1 	-5414.7 	-6446.9 	-7131.4 	-8913.2 	-5772.3 	-6592.2 	-8905.8 	-10250.2 	-11612.2 	-12218.3 
A,MIO_BAL_VAL,SITC7,WORLD,RO	-2215.9 	-2893.7 	-4066.0 	-5148.9 	-6678.7 	-9608.1 	-8459.3 	-737.0 	-735.4 	-489.5 	-309.9 	1295.4 	1353.7 	766.0 	1350.0 	765.8 	420.4 	386.3 	79.3 	-1302.6 	-3033.7 	-3370.8 	-2457.2 	-2722.5 
A,MIO_BAL_VAL,SITC7,WORLD,SE	10407.2 	11408.7 	13019.0 	12130.4 	12389.2 	10899.9 	10595.9 	5531.9 	5488.1 	8333.8 	6408.4 	5930.8 	2904.1 	2435.3 	1125.7 	1940.5 	2093.5 	3526.2 	2760.6 	213.5 	-924.8 	2795.8 	4488.7 	1050.2 
A,MIO_BAL_VAL,SITC7,WORLD,SI	127.0 	-86.0 	95.5 	650.6 	738.6 	882.0 	669.1 	1203.8 	1403.1 	1649.3 	1859.0 	1537.7 	1865.5 	2018.0 	1863.8 	2223.2 	2248.1 	2177.1 	2460.5 	2481.8 	2411.0 	2647.8 	3077.7 	2402.1 
A,MIO_BAL_VAL,SITC7,WORLD,SK	-645.3 	981.6 	648.9 	719.5 	2112.0 	3074.9 	4317.8 	5001.7 	5413.5 	6978.3 	9624.0 	10479.8 	10145.9 	8879.6 	9748.8 	9303.5 	9017.2 	8665.2 	10353.6 	9625.5 	11059.7 	15682.9 	14412.8 	14099.0 
A,MIO_BAL_VAL,SITC9,EU27_2020,AT	222.0 	159.1 	116.8 	27.8 	70.2 	16.6 	141.4 	198.0 	657.1 	738.1 	497.7 	718.6 	502.9 	334.8 	549.0 	428.1 	435.3 	620.1 	1000.6 	-257.0 	103.5 	69.0 	890.2 	-65.7 
A,MIO_BAL_VAL,SITC9,EU27_2020,BE	237.8 	205.0 	210.0 	346.1 	340.4 	374.2 	368.9 	394.0 	341.3 	197.6 	314.0 	1274.0 	2006.7 	2235.8 	2669.1 	3297.0 	979.7 	879.3 	1207.1 	1470.5 	1637.2 	1631.5 	1676.5 	2647.4 
A,MIO_BAL_VAL,SITC9,EU27_2020,BG	-72.0 	-50.5 	22.2 	-78.3 	-49.9 	-1.5 	-15.2 	-33.3 	-85.1 	-38.9 	-32.4 	-76.1 	-71.1 	-70.0 	-73.2 	-72.9 	-78.9 	-95.3 	-124.2 	-170.7 	1055.7 	-6.8 	-137.3 	-400.3 
A,MIO_BAL_VAL,SITC9,EU27_2020,CY	-5.0 	-3.2 	-2.0 	2.6 	-0.6 	-2.0 	3.8 	0.4 	-0.7 	-33.8 	-7.6 	0.0 	0.5 	3.0 	-11.5 	-25.4 	-55.7 	-55.9 	-24.3 	-36.5 	-40.0 	-73.6 	-77.2 	-82.8 
A,MIO_BAL_VAL,SITC9,EU27_2020,CZ	41.6 	40.3 	-2.3 	-1.4 	-14.6 	-18.2 	-31.7 	-13.3 	-27.0 	-76.0 	-92.2 	-72.0 	-52.6 	-13.0 	25.0 	-22.1 	-118.2 	-123.2 	-213.5 	-461.8 	-559.8 	-26.6 	173.8 	154.8 
A,MIO_BAL_VAL,SITC9,EU27_2020,DE	647.3 	-331.4 	-4847.9 	599.5 	629.0 	341.4 	538.7 	866.2 	803.3 	-469.6 	59.2 	792.7 	1514.4 	1487.8 	1136.7 	470.7 	-529.4 	-69.2 	454.0 	2856.3 	3600.8 	2031.9 	471.9 	874.3 
A,MIO_BAL_VAL,SITC9,EU27_2020,DK	756.5 	-20.3 	-37.8 	-466.4 	153.9 	177.1 	170.1 	114.0 	122.9 	117.9 	168.8 	155.8 	62.8 	97.5 	-301.4 	-480.3 	-474.0 	-407.0 	-408.5 	101.1 	21.5 	-20.4 	-39.5 	-255.5 
A,MIO_BAL_VAL,SITC9,EU27_2020,EE	-0.1 	-8.2 	4.1 	11.2 	16.1 	19.1 	19.7 	21.3 	36.8 	109.6 	84.8 	17.5 	20.2 	24.3 	26.3 	37.0 	45.5 	66.9 	179.6 	175.1 	161.8 	91.9 	99.0 	237.4 
A,MIO_BAL_VAL,SITC9,EU27_2020,EL	-3.9 	-167.9 	-27.2 	-201.8 	-236.8 	-176.8 	-119.4 	-29.9 	-301.8 	245.4 	309.1 	283.2 	302.5 	262.3 	270.6 	229.6 	278.3 	256.1 	172.9 	224.3 	27.5 	25.7 	38.4 	54.0 
A,MIO_BAL_VAL,SITC9,EU27_2020,ES	-108.9 	100.9 	51.8 	-148.1 	-88.3 	-160.4 	0.0 	43.7 	614.4 	719.5 	772.0 	1272.9 	1187.7 	1160.4 	1090.5 	1024.5 	1036.8 	1017.0 	1320.1 	1833.6 	536.1 	872.6 	1140.5 	1294.9 
A,MIO_BAL_VAL,SITC9,EU27_2020,EU27_2020	-170.5 	-2431.8 	-4551.7 	-159.6 	-308.9 	861.6 	-2344.0 	42.4 	2318.7 	1179.2 	2647.5 	3469.6 	5727.4 	5775.2 	5204.9 	6400.1 	1151.3 	2334.8 	3085.3 	5690.5 	1858.5 	3246.1 	3264.1 	2427.9 
A,MIO_BAL_VAL,SITC9,EU27_2020,FI	-448.1 	-411.0 	-524.4 	-107.7 	-195.4 	-170.5 	-174.6 	-171.0 	-152.9 	-108.7 	-156.4 	-64.6 	-138.3 	-129.3 	-115.8 	-107.0 	-86.9 	-45.3 	-169.1 	26.4 	190.6 	1035.3 	208.8 	-230.5 
A,MIO_BAL_VAL,SITC9,EU27_2020,FR	403.7 	304.8 	661.1 	358.9 	208.9 	1982.8 	131.9 	138.3 	729.9 	1566.1 	1431.4 	891.4 	1241.1 	807.0 	1513.1 	1303.8 	1059.6 	826.0 	1445.9 	1813.0 	2102.4 	1285.7 	2302.4 	3621.7 
A,MIO_BAL_VAL,SITC9,EU27_2020,HR	-7.8 	-24.4 	-6.0 	-5.6 	-6.8 	-9.4 	-5.4 	-13.6 	2.5 	49.4 	179.3 	106.2 	82.3 	87.3 	38.4 	19.0 	20.2 	18.0 	13.4 	7.1 	-189.7 	-106.6 	-138.5 	-345.7 
A,MIO_BAL_VAL,SITC9,EU27_2020,HU	218.3 	124.1 	4.1 	-68.7 	-72.4 	-51.0 	-46.8 	-33.4 	-28.0 	-64.8 	-65.7 	-75.7 	-74.8 	-96.0 	-59.8 	-36.0 	-417.7 	-183.0 	-180.2 	-208.2 	-667.3 	-689.2 	-730.2 	-877.0 
A,MIO_BAL_VAL,SITC9,EU27_2020,IE	-655.0 	-81.3 	-35.6 	-206.4 	-679.7 	-948.0 	-1004.1 	-694.4 	-144.9 	-133.1 	-153.0 	-183.7 	-310.8 	-287.1 	-504.3 	-531.7 	-485.2 	-494.0 	-676.7 	-310.5 	-48.7 	-82.7 	-79.0 	-81.5 
A,MIO_BAL_VAL,SITC9,EU27_2020,IT	-1014.1 	-1562.4 	36.6 	-29.9 	-117.1 	154.5 	372.4 	-5.3 	-207.9 	-593.4 	-1416.7 	-721.4 	-516.6 	-673.8 	-554.5 	-229.7 	90.5 	-23.2 	-338.6 	-381.3 	-383.2 	-660.0 	-1045.4 	-2064.2 
A,MIO_BAL_VAL,SITC9,EU27_2020,LT	-10.5 	-5.4 	-41.1 	-2.5 	-4.0 	-8.3 	-6.7 	-15.7 	-3.8 	-5.8 	-0.1 	-2.0 	-1.6 	-6.2 	-9.2 	-0.3 	-3.4 	-5.4 	-6.8 	-21.8 	-25.8 	1.5 	2.8 	2.2 
A,MIO_BAL_VAL,SITC9,EU27_2020,LU	44.4 	58.9 	68.1 	2.2 	1.9 	11.1 	39.8 	-83.4 	32.2 	-82.2 	110.3 	89.7 	159.0 	148.7 	153.3 	186.5 	184.9 	130.1 	52.7 	136.3 	98.9 	111.5 	175.4 	136.7 
A,MIO_BAL_VAL,SITC9,EU27_2020,LV	0.3 	0.4 	-47.5 	1.8 	0.3 	-0.2 	-0.6 	8.3 	-97.5 	4.7 	35.2 	15.3 	15.8 	25.0 	16.9 	19.0 	27.9 	29.1 	-0.1 	-1.3 	-27.0 	-6.2 	-5.8 	-34.8 
A,MIO_BAL_VAL,SITC9,EU27_2020,MT	-1.5 	-2.8 	6.1 	9.8 	8.4 	6.3 	14.8 	14.0 	12.5 	7.8 	17.7 	15.4 	19.0 	22.4 	21.8 	23.1 	26.8 	31.2 	7.2 	10.7 	22.0 	28.0 	33.7 	37.4 
A,MIO_BAL_VAL,SITC9,EU27_2020,NL	683.5 	324.3 	-80.5 	-65.0 	-43.3 	-407.5 	-2346.4 	-389.9 	197.9 	-872.3 	208.2 	-608.4 	41.2 	527.2 	-752.4 	1351.9 	-311.4 	417.7 	155.8 	-7.6 	1072.0 	909.8 	339.6 	290.9 
A,MIO_BAL_VAL,SITC9,EU27_2020,PL	-14.6 	-10.6 	-3.7 	8.9 	-124.3 	-204.5 	-262.9 	-281.4 	-268.0 	-413.6 	-190.5 	-539.9 	-388.7 	-190.0 	57.7 	-497.3 	-436.5 	-470.2 	-220.8 	-1041.5 	-6598.6 	-3265.2 	-2560.9 	-3730.6 
A,MIO_BAL_VAL,SITC9,EU27_2020,PT	-58.7 	-56.3 	-39.9 	-54.7 	-48.1 	-23.7 	4.9 	69.4 	220.2 	492.8 	689.9 	353.9 	198.9 	151.0 	152.4 	147.5 	120.2 	153.1 	138.5 	72.4 	99.7 	124.5 	170.5 	262.8 
A,MIO_BAL_VAL,SITC9,EU27_2020,RO	-6.0 	6.2 	5.9 	-13.1 	-9.5 	0.0 	0.0 	0.0 	1.3 	4.2 	-1.3 	6.3 	5.5 	3.8 	4.2 	4.2 	-2.9 	0.4 	1.5 	-0.1 	0.0 	82.0 	100.0 	152.9 
A,MIO_BAL_VAL,SITC9,EU27_2020,SE	-1025.9 	-1002.0 	-34.9 	-49.1 	-2.0 	-29.6 	-77.7 	-2.2 	-41.5 	-5.2 	-18.4 	-68.6 	-117.0 	-85.9 	-110.0 	-74.5 	-123.7 	-140.7 	52.1 	176.0 	91.8 	-34.6 	152.4 	247.5 
A,MIO_BAL_VAL,SITC9,EU27_2020,SI	7.0 	-19.2 	-1.3 	0.4 	0.0 	-14.4 	-41.7 	-19.0 	-46.4 	-80.7 	-32.4 	-1.4 	-3.5 	-19.1 	-5.6 	-22.6 	-28.5 	-3.5 	-87.7 	-190.3 	-343.5 	-134.3 	66.1 	466.0 
A,MIO_BAL_VAL,SITC9,EU27_2020,SK	-0.9 	1.0 	-6.3 	-30.2 	-45.1 	4.7 	-17.8 	-39.5 	-47.8 	-95.8 	-63.2 	-109.5 	41.7 	-32.7 	-22.8 	-42.0 	-2.0 	5.9 	-665.5 	-123.7 	-79.3 	51.5 	35.9 	115.4 
A,MIO_BAL_VAL,SITC9,EXT_EU27_2020,AT	-20.8 	-138.0 	38.9 	85.7 	143.1 	-195.8 	-1163.9 	-1792.5 	-1432.4 	-2090.8 	-1735.3 	-1476.4 	-1039.1 	-1470.5 	-1046.6 	-1276.4 	-1156.8 	-504.8 	-1370.5 	-1477.4 	-2802.0 	-624.1 	-180.1 	-80.1 
A,MIO_BAL_VAL,SITC9,EXT_EU27_2020,BE	107.0 	24.1 	13.3 	-21.7 	9.7 	87.5 	-822.7 	-351.3 	-148.2 	-59.8 	-754.0 	1185.9 	1694.6 	1248.3 	2505.5 	1827.6 	1083.4 	1271.8 	967.5 	984.1 	1002.3 	1020.9 	1149.0 	1273.7 
A,MIO_BAL_VAL,SITC9,EXT_EU27_2020,BG	-1093.2 	-1146.1 	-1333.9 	-72.3 	-146.5 	3.7 	-1.7 	3.9 	-2.4 	17.2 	46.3 	36.4 	21.8 	17.4 	5.2 	10.4 	7.9 	13.7 	21.0 	28.1 	314.8 	215.9 	42.0 	5.2 
A,MIO_BAL_VAL,SITC9,EXT_EU27_2020,CY	-3.9 	-3.5 	0.5 	1.3 	-0.6 	-1.3 	-1.0 	1.2 	10.0 	3.1 	49.8 	47.7 	52.8 	3.6 	17.8 	44.1 	-5.6 	23.2 	13.4 	1.4 	55.9 	-8.4 	-58.4 	-87.3 
A,MIO_BAL_VAL,SITC9,EXT_EU27_2020,CZ	11.3 	4.2 	6.2 	-1.7 	0.2 	1.0 	3.0 	3.0 	12.4 	4.8 	18.0 	29.4 	33.8 	22.3 	-21.5 	23.3 	115.1 	196.7 	189.5 	417.0 	414.6 	228.1 	-22.7 	-211.7 
A,MIO_BAL_VAL,SITC9,EXT_EU27_2020,DE	1543.9 	1507.8 	-287.4 	169.5 	965.4 	870.8 	396.8 	-1536.8 	1593.7 	2712.6 	2607.9 	204.1 	3107.9 	2972.0 	3208.1 	-1756.8 	-3338.8 	-1732.9 	-4133.0 	-9539.3 	-9364.0 	7469.1 	11796.1 	3867.7 
A,MIO_BAL_VAL,SITC9,EXT_EU27_2020,DK	803.7 	511.1 	549.1 	475.8 	760.8 	439.5 	450.0 	406.7 	-20.0 	-52.5 	-62.2 	-78.9 	-155.7 	-108.9 	182.4 	318.3 	270.0 	337.3 	-98.8 	-698.6 	-24.1 	116.3 	-29.4 	-148.9 
A,MIO_BAL_VAL,SITC9,EXT_EU27_2020,EE	-0.5 	-11.5 	0.0 	-3.8 	-4.1 	-11.6 	-19.8 	-8.7 	-17.6 	-41.0 	-13.6 	-8.6 	-18.7 	-63.2 	-80.0 	-78.1 	-80.1 	-78.9 	-187.5 	-292.8 	-244.6 	-45.3 	-104.2 	-259.0 
A,MIO_BAL_VAL,SITC9,EXT_EU27_2020,EL	-303.1 	-153.7 	18.4 	-46.4 	-81.5 	-629.0 	84.0 	125.8 	172.4 	275.3 	249.3 	270.0 	137.7 	239.1 	231.9 	48.4 	226.7 	9.5 	190.1 	209.9 	96.4 	80.6 	76.0 	61.7 
A,MIO_BAL_VAL,SITC9,EXT_EU27_2020,ES	-35.5 	24.2 	146.8 	237.2 	369.1 	565.8 	784.2 	1299.2 	1434.2 	2896.7 	3803.5 	3048.3 	1788.1 	1860.7 	1890.6 	1430.4 	1426.0 	1681.1 	1791.1 	1525.6 	728.6 	969.0 	1760.6 	2354.6 
A,MIO_BAL_VAL,SITC9,EXT_EU27_2020,EU27_2020	-6057.5 	-6392.1 	1808.5 	3079.2 	3628.8 	-38.0 	1549.0 	1356.0 	4311.5 	9345.6 	10914.0 	8803.0 	9249.7 	9710.2 	13937.0 	3942.3 	4375.3 	8439.7 	2260.4 	-3271.4 	-10058.4 	17686.1 	20459.1 	21271.6 
A,MIO_BAL_VAL,SITC9,EXT_EU27_2020,FI	-18.8 	-33.2 	112.3 	108.0 	217.7 	176.7 	160.7 	224.8 	292.3 	394.1 	293.4 	172.0 	216.3 	431.4 	464.8 	454.2 	435.5 	383.9 	194.1 	673.6 	766.2 	891.1 	762.2 	1483.5 
A,MIO_BAL_VAL,SITC9,EXT_EU27_2020,FR	2327.5 	1664.0 	3692.7 	2802.1 	4188.3 	2273.1 	3562.9 	3253.5 	2834.5 	3209.8 	3342.1 	3620.1 	2719.5 	3882.2 	4181.9 	3322.2 	3842.2 	5255.5 	3858.5 	6276.3 	3806.0 	4143.0 	4136.4 	5884.0 
A,MIO_BAL_VAL,SITC9,EXT_EU27_2020,HR	0.0 	0.0 	0.0 	-0.4 	0.0 	0.0 	0.0 	0.0 	0.0 	-8.6 	-0.2 	1.4 	11.5 	4.1 	2.6 	2.8 	3.4 	7.4 	22.2 	23.6 	48.6 	21.7 	30.4 	83.7 
A,MIO_BAL_VAL,SITC9,EXT_EU27_2020,HU	-660.7 	-925.8 	-282.1 	-17.6 	-26.0 	-31.0 	-35.7 	-71.6 	13.7 	15.9 	47.2 	30.1 	26.1 	47.6 	19.1 	123.3 	686.8 	414.8 	485.6 	685.7 	518.4 	374.8 	138.9 	114.8 
A,MIO_BAL_VAL,SITC9,EXT_EU27_2020,IE	529.2 	610.5 	393.1 	257.6 	142.9 	-64.3 	-60.2 	534.9 	696.2 	-343.0 	-294.4 	-327.0 	-486.9 	-535.0 	-833.0 	-929.1 	-924.3 	-881.9 	-735.2 	-98.5 	-29.9 	1.2 	7.1 	-58.4 
A,MIO_BAL_VAL,SITC9,EXT_EU27_2020,IT	-9148.7 	-8706.0 	-2017.9 	-1762.0 	-1654.2 	-1999.6 	-1571.7 	282.8 	604.8 	2853.1 	4840.3 	2608.0 	1394.4 	1479.0 	1940.5 	1240.6 	1367.8 	2273.0 	486.5 	1475.2 	1566.3 	2935.5 	1003.6 	7823.8 
A,MIO_BAL_VAL,SITC9,EXT_EU27_2020,LT	-140.2 	-187.6 	-64.7 	-40.1 	-13.2 	-28.3 	-50.1 	1.6 	3.7 	10.9 	9.3 	9.3 	12.3 	14.1 	16.0 	17.9 	20.3 	15.3 	15.6 	12.6 	9.1 	0.9 	-16.5 	-64.0 
A,MIO_BAL_VAL,SITC9,EXT_EU27_2020,LU	-5.8 	29.5 	39.9 	-64.0 	-9.5 	0.6 	-42.3 	-122.8 	-297.3 	-15.6 	-56.7 	-26.8 	178.3 	41.1 	97.9 	198.9 	49.7 	26.7 	18.8 	14.0 	12.4 	160.2 	59.4 	88.9 
A,MIO_BAL_VAL,SITC9,EXT_EU27_2020,LV	5.4 	5.9 	2.4 	0.0 	3.6 	2.9 	2.3 	3.4 	7.8 	7.7 	18.7 	16.6 	30.9 	33.3 	30.4 	13.5 	23.4 	14.7 	14.6 	13.9 	190.5 	177.9 	80.5 	82.7 
A,MIO_BAL_VAL,SITC9,EXT_EU27_2020,MT	-22.3 	-21.3 	-16.1 	-18.4 	-25.7 	-26.2 	-25.2 	-20.6 	-26.7 	-17.0 	-16.9 	-9.6 	-5.7 	-9.3 	-7.0 	2.4 	-1.0 	0.1 	-2.9 	1.2 	6.2 	10.4 	15.8 	21.3 
A,MIO_BAL_VAL,SITC9,EXT_EU27_2020,NL	-307.2 	109.2 	468.0 	625.1 	783.9 	1050.6 	3035.8 	896.2 	518.7 	2094.8 	1324.9 	1674.2 	1302.0 	938.4 	2083.9 	308.4 	2338.7 	1702.3 	1453.8 	1452.8 	1136.1 	1640.5 	2212.2 	2371.7 
A,MIO_BAL_VAL,SITC9,EXT_EU27_2020,PL	-31.7 	-25.9 	0.9 	1.0 	-2330.5 	-2827.2 	-3549.0 	-2203.3 	-2522.3 	-3138.6 	-3661.4 	-3011.4 	-2463.4 	-2078.6 	-1718.6 	-2091.5 	-2719.0 	-2790.7 	-1583.8 	-5474.2 	-9122.7 	-2955.9 	-2913.9 	-3360.3 
A,MIO_BAL_VAL,SITC9,EXT_EU27_2020,PT	-1.8 	21.7 	41.4 	6.9 	15.9 	17.6 	19.9 	18.6 	9.4 	7.9 	12.7 	17.6 	16.0 	28.9 	24.3 	22.7 	26.5 	22.2 	51.1 	31.1 	18.6 	20.5 	25.5 	33.4 
A,MIO_BAL_VAL,SITC9,EXT_EU27_2020,RO	15.2 	31.6 	26.0 	33.0 	9.8 	0.0 	0.0 	0.0 	-1.3 	-1.2 	7.7 	5.4 	4.7 	3.7 	1.2 	1.9 	8.3 	3.7 	1.4 	3.8 	78.6 	83.3 	123.3 	198.1 
A,MIO_BAL_VAL,SITC9,EXT_EU27_2020,SE	386.2 	378.8 	247.9 	310.6 	306.4 	275.6 	378.4 	389.8 	563.3 	604.0 	812.0 	700.2 	641.5 	678.2 	763.5 	705.1 	706.8 	795.1 	614.4 	472.5 	728.7 	717.9 	616.7 	719.8 
A,MIO_BAL_VAL,SITC9,EXT_EU27_2020,SI	6.3 	36.0 	2.7 	4.6 	-0.8 	2.3 	2.4 	2.1 	0.5 	3.5 	5.2 	8.0 	10.4 	9.4 	2.9 	3.6 	4.9 	3.3 	5.9 	6.7 	14.1 	33.4 	-195.1 	-810.2 
A,MIO_BAL_VAL,SITC9,EXT_EU27_2020,SK	1.0 	2.1 	10.1 	9.2 	4.6 	8.6 	11.9 	16.2 	12.3 	2.4 	20.5 	57.0 	18.7 	21.0 	-26.8 	-45.7 	-42.5 	-22.3 	-22.9 	0.3 	16.2 	7.7 	-56.3 	-117.1 
A,MIO_BAL_VAL,SITC9,WORLD,AT	201.2 	21.1 	155.7 	113.5 	213.2 	-179.2 	-1022.4 	-1594.5 	-775.3 	-1352.7 	-1237.5 	-757.8 	-536.1 	-1135.7 	-497.6 	-848.3 	-721.5 	115.2 	-370.0 	-1734.4 	-2698.5 	-555.1 	710.2 	-145.8 
A,MIO_BAL_VAL,SITC9,WORLD,BE	344.8 	229.1 	223.4 	324.4 	350.1 	461.6 	-453.8 	42.7 	193.2 	137.9 	-440.0 	2459.9 	3701.2 	3484.1 	5174.6 	5124.6 	2063.1 	2151.1 	2174.6 	2454.6 	2639.6 	2652.3 	2825.5 	3921.2 
A,MIO_BAL_VAL,SITC9,WORLD,BG	-1165.2 	-1196.6 	-1311.7 	-150.6 	-196.4 	2.2 	-16.9 	-29.4 	-87.6 	-21.7 	13.9 	-39.8 	-49.3 	-52.6 	-68.0 	-62.4 	-71.0 	-81.6 	-103.2 	-142.6 	1370.5 	209.1 	-95.3 	-395.1 
A,MIO_BAL_VAL,SITC9,WORLD,CY	-8.9 	-6.7 	-1.5 	3.9 	-1.2 	-3.3 	2.8 	1.6 	9.3 	-30.7 	42.2 	47.7 	53.3 	6.6 	6.3 	18.7 	-61.3 	-32.7 	-10.9 	-35.0 	15.9 	-82.0 	-135.6 	-170.1 
A,MIO_BAL_VAL,SITC9,WORLD,CZ	52.8 	44.6 	3.9 	-3.1 	-14.4 	-17.2 	-28.6 	-10.3 	-14.6 	-71.2 	-74.3 	-42.6 	-18.8 	9.4 	3.6 	1.2 	-3.1 	73.6 	-23.9 	-44.9 	-145.2 	201.5 	151.1 	-56.9 
A,MIO_BAL_VAL,SITC9,WORLD,DE	2191.2 	1176.4 	-5135.3 	769.0 	1594.5 	1212.2 	935.5 	-670.5 	2397.0 	2243.0 	2667.1 	996.8 	4622.3 	4459.8 	4344.9 	-1286.2 	-3868.2 	-1802.1 	-3679.0 	-6683.0 	-5763.2 	9501.1 	12268.0 	4742.0 
A,MIO_BAL_VAL,SITC9,WORLD,DK	1560.2 	490.8 	511.3 	9.4 	914.7 	616.6 	620.2 	520.7 	102.9 	65.5 	106.6 	76.9 	-92.9 	-11.4 	-119.0 	-162.0 	-204.1 	-69.7 	-507.3 	-597.5 	-2.6 	95.9 	-68.8 	-404.3 
A,MIO_BAL_VAL,SITC9,WORLD,EE	-0.6 	-19.7 	4.2 	7.4 	12.1 	7.5 	-0.1 	12.6 	19.2 	68.6 	71.2 	8.9 	1.5 	-38.9 	-53.7 	-41.0 	-34.6 	-12.0 	-7.8 	-117.8 	-82.9 	46.6 	-5.2 	-21.5 
A,MIO_BAL_VAL,SITC9,WORLD,EL	-307.0 	-321.5 	-8.8 	-248.2 	-318.3 	-805.8 	-35.4 	95.9 	-129.4 	520.6 	558.4 	553.2 	440.2 	501.4 	502.6 	277.9 	505.0 	265.6 	363.0 	434.3 	124.0 	106.2 	114.4 	115.7 
A,MIO_BAL_VAL,SITC9,WORLD,ES	-144.4 	125.0 	198.6 	89.1 	280.8 	405.4 	784.2 	1342.8 	2048.6 	3616.1 	4575.5 	4321.3 	2975.8 	3021.1 	2981.1 	2454.9 	2462.8 	2698.1 	3111.2 	3359.2 	1264.7 	1841.6 	2901.2 	3649.5 
A,MIO_BAL_VAL,SITC9,WORLD,FI	-466.9 	-444.2 	-412.1 	0.3 	22.3 	6.2 	-13.9 	53.8 	139.4 	285.5 	137.0 	107.4 	78.1 	302.0 	348.9 	347.2 	348.6 	338.6 	25.0 	700.0 	956.8 	1926.4 	971.0 	1253.0 
A,MIO_BAL_VAL,SITC9,WORLD,FR	2731.2 	1968.8 	4353.8 	3161.0 	4397.2 	4256.0 	3694.9 	3391.8 	3564.4 	4776.0 	4773.5 	4511.5 	3960.6 	4689.3 	5695.0 	4625.9 	4901.8 	6081.5 	5304.4 	8089.3 	5908.4 	5428.7 	6438.7 	9505.6 
A,MIO_BAL_VAL,SITC9,WORLD,HR	-7.9 	-24.4 	-6.0 	-6.0 	-6.8 	-9.4 	-5.4 	-13.6 	2.4 	40.9 	179.0 	107.6 	93.9 	91.4 	41.1 	21.9 	23.6 	25.4 	35.6 	30.7 	-141.0 	-85.0 	-108.1 	-262.0 
A,MIO_BAL_VAL,SITC9,WORLD,HU	-442.4 	-801.7 	-278.0 	-86.3 	-98.4 	-82.0 	-82.4 	-105.1 	-14.3 	-48.9 	-18.5 	-45.6 	-48.7 	-48.5 	-40.7 	87.3 	269.1 	231.8 	305.4 	477.5 	-148.8 	-314.4 	-591.3 	-762.2 
A,MIO_BAL_VAL,SITC9,WORLD,IE	-125.8 	529.2 	357.5 	51.2 	-536.9 	-1012.4 	-1064.3 	-159.5 	551.3 	-476.1 	-447.4 	-510.8 	-797.7 	-822.1 	-1337.3 	-1460.8 	-1409.4 	-1375.9 	-1411.9 	-408.9 	-78.6 	-81.5 	-71.9 	-140.0 
A,MIO_BAL_VAL,SITC9,WORLD,IT	-10162.8 	-10268.4 	-1981.3 	-1791.8 	-1771.3 	-1845.0 	-1199.3 	277.5 	396.8 	2259.7 	3423.6 	1886.6 	877.8 	805.2 	1386.0 	1010.9 	1458.3 	2249.8 	147.9 	1093.8 	1183.2 	2275.5 	-41.7 	5759.6 
A,MIO_BAL_VAL,SITC9,WORLD,LT	-150.6 	-193.0 	-105.8 	-42.7 	-17.1 	-36.6 	-56.8 	-14.0 	-0.1 	5.1 	9.2 	7.4 	10.7 	7.9 	6.8 	17.6 	16.9 	9.9 	8.8 	-9.2 	-16.7 	2.4 	-13.6 	-61.8 
A,MIO_BAL_VAL,SITC9,WORLD,LU	38.6 	88.4 	107.9 	-61.8 	-7.6 	11.7 	-2.5 	-206.1 	-265.1 	-97.8 	53.5 	62.9 	337.3 	189.9 	251.3 	385.4 	234.5 	156.8 	71.5 	150.3 	111.3 	271.8 	234.8 	225.6 
A,MIO_BAL_VAL,SITC9,WORLD,LV	5.7 	6.3 	-45.2 	1.7 	3.9 	2.7 	1.8 	11.7 	-89.7 	12.4 	53.9 	31.8 	46.6 	58.3 	47.4 	32.5 	51.3 	43.8 	14.5 	12.6 	163.5 	171.7 	74.7 	47.9 
A,MIO_BAL_VAL,SITC9,WORLD,MT	-23.8 	-24.2 	-10.1 	-8.7 	-17.4 	-19.9 	-10.5 	-6.6 	-14.3 	-9.1 	0.8 	5.8 	13.3 	13.1 	14.8 	25.5 	25.9 	31.3 	4.2 	11.9 	28.2 	38.4 	49.5 	58.8 
A,MIO_BAL_VAL,SITC9,WORLD,NL	376.3 	433.5 	387.5 	560.1 	740.5 	643.1 	689.4 	506.3 	716.6 	1222.5 	1533.0 	1065.9 	1343.2 	1465.6 	1331.5 	1660.3 	2027.2 	2119.9 	1609.6 	1445.2 	2208.1 	2550.3 	2551.8 	2662.6 
A,MIO_BAL_VAL,SITC9,WORLD,PL	-46.3 	-36.5 	-2.8 	9.9 	-2454.8 	-3031.7 	-3811.9 	-2484.7 	-2790.4 	-3552.2 	-3852.0 	-3551.3 	-2852.1 	-2268.6 	-1660.9 	-2588.8 	-3155.4 	-3260.9 	-1804.6 	-6515.6 	-15721.3 	-6221.1 	-5474.8 	-7090.8 
A,MIO_BAL_VAL,SITC9,WORLD,PT	-60.5 	-34.6 	1.5 	-47.8 	-32.2 	-6.1 	24.8 	88.1 	229.6 	500.7 	702.6 	371.5 	214.9 	179.8 	176.6 	170.2 	146.7 	175.3 	189.6 	103.5 	118.3 	145.0 	195.9 	296.2 
A,MIO_BAL_VAL,SITC9,WORLD,RO	9.2 	37.8 	31.9 	19.9 	0.3 	0.0 	0.0 	0.0 	0.0 	3.0 	6.4 	11.7 	10.2 	7.5 	5.4 	6.1 	5.4 	4.1 	2.9 	3.7 	78.6 	165.3 	223.2 	351.1 
A,MIO_BAL_VAL,SITC9,WORLD,SE	-639.7 	-623.2 	213.0 	261.6 	304.4 	246.0 	300.8 	387.6 	521.8 	598.7 	793.6 	631.7 	524.4 	592.3 	653.5 	630.6 	583.1 	654.4 	666.5 	648.5 	820.5 	683.2 	769.1 	967.3 
A,MIO_BAL_VAL,SITC9,WORLD,SI	13.3 	16.8 	1.4 	5.0 	-0.7 	-12.1 	-39.3 	-16.9 	-45.9 	-77.3 	-27.2 	6.6 	6.9 	-9.7 	-2.7 	-19.0 	-23.6 	-0.2 	-81.9 	-183.6 	-329.4 	-100.9 	-129.0 	-344.3 
A,MIO_BAL_VAL,SITC9,WORLD,SK	0.1 	3.0 	3.8 	-20.9 	-40.5 	13.3 	-5.9 	-23.3 	-35.5 	-93.4 	-42.7 	-52.5 	60.5 	-11.7 	-49.6 	-87.8 	-44.5 	-16.4 	-688.3 	-123.4 	-63.2 	59.2 	-20.5 	-1.7 
A,MIO_BAL_VAL,TOTAL,EU27_2020,AT	-6107.5 	-8990.1 	-11462.7 	-11126.0 	-9934.9 	-8907.7 	-9847.1 	-10506.0 	-12219.9 	-17107.8 	-16902.9 	-15026.3 	-13226.2 	-13386.9 	-15712.8 	-15895.0 	-16923.6 	-17411.3 	-14248.0 	-23313.6 	-26368.7 	-14398.5 	-18273.5 	-23741.5 
A,MIO_BAL_VAL,TOTAL,EU27_2020,BE	13415.7 	16830.2 	17437.1 	17175.3 	18668.8 	22460.5 	20009.8 	16824.3 	15634.7 	15127.3 	6166.5 	13079.0 	16019.2 	29640.6 	24856.4 	27295.4 	26998.4 	30635.6 	26558.8 	31290.9 	68142.3 	33868.7 	41824.8 	47803.1 
A,MIO_BAL_VAL,TOTAL,EU27_2020,BG	-1043.2 	-1252.9 	-1565.1 	-2059.0 	-2097.9 	-4491.0 	-5028.8 	-2489.3 	-1740.5 	-1243.5 	-2755.7 	-2159.6 	-2392.3 	-2204.7 	-1438.7 	-1842.6 	-1333.0 	-1467.7 	-376.7 	-543.2 	496.6 	-1550.2 	-997.7 	-3280.9 
A,MIO_BAL_VAL,TOTAL,EU27_2020,CY	-1724.5 	-1661.9 	-2336.6 	-2398.7 	-2716.6 	-3155.2 	-3635.1 	-3048.7 	-3407.8 	-3001.9 	-2818.4 	-2367.3 	-2476.5 	-2305.7 	-3315.9 	-3502.2 	-3589.7 	-3576.3 	-3512.9 	-4773.5 	-5930.4 	-6458.5 	-6193.9 	-6364.1 
A,MIO_BAL_VAL,TOTAL,EU27_2020,CZ	2894.5 	4045.3 	2511.8 	2622.1 	3794.3 	5308.4 	8752.6 	8173.1 	10633.6 	13333.5 	13134.6 	12386.1 	14692.9 	15821.1 	17067.2 	18526.4 	20338.0 	22965.3 	24594.6 	21859.7 	25624.2 	36356.3 	38714.0 	35489.1 
A,MIO_BAL_VAL,TOTAL,EU27_2020,DE	53105.4 	55558.8 	71103.1 	79942.0 	80044.0 	100953.3 	89532.7 	51419.8 	47292.4 	34738.2 	18978.2 	12741.2 	14508.9 	22545.3 	26752.6 	23833.7 	14836.2 	3286.6 	-11003.5 	-13663.2 	-38459.2 	-24230.6 	-14097.6 	-14763.0 
A,MIO_BAL_VAL,TOTAL,EU27_2020,DK	1368.5 	2652.7 	2923.7 	2942.7 	740.0 	-1564.0 	-506.4 	1471.0 	1832.5 	834.0 	-1448.8 	-1471.5 	-1644.3 	-2771.2 	-4397.7 	-5468.9 	-7248.6 	-6282.2 	-10130.5 	-12823.5 	-12678.9 	-10017.7 	-7999.0 	-10131.4 
A,MIO_BAL_VAL,TOTAL,EU27_2020,EE	-574.7 	-451.5 	-1140.9 	-1458.9 	-2884.8 	-3194.7 	-2669.6 	-1301.6 	-1370.6 	-1447.5 	-2401.7 	-2400.1 	-2380.8 	-1965.3 	-2203.4 	-2635.8 	-2504.8 	-2345.5 	-1931.8 	-2155.8 	-4631.6 	-4575.1 	-4810.0 	-4486.5 
A,MIO_BAL_VAL,TOTAL,EU27_2020,EL	-15032.4 	-16446.9 	-18892.1 	-18323.1 	-19334.6 	-22672.3 	-22677.3 	-19091.0 	-15305.6 	-12199.7 	-10273.9 	-9175.0 	-9934.1 	-8923.9 	-9668.1 	-10625.0 	-10608.3 	-10822.1 	-10271.0 	-12236.8 	-10107.8 	-13071.3 	-16774.3 	-18095.9 
A,MIO_BAL_VAL,TOTAL,EU27_2020,ES	-22481.0 	-24537.8 	-31810.0 	-36231.3 	-40405.7 	-47867.5 	-36211.4 	-17099.4 	-13410.0 	-9362.4 	328.1 	2819.1 	-4151.3 	-10013.3 	-7190.5 	-5341.0 	-6116.5 	-3565.7 	3327.6 	5442.0 	12963.3 	5372.6 	50.9 	-14393.6 
A,MIO_BAL_VAL,TOTAL,EU27_2020,EU27_2020	70746.4 	68257.6 	56800.2 	67148.6 	71138.7 	60436.2 	57883.3 	50759.3 	62402.8 	57948.9 	60077.4 	57446.2 	58553.9 	60532.2 	49339.6 	47971.0 	55407.3 	60443.1 	63424.0 	60153.5 	128211.7 	101436.0 	104785.1 	89156.9 
A,MIO_BAL_VAL,TOTAL,EU27_2020,FI	1484.9 	910.7 	-667.7 	-3047.6 	-1511.6 	-1703.1 	-3002.7 	-4274.8 	-5571.7 	-6558.9 	-7880.0 	-8792.0 	-8492.7 	-8978.9 	-10266.0 	-9846.9 	-9952.3 	-9482.0 	-11417.2 	-11743.2 	-14876.4 	-10896.6 	-11225.9 	-12475.1 
A,MIO_BAL_VAL,TOTAL,EU27_2020,FR	-19300.1 	-24358.1 	-31054.8 	-43937.6 	-43746.1 	-59481.1 	-71875.1 	-67463.3 	-77931.1 	-89462.0 	-94738.9 	-94136.5 	-92616.3 	-95873.8 	-98337.6 	-110385.7 	-111286.7 	-110536.9 	-107444.3 	-129069.9 	-151877.7 	-137809.8 	-122532.4 	-113384.5 
A,MIO_BAL_VAL,TOTAL,EU27_2020,HR	-4554.9 	-5248.5 	-5051.5 	-5499.2 	-6011.3 	-6603.0 	-7344.7 	-4888.6 	-3560.6 	-4231.4 	-4445.7 	-5191.5 	-6386.8 	-6736.2 	-7003.6 	-7938.4 	-8478.6 	-9649.5 	-7978.2 	-9230.1 	-12978.9 	-14887.1 	-17957.5 	-18253.5 
A,MIO_BAL_VAL,TOTAL,EU27_2020,HU	4561.5 	4518.1 	3038.9 	2926.9 	3308.7 	5964.7 	6068.8 	7240.2 	8574.7 	8962.2 	8111.1 	7143.5 	5507.0 	6705.1 	7064.7 	7799.2 	7906.6 	9292.3 	11040.9 	7551.3 	6706.6 	18151.8 	13754.1 	12525.6 
A,MIO_BAL_VAL,TOTAL,EU27_2020,IE	25193.1 	22928.7 	23104.7 	24611.3 	21270.4 	20434.9 	19619.7 	23927.0 	23075.1 	23102.0 	23326.2 	18530.0 	15747.7 	19612.2 	16986.8 	14402.4 	19416.1 	21650.6 	30901.4 	22763.9 	31733.7 	26455.5 	32406.5 	27248.1 
A,MIO_BAL_VAL,TOTAL,EU27_2020,IT	-4566.6 	-6422.2 	-8623.7 	-6394.7 	-6182.1 	-586.2 	2741.7 	-7047.7 	-14911.3 	-10908.6 	-180.2 	-260.5 	4276.8 	-2890.7 	-1086.4 	-2912.5 	-171.1 	3776.7 	6906.1 	2385.3 	-8193.5 	-11592.9 	-9270.9 	-5544.9 
A,MIO_BAL_VAL,TOTAL,EU27_2020,LT	-1204.3 	-1037.4 	-1462.4 	-1369.9 	-2598.4 	-4135.9 	-2817.6 	-466.7 	-928.2 	-1013.8 	-1305.4 	-2785.3 	-3450.3 	-3424.6 	-4142.2 	-4727.4 	-4905.9 	-4902.9 	-4595.0 	-5966.4 	-5667.4 	-7330.2 	-3781.2 	-4329.5 
A,MIO_BAL_VAL,TOTAL,EU27_2020,LU	-2074.7 	-1288.5 	-1340.6 	-303.8 	718.2 	-1210.5 	-1702.9 	-593.2 	-4336.2 	-5676.9 	-5309.0 	-4779.5 	-4404.6 	-2705.0 	-3812.6 	-5354.2 	-6486.9 	-6351.6 	-6729.4 	-8174.0 	-10044.7 	-9422.3 	-9922.6 	-8214.2 
A,MIO_BAL_VAL,TOTAL,EU27_2020,LV	-1692.1 	-1759.1 	-2119.5 	-2381.4 	-3675.6 	-4484.8 	-3631.1 	-1611.5 	-1944.7 	-2744.0 	-3518.8 	-3612.6 	-3430.2 	-2952.2 	-2977.3 	-3651.8 	-3639.0 	-3950.6 	-3434.2 	-3915.5 	-6906.9 	-7160.0 	-4943.2 	-5868.7 
A,MIO_BAL_VAL,TOTAL,EU27_2020,MT	-833.5 	-928.4 	-1028.0 	-1141.8 	-1138.8 	-1203.6 	-1507.0 	-1309.1 	-1336.0 	-1831.4 	-2420.0 	-1844.5 	-1822.9 	-2262.0 	-1762.7 	-1551.2 	-2181.5 	-1988.1 	-1780.2 	-2357.5 	-3271.0 	-3161.5 	-3931.6 	-4070.0 
A,MIO_BAL_VAL,TOTAL,EU27_2020,NL	70519.9 	72997.2 	80410.6 	103653.1 	116543.8 	121866.2 	137451.7 	110903.6 	144260.5 	160471.3 	169284.9 	163722.7 	163495.3 	153600.7 	154529.6 	175561.4 	186738.4 	184547.5 	171317.7 	229271.3 	323957.8 	283081.5 	267578.7 	278160.2 
A,MIO_BAL_VAL,TOTAL,EU27_2020,PL	-5344.1 	-3108.3 	-6500.8 	-6307.6 	-5983.2 	-10123.4 	-14287.7 	-2566.2 	-3114.9 	-4478.6 	-751.2 	2232.8 	5017.4 	10184.0 	9168.8 	9883.2 	12397.5 	18590.5 	22193.5 	24007.2 	27572.2 	32388.1 	23527.0 	21180.1 
A,MIO_BAL_VAL,TOTAL,EU27_2020,PT	-12255.7 	-11228.8 	-11740.1 	-15205.0 	-15608.9 	-16446.7 	-19086.1 	-16580.5 	-16507.7 	-12054.3 	-8879.9 	-8727.5 	-11223.8 	-11577.1 	-11963.4 	-14188.0 	-15008.3 	-16623.1 	-12518.0 	-15723.4 	-20875.6 	-24151.3 	-23872.7 	-28033.7 
A,MIO_BAL_VAL,TOTAL,EU27_2020,RO	-2138.2 	-2953.2 	-3466.6 	-5066.1 	-7794.1 	-15497.6 	-16027.6 	-6946.5 	-7204.5 	-7899.1 	-8860.6 	-8185.4 	-7634.7 	-9150.4 	-9823.7 	-10667.3 	-11027.8 	-12489.7 	-13458.9 	-17169.4 	-22879.8 	-21925.6 	-24161.1 	-24329.6 
A,MIO_BAL_VAL,TOTAL,EU27_2020,SE	-955.5 	-1265.7 	-1522.2 	-3018.5 	-1877.5 	-4638.7 	-6179.9 	-5756.9 	-9476.8 	-13313.4 	-11672.9 	-11500.0 	-12867.4 	-15664.3 	-17158.7 	-18969.1 	-18319.6 	-17805.7 	-17875.3 	-19069.4 	-20965.8 	-19701.0 	-19395.0 	-21119.3 
A,MIO_BAL_VAL,TOTAL,EU27_2020,SI	-903.8 	-1104.2 	-2201.3 	-1837.0 	-1732.5 	-1251.1 	-1408.3 	-115.4 	417.4 	691.2 	657.2 	1509.6 	2554.3 	2862.7 	2638.0 	3417.2 	4299.8 	4462.2 	4764.9 	5538.9 	7359.8 	7435.1 	7982.7 	8177.2 
A,MIO_BAL_VAL,TOTAL,EU27_2020,SK	989.7 	1859.4 	256.7 	382.1 	1285.3 	2666.1 	3152.7 	3956.7 	4960.2 	5224.8 	6654.7 	5697.7 	5269.5 	3346.6 	2536.6 	2755.0 	2258.5 	487.0 	523.3 	1971.2 	369.6 	666.5 	-913.4 	-546.7 
A,MIO_BAL_VAL,TOTAL,EXT_EU27_2020,AT	6502.9 	6881.3 	10232.9 	9401.9 	9568.0 	9333.2 	7804.5 	6150.6 	7354.9 	7057.6 	7639.0 	8911.1 	10397.6 	10444.5 	10610.7 	9075.1 	9344.8 	11991.5 	11601.3 	9122.5 	5775.3 	12375.4 	20486.5 	17076.9 
A,MIO_BAL_VAL,TOTAL,EXT_EU27_2020,BE	5425.6 	1444.1 	-357.1 	-4555.5 	-6635.1 	-8309.5 	-16248.0 	-5205.6 	-3176.9 	-8856.5 	-865.4 	-216.2 	-2158.3 	-10438.7 	-7930.4 	-9290.6 	-16083.5 	-14179.6 	-3358.2 	-10486.9 	-55663.3 	-21274.8 	-15508.4 	-22340.1 
A,MIO_BAL_VAL,TOTAL,EXT_EU27_2020,BG	-1305.1 	-1689.4 	-2069.6 	-1215.2 	-1578.1 	-3858.5 	-4861.0 	-2687.2 	-1943.1 	-1898.4 	-1933.3 	-1397.1 	-1682.4 	-1264.5 	-698.2 	-590.7 	-2254.5 	-2393.8 	-2305.3 	-3762.6 	-8163.5 	-3678.5 	-5594.0 	-7492.1 
A,MIO_BAL_VAL,TOTAL,EXT_EU27_2020,CY	-1729.0 	-1493.8 	-1324.4 	-1500.5 	-1739.3 	-2113.5 	-2491.1 	-1667.1 	-1998.2 	-1925.9 	-1506.0 	-866.3 	-1165.0 	-1071.9 	-1080.6 	-1742.5 	-1325.1 	-1495.9 	-1447.9 	-656.7 	-1391.8 	-1944.1 	-1198.7 	-1969.4 
A,MIO_BAL_VAL,TOTAL,EXT_EU27_2020,CZ	-5183.5 	-6720.4 	-3300.4 	-1337.3 	-2410.0 	-2149.8 	-5515.4 	-2503.9 	-5859.2 	-5564.7 	-970.1 	1178.0 	903.3 	-938.3 	643.6 	-1795.2 	-5535.3 	-5020.4 	-6561.7 	-9618.8 	-20566.4 	-14440.2 	-11037.2 	-9065.3 
A,MIO_BAL_VAL,TOTAL,EXT_EU27_2020,DE	79665.6 	74345.8 	84974.8 	75866.8 	80375.5 	93305.2 	87992.8 	87448.5 	106671.5 	122672.5 	172694.2 	185914.1 	201950.8 	225650.4 	224975.2 	228413.8 	218464.9 	224974.2 	194720.5 	195483.0 	126079.0 	241269.2 	256448.4 	215889.3 
A,MIO_BAL_VAL,TOTAL,EXT_EU27_2020,DK	6218.9 	5377.6 	4249.4 	4725.2 	4875.7 	5317.8 	5646.7 	6308.7 	8266.4 	10804.6 	13331.5 	11712.1 	10585.3 	11658.3 	13242.3 	13979.6 	13223.6 	17811.2 	19151.0 	17545.4 	14735.7 	18192.6 	17684.3 	20166.3 
A,MIO_BAL_VAL,TOTAL,EXT_EU27_2020,EE	-862.4 	-1261.5 	-793.6 	-568.9 	-107.6 	-211.0 	243.2 	518.6 	845.3 	908.3 	845.8 	785.6 	687.4 	443.9 	585.5 	742.7 	709.8 	624.7 	1065.0 	418.8 	917.2 	1582.9 	1440.9 	661.0 
A,MIO_BAL_VAL,TOTAL,EXT_EU27_2020,EL	-11312.0 	-13512.0 	-12890.2 	-13257.3 	-17108.8 	-19869.3 	-21624.4 	-16032.1 	-13181.5 	-11445.9 	-10214.4 	-9425.1 	-9675.7 	-7533.7 	-7203.2 	-7868.0 	-10039.1 	-11040.1 	-7882.2 	-13158.6 	-28682.7 	-18999.6 	-18824.5 	-15699.5 
A,MIO_BAL_VAL,TOTAL,EXT_EU27_2020,ES	-19204.3 	-21834.1 	-29053.4 	-41046.5 	-51167.6 	-51369.3 	-58505.7 	-30132.7 	-41352.0 	-40964.6 	-33086.9 	-19961.8 	-21734.1 	-16609.4 	-11825.1 	-23215.6 	-31060.6 	-31055.8 	-19022.0 	-39449.1 	-87916.8 	-49135.2 	-47000.7 	-51759.9 
A,MIO_BAL_VAL,TOTAL,EXT_EU27_2020,EU27_2020	58586.9 	29766.1 	37456.4 	-27417.3 	-76185.5 	-66368.4 	-133787.5 	-9200.1 	-35454.4 	-41665.5 	68382.1 	149369.3 	171399.4 	228216.3 	264401.8 	222204.8 	148055.9 	191678.9 	216957.8 	57392.5 	-431947.4 	42126.4 	140253.7 	121808.0 
A,MIO_BAL_VAL,TOTAL,EXT_EU27_2020,FI	10070.9 	8511.0 	8769.1 	8458.6 	7748.2 	7774.7 	6180.5 	5683.6 	6110.8 	2879.4 	5240.7 	6433.0 	6696.6 	8442.7 	7591.8 	7625.7 	7611.1 	9249.9 	9534.4 	8346.7 	4291.7 	10410.0 	8507.9 	11189.1 
A,MIO_BAL_VAL,TOTAL,EXT_EU27_2020,FR	21898.4 	18345.9 	15909.8 	11226.0 	7069.2 	7493.2 	3507.7 	11400.9 	12077.0 	700.7 	12464.0 	17398.3 	21171.2 	37775.3 	38313.7 	35574.1 	31674.7 	35802.6 	26181.1 	18764.2 	-41266.0 	11029.7 	19891.8 	19419.3 
A,MIO_BAL_VAL,TOTAL,EXT_EU27_2020,HR	-1583.9 	-1825.1 	-1849.1 	-2381.0 	-2841.7 	-3225.9 	-3887.4 	-2813.6 	-2671.1 	-2467.6 	-2140.1 	-1858.4 	-336.4 	-164.1 	-298.2 	163.6 	-657.6 	-154.4 	-476.9 	-1479.4 	-5237.3 	-2204.6 	-1387.3 	-2279.8 
A,MIO_BAL_VAL,TOTAL,EXT_EU27_2020,HU	-7985.4 	-8685.4 	-7035.7 	-5833.3 	-5703.6 	-6085.4 	-6365.3 	-3478.0 	-3064.6 	-1870.2 	-1577.8 	-1577.8 	-1219.2 	-806.3 	179.5 	-2204.2 	-4594.4 	-6440.4 	-7028.9 	-8564.6 	-14645.0 	-8313.5 	-5399.7 	-4444.5 
A,MIO_BAL_VAL,TOTAL,EXT_EU27_2020,IE	12736.9 	11432.4 	11443.1 	8418.5 	7088.9 	7089.0 	8769.3 	14231.9 	17877.9 	15992.1 	14290.7 	14110.1 	13637.4 	22196.1 	27864.5 	24763.4 	28811.2 	39536.8 	39726.2 	36515.3 	31521.9 	26517.2 	57201.2 	88916.2 
A,MIO_BAL_VAL,TOTAL,EXT_EU27_2020,IT	12404.2 	8025.9 	7402.6 	-2974.0 	-14269.7 	-8009.7 	-15776.3 	1172.1 	-15071.2 	-14615.2 	10069.8 	29490.9 	37654.8 	44697.6 	50729.5 	50554.3 	39450.8 	52339.2 	56383.4 	37948.4 	-25847.1 	45603.8 	57558.1 	56246.8 
A,MIO_BAL_VAL,TOTAL,EXT_EU27_2020,LT	-1217.4 	-1330.3 	-1018.1 	-1637.7 	-1568.1 	-1167.4 	-2249.4 	-859.4 	-1074.2 	-1661.0 	-526.2 	1122.3 	1922.2 	929.0 	2011.9 	2621.8 	2234.3 	2577.3 	4116.0 	2750.6 	-2562.3 	2242.7 	-817.3 	-2262.6 
A,MIO_BAL_VAL,TOTAL,EXT_EU27_2020,LU	-501.9 	-1246.8 	-1711.7 	-2456.7 	-3992.0 	-2507.6 	-2691.2 	-2268.5 	-196.8 	-65.5 	-1260.6 	-1430.0 	-1292.5 	-2850.7 	-1689.6 	-947.0 	-92.7 	-632.9 	338.3 	235.8 	890.6 	999.0 	801.8 	-629.9 
A,MIO_BAL_VAL,TOTAL,EXT_EU27_2020,LV	-170.1 	-310.9 	-361.7 	-460.7 	-613.9 	-632.7 	-447.2 	99.3 	316.4 	474.2 	1093.5 	1054.1 	984.9 	866.1 	1058.5 	1146.5 	1071.0 	1630.1 	1847.6 	1447.4 	2395.1 	3450.6 	2099.5 	2291.3 
A,MIO_BAL_VAL,TOTAL,EXT_EU27_2020,MT	179.2 	66.5 	124.6 	81.5 	-65.0 	208.0 	270.4 	147.5 	222.5 	461.5 	592.9 	-31.2 	-1103.6 	-825.8 	-1169.1 	-1235.7 	-848.3 	-1766.9 	-762.4 	-1087.3 	-1760.1 	-1392.9 	-1303.0 	-1082.6 
A,MIO_BAL_VAL,TOTAL,EXT_EU27_2020,NL	-44299.6 	-45320.5 	-50063.9 	-69451.6 	-79273.2 	-79408.2 	-98710.2 	-71659.3 	-97921.1 	-108219.0 	-116010.5 	-102086.7 	-100845.0 	-101088.7 	-91358.5 	-106846.9 	-117964.4 	-119380.7 	-101848.3 	-159678.2 	-260337.5 	-198316.7 	-171591.6 	-175209.2 
A,MIO_BAL_VAL,TOTAL,EXT_EU27_2020,PL	-9636.9 	-9719.1 	-5276.3 	-3499.9 	-6926.2 	-8529.1 	-11784.0 	-6722.8 	-10708.2 	-11254.6 	-9900.5 	-4207.8 	-7668.9 	-7833.4 	-5282.9 	-9318.3 	-16980.7 	-17403.0 	-11631.4 	-25450.9 	-47219.3 	-21764.7 	-23024.5 	-27378.4 
A,MIO_BAL_VAL,TOTAL,EXT_EU27_2020,PT	-2812.2 	-2422.7 	-3664.2 	-5037.1 	-5045.2 	-5185.8 	-6260.4 	-3101.3 	-4871.8 	-4669.1 	-2281.2 	-982.5 	245.4 	866.3 	578.2 	-482.5 	-2580.9 	-3451.3 	-1870.2 	-3803.8 	-10283.3 	-3656.9 	-4475.7 	-4254.2 
A,MIO_BAL_VAL,TOTAL,EXT_EU27_2020,RO	-2067.8 	-2634.4 	-3879.1 	-5247.3 	-7101.3 	-6264.9 	-7441.4 	-2916.5 	-2246.7 	-1759.6 	-764.1 	2427.9 	1579.7 	791.4 	-147.1 	-2284.6 	-4376.5 	-5097.7 	-5247.0 	-7242.5 	-11224.3 	-7036.7 	-9295.9 	-8388.6 
A,MIO_BAL_VAL,TOTAL,EXT_EU27_2020,SE	16336.4 	17676.3 	19878.9 	18503.6 	18001.8 	16014.7 	16259.3 	13575.1 	16721.1 	20452.3 	17828.8 	16726.1 	14655.6 	17115.5 	15597.3 	17850.3 	14382.5 	19220.6 	22804.3 	21037.4 	15736.9 	23738.0 	24958.2 	25343.4 
A,MIO_BAL_VAL,TOTAL,EXT_EU27_2020,SI	291.7 	150.2 	1078.1 	961.7 	1007.0 	192.2 	-567.7 	-242.0 	-1110.1 	-1301.5 	-557.6 	-1023.5 	-1030.4 	-957.5 	-493.0 	-1327.2 	-2680.0 	-3633.7 	-2431.7 	-5775.8 	-7304.7 	-6137.7 	-13102.7 	-4292.8 
A,MIO_BAL_VAL,TOTAL,EXT_EU27_2020,SK	-3272.3 	-2484.6 	-1958.5 	-2600.7 	-3773.3 	-4199.1 	-5035.7 	-3647.0 	-5471.5 	-5529.2 	-4114.3 	-2829.9 	-1761.1 	-1277.7 	-404.6 	-1156.8 	-1849.0 	-932.4 	1362.6 	-2007.8 	-4219.1 	3011.4 	2736.3 	3157.2 
A,MIO_BAL_VAL,TOTAL,WORLD,AT	395.4 	-2108.7 	-1229.8 	-1724.1 	-366.8 	425.5 	-2042.6 	-4355.4 	-4865.0 	-10050.2 	-9263.9 	-6115.3 	-2828.7 	-2942.4 	-5102.1 	-6819.9 	-7578.8 	-5419.8 	-2646.7 	-14191.0 	-20593.4 	-2023.0 	2212.9 	-6664.6 
A,MIO_BAL_VAL,TOTAL,WORLD,BE	18841.3 	18274.4 	17080.0 	12619.8 	12033.7 	14151.0 	3761.8 	11618.7 	12457.8 	6270.8 	5301.1 	12862.8 	13860.9 	19201.9 	16925.9 	18004.8 	10914.9 	16456.0 	23200.6 	20804.1 	12479.0 	12593.9 	26316.4 	25463.0 
A,MIO_BAL_VAL,TOTAL,WORLD,BG	-2348.4 	-2942.3 	-3634.6 	-3274.2 	-3676.0 	-8349.5 	-9889.9 	-5176.5 	-3683.7 	-3141.9 	-4689.0 	-3556.7 	-4074.7 	-3469.2 	-2136.9 	-2433.3 	-3587.6 	-3861.6 	-2681.9 	-4305.8 	-7666.9 	-5228.7 	-6591.7 	-10773.0 
A,MIO_BAL_VAL,TOTAL,WORLD,CY	-3453.5 	-3155.7 	-3661.0 	-3899.2 	-4455.9 	-5268.7 	-6126.2 	-4715.8 	-5406.1 	-4927.8 	-4324.4 	-3233.6 	-3641.5 	-3377.6 	-4396.5 	-5244.7 	-4914.8 	-5072.2 	-4960.8 	-5430.2 	-7322.3 	-8402.6 	-7392.6 	-8333.5 
A,MIO_BAL_VAL,TOTAL,WORLD,CZ	-2289.0 	-2675.1 	-788.6 	1284.8 	1384.3 	3158.6 	3237.2 	5669.3 	4774.5 	7768.8 	12164.5 	13564.1 	15596.3 	14882.7 	17710.9 	16731.2 	14802.7 	17944.9 	18032.8 	12240.9 	5057.8 	21916.0 	27676.8 	26423.8 
A,MIO_BAL_VAL,TOTAL,WORLD,DE	132771.0 	129904.5 	156077.9 	155808.8 	160419.5 	194258.5 	177525.5 	138868.3 	153963.8 	157410.6 	191672.4 	198655.3 	216459.6 	248195.7 	251727.8 	252247.5 	233301.1 	228260.8 	183716.9 	181819.9 	87619.8 	217038.6 	242350.8 	201126.4 
A,MIO_BAL_VAL,TOTAL,WORLD,DK	7587.3 	8030.3 	7173.1 	7667.9 	5615.7 	3753.8 	5140.3 	7779.6 	10098.9 	11638.5 	11882.7 	10240.6 	8941.0 	8887.1 	8844.6 	8510.7 	5975.1 	11529.0 	9020.5 	4721.9 	2056.8 	8174.9 	9685.3 	10035.0 
A,MIO_BAL_VAL,TOTAL,WORLD,EE	-1437.1 	-1713.0 	-1934.4 	-2027.7 	-2992.5 	-3405.6 	-2426.4 	-783.0 	-525.3 	-539.2 	-1555.9 	-1614.5 	-1693.3 	-1521.4 	-1617.9 	-1893.1 	-1795.0 	-1720.7 	-866.8 	-1737.0 	-3714.4 	-2992.2 	-3369.1 	-3825.5 
A,MIO_BAL_VAL,TOTAL,WORLD,EL	-26344.4 	-29958.9 	-31782.3 	-31580.4 	-36443.4 	-42541.6 	-44301.7 	-35123.0 	-28487.2 	-23645.7 	-20488.3 	-18600.0 	-19609.7 	-16457.7 	-16871.3 	-18492.9 	-20647.4 	-21862.3 	-18153.1 	-25395.4 	-38790.5 	-32071.0 	-35598.8 	-33795.4 
A,MIO_BAL_VAL,TOTAL,WORLD,ES	-41685.4 	-46371.9 	-60863.4 	-77277.8 	-91573.3 	-99236.7 	-94717.1 	-47232.1 	-54762.0 	-50327.0 	-32758.8 	-17142.7 	-25885.4 	-26622.7 	-19015.5 	-28556.6 	-37177.1 	-34621.6 	-15694.4 	-34007.0 	-74953.5 	-43762.6 	-46949.8 	-66153.4 
A,MIO_BAL_VAL,TOTAL,WORLD,FI	11555.8 	9421.7 	8101.5 	5411.0 	6236.6 	6071.6 	3177.9 	1408.8 	539.2 	-3679.5 	-2639.2 	-2359.1 	-1796.1 	-536.2 	-2674.2 	-2221.2 	-2341.2 	-232.1 	-1882.8 	-3396.5 	-10584.7 	-486.7 	-2718.0 	-1286.1 
A,MIO_BAL_VAL,TOTAL,WORLD,FR	2598.3 	-6012.2 	-15144.9 	-32711.6 	-36676.9 	-51987.9 	-68367.4 	-56062.3 	-65854.1 	-88761.3 	-82274.9 	-76738.2 	-71445.1 	-58098.4 	-60023.8 	-74811.6 	-79611.9 	-74734.3 	-81263.2 	-110305.7 	-193143.7 	-126780.1 	-102640.6 	-93965.2 
A,MIO_BAL_VAL,TOTAL,WORLD,HR	-6138.9 	-7073.6 	-6900.5 	-7880.1 	-8853.1 	-9828.8 	-11232.0 	-7702.2 	-6231.8 	-6699.0 	-6585.7 	-7049.9 	-6723.2 	-6900.3 	-7301.7 	-7774.8 	-9136.2 	-9803.9 	-8455.1 	-10709.5 	-18216.2 	-17091.7 	-19344.8 	-20533.2 
A,MIO_BAL_VAL,TOTAL,WORLD,HU	-3423.8 	-4167.3 	-3996.8 	-2906.4 	-2394.8 	-120.7 	-296.5 	3762.2 	5510.0 	7091.9 	6533.3 	5565.7 	4287.8 	5898.8 	7244.3 	5595.0 	3312.2 	2851.9 	4012.0 	-1013.4 	-7938.4 	9838.3 	8354.4 	8081.1 
A,MIO_BAL_VAL,TOTAL,WORLD,IE	37930.1 	34361.1 	34547.8 	33029.8 	28359.3 	27523.9 	28389.0 	38158.9 	40953.0 	39094.0 	37616.9 	32640.1 	29385.1 	41808.3 	44851.3 	39165.8 	48227.3 	61187.4 	70627.6 	59279.3 	63255.6 	52972.7 	89607.7 	116164.3 
A,MIO_BAL_VAL,TOTAL,WORLD,IT	7837.7 	1603.7 	-1221.1 	-9368.6 	-20451.8 	-8595.9 	-13034.6 	-5875.5 	-29982.5 	-25523.9 	9889.6 	29230.4 	41931.6 	41806.9 	49643.1 	47641.8 	39279.7 	56115.9 	63289.5 	40333.7 	-34040.6 	34010.9 	48287.2 	50701.8 
A,MIO_BAL_VAL,TOTAL,WORLD,LT	-2421.6 	-2367.7 	-2480.4 	-3007.6 	-4166.5 	-5303.3 	-5067.0 	-1326.2 	-2002.4 	-2674.8 	-1831.6 	-1663.1 	-1528.1 	-2495.6 	-2130.3 	-2105.7 	-2671.6 	-2325.6 	-478.9 	-3215.8 	-8229.7 	-5087.5 	-4598.4 	-6592.1 
A,MIO_BAL_VAL,TOTAL,WORLD,LU	-2576.6 	-2535.4 	-3052.3 	-2760.5 	-3273.8 	-3718.1 	-4394.0 	-2861.6 	-4533.0 	-5742.4 	-6569.6 	-6209.6 	-5697.2 	-5555.8 	-5502.2 	-6301.3 	-6579.6 	-6984.5 	-6391.1 	-7938.2 	-9154.1 	-8423.2 	-9120.8 	-8844.1 
A,MIO_BAL_VAL,TOTAL,WORLD,LV	-1862.2 	-2070.0 	-2481.2 	-2842.1 	-4289.6 	-5117.5 	-4078.3 	-1512.1 	-1628.3 	-2269.8 	-2425.3 	-2558.6 	-2445.2 	-2086.2 	-1918.8 	-2505.3 	-2568.0 	-2320.5 	-1586.5 	-2468.2 	-4511.7 	-3709.5 	-2843.7 	-3577.4 
A,MIO_BAL_VAL,TOTAL,WORLD,MT	-654.3 	-862.0 	-903.4 	-1060.3 	-1203.8 	-995.6 	-1236.6 	-1161.6 	-1113.5 	-1369.9 	-1827.1 	-1875.7 	-2926.5 	-3087.7 	-2931.9 	-2787.0 	-3029.8 	-3755.0 	-2542.6 	-3444.9 	-5031.2 	-4554.4 	-5234.6 	-5152.6 
A,MIO_BAL_VAL,TOTAL,WORLD,NL	26220.3 	27676.7 	30346.7 	34201.5 	37270.6 	42458.1 	38741.5 	39244.4 	46339.4 	52252.3 	53274.4 	61636.0 	62650.3 	52512.0 	63171.2 	68714.5 	68773.9 	65166.7 	69469.4 	69593.1 	63620.3 	84764.8 	95987.0 	102951.0 
A,MIO_BAL_VAL,TOTAL,WORLD,PL	-14981.0 	-12827.4 	-11777.1 	-9807.5 	-12909.4 	-18652.5 	-26071.7 	-9289.1 	-13823.1 	-15733.2 	-10651.7 	-1975.0 	-2651.5 	2350.6 	3885.9 	564.9 	-4583.2 	1187.5 	10562.2 	-1443.7 	-19647.1 	10623.4 	502.4 	-6198.3 
A,MIO_BAL_VAL,TOTAL,WORLD,PT	-15068.0 	-13651.5 	-15404.3 	-20242.1 	-20654.2 	-21632.5 	-25346.5 	-19681.7 	-21379.5 	-16723.4 	-11161.1 	-9709.9 	-10978.4 	-10710.8 	-11385.2 	-14670.6 	-17589.3 	-20074.3 	-14388.2 	-19527.2 	-31158.8 	-27808.3 	-28348.4 	-32287.9 
A,MIO_BAL_VAL,TOTAL,WORLD,RO	-4206.0 	-5587.6 	-7345.8 	-10313.4 	-14895.4 	-21762.4 	-23469.0 	-9863.0 	-9451.3 	-9658.8 	-9624.7 	-5757.5 	-6055.1 	-8359.0 	-9970.8 	-12951.9 	-15404.3 	-17587.4 	-18706.0 	-24411.9 	-34104.1 	-28962.2 	-33457.0 	-32718.2 
A,MIO_BAL_VAL,TOTAL,WORLD,SE	15380.8 	16410.7 	18356.6 	15485.2 	16124.4 	11376.0 	10079.4 	7818.2 	7244.3 	7138.9 	6155.9 	5226.1 	1788.1 	1451.2 	-1561.4 	-1118.8 	-3937.2 	1414.8 	4929.1 	1968.0 	-5229.0 	4037.1 	5563.2 	4224.1 
A,MIO_BAL_VAL,TOTAL,WORLD,SI	-612.1 	-954.0 	-1123.2 	-875.3 	-725.6 	-1058.8 	-1976.0 	-357.4 	-692.7 	-610.4 	99.6 	486.1 	1523.9 	1905.2 	2144.9 	2090.0 	1619.8 	828.4 	2333.3 	-236.9 	55.0 	1297.4 	-5120.0 	3884.4 
A,MIO_BAL_VAL,TOTAL,WORLD,SK	-2282.7 	-625.2 	-1701.8 	-2218.5 	-2488.1 	-1533.0 	-1883.0 	309.8 	-511.3 	-304.4 	2540.4 	2867.7 	3508.4 	2068.9 	2132.1 	1598.2 	409.5 	-445.4 	1885.9 	-36.6 	-3849.5 	3677.9 	1822.8 	2610.5 
A,MIO_EXP_VAL,SITC0_1,EU27_2020,AT	3491.2 	3916.5 	4159.4 	4592.7 	4985.5 	5596.5 	6234.7 	5730.9 	6082.0 	6586.6 	6850.4 	7043.5 	7226.9 	7427.4 	7560.1 	8063.6 	8325.5 	8767.0 	8980.4 	9827.2 	11600.5 	12963.4 	13423.7 	13944.9 
A,MIO_EXP_VAL,SITC0_1,EU27_2020,BE	15303.0 	15588.5 	16117.9 	16840.3 	17370.9 	18844.5 	20492.9 	19937.8 	20441.4 	22381.2 	23547.3 	23859.7 	24131.2 	25509.5 	26743.5 	28221.7 	27840.5 	28919.5 	28758.2 	30966.2 	35979.7 	39376.3 	41506.9 	44715.4 
A,MIO_EXP_VAL,SITC0_1,EU27_2020,BG	340.3 	328.2 	386.3 	453.8 	503.3 	631.3 	901.7 	1116.7 	1386.1 	1639.0 	1772.1 	1849.1 	1726.8 	1754.3 	2049.2 	2187.9 	2428.3 	2469.5 	2344.7 	2662.6 	3053.1 	3129.5 	2837.3 	3184.2 
A,MIO_EXP_VAL,SITC0_1,EU27_2020,CY	58.2 	70.8 	88.1 	81.0 	82.0 	97.0 	93.6 	94.2 	92.7 	107.9 	89.1 	104.6 	99.0 	98.6 	127.1 	143.0 	164.2 	179.9 	187.3 	199.9 	205.6 	214.5 	241.5 	280.4 
A,MIO_EXP_VAL,SITC0_1,EU27_2020,CZ	1049.8 	1133.3 	1491.4 	2052.2 	2263.0 	2763.9 	3378.3 	3023.4 	3274.3 	3951.6 	4484.6 	4668.8 	5055.9 	5676.5 	5780.2 	5909.7 	5811.5 	6065.7 	6528.3 	7007.7 	8786.7 	10332.1 	11004.1 	11582.1 
A,MIO_EXP_VAL,SITC0_1,EU27_2020,DE	20996.0 	22254.5 	23839.1 	26835.8 	29101.8 	32972.5 	36027.7 	34568.2 	36385.3 	39808.8 	41339.1 	44039.2 	44858.8 	45389.6 	46694.6 	48909.6 	48568.6 	49409.5 	48097.5 	52426.4 	63002.5 	66988.7 	69788.8 	74855.7 
A,MIO_EXP_VAL,SITC0_1,EU27_2020,DK	6973.4 	6867.6 	6967.3 	7469.2 	8224.2 	8257.6 	8661.5 	8252.6 	8472.0 	8735.8 	8980.6 	9312.7 	9310.9 	9075.4 	9578.8 	10291.0 	9862.8 	10049.3 	9392.1 	10057.7 	12159.5 	13169.0 	13100.9 	13780.2 
A,MIO_EXP_VAL,SITC0_1,EU27_2020,EE	182.5 	197.0 	254.1 	294.4 	327.3 	393.0 	458.7 	404.7 	471.1 	603.4 	736.8 	773.4 	807.8 	755.9 	731.8 	835.3 	868.9 	921.1 	885.9 	963.3 	1254.6 	1360.4 	1462.0 	1651.0 
A,MIO_EXP_VAL,SITC0_1,EU27_2020,EL	1627.0 	1647.4 	1657.9 	1923.0 	2016.4 	2164.3 	2487.2 	2488.2 	2630.8 	2812.5 	2763.0 	2805.0 	2895.1 	3043.4 	3415.5 	3456.2 	3609.5 	3720.2 	4111.1 	4654.5 	5408.0 	6064.3 	6526.0 	7188.2 
A,MIO_EXP_VAL,SITC0_1,EU27_2020,ES	13406.3 	14450.3 	14286.3 	14727.0 	15368.2 	16374.6 	17992.6 	17640.1 	19187.6 	20453.2 	21881.4 	23220.8 	23402.8 	25825.1 	26728.3 	28374.0 	28976.7 	30895.4 	31320.4 	34440.6 	39078.1 	43028.8 	44729.6 	47195.7 
A,MIO_EXP_VAL,SITC0_1,EU27_2020,EU27_2020	133344.4 	138134.1 	145024.4 	156381.7 	167331.6 	185625.1 	203191.4 	193921.9 	209069.2 	227960.6 	238309.9 	250215.8 	253343.4 	263719.4 	273326.8 	291189.8 	295157.9 	306690.4 	305979.1 	338785.8 	405112.0 	435631.4 	455923.7 	490393.9 
A,MIO_EXP_VAL,SITC0_1,EU27_2020,FI	445.2 	461.5 	513.5 	510.0 	570.2 	673.6 	717.0 	617.3 	664.6 	781.6 	755.8 	768.8 	827.4 	900.3 	883.5 	1010.0 	1026.9 	1139.6 	1190.2 	1167.1 	1551.9 	1601.9 	1710.5 	1803.6 
A,MIO_EXP_VAL,SITC0_1,EU27_2020,FR	21785.8 	22501.5 	22714.0 	22747.7 	23852.2 	26112.4 	27830.3 	25126.5 	26253.4 	29249.6 	29428.0 	30529.5 	29727.5 	29544.4 	28958.3 	30342.4 	30808.2 	31235.4 	30323.4 	34099.2 	41310.5 	42442.9 	43781.8 	46289.7 
A,MIO_EXP_VAL,SITC0_1,EU27_2020,HR	208.3 	276.8 	200.9 	348.7 	472.6 	395.3 	368.3 	377.9 	389.0 	406.3 	471.1 	459.7 	584.3 	731.9 	943.2 	999.9 	1096.1 	1192.6 	1364.4 	1605.3 	2070.6 	2224.2 	2167.2 	2375.5 
A,MIO_EXP_VAL,SITC0_1,EU27_2020,HU	1736.5 	1775.2 	1991.9 	2214.3 	2432.2 	3547.1 	4005.1 	3577.3 	4029.1 	4958.0 	5422.5 	5416.8 	5151.9 	5318.2 	5193.3 	5845.2 	5778.0 	6191.0 	6405.2 	6969.9 	8301.5 	8870.6 	9080.8 	8975.3 
A,MIO_EXP_VAL,SITC0_1,EU27_2020,IE	2015.5 	2177.5 	2238.8 	2321.0 	2606.8 	2803.1 	2488.4 	2367.3 	2737.9 	3020.1 	2860.1 	3003.7 	3181.9 	3285.9 	3471.2 	3964.5 	4126.6 	4433.4 	4255.5 	4471.6 	5877.2 	5665.7 	6086.5 	6876.7 
A,MIO_EXP_VAL,SITC0_1,EU27_2020,IT	10443.3 	10472.6 	11058.9 	11677.2 	12413.6 	13759.7 	14962.5 	14182.6 	15633.5 	16572.2 	17069.2 	17720.1 	18055.8 	19103.5 	20102.2 	21699.2 	22278.3 	23330.2 	23865.0 	27048.8 	31592.4 	34517.6 	36063.5 	39484.2 
A,MIO_EXP_VAL,SITC0_1,EU27_2020,LT	309.1 	341.1 	534.5 	766.2 	875.6 	1216.1 	1253.2 	1241.5 	1440.1 	1658.1 	1826.5 	2019.7 	2127.2 	2345.7 	2529.2 	2803.5 	2776.8 	3043.2 	3253.6 	3446.9 	4348.6 	4354.2 	4491.5 	4841.7 
A,MIO_EXP_VAL,SITC0_1,EU27_2020,LU	601.2 	642.6 	624.3 	700.4 	696.4 	718.1 	770.2 	765.1 	847.6 	911.8 	922.3 	932.9 	1044.0 	1087.2 	1026.4 	1091.7 	1153.8 	1110.2 	1101.7 	1213.6 	1461.2 	1594.5 	1650.2 	1821.7 
A,MIO_EXP_VAL,SITC0_1,EU27_2020,LV	115.9 	127.0 	172.0 	312.0 	379.0 	519.3 	597.5 	535.1 	666.8 	761.2 	1037.6 	1095.2 	959.4 	1025.8 	1111.7 	1235.8 	1302.7 	1382.5 	1339.1 	1603.5 	2340.8 	2512.0 	2537.5 	2822.1 
A,MIO_EXP_VAL,SITC0_1,EU27_2020,MT	8.7 	7.5 	10.6 	15.2 	10.2 	13.6 	25.4 	14.6 	15.3 	22.7 	22.5 	17.5 	23.1 	30.1 	25.2 	24.9 	19.2 	15.0 	15.3 	16.8 	18.2 	18.2 	20.8 	23.6 
A,MIO_EXP_VAL,SITC0_1,EU27_2020,NL	26495.9 	26496.7 	27771.7 	29034.5 	30143.6 	32941.6 	36324.8 	34608.0 	37994.6 	40295.1 	41114.8 	43784.6 	43708.2 	44498.1 	47378.1 	50384.6 	50401.6 	52422.8 	51440.6 	57491.4 	67699.5 	72429.7 	78806.2 	85582.8 
A,MIO_EXP_VAL,SITC0_1,EU27_2020,PL	2059.9 	2411.5 	3409.5 	4797.1 	5867.9 	6928.7 	8100.9 	7999.6 	9195.6 	10223.1 	11872.6 	13338.6 	14585.5 	16318.0 	16516.3 	19181.5 	20736.0 	21897.9 	22915.0 	25648.2 	32524.3 	35596.7 	37521.5 	41636.5 
A,MIO_EXP_VAL,SITC0_1,EU27_2020,PT	1337.0 	1365.2 	1413.2 	1743.5 	1950.4 	2282.5 	2642.7 	2533.4 	2691.8 	2882.3 	2976.0 	3135.1 	3342.5 	3599.0 	3781.7 	4007.0 	4251.3 	4397.9 	4488.1 	5093.9 	5880.8 	6499.4 	6848.3 	7438.3 
A,MIO_EXP_VAL,SITC0_1,EU27_2020,RO	276.1 	293.5 	328.6 	410.8 	439.0 	669.0 	963.3 	1350.9 	1678.2 	2056.1 	2200.6 	2216.1 	2615.4 	2867.1 	2636.9 	2814.5 	3066.2 	3291.6 	3188.3 	3905.7 	4652.0 	4795.9 	4903.2 	5253.7 
A,MIO_EXP_VAL,SITC0_1,EU27_2020,SE	1485.1 	1660.8 	1938.6 	2178.4 	2586.2 	2774.6 	3100.4 	3072.7 	3749.2 	3993.2 	4231.2 	4737.6 	4821.8 	5215.9 	5965.4 	5880.1 	6183.3 	6276.9 	6195.8 	7054.1 	8737.2 	9171.9 	8731.9 	9450.5 
A,MIO_EXP_VAL,SITC0_1,EU27_2020,SI	156.0 	181.7 	189.6 	336.5 	520.7 	676.1 	732.2 	742.2 	863.4 	873.0 	1130.6 	1037.1 	935.6 	1081.2 	1144.0 	1217.6 	1403.9 	1474.5 	1509.8 	1846.6 	2342.5 	2540.3 	2646.6 	2894.1 
A,MIO_EXP_VAL,SITC0_1,EU27_2020,SK	437.2 	487.3 	666.1 	998.8 	1272.3 	1498.9 	1580.4 	1552.9 	1795.8 	2216.0 	2524.2 	2326.0 	2136.7 	2211.5 	2251.2 	2295.4 	2292.1 	2458.9 	2522.2 	2896.8 	3874.4 	4168.8 	4255.1 	4446.1 
A,MIO_EXP_VAL,SITC0_1,EXT_EU27_2020,AT	834.1 	1006.8 	1261.7 	1478.5 	1915.4 	1872.0 	1832.1 	1655.7 	1911.3 	2206.9 	2401.1 	2417.0 	2475.4 	2608.3 	2748.8 	2901.4 	3007.8 	3272.9 	3361.6 	3388.4 	3721.4 	3433.4 	3363.7 	3227.0 
A,MIO_EXP_VAL,SITC0_1,EXT_EU27_2020,BE	3782.4 	3662.0 	4010.6 	4477.7 	4920.6 	5605.5 	6001.2 	5048.1 	5580.3 	6084.0 	6643.7 	7117.1 	7645.7 	8058.4 	8170.3 	8716.9 	8826.8 	9264.7 	9219.6 	10605.1 	12662.6 	13978.1 	14870.3 	14961.1 
A,MIO_EXP_VAL,SITC0_1,EXT_EU27_2020,BG	302.9 	255.7 	340.7 	369.8 	363.6 	368.0 	636.0 	442.4 	620.9 	695.0 	774.4 	1203.6 	1095.6 	1137.2 	1115.1 	1017.0 	917.8 	1343.0 	1301.4 	1754.2 	2387.8 	2965.6 	2578.5 	2325.4 
A,MIO_EXP_VAL,SITC0_1,EXT_EU27_2020,CY	70.8 	68.8 	95.6 	104.4 	98.9 	108.7 	122.2 	92.0 	112.3 	124.2 	139.6 	176.7 	178.7 	189.7 	211.1 	225.1 	245.0 	259.0 	264.8 	252.8 	295.5 	308.9 	327.6 	333.3 
A,MIO_EXP_VAL,SITC0_1,EXT_EU27_2020,CZ	233.5 	267.2 	291.2 	357.2 	334.7 	351.8 	406.9 	384.7 	410.1 	455.9 	604.5 	666.2 	672.0 	748.5 	777.4 	750.9 	720.0 	810.1 	771.3 	844.6 	1048.2 	1182.6 	1254.0 	1354.8 
A,MIO_EXP_VAL,SITC0_1,EXT_EU27_2020,DE	7005.4 	6890.4 	6941.3 	7954.1 	9248.3 	10519.6 	12091.9 	11514.4 	13143.1 	14947.2 	16651.5 	17207.3 	17624.2 	18911.6 	19089.6 	19264.9 	18408.2 	19902.9 	19995.7 	18950.3 	22045.9 	22507.2 	23282.6 	24040.4 
A,MIO_EXP_VAL,SITC0_1,EXT_EU27_2020,DK	4719.8 	4416.0 	4521.9 	4516.3 	4640.2 	4762.9 	4900.3 	4516.6 	5390.6 	5758.0 	5998.9 	6159.5 	6193.5 	6541.1 	6615.7 	6818.8 	6776.5 	7314.8 	7727.9 	7754.4 	8162.5 	7689.0 	8024.3 	8254.4 
A,MIO_EXP_VAL,SITC0_1,EXT_EU27_2020,EE	99.3 	81.7 	81.9 	114.3 	183.3 	270.7 	247.0 	199.3 	283.0 	314.6 	356.7 	382.9 	330.6 	308.1 	277.4 	278.6 	212.4 	357.0 	388.8 	370.3 	543.9 	480.3 	540.7 	487.0 
A,MIO_EXP_VAL,SITC0_1,EXT_EU27_2020,EL	1032.8 	905.1 	872.3 	984.4 	1052.7 	1140.6 	1171.3 	1117.8 	1240.4 	1255.3 	1483.1 	1442.6 	1473.8 	1546.6 	1613.1 	1623.5 	1729.4 	1848.0 	2005.2 	2157.0 	2730.5 	2833.7 	3128.7 	3360.9 
A,MIO_EXP_VAL,SITC0_1,EXT_EU27_2020,ES	5027.7 	4987.3 	5096.1 	5253.9 	5698.1 	6358.0 	6687.0 	6229.0 	7437.6 	8846.1 	10152.5 	10296.7 	11010.5 	12205.3 	13313.8 	13916.7 	14346.5 	15938.3 	17221.4 	18564.2 	20102.2 	19441.5 	21134.8 	21873.7 
A,MIO_EXP_VAL,SITC0_1,EXT_EU27_2020,EU27_2020	64749.5 	63910.4 	65188.6 	69654.1 	77558.1 	84365.4 	91051.1 	82811.4 	97114.0 	109762.9 	121769.0 	129266.9 	132885.0 	140633.4 	142843.3 	149500.8 	150829.3 	163144.0 	166557.2 	175688.2 	203993.4 	204233.6 	209770.9 	214665.3 
A,MIO_EXP_VAL,SITC0_1,EXT_EU27_2020,FI	460.2 	415.2 	394.0 	422.1 	498.9 	590.0 	600.5 	520.3 	615.4 	742.3 	774.6 	783.3 	695.4 	498.1 	491.0 	526.1 	444.4 	526.8 	584.8 	574.4 	661.3 	485.4 	488.0 	507.5 
A,MIO_EXP_VAL,SITC0_1,EXT_EU27_2020,FR	13920.0 	13923.7 	13574.9 	14225.6 	15477.5 	16385.8 	17649.5 	15688.2 	19313.8 	22528.5 	23642.9 	24767.7 	23925.4 	26161.8 	25234.2 	26071.2 	26799.0 	28390.2 	26854.9 	29929.0 	34883.0 	32378.1 	31846.6 	30958.4 
A,MIO_EXP_VAL,SITC0_1,EXT_EU27_2020,HR	346.0 	361.2 	356.9 	362.9 	439.1 	509.1 	527.1 	525.6 	560.3 	617.8 	670.2 	613.1 	647.2 	727.6 	747.4 	782.9 	869.1 	826.8 	829.9 	929.0 	1114.2 	1243.2 	1167.7 	1210.5 
A,MIO_EXP_VAL,SITC0_1,EXT_EU27_2020,HU	737.2 	706.0 	682.7 	745.6 	873.4 	804.7 	917.7 	712.7 	962.2 	1112.1 	1187.2 	1161.3 	1278.7 	1324.7 	1443.8 	1467.7 	1385.8 	1402.9 	1524.7 	1656.1 	1917.7 	1999.7 	2202.2 	2207.3 
A,MIO_EXP_VAL,SITC0_1,EXT_EU27_2020,IE	4761.5 	4686.2 	4838.7 	5161.1 	5782.5 	5891.8 	5505.0 	4752.9 	5225.3 	5778.6 	6434.4 	6867.8 	7263.6 	7840.3 	7934.5 	8743.7 	8458.8 	9002.4 	8753.5 	9346.4 	10843.0 	10661.3 	11146.7 	11901.1 
A,MIO_EXP_VAL,SITC0_1,EXT_EU27_2020,IT	6510.1 	6361.5 	6544.9 	6861.0 	7512.0 	8230.2 	9006.2 	8391.0 	9424.4 	10475.5 	11567.3 	12318.0 	12972.2 	14292.7 	14669.2 	15817.1 	16021.4 	17976.4 	18741.0 	20774.0 	23126.7 	23797.5 	26204.3 	26830.5 
A,MIO_EXP_VAL,SITC0_1,EXT_EU27_2020,LT	219.1 	299.5 	273.7 	374.1 	626.4 	776.1 	1130.5 	881.1 	1159.4 	1424.2 	2017.5 	2287.2 	2134.2 	1614.5 	1424.5 	1564.3 	1696.7 	1858.5 	2139.6 	1828.9 	2405.1 	2697.6 	2080.9 	2057.7 
A,MIO_EXP_VAL,SITC0_1,EXT_EU27_2020,LU	54.3 	42.6 	18.7 	12.6 	14.1 	15.2 	15.2 	17.6 	21.9 	33.5 	35.8 	46.0 	70.4 	70.7 	53.7 	56.5 	68.3 	79.5 	62.0 	59.5 	72.7 	72.6 	72.8 	66.1 
A,MIO_EXP_VAL,SITC0_1,EXT_EU27_2020,LV	119.5 	93.4 	108.2 	152.5 	212.2 	273.2 	450.4 	398.3 	500.4 	599.9 	987.6 	1018.3 	1038.9 	877.7 	875.2 	1178.7 	1185.6 	1492.2 	1647.2 	1425.3 	1901.2 	1965.9 	1529.9 	1327.1 
A,MIO_EXP_VAL,SITC0_1,EXT_EU27_2020,MT	105.3 	84.5 	96.6 	98.6 	119.3 	143.1 	136.0 	56.9 	120.9 	110.2 	162.3 	190.6 	182.9 	211.8 	239.8 	255.1 	332.3 	278.0 	274.4 	244.7 	370.4 	305.2 	316.6 	312.0 
A,MIO_EXP_VAL,SITC0_1,EXT_EU27_2020,NL	11005.8 	10925.9 	11069.9 	11240.6 	12560.5 	13857.3 	14492.8 	13648.0 	15587.7 	17073.0 	18463.1 	19910.8 	21145.5 	21684.9 	22239.3 	22970.9 	23788.3 	24951.5 	25272.8 	24957.2 	30203.5 	29118.4 	30087.6 	31509.3 
A,MIO_EXP_VAL,SITC0_1,EXT_EU27_2020,PL	1204.0 	1350.6 	1550.1 	1950.2 	2213.9 	2521.8 	2797.8 	2788.8 	3512.7 	4057.2 	5176.8 	5638.8 	5979.8 	6066.5 	6404.7 	7351.0 	7569.7 	8278.8 	9498.6 	9858.1 	11818.2 	13320.1 	13550.1 	14092.7 
A,MIO_EXP_VAL,SITC0_1,EXT_EU27_2020,PT	628.7 	629.0 	642.3 	700.7 	878.8 	1025.2 	1116.3 	1097.4 	1221.8 	1440.6 	1629.4 	1750.8 	1966.8 	1869.7 	1826.2 	1930.5 	1867.5 	1902.7 	1914.1 	2076.0 	2455.3 	2411.8 	2446.5 	2431.0 
A,MIO_EXP_VAL,SITC0_1,EXT_EU27_2020,RO	128.9 	87.3 	105.7 	109.4 	170.1 	184.9 	619.0 	404.5 	674.0 	861.3 	1148.4 	1981.9 	1868.8 	1965.6 	2194.9 	2109.0 	1997.6 	2572.6 	2661.6 	3786.8 	4619.3 	4872.1 	4136.5 	4685.5 
A,MIO_EXP_VAL,SITC0_1,EXT_EU27_2020,SE	1151.3 	1135.7 	1190.5 	1373.0 	1442.2 	1516.2 	1639.9 	1414.9 	1728.3 	1832.9 	2219.3 	2362.6 	2481.5 	2592.5 	2520.2 	2490.0 	2476.0 	2593.6 	2822.4 	2751.1 	2943.5 	2905.8 	3098.9 	3395.0 
A,MIO_EXP_VAL,SITC0_1,EXT_EU27_2020,SI	232.7 	203.1 	165.1 	153.9 	167.8 	191.2 	259.7 	239.3 	273.8 	270.5 	296.0 	337.5 	369.9 	395.5 	419.1 	490.4 	523.5 	540.2 	534.0 	650.3 	715.1 	888.6 	579.6 	624.0 
A,MIO_EXP_VAL,SITC0_1,EXT_EU27_2020,SK	56.2 	63.7 	62.5 	99.4 	113.7 	92.0 	91.2 	74.1 	82.3 	117.5 	150.3 	161.8 	163.7 	183.8 	193.3 	181.7 	154.7 	160.3 	184.0 	199.9 	242.8 	290.3 	310.9 	331.5 
A,MIO_EXP_VAL,SITC0_1,WORLD,AT	4325.3 	4923.3 	5421.1 	6071.2 	6900.9 	7468.5 	8066.8 	7386.6 	7993.3 	8793.6 	9251.5 	9460.6 	9702.3 	10035.6 	10308.9 	10965.0 	11333.3 	12039.8 	12342.0 	13215.6 	15321.9 	16396.9 	16787.4 	17171.9 
A,MIO_EXP_VAL,SITC0_1,WORLD,BE	19085.4 	19250.5 	20128.5 	21318.0 	22291.5 	24450.1 	26494.1 	24986.0 	26021.7 	28465.1 	30191.0 	30976.7 	31776.9 	33567.9 	34913.8 	36938.6 	36667.3 	38184.1 	37977.9 	41571.4 	48642.3 	53354.3 	56377.2 	59676.6 
A,MIO_EXP_VAL,SITC0_1,WORLD,BG	643.2 	583.9 	727.0 	823.5 	866.9 	999.3 	1537.7 	1559.1 	2007.0 	2334.0 	2546.5 	3052.7 	2822.4 	2891.5 	3164.2 	3204.9 	3346.1 	3812.6 	3646.1 	4416.8 	5440.9 	6095.1 	5415.7 	5509.7 
A,MIO_EXP_VAL,SITC0_1,WORLD,CY	129.0 	139.6 	183.6 	185.4 	180.8 	205.7 	215.8 	186.1 	205.0 	232.1 	228.7 	281.3 	277.7 	288.3 	338.2 	368.0 	409.2 	439.0 	452.1 	452.8 	501.1 	523.4 	569.0 	613.7 
A,MIO_EXP_VAL,SITC0_1,WORLD,CZ	1283.2 	1400.5 	1782.6 	2409.4 	2597.7 	3115.7 	3785.3 	3408.1 	3684.4 	4407.5 	5089.1 	5335.0 	5727.9 	6425.0 	6557.6 	6660.6 	6531.5 	6875.8 	7299.6 	7852.4 	9834.9 	11514.6 	12258.1 	12936.9 
A,MIO_EXP_VAL,SITC0_1,WORLD,DE	28001.3 	29144.9 	30780.4 	34789.9 	38350.1 	43492.1 	48119.6 	46082.5 	49528.4 	54756.0 	57990.6 	61246.5 	62483.0 	64301.1 	65784.2 	68174.5 	66976.8 	69312.5 	68093.2 	71376.7 	85048.4 	89495.8 	93071.4 	98896.1 
A,MIO_EXP_VAL,SITC0_1,WORLD,DK	11693.2 	11283.7 	11489.1 	11985.6 	12864.4 	13020.5 	13561.8 	12769.1 	13862.6 	14493.8 	14979.5 	15472.2 	15504.5 	15616.6 	16194.5 	17109.8 	16639.3 	17364.1 	17120.0 	17812.1 	20322.0 	20858.0 	21125.3 	22034.5 
A,MIO_EXP_VAL,SITC0_1,WORLD,EE	281.8 	278.7 	336.1 	408.8 	510.6 	663.7 	705.7 	604.0 	754.1 	918.0 	1093.4 	1156.3 	1138.4 	1064.0 	1009.2 	1113.9 	1081.3 	1278.1 	1274.8 	1333.6 	1798.5 	1840.7 	2002.7 	2138.0 
A,MIO_EXP_VAL,SITC0_1,WORLD,EL	2659.7 	2552.5 	2530.2 	2907.5 	3069.1 	3304.9 	3658.5 	3606.0 	3871.2 	4067.8 	4246.1 	4247.5 	4368.9 	4589.9 	5028.5 	5079.7 	5339.0 	5568.2 	6116.3 	6811.4 	8138.5 	8897.9 	9654.7 	10549.1 
A,MIO_EXP_VAL,SITC0_1,WORLD,ES	18434.0 	19437.7 	19382.4 	19980.9 	21066.2 	22732.6 	24679.6 	23869.1 	26625.2 	29299.4 	32033.9 	33517.5 	34413.3 	38030.4 	40042.1 	42290.7 	43323.2 	46833.7 	48541.8 	53004.9 	59180.3 	62470.2 	65864.5 	69069.4 
A,MIO_EXP_VAL,SITC0_1,WORLD,FI	905.5 	876.7 	907.5 	932.1 	1069.1 	1263.6 	1317.5 	1137.6 	1279.9 	1523.9 	1530.5 	1552.1 	1522.8 	1398.5 	1374.5 	1536.1 	1471.4 	1666.4 	1775.0 	1741.6 	2213.2 	2087.3 	2198.5 	2311.1 
A,MIO_EXP_VAL,SITC0_1,WORLD,FR	35705.8 	36425.2 	36288.9 	36973.3 	39329.7 	42498.2 	45479.8 	40814.8 	45567.2 	51778.1 	53070.9 	55297.2 	53652.9 	55706.2 	54192.5 	56413.6 	57607.2 	59625.6 	57178.3 	64028.2 	76193.5 	74821.0 	75628.4 	77248.1 
A,MIO_EXP_VAL,SITC0_1,WORLD,HR	554.3 	638.0 	557.9 	711.6 	911.8 	904.3 	895.3 	903.5 	949.3 	1024.1 	1141.3 	1072.9 	1231.5 	1459.5 	1690.6 	1782.8 	1965.3 	2019.4 	2194.3 	2534.4 	3184.8 	3467.3 	3334.8 	3586.0 
A,MIO_EXP_VAL,SITC0_1,WORLD,HU	2473.7 	2481.2 	2674.6 	2959.9 	3305.7 	4351.8 	4922.8 	4289.9 	4991.3 	6070.0 	6609.7 	6578.1 	6430.6 	6642.9 	6637.1 	7312.9 	7163.8 	7593.8 	7929.9 	8626.0 	10219.2 	10870.3 	11282.9 	11182.6 
A,MIO_EXP_VAL,SITC0_1,WORLD,IE	6777.0 	6863.7 	7077.5 	7482.1 	8389.4 	8694.9 	7993.4 	7120.2 	7963.2 	8798.8 	9294.5 	9871.5 	10445.5 	11126.2 	11405.8 	12708.3 	12585.4 	13435.8 	13009.1 	13818.0 	16720.2 	16327.1 	17233.2 	18777.8 
A,MIO_EXP_VAL,SITC0_1,WORLD,IT	16953.5 	16834.1 	17603.8 	18538.2 	19925.6 	21990.0 	23968.7 	22573.6 	25057.9 	27047.7 	28636.5 	30038.1 	31028.1 	33396.2 	34771.4 	37516.2 	38299.8 	41306.7 	42605.9 	47822.8 	54719.1 	58315.1 	62267.8 	66314.7 
A,MIO_EXP_VAL,SITC0_1,WORLD,LT	528.2 	640.6 	808.1 	1140.3 	1502.0 	1992.3 	2383.7 	2122.6 	2599.4 	3082.3 	3844.0 	4306.9 	4261.5 	3960.2 	3953.7 	4367.8 	4473.5 	4901.7 	5393.2 	5275.8 	6753.7 	7051.8 	6572.4 	6899.4 
A,MIO_EXP_VAL,SITC0_1,WORLD,LU	655.5 	685.2 	643.0 	713.0 	710.5 	733.3 	785.4 	782.7 	869.5 	945.3 	958.1 	978.9 	1114.5 	1157.9 	1080.1 	1148.2 	1222.1 	1189.7 	1163.7 	1273.1 	1534.0 	1667.1 	1723.0 	1887.8 
A,MIO_EXP_VAL,SITC0_1,WORLD,LV	235.4 	220.4 	280.2 	464.5 	591.2 	792.5 	1047.9 	933.5 	1167.2 	1361.2 	2025.2 	2113.5 	1998.2 	1903.5 	1986.9 	2414.5 	2488.3 	2874.7 	2986.3 	3028.8 	4242.0 	4477.9 	4067.4 	4149.2 
A,MIO_EXP_VAL,SITC0_1,WORLD,MT	113.9 	92.0 	107.3 	113.8 	129.6 	156.6 	161.3 	71.5 	136.1 	132.9 	184.7 	208.1 	206.0 	242.0 	265.0 	280.0 	351.4 	292.9 	289.7 	261.5 	388.5 	323.4 	337.4 	335.6 
A,MIO_EXP_VAL,SITC0_1,WORLD,NL	37501.7 	37422.6 	38841.6 	40275.1 	42704.0 	46798.9 	50817.6 	48256.0 	53582.3 	57368.1 	59577.9 	63695.4 	64853.7 	66183.0 	69617.4 	73355.6 	74190.0 	77374.3 	76713.3 	82448.6 	97903.0 	101548.1 	108893.7 	117092.1 
A,MIO_EXP_VAL,SITC0_1,WORLD,PL	3263.9 	3762.1 	4959.6 	6747.3 	8081.8 	9450.5 	10898.7 	10788.4 	12708.3 	14280.4 	17049.4 	18977.3 	20565.3 	22384.5 	22921.0 	26532.6 	28305.7 	30176.7 	32413.6 	35506.3 	44342.5 	48916.8 	51071.6 	55729.2 
A,MIO_EXP_VAL,SITC0_1,WORLD,PT	1965.7 	1994.1 	2055.5 	2444.3 	2829.2 	3307.7 	3759.0 	3630.9 	3913.6 	4322.9 	4605.4 	4885.9 	5309.2 	5468.7 	5607.9 	5937.4 	6118.8 	6300.5 	6402.2 	7169.8 	8336.0 	8911.2 	9294.8 	9869.3 
A,MIO_EXP_VAL,SITC0_1,WORLD,RO	404.9 	380.8 	434.4 	520.1 	609.1 	853.9 	1582.3 	1755.4 	2352.2 	2917.5 	3349.0 	4198.0 	4484.2 	4832.7 	4831.8 	4923.6 	5063.9 	5864.1 	5849.9 	7692.6 	9271.3 	9667.9 	9039.7 	9939.2 
A,MIO_EXP_VAL,SITC0_1,WORLD,SE	2636.5 	2796.5 	3129.1 	3551.4 	4028.4 	4290.8 	4740.3 	4487.5 	5477.5 	5826.2 	6450.5 	7100.2 	7303.4 	7808.4 	8485.6 	8370.2 	8659.3 	8870.5 	9018.2 	9805.2 	11680.7 	12077.7 	11830.8 	12845.5 
A,MIO_EXP_VAL,SITC0_1,WORLD,SI	388.7 	384.8 	354.7 	490.5 	688.5 	867.2 	992.0 	981.5 	1137.2 	1143.5 	1426.6 	1374.6 	1305.5 	1476.7 	1563.1 	1707.9 	1927.4 	2014.7 	2043.8 	2496.9 	3057.6 	3428.9 	3226.2 	3518.2 
A,MIO_EXP_VAL,SITC0_1,WORLD,SK	493.5 	551.1 	728.6 	1098.2 	1386.0 	1590.9 	1671.7 	1627.0 	1878.1 	2333.5 	2674.5 	2487.7 	2300.4 	2395.3 	2444.5 	2477.1 	2446.8 	2619.2 	2706.1 	3096.8 	4117.3 	4459.1 	4566.0 	4777.6 
A,MIO_EXP_VAL,SITC2_4,EU27_2020,AT	2054.2 	2161.5 	2379.8 	2359.2 	2748.3 	3195.8 	3128.9 	2499.4 	3130.9 	3357.5 	3225.6 	3257.5 	3176.1 	3148.6 	3307.9 	3533.4 	3858.6 	3696.5 	3462.9 	4778.0 	5374.6 	4352.8 	4307.0 	4624.1 
A,MIO_EXP_VAL,SITC2_4,EU27_2020,BE	4109.5 	4328.8 	5120.6 	5318.2 	6320.5 	6778.1 	6950.5 	5083.2 	6479.8 	7538.4 	7723.3 	7650.5 	7313.0 	7067.6 	7041.5 	7463.2 	7934.5 	7619.2 	7248.3 	9261.8 	11655.1 	10618.8 	10318.7 	11236.5 
A,MIO_EXP_VAL,SITC2_4,EU27_2020,BG	225.2 	213.0 	223.6 	293.7 	439.4 	485.6 	521.8 	545.1 	868.0 	1292.3 	972.5 	1147.3 	1131.1 	1101.0 	1228.4 	1299.2 	1403.0 	1458.4 	1463.0 	2099.5 	2821.5 	2049.2 	1728.0 	2048.8 
A,MIO_EXP_VAL,SITC2_4,EU27_2020,CY	14.2 	14.6 	17.2 	17.7 	28.2 	35.7 	37.8 	24.4 	37.6 	53.3 	59.9 	46.7 	34.2 	30.4 	27.1 	37.2 	45.1 	42.9 	40.9 	62.5 	77.1 	62.7 	67.8 	70.8 
A,MIO_EXP_VAL,SITC2_4,EU27_2020,CZ	1057.3 	1109.1 	1355.3 	1423.1 	1809.2 	2186.4 	2504.7 	2070.2 	2889.9 	3134.3 	3298.0 	3143.1 	3092.3 	3095.6 	3026.6 	3336.7 	3463.4 	3407.7 	3257.4 	4796.8 	5407.1 	4279.2 	4266.4 	4267.4 
A,MIO_EXP_VAL,SITC2_4,EU27_2020,DE	7537.7 	7529.5 	8929.1 	10059.8 	12618.8 	14910.1 	14965.5 	10354.4 	14825.8 	17593.7 	16865.1 	15828.8 	15930.6 	15654.5 	15319.5 	16639.8 	16778.1 	16080.4 	15686.6 	21734.0 	24877.5 	21190.8 	20658.3 	20885.4 
A,MIO_EXP_VAL,SITC2_4,EU27_2020,DK	1309.8 	1472.0 	1471.4 	1519.1 	1955.3 	1920.8 	1906.1 	1519.9 	1787.3 	2068.3 	1897.3 	1811.5 	1984.9 	1833.2 	1989.6 	2156.2 	2149.7 	2182.7 	2192.3 	2780.7 	2877.8 	2567.2 	2569.0 	2659.5 
A,MIO_EXP_VAL,SITC2_4,EU27_2020,EE	296.3 	324.4 	316.4 	392.0 	443.4 	512.0 	518.7 	371.4 	586.8 	685.4 	671.6 	722.1 	716.3 	681.4 	716.0 	825.0 	963.2 	929.2 	870.0 	1178.0 	1392.9 	1194.8 	1169.8 	1208.3 
A,MIO_EXP_VAL,SITC2_4,EU27_2020,EL	536.2 	631.9 	489.3 	727.6 	898.3 	816.3 	670.0 	533.1 	593.0 	653.6 	735.8 	856.1 	592.0 	984.4 	914.9 	878.9 	1020.4 	749.4 	875.6 	1180.2 	1593.6 	1832.5 	1505.7 	1560.0 
A,MIO_EXP_VAL,SITC2_4,EU27_2020,ES	3059.0 	2819.3 	3113.4 	3210.3 	3490.8 	3960.7 	4372.9 	3478.7 	4521.5 	5724.9 	5641.6 	5818.0 	6145.5 	5542.4 	5494.8 	7164.3 	6977.1 	6714.8 	6084.5 	8015.1 	9713.4 	8994.1 	9859.3 	9575.6 
A,MIO_EXP_VAL,SITC2_4,EU27_2020,EU27_2020	47586.5 	49063.6 	56298.3 	60364.7 	72046.0 	80168.4 	83442.2 	61805.8 	84462.6 	98340.3 	96573.1 	94250.5 	92638.0 	91105.5 	89813.6 	100671.6 	104564.4 	101367.5 	97408.9 	133291.5 	156794.5 	135659.0 	135170.9 	138765.1 
A,MIO_EXP_VAL,SITC2_4,EU27_2020,FI	1687.5 	1757.7 	1709.4 	1689.3 	2008.5 	2011.0 	1621.4 	987.9 	1661.7 	1788.8 	1675.3 	1929.1 	2013.6 	2010.8 	1994.8 	2310.5 	2765.8 	2567.7 	2159.8 	3375.3 	3779.6 	3046.0 	3186.3 	3123.8 
A,MIO_EXP_VAL,SITC2_4,EU27_2020,FR	4923.6 	5250.9 	6004.3 	6076.2 	7575.6 	8071.7 	8545.0 	5700.4 	8047.1 	9972.1 	9118.3 	8448.4 	8454.1 	7907.1 	7744.4 	8740.0 	8900.7 	8392.2 	7756.7 	11423.2 	13373.9 	11443.4 	11399.2 	11744.9 
A,MIO_EXP_VAL,SITC2_4,EU27_2020,HR	274.0 	282.0 	322.2 	335.3 	402.6 	468.2 	443.1 	347.4 	466.1 	546.0 	532.5 	597.5 	593.8 	629.9 	695.4 	769.4 	843.5 	836.0 	801.6 	1035.2 	1278.2 	1030.7 	1051.5 	1112.4 
A,MIO_EXP_VAL,SITC2_4,EU27_2020,HU	614.1 	668.1 	839.3 	903.0 	991.2 	1175.0 	1485.7 	1198.2 	1542.1 	2160.7 	2373.5 	2116.4 	1913.5 	1779.5 	1791.0 	2047.2 	2063.6 	2145.4 	2054.5 	2843.2 	3524.4 	3006.3 	2804.4 	2773.3 
A,MIO_EXP_VAL,SITC2_4,EU27_2020,IE	397.2 	466.2 	472.9 	557.7 	860.3 	885.6 	714.5 	491.2 	762.6 	895.7 	936.4 	906.7 	890.7 	928.5 	760.4 	973.3 	996.9 	837.9 	667.2 	1042.2 	1045.0 	678.0 	633.9 	749.2 
A,MIO_EXP_VAL,SITC2_4,EU27_2020,IT	2127.8 	2118.1 	2677.4 	2822.5 	3199.6 	3380.9 	3393.8 	2593.2 	3340.2 	3755.9 	3808.0 	3602.5 	3652.9 	3871.4 	3944.2 	4207.6 	4285.5 	4237.9 	4101.4 	5477.1 	6635.7 	6281.2 	6468.4 	6492.7 
A,MIO_EXP_VAL,SITC2_4,EU27_2020,LT	227.1 	265.7 	295.3 	328.4 	368.0 	541.9 	494.8 	374.4 	547.7 	668.5 	831.4 	789.1 	794.1 	841.2 	723.9 	761.0 	891.7 	999.0 	1144.5 	1451.3 	1898.2 	1343.5 	1327.1 	1342.7 
A,MIO_EXP_VAL,SITC2_4,EU27_2020,LU	161.3 	155.0 	178.8 	177.8 	201.3 	194.3 	214.4 	143.5 	134.4 	164.1 	188.1 	296.9 	238.6 	247.6 	256.7 	298.1 	270.9 	247.2 	259.8 	275.7 	272.2 	241.6 	195.9 	206.7 
A,MIO_EXP_VAL,SITC2_4,EU27_2020,LV	324.1 	346.4 	396.7 	505.4 	584.2 	745.8 	740.9 	533.2 	801.7 	963.6 	977.8 	966.3 	907.6 	845.3 	823.9 	914.4 	1078.8 	1175.0 	1170.9 	1274.3 	1898.1 	1535.6 	1590.8 	1468.4 
A,MIO_EXP_VAL,SITC2_4,EU27_2020,MT	3.6 	3.2 	5.4 	4.7 	6.8 	6.5 	5.1 	3.3 	5.4 	6.4 	7.8 	6.5 	6.2 	5.8 	3.4 	3.5 	3.1 	1.9 	1.2 	1.9 	8.3 	8.5 	5.2 	6.3 
A,MIO_EXP_VAL,SITC2_4,EU27_2020,NL	10988.5 	11189.7 	13171.5 	13994.4 	15592.3 	17257.6 	18951.4 	14783.8 	19360.2 	21861.0 	21610.8 	20905.0 	20026.6 	19961.3 	19406.9 	22065.6 	22095.1 	22279.1 	22028.1 	28848.1 	32798.9 	28971.2 	29075.5 	30382.1 
A,MIO_EXP_VAL,SITC2_4,EU27_2020,PL	907.6 	1060.9 	1328.9 	1409.2 	1878.4 	2240.7 	2359.1 	1678.3 	2488.2 	2764.8 	2842.6 	3254.0 	3467.3 	3594.2 	3320.0 	3611.0 	4100.5 	4050.7 	3953.4 	5522.3 	6931.0 	5990.9 	5824.7 	5673.3 
A,MIO_EXP_VAL,SITC2_4,EU27_2020,PT	822.7 	852.5 	935.4 	1272.8 	1651.8 	1801.0 	1667.4 	1203.2 	1811.7 	1844.4 	1782.6 	1746.7 	1641.8 	1719.6 	1690.5 	1940.6 	2288.2 	2074.7 	1918.0 	2787.5 	3445.9 	3061.0 	3710.4 	3253.5 
A,MIO_EXP_VAL,SITC2_4,EU27_2020,RO	310.8 	393.4 	459.1 	406.8 	625.2 	631.5 	1028.7 	804.0 	1177.6 	1590.6 	1259.6 	1577.9 	1417.0 	1472.3 	1580.0 	1783.6 	1799.8 	1639.1 	1454.4 	2316.7 	3300.1 	2854.5 	2303.2 	2807.4 
A,MIO_EXP_VAL,SITC2_4,EU27_2020,SE	2993.9 	3011.6 	3225.3 	3469.4 	4087.2 	4553.5 	4452.1 	3133.4 	4554.2 	4874.0 	4822.9 	4421.8 	4381.0 	4113.7 	3991.3 	4627.6 	5115.5 	4751.7 	4614.8 	6694.7 	6961.2 	5920.5 	5988.6 	6137.3 
A,MIO_EXP_VAL,SITC2_4,EU27_2020,SI	176.7 	180.6 	232.5 	337.5 	457.0 	492.4 	524.2 	376.1 	667.2 	797.9 	777.8 	737.1 	807.7 	809.6 	828.0 	968.4 	1027.0 	924.7 	791.7 	1128.2 	1407.4 	1224.8 	1309.5 	1460.1 
A,MIO_EXP_VAL,SITC2_4,EU27_2020,SK	446.5 	457.5 	627.8 	753.9 	804.1 	909.2 	1223.7 	974.5 	1373.6 	1584.0 	1937.0 	1667.0 	1315.4 	1228.4 	1192.6 	1315.8 	1444.9 	1326.1 	1349.3 	1907.9 	2445.8 	1879.1 	1846.3 	1894.7 
A,MIO_EXP_VAL,SITC2_4,EXT_EU27_2020,AT	606.5 	589.1 	646.5 	657.9 	631.6 	774.4 	797.6 	674.6 	832.1 	996.2 	922.0 	949.9 	925.5 	1049.7 	1145.0 	1291.3 	1387.3 	1425.3 	1204.4 	1647.6 	1619.3 	662.4 	844.2 	989.0 
A,MIO_EXP_VAL,SITC2_4,EXT_EU27_2020,BE	1347.7 	1324.1 	1512.2 	1717.0 	1975.0 	2120.6 	2187.1 	1951.8 	2638.0 	3018.6 	3023.4 	2740.4 	2806.9 	2556.9 	2598.2 	2949.8 	3212.8 	3309.8 	3521.1 	4636.5 	5044.0 	4664.2 	4053.6 	3673.9 
A,MIO_EXP_VAL,SITC2_4,EXT_EU27_2020,BG	152.2 	194.2 	273.7 	338.2 	446.5 	459.2 	546.3 	380.8 	599.3 	905.1 	1019.2 	957.2 	708.3 	674.4 	645.0 	737.1 	752.0 	912.5 	984.5 	1297.0 	1659.0 	1528.0 	1431.5 	1632.5 
A,MIO_EXP_VAL,SITC2_4,EXT_EU27_2020,CY	14.4 	12.1 	15.0 	18.9 	23.6 	22.0 	23.0 	25.0 	35.6 	45.1 	45.6 	36.7 	32.7 	29.8 	30.9 	33.7 	35.1 	26.1 	29.5 	47.6 	59.1 	57.4 	60.9 	62.4 
A,MIO_EXP_VAL,SITC2_4,EXT_EU27_2020,CZ	112.5 	129.3 	156.9 	215.6 	195.7 	220.2 	238.4 	237.4 	331.7 	371.7 	517.2 	504.4 	542.7 	546.2 	521.3 	565.9 	547.4 	693.1 	610.3 	780.6 	851.1 	644.1 	726.4 	725.1 
A,MIO_EXP_VAL,SITC2_4,EXT_EU27_2020,DE	2885.7 	2623.3 	3235.1 	3957.2 	4944.5 	5566.7 	5944.8 	4717.5 	6257.9 	7142.4 	7438.0 	6855.6 	6623.0 	6394.9 	6154.0 	7073.5 	7181.3 	7515.0 	7693.8 	10116.4 	10454.6 	8788.9 	8666.7 	9391.2 
A,MIO_EXP_VAL,SITC2_4,EXT_EU27_2020,DK	954.8 	934.2 	1024.4 	1071.2 	1227.4 	1070.0 	1314.3 	1121.6 	1710.2 	2012.3 	2421.2 	2660.8 	2017.2 	2409.4 	1840.2 	2109.7 	1962.7 	1923.4 	1621.1 	1974.2 	2012.9 	1989.3 	2078.8 	1713.2 
A,MIO_EXP_VAL,SITC2_4,EXT_EU27_2020,EE	171.7 	174.5 	208.7 	236.4 	280.7 	285.4 	288.1 	163.2 	259.9 	286.3 	316.0 	329.1 	338.6 	337.0 	355.3 	456.9 	448.2 	390.8 	389.0 	598.7 	645.8 	512.5 	465.8 	453.6 
A,MIO_EXP_VAL,SITC2_4,EXT_EU27_2020,EL	360.2 	438.0 	426.7 	458.6 	522.1 	409.4 	552.2 	580.5 	786.7 	700.2 	927.3 	871.9 	767.4 	774.2 	788.6 	992.5 	1065.8 	1156.6 	969.0 	1456.4 	1439.8 	1251.4 	1367.2 	1236.3 
A,MIO_EXP_VAL,SITC2_4,EXT_EU27_2020,ES	1541.2 	1525.6 	1715.3 	2051.9 	2255.9 	2377.1 	2354.9 	2174.4 	2979.5 	3475.3 	3973.8 	3773.5 	3739.8 	4124.5 	4592.7 	5350.6 	5892.4 	5726.3 	5310.5 	6981.1 	8258.8 	7156.4 	8689.8 	8526.2 
A,MIO_EXP_VAL,SITC2_4,EXT_EU27_2020,EU27_2020	21658.7 	21104.3 	23891.2 	26826.2 	31524.0 	33566.0 	34541.5 	29742.6 	39506.2 	45999.7 	48526.8 	47113.4 	45529.0 	45471.8 	44926.1 	51247.9 	53210.8 	54646.7 	53593.4 	71243.4 	76265.1 	67636.4 	68530.5 	69033.6 
A,MIO_EXP_VAL,SITC2_4,EXT_EU27_2020,FI	1483.8 	1399.2 	1417.4 	1376.1 	1783.9 	1891.5 	1689.8 	1240.8 	1974.9 	2365.8 	2708.0 	2970.8 	2614.1 	2863.6 	2778.6 	3426.7 	3864.0 	3654.9 	3424.9 	4958.5 	5489.1 	4662.8 	4668.9 	4796.0 
A,MIO_EXP_VAL,SITC2_4,EXT_EU27_2020,FR	1836.0 	1691.2 	1891.5 	1991.7 	2380.5 	2403.7 	2433.7 	2162.1 	2975.6 	3495.2 	3681.0 	3446.2 	3256.5 	3319.7 	3310.3 	3611.5 	3566.7 	3642.7 	3398.7 	4036.3 	4694.9 	4537.6 	4958.4 	4640.8 
A,MIO_EXP_VAL,SITC2_4,EXT_EU27_2020,HR	29.5 	38.8 	49.2 	72.4 	96.9 	122.6 	164.0 	129.8 	156.0 	221.6 	244.9 	208.0 	259.6 	294.4 	272.6 	361.8 	320.9 	349.7 	381.2 	535.5 	667.6 	523.8 	552.9 	538.0 
A,MIO_EXP_VAL,SITC2_4,EXT_EU27_2020,HU	108.0 	109.4 	131.5 	164.7 	147.0 	142.3 	187.1 	156.3 	236.2 	329.2 	388.4 	414.2 	355.4 	318.0 	309.6 	354.4 	342.3 	405.4 	316.2 	385.5 	441.5 	403.5 	484.9 	483.5 
A,MIO_EXP_VAL,SITC2_4,EXT_EU27_2020,IE	664.5 	649.1 	703.2 	746.1 	871.0 	802.3 	671.3 	501.3 	709.2 	923.0 	851.5 	877.2 	965.3 	899.3 	847.2 	932.7 	989.5 	900.7 	840.2 	1171.8 	1357.2 	1100.3 	1382.5 	1453.7 
A,MIO_EXP_VAL,SITC2_4,EXT_EU27_2020,IT	1685.5 	1571.8 	1844.2 	2073.7 	2447.4 	2422.5 	2523.6 	2294.0 	2890.5 	3209.4 	3251.0 	3246.7 	3198.5 	3302.9 	3362.9 	3674.4 	3611.5 	3548.0 	3412.4 	4530.1 	5171.6 	4963.1 	5680.9 	5256.5 
A,MIO_EXP_VAL,SITC2_4,EXT_EU27_2020,LT	133.7 	120.5 	162.6 	191.1 	178.8 	186.2 	215.2 	132.7 	174.2 	279.8 	281.8 	372.0 	418.1 	425.8 	455.0 	620.2 	678.6 	663.4 	699.9 	1045.2 	1056.3 	783.1 	734.6 	655.1 
A,MIO_EXP_VAL,SITC2_4,EXT_EU27_2020,LU	8.7 	9.3 	14.4 	23.4 	20.9 	21.4 	9.4 	4.4 	4.7 	9.1 	9.0 	31.8 	55.7 	35.1 	18.4 	7.7 	3.0 	6.0 	5.8 	6.6 	6.6 	2.9 	3.4 	1.7 
A,MIO_EXP_VAL,SITC2_4,EXT_EU27_2020,LV	323.2 	378.1 	373.5 	373.0 	356.3 	391.8 	262.8 	232.4 	386.2 	490.6 	545.4 	560.9 	654.9 	692.6 	671.4 	696.4 	826.4 	781.1 	793.0 	1577.3 	1483.0 	1155.5 	1116.0 	1080.9 
A,MIO_EXP_VAL,SITC2_4,EXT_EU27_2020,MT	2.0 	2.7 	2.1 	1.7 	2.6 	7.7 	7.9 	6.2 	8.3 	13.1 	12.2 	8.9 	9.9 	10.1 	9.0 	9.9 	10.2 	8.2 	9.4 	23.9 	24.3 	20.1 	22.7 	17.8 
A,MIO_EXP_VAL,SITC2_4,EXT_EU27_2020,NL	4032.6 	4005.8 	4389.7 	4957.0 	5876.3 	6534.6 	6625.2 	5950.5 	6947.6 	7950.3 	7982.5 	7202.6 	6971.4 	7013.2 	6979.5 	7761.7 	8147.4 	8243.4 	8203.9 	10526.2 	10526.4 	10377.0 	9355.0 	9759.8 
A,MIO_EXP_VAL,SITC2_4,EXT_EU27_2020,PL	176.7 	180.8 	271.0 	307.5 	291.9 	325.5 	465.6 	372.4 	552.6 	705.8 	896.2 	1054.4 	1055.7 	989.3 	1074.6 	1213.7 	1336.4 	1644.5 	1670.1 	2005.8 	2019.6 	1927.6 	2110.1 	1934.2 
A,MIO_EXP_VAL,SITC2_4,EXT_EU27_2020,PT	245.3 	215.9 	250.5 	339.8 	442.6 	467.0 	535.3 	501.5 	559.9 	753.9 	767.3 	867.2 	880.1 	913.3 	821.5 	971.5 	934.8 	1067.3 	1026.9 	1242.1 	1369.0 	1537.5 	1503.6 	1384.6 
A,MIO_EXP_VAL,SITC2_4,EXT_EU27_2020,RO	492.8 	588.8 	746.4 	728.5 	895.9 	1004.6 	1001.4 	939.2 	1398.7 	1653.8 	1431.9 	1552.2 	1438.1 	1032.6 	919.7 	964.7 	964.3 	988.9 	1000.3 	1526.6 	1499.0 	1353.7 	1253.8 	1629.1 
A,MIO_EXP_VAL,SITC2_4,EXT_EU27_2020,SE	2227.6 	2132.3 	2323.5 	2579.4 	2975.3 	3228.6 	3166.9 	2771.8 	3718.8 	4230.7 	4346.1 	4100.6 	4363.4 	3872.9 	3861.6 	4513.7 	4475.7 	5010.3 	5462.2 	7454.9 	7639.0 	6259.4 	5772.1 	6420.8 
A,MIO_EXP_VAL,SITC2_4,EXT_EU27_2020,SI	22.8 	20.1 	53.7 	119.8 	183.9 	223.1 	238.8 	251.2 	279.3 	305.8 	424.7 	418.5 	423.8 	468.5 	471.8 	446.2 	495.9 	493.9 	475.8 	507.8 	639.2 	630.3 	370.9 	375.3 
A,MIO_EXP_VAL,SITC2_4,EXT_EU27_2020,SK	39.1 	46.0 	52.3 	57.5 	69.8 	85.9 	97.1 	69.2 	102.6 	109.5 	101.2 	101.5 	106.3 	123.5 	91.3 	119.7 	158.3 	159.4 	139.2 	173.1 	136.4 	143.7 	174.9 	202.4 
A,MIO_EXP_VAL,SITC2_4,WORLD,AT	2660.7 	2750.6 	3026.4 	3017.1 	3379.9 	3970.1 	3926.4 	3173.9 	3963.0 	4353.7 	4147.6 	4207.4 	4101.6 	4198.2 	4452.9 	4824.7 	5245.9 	5121.8 	4667.3 	6425.6 	6993.8 	5015.1 	5151.2 	5613.1 
A,MIO_EXP_VAL,SITC2_4,WORLD,BE	5457.2 	5652.9 	6632.9 	7035.2 	8295.5 	8898.7 	9137.6 	7035.0 	9117.9 	10557.0 	10746.7 	10390.9 	10120.0 	9624.5 	9639.6 	10413.0 	11147.3 	10929.0 	10769.4 	13898.3 	16699.1 	15282.9 	14372.3 	14910.3 
A,MIO_EXP_VAL,SITC2_4,WORLD,BG	377.4 	407.2 	497.3 	631.9 	885.9 	944.8 	1068.1 	925.9 	1467.3 	2197.4 	1991.7 	2104.5 	1839.4 	1775.4 	1873.4 	2036.3 	2155.0 	2371.0 	2447.5 	3396.5 	4480.4 	3577.2 	3159.4 	3681.3 
A,MIO_EXP_VAL,SITC2_4,WORLD,CY	28.6 	26.8 	32.1 	36.6 	51.8 	57.7 	60.8 	49.4 	73.2 	98.4 	105.5 	83.4 	66.9 	60.2 	58.0 	70.9 	80.2 	68.9 	70.4 	110.1 	136.2 	120.1 	128.7 	133.3 
A,MIO_EXP_VAL,SITC2_4,WORLD,CZ	1169.8 	1238.4 	1512.2 	1638.7 	2004.8 	2406.6 	2743.0 	2307.6 	3221.5 	3506.0 	3815.1 	3647.6 	3635.0 	3641.7 	3547.9 	3902.7 	4010.8 	4100.8 	3867.7 	5577.4 	6258.3 	4923.3 	4992.7 	4992.5 
A,MIO_EXP_VAL,SITC2_4,WORLD,DE	10423.4 	10152.8 	12164.1 	14017.0 	17563.3 	20476.8 	20910.3 	15072.0 	21083.7 	24736.1 	24303.1 	22684.5 	22553.6 	22049.5 	21473.5 	23713.3 	23959.4 	23595.4 	23380.4 	31850.4 	35332.1 	29979.7 	29325.0 	30276.6 
A,MIO_EXP_VAL,SITC2_4,WORLD,DK	2264.5 	2406.2 	2495.8 	2590.2 	3182.7 	2990.8 	3220.4 	2641.5 	3497.5 	4080.6 	4318.5 	4472.3 	4002.1 	4242.6 	3829.8 	4265.8 	4112.4 	4106.1 	3813.5 	4754.9 	4890.7 	4556.5 	4647.9 	4372.7 
A,MIO_EXP_VAL,SITC2_4,WORLD,EE	468.0 	499.0 	525.1 	628.4 	724.1 	797.4 	806.8 	534.6 	846.7 	971.7 	987.6 	1051.2 	1054.9 	1018.5 	1071.3 	1281.9 	1411.4 	1320.0 	1259.0 	1776.7 	2038.7 	1707.3 	1635.6 	1661.9 
A,MIO_EXP_VAL,SITC2_4,WORLD,EL	896.4 	1069.9 	916.1 	1186.2 	1420.4 	1225.6 	1222.2 	1113.6 	1379.7 	1353.8 	1663.1 	1728.0 	1359.4 	1758.7 	1703.5 	1871.4 	2086.2 	1906.0 	1844.6 	2636.6 	3033.4 	3083.9 	2872.9 	2796.3 
A,MIO_EXP_VAL,SITC2_4,WORLD,ES	4600.2 	4344.9 	4828.7 	5262.2 	5746.7 	6337.8 	6727.8 	5653.1 	7501.1 	9200.2 	9615.4 	9591.6 	9885.4 	9666.9 	10087.6 	12514.9 	12869.5 	12441.1 	11395.0 	14996.1 	17972.2 	16150.5 	18549.1 	18101.8 
A,MIO_EXP_VAL,SITC2_4,WORLD,FI	3171.3 	3157.0 	3126.8 	3065.5 	3792.4 	3902.5 	3311.2 	2228.6 	3636.7 	4154.6 	4383.3 	4899.9 	4627.7 	4874.3 	4773.3 	5737.2 	6629.8 	6222.6 	5584.7 	8333.8 	9268.7 	7708.8 	7855.2 	7919.8 
A,MIO_EXP_VAL,SITC2_4,WORLD,FR	6759.7 	6942.1 	7895.8 	8067.9 	9956.1 	10475.3 	10978.7 	7862.4 	11022.7 	13467.3 	12799.3 	11894.7 	11710.6 	11226.8 	11054.7 	12351.5 	12467.4 	12034.9 	11155.4 	15459.5 	18068.8 	15981.0 	16357.7 	16385.7 
A,MIO_EXP_VAL,SITC2_4,WORLD,HR	303.5 	320.8 	371.4 	407.7 	499.5 	590.9 	607.1 	477.2 	622.0 	767.6 	777.4 	805.4 	853.4 	924.3 	968.0 	1131.2 	1164.4 	1185.8 	1182.8 	1570.8 	1945.8 	1554.5 	1604.3 	1650.4 
A,MIO_EXP_VAL,SITC2_4,WORLD,HU	722.1 	777.5 	970.8 	1067.7 	1138.2 	1317.3 	1672.8 	1354.4 	1778.3 	2489.9 	2761.9 	2530.7 	2268.9 	2097.5 	2100.6 	2401.5 	2406.0 	2550.7 	2370.7 	3228.7 	3965.9 	3409.8 	3289.3 	3256.8 
A,MIO_EXP_VAL,SITC2_4,WORLD,IE	1061.7 	1115.3 	1176.1 	1303.7 	1731.3 	1687.9 	1385.8 	992.5 	1471.8 	1818.7 	1787.9 	1783.9 	1856.0 	1827.8 	1607.6 	1906.0 	1986.4 	1738.6 	1507.4 	2214.0 	2402.2 	1778.3 	2016.3 	2202.9 
A,MIO_EXP_VAL,SITC2_4,WORLD,IT	3813.3 	3689.8 	4521.6 	4896.2 	5647.0 	5803.4 	5917.4 	4887.2 	6230.8 	6965.3 	7059.0 	6849.1 	6851.4 	7174.3 	7307.1 	7882.0 	7897.1 	7786.0 	7513.8 	10007.2 	11807.3 	11244.3 	12149.3 	11749.2 
A,MIO_EXP_VAL,SITC2_4,WORLD,LT	360.8 	386.1 	457.8 	519.5 	546.7 	728.1 	710.0 	507.2 	721.9 	948.3 	1113.2 	1161.2 	1212.2 	1267.0 	1178.8 	1381.2 	1570.4 	1662.4 	1844.4 	2496.5 	2954.5 	2126.7 	2061.7 	1997.9 
A,MIO_EXP_VAL,SITC2_4,WORLD,LU	170.0 	164.2 	193.2 	201.2 	222.2 	215.7 	223.9 	148.0 	139.2 	173.2 	197.1 	328.6 	294.3 	282.7 	275.0 	305.7 	273.8 	253.2 	265.6 	282.3 	278.8 	244.5 	199.3 	208.4 
A,MIO_EXP_VAL,SITC2_4,WORLD,LV	647.3 	724.5 	770.2 	878.3 	940.5 	1137.7 	1003.7 	765.6 	1188.0 	1454.2 	1523.2 	1527.2 	1562.6 	1537.8 	1495.4 	1610.9 	1905.3 	1956.2 	1964.0 	2851.7 	3381.1 	2691.1 	2706.8 	2549.2 
A,MIO_EXP_VAL,SITC2_4,WORLD,MT	5.6 	5.9 	7.5 	6.4 	9.4 	14.2 	13.0 	9.6 	13.7 	19.5 	20.0 	15.3 	16.1 	15.9 	12.4 	13.4 	13.3 	10.0 	10.6 	25.8 	32.6 	28.6 	27.9 	24.1 
A,MIO_EXP_VAL,SITC2_4,WORLD,NL	15021.1 	15195.5 	17561.1 	18951.3 	21468.7 	23792.1 	25576.6 	20734.3 	26307.7 	29811.2 	29593.3 	28107.6 	26998.0 	26974.6 	26386.4 	29827.3 	30242.4 	30522.4 	30232.0 	39374.3 	43325.3 	39348.2 	38430.5 	40141.9 
A,MIO_EXP_VAL,SITC2_4,WORLD,PL	1084.4 	1241.7 	1599.9 	1716.7 	2170.3 	2566.2 	2824.7 	2050.7 	3040.8 	3470.6 	3738.8 	4308.4 	4522.9 	4583.6 	4394.7 	4824.8 	5436.9 	5695.2 	5623.4 	7528.1 	8950.6 	7918.5 	7934.8 	7607.4 
A,MIO_EXP_VAL,SITC2_4,WORLD,PT	1068.0 	1068.4 	1185.9 	1612.6 	2094.4 	2267.9 	2202.7 	1704.8 	2371.6 	2598.3 	2549.9 	2614.0 	2521.9 	2632.8 	2512.0 	2912.1 	3223.0 	3141.9 	2944.9 	4029.6 	4814.9 	4598.5 	5213.9 	4638.0 
A,MIO_EXP_VAL,SITC2_4,WORLD,RO	803.6 	982.2 	1205.5 	1135.2 	1521.1 	1636.1 	2030.1 	1743.2 	2576.3 	3244.5 	2691.6 	3130.1 	2855.1 	2504.9 	2499.7 	2748.3 	2764.1 	2628.0 	2454.7 	3843.3 	4799.1 	4208.2 	3557.0 	4436.5 
A,MIO_EXP_VAL,SITC2_4,WORLD,SE	5221.5 	5143.9 	5548.9 	6048.7 	7062.4 	7782.1 	7619.0 	5905.2 	8273.0 	9104.6 	9169.0 	8522.4 	8744.4 	7986.7 	7852.9 	9141.4 	9591.2 	9762.0 	10077.0 	14149.6 	14600.2 	12179.9 	11760.8 	12558.1 
A,MIO_EXP_VAL,SITC2_4,WORLD,SI	199.5 	200.7 	286.3 	457.3 	640.9 	715.5 	763.0 	627.3 	946.5 	1103.7 	1202.6 	1155.6 	1231.5 	1278.1 	1299.7 	1414.5 	1522.9 	1418.6 	1267.5 	1636.1 	2046.6 	1855.1 	1680.3 	1835.4 
A,MIO_EXP_VAL,SITC2_4,WORLD,SK	485.6 	503.5 	680.0 	811.4 	873.9 	995.1 	1320.8 	1043.8 	1476.2 	1693.5 	2038.3 	1768.4 	1421.7 	1351.9 	1283.9 	1435.6 	1603.2 	1485.5 	1488.5 	2080.9 	2582.3 	2022.8 	2021.3 	2097.1 
A,MIO_EXP_VAL,SITC3,EU27_2020,AT	1509.2 	1842.0 	2760.0 	4136.0 	2275.8 	3039.9 	3935.6 	2868.6 	3372.2 	3975.2 	4077.9 	2911.5 	2715.2 	2164.0 	1921.6 	2368.5 	2806.2 	3154.8 	2522.1 	3716.8 	6309.3 	6168.9 	5010.4 	4173.6 
A,MIO_EXP_VAL,SITC3,EU27_2020,BE	6927.9 	8792.9 	10574.9 	14438.1 	16980.8 	15289.1 	21366.0 	14273.7 	19015.4 	24961.0 	26651.5 	27679.0 	24272.9 	18116.9 	15400.4 	19263.7 	22867.3 	20276.3 	14019.6 	29622.4 	81534.6 	43783.8 	36361.5 	35034.3 
A,MIO_EXP_VAL,SITC3,EU27_2020,BG	203.2 	144.9 	142.3 	308.1 	475.8 	609.3 	668.8 	502.3 	532.2 	650.7 	786.3 	751.1 	621.2 	684.9 	585.4 	686.1 	945.9 	892.8 	510.1 	1010.7 	1762.3 	912.3 	2072.0 	1777.7 
A,MIO_EXP_VAL,SITC3,EU27_2020,CY	1.0 	0.1 	34.0 	132.8 	152.0 	125.1 	174.5 	98.9 	117.3 	177.0 	196.9 	177.5 	163.3 	134.1 	138.8 	179.5 	167.3 	164.6 	70.9 	82.7 	204.2 	166.1 	199.9 	178.6 
A,MIO_EXP_VAL,SITC3,EU27_2020,CZ	1107.6 	1192.2 	1544.6 	1876.9 	2136.7 	2358.0 	3265.3 	2739.2 	3477.7 	4083.9 	4408.4 	3562.2 	3411.8 	4000.0 	2606.8 	2635.7 	3143.7 	2908.7 	1944.8 	3963.5 	8087.7 	4475.5 	3900.4 	4505.3 
A,MIO_EXP_VAL,SITC3,EU27_2020,DE	6141.6 	7524.0 	10530.7 	12401.1 	16447.1 	16296.9 	19222.1 	12476.1 	15310.0 	20754.7 	20884.5 	21690.7 	21708.2 	21613.5 	16688.7 	18624.0 	23602.2 	26042.2 	19436.1 	22825.0 	48404.4 	27387.8 	26365.3 	24446.8 
A,MIO_EXP_VAL,SITC3,EU27_2020,DK	2768.5 	3469.9 	4655.9 	6052.2 	6419.0 	6157.1 	7491.8 	4270.1 	5237.2 	5288.6 	5791.8 	5793.5 	4184.5 	3968.5 	3129.7 	3546.1 	3631.7 	3724.9 	1616.8 	3944.3 	8046.0 	4351.8 	4280.7 	4774.7 
A,MIO_EXP_VAL,SITC3,EU27_2020,EE	65.9 	74.3 	119.9 	181.6 	226.8 	286.8 	389.9 	428.9 	598.1 	871.0 	862.4 	811.7 	821.4 	628.5 	526.7 	624.0 	889.4 	989.7 	733.4 	1795.4 	3002.9 	1376.5 	803.2 	759.8 
A,MIO_EXP_VAL,SITC3,EU27_2020,EL	229.4 	211.0 	138.0 	240.9 	664.7 	872.0 	1640.4 	1040.6 	1147.9 	1311.9 	1663.6 	2123.8 	2153.6 	1912.0 	1613.2 	1995.3 	2578.6 	2943.5 	2007.0 	2624.9 	8226.0 	6227.3 	4819.7 	4050.1 
A,MIO_EXP_VAL,SITC3,EU27_2020,ES	2061.2 	2486.5 	3083.1 	3588.8 	3436.1 	3079.5 	4898.4 	2952.1 	4439.4 	4981.0 	9261.0 	8378.0 	9627.3 	7572.1 	6519.7 	9809.7 	11582.7 	10536.1 	6287.3 	9839.8 	22532.8 	18092.3 	17037.8 	13943.3 
A,MIO_EXP_VAL,SITC3,EU27_2020,EU27_2020	54106.0 	60960.0 	75178.6 	103436.7 	120433.1 	118702.0 	160894.1 	104234.6 	136309.4 	176683.2 	201893.4 	193617.9 	178713.5 	144729.7 	119825.4 	145334.3 	172509.4 	168526.0 	111677.5 	189193.4 	427548.1 	293472.6 	252398.6 	231322.5 
A,MIO_EXP_VAL,SITC3,EU27_2020,FI	1107.1 	1228.5 	1423.0 	1640.8 	2086.4 	2448.1 	3140.4 	1909.0 	3151.5 	4219.1 	4380.6 	4843.6 	4107.6 	2819.8 	2933.0 	3490.5 	4134.2 	4505.1 	3398.6 	3803.4 	6371.3 	5770.4 	4464.1 	5349.2 
A,MIO_EXP_VAL,SITC3,EU27_2020,FR	4176.0 	4591.2 	5134.8 	8041.0 	9494.0 	8863.5 	11744.7 	7063.2 	8101.2 	11323.9 	10832.8 	9823.2 	10527.5 	8014.9 	5725.3 	7728.8 	9696.2 	9436.8 	5426.8 	9884.4 	23331.5 	20687.6 	17039.1 	13950.0 
A,MIO_EXP_VAL,SITC3,EU27_2020,HR	211.7 	217.0 	261.1 	356.3 	538.0 	368.7 	386.6 	440.1 	414.4 	415.4 	486.1 	703.5 	786.1 	714.2 	601.5 	596.9 	722.7 	627.4 	795.2 	1297.0 	2876.8 	1495.5 	1664.9 	1545.8 
A,MIO_EXP_VAL,SITC3,EU27_2020,HU	472.7 	512.2 	700.3 	1126.1 	1194.7 	1495.5 	2001.7 	1195.2 	1621.6 	2273.7 	2619.7 	2156.7 	1976.1 	1413.7 	1195.7 	1916.9 	3096.9 	2364.5 	1634.9 	2954.8 	5617.4 	2605.6 	2757.1 	3286.2 
A,MIO_EXP_VAL,SITC3,EU27_2020,IE	31.0 	14.6 	93.0 	84.8 	52.4 	52.5 	219.4 	118.2 	297.1 	385.0 	458.8 	84.6 	84.1 	100.9 	122.2 	257.5 	264.8 	170.2 	192.4 	185.2 	354.0 	354.1 	300.7 	319.7 
A,MIO_EXP_VAL,SITC3,EU27_2020,IT	2465.2 	3174.0 	3323.0 	4676.4 	5663.8 	6904.1 	8288.5 	5018.1 	7299.9 	8152.5 	8691.8 	6094.6 	5188.4 	4665.9 	4813.5 	6134.1 	7427.0 	7811.7 	4388.5 	7576.8 	16175.7 	11842.1 	9286.9 	8190.1 
A,MIO_EXP_VAL,SITC3,EU27_2020,LT	434.7 	413.8 	1136.7 	1544.6 	1608.6 	1080.0 	2468.5 	1643.4 	2161.4 	3535.4 	3714.6 	3231.8 	2527.6 	2117.6 	1518.2 	1876.9 	2031.9 	2001.3 	1057.2 	1727.5 	5242.7 	3731.0 	3478.8 	3370.2 
A,MIO_EXP_VAL,SITC3,EU27_2020,LU	53.9 	41.6 	59.1 	76.9 	81.1 	89.2 	101.3 	111.1 	99.0 	95.7 	96.2 	94.4 	87.6 	54.6 	7.1 	10.0 	12.8 	12.4 	9.5 	21.9 	35.1 	22.8 	17.1 	18.4 
A,MIO_EXP_VAL,SITC3,EU27_2020,LV	31.3 	30.2 	106.8 	276.8 	159.7 	146.3 	163.2 	218.1 	282.5 	508.6 	575.4 	699.0 	846.6 	712.4 	538.0 	532.5 	598.4 	519.3 	411.0 	1023.4 	2379.4 	1240.5 	1005.0 	1042.2 
A,MIO_EXP_VAL,SITC3,EU27_2020,MT	0.1 	4.1 	1.4 	1.5 	3.1 	19.9 	8.9 	70.4 	147.8 	310.7 	304.9 	303.2 	189.1 	173.8 	237.2 	375.5 	381.5 	331.1 	78.9 	142.0 	152.1 	171.9 	348.0 	279.1 
A,MIO_EXP_VAL,SITC3,EU27_2020,NL	18790.8 	19640.1 	21498.5 	31732.2 	39022.6 	38305.5 	55453.2 	35707.9 	46429.7 	61393.1 	75852.2 	71952.4 	63990.1 	47395.5 	39279.2 	46182.6 	53134.6 	52230.4 	33669.2 	61882.4 	139149.0 	104161.7 	84566.8 	77236.0 
A,MIO_EXP_VAL,SITC3,EU27_2020,PL	1846.8 	1823.3 	2899.8 	3239.2 	3286.3 	3350.6 	4071.9 	2494.2 	4126.1 	5327.0 	5647.3 	5541.3 	5293.1 	4671.6 	3798.1 	4213.1 	4830.9 	4364.0 	2899.6 	4943.6 	10200.2 	8145.1 	6459.9 	5153.4 
A,MIO_EXP_VAL,SITC3,EU27_2020,PT	178.8 	210.6 	341.2 	590.0 	753.5 	566.6 	735.7 	586.7 	885.8 	1277.3 	1558.4 	2418.6 	2192.7 	2052.2 	1567.4 	1995.4 	2051.7 	1939.7 	1228.6 	1869.8 	3014.9 	2099.6 	2421.0 	1711.3 
A,MIO_EXP_VAL,SITC3,EU27_2020,RO	663.9 	475.8 	686.9 	1118.8 	870.6 	830.9 	1069.0 	631.5 	806.7 	776.2 	703.4 	817.5 	1058.6 	1001.8 	914.2 	1149.3 	1200.4 	1098.8 	675.4 	1352.1 	3582.7 	2488.3 	2337.5 	2333.7 
A,MIO_EXP_VAL,SITC3,EU27_2020,SE	1667.5 	1756.2 	2305.6 	3605.7 	4019.1 	3719.2 	4994.8 	3090.9 	3950.4 	5022.7 	6559.3 	6187.1 	6032.8 	4525.9 	4615.0 	5613.6 	6968.1 	5707.1 	4075.8 	6952.2 	12248.0 	9370.4 	8997.6 	7873.3 
A,MIO_EXP_VAL,SITC3,EU27_2020,SI	42.1 	101.7 	183.8 	249.9 	466.9 	376.6 	588.0 	478.6 	730.5 	1156.2 	1295.7 	1373.6 	1352.3 	1217.0 	1039.3 	1275.7 	1526.5 	1689.3 	940.7 	1558.1 	4087.8 	2903.5 	2685.0 	2448.4 
A,MIO_EXP_VAL,SITC3,EU27_2020,SK	916.8 	987.3 	1440.1 	1719.2 	1917.4 	1971.2 	2405.6 	1807.3 	2556.6 	3455.7 	3532.1 	3413.8 	2793.6 	2283.6 	1789.4 	2252.4 	2215.8 	2083.3 	1646.9 	2593.3 	4619.0 	3440.1 	3718.1 	3571.5 
A,MIO_EXP_VAL,SITC3,EXT_EU27_2020,AT	361.4 	197.1 	173.0 	270.1 	194.1 	170.3 	215.5 	167.7 	225.6 	263.6 	576.3 	570.6 	468.9 	507.5 	375.8 	433.8 	478.5 	435.6 	302.2 	446.2 	1313.4 	1372.5 	698.3 	755.3 
A,MIO_EXP_VAL,SITC3,EXT_EU27_2020,BE	3009.3 	3296.5 	3540.5 	4269.9 	6314.5 	6808.3 	8607.8 	5810.6 	8346.4 	12041.8 	13266.8 	17571.0 	16144.8 	11759.9 	9503.5 	12548.8 	14573.3 	12598.8 	7930.2 	13963.7 	26475.2 	21031.2 	19606.2 	13108.0 
A,MIO_EXP_VAL,SITC3,EXT_EU27_2020,BG	160.9 	242.6 	496.0 	674.3 	1119.8 	1386.0 	1831.2 	1009.5 	1570.0 	2137.0 	2663.3 	2598.6 	2185.9 	1694.7 	1496.0 	1953.5 	1461.8 	1862.1 	751.6 	928.2 	3692.3 	2542.8 	2222.0 	1343.8 
A,MIO_EXP_VAL,SITC3,EXT_EU27_2020,CY	13.0 	12.4 	20.3 	61.2 	53.3 	43.3 	56.0 	36.0 	44.9 	72.9 	64.0 	68.6 	71.0 	266.0 	331.1 	457.5 	846.3 	485.9 	362.9 	546.9 	797.5 	1383.9 	1395.9 	2540.5 
A,MIO_EXP_VAL,SITC3,EXT_EU27_2020,CZ	60.4 	45.7 	42.8 	51.3 	64.6 	80.3 	124.7 	197.7 	241.6 	371.3 	314.1 	169.3 	175.8 	269.4 	242.2 	318.1 	377.7 	373.2 	162.3 	466.2 	250.7 	281.5 	232.2 	265.2 
A,MIO_EXP_VAL,SITC3,EXT_EU27_2020,DE	3161.5 	3172.4 	3646.3 	4930.3 	6669.1 	6793.4 	7278.2 	4902.1 	5074.3 	6369.4 	11005.0 	9054.9 	8173.8 	7476.8 	6396.4 	7304.5 	8133.0 	7655.0 	4794.4 	7821.8 	14615.7 	9600.5 	9776.0 	8939.5 
A,MIO_EXP_VAL,SITC3,EXT_EU27_2020,DK	933.9 	916.3 	672.0 	1070.0 	1923.5 	1711.9 	2005.2 	1850.3 	1716.0 	2802.2 	3467.7 	2768.8 	2220.3 	1183.3 	867.2 	995.3 	1415.6 	1460.1 	1018.2 	1622.8 	2631.0 	2026.8 	1845.0 	2190.8 
A,MIO_EXP_VAL,SITC3,EXT_EU27_2020,EE	16.8 	23.2 	84.3 	279.6 	1017.6 	715.1 	636.4 	644.5 	757.5 	1155.2 	976.9 	432.2 	480.2 	424.1 	388.1 	613.8 	1248.0 	696.7 	826.6 	1265.4 	1390.8 	417.6 	561.6 	809.9 
A,MIO_EXP_VAL,SITC3,EXT_EU27_2020,EL	702.1 	553.5 	773.9 	1157.0 	1518.7 	2399.1 	2935.9 	2494.7 	4273.3 	6087.9 	8985.8 	8473.6 	8103.6 	5635.0 	5283.5 	6984.2 	8906.0 	7724.8 	4724.6 	8640.0 	12770.8 	10251.9 	10092.1 	8655.0 
A,MIO_EXP_VAL,SITC3,EXT_EU27_2020,ES	1866.5 	2213.5 	2953.2 	3755.6 	5397.9 	7084.4 	9324.8 	6236.2 	8150.6 	11505.4 	13777.8 	14406.7 	14768.1 	9410.1 	7275.1 	10081.8 	11572.5 	10429.9 	6043.7 	9733.6 	16027.3 	13968.2 	13093.0 	10869.1 
A,MIO_EXP_VAL,SITC3,EXT_EU27_2020,EU27_2020	24064.9 	25067.9 	30641.6 	43772.3 	60364.0 	68120.3 	86442.7 	57914.1 	78139.5 	102551.9 	129698.2 	125801.5 	113013.2 	88186.6 	75790.6 	99057.6 	113063.8 	103466.5 	64077.8 	104512.8 	180968.4 	142215.1 	131498.0 	116664.3 
A,MIO_EXP_VAL,SITC3,EXT_EU27_2020,FI	500.5 	601.8 	665.9 	723.0 	1209.7 	1174.3 	1468.2 	1039.8 	1118.7 	1610.7 	2197.6 	2352.6 	2245.8 	1069.9 	1255.6 	1568.1 	1716.4 	1680.1 	897.5 	1305.1 	2373.6 	1680.6 	1157.7 	943.5 
A,MIO_EXP_VAL,SITC3,EXT_EU27_2020,FR	3571.8 	3840.7 	4514.8 	6370.7 	6779.5 	8245.2 	11282.3 	6534.9 	7370.1 	9210.2 	10474.7 	8828.9 	7663.4 	6682.3 	5454.9 	6455.8 	7788.3 	6267.2 	3337.1 	6938.7 	10366.0 	10455.1 	9210.4 	9098.9 
A,MIO_EXP_VAL,SITC3,EXT_EU27_2020,HR	269.6 	310.2 	469.9 	628.2 	710.9 	796.3 	835.5 	524.6 	698.7 	739.3 	834.0 	666.4 	655.7 	579.5 	576.3 	911.7 	850.6 	865.3 	553.7 	900.9 	1897.3 	1283.9 	1563.7 	1585.8 
A,MIO_EXP_VAL,SITC3,EXT_EU27_2020,HU	94.6 	102.9 	146.7 	241.3 	271.4 	508.8 	747.3 	327.3 	408.9 	628.4 	664.8 	778.7 	863.0 	682.9 	536.1 	1154.1 	1535.8 	1411.3 	1043.4 	1709.7 	2664.4 	2195.3 	2102.8 	2803.7 
A,MIO_EXP_VAL,SITC3,EXT_EU27_2020,IE	330.9 	185.5 	306.5 	514.6 	509.9 	634.0 	612.7 	476.7 	597.9 	868.5 	1387.9 	1036.6 	1151.6 	967.3 	693.2 	956.5 	972.9 	903.9 	645.6 	833.6 	1749.1 	1015.7 	773.8 	483.7 
A,MIO_EXP_VAL,SITC3,EXT_EU27_2020,IT	2350.4 	2607.0 	3488.5 	5897.2 	6540.7 	7547.7 	10167.2 	6009.1 	9110.6 	11136.9 	14670.1 	12685.2 	10680.9 	9455.0 	6641.9 	9054.4 	9862.4 	8385.1 	5386.0 	8981.4 	16658.7 	13084.0 	12277.2 	11259.4 
A,MIO_EXP_VAL,SITC3,EXT_EU27_2020,LT	661.3 	832.8 	733.6 	1024.5 	1059.4 	600.4 	1498.4 	876.0 	1510.9 	1605.7 	1976.2 	2481.9 	1807.7 	1664.1 	1656.6 	2043.7 	2227.1 	2011.0 	991.8 	1758.7 	2387.8 	2270.8 	1833.3 	1793.9 
A,MIO_EXP_VAL,SITC3,EXT_EU27_2020,LU	0.3 	0.0 	0.3 	1.3 	0.6 	0.5 	0.2 	0.1 	0.1 	0.1 	0.2 	0.2 	0.3 	0.3 	0.2 	0.3 	0.2 	0.4 	0.2 	0.6 	0.5 	0.5 	0.3 	0.1 
A,MIO_EXP_VAL,SITC3,EXT_EU27_2020,LV	5.0 	5.3 	55.1 	96.5 	90.9 	77.3 	82.3 	61.9 	90.8 	229.6 	245.1 	134.7 	77.5 	86.3 	70.5 	87.9 	88.6 	118.1 	98.0 	132.7 	339.9 	239.5 	347.0 	691.3 
A,MIO_EXP_VAL,SITC3,EXT_EU27_2020,MT	2.0 	2.9 	0.6 	0.9 	6.7 	267.8 	336.8 	349.3 	494.2 	676.2 	640.5 	224.9 	3.3 	137.4 	1.2 	58.4 	32.7 	52.8 	0.2 	47.5 	0.2 	0.5 	4.4 	13.7 
A,MIO_EXP_VAL,SITC3,EXT_EU27_2020,NL	3861.1 	3471.8 	4536.7 	7067.2 	12362.3 	14835.2 	17143.7 	12679.3 	17657.8 	22128.6 	28664.3 	29618.9 	24327.2 	19563.7 	19765.5 	26436.3 	29568.9 	28983.9 	18240.0 	26285.7 	41227.0 	31905.8 	27968.8 	24181.0 
A,MIO_EXP_VAL,SITC3,EXT_EU27_2020,PL	316.5 	231.8 	403.9 	560.9 	682.0 	548.8 	860.9 	518.6 	828.0 	1306.4 	1517.0 	1797.1 	1581.0 	1212.7 	808.6 	933.9 	1016.7 	896.5 	717.9 	1152.0 	3164.6 	3060.1 	3024.6 	2908.6 
A,MIO_EXP_VAL,SITC3,EXT_EU27_2020,PT	359.0 	464.2 	513.4 	676.0 	1133.5 	1158.0 	1421.7 	953.6 	1503.1 	1792.8 	2202.1 	2504.1 	1824.1 	1803.0 	1605.5 	1997.6 	1957.7 	1768.8 	1268.6 	1831.9 	3685.0 	2997.4 	3177.9 	2427.0 
A,MIO_EXP_VAL,SITC3,EXT_EU27_2020,RO	496.1 	546.8 	595.2 	1259.1 	1726.5 	1404.2 	1990.2 	1103.9 	1171.8 	1822.2 	1928.9 	1910.9 	2277.6 	1577.8 	1290.9 	1376.1 	1741.2 	1694.0 	903.0 	1263.4 	3834.7 	2764.2 	2490.8 	3396.4 
A,MIO_EXP_VAL,SITC3,EXT_EU27_2020,SE	876.5 	1123.7 	1767.7 	2082.0 	2936.7 	3054.4 	4880.2 	3035.1 	5028.6 	5696.1 	6945.9 	4487.2 	4817.9 	3780.2 	2976.6 	3803.2 	4234.2 	4095.9 	2529.0 	4835.3 	8166.9 	5415.7 	4838.9 	4292.2 
A,MIO_EXP_VAL,SITC3,EXT_EU27_2020,SI	75.9 	50.9 	27.0 	79.2 	39.1 	52.6 	64.8 	50.5 	70.8 	135.3 	83.9 	60.2 	134.0 	169.0 	208.8 	369.0 	349.7 	411.7 	375.0 	856.1 	1771.7 	606.4 	670.7 	861.3 
A,MIO_EXP_VAL,SITC3,EXT_EU27_2020,SK	7.5 	16.2 	13.3 	30.4 	31.2 	22.7 	34.8 	24.0 	78.3 	158.1 	167.4 	118.6 	109.7 	128.5 	89.5 	159.5 	107.8 	198.3 	174.1 	244.7 	716.5 	362.6 	533.4 	446.7 
A,MIO_EXP_VAL,SITC3,WORLD,AT	1870.6 	2039.1 	2933.0 	4406.1 	2469.9 	3210.2 	4151.1 	3036.3 	3597.8 	4238.8 	4654.1 	3482.1 	3184.2 	2671.5 	2297.4 	2802.3 	3284.7 	3590.4 	2824.3 	4163.0 	7622.6 	7541.4 	5708.7 	4928.9 
A,MIO_EXP_VAL,SITC3,WORLD,BE	9937.2 	12089.3 	14115.4 	18708.0 	23295.3 	22097.3 	29973.8 	20084.3 	27361.8 	37002.8 	39918.3 	45249.9 	40417.7 	29876.8 	24903.9 	31812.6 	37440.6 	32875.2 	21949.8 	43586.1 	108009.8 	64815.0 	55967.7 	48142.2 
A,MIO_EXP_VAL,SITC3,WORLD,BG	364.2 	387.5 	638.3 	982.4 	1595.5 	1995.3 	2500.0 	1511.8 	2102.2 	2787.7 	3449.6 	3349.8 	2807.1 	2379.6 	2081.4 	2639.6 	2407.7 	2755.0 	1261.8 	1938.9 	5454.6 	3455.1 	4294.0 	3121.5 
A,MIO_EXP_VAL,SITC3,WORLD,CY	14.0 	12.5 	54.3 	193.9 	205.3 	168.4 	230.5 	134.9 	162.2 	249.8 	260.9 	246.1 	234.2 	400.2 	469.9 	637.0 	1013.5 	650.6 	433.8 	629.6 	1001.7 	1550.0 	1595.8 	2719.1 
A,MIO_EXP_VAL,SITC3,WORLD,CZ	1168.0 	1237.9 	1587.5 	1928.1 	2201.3 	2438.3 	3390.1 	2936.9 	3719.3 	4455.2 	4722.5 	3731.5 	3587.5 	4269.4 	2849.0 	2953.7 	3521.4 	3281.9 	2107.1 	4429.7 	8338.4 	4757.1 	4132.6 	4770.4 
A,MIO_EXP_VAL,SITC3,WORLD,DE	9303.1 	10696.4 	14177.0 	17331.4 	23116.2 	23090.3 	26500.3 	17378.2 	20384.3 	27124.1 	31889.5 	30745.6 	29882.0 	29090.3 	23085.1 	25928.5 	31735.1 	33697.3 	24230.6 	30646.8 	63020.1 	36988.3 	36141.4 	33386.3 
A,MIO_EXP_VAL,SITC3,WORLD,DK	3702.4 	4386.3 	5327.9 	7122.2 	8342.4 	7869.0 	9497.0 	6120.4 	6953.2 	8090.8 	9259.6 	8562.3 	6404.8 	5151.7 	3996.8 	4541.4 	5047.3 	5185.0 	2635.0 	5567.1 	10677.0 	6378.5 	6125.7 	6965.5 
A,MIO_EXP_VAL,SITC3,WORLD,EE	82.7 	97.5 	204.2 	461.2 	1244.4 	1001.9 	1026.2 	1073.4 	1355.6 	2026.3 	1839.2 	1243.9 	1301.6 	1052.6 	914.8 	1237.8 	2137.4 	1686.3 	1560.1 	3060.7 	4393.7 	1794.1 	1364.8 	1569.7 
A,MIO_EXP_VAL,SITC3,WORLD,EL	931.5 	764.5 	911.9 	1397.9 	2183.4 	3271.0 	4576.2 	3535.3 	5421.3 	7399.8 	10649.4 	10597.4 	10257.2 	7547.0 	6896.7 	8979.5 	11484.6 	10668.3 	6731.6 	11264.9 	20996.9 	16479.2 	14911.8 	12705.1 
A,MIO_EXP_VAL,SITC3,WORLD,ES	3927.8 	4700.0 	6036.4 	7344.4 	8834.1 	10163.9 	14223.3 	9188.3 	12590.0 	16486.3 	23038.7 	22784.7 	24395.4 	16982.2 	13794.7 	19891.5 	23155.2 	20966.0 	12331.0 	19573.4 	38560.1 	32060.6 	30130.8 	24812.4 
A,MIO_EXP_VAL,SITC3,WORLD,FI	1607.6 	1830.3 	2088.9 	2363.8 	3296.1 	3622.4 	4608.5 	2948.8 	4270.2 	5829.8 	6578.3 	7196.2 	6353.5 	3889.6 	4188.5 	5058.6 	5850.6 	6185.2 	4296.1 	5108.5 	8744.8 	7451.0 	5621.8 	6292.7 
A,MIO_EXP_VAL,SITC3,WORLD,FR	7747.8 	8431.9 	9649.6 	14411.7 	16273.4 	17108.8 	23026.9 	13598.1 	15471.2 	20534.1 	21307.5 	18652.1 	18191.0 	14697.2 	11180.2 	14184.6 	17484.5 	15704.0 	8764.0 	16823.1 	33697.5 	31142.7 	26249.5 	23048.9 
A,MIO_EXP_VAL,SITC3,WORLD,HR	481.3 	527.3 	731.0 	984.5 	1248.9 	1165.0 	1222.1 	964.6 	1113.1 	1154.7 	1320.1 	1369.9 	1441.8 	1293.6 	1177.8 	1508.6 	1573.3 	1492.7 	1348.9 	2198.0 	4774.1 	2779.4 	3228.6 	3131.6 
A,MIO_EXP_VAL,SITC3,WORLD,HU	567.3 	615.1 	846.9 	1367.4 	1466.1 	2004.4 	2749.0 	1522.6 	2030.5 	2902.1 	3284.6 	2935.4 	2839.1 	2096.6 	1731.8 	3071.0 	4632.7 	3775.8 	2678.3 	4664.4 	8281.8 	4800.9 	4859.8 	6089.9 
A,MIO_EXP_VAL,SITC3,WORLD,IE	361.9 	200.1 	399.5 	599.3 	562.3 	686.6 	832.1 	594.8 	895.0 	1253.5 	1846.7 	1121.2 	1235.7 	1068.1 	815.5 	1213.9 	1237.7 	1074.1 	838.0 	1018.9 	2103.1 	1369.7 	1074.5 	803.3 
A,MIO_EXP_VAL,SITC3,WORLD,IT	4815.7 	5781.1 	6811.6 	10573.6 	12204.5 	14451.8 	18455.7 	11027.2 	16410.5 	19289.4 	23362.0 	18779.8 	15869.3 	14120.9 	11455.4 	15188.5 	17289.4 	16196.8 	9774.5 	16558.2 	32834.4 	24926.1 	21564.1 	19449.5 
A,MIO_EXP_VAL,SITC3,WORLD,LT	1095.9 	1246.7 	1870.2 	2569.2 	2668.0 	1680.3 	3966.9 	2519.5 	3672.3 	5141.1 	5690.7 	5713.7 	4335.3 	3781.7 	3174.8 	3920.6 	4259.0 	4012.4 	2049.0 	3486.2 	7630.5 	6001.7 	5312.1 	5164.2 
A,MIO_EXP_VAL,SITC3,WORLD,LU	54.2 	41.6 	59.4 	78.2 	81.7 	89.6 	101.5 	111.2 	99.1 	95.8 	96.4 	94.6 	87.9 	54.8 	7.3 	10.3 	13.0 	12.7 	9.7 	22.6 	35.6 	23.3 	17.4 	18.5 
A,MIO_EXP_VAL,SITC3,WORLD,LV	36.3 	35.5 	161.9 	373.3 	250.6 	223.6 	245.5 	280.0 	373.3 	738.3 	820.4 	833.7 	924.1 	798.7 	608.5 	620.4 	686.9 	637.4 	509.0 	1156.0 	2719.3 	1480.1 	1352.0 	1733.5 
A,MIO_EXP_VAL,SITC3,WORLD,MT	2.1 	7.1 	2.0 	2.4 	9.8 	287.7 	345.6 	419.7 	641.9 	987.0 	945.4 	528.0 	192.4 	311.2 	238.4 	433.9 	414.2 	383.9 	79.2 	189.5 	152.3 	172.4 	352.4 	292.7 
A,MIO_EXP_VAL,SITC3,WORLD,NL	22652.0 	23111.9 	26035.3 	38799.4 	51385.0 	53140.7 	72596.9 	48387.2 	64087.5 	83521.6 	104516.5 	101571.3 	88317.3 	66959.2 	59044.8 	72618.9 	82703.6 	81214.3 	51909.2 	88168.0 	180376.1 	136067.5 	112535.6 	101417.0 
A,MIO_EXP_VAL,SITC3,WORLD,PL	2163.3 	2055.1 	3303.7 	3800.1 	3968.3 	3899.4 	4932.8 	3012.9 	4954.1 	6633.4 	7164.3 	7338.5 	6874.1 	5884.3 	4606.7 	5147.0 	5847.6 	5260.4 	3617.5 	6095.6 	13364.8 	11205.2 	9484.5 	8062.0 
A,MIO_EXP_VAL,SITC3,WORLD,PT	537.8 	674.8 	854.6 	1266.0 	1887.0 	1724.6 	2157.4 	1540.3 	2389.0 	3070.1 	3760.6 	4922.8 	4016.9 	3855.2 	3172.9 	3993.0 	4009.4 	3708.4 	2497.1 	3701.8 	6699.9 	5097.0 	5598.9 	4138.3 
A,MIO_EXP_VAL,SITC3,WORLD,RO	1160.1 	1022.6 	1282.1 	2377.9 	2597.1 	2235.1 	3059.2 	1735.4 	1978.5 	2598.4 	2632.2 	2728.4 	3336.3 	2579.5 	2205.1 	2525.5 	2941.6 	2792.8 	1578.4 	2615.6 	7417.4 	5252.6 	4828.3 	5730.1 
A,MIO_EXP_VAL,SITC3,WORLD,SE	2544.0 	2879.9 	4073.4 	5687.7 	6955.8 	6773.6 	9875.1 	6126.0 	8979.0 	10718.8 	13505.2 	10674.3 	10850.7 	8306.1 	7591.6 	9416.8 	11202.3 	9803.0 	6604.7 	11787.5 	20415.0 	14786.1 	13836.6 	12165.5 
A,MIO_EXP_VAL,SITC3,WORLD,SI	118.0 	152.6 	210.9 	329.1 	505.9 	429.2 	652.8 	529.1 	801.3 	1291.5 	1379.5 	1433.8 	1486.4 	1386.0 	1248.1 	1644.6 	1876.3 	2101.0 	1315.8 	2414.2 	5859.5 	3509.9 	3355.7 	3309.7 
A,MIO_EXP_VAL,SITC3,WORLD,SK	924.3 	1003.5 	1453.4 	1749.5 	1948.6 	1993.9 	2440.4 	1831.3 	2634.9 	3613.8 	3699.5 	3532.4 	2903.3 	2412.1 	1878.9 	2411.9 	2323.6 	2281.6 	1821.0 	2838.0 	5335.5 	3802.7 	4251.5 	4018.2 
A,MIO_EXP_VAL,SITC5,EU27_2020,AT	5000.7 	5321.1 	5493.3 	6111.5 	7266.0 	8030.4 	8563.5 	7621.8 	8825.4 	9774.9 	10335.5 	10557.5 	11380.6 	11403.0 	10654.0 	12953.3 	12951.4 	13902.0 	14552.0 	16942.3 	19522.3 	23517.3 	20107.6 	18774.0 
A,MIO_EXP_VAL,SITC5,EU27_2020,BE	39474.9 	39981.1 	44253.7 	50600.5 	54191.1 	59654.1 	62022.0 	56815.2 	62183.8 	63735.3 	61951.5 	64367.5 	63604.6 	65073.7 	64625.7 	65856.9 	75819.6 	74043.5 	72096.6 	99034.1 	118758.3 	94836.8 	93646.4 	93162.5 
A,MIO_EXP_VAL,SITC5,EU27_2020,BG	163.4 	166.8 	194.2 	252.5 	329.1 	437.8 	531.9 	374.5 	483.2 	713.9 	776.8 	892.0 	1015.2 	1244.8 	1536.3 	1648.8 	1731.6 	1907.3 	1970.9 	2649.6 	3646.6 	2842.1 	2506.6 	2675.0 
A,MIO_EXP_VAL,SITC5,EU27_2020,CY	38.2 	36.9 	45.8 	53.5 	57.0 	67.3 	76.0 	78.6 	135.6 	211.9 	201.6 	194.5 	160.9 	167.6 	177.2 	176.5 	228.1 	209.2 	247.5 	270.1 	280.3 	311.7 	343.1 	389.1 
A,MIO_EXP_VAL,SITC5,EU27_2020,CZ	1949.5 	2051.6 	2647.4 	3098.8 	3622.0 	4126.2 	4776.8 	4032.6 	4978.7 	5639.6 	5683.8 	5954.9 	6887.1 	6935.0 	7045.3 	7920.8 	8559.4 	9139.4 	9145.1 	11588.5 	13605.0 	12956.9 	13149.6 	13114.2 
A,MIO_EXP_VAL,SITC5,EU27_2020,DE	42915.6 	48792.9 	57555.9 	66192.9 	74945.6 	83758.7 	87788.5 	76006.4 	87373.7 	93030.5 	91293.1 	91891.1 	94154.2 	97059.3 	97810.1 	105553.5 	115068.7 	111425.5 	110399.3 	135572.0 	164575.1 	144711.6 	140421.1 	143120.4 
A,MIO_EXP_VAL,SITC5,EU27_2020,DK	4077.8 	4431.8 	4568.9 	5178.6 	5412.2 	5713.2 	5911.1 	5546.9 	5871.9 	6328.7 	6105.8 	6443.3 	6733.3 	6997.7 	7317.0 	7915.1 	8130.1 	8640.5 	9209.8 	9792.0 	10956.0 	11959.4 	13620.7 	14036.2 
A,MIO_EXP_VAL,SITC5,EU27_2020,EE	94.0 	123.9 	171.5 	209.1 	224.1 	268.8 	322.0 	263.2 	273.5 	348.2 	382.9 	475.3 	414.1 	414.6 	440.4 	546.0 	625.8 	647.5 	668.9 	838.0 	958.6 	838.8 	818.9 	900.1 
A,MIO_EXP_VAL,SITC5,EU27_2020,EL	697.6 	820.5 	983.7 	1296.5 	1427.2 	1619.3 	1571.4 	1491.1 	1663.2 	1636.4 	1622.2 	1675.2 	1741.5 	1757.0 	1795.8 	2021.4 	2329.3 	2776.8 	3375.0 	3915.9 	4147.0 	4085.0 	4110.6 	4375.7 
A,MIO_EXP_VAL,SITC5,EU27_2020,ES	8182.7 	8914.5 	9409.5 	10795.1 	12090.9 	14416.0 	14609.0 	13251.3 	16067.0 	16737.0 	17525.5 	17533.1 	17473.8 	18390.3 	18862.8 	20512.0 	21653.5 	21965.0 	21133.2 	31811.7 	46358.8 	35936.3 	35615.9 	35066.4 
A,MIO_EXP_VAL,SITC5,EU27_2020,EU27_2020	209686.3 	217386.8 	242225.8 	273349.1 	301522.3 	333209.6 	352869.2 	314395.5 	358726.1 	380416.5 	385446.8 	389283.3 	397699.2 	411805.5 	413651.2 	443310.5 	487001.7 	493886.3 	499554.0 	612899.6 	755336.3 	680591.1 	681886.0 	697635.5 
A,MIO_EXP_VAL,SITC5,EU27_2020,FI	1737.0 	1756.2 	1965.2 	2122.4 	2370.6 	2696.8 	2955.5 	2282.2 	2726.0 	3185.5 	3099.6 	3148.4 	3244.6 	3077.7 	3009.7 	3216.5 	3307.7 	3442.7 	3448.5 	4085.3 	5416.9 	4426.5 	4577.5 	4898.9 
A,MIO_EXP_VAL,SITC5,EU27_2020,FR	28466.2 	29944.8 	31571.9 	33516.1 	36636.5 	39117.1 	41505.4 	36816.3 	40213.3 	42790.7 	44672.5 	44798.0 	44534.6 	44295.4 	43351.6 	45976.7 	47342.1 	49536.0 	47458.3 	56300.6 	65507.8 	64437.1 	62305.3 	63344.7 
A,MIO_EXP_VAL,SITC5,EU27_2020,HR	332.0 	311.5 	368.3 	382.2 	392.6 	417.3 	466.4 	323.5 	465.2 	452.2 	389.2 	434.8 	508.3 	749.6 	838.3 	1012.6 	1150.2 	1251.1 	1253.0 	1450.1 	1664.6 	1633.1 	1775.3 	1982.7 
A,MIO_EXP_VAL,SITC5,EU27_2020,HU	1494.1 	1607.8 	2056.4 	2571.2 	3337.4 	3931.3 	4395.5 	3790.8 	4683.8 	5766.0 	5959.5 	6126.7 	6746.2 	7610.1 	7656.5 	8850.4 	9400.4 	9464.7 	9881.2 	11744.6 	13770.2 	13635.4 	15200.6 	14319.1 
A,MIO_EXP_VAL,SITC5,EU27_2020,IE	20175.2 	17401.1 	19597.4 	21806.9 	20504.4 	21334.3 	22511.6 	24944.5 	24837.3 	25284.9 	26329.0 	22670.6 	22593.6 	27398.9 	27640.2 	28152.8 	36612.4 	38168.7 	47308.6 	42508.1 	58996.7 	59891.3 	63120.2 	59337.6 
A,MIO_EXP_VAL,SITC5,EU27_2020,IT	16148.9 	15324.5 	16897.9 	19210.4 	21747.1 	23603.6 	23066.6 	19636.6 	23291.9 	25273.7 	26363.9 	28458.1 	31085.7 	30606.3 	31656.1 	33837.3 	35027.0 	38153.6 	38940.9 	45096.8 	55993.2 	50356.3 	52695.9 	60491.7 
A,MIO_EXP_VAL,SITC5,EU27_2020,LT	275.5 	348.5 	407.1 	520.3 	678.3 	1184.9 	1413.5 	1059.0 	1305.3 	1788.2 	1940.7 	1969.5 	2122.8 	2199.4 	2122.2 	2250.8 	2463.8 	2552.3 	2688.5 	3651.2 	4514.0 	3399.7 	3607.3 	3770.2 
A,MIO_EXP_VAL,SITC5,EU27_2020,LU	533.6 	571.6 	614.3 	609.3 	681.0 	749.7 	753.5 	702.0 	786.4 	869.1 	946.2 	1069.0 	1150.3 	1346.0 	1368.2 	1417.7 	1424.6 	1297.3 	1278.4 	1542.6 	1841.3 	1658.4 	1722.3 	1744.4 
A,MIO_EXP_VAL,SITC5,EU27_2020,LV	90.3 	96.5 	117.3 	148.3 	229.4 	326.0 	406.0 	315.6 	346.5 	470.4 	468.0 	481.1 	496.7 	537.7 	576.8 	656.0 	720.4 	790.0 	860.8 	1209.0 	1506.9 	1310.4 	1472.9 	1435.5 
A,MIO_EXP_VAL,SITC5,EU27_2020,MT	21.0 	12.2 	20.2 	45.0 	90.1 	125.0 	124.6 	121.2 	171.6 	164.5 	193.8 	213.3 	184.7 	152.6 	195.0 	237.2 	273.4 	315.0 	339.7 	370.2 	317.4 	293.9 	309.7 	460.7 
A,MIO_EXP_VAL,SITC5,EU27_2020,NL	27758.0 	28389.6 	31394.5 	34868.8 	38625.1 	42396.3 	48511.4 	41690.3 	50404.1 	51999.7 	54255.5 	53312.5 	53724.1 	55225.5 	54943.0 	59452.6 	68196.5 	68309.4 	66355.7 	86370.1 	106509.4 	95350.8 	96580.0 	101781.3 
A,MIO_EXP_VAL,SITC5,EU27_2020,PL	1871.0 	2092.4 	2410.9 	3005.2 	4071.1 	4794.3 	5815.4 	4836.9 	6692.9 	8091.0 	8500.7 	9382.8 	10318.4 	11106.1 	11789.0 	14011.1 	14244.9 	15285.6 	16216.8 	20495.7 	25333.0 	22753.8 	23710.0 	24920.8 
A,MIO_EXP_VAL,SITC5,EU27_2020,PT	1103.0 	1242.2 	1442.8 	1746.1 	1989.3 	2233.0 	2221.6 	1741.7 	2228.2 	2665.4 	2785.6 	3021.8 	2930.5 	2991.5 	3150.5 	3374.6 	3478.3 	3699.3 	3610.2 	4617.0 	5629.7 	4682.5 	5522.7 	7005.1 
A,MIO_EXP_VAL,SITC5,EU27_2020,RO	302.9 	338.5 	443.0 	499.5 	637.4 	903.7 	1101.2 	832.8 	1241.7 	1506.0 	1564.1 	1616.9 	1571.9 	1645.9 	1526.3 	1694.4 	1818.2 	1997.5 	1961.9 	2623.4 	3188.7 	2895.6 	3029.8 	3332.9 
A,MIO_EXP_VAL,SITC5,EU27_2020,SE	5059.1 	5596.3 	5594.4 	6118.1 	7063.9 	7857.8 	7694.8 	6650.8 	7542.6 	7314.2 	7487.3 	7477.4 	7590.1 	7831.7 	7842.0 	8044.3 	7996.9 	8362.9 	8675.5 	10685.4 	12924.8 	13290.4 	13069.3 	13815.4 
A,MIO_EXP_VAL,SITC5,EU27_2020,SI	791.5 	835.4 	969.5 	1128.8 	1366.2 	1635.8 	1785.8 	1669.9 	1977.0 	2172.7 	2299.0 	2463.4 	2555.5 	2738.2 	2905.5 	3174.2 	3427.2 	3690.5 	3797.2 	4216.6 	5006.3 	4838.5 	5190.6 	5525.1 
A,MIO_EXP_VAL,SITC5,EU27_2020,SK	932.7 	876.7 	1031.0 	1261.3 	1536.8 	1811.1 	1968.3 	1500.0 	1956.4 	2465.9 	2313.2 	2654.3 	2776.0 	2849.7 	2815.7 	2846.9 	3020.0 	2913.1 	2680.6 	3518.5 	4407.3 	3741.7 	3656.0 	3855.6 
A,MIO_EXP_VAL,SITC5,EXT_EU27_2020,AT	3150.6 	2902.0 	2868.1 	3428.9 	3992.1 	4377.3 	4646.2 	4836.9 	5827.1 	6369.2 	6591.9 	6531.2 	6855.2 	6940.6 	7425.4 	7237.8 	7305.5 	7992.3 	7954.5 	8786.3 	9794.4 	10889.3 	12996.2 	11284.5 
A,MIO_EXP_VAL,SITC5,EXT_EU27_2020,BE	22236.4 	21877.1 	24346.0 	26545.4 	28852.8 	31366.8 	28199.5 	28743.2 	35103.5 	35421.1 	40135.2 	38726.7 	40209.6 	43218.9 	42978.3 	42130.0 	43754.0 	47063.5 	50673.6 	65493.1 	79556.4 	69651.0 	64119.0 	58519.1 
A,MIO_EXP_VAL,SITC5,EXT_EU27_2020,BG	303.4 	333.1 	327.2 	467.1 	435.5 	612.3 	688.1 	525.1 	756.3 	902.2 	947.2 	926.7 	1009.2 	1030.0 	888.8 	1127.3 	1192.4 	1368.0 	1307.1 	1444.0 	1968.2 	1836.7 	2070.8 	1997.3 
A,MIO_EXP_VAL,SITC5,EXT_EU27_2020,CY	58.5 	50.1 	64.8 	75.5 	84.3 	94.6 	112.3 	106.5 	130.8 	136.8 	157.0 	152.4 	153.4 	170.4 	169.5 	185.1 	186.2 	203.9 	211.9 	294.3 	304.6 	309.0 	301.6 	311.1 
A,MIO_EXP_VAL,SITC5,EXT_EU27_2020,CZ	468.9 	479.5 	650.4 	906.5 	949.3 	1066.6 	1201.4 	1137.1 	1522.4 	1692.1 	1855.1 	1839.7 	1863.9 	1885.4 	1795.9 	1926.1 	2083.2 	2499.1 	2452.0 	2666.7 	3131.7 	3090.7 	3403.5 	3484.6 
A,MIO_EXP_VAL,SITC5,EXT_EU27_2020,DE	36398.4 	36008.3 	42359.1 	44966.3 	52634.5 	55875.4 	61854.1 	56055.0 	64995.8 	71021.5 	80634.9 	82869.8 	86860.5 	94604.1 	95111.3 	102395.5 	102502.0 	106148.0 	105172.2 	121373.0 	141406.0 	129605.9 	133550.4 	130156.1 
A,MIO_EXP_VAL,SITC5,EXT_EU27_2020,DK	3274.6 	3525.4 	3649.7 	4242.4 	3929.9 	4392.9 	4609.2 	4853.9 	5924.3 	6566.6 	8117.1 	8561.1 	8863.2 	10273.6 	10661.0 	10677.6 	11668.7 	14894.0 	16228.0 	16559.3 	19451.3 	18417.5 	18113.7 	21047.8 
A,MIO_EXP_VAL,SITC5,EXT_EU27_2020,EE	82.2 	95.8 	84.8 	110.9 	163.5 	178.6 	213.4 	156.8 	212.9 	340.1 	398.5 	359.5 	314.2 	261.0 	274.6 	313.0 	289.4 	279.8 	306.2 	323.0 	398.1 	315.3 	270.9 	251.6 
A,MIO_EXP_VAL,SITC5,EXT_EU27_2020,EL	659.6 	720.2 	808.9 	893.4 	902.7 	865.8 	869.8 	769.3 	885.3 	836.6 	854.2 	924.6 	953.0 	981.5 	951.1 	1056.1 	1172.2 	1339.2 	1682.5 	1751.7 	1958.1 	1902.2 	2032.2 	1952.1 
A,MIO_EXP_VAL,SITC5,EXT_EU27_2020,ES	6212.2 	6288.3 	6615.0 	8262.5 	8850.0 	9353.5 	10053.7 	9334.4 	11559.6 	12579.0 	13569.0 	14444.4 	15314.1 	16177.1 	15691.3 	16828.9 	17483.4 	18513.0 	17666.1 	20263.9 	25223.8 	26005.0 	27478.0 	27823.9 
A,MIO_EXP_VAL,SITC5,EXT_EU27_2020,EU27_2020	152122.9 	150803.1 	166062.0 	179872.4 	198573.7 	213411.8 	221604.4 	211149.6 	251083.3 	269507.3 	291795.6 	293510.7 	303526.9 	331583.3 	334844.9 	356623.1 	375934.1 	408813.5 	412599.3 	457731.0 	552025.0 	525660.8 	562419.0 	603953.8 
A,MIO_EXP_VAL,SITC5,EXT_EU27_2020,FI	1576.3 	1578.0 	1661.8 	1878.1 	2216.7 	2289.3 	2445.2 	2320.0 	2823.0 	3174.0 	3274.1 	3146.1 	2996.6 	2868.7 	2679.9 	2815.8 	2965.6 	2673.7 	2707.5 	3555.5 	3776.8 	3346.2 	3568.4 	3143.0 
A,MIO_EXP_VAL,SITC5,EXT_EU27_2020,FR	25032.2 	23880.6 	25204.9 	26906.5 	29454.3 	30686.7 	31925.8 	30577.2 	35042.7 	35910.9 	38204.2 	38059.5 	38442.5 	40801.1 	40602.6 	43250.5 	44369.9 	46595.9 	44544.2 	47709.9 	53182.6 	51969.3 	54369.1 	53573.2 
A,MIO_EXP_VAL,SITC5,EXT_EU27_2020,HR	203.6 	213.2 	235.9 	319.8 	364.6 	431.9 	478.4 	403.4 	548.3 	644.9 	661.0 	626.5 	598.4 	616.0 	796.4 	966.7 	695.4 	808.3 	797.8 	855.4 	903.7 	1047.1 	1211.2 	1223.0 
A,MIO_EXP_VAL,SITC5,EXT_EU27_2020,HU	928.4 	1037.1 	1283.2 	1521.3 	1804.0 	1773.8 	1940.0 	1763.8 	2087.5 	2252.2 	2644.0 	2981.6 	2707.9 	2743.6 	2785.5 	3217.5 	3300.3 	3600.7 	3950.0 	4185.6 	4469.6 	4464.4 	4514.7 	4594.0 
A,MIO_EXP_VAL,SITC5,EXT_EU27_2020,IE	18961.2 	18384.1 	17900.8 	18550.2 	19260.7 	21847.9 	21583.8 	22381.5 	28022.9 	30745.6 	28685.7 	27661.2 	28958.5 	36790.5 	38633.1 	39623.6 	49087.3 	54718.9 	54851.3 	56262.4 	70688.2 	63826.6 	81715.1 	115359.9 
A,MIO_EXP_VAL,SITC5,EXT_EU27_2020,IT	11707.1 	11807.4 	13377.8 	14272.0 	14676.6 	15067.9 	15459.5 	13996.5 	17076.9 	18853.5 	20023.6 	20795.0 	20209.6 	21049.8 	22155.6 	26254.7 	27472.8 	31061.7 	30316.9 	30614.0 	42273.7 	45346.7 	48344.3 	55574.3 
A,MIO_EXP_VAL,SITC5,EXT_EU27_2020,LT	126.0 	107.4 	188.7 	303.6 	351.5 	499.8 	785.9 	563.8 	745.8 	972.5 	1093.5 	1056.2 	1127.6 	1224.7 	1330.9 	1547.6 	1802.8 	1975.1 	2367.9 	3121.1 	2967.1 	2364.2 	2069.3 	1855.5 
A,MIO_EXP_VAL,SITC5,EXT_EU27_2020,LU	91.5 	96.3 	132.7 	99.1 	129.0 	161.7 	99.7 	72.8 	93.7 	96.7 	84.9 	94.2 	118.5 	204.3 	215.8 	239.3 	264.0 	290.5 	272.4 	250.2 	266.5 	246.7 	249.5 	212.9 
A,MIO_EXP_VAL,SITC5,EXT_EU27_2020,LV	53.1 	60.4 	77.8 	115.1 	160.6 	182.4 	225.6 	193.5 	265.7 	311.2 	352.4 	353.5 	386.2 	367.8 	425.6 	502.2 	515.8 	504.9 	477.6 	633.6 	748.3 	757.7 	551.8 	591.6 
A,MIO_EXP_VAL,SITC5,EXT_EU27_2020,MT	17.6 	26.7 	34.1 	50.0 	48.4 	76.2 	96.2 	83.7 	102.0 	101.9 	113.8 	126.1 	131.0 	149.4 	737.3 	101.6 	87.4 	97.6 	123.0 	182.0 	187.7 	177.2 	202.2 	236.3 
A,MIO_EXP_VAL,SITC5,EXT_EU27_2020,NL	13552.2 	13434.3 	14919.1 	16080.0 	17890.8 	20748.2 	21479.2 	20595.1 	23398.0 	24966.4 	26569.1 	26140.6 	28380.9 	31231.0 	30747.8 	34726.6 	37457.9 	41631.3 	41385.9 	41991.6 	48965.4 	45612.6 	50392.5 	49510.3 
A,MIO_EXP_VAL,SITC5,EXT_EU27_2020,PL	888.0 	1005.3 	1477.6 	1876.8 	2234.0 	2714.1 	3289.9 	2833.7 	3612.5 	4023.8 	4615.0 	4807.6 	4745.5 	4743.8 	5069.6 	5774.6 	5793.8 	6377.1 	6853.0 	7631.6 	8625.3 	9225.8 	9074.1 	9200.9 
A,MIO_EXP_VAL,SITC5,EXT_EU27_2020,PT	498.4 	485.7 	494.4 	556.5 	603.3 	723.2 	768.8 	700.5 	842.2 	1151.0 	1190.4 	1199.2 	1351.3 	1397.4 	1406.1 	1455.7 	1546.3 	1709.8 	1526.1 	1846.9 	2538.3 	2952.6 	2795.9 	2725.0 
A,MIO_EXP_VAL,SITC5,EXT_EU27_2020,RO	383.0 	404.4 	593.7 	777.5 	827.9 	791.6 	958.4 	650.2 	935.7 	1334.3 	1398.1 	1195.1 	1162.0 	1053.4 	1006.5 	1119.7 	1138.5 	1150.0 	1132.1 	1214.1 	1288.4 	1427.4 	1970.8 	1921.8 
A,MIO_EXP_VAL,SITC5,EXT_EU27_2020,SE	4582.3 	5185.2 	5793.1 	5640.6 	6463.4 	5790.7 	5956.7 	6023.1 	6969.4 	7234.3 	7623.1 	7765.5 	7561.9 	8623.7 	8198.7 	8899.7 	9238.2 	11059.0 	11509.0 	11241.6 	13913.8 	12666.7 	13133.0 	13201.6 
A,MIO_EXP_VAL,SITC5,EXT_EU27_2020,SI	547.0 	695.9 	749.4 	790.2 	1000.5 	1153.4 	1334.1 	1189.9 	1277.8 	1508.6 	1670.1 	1814.0 	1891.5 	1797.3 	1724.1 	1841.0 	2154.3 	3831.1 	5689.4 	6997.6 	13455.6 	17634.4 	23336.5 	33516.8 
A,MIO_EXP_VAL,SITC5,EXT_EU27_2020,SK	130.2 	121.3 	163.0 	236.0 	292.8 	289.0 	329.9 	282.7 	321.4 	360.3 	332.5 	352.8 	360.7 	378.2 	382.4 	408.9 	406.8 	427.0 	441.1 	482.8 	581.4 	572.8 	584.3 	685.6 
A,MIO_EXP_VAL,SITC5,WORLD,AT	8151.3 	8223.1 	8361.3 	9540.5 	11258.0 	12407.6 	13209.7 	12458.7 	14652.5 	16144.1 	16927.4 	17088.7 	18235.8 	18343.6 	18079.3 	20191.1 	20256.8 	21894.2 	22506.5 	25728.6 	29316.7 	34406.6 	33103.7 	30058.6 
A,MIO_EXP_VAL,SITC5,WORLD,BE	61711.3 	61858.3 	68599.7 	77145.9 	83043.9 	91020.9 	90221.5 	85558.4 	97287.3 	99156.5 	102086.7 	103094.2 	103814.2 	108292.6 	107604.0 	107986.9 	119573.7 	121107.1 	122770.2 	164527.2 	198314.8 	164487.8 	157765.5 	151681.6 
A,MIO_EXP_VAL,SITC5,WORLD,BG	466.8 	499.9 	521.4 	719.7 	764.6 	1050.1 	1220.0 	899.6 	1239.5 	1616.0 	1724.0 	1818.7 	2024.4 	2274.8 	2425.1 	2776.1 	2924.0 	3275.3 	3278.0 	4093.6 	5614.8 	4678.7 	4577.5 	4672.3 
A,MIO_EXP_VAL,SITC5,WORLD,CY	96.7 	87.0 	110.5 	129.0 	141.3 	161.9 	188.3 	185.1 	266.3 	348.7 	358.6 	346.9 	314.4 	338.0 	346.7 	361.6 	414.2 	413.2 	459.4 	564.4 	585.0 	620.7 	644.7 	700.2 
A,MIO_EXP_VAL,SITC5,WORLD,CZ	2418.4 	2531.1 	3297.8 	4005.3 	4571.3 	5192.8 	5978.1 	5169.7 	6501.1 	7331.7 	7538.9 	7794.6 	8750.9 	8820.4 	8841.1 	9846.9 	10642.6 	11638.4 	11597.1 	14255.1 	16736.7 	16047.6 	16553.1 	16598.8 
A,MIO_EXP_VAL,SITC5,WORLD,DE	79314.0 	84801.2 	99915.0 	111159.2 	127580.1 	139634.1 	149642.6 	132061.4 	152369.5 	164052.1 	171927.9 	174761.0 	181014.7 	191663.4 	192921.5 	207948.9 	217570.8 	217573.5 	215571.5 	256945.0 	305981.2 	274317.5 	273971.5 	273276.5 
A,MIO_EXP_VAL,SITC5,WORLD,DK	7352.4 	7957.3 	8218.6 	9421.1 	9342.1 	10106.2 	10520.3 	10400.8 	11796.2 	12895.2 	14222.9 	15004.4 	15596.5 	17271.3 	17978.0 	18592.8 	19798.9 	23534.6 	25437.7 	26351.3 	30407.2 	30376.9 	31734.4 	35084.0 
A,MIO_EXP_VAL,SITC5,WORLD,EE	176.2 	219.7 	256.3 	320.0 	387.7 	447.4 	535.4 	420.0 	486.4 	688.3 	781.4 	834.8 	728.3 	675.6 	715.0 	859.1 	915.3 	927.2 	975.1 	1161.0 	1356.7 	1154.1 	1089.7 	1151.7 
A,MIO_EXP_VAL,SITC5,WORLD,EL	1357.1 	1540.7 	1792.6 	2189.9 	2330.0 	2485.1 	2441.2 	2260.4 	2548.5 	2473.0 	2476.5 	2599.9 	2694.5 	2738.5 	2746.9 	3077.5 	3501.5 	4116.0 	5057.6 	5667.7 	6105.2 	5987.2 	6142.8 	6327.8 
A,MIO_EXP_VAL,SITC5,WORLD,ES	14394.8 	15202.8 	16024.6 	19057.7 	20940.9 	23769.6 	24662.7 	22585.8 	27626.6 	29315.9 	31094.5 	31977.5 	32787.9 	34567.4 	34554.1 	37340.9 	39136.9 	40478.0 	38799.3 	52075.6 	71582.7 	61941.3 	63093.9 	62890.4 
A,MIO_EXP_VAL,SITC5,WORLD,FI	3313.4 	3334.1 	3627.0 	4000.5 	4587.3 	4986.1 	5400.7 	4602.2 	5549.1 	6359.5 	6373.7 	6294.5 	6241.2 	5946.4 	5689.6 	6032.3 	6273.3 	6116.4 	6156.1 	7640.8 	9193.6 	7772.7 	8145.9 	8041.9 
A,MIO_EXP_VAL,SITC5,WORLD,FR	53498.4 	53825.4 	56776.8 	60422.6 	66090.8 	69803.9 	73431.2 	67393.5 	75255.9 	78701.6 	82876.6 	82857.4 	82977.1 	85096.5 	83954.2 	89227.2 	91712.0 	96131.9 	92002.5 	104010.5 	118690.4 	116406.4 	116674.3 	116917.8 
A,MIO_EXP_VAL,SITC5,WORLD,HR	535.6 	524.7 	604.2 	701.9 	757.2 	849.2 	944.8 	726.9 	1013.5 	1097.0 	1050.1 	1061.2 	1106.7 	1365.6 	1634.7 	1979.2 	1845.5 	2059.5 	2050.7 	2305.5 	2568.3 	2680.2 	2986.6 	3205.7 
A,MIO_EXP_VAL,SITC5,WORLD,HU	2422.4 	2644.9 	3339.6 	4092.4 	5141.4 	5705.1 	6335.5 	5554.6 	6771.2 	8018.2 	8603.6 	9108.2 	9454.0 	10353.8 	10442.0 	12067.9 	12700.8 	13065.4 	13831.2 	15930.3 	18239.8 	18099.7 	19715.3 	18913.1 
A,MIO_EXP_VAL,SITC5,WORLD,IE	39136.4 	35785.1 	37498.2 	40357.1 	39765.1 	43182.2 	44095.3 	47325.9 	52860.2 	56030.5 	55014.7 	50331.8 	51552.1 	64189.4 	66273.3 	67776.4 	85699.6 	92887.6 	102159.9 	98770.5 	129684.9 	123717.9 	144835.3 	174697.5 
A,MIO_EXP_VAL,SITC5,WORLD,IT	27856.0 	27131.9 	30275.7 	33482.4 	36423.7 	38671.5 	38526.1 	33633.1 	40368.8 	44127.2 	46387.6 	49253.1 	51295.2 	51656.2 	53811.8 	60092.0 	62499.8 	69215.3 	69257.8 	75710.8 	98266.8 	95703.0 	101040.3 	116066.1 
A,MIO_EXP_VAL,SITC5,WORLD,LT	401.5 	455.9 	595.8 	823.9 	1029.8 	1684.6 	2199.4 	1622.8 	2051.1 	2760.7 	3034.2 	3025.8 	3250.4 	3424.2 	3453.1 	3798.4 	4266.6 	4527.4 	5056.4 	6772.3 	7481.1 	5763.8 	5676.6 	5625.7 
A,MIO_EXP_VAL,SITC5,WORLD,LU	625.1 	667.9 	747.1 	708.4 	810.0 	911.3 	853.1 	774.7 	880.1 	965.8 	1031.2 	1163.3 	1268.9 	1550.3 	1584.0 	1657.0 	1688.6 	1587.8 	1550.8 	1792.8 	2107.8 	1905.0 	1971.7 	1957.3 
A,MIO_EXP_VAL,SITC5,WORLD,LV	143.4 	156.9 	195.1 	263.4 	390.0 	508.4 	631.6 	509.1 	612.2 	781.6 	820.5 	834.6 	882.9 	905.5 	1002.4 	1158.2 	1236.2 	1294.9 	1338.3 	1842.7 	2255.2 	2068.0 	2024.7 	2027.1 
A,MIO_EXP_VAL,SITC5,WORLD,MT	38.6 	38.9 	54.4 	95.0 	138.5 	201.2 	220.8 	204.9 	273.6 	266.4 	307.7 	339.4 	315.7 	302.0 	932.2 	338.8 	360.8 	412.7 	462.8 	552.2 	505.1 	471.1 	512.0 	697.0 
A,MIO_EXP_VAL,SITC5,WORLD,NL	41310.2 	41823.9 	46313.6 	50948.9 	56515.9 	63144.5 	69990.7 	62285.4 	73802.1 	76966.0 	80824.6 	79453.1 	82105.0 	86456.6 	85690.7 	94179.2 	105654.4 	109940.7 	107741.6 	128361.7 	155474.8 	140963.3 	146972.5 	151291.5 
A,MIO_EXP_VAL,SITC5,WORLD,PL	2759.0 	3097.7 	3888.5 	4882.0 	6305.1 	7508.4 	9105.2 	7670.6 	10305.4 	12114.8 	13115.8 	14190.4 	15063.9 	15849.9 	16858.6 	19785.8 	20038.7 	21662.6 	23069.9 	28127.3 	33958.3 	31979.6 	32784.1 	34121.8 
A,MIO_EXP_VAL,SITC5,WORLD,PT	1601.4 	1727.9 	1937.2 	2302.6 	2592.6 	2956.3 	2990.3 	2442.2 	3070.4 	3816.5 	3976.0 	4221.0 	4281.8 	4388.9 	4556.6 	4830.3 	5024.6 	5409.1 	5136.2 	6463.9 	8168.1 	7635.1 	8318.7 	9730.1 
A,MIO_EXP_VAL,SITC5,WORLD,RO	685.9 	742.9 	1036.7 	1277.0 	1465.3 	1695.3 	2059.6 	1483.0 	2177.4 	2840.3 	2962.3 	2812.0 	2733.9 	2699.2 	2532.8 	2814.1 	2956.7 	3147.5 	3094.0 	3837.5 	4477.2 	4322.9 	5000.5 	5254.7 
A,MIO_EXP_VAL,SITC5,WORLD,SE	9641.5 	10781.4 	11387.4 	11758.7 	13527.2 	13648.6 	13651.5 	12673.9 	14512.1 	14548.6 	15110.4 	15242.9 	15152.0 	16455.4 	16040.7 	16944.0 	17235.2 	19421.8 	20184.4 	21927.0 	26838.6 	25957.1 	26202.4 	27017.0 
A,MIO_EXP_VAL,SITC5,WORLD,SI	1338.5 	1531.3 	1718.9 	1919.0 	2366.6 	2789.2 	3119.8 	2859.8 	3254.8 	3681.3 	3969.1 	4277.4 	4447.0 	4535.5 	4629.6 	5015.2 	5581.6 	7521.5 	9486.6 	11214.2 	18461.9 	22472.8 	28527.1 	39041.9 
A,MIO_EXP_VAL,SITC5,WORLD,SK	1062.8 	997.9 	1194.0 	1497.3 	1829.5 	2100.1 	2298.1 	1782.7 	2277.8 	2826.2 	2645.8 	3007.1 	3136.7 	3228.0 	3198.0 	3255.8 	3426.8 	3340.0 	3121.7 	4001.2 	4988.6 	4314.5 	4240.3 	4541.2 
A,MIO_EXP_VAL,SITC6_8,EU27_2020,AT	20969.6 	22144.7 	23249.1 	24694.3 	27564.8 	29940.4 	31467.7 	24487.9 	28591.4 	31924.0 	30630.6 	30187.8 	30899.3 	31798.4 	31778.9 	34046.2 	36487.5 	35759.1 	32990.2 	39149.3 	46848.8 	44423.6 	42312.2 	42554.1 
A,MIO_EXP_VAL,SITC6_8,EU27_2020,BE	42387.3 	42231.3 	46664.7 	50382.3 	56448.0 	63222.7 	62001.9 	47292.2 	52752.8 	57535.2 	53951.8 	52328.0 	54034.9 	57593.8 	58678.8 	63684.0 	66283.8 	66022.1 	61257.1 	77165.6 	91367.3 	83921.3 	80445.5 	79254.8 
A,MIO_EXP_VAL,SITC6_8,EU27_2020,BG	2184.2 	2595.8 	3087.5 	3306.8 	4191.9 	4522.6 	4790.1 	3502.0 	4156.2 	5544.8 	5105.6 	5463.5 	5675.4 	5998.7 	6194.7 	6980.0 	7212.6 	7111.0 	6978.5 	8651.1 	11358.4 	11738.4 	12386.8 	10865.4 
A,MIO_EXP_VAL,SITC6_8,EU27_2020,CY	59.3 	53.0 	75.5 	83.1 	94.7 	123.2 	155.0 	126.8 	108.1 	95.8 	82.0 	70.8 	68.8 	51.4 	51.4 	63.1 	78.1 	62.9 	56.8 	75.1 	90.3 	131.7 	121.8 	137.7 
A,MIO_EXP_VAL,SITC6_8,EU27_2020,CZ	11828.4 	12452.4 	15350.3 	16925.9 	19596.6 	22563.2 	24727.5 	19135.2 	22822.6 	26700.3 	27396.0 	28166.6 	29610.8 	31863.0 	34061.9 	36829.8 	38107.8 	38187.7 	35971.5 	42712.5 	49603.3 	49768.9 	49260.9 	50754.9 
A,MIO_EXP_VAL,SITC6_8,EU27_2020,DE	95406.2 	96449.1 	106933.2 	116090.9 	134216.5 	150952.9 	151230.0 	122732.5 	140230.8 	154958.1 	147031.6 	146780.7 	152148.9 	159674.6 	163267.8 	174538.9 	185788.6 	186125.5 	170851.8 	202145.1 	232908.8 	226905.4 	223619.3 	228137.4 
A,MIO_EXP_VAL,SITC6_8,EU27_2020,DK	10023.3 	10024.9 	10520.9 	11464.5 	12540.9 	13296.0 	13528.8 	11219.1 	11543.1 	12664.1 	12082.9 	11746.0 	12403.8 	12785.2 	13101.4 	13439.8 	14042.0 	13874.1 	13762.5 	15996.6 	18638.7 	17882.9 	17760.1 	19162.0 
A,MIO_EXP_VAL,SITC6_8,EU27_2020,EE	1230.1 	1370.9 	1417.4 	1636.7 	1751.2 	2021.4 	2089.7 	1582.6 	1952.8 	2403.6 	2425.3 	2489.0 	2566.8 	2740.7 	2848.0 	3049.8 	3280.1 	3405.4 	3350.1 	4018.8 	4542.3 	4072.4 	3937.2 	4165.8 
A,MIO_EXP_VAL,SITC6_8,EU27_2020,EL	2841.5 	2994.1 	3276.2 	3388.8 	4030.3 	4531.2 	4301.8 	3024.0 	3237.6 	3678.8 	3142.8 	3145.1 	3273.8 	3463.2 	3645.2 	4189.8 	4728.1 	5265.6 	5029.0 	6386.9 	8493.7 	7677.7 	7377.2 	7532.0 
A,MIO_EXP_VAL,SITC6_8,EU27_2020,ES	22747.9 	23065.6 	24666.9 	26165.2 	29523.4 	32094.2 	33313.2 	27312.0 	31842.3 	35371.1 	33451.4 	34054.0 	35726.1 	37511.6 	39550.7 	43945.2 	45539.1 	47415.0 	42803.5 	55017.3 	65484.0 	64914.6 	63807.8 	65297.5 
A,MIO_EXP_VAL,SITC6_8,EU27_2020,EU27_2020	437067.9 	445861.0 	488397.9 	521871.6 	596606.5 	656192.9 	660124.2 	522071.5 	606083.4 	674053.8 	648284.5 	648329.4 	675903.3 	709181.4 	730736.5 	794311.6 	836615.9 	841395.6 	777557.0 	958991.5 	1126792.1 	1080812.3 	1067373.3 	1086468.3 
A,MIO_EXP_VAL,SITC6_8,EU27_2020,FI	10338.5 	10441.2 	11584.0 	11244.4 	13820.6 	14454.8 	13385.6 	9247.5 	11655.2 	12447.9 	11730.1 	11395.3 	11908.3 	11963.1 	11654.0 	12730.2 	13247.9 	12564.1 	11397.9 	14095.1 	16700.6 	15395.1 	15102.1 	15050.3 
A,MIO_EXP_VAL,SITC6_8,EU27_2020,FR	45567.2 	46691.4 	49645.3 	51082.6 	56739.3 	60665.0 	59832.3 	47605.6 	52732.5 	56899.7 	53968.4 	53744.1 	54783.2 	56752.9 	56883.3 	60918.0 	63239.0 	63290.8 	54585.3 	67662.6 	79885.5 	77349.0 	76914.1 	77497.0 
A,MIO_EXP_VAL,SITC6_8,EU27_2020,HR	1429.1 	1426.5 	1598.6 	1568.0 	1778.3 	1903.4 	1896.0 	1545.3 	1725.3 	1956.1 	1928.8 	2048.4 	2511.6 	2811.5 	3030.3 	3340.3 	3468.6 	3583.8 	3403.2 	4257.3 	5186.2 	5079.9 	5119.2 	5185.0 
A,MIO_EXP_VAL,SITC6_8,EU27_2020,HU	7126.8 	6737.9 	7363.0 	8147.7 	9506.2 	10736.6 	11130.5 	8890.2 	10635.9 	12652.5 	13022.7 	13253.9 	13773.2 	13875.2 	14738.1 	16376.2 	16784.0 	16254.8 	14873.2 	17531.5 	19210.5 	19273.1 	18288.6 	17711.5 
A,MIO_EXP_VAL,SITC6_8,EU27_2020,IE	3745.8 	4381.0 	3781.4 	4383.2 	3553.0 	3709.4 	3820.7 	3719.0 	4318.8 	4545.4 	4572.4 	4708.9 	4702.9 	5616.4 	6139.0 	5623.8 	5995.4 	6203.1 	5584.3 	6511.1 	7433.5 	7961.3 	8993.4 	8688.5 
A,MIO_EXP_VAL,SITC6_8,EU27_2020,IT	59971.5 	59195.4 	65508.4 	67231.9 	75133.5 	81491.5 	78615.0 	60412.2 	69444.7 	76628.5 	73827.5 	72718.0 	75429.7 	75983.7 	78050.8 	84238.0 	87523.1 	88602.5 	78631.5 	102263.4 	121390.0 	114314.3 	109255.8 	110614.7 
A,MIO_EXP_VAL,SITC6_8,EU27_2020,LT	1170.7 	1257.9 	1451.6 	1684.0 	1964.2 	2230.4 	2168.7 	1831.8 	2202.6 	2637.7 	2823.7 	2967.2 	3197.8 	3472.8 	3703.5 	4158.0 	4593.3 	4712.7 	4910.8 	6007.8 	7134.8 	6503.1 	6530.5 	6777.6 
A,MIO_EXP_VAL,SITC6_8,EU27_2020,LU	3955.5 	3992.3 	4740.5 	4788.8 	5422.8 	5710.2 	5856.6 	4358.5 	4775.3 	5366.0 	4938.8 	4816.3 	4870.8 	5002.3 	4887.8 	5263.4 	5131.9 	4699.4 	4253.8 	5235.3 	6186.0 	5395.5 	5101.1 	5261.0 
A,MIO_EXP_VAL,SITC6_8,EU27_2020,LV	845.0 	888.2 	1014.3 	1156.2 	1338.4 	1578.7 	1699.5 	1164.7 	1587.9 	2064.8 	2214.4 	2163.0 	2216.2 	2232.8 	2327.2 	2583.4 	2741.5 	2802.8 	2837.5 	3699.6 	3997.4 	3577.2 	3440.4 	3620.2 
A,MIO_EXP_VAL,SITC6_8,EU27_2020,MT	299.6 	288.3 	264.8 	274.5 	247.7 	230.6 	219.5 	199.8 	262.6 	294.3 	287.5 	273.5 	258.7 	274.4 	295.6 	309.6 	337.8 	373.4 	352.0 	343.3 	360.3 	325.8 	325.6 	325.3 
A,MIO_EXP_VAL,SITC6_8,EU27_2020,NL	39994.6 	40837.1 	43765.3 	48642.1 	58546.0 	62370.8 	62930.0 	50513.3 	61526.8 	67717.3 	63666.3 	64664.4 	68624.3 	72246.2 	76206.5 	84586.9 	89073.1 	89896.2 	84776.8 	109075.8 	131110.9 	122669.2 	125738.4 	130071.5 
A,MIO_EXP_VAL,SITC6_8,EU27_2020,PL	13837.5 	15270.6 	17756.7 	20000.8 	24093.3 	27622.0 	29906.2 	23987.6 	30011.1 	34657.1 	35605.3 	37471.4 	41881.6 	47338.1 	49789.0 	56960.1 	62360.1 	65342.5 	65801.6 	81736.4 	94104.4 	91842.9 	92910.5 	97873.1 
A,MIO_EXP_VAL,SITC6_8,EU27_2020,PT	9003.8 	9309.5 	9386.7 	9895.6 	11070.0 	11978.2 	11532.9 	9869.9 	11044.6 	11995.2 	11857.6 	12144.5 	12885.0 	13567.3 	14410.9 	15447.7 	16174.1 	16388.1 	14948.9 	17703.7 	21256.5 	21109.5 	20698.6 	20562.2 
A,MIO_EXP_VAL,SITC6_8,EU27_2020,RO	6399.0 	6842.1 	7687.0 	8025.4 	8887.1 	9862.3 	9908.3 	7806.7 	9561.0 	11601.7 	11416.0 	11932.2 	12731.9 	13271.9 	13940.2 	15691.7 	16952.4 	16890.9 	14606.8 	17660.0 	21157.3 	20972.4 	20166.6 	19794.9 
A,MIO_EXP_VAL,SITC6_8,EU27_2020,SE	14636.9 	14965.5 	16334.9 	17066.8 	19390.6 	20814.1 	20989.9 	15745.1 	19372.6 	20927.0 	20242.7 	19207.2 	18499.4 	19095.0 	19121.5 	20659.8 	20731.5 	20808.2 	20274.5 	23931.5 	27314.5 	24814.7 	24620.0 	25614.1 
A,MIO_EXP_VAL,SITC6_8,EU27_2020,SI	3729.5 	3795.0 	4300.7 	4782.2 	5536.7 	6163.0 	6153.5 	4589.0 	5439.3 	6302.2 	6028.3 	5975.6 	6289.9 	6714.1 	7003.3 	7634.5 	8427.9 	8465.7 	7954.7 	10123.6 	12293.3 	11160.6 	11044.0 	11023.0 
A,MIO_EXP_VAL,SITC6_8,EU27_2020,SK	5339.2 	6159.2 	6973.0 	7759.0 	9620.7 	11404.3 	12473.3 	10171.3 	12549.7 	14484.4 	14854.5 	14413.8 	14930.3 	15483.3 	15376.6 	17023.7 	18286.6 	17288.1 	15313.1 	19834.9 	22734.6 	21631.7 	22095.9 	22936.7 
A,MIO_EXP_VAL,SITC6_8,EXT_EU27_2020,AT	7995.2 	7777.6 	8605.1 	9998.4 	11176.6 	12028.6 	12526.6 	10054.3 	11528.8 	12989.7 	13618.8 	13925.0 	13969.7 	13864.0 	13100.1 	14144.7 	14853.7 	14758.1 	13084.9 	15673.0 	17343.8 	16731.7 	16672.1 	16322.7 
A,MIO_EXP_VAL,SITC6_8,EXT_EU27_2020,BE	25789.7 	21759.4 	23627.6 	25675.4 	26864.3 	28922.0 	26602.5 	21922.0 	28372.3 	32882.1 	33376.2 	33213.6 	34402.4 	33344.0 	33637.2 	34591.3 	34324.6 	32907.6 	29186.5 	32734.1 	36049.7 	30570.1 	28644.7 	28333.1 
A,MIO_EXP_VAL,SITC6_8,EXT_EU27_2020,BG	809.6 	944.1 	1143.3 	1313.8 	1763.9 	1974.2 	1680.3 	1312.1 	1957.1 	2319.8 	2439.8 	2408.6 	2512.7 	2677.1 	3011.5 	4191.0 	3881.8 	3352.8 	3584.7 	4207.4 	3843.0 	4108.6 	4234.9 	4877.2 
A,MIO_EXP_VAL,SITC6_8,EXT_EU27_2020,CY	70.0 	53.4 	51.8 	55.6 	47.5 	46.2 	56.4 	35.7 	46.8 	50.5 	80.0 	98.3 	113.7 	127.6 	120.5 	135.9 	209.4 	106.6 	73.2 	69.7 	69.7 	72.2 	58.3 	69.0 
A,MIO_EXP_VAL,SITC6_8,EXT_EU27_2020,CZ	2562.6 	2555.7 	3203.9 	3945.6 	4445.6 	5159.6 	5426.8 	4545.2 	5477.3 	6411.4 	7296.0 	7390.7 	7634.3 	8005.8 	7988.6 	8625.0 	8576.1 	8625.8 	8027.7 	9125.3 	10117.8 	10266.8 	11322.1 	11800.0 
A,MIO_EXP_VAL,SITC6_8,EXT_EU27_2020,DE	61012.0 	59949.0 	67785.4 	72042.1 	83543.8 	89581.5 	92039.4 	77307.0 	90600.0 	103138.8 	108633.8 	107851.1 	108979.1 	113037.8 	112290.8 	122630.9 	126424.5 	127780.4 	116932.3 	130500.0 	143762.0 	139596.9 	137068.8 	138271.7 
A,MIO_EXP_VAL,SITC6_8,EXT_EU27_2020,DK	5393.7 	5336.5 	5601.6 	5998.3 	6352.9 	6619.3 	6729.5 	5806.6 	6345.3 	7146.1 	7352.0 	6965.3 	7062.5 	7389.5 	7505.6 	8072.1 	7973.0 	7851.9 	7626.3 	8729.4 	9667.5 	9088.1 	10139.4 	10513.9 
A,MIO_EXP_VAL,SITC6_8,EXT_EU27_2020,EE	346.1 	360.5 	443.0 	551.2 	671.3 	713.7 	782.2 	559.8 	746.2 	944.5 	1043.9 	1084.2 	1039.2 	955.4 	1007.3 	1055.2 	1110.7 	1133.1 	1051.2 	1265.7 	1536.5 	1316.6 	1206.8 	1189.4 
A,MIO_EXP_VAL,SITC6_8,EXT_EU27_2020,EL	1678.7 	1704.2 	1764.4 	1880.6 	1892.1 	2052.8 	2297.5 	1851.1 	2010.4 	2366.5 	2448.1 	2320.1 	2301.7 	2499.2 	2287.2 	2551.2 	2847.1 	2625.9 	2290.4 	2784.5 	3827.2 	3668.7 	3923.5 	3823.3 
A,MIO_EXP_VAL,SITC6_8,EXT_EU27_2020,ES	13709.0 	12895.5 	13167.2 	13604.7 	15226.3 	16663.9 	17831.6 	14828.8 	17515.1 	20827.6 	23559.5 	24732.0 	25558.2 	27327.7 	27182.7 	29726.6 	30245.6 	30049.9 	25788.1 	30553.7 	34728.9 	31150.2 	32463.2 	32466.8 
A,MIO_EXP_VAL,SITC6_8,EXT_EU27_2020,EU27_2020	260267.8 	248160.2 	272855.6 	289793.5 	321387.4 	340698.1 	343360.4 	282379.1 	334452.9 	377500.0 	404983.3 	408562.5 	417123.7 	432034.9 	429562.5 	461207.3 	475862.8 	488609.1 	435058.3 	499430.5 	571089.6 	553562.2 	558256.0 	555176.1 
A,MIO_EXP_VAL,SITC6_8,EXT_EU27_2020,FI	7061.9 	6939.1 	7639.8 	7566.9 	8718.8 	9269.7 	8442.7 	6319.9 	8438.9 	9190.4 	9155.5 	9160.4 	8784.5 	8404.7 	8332.8 	9106.2 	10271.2 	10760.1 	8748.1 	9577.9 	10617.1 	8518.5 	8217.1 	8275.4 
A,MIO_EXP_VAL,SITC6_8,EXT_EU27_2020,FR	32790.4 	30945.1 	32584.6 	34353.5 	36695.6 	38581.3 	38670.2 	33013.8 	37589.9 	41398.8 	44103.2 	44120.7 	44909.0 	47655.9 	46841.4 	47905.1 	50200.9 	54721.1 	45147.7 	50883.0 	60290.7 	62809.1 	63028.2 	62509.2 
A,MIO_EXP_VAL,SITC6_8,EXT_EU27_2020,HR	402.5 	412.6 	505.6 	648.1 	679.2 	794.6 	805.8 	661.1 	655.6 	687.0 	649.3 	782.3 	870.8 	898.7 	1008.9 	1107.1 	1223.5 	1071.3 	1179.5 	1379.5 	1658.2 	1755.7 	2001.8 	1904.4 
A,MIO_EXP_VAL,SITC6_8,EXT_EU27_2020,HU	1380.3 	1222.8 	1446.3 	1652.2 	1824.9 	2064.7 	2233.4 	1934.9 	2372.1 	2795.5 	3277.3 	3501.7 	3586.8 	3900.4 	4112.4 	4382.6 	4551.0 	4570.6 	4195.4 	4768.2 	5736.3 	5514.0 	5401.7 	5574.3 
A,MIO_EXP_VAL,SITC6_8,EXT_EU27_2020,IE	6284.3 	6822.1 	7919.3 	7572.8 	6863.9 	6595.1 	6737.3 	6704.2 	7994.9 	7432.2 	8206.2 	8130.9 	8900.3 	10213.6 	10310.6 	11151.0 	11839.4 	12188.4 	11429.3 	13595.2 	16964.6 	16761.0 	17319.8 	18208.1 
A,MIO_EXP_VAL,SITC6_8,EXT_EU27_2020,IT	50539.7 	46725.2 	50282.9 	51697.1 	57276.4 	61140.7 	61311.7 	47218.8 	54362.9 	61171.0 	66849.7 	69697.8 	71435.4 	73865.6 	72545.2 	75807.0 	78290.7 	82332.9 	69074.4 	83938.8 	98445.0 	95683.3 	97601.7 	92079.7 
A,MIO_EXP_VAL,SITC6_8,EXT_EU27_2020,LT	531.0 	560.6 	665.3 	804.7 	1018.5 	1287.1 	1586.4 	1173.9 	1587.8 	1961.1 	2435.1 	2962.3 	3156.3 	2725.8 	2836.7 	3223.7 	3352.0 	3523.6 	3332.9 	3700.0 	4268.7 	3945.3 	3215.2 	2979.8 
A,MIO_EXP_VAL,SITC6_8,EXT_EU27_2020,LU	992.2 	933.8 	1055.5 	1256.2 	1370.6 	1443.5 	1350.5 	976.9 	1232.7 	1328.2 	1347.4 	1327.8 	1437.6 	1627.7 	1389.3 	1416.8 	1422.2 	1399.5 	1202.5 	1355.1 	1635.9 	1538.7 	1369.0 	1316.1 
A,MIO_EXP_VAL,SITC6_8,EXT_EU27_2020,LV	301.8 	291.6 	385.6 	469.2 	566.0 	642.4 	792.1 	622.1 	800.9 	1067.6 	1320.5 	1050.9 	941.8 	949.7 	955.9 	1099.5 	1203.4 	1261.5 	1230.5 	1419.6 	1726.2 	1808.2 	1438.2 	1505.6 
A,MIO_EXP_VAL,SITC6_8,EXT_EU27_2020,MT	274.4 	241.8 	241.0 	225.7 	235.7 	232.9 	222.5 	188.2 	181.8 	205.4 	219.1 	228.5 	207.8 	228.7 	169.4 	181.1 	253.0 	317.3 	346.2 	364.5 	391.8 	448.4 	462.5 	474.2 
A,MIO_EXP_VAL,SITC6_8,EXT_EU27_2020,NL	16725.9 	16156.0 	18144.6 	19369.9 	22065.1 	19469.9 	19204.4 	16546.0 	19060.8 	20542.9 	23462.5 	23760.8 	24685.2 	26829.1 	27448.3 	30718.1 	32763.7 	35093.0 	32495.8 	35326.0 	41789.1 	41563.9 	44592.2 	45244.5 
A,MIO_EXP_VAL,SITC6_8,EXT_EU27_2020,PL	4029.6 	4159.1 	5422.1 	6632.8 	8050.3 	9371.0 	10186.5 	8033.5 	9895.0 	11512.4 	13114.6 	13707.4 	13936.2 	14194.0 	14877.4 	16930.1 	17647.1 	18965.1 	18657.6 	21974.2 	24509.8 	25407.2 	26978.8 	26254.0 
A,MIO_EXP_VAL,SITC6_8,EXT_EU27_2020,PT	3714.1 	3451.6 	3456.0 	3283.9 	3471.2 	3685.5 	3980.0 	3541.2 	4054.8 	4694.1 	5590.4 	6212.1 	6599.5 	6593.1 	6200.4 	6710.1 	6670.5 	6643.9 	5759.1 	6926.8 	8170.0 	7680.1 	7715.3 	7189.4 
A,MIO_EXP_VAL,SITC6_8,EXT_EU27_2020,RO	2049.0 	2197.4 	2716.6 	3113.4 	2916.0 	3195.1 	2938.5 	2076.0 	2920.3 	3474.3 	3783.3 	3911.0 	4138.0 	4426.4 	4437.2 	4869.0 	4822.7 	4859.2 	4205.7 	5068.6 	6404.5 	6821.2 	6282.5 	5898.6 
A,MIO_EXP_VAL,SITC6_8,EXT_EU27_2020,SE	11839.9 	11766.1 	12727.9 	13322.7 	14392.0 	15333.2 	15011.3 	12095.1 	15081.0 	16963.3 	17208.0 	15442.1 	15166.0 	15344.8 	14806.8 	15277.3 	15131.5 	15857.7 	15147.4 	17362.5 	19901.2 	19353.6 	20076.7 	20784.8 
A,MIO_EXP_VAL,SITC6_8,EXT_EU27_2020,SI	1098.6 	1069.9 	1248.0 	1443.9 	1685.4 	1897.0 	1950.8 	1466.9 	1727.4 	1949.6 	2037.1 	2027.8 	2110.4 	2219.9 	2388.8 	2738.1 	2880.7 	2910.4 	2651.1 	3153.9 	3889.2 	3714.8 	3029.9 	3043.0 
A,MIO_EXP_VAL,SITC6_8,EXT_EU27_2020,SK	885.7 	929.7 	1021.3 	1314.8 	1573.6 	1932.5 	1963.6 	1584.0 	1896.6 	2049.1 	2376.1 	2549.1 	2684.6 	2728.3 	2769.5 	2860.5 	2892.7 	2941.4 	2609.6 	2993.9 	3745.2 	3669.4 	3791.5 	4267.9 
A,MIO_EXP_VAL,SITC6_8,WORLD,AT	28964.7 	29922.3 	31854.2 	34692.7 	38741.4 	41968.9 	43994.3 	34542.2 	40120.2 	44913.8 	44249.3 	44112.9 	44868.9 	45662.4 	44879.0 	48190.9 	51341.2 	50517.2 	46075.1 	54822.2 	64192.6 	61155.3 	58984.3 	58876.8 
A,MIO_EXP_VAL,SITC6_8,WORLD,BE	68177.0 	63990.6 	70292.2 	76057.7 	83312.2 	92144.7 	88604.4 	69214.1 	81125.1 	90417.3 	87328.0 	85541.5 	88437.3 	90937.9 	92316.0 	98275.3 	100608.4 	98929.7 	90443.6 	109899.8 	127417.0 	114491.4 	109090.2 	107587.9 
A,MIO_EXP_VAL,SITC6_8,WORLD,BG	2993.8 	3540.0 	4230.8 	4620.7 	5955.8 	6496.8 	6470.4 	4814.1 	6113.3 	7864.6 	7545.4 	7872.1 	8188.1 	8675.9 	9206.2 	11170.9 	11094.5 	10463.8 	10563.2 	12858.6 	15201.4 	15847.0 	16621.7 	15742.6 
A,MIO_EXP_VAL,SITC6_8,WORLD,CY	129.4 	106.4 	127.3 	138.7 	142.2 	169.4 	211.5 	162.5 	154.9 	146.4 	162.0 	169.1 	182.5 	179.0 	171.9 	199.0 	287.5 	169.5 	130.0 	144.7 	160.0 	203.9 	180.1 	206.7 
A,MIO_EXP_VAL,SITC6_8,WORLD,CZ	14391.0 	15008.1 	18554.3 	20871.4 	24042.2 	27722.8 	30154.3 	23680.4 	28299.9 	33111.7 	34692.0 	35557.4 	37245.1 	39868.9 	42050.5 	45454.8 	46683.8 	46813.5 	43999.2 	51837.8 	59721.1 	60035.7 	60582.9 	62554.9 
A,MIO_EXP_VAL,SITC6_8,WORLD,DE	156418.2 	156398.1 	174718.6 	188133.0 	217760.2 	240534.4 	243269.4 	200039.6 	230830.8 	258096.9 	255665.4 	254631.8 	261128.1 	272712.4 	275558.6 	297169.9 	312213.1 	313905.9 	287784.1 	332645.1 	376670.8 	366502.4 	360688.1 	366409.0 
A,MIO_EXP_VAL,SITC6_8,WORLD,DK	15416.9 	15361.4 	16122.5 	17462.9 	18893.7 	19915.3 	20258.4 	17025.7 	17888.5 	19810.2 	19434.8 	18711.3 	19466.3 	20174.7 	20607.1 	21511.9 	22015.0 	21726.0 	21388.8 	24726.0 	28306.2 	26971.0 	27899.5 	29676.0 
A,MIO_EXP_VAL,SITC6_8,WORLD,EE	1576.1 	1731.4 	1860.3 	2188.0 	2422.5 	2735.1 	2871.9 	2142.4 	2699.1 	3348.1 	3469.1 	3573.2 	3606.0 	3696.0 	3855.3 	4105.0 	4390.8 	4538.5 	4401.4 	5284.5 	6078.8 	5388.9 	5144.0 	5355.2 
A,MIO_EXP_VAL,SITC6_8,WORLD,EL	4520.3 	4698.3 	5040.5 	5269.4 	5922.4 	6584.0 	6599.3 	4875.0 	5248.1 	6045.3 	5590.9 	5465.2 	5575.5 	5962.3 	5932.4 	6741.0 	7575.2 	7891.5 	7319.4 	9171.4 	12320.9 	11346.4 	11300.6 	11355.3 
A,MIO_EXP_VAL,SITC6_8,WORLD,ES	36456.9 	35961.1 	37834.1 	39769.9 	44749.6 	48758.1 	51144.8 	42140.7 	49357.4 	56198.7 	57010.8 	58786.1 	61284.4 	64839.3 	66733.4 	73671.8 	75784.8 	77464.9 	68591.6 	85571.0 	100212.9 	96064.8 	96271.0 	97764.3 
A,MIO_EXP_VAL,SITC6_8,WORLD,FI	17400.4 	17380.3 	19223.8 	18811.3 	22539.4 	23724.4 	21828.3 	15567.4 	20094.1 	21638.3 	20885.6 	20555.7 	20692.8 	20367.9 	19986.8 	21836.4 	23519.1 	23324.2 	20146.0 	23673.0 	27317.7 	23913.7 	23319.2 	23325.7 
A,MIO_EXP_VAL,SITC6_8,WORLD,FR	78357.6 	77636.5 	82229.9 	85436.1 	93434.8 	99246.3 	98502.4 	80619.4 	90322.4 	98298.5 	98071.6 	97864.8 	99692.2 	104408.8 	103724.7 	108823.1 	113439.9 	118011.8 	99733.0 	118545.6 	140176.2 	140158.1 	139942.3 	140006.2 
A,MIO_EXP_VAL,SITC6_8,WORLD,HR	1831.6 	1839.1 	2104.2 	2216.1 	2457.5 	2698.1 	2701.8 	2206.3 	2380.9 	2643.2 	2578.0 	2830.7 	3382.4 	3710.2 	4039.1 	4447.4 	4692.1 	4655.1 	4582.8 	5636.8 	6844.4 	6835.6 	7121.0 	7089.4 
A,MIO_EXP_VAL,SITC6_8,WORLD,HU	8507.1 	7960.7 	8809.3 	9799.8 	11331.1 	12801.3 	13363.9 	10825.1 	13008.1 	15448.1 	16300.0 	16755.6 	17360.0 	17775.6 	18850.5 	20758.9 	21335.0 	20825.5 	19068.6 	22299.8 	24946.8 	24787.2 	23690.2 	23285.8 
A,MIO_EXP_VAL,SITC6_8,WORLD,IE	10030.1 	11203.1 	11700.7 	11955.9 	10416.9 	10304.5 	10558.0 	10423.2 	12313.7 	11977.5 	12778.6 	12839.8 	13603.2 	15829.9 	16449.6 	16774.8 	17834.9 	18391.5 	17013.7 	20106.3 	24398.2 	24722.2 	26313.2 	26896.5 
A,MIO_EXP_VAL,SITC6_8,WORLD,IT	110511.2 	105920.6 	115791.3 	118929.0 	132409.9 	142632.2 	139926.7 	107631.0 	123807.7 	137799.5 	140677.2 	142415.8 	146865.0 	149849.3 	150596.0 	160045.0 	165813.8 	170935.4 	147705.9 	186202.2 	219835.0 	209997.6 	206857.5 	202694.4 
A,MIO_EXP_VAL,SITC6_8,WORLD,LT	1701.7 	1818.6 	2116.9 	2488.7 	2982.7 	3517.5 	3755.1 	3005.7 	3790.4 	4598.8 	5258.8 	5929.5 	6354.1 	6198.6 	6540.2 	7381.7 	7945.2 	8236.3 	8243.8 	9707.8 	11403.4 	10448.4 	9745.8 	9757.4 
A,MIO_EXP_VAL,SITC6_8,WORLD,LU	4947.7 	4926.1 	5796.0 	6045.0 	6793.4 	7153.7 	7207.1 	5335.4 	6008.0 	6694.2 	6286.2 	6144.0 	6308.4 	6630.1 	6277.1 	6680.1 	6554.1 	6098.9 	5456.4 	6590.4 	7821.9 	6934.1 	6470.1 	6577.2 
A,MIO_EXP_VAL,SITC6_8,WORLD,LV	1146.8 	1179.8 	1399.8 	1625.4 	1904.4 	2221.1 	2491.7 	1786.8 	2388.8 	3132.4 	3534.8 	3213.9 	3157.9 	3182.5 	3283.1 	3682.9 	3944.8 	4064.3 	4068.0 	5119.2 	5723.5 	5385.4 	4878.6 	5125.8 
A,MIO_EXP_VAL,SITC6_8,WORLD,MT	574.0 	530.1 	505.8 	500.2 	483.4 	463.5 	441.9 	388.1 	444.4 	499.7 	506.6 	502.1 	466.5 	503.1 	465.0 	490.6 	590.8 	690.7 	698.2 	707.8 	752.1 	774.2 	788.1 	799.5 
A,MIO_EXP_VAL,SITC6_8,WORLD,NL	56720.5 	56993.1 	61909.9 	68011.9 	80611.1 	81840.6 	82134.4 	67059.2 	80587.6 	88260.1 	87128.8 	88425.2 	93309.5 	99075.3 	103654.8 	115305.0 	121836.8 	124989.2 	117272.6 	144401.8 	172900.0 	164233.0 	170330.5 	175316.0 
A,MIO_EXP_VAL,SITC6_8,WORLD,PL	17867.2 	19429.7 	23178.8 	26633.6 	32143.5 	36993.0 	40092.6 	32021.1 	39906.1 	46169.5 	48719.8 	51178.8 	55817.8 	61532.1 	64666.4 	73890.2 	80007.2 	84307.6 	84459.1 	103710.7 	118614.2 	117250.1 	119889.2 	124127.1 
A,MIO_EXP_VAL,SITC6_8,WORLD,PT	12718.0 	12761.1 	12842.7 	13179.4 	14541.2 	15663.7 	15512.9 	13411.0 	15099.4 	16689.3 	17448.0 	18356.6 	19484.4 	20160.4 	20611.3 	22157.8 	22844.6 	23032.0 	20708.0 	24630.5 	29426.5 	28789.5 	28414.0 	27751.7 
A,MIO_EXP_VAL,SITC6_8,WORLD,RO	8448.0 	9039.5 	10403.7 	11138.8 	11803.1 	13057.4 	12846.8 	9882.8 	12481.3 	15075.9 	15199.2 	15843.2 	16869.9 	17698.3 	18377.4 	20560.7 	21775.2 	21750.1 	18812.5 	22728.6 	27561.8 	27793.6 	26449.1 	25693.5 
A,MIO_EXP_VAL,SITC6_8,WORLD,SE	26476.8 	26731.6 	29062.8 	30389.5 	33782.7 	36147.3 	36001.2 	27840.1 	34453.5 	37890.3 	37450.7 	34649.3 	33665.5 	34439.8 	33928.3 	35937.1 	35863.0 	36665.9 	35421.9 	41294.1 	47215.7 	44168.3 	44696.7 	46398.9 
A,MIO_EXP_VAL,SITC6_8,WORLD,SI	4828.1 	4864.9 	5548.6 	6226.1 	7222.1 	8060.1 	8104.3 	6055.9 	7166.7 	8251.8 	8065.4 	8003.4 	8400.2 	8934.0 	9392.1 	10372.6 	11308.6 	11376.1 	10605.8 	13277.5 	16182.6 	14875.4 	14073.9 	14066.0 
A,MIO_EXP_VAL,SITC6_8,WORLD,SK	6224.8 	7088.9 	7994.3 	9073.8 	11194.3 	13336.8 	14436.9 	11755.3 	14446.2 	16533.5 	17230.6 	16963.0 	17614.9 	18211.6 	18146.1 	19884.2 	21179.4 	20229.5 	17922.7 	22828.9 	26479.8 	25301.2 	25887.4 	27204.7 
A,MIO_EXP_VAL,SITC7,EU27_2020,AT	25859.8 	25940.7 	28946.3 	27567.3 	30663.5 	34090.3 	33273.0 	24957.4 	28895.0 	30731.3 	31421.2 	33876.7 	33874.6 	35722.1 	37057.4 	40377.3 	42172.5 	42246.7 	37640.6 	42195.3 	48057.1 	50764.6 	48069.8 	49264.3 
A,MIO_EXP_VAL,SITC7,EU27_2020,BE	42098.0 	42828.3 	45883.3 	46445.9 	48575.6 	51357.2 	50151.5 	38144.4 	40101.2 	43530.9 	41941.6 	42036.8 	44046.9 	47841.2 	50577.1 	54129.0 	55655.5 	61798.6 	54959.7 	64399.5 	72003.1 	80995.5 	80327.5 	81121.6 
A,MIO_EXP_VAL,SITC7,EU27_2020,BG	428.3 	535.5 	606.6 	846.3 	1083.2 	1321.1 	1509.0 	1389.9 	1813.3 	2460.7 	2406.8 	2748.6 	3060.7 	3429.2 	3692.9 	4141.8 	4785.8 	5194.5 	4971.8 	5982.8 	7160.2 	7466.2 	7035.6 	6917.3 
A,MIO_EXP_VAL,SITC7,EU27_2020,CY	19.5 	21.0 	80.2 	292.1 	170.4 	136.2 	111.8 	100.5 	122.4 	116.4 	63.6 	76.5 	499.0 	695.4 	447.3 	329.6 	386.3 	577.1 	293.3 	236.7 	244.1 	167.2 	272.5 	459.8 
A,MIO_EXP_VAL,SITC7,EU27_2020,CZ	15742.1 	17531.8 	23655.9 	25738.0 	32105.3 	38089.7 	41753.6 	33886.0 	42122.5 	48679.3 	48133.4 	47512.9 	53431.8 	59198.8 	62438.2 	70295.2 	77203.2 	81260.3 	76435.5 	83663.1 	101620.4 	110262.4 	110703.4 	113023.3 
A,MIO_EXP_VAL,SITC7,EU27_2020,DE	177066.2 	180312.0 	194814.3 	210441.5 	229063.1 	254666.6 	248196.1 	189308.6 	215233.9 	234339.2 	225991.9 	222072.3 	235208.2 	258432.1 	273603.6 	295141.8 	302957.5 	304898.5 	265291.2 	299839.0 	334762.6 	367398.1 	354080.0 	374864.7 
A,MIO_EXP_VAL,SITC7,EU27_2020,DK	9969.3 	9750.4 	9929.6 	10996.4 	11031.3 	11185.0 	11134.0 	8659.7 	8686.8 	9554.4 	9611.9 	10582.5 	11910.3 	12324.9 	12434.5 	11520.3 	12783.3 	13823.6 	13171.1 	13446.7 	16069.6 	15726.5 	15705.2 	17045.6 
A,MIO_EXP_VAL,SITC7,EU27_2020,EE	931.3 	1043.0 	1365.9 	1902.0 	1886.0 	1920.5 	1912.6 	1307.8 	1895.9 	2664.7 	2801.1 	3063.8 	3042.8 	3085.1 	3155.3 	3011.0 	2788.8 	2840.8 	2681.3 	3201.8 	3911.7 	4425.4 	4274.0 	4806.8 
A,MIO_EXP_VAL,SITC7,EU27_2020,EL	793.2 	909.3 	1058.5 	898.8 	1315.4 	1308.1 	1262.0 	921.0 	1045.6 	1166.4 	1090.3 	947.7 	1147.0 	1426.6 	1576.7 	1555.3 	1911.9 	2011.6 	2099.7 	2486.7 	3270.3 	3220.9 	3136.6 	3003.3 
A,MIO_EXP_VAL,SITC7,EU27_2020,ES	36815.6 	38895.1 	40819.2 	40601.1 	43731.3 	46488.5 	44362.1 	38839.4 	42793.9 	47401.4 	41943.6 	43331.4 	44960.5 	50539.3 	55638.8 	56759.8 	59216.7 	59187.3 	55546.0 	57887.2 	65592.3 	73798.3 	72904.4 	70139.6 
A,MIO_EXP_VAL,SITC7,EU27_2020,EU27_2020	597605.6 	614650.3 	666802.0 	702060.9 	777161.1 	848278.8 	840193.6 	665302.6 	755502.1 	816542.3 	796464.5 	798072.0 	847265.0 	932328.7 	980876.7 	1052844.7 	1108831.4 	1147020.1 	1046997.5 	1179845.4 	1353118.2 	1469174.8 	1419525.6 	1467164.7 
A,MIO_EXP_VAL,SITC7,EU27_2020,FI	9014.0 	8614.4 	7722.6 	9324.8 	10623.1 	11461.9 	11496.5 	7875.8 	6405.8 	6504.6 	6182.4 	6097.9 	7099.8 	8405.6 	7825.8 	10506.1 	10648.9 	11788.0 	10005.5 	12448.8 	11942.6 	11781.3 	11904.6 	11137.4 
A,MIO_EXP_VAL,SITC7,EU27_2020,FR	88235.0 	88871.2 	89578.6 	83002.6 	91205.7 	89139.0 	85453.5 	69670.3 	77510.0 	80230.2 	80057.5 	79896.5 	82094.3 	87995.9 	92350.3 	90780.9 	95584.5 	97695.0 	80156.4 	87076.2 	101791.8 	113143.0 	103090.7 	105478.1 
A,MIO_EXP_VAL,SITC7,EU27_2020,HR	904.6 	1149.0 	1419.9 	1381.5 	1569.1 	1699.4 	2051.7 	1352.1 	1840.2 	1766.7 	1463.2 	1342.9 	1375.6 	1751.9 	1855.1 	2128.8 	2464.5 	2627.9 	2452.0 	2779.2 	3423.8 	4032.2 	3877.1 	4472.8 
A,MIO_EXP_VAL,SITC7,EU27_2020,HU	17647.0 	19080.1 	22147.3 	24112.4 	28233.6 	31962.7 	32317.2 	25862.3 	30002.1 	30873.0 	29531.2 	30611.8 	33888.4 	38604.2 	40631.0 	43207.4 	45531.1 	50092.0 	47542.4 	51374.5 	62593.9 	70352.9 	63469.5 	65073.9 
A,MIO_EXP_VAL,SITC7,EU27_2020,IE	11532.3 	10477.4 	10158.4 	10121.2 	10434.9 	9688.5 	7269.4 	4929.3 	4298.8 	4627.9 	4313.9 	4705.8 	4832.3 	6097.5 	6106.8 	6956.9 	5907.8 	5986.0 	5530.8 	6364.0 	6505.9 	6508.1 	9125.7 	10336.4 
A,MIO_EXP_VAL,SITC7,EU27_2020,IT	53311.4 	53207.0 	58308.7 	60384.4 	67072.5 	74276.7 	72349.8 	53134.7 	58258.8 	63528.9 	61364.7 	60712.6 	63916.9 	68885.1 	71825.0 	76281.6 	81835.0 	82226.2 	73918.1 	86123.0 	97114.2 	105051.7 	100347.8 	102006.7 
A,MIO_EXP_VAL,SITC7,EU27_2020,LT	632.0 	831.9 	804.6 	946.6 	1182.7 	1286.5 	1158.8 	923.1 	1125.3 	1278.5 	1340.0 	1419.7 	1665.6 	2039.0 	2156.0 	2616.7 	2789.4 	2989.2 	2970.0 	3570.2 	4429.1 	4905.0 	5199.7 	5449.7 
A,MIO_EXP_VAL,SITC7,EU27_2020,LU	3218.5 	3952.1 	4368.1 	6087.6 	7640.1 	6007.5 	6563.3 	6002.6 	3653.9 	3335.4 	3510.3 	3459.8 	3851.8 	4335.1 	3532.2 	2917.2 	3030.2 	4173.7 	2685.8 	2989.0 	3285.4 	3561.2 	3234.0 	4204.6 
A,MIO_EXP_VAL,SITC7,EU27_2020,LV	119.3 	144.5 	185.9 	358.4 	493.4 	683.9 	885.7 	797.3 	908.6 	1173.5 	1339.2 	1423.1 	1665.6 	1779.1 	1792.9 	1737.5 	1926.0 	2003.2 	2187.9 	2408.3 	2895.6 	3115.5 	3104.5 	3389.5 
A,MIO_EXP_VAL,SITC7,EU27_2020,MT	441.0 	429.9 	455.7 	432.7 	569.4 	477.0 	385.4 	295.5 	362.2 	326.1 	324.1 	299.2 	321.2 	292.7 	337.4 	372.5 	396.5 	501.0 	460.1 	362.9 	603.5 	858.5 	702.9 	660.6 
A,MIO_EXP_VAL,SITC7,EU27_2020,NL	55835.9 	57700.2 	63094.1 	73008.4 	75822.0 	83851.1 	84699.0 	71547.7 	87065.2 	90732.4 	90820.1 	87487.8 	91978.5 	103117.2 	107066.1 	120282.7 	125524.9 	129222.6 	130368.3 	149401.7 	175710.9 	178681.4 	172022.3 	178949.7 
A,MIO_EXP_VAL,SITC7,EU27_2020,PL	12641.6 	14026.2 	17573.2 	20258.8 	25683.0 	29967.0 	33577.2 	30904.6 	35466.8 	36076.6 	35223.5 	36510.2 	42077.6 	47176.2 	49142.8 	54446.9 	59548.6 	65076.8 	65137.5 	77630.9 	89725.6 	98934.1 	95687.5 	98500.9 
A,MIO_EXP_VAL,SITC7,EU27_2020,PT	6985.9 	6889.4 	6754.9 	7191.1 	8003.8 	8367.1 	7971.0 	6092.9 	7153.8 	8440.2 	8040.4 	7794.4 	7864.8 	8596.6 	9243.7 	10192.9 	11986.0 	13672.0 	11992.0 	13319.3 	15901.1 	16615.9 	16573.7 	17075.5 
A,MIO_EXP_VAL,SITC7,EU27_2020,RO	2053.6 	2441.3 	3419.5 	4113.4 	5605.4 	7265.6 	8681.5 	9286.2 	11286.1 	13309.0 	12945.9 	14315.7 	15766.9 	17620.3 	19995.1 	21787.5 	24265.0 	25338.6 	23884.6 	26233.0 	30572.8 	33448.5 	33806.6 	35149.9 
A,MIO_EXP_VAL,SITC7,EU27_2020,SE	16731.5 	18407.5 	21692.5 	21713.7 	25325.7 	26971.6 	24695.0 	16202.0 	20433.7 	23869.3 	22799.9 	22556.7 	22348.5 	24084.6 	25393.9 	26828.2 	28768.5 	29467.5 	27091.4 	30552.8 	33084.8 	37875.1 	36147.6 	36471.9 
A,MIO_EXP_VAL,SITC7,EU27_2020,SI	3295.8 	3339.6 	3913.3 	4751.8 	5442.9 	7110.5 	7457.7 	6142.2 	6948.0 	7435.6 	6748.8 	7101.7 	7945.7 	8744.3 	8887.1 	10884.7 	12098.4 	12633.0 	11408.0 	13967.8 	16590.0 	17039.0 	17277.6 	17978.3 
A,MIO_EXP_VAL,SITC7,EU27_2020,SK	5282.7 	7321.5 	8045.2 	9142.1 	12628.8 	17499.9 	19515.2 	16769.3 	20072.2 	22389.8 	25054.0 	26087.0 	27389.6 	30108.7 	32113.6 	33655.1 	36664.4 	37688.4 	36116.6 	39905.2 	44255.8 	49046.2 	47444.8 	50182.5 
A,MIO_EXP_VAL,SITC7,EXT_EU27_2020,AT	10750.3 	11551.2 	14163.3 	14786.1 	14979.5 	15886.3 	16214.7 	12159.0 	14833.5 	17202.8 	18054.1 	18304.5 	19207.5 	20098.2 	19333.0 	20568.4 	21822.5 	23134.7 	20098.8 	22148.5 	26194.6 	28951.5 	27462.3 	26580.0 
A,MIO_EXP_VAL,SITC7,EXT_EU27_2020,BE	21592.1 	19879.5 	20631.3 	21512.8 	22610.3 	23708.5 	24226.4 	19018.1 	22640.7 	27248.6 	30168.6 	29286.8 	28987.8 	29896.3 	30869.4 	31077.1 	31116.8 	31512.7 	27209.8 	25101.5 	31267.0 	37383.8 	33722.9 	34324.9 
A,MIO_EXP_VAL,SITC7,EXT_EU27_2020,BG	326.2 	333.6 	379.5 	499.9 	534.4 	697.7 	888.0 	584.2 	792.2 	950.9 	1031.5 	1241.5 	1212.7 	1360.6 	1493.3 	1709.0 	1679.0 	1795.6 	1662.6 	1982.5 	2523.3 	3019.0 	3037.7 	3150.9 
A,MIO_EXP_VAL,SITC7,EXT_EU27_2020,CY	31.6 	27.1 	169.8 	192.7 	165.5 	115.7 	85.0 	80.1 	62.1 	79.7 	115.5 	264.5 	741.7 	982.0 	804.0 	859.3 	1585.1 	671.4 	775.4 	1174.1 	1573.4 	1397.2 	1664.9 	625.2 
A,MIO_EXP_VAL,SITC7,EXT_EU27_2020,CZ	4472.1 	4049.3 	5025.2 	6175.2 	8058.7 	10386.0 	11951.7 	9518.0 	12643.8 	15418.9 	18056.8 	18329.0 	19131.3 	19800.8 	20364.8 	21686.7 	22228.8 	23348.9 	21634.9 	22958.1 	26299.5 	28018.4 	33081.8 	35449.7 
A,MIO_EXP_VAL,SITC7,EXT_EU27_2020,DE	172091.2 	169658.4 	186395.2 	196508.7 	220259.7 	233317.2 	237363.2 	193228.3 	246198.4 	279128.6 	305928.9 	307261.2 	316179.7 	339786.9 	333938.6 	349528.2 	354131.2 	353669.5 	308398.8 	337120.2 	372863.2 	391439.3 	378996.5 	362065.3 
A,MIO_EXP_VAL,SITC7,EXT_EU27_2020,DK	7694.8 	6388.2 	7040.5 	8153.4 	8661.5 	8968.5 	10079.6 	8619.7 	9351.8 	10638.2 	10630.5 	9968.1 	10297.1 	10500.0 	10437.6 	12555.2 	11808.8 	12642.6 	10925.6 	13264.2 	13742.7 	14137.6 	15543.9 	16002.1 
A,MIO_EXP_VAL,SITC7,EXT_EU27_2020,EE	126.2 	133.2 	211.5 	276.5 	525.9 	446.1 	588.4 	379.0 	646.1 	1210.7 	1379.0 	1205.0 	1093.2 	890.9 	1055.1 	1172.8 	1594.6 	1616.3 	1838.5 	2152.2 	1879.2 	1629.8 	1581.7 	1345.2 
A,MIO_EXP_VAL,SITC7,EXT_EU27_2020,EL	764.0 	714.9 	710.9 	899.0 	800.7 	953.9 	1251.3 	1506.2 	1116.0 	1058.6 	1133.7 	1048.8 	1107.0 	1129.1 	1013.5 	1024.5 	1017.5 	1167.2 	1167.9 	1391.6 	1742.9 	1857.9 	1840.9 	1768.1 
A,MIO_EXP_VAL,SITC7,EXT_EU27_2020,ES	16905.5 	17930.6 	20045.0 	21803.9 	23817.9 	24908.5 	23854.1 	18769.5 	22181.1 	26903.5 	28309.2 	34117.5 	32927.0 	35998.0 	37023.9 	37119.9 	36491.4 	37019.0 	30059.6 	33100.3 	38471.2 	44564.8 	44411.2 	45031.0 
A,MIO_EXP_VAL,SITC7,EXT_EU27_2020,EU27_2020	456477.2 	438841.2 	482990.2 	516651.8 	558563.3 	604130.5 	620810.9 	496728.0 	607430.4 	683211.3 	735738.4 	741129.7 	750927.1 	803409.5 	799481.5 	843608.3 	858136.4 	876488.3 	763894.5 	837669.7 	955566.0 	1032576.7 	1016924.3 	1027603.3 
A,MIO_EXP_VAL,SITC7,EXT_EU27_2020,FI	11967.0 	11428.5 	12178.0 	14133.9 	15542.4 	16698.9 	17602.9 	10619.0 	11029.4 	10517.4 	10748.7 	9303.9 	9319.6 	8732.5 	8075.8 	9140.7 	9466.1 	9895.6 	9724.2 	9638.4 	11850.6 	13303.6 	10896.4 	12663.8 
A,MIO_EXP_VAL,SITC7,EXT_EU27_2020,FR	75318.7 	69973.4 	74079.8 	78178.3 	71929.8 	73525.2 	75839.5 	62381.0 	74561.6 	78606.3 	86888.2 	83780.1 	83093.4 	90290.1 	88362.5 	94179.0 	96625.8 	100737.6 	69447.8 	76873.1 	89851.6 	99628.9 	101567.3 	110523.9 
A,MIO_EXP_VAL,SITC7,EXT_EU27_2020,HR	576.2 	458.8 	664.3 	665.1 	806.5 	1093.9 	1160.6 	882.0 	979.3 	1078.6 	1118.8 	937.5 	916.1 	1055.4 	1071.0 	1184.1 	1001.8 	1262.9 	1139.2 	1405.6 	1402.2 	1660.8 	1807.7 	1912.6 
A,MIO_EXP_VAL,SITC7,EXT_EU27_2020,HU	3719.7 	4149.4 	5761.0 	7155.4 	9285.2 	11423.6 	12335.1 	10015.9 	13354.4 	14736.5 	13315.4 	12263.6 	10929.2 	11171.6 	11557.5 	11662.4 	11302.7 	11860.8 	11202.7 	12740.1 	18816.0 	20816.7 	20216.4 	21310.7 
A,MIO_EXP_VAL,SITC7,EXT_EU27_2020,IE	21359.5 	12862.7 	12551.8 	12778.1 	12321.4 	11736.6 	10637.0 	8432.5 	6502.4 	6402.4 	6786.6 	6540.2 	6935.9 	10330.9 	14774.4 	13676.7 	13542.3 	17248.1 	16922.5 	18454.2 	21477.4 	18187.6 	22056.3 	25017.2 
A,MIO_EXP_VAL,SITC7,EXT_EU27_2020,IT	47317.7 	44947.5 	49880.2 	51787.6 	56796.5 	64859.4 	67546.3 	55297.4 	62676.1 	69293.5 	72434.7 	75028.8 	77506.1 	81601.1 	81592.3 	86662.6 	85595.3 	84501.9 	75803.5 	88497.8 	101332.4 	110203.0 	106188.5 	105982.6 
A,MIO_EXP_VAL,SITC7,EXT_EU27_2020,LT	803.1 	763.9 	819.2 	999.6 	1348.1 	1616.7 	1898.5 	1091.8 	1684.3 	2325.8 	2750.3 	2971.8 	3264.0 	2209.9 	2127.8 	2912.9 	2941.8 	3273.5 	3070.0 	3140.6 	3629.3 	3435.0 	2176.4 	1935.8 
A,MIO_EXP_VAL,SITC7,EXT_EU27_2020,LU	1019.6 	1200.3 	1112.3 	1527.9 	2047.7 	1541.2 	1633.6 	2048.3 	2299.8 	2352.3 	2282.2 	1498.2 	1083.5 	1184.5 	1164.9 	795.8 	814.1 	1107.6 	797.6 	1014.0 	1200.5 	1226.3 	1075.1 	1050.2 
A,MIO_EXP_VAL,SITC7,EXT_EU27_2020,LV	81.3 	87.5 	134.2 	183.2 	327.0 	491.3 	586.4 	436.0 	531.2 	756.8 	853.0 	889.9 	832.7 	902.8 	874.5 	1087.0 	1093.1 	1147.7 	1183.4 	1213.1 	1489.7 	1447.3 	798.0 	812.7 
A,MIO_EXP_VAL,SITC7,EXT_EU27_2020,MT	967.9 	886.8 	877.3 	761.4 	870.1 	891.0 	776.8 	640.6 	804.5 	891.0 	987.5 	831.5 	660.3 	660.0 	602.2 	564.4 	545.7 	511.3 	470.6 	477.5 	634.9 	535.8 	668.7 	554.6 
A,MIO_EXP_VAL,SITC7,EXT_EU27_2020,NL	28379.5 	28776.2 	32969.4 	35830.7 	39504.4 	47947.6 	45921.7 	36893.7 	45545.7 	49696.0 	54442.1 	54450.5 	56708.3 	63157.2 	61883.7 	68633.1 	72989.8 	77378.7 	73722.9 	76885.5 	89067.2 	101114.8 	98404.3 	108155.2 
A,MIO_EXP_VAL,SITC7,EXT_EU27_2020,PL	3711.1 	3904.6 	5814.7 	7828.8 	9829.7 	11838.8 	14408.7 	11370.1 	14039.6 	16645.8 	18725.9 	21567.3 	20588.0 	21862.1 	21134.1 	22339.4 	23695.3 	25609.1 	24533.2 	29253.7 	33273.0 	36267.9 	36435.5 	37489.1 
A,MIO_EXP_VAL,SITC7,EXT_EU27_2020,PT	2447.4 	2883.9 	3052.7 	3118.1 	3666.0 	3970.1 	4185.3 	2735.2 	2952.2 	3318.1 	4075.9 	4088.1 	4314.1 	4311.1 	4101.5 	4786.1 	4465.2 	4420.2 	3840.6 	4148.8 	4859.9 	5480.9 	5223.3 	5781.2 
A,MIO_EXP_VAL,SITC7,EXT_EU27_2020,RO	1052.4 	912.8 	1061.2 	1549.4 	2128.8 	2799.2 	3419.5 	3198.5 	4546.6 	5295.4 	5232.1 	6529.9 	6441.8 	6673.6 	6941.7 	7247.0 	7650.0 	7138.6 	6095.0 	6961.4 	7794.6 	8176.4 	9680.2 	9880.2 
A,MIO_EXP_VAL,SITC7,EXT_EU27_2020,SE	21480.3 	22315.1 	23973.2 	25839.4 	26679.7 	27231.6 	27671.2 	20052.5 	26884.1 	31672.0 	28768.3 	26697.5 	25250.7 	26504.3 	25836.3 	27994.5 	28557.9 	28692.0 	26799.2 	30047.6 	33092.2 	34826.7 	35533.2 	34789.1 
A,MIO_EXP_VAL,SITC7,EXT_EU27_2020,SI	768.6 	786.5 	1109.0 	1286.2 	1625.7 	1997.3 	2104.7 	1489.8 	1759.6 	1980.2 	2197.4 	2219.9 	2227.9 	2405.3 	2687.1 	2940.1 	3077.8 	3049.2 	3080.5 	3503.2 	4130.7 	4312.9 	4480.9 	5215.2 
A,MIO_EXP_VAL,SITC7,EXT_EU27_2020,SK	753.2 	1837.1 	2179.5 	2220.6 	3440.5 	5079.7 	6581.0 	5281.6 	6814.0 	7802.8 	9323.5 	10504.2 	9970.4 	9914.3 	10361.2 	10501.4 	11296.2 	12075.6 	12289.4 	13021.6 	15106.7 	19552.6 	18372.3 	18186.8 
A,MIO_EXP_VAL,SITC7,WORLD,AT	36610.2 	37491.9 	43109.6 	42353.3 	45643.1 	49976.6 	49487.7 	37116.4 	43728.5 	47934.1 	49475.4 	52181.2 	53082.1 	55820.3 	56390.4 	60945.8 	63995.0 	65381.4 	57739.4 	64343.8 	74251.7 	79716.0 	75532.1 	75844.3 
A,MIO_EXP_VAL,SITC7,WORLD,BE	63690.2 	62707.9 	66514.7 	67958.7 	71185.8 	75065.7 	74377.9 	57162.5 	62742.0 	70779.4 	72110.2 	71323.6 	73034.7 	77737.6 	81446.5 	85206.2 	86772.2 	93311.3 	82169.5 	89501.0 	103270.2 	118379.3 	114050.4 	115446.4 
A,MIO_EXP_VAL,SITC7,WORLD,BG	754.6 	869.1 	986.1 	1346.3 	1617.6 	2018.8 	2396.9 	1974.1 	2605.5 	3411.6 	3438.4 	3990.0 	4273.4 	4789.8 	5186.3 	5850.8 	6464.8 	6990.1 	6634.5 	7965.3 	9683.6 	10485.2 	10073.3 	10068.1 
A,MIO_EXP_VAL,SITC7,WORLD,CY	51.1 	48.1 	249.9 	484.7 	335.9 	251.9 	196.8 	180.6 	184.5 	196.1 	179.1 	340.9 	1240.7 	1677.4 	1251.3 	1188.8 	1971.4 	1248.4 	1068.7 	1410.8 	1817.5 	1564.4 	1937.4 	1085.0 
A,MIO_EXP_VAL,SITC7,WORLD,CZ	20214.2 	21581.2 	28681.1 	31913.3 	40164.0 	48475.7 	53705.3 	43404.0 	54766.3 	64098.2 	66190.2 	65841.9 	72563.1 	78999.6 	82803.0 	91981.8 	99432.0 	104609.2 	98070.4 	106621.2 	127919.9 	138280.8 	143785.2 	148473.1 
A,MIO_EXP_VAL,SITC7,WORLD,DE	349157.4 	349970.4 	381209.5 	406950.2 	449322.8 	487983.8 	485559.3 	382536.9 	461432.3 	513467.9 	531920.8 	529333.5 	551387.9 	598219.0 	607542.1 	644670.0 	657088.8 	658568.0 	573690.0 	636959.2 	707625.8 	758837.4 	733076.5 	736929.9 
A,MIO_EXP_VAL,SITC7,WORLD,DK	17664.1 	16138.6 	16970.1 	19149.8 	19692.8 	20153.4 	21213.7 	17279.4 	18038.6 	20192.6 	20242.4 	20550.5 	22207.4 	22824.9 	22872.2 	24075.4 	24592.1 	26466.2 	24096.7 	26710.8 	29812.3 	29864.1 	31249.1 	33047.7 
A,MIO_EXP_VAL,SITC7,WORLD,EE	1057.5 	1176.2 	1577.4 	2178.6 	2411.8 	2366.6 	2501.0 	1686.8 	2542.0 	3875.4 	4180.1 	4268.9 	4136.0 	3976.0 	4210.4 	4183.8 	4383.4 	4457.2 	4519.8 	5354.0 	5790.9 	6055.2 	5855.7 	6152.0 
A,MIO_EXP_VAL,SITC7,WORLD,EL	1557.2 	1624.2 	1769.4 	1797.8 	2116.1 	2262.0 	2513.3 	2427.1 	2161.7 	2225.0 	2224.0 	1996.5 	2254.0 	2555.7 	2590.1 	2579.8 	2929.4 	3178.8 	3267.7 	3878.3 	5013.3 	5078.8 	4977.5 	4771.4 
A,MIO_EXP_VAL,SITC7,WORLD,ES	53721.1 	56825.7 	60864.2 	62404.9 	67549.2 	71397.0 	68216.2 	57609.0 	64974.9 	74305.0 	70252.8 	77448.9 	77887.5 	86537.3 	92662.7 	93879.7 	95708.1 	96206.3 	85605.6 	90987.5 	104063.4 	118363.1 	117315.7 	115170.6 
A,MIO_EXP_VAL,SITC7,WORLD,FI	20981.1 	20042.9 	19900.5 	23458.7 	26165.5 	28160.8 	29099.4 	18494.8 	17435.2 	17022.0 	16931.0 	15401.8 	16419.5 	17138.1 	15901.6 	19646.8 	20115.0 	21683.7 	19729.8 	22087.2 	23793.2 	25085.0 	22801.1 	23801.2 
A,MIO_EXP_VAL,SITC7,WORLD,FR	163553.7 	158844.6 	163658.3 	161180.9 	163135.5 	162664.2 	161292.9 	132051.3 	152071.6 	158836.5 	166945.7 	163676.6 	165187.7 	178286.0 	180712.8 	184960.0 	192210.3 	198432.6 	149604.2 	163949.3 	191643.4 	212772.0 	204658.0 	216002.0 
A,MIO_EXP_VAL,SITC7,WORLD,HR	1480.8 	1607.8 	2084.3 	2046.6 	2375.6 	2793.3 	3212.3 	2234.1 	2819.5 	2845.4 	2582.0 	2280.4 	2291.7 	2807.4 	2926.0 	3312.9 	3466.3 	3890.8 	3591.1 	4184.9 	4826.0 	5693.0 	5684.8 	6385.4 
A,MIO_EXP_VAL,SITC7,WORLD,HU	21366.7 	23229.5 	27908.3 	31267.8 	37518.8 	43386.4 	44652.3 	35878.2 	43356.5 	45609.5 	42846.6 	42875.4 	44817.6 	49775.8 	52188.5 	54869.9 	56833.8 	61952.8 	58745.1 	64114.6 	81409.8 	91169.7 	83685.9 	86384.7 
A,MIO_EXP_VAL,SITC7,WORLD,IE	32891.9 	23340.0 	22710.2 	22899.3 	22756.2 	21425.1 	17906.3 	13361.8 	10801.2 	11030.3 	11100.5 	11246.0 	11768.2 	16428.4 	20881.3 	20633.6 	19450.1 	23234.2 	22453.3 	24818.2 	27983.3 	24695.7 	31182.0 	35353.6 
A,MIO_EXP_VAL,SITC7,WORLD,IT	100629.1 	98154.5 	108188.9 	112172.0 	123869.1 	139136.0 	139896.1 	108432.1 	120934.9 	132822.3 	133799.4 	135741.4 	141422.9 	150486.1 	153417.3 	162944.2 	167430.3 	166728.1 	149721.5 	174620.8 	198446.6 	215254.7 	206536.3 	207989.3 
A,MIO_EXP_VAL,SITC7,WORLD,LT	1435.1 	1595.9 	1623.8 	1946.2 	2530.7 	2903.2 	3057.3 	2014.9 	2809.6 	3604.3 	4090.4 	4391.5 	4929.6 	4248.9 	4283.8 	5529.6 	5731.2 	6262.7 	6040.0 	6710.8 	8058.4 	8339.9 	7376.1 	7385.5 
A,MIO_EXP_VAL,SITC7,WORLD,LU	4238.1 	5152.4 	5480.4 	7615.5 	9687.8 	7548.7 	8196.8 	8050.9 	5953.7 	5687.7 	5792.5 	4958.0 	4935.3 	5519.6 	4697.1 	3713.0 	3844.3 	5281.3 	3483.4 	4002.9 	4485.9 	4787.4 	4309.2 	5254.8 
A,MIO_EXP_VAL,SITC7,WORLD,LV	200.6 	232.0 	320.0 	541.6 	820.4 	1175.1 	1472.1 	1233.3 	1439.8 	1930.3 	2192.2 	2312.9 	2498.3 	2681.9 	2667.5 	2824.5 	3019.1 	3150.9 	3371.3 	3621.4 	4385.3 	4562.8 	3902.5 	4202.2 
A,MIO_EXP_VAL,SITC7,WORLD,MT	1408.9 	1316.7 	1332.9 	1194.2 	1439.5 	1368.0 	1162.2 	936.1 	1166.7 	1217.1 	1311.5 	1130.7 	981.5 	952.7 	939.6 	936.9 	942.2 	1012.3 	930.7 	840.4 	1238.4 	1394.3 	1371.6 	1215.2 
A,MIO_EXP_VAL,SITC7,WORLD,NL	84215.5 	86476.4 	96063.6 	108839.1 	115326.4 	131798.6 	130620.7 	108441.4 	132610.9 	140428.3 	145262.2 	141938.4 	148686.9 	166274.3 	168949.8 	188915.8 	198514.7 	206601.3 	204091.2 	226287.2 	264778.0 	279796.2 	270426.6 	287104.9 
A,MIO_EXP_VAL,SITC7,WORLD,PL	16352.7 	17930.8 	23387.9 	28087.6 	35512.7 	41805.7 	47985.9 	42274.7 	49506.4 	52722.4 	53949.5 	58077.5 	62665.5 	69038.4 	70276.9 	76786.3 	83243.9 	90685.9 	89670.8 	106884.6 	122998.7 	135202.0 	132123.0 	135990.1 
A,MIO_EXP_VAL,SITC7,WORLD,PT	9433.4 	9773.3 	9807.6 	10309.2 	11669.8 	12337.2 	12156.2 	8828.1 	10106.0 	11758.3 	12116.3 	11882.5 	12178.9 	12907.7 	13345.1 	14978.9 	16451.2 	18092.2 	15832.6 	17468.1 	20761.0 	22096.8 	21797.0 	22856.7 
A,MIO_EXP_VAL,SITC7,WORLD,RO	3106.0 	3354.1 	4480.7 	5662.8 	7734.2 	10064.8 	12101.0 	12484.7 	15832.7 	18604.3 	18178.0 	20845.5 	22208.7 	24293.9 	26936.9 	29034.5 	31915.0 	32477.2 	29979.5 	33194.4 	38367.4 	41624.9 	43486.8 	45030.1 
A,MIO_EXP_VAL,SITC7,WORLD,SE	38211.8 	40722.7 	45665.7 	47553.1 	52005.4 	54203.2 	52366.2 	36254.6 	47317.7 	55541.3 	51568.3 	49254.2 	47599.2 	50588.9 	51230.2 	54822.7 	57326.3 	58159.5 	53890.7 	60600.3 	66177.0 	72701.8 	71680.8 	71260.9 
A,MIO_EXP_VAL,SITC7,WORLD,SI	4064.4 	4126.1 	5022.3 	6038.0 	7068.6 	9107.8 	9562.4 	7632.0 	8707.6 	9415.8 	8946.2 	9321.7 	10173.7 	11149.7 	11574.2 	13824.8 	15176.2 	15682.2 	14488.6 	17471.0 	20720.8 	21351.9 	21758.5 	23193.5 
A,MIO_EXP_VAL,SITC7,WORLD,SK	6035.8 	9158.6 	10224.6 	11362.7 	16069.3 	22579.6 	26096.2 	22050.9 	26886.2 	30192.6 	34377.5 	36591.2 	37360.0 	40023.0 	42474.8 	44156.6 	47960.6 	49763.9 	48406.0 	52926.8 	59362.5 	68598.9 	65817.0 	68369.3 
A,MIO_EXP_VAL,SITC9,EU27_2020,AT	362.8 	322.9 	217.6 	84.1 	111.4 	10.6 	86.9 	274.1 	706.8 	835.6 	695.6 	827.8 	389.0 	513.0 	553.6 	508.1 	750.8 	782.2 	1669.8 	1930.4 	2547.7 	1604.6 	1581.7 	2642.5 
A,MIO_EXP_VAL,SITC9,EU27_2020,BE	348.1 	299.8 	306.2 	474.1 	507.6 	549.2 	699.3 	756.8 	2124.2 	2600.8 	2773.4 	3110.7 	3735.1 	3797.5 	4099.9 	5013.8 	1636.7 	1701.7 	1881.0 	2166.0 	2527.6 	2612.4 	2651.2 	3973.2 
A,MIO_EXP_VAL,SITC9,EU27_2020,BG	57.8 	98.5 	162.7 	0.0 	0.1 	0.8 	2.6 	4.0 	9.2 	16.9 	19.0 	29.8 	45.3 	53.8 	52.9 	69.3 	71.9 	82.2 	88.5 	90.5 	1174.2 	12.2 	10.8 	33.1 
A,MIO_EXP_VAL,SITC9,EU27_2020,CY	0.5 	0.7 	1.0 	5.3 	2.5 	1.0 	5.7 	1.4 	1.2 	1.4 	0.5 	1.6 	1.4 	3.7 	11.8 	14.7 	13.5 	13.9 	17.7 	4.3 	4.7 	5.2 	26.1 	3.6 
A,MIO_EXP_VAL,SITC9,EU27_2020,CZ	49.8 	51.4 	34.0 	18.5 	19.6 	26.2 	39.4 	59.5 	91.5 	104.1 	123.6 	201.5 	202.4 	235.0 	272.4 	310.0 	255.5 	325.1 	343.1 	374.6 	716.2 	535.5 	612.8 	745.8 
A,MIO_EXP_VAL,SITC9,EU27_2020,DE	10717.6 	14692.6 	11843.7 	2222.2 	3435.7 	3382.5 	4103.2 	4405.6 	4923.6 	3940.1 	5325.3 	5073.6 	5467.2 	5988.1 	6466.8 	5097.5 	3853.6 	4478.3 	6275.2 	8934.2 	10686.1 	5329.1 	4892.6 	7573.2 
A,MIO_EXP_VAL,SITC9,EU27_2020,DK	1400.9 	381.5 	378.2 	-168.2 	477.9 	394.8 	387.3 	305.2 	289.9 	353.0 	374.2 	345.3 	358.9 	372.2 	-30.4 	-215.2 	-170.3 	-90.1 	-140.4 	415.3 	129.1 	115.1 	59.9 	34.7 
A,MIO_EXP_VAL,SITC9,EU27_2020,EE	0.0 	0.1 	7.6 	14.3 	16.2 	19.1 	19.9 	21.5 	48.1 	140.5 	124.5 	89.5 	75.2 	66.8 	91.6 	70.8 	74.3 	131.7 	258.9 	252.9 	229.1 	152.8 	202.1 	430.0 
A,MIO_EXP_VAL,SITC9,EU27_2020,EL	154.6 	194.6 	291.0 	4.6 	5.1 	0.8 	0.7 	2.2 	299.5 	366.0 	352.3 	302.6 	320.4 	342.3 	295.8 	279.5 	302.9 	276.6 	206.6 	248.8 	32.3 	30.9 	46.7 	62.0 
A,MIO_EXP_VAL,SITC9,EU27_2020,ES	405.8 	544.3 	721.3 	137.2 	161.1 	384.3 	312.3 	177.5 	1084.0 	1691.4 	2049.9 	1765.7 	1504.6 	1585.7 	1597.2 	1616.3 	1670.3 	1655.5 	1965.3 	2553.8 	1316.1 	1761.8 	1945.6 	2288.3 
A,MIO_EXP_VAL,SITC9,EU27_2020,EU27_2020	20470.6 	25542.2 	18007.9 	6016.5 	7556.8 	9407.1 	6044.6 	7736.7 	11938.5 	15314.5 	17938.5 	14403.4 	13855.7 	15597.2 	15912.0 	17305.3 	10435.7 	13355.4 	17628.8 	24184.2 	28638.6 	21867.2 	23722.0 	32480.3 
A,MIO_EXP_VAL,SITC9,EU27_2020,FI	299.1 	321.7 	366.7 	-114.7 	-216.8 	-189.3 	-181.8 	-173.0 	-163.5 	-103.2 	-173.7 	-120.3 	-158.2 	-161.8 	-117.7 	-96.5 	-94.6 	-88.4 	-220.5 	56.1 	330.5 	1213.2 	959.2 	625.3 
A,MIO_EXP_VAL,SITC9,EU27_2020,FR	1130.5 	1084.6 	1507.5 	1442.5 	901.2 	2907.2 	1237.0 	1263.3 	1719.5 	2726.1 	3103.2 	2270.7 	2204.8 	1881.3 	2460.4 	2530.4 	2423.3 	2506.1 	3125.0 	3972.2 	4752.8 	4152.1 	5415.8 	7354.3 
A,MIO_EXP_VAL,SITC9,EU27_2020,HR	1.1 	6.8 	0.9 	1.0 	1.2 	3.4 	1.7 	3.0 	6.9 	49.9 	179.7 	107.0 	106.7 	93.8 	45.8 	33.3 	37.1 	36.0 	46.3 	64.8 	91.6 	57.7 	63.4 	107.1 
A,MIO_EXP_VAL,SITC9,EU27_2020,HU	357.4 	316.3 	94.4 	23.7 	25.0 	34.6 	63.1 	65.5 	65.1 	117.5 	145.3 	119.8 	57.2 	45.5 	90.0 	89.0 	-262.3 	266.4 	262.0 	290.8 	121.2 	149.2 	192.5 	213.4 
A,MIO_EXP_VAL,SITC9,EU27_2020,IE	1251.6 	1392.5 	1546.8 	1609.0 	1320.6 	1184.6 	1001.6 	957.9 	224.3 	200.7 	197.1 	222.1 	223.2 	210.8 	212.4 	194.1 	229.6 	248.6 	408.7 	366.1 	96.7 	33.9 	29.7 	141.7 
A,MIO_EXP_VAL,SITC9,EU27_2020,IT	2715.9 	4987.3 	230.4 	286.3 	383.1 	322.9 	335.4 	392.0 	677.9 	1480.3 	1785.7 	927.7 	555.2 	501.6 	604.6 	704.4 	906.8 	1085.0 	947.5 	1015.8 	1551.2 	1760.9 	2692.0 	2858.5 
A,MIO_EXP_VAL,SITC9,EU27_2020,LT	5.4 	6.0 	2.2 	0.5 	0.8 	1.1 	1.7 	0.5 	1.5 	2.3 	5.7 	5.4 	5.0 	8.6 	5.6 	12.2 	3.7 	4.4 	5.0 	6.5 	8.9 	8.5 	8.2 	12.9 
A,MIO_EXP_VAL,SITC9,EU27_2020,LU	73.5 	84.3 	98.3 	13.9 	24.2 	36.6 	55.0 	45.1 	165.3 	206.5 	180.3 	174.8 	182.2 	174.1 	185.0 	225.2 	219.0 	182.1 	146.8 	199.5 	186.3 	164.6 	200.9 	252.7 
A,MIO_EXP_VAL,SITC9,EU27_2020,LV	1.3 	1.5 	93.2 	2.0 	1.2 	0.8 	0.9 	9.1 	12.2 	25.4 	46.9 	39.2 	39.3 	31.5 	29.4 	24.1 	29.0 	30.1 	14.3 	16.6 	28.9 	25.0 	21.3 	23.2 
A,MIO_EXP_VAL,SITC9,EU27_2020,MT	0.8 	0.3 	13.1 	16.1 	15.3 	16.1 	21.3 	16.6 	21.3 	24.5 	27.6 	22.7 	21.8 	23.2 	21.8 	23.3 	26.9 	31.4 	7.3 	10.8 	22.7 	28.1 	33.8 	37.5 
A,MIO_EXP_VAL,SITC9,EU27_2020,NL	19.1 	-131.1 	52.9 	-57.1 	302.2 	214.9 	-2248.0 	-1064.8 	-778.3 	-251.1 	-767.2 	-1809.5 	-1896.6 	-562.3 	-1544.9 	419.8 	-1875.3 	-709.2 	-237.5 	551.1 	1421.4 	1302.7 	848.4 	848.5 
A,MIO_EXP_VAL,SITC9,EU27_2020,PL	7.1 	8.4 	10.1 	18.5 	24.8 	30.4 	33.2 	20.7 	35.1 	143.1 	507.4 	221.3 	105.1 	148.7 	204.4 	99.3 	112.8 	131.7 	153.0 	223.6 	168.2 	173.0 	200.2 	200.6 
A,MIO_EXP_VAL,SITC9,EU27_2020,PT	21.3 	18.3 	22.2 	-5.6 	-6.5 	2.9 	30.9 	89.7 	261.6 	550.5 	739.3 	401.1 	243.6 	189.1 	206.6 	183.9 	150.5 	195.8 	184.2 	118.6 	162.0 	176.8 	228.8 	337.3 
A,MIO_EXP_VAL,SITC9,EU27_2020,RO	15.3 	30.8 	11.5 	0.8 	4.0 	0.0 	0.0 	0.0 	-4.5 	-3.2 	-5.2 	-0.4 	-1.0 	-2.4 	-2.3 	-5.9 	-6.1 	-1.1 	-0.1 	0.0 	0.0 	116.5 	174.4 	240.6 
A,MIO_EXP_VAL,SITC9,EU27_2020,SE	1051.0 	809.9 	-32.0 	-46.5 	-0.3 	-21.6 	-59.2 	-0.5 	-20.8 	-19.6 	-6.4 	-48.6 	-97.6 	-69.3 	-71.9 	-57.5 	-96.7 	-122.9 	89.5 	207.6 	136.6 	104.1 	173.5 	293.8 
A,MIO_EXP_VAL,SITC9,EU27_2020,SI	17.3 	15.0 	7.9 	4.0 	6.8 	4.4 	2.1 	4.2 	5.7 	17.1 	32.5 	36.6 	16.7 	18.9 	30.9 	22.6 	24.2 	27.7 	29.8 	24.6 	44.7 	39.6 	261.9 	891.6 
A,MIO_EXP_VAL,SITC9,EU27_2020,SK	4.9 	3.6 	18.8 	29.9 	32.8 	88.9 	92.3 	99.5 	131.0 	98.2 	102.0 	85.9 	148.8 	107.6 	140.3 	138.8 	148.6 	174.5 	101.9 	88.7 	151.7 	201.8 	188.2 	255.1 
A,MIO_EXP_VAL,SITC9,EXT_EU27_2020,AT	253.4 	205.7 	241.6 	455.6 	408.5 	374.9 	335.7 	225.4 	316.5 	248.8 	277.6 	524.0 	608.7 	512.0 	448.3 	328.6 	221.1 	261.3 	463.7 	912.1 	1151.4 	1418.5 	998.5 	1879.1 
A,MIO_EXP_VAL,SITC9,EXT_EU27_2020,BE	154.8 	120.4 	107.5 	91.2 	155.2 	222.0 	1296.5 	1188.9 	1750.0 	2739.3 	1934.4 	3268.2 	3951.9 	3937.1 	4833.7 	4944.0 	2423.7 	2803.0 	2002.2 	1717.9 	2148.3 	1754.3 	2099.2 	2297.5 
A,MIO_EXP_VAL,SITC9,EXT_EU27_2020,BG	405.1 	282.1 	221.2 	98.9 	61.8 	6.2 	8.4 	10.8 	17.4 	36.4 	56.0 	54.1 	43.4 	36.8 	32.3 	32.0 	31.8 	38.9 	47.3 	62.1 	458.9 	226.7 	96.5 	54.2 
A,MIO_EXP_VAL,SITC9,EXT_EU27_2020,CY	0.2 	0.2 	3.0 	3.7 	1.9 	1.2 	1.0 	1.4 	10.4 	33.1 	58.7 	51.0 	55.8 	14.0 	32.8 	64.4 	62.1 	75.6 	64.9 	51.0 	90.1 	88.3 	36.0 	40.1 
A,MIO_EXP_VAL,SITC9,EXT_EU27_2020,CZ	11.8 	4.4 	10.5 	-0.2 	3.4 	3.7 	13.5 	17.2 	26.5 	39.8 	58.6 	75.5 	87.0 	104.1 	57.5 	103.3 	182.7 	258.3 	313.3 	622.8 	717.2 	350.3 	234.5 	254.9 
A,MIO_EXP_VAL,SITC9,EXT_EU27_2020,DE	7924.2 	8535.5 	6670.7 	5812.2 	5403.1 	5444.0 	5150.3 	5435.4 	9076.9 	12724.2 	11507.1 	9594.6 	11117.7 	11798.6 	12657.0 	9162.0 	7334.9 	9283.2 	10182.7 	6838.0 	9228.6 	13012.3 	17799.5 	16299.9 
A,MIO_EXP_VAL,SITC9,EXT_EU27_2020,DK	1307.9 	883.3 	963.7 	856.2 	920.1 	830.0 	837.1 	839.6 	420.1 	445.8 	504.4 	421.2 	371.2 	406.4 	688.7 	874.3 	878.7 	945.3 	676.3 	195.7 	295.7 	333.7 	378.7 	449.6 
A,MIO_EXP_VAL,SITC9,EXT_EU27_2020,EE	0.0 	0.0 	1.6 	2.8 	1.8 	2.3 	3.2 	4.3 	11.0 	35.0 	45.3 	70.5 	42.8 	25.8 	29.4 	25.4 	28.6 	43.0 	24.8 	29.5 	47.9 	52.9 	71.2 	119.4 
A,MIO_EXP_VAL,SITC9,EXT_EU27_2020,EL	44.6 	71.8 	114.6 	103.6 	84.7 	183.8 	216.3 	195.5 	231.4 	311.8 	276.1 	285.9 	255.7 	259.3 	251.8 	254.4 	253.5 	259.0 	257.0 	292.4 	121.8 	113.1 	95.9 	91.0 
A,MIO_EXP_VAL,SITC9,EXT_EU27_2020,ES	977.4 	1019.6 	1123.1 	889.1 	1163.1 	1277.8 	1421.2 	1766.5 	2152.6 	3726.3 	4706.2 	3438.8 	2128.8 	2390.2 	2569.5 	1889.0 	1810.9 	2291.5 	2291.4 	2672.5 	2009.2 	2027.7 	2915.9 	3814.8 
A,MIO_EXP_VAL,SITC9,EXT_EU27_2020,EU27_2020	20111.7 	20209.3 	19310.1 	17405.0 	18547.5 	17083.7 	23037.8 	23391.7 	27851.4 	35928.0 	38368.4 	34747.1 	33778.8 	34991.5 	39370.7 	32904.0 	31432.5 	36880.0 	36295.9 	34388.2 	36668.3 	40103.4 	46997.9 	57317.9 
A,MIO_EXP_VAL,SITC9,EXT_EU27_2020,FI	64.0 	61.1 	216.5 	129.4 	256.3 	217.0 	196.5 	257.1 	337.0 	430.3 	369.3 	267.7 	274.1 	498.3 	524.7 	488.3 	471.2 	505.4 	407.3 	830.3 	1022.8 	1130.4 	1225.1 	1963.6 
A,MIO_EXP_VAL,SITC9,EXT_EU27_2020,FR	4049.4 	3379.1 	5451.6 	4565.4 	5803.4 	3623.0 	5034.0 	4432.6 	3656.6 	4158.3 	4468.7 	4637.2 	4169.5 	5211.8 	5796.2 	5324.4 	5619.6 	7501.3 	5673.8 	8160.4 	6487.5 	6790.1 	7300.1 	9070.4 
A,MIO_EXP_VAL,SITC9,EXT_EU27_2020,HR	0.0 	0.0 	0.0 	0.0 	0.0 	0.0 	0.0 	0.0 	0.0 	0.3 	0.0 	3.9 	17.1 	9.0 	7.5 	6.0 	6.5 	10.7 	25.6 	25.8 	49.2 	21.9 	31.2 	86.1 
A,MIO_EXP_VAL,SITC9,EXT_EU27_2020,HU	86.4 	70.9 	27.6 	9.1 	9.6 	8.6 	12.7 	22.1 	23.2 	28.5 	60.1 	42.0 	38.6 	58.5 	32.6 	181.4 	763.2 	548.2 	542.7 	757.6 	971.2 	687.2 	441.3 	369.0 
A,MIO_EXP_VAL,SITC9,EXT_EU27_2020,IE	1832.7 	2097.5 	2132.6 	1935.5 	1650.8 	1519.9 	1704.2 	2338.1 	2130.9 	444.5 	460.3 	517.6 	533.3 	578.5 	584.9 	552.6 	613.5 	505.1 	438.3 	92.8 	43.3 	50.5 	64.0 	61.4 
A,MIO_EXP_VAL,SITC9,EXT_EU27_2020,IT	1768.9 	2116.3 	990.0 	1045.6 	1150.0 	1736.2 	1989.4 	3156.8 	3918.9 	6372.0 	8474.7 	6227.4 	4983.4 	5106.7 	5305.4 	4756.8 	5188.5 	7098.9 	9190.9 	8833.2 	8709.1 	8748.1 	9499.7 	16031.5 
A,MIO_EXP_VAL,SITC9,EXT_EU27_2020,LT	8.2 	8.5 	2.9 	1.9 	2.0 	2.3 	3.0 	3.6 	4.5 	13.0 	10.4 	10.6 	13.2 	14.7 	16.9 	19.0 	21.5 	16.2 	16.5 	19.1 	22.0 	19.0 	19.8 	22.8 
A,MIO_EXP_VAL,SITC9,EXT_EU27_2020,LU	37.7 	33.1 	46.2 	18.9 	7.2 	44.7 	46.8 	50.8 	65.5 	221.6 	116.9 	25.9 	209.5 	90.9 	154.1 	233.3 	68.4 	67.2 	36.9 	44.9 	56.0 	172.7 	75.3 	97.0 
A,MIO_EXP_VAL,SITC9,EXT_EU27_2020,LV	5.6 	6.5 	2.6 	0.0 	3.6 	3.1 	3.7 	4.6 	9.1 	9.3 	20.3 	17.7 	31.6 	38.3 	38.5 	15.5 	25.8 	14.7 	14.6 	14.1 	220.3 	213.8 	120.6 	116.1 
A,MIO_EXP_VAL,SITC9,EXT_EU27_2020,MT	0.4 	0.1 	0.6 	0.2 	0.9 	0.5 	0.8 	2.1 	7.0 	3.5 	4.7 	6.2 	5.5 	4.9 	4.7 	7.6 	4.8 	5.3 	0.9 	5.0 	10.0 	13.9 	72.0 	55.8 
A,MIO_EXP_VAL,SITC9,EXT_EU27_2020,NL	659.0 	787.5 	557.9 	871.1 	936.1 	1170.4 	4232.9 	2863.6 	2973.3 	3135.1 	3961.9 	4270.0 	3965.0 	2948.5 	4135.8 	2465.5 	4334.1 	3123.9 	2510.6 	1477.2 	1361.3 	1669.8 	2258.9 	2429.2 
A,MIO_EXP_VAL,SITC9,EXT_EU27_2020,PL	1.7 	1.0 	3.2 	3.4 	22.4 	5.7 	21.6 	26.4 	26.4 	23.7 	37.4 	51.4 	100.2 	111.2 	242.7 	319.5 	220.2 	258.3 	206.4 	104.5 	496.5 	280.5 	267.6 	616.9 
A,MIO_EXP_VAL,SITC9,EXT_EU27_2020,PT	52.8 	56.0 	64.1 	28.6 	32.8 	33.8 	37.9 	49.8 	56.3 	22.1 	17.5 	19.0 	16.9 	31.2 	26.3 	24.5 	27.9 	22.8 	52.0 	36.3 	34.3 	35.2 	29.0 	37.5 
A,MIO_EXP_VAL,SITC9,EXT_EU27_2020,RO	51.1 	60.8 	80.5 	142.3 	116.4 	0.0 	0.0 	0.0 	4.5 	6.3 	12.4 	14.0 	13.5 	14.1 	11.0 	14.9 	14.2 	8.4 	6.7 	11.0 	78.6 	83.3 	138.2 	219.8 
A,MIO_EXP_VAL,SITC9,EXT_EU27_2020,SE	404.6 	396.0 	261.7 	323.7 	345.3 	355.3 	450.5 	476.2 	604.7 	702.6 	893.8 	762.7 	702.9 	742.2 	843.8 	782.1 	771.2 	861.3 	821.7 	565.8 	774.9 	753.4 	662.8 	793.1 
A,MIO_EXP_VAL,SITC9,EXT_EU27_2020,SI	7.5 	9.6 	3.8 	7.2 	1.6 	6.1 	7.2 	5.7 	7.1 	10.5 	11.3 	11.8 	14.0 	13.7 	4.7 	5.0 	6.0 	5.3 	9.0 	9.9 	37.1 	44.8 	43.8 	37.2 
A,MIO_EXP_VAL,SITC9,EXT_EU27_2020,SK	2.4 	2.3 	10.8 	9.5 	5.5 	11.2 	13.3 	17.3 	13.5 	6.0 	24.0 	78.2 	27.2 	35.0 	39.9 	30.3 	48.0 	67.6 	18.2 	6.7 	25.1 	11.0 	22.5 	9.9 
A,MIO_EXP_VAL,SITC9,WORLD,AT	616.2 	528.5 	459.3 	539.7 	519.9 	385.5 	422.6 	499.6 	1023.3 	1084.4 	973.2 	1351.8 	997.7 	1025.0 	1001.9 	836.7 	971.9 	1043.5 	2133.5 	2842.4 	3699.1 	3023.1 	2580.2 	4521.6 
A,MIO_EXP_VAL,SITC9,WORLD,BE	502.9 	420.1 	413.7 	565.3 	662.8 	771.3 	1995.8 	1945.7 	3874.2 	5340.1 	4707.8 	6378.8 	7687.0 	7734.6 	8933.6 	9957.8 	4060.5 	4504.7 	3883.2 	3883.9 	4675.8 	4366.7 	4750.3 	6270.7 
A,MIO_EXP_VAL,SITC9,WORLD,BG	463.0 	380.6 	383.9 	98.9 	61.8 	7.0 	11.0 	14.8 	26.6 	53.3 	75.0 	84.0 	88.8 	90.6 	85.1 	101.3 	103.8 	121.1 	135.8 	152.6 	1633.1 	238.9 	107.3 	87.3 
A,MIO_EXP_VAL,SITC9,WORLD,CY	0.7 	0.8 	4.0 	9.0 	4.4 	2.2 	6.8 	2.8 	11.6 	34.5 	59.2 	52.6 	57.2 	17.7 	44.6 	79.1 	75.6 	89.5 	82.6 	55.3 	94.8 	93.5 	62.1 	43.7 
A,MIO_EXP_VAL,SITC9,WORLD,CZ	61.6 	55.8 	44.5 	18.3 	23.0 	30.0 	52.9 	76.6 	118.0 	143.8 	182.2 	277.0 	289.4 	339.0 	329.9 	413.3 	438.2 	583.3 	656.4 	997.4 	1433.5 	885.8 	847.3 	1000.6 
A,MIO_EXP_VAL,SITC9,WORLD,DE	18641.8 	23228.1 	18514.5 	8034.4 	8838.7 	8826.5 	9253.5 	9841.1 	14000.5 	16664.3 	16832.4 	14668.2 	16584.9 	17786.7 	19123.8 	14259.5 	11188.4 	13761.5 	16458.0 	15772.2 	19914.7 	18341.3 	22692.1 	23873.1 
A,MIO_EXP_VAL,SITC9,WORLD,DK	2708.9 	1264.7 	1341.9 	688.0 	1398.0 	1224.8 	1224.4 	1144.8 	710.0 	798.8 	878.6 	766.4 	730.1 	778.6 	658.3 	659.2 	708.4 	855.3 	535.9 	611.0 	424.9 	448.9 	438.6 	484.3 
A,MIO_EXP_VAL,SITC9,WORLD,EE	0.0 	0.1 	9.3 	17.1 	18.0 	21.4 	23.1 	25.8 	59.1 	175.4 	169.8 	159.9 	118.0 	92.6 	120.9 	96.2 	102.9 	174.7 	283.7 	282.4 	277.0 	205.7 	273.3 	549.4 
A,MIO_EXP_VAL,SITC9,WORLD,EL	199.2 	266.5 	405.6 	108.2 	89.7 	184.6 	217.0 	197.7 	530.9 	677.8 	628.5 	588.5 	576.0 	601.6 	547.7 	534.0 	556.4 	535.6 	463.6 	541.2 	154.0 	144.0 	142.6 	153.0 
A,MIO_EXP_VAL,SITC9,WORLD,ES	1383.2 	1563.9 	1844.4 	1026.3 	1324.2 	1662.1 	1733.5 	1944.0 	3236.6 	5417.7 	6756.1 	5204.5 	3633.4 	3975.9 	4166.7 	3505.2 	3481.1 	3947.1 	4256.7 	5226.3 	3325.3 	3789.4 	4861.6 	6103.1 
A,MIO_EXP_VAL,SITC9,WORLD,FI	363.1 	382.8 	583.2 	14.6 	39.5 	27.7 	14.7 	84.1 	173.4 	327.1 	195.6 	147.4 	116.0 	336.5 	406.9 	391.8 	376.6 	417.0 	186.8 	886.4 	1353.3 	2343.5 	2184.3 	2589.0 
A,MIO_EXP_VAL,SITC9,WORLD,FR	5179.9 	4463.7 	6959.1 	6007.9 	6704.6 	6530.2 	6270.9 	5695.9 	5376.1 	6884.4 	7571.8 	6907.9 	6374.3 	7093.1 	8256.7 	7854.8 	8042.9 	10007.4 	8798.8 	12132.6 	11240.3 	10942.3 	12715.9 	16424.6 
A,MIO_EXP_VAL,SITC9,WORLD,HR	1.1 	6.8 	0.9 	1.0 	1.2 	3.4 	1.7 	3.0 	6.9 	50.2 	179.7 	110.9 	123.9 	102.8 	53.3 	39.3 	43.6 	46.7 	71.8 	90.6 	140.7 	79.6 	94.6 	193.2 
A,MIO_EXP_VAL,SITC9,WORLD,HU	443.8 	387.2 	122.0 	32.8 	34.6 	43.3 	75.9 	87.5 	88.3 	145.9 	205.4 	161.8 	95.8 	104.0 	122.6 	270.4 	500.9 	814.5 	804.7 	1048.3 	1092.5 	836.4 	633.8 	582.4 
A,MIO_EXP_VAL,SITC9,WORLD,IE	3084.3 	3490.0 	3679.4 	3544.5 	2971.3 	2704.4 	2705.8 	3296.0 	2355.2 	645.2 	657.4 	739.6 	756.5 	789.3 	797.3 	746.7 	843.1 	753.8 	847.0 	458.9 	140.0 	84.3 	93.8 	203.1 
A,MIO_EXP_VAL,SITC9,WORLD,IT	4484.8 	7103.5 	1220.4 	1331.9 	1533.1 	2059.1 	2324.9 	3548.9 	4596.8 	7852.3 	10260.4 	7155.2 	5538.5 	5608.3 	5909.9 	5461.1 	6095.3 	8183.9 	10138.4 	9849.0 	10260.2 	10509.0 	12191.6 	18890.0 
A,MIO_EXP_VAL,SITC9,WORLD,LT	13.6 	14.4 	5.0 	2.3 	2.9 	3.4 	4.7 	4.2 	6.0 	15.3 	16.1 	16.0 	18.2 	23.3 	22.5 	31.2 	25.2 	20.6 	21.5 	25.5 	31.0 	27.5 	28.0 	35.7 
A,MIO_EXP_VAL,SITC9,WORLD,LU	111.2 	117.3 	144.4 	32.8 	31.4 	81.3 	101.7 	95.9 	230.8 	428.1 	297.2 	200.7 	391.7 	265.0 	339.1 	458.5 	287.4 	249.3 	183.6 	244.4 	242.3 	337.3 	276.2 	349.7 
A,MIO_EXP_VAL,SITC9,WORLD,LV	6.9 	8.0 	95.8 	2.0 	4.8 	3.9 	4.6 	13.7 	21.3 	34.7 	67.2 	56.9 	71.0 	69.9 	68.0 	39.6 	54.8 	44.8 	28.9 	30.7 	249.2 	238.8 	141.9 	139.4 
A,MIO_EXP_VAL,SITC9,WORLD,MT	1.1 	0.4 	13.7 	16.3 	16.2 	16.6 	22.1 	18.7 	28.4 	28.0 	32.2 	28.9 	27.3 	28.1 	26.6 	30.9 	31.7 	36.7 	8.2 	15.8 	32.7 	42.0 	105.8 	93.3 
A,MIO_EXP_VAL,SITC9,WORLD,NL	678.0 	656.4 	610.8 	814.0 	1238.2 	1385.3 	1984.9 	1798.8 	2195.0 	2884.0 	3194.7 	2460.5 	2068.4 	2386.2 	2590.8 	2885.3 	2458.8 	2414.8 	2273.2 	2028.3 	2782.7 	2972.6 	3107.3 	3277.6 
A,MIO_EXP_VAL,SITC9,WORLD,PL	8.8 	9.5 	13.3 	21.9 	47.3 	36.1 	54.8 	47.1 	61.5 	166.8 	544.8 	272.7 	205.3 	259.9 	447.1 	418.8 	333.0 	389.9 	359.4 	328.1 	664.7 	453.5 	467.9 	817.5 
A,MIO_EXP_VAL,SITC9,WORLD,PT	74.0 	74.3 	86.3 	23.0 	26.3 	36.6 	68.8 	139.5 	318.0 	572.6 	756.8 	420.2 	260.5 	220.3 	232.9 	208.5 	178.4 	218.7 	236.3 	154.9 	196.3 	212.0 	257.8 	374.8 
A,MIO_EXP_VAL,SITC9,WORLD,RO	66.4 	91.5 	91.9 	143.2 	120.4 	0.0 	0.0 	0.0 	0.0 	3.1 	7.2 	13.6 	12.5 	11.6 	8.7 	8.9 	8.1 	7.4 	6.6 	11.0 	78.6 	199.8 	312.7 	460.3 
A,MIO_EXP_VAL,SITC9,WORLD,SE	1455.6 	1205.8 	229.7 	277.3 	345.1 	333.7 	391.3 	475.7 	583.9 	683.0 	887.4 	714.1 	605.4 	673.0 	771.9 	724.7 	674.5 	738.4 	911.2 	773.4 	911.5 	857.6 	836.3 	1086.9 
A,MIO_EXP_VAL,SITC9,WORLD,SI	24.8 	24.5 	11.7 	11.2 	8.4 	10.5 	9.3 	9.8 	12.8 	27.5 	43.8 	48.3 	30.7 	32.6 	35.6 	27.5 	30.1 	33.0 	38.8 	34.5 	81.8 	84.4 	305.7 	928.8 
A,MIO_EXP_VAL,SITC9,WORLD,SK	7.3 	5.9 	29.6 	39.4 	38.3 	100.1 	105.6 	116.8 	144.6 	104.2 	126.0 	164.2 	176.0 	142.6 	180.2 	169.0 	196.6 	242.1 	120.1 	95.4 	176.8 	212.8 	210.7 	265.0 
A,MIO_EXP_VAL,TOTAL,EU27_2020,AT	59247.5 	61649.2 	67205.5 	69545.1 	75615.4 	83903.7 	86690.4 	68440.1 	79603.7 	87185.2 	87236.7 	88662.4 	89661.7 	92176.5 	92833.4 	101850.3 	107352.5 	108308.3 	101817.9 	118539.2 	140260.3 	143795.2 	134812.3 	135977.6 
A,MIO_EXP_VAL,TOTAL,EU27_2020,BE	150648.8 	154050.6 	168921.3 	184499.3 	200394.5 	215694.9 	223684.1 	182303.3 	203098.6 	222282.8 	218540.2 	221032.1 	221138.6 	225000.2 	227166.9 	243632.5 	258038.0 	260380.9 	240220.6 	312615.7 	413825.7 	356144.8 	345257.7 	348498.2 
A,MIO_EXP_VAL,TOTAL,EU27_2020,BG	3602.5 	4082.8 	4803.3 	5461.3 	7022.8 	8008.6 	8925.9 	7434.5 	9248.3 	12318.2 	11839.1 	12881.5 	13275.7 	14266.8 	15339.7 	17013.0 	18579.3 	19115.7 	18327.7 	23146.8 	30976.3 	28149.9 	28577.0 	27501.4 
A,MIO_EXP_VAL,TOTAL,EU27_2020,CY	190.9 	197.1 	341.7 	665.4 	586.9 	585.4 	654.5 	524.7 	614.8 	763.7 	693.6 	672.2 	1026.6 	1181.2 	980.7 	943.5 	1082.6 	1250.6 	914.4 	931.3 	1106.3 	1059.3 	1272.8 	1520.0 
A,MIO_EXP_VAL,TOTAL,EU27_2020,CZ	32784.5 	35521.7 	46078.8 	51133.3 	61552.5 	72113.5 	80445.7 	64946.1 	79657.2 	92293.0 	93527.7 	93210.2 	101692.0 	111003.9 	115231.3 	127238.0 	136544.4 	141294.5 	133625.7 	154106.7 	187826.5 	192610.6 	192897.5 	197993.0 
A,MIO_EXP_VAL,TOTAL,EU27_2020,DE	360780.8 	377554.6 	414446.0 	444244.3 	499828.6 	556940.2 	561533.2 	449851.9 	514283.2 	564425.2 	548730.6 	547376.4 	569476.2 	603811.7 	619851.1 	664505.1 	696617.3 	698459.9 	636037.7 	743475.8 	879217.0 	859911.5 	839825.5 	873883.5 
A,MIO_EXP_VAL,TOTAL,EU27_2020,DK	36523.0 	36398.1 	38492.2 	42511.8 	46060.7 	46924.6 	49020.6 	39773.5 	41888.3 	44992.9 	44844.5 	46034.8 	46886.6 	47357.0 	47520.7 	48653.3 	50429.3 	52205.1 	49204.2 	56433.2 	68876.7 	65771.8 	67096.5 	71492.8 
A,MIO_EXP_VAL,TOTAL,EU27_2020,EE	2800.1 	3133.6 	3652.9 	4630.0 	4875.0 	5421.6 	5711.4 	4380.1 	5826.3 	7716.9 	8004.6 	8424.8 	8444.3 	8372.9 	8509.9 	8961.9 	9490.5 	9865.4 	9448.5 	12248.3 	15292.2 	13421.0 	12667.1 	13921.7 
A,MIO_EXP_VAL,TOTAL,EU27_2020,EL	6879.5 	7408.9 	7894.5 	8480.3 	10357.3 	11311.9 	11933.5 	9500.1 	10617.6 	11625.5 	11370.0 	11855.4 	12123.4 	12928.9 	13257.1 	14376.5 	16480.9 	17743.7 	17704.1 	21497.9 	31170.9 	29138.5 	27522.4 	27771.3 
A,MIO_EXP_VAL,TOTAL,EU27_2020,ES	86678.5 	91175.7 	96099.7 	99224.8 	107801.8 	116797.9 	119860.5 	103651.2 	119935.8 	132360.0 	131754.4 	134101.1 	138840.7 	146966.5 	154392.3 	168181.2 	175616.0 	178369.1 	165140.2 	199565.6 	250075.5 	246526.2 	245900.5 	243506.5 
A,MIO_EXP_VAL,TOTAL,EU27_2020,EU27_2020	1499867.3 	1551598.1 	1691934.9 	1823481.2 	2042657.3 	2231583.9 	2306759.4 	1869468.6 	2162091.3 	2389311.2 	2384910.8 	2388172.4 	2459418.2 	2568467.5 	2624142.2 	2844967.8 	3015116.4 	3072241.5 	2856802.8 	3437191.4 	4253339.8 	4117208.4 	4036000.1 	4144230.3 
A,MIO_EXP_VAL,TOTAL,EU27_2020,FI	24628.6 	24581.3 	25284.2 	26417.0 	31262.6 	33556.8 	33134.5 	22746.6 	26101.2 	28824.4 	27650.1 	28062.7 	29043.1 	29015.6 	28183.1 	33167.2 	35036.9 	35918.8 	31380.1 	39031.2 	46093.4 	43234.5 	41904.4 	41988.6 
A,MIO_EXP_VAL,TOTAL,EU27_2020,FR	194284.3 	198935.6 	206156.3 	205908.8 	226404.4 	234875.9 	236148.1 	193245.6 	214577.0 	233192.4 	231180.7 	229510.5 	232326.1 	236392.0 	237473.8 	247017.2 	257994.0 	262092.3 	228831.9 	270418.5 	329953.9 	333655.2 	319946.0 	325658.6 
A,MIO_EXP_VAL,TOTAL,EU27_2020,HR	3360.7 	3669.6 	4171.8 	4373.0 	5154.3 	5255.7 	5613.8 	4389.3 	5307.1 	5592.6 	5450.6 	5693.9 	6466.4 	7482.8 	8009.5 	8881.2 	9782.7 	10154.9 	10115.7 	12489.0 	16591.9 	15553.3 	15718.6 	16781.4 
A,MIO_EXP_VAL,TOTAL,EU27_2020,HU	29448.5 	30697.5 	35192.5 	39098.4 	45720.3 	52882.8 	55398.9 	44579.4 	52579.7 	58801.4 	59074.5 	59802.0 	63506.5 	68646.5 	71295.7 	78332.3 	82391.8 	86778.7 	82653.4 	93709.3 	113139.1 	117893.2 	111793.4 	112352.6 
A,MIO_EXP_VAL,TOTAL,EU27_2020,IE	39148.5 	36310.3 	37888.7 	40883.7 	39332.3 	39658.0 	38025.6 	37527.3 	37476.7 	38959.7 	39667.6 	36302.3 	36508.7 	43638.9 	44452.4 	46122.9 	54133.5 	56048.0 	63947.5 	61448.5 	80309.0 	81092.3 	88290.1 	86449.7 
A,MIO_EXP_VAL,TOTAL,EU27_2020,IT	147184.1 	148478.9 	158004.8 	166289.2 	185613.2 	203739.4 	201011.7 	155369.5 	177947.0 	195392.0 	192910.8 	190233.6 	197884.5 	203617.5 	210996.3 	227102.1 	239282.7 	245447.2 	224792.8 	274601.8 	330452.4 	324124.1 	316810.3 	330138.6 
A,MIO_EXP_VAL,TOTAL,EU27_2020,LT	3054.5 	3464.9 	4631.7 	5790.6 	6678.1 	7540.8 	8959.1 	7073.8 	8783.9 	11568.7 	12482.7 	12402.5 	12440.1 	13024.3 	12758.6 	14479.1 	15550.5 	16302.1 	16029.5 	19861.3 	27576.4 	24245.0 	24643.1 	25565.1 
A,MIO_EXP_VAL,TOTAL,EU27_2020,LU	8597.5 	9439.4 	10683.3 	12454.8 	14746.9 	13505.5 	14314.1 	12127.9 	10461.8 	10948.6 	10782.3 	10844.1 	11425.4 	12246.8 	11263.4 	11223.3 	11243.2 	11722.4 	9735.8 	11477.6 	13267.4 	12638.5 	12121.6 	13509.6 
A,MIO_EXP_VAL,TOTAL,EU27_2020,LV	1527.2 	1634.3 	2086.1 	2759.1 	3185.3 	4000.8 	4493.8 	3573.1 	4606.2 	5967.6 	6659.2 	6867.0 	7131.3 	7164.6 	7200.0 	7683.7 	8396.9 	8703.0 	8821.5 	11234.7 	15047.0 	13316.2 	13172.4 	13801.0 
A,MIO_EXP_VAL,TOTAL,EU27_2020,MT	774.8 	745.6 	771.2 	789.7 	942.7 	888.6 	790.1 	721.5 	986.2 	1149.2 	1168.1 	1135.9 	1004.8 	952.7 	1115.6 	1346.4 	1438.4 	1568.7 	1254.6 	1247.9 	1482.4 	1705.0 	1746.0 	1793.1 
A,MIO_EXP_VAL,TOTAL,EU27_2020,NL	179882.8 	184122.3 	200748.5 	231223.3 	258053.8 	277337.7 	304621.8 	247786.1 	302002.2 	333747.3 	346552.5 	340297.3 	340155.3 	341881.4 	342734.9 	383374.9 	406550.6 	413651.3 	388401.2 	493620.6 	654400.0 	603566.6 	587637.6 	604851.9 
A,MIO_EXP_VAL,TOTAL,EU27_2020,PL	33171.6 	36693.2 	45389.0 	52728.8 	64904.7 	74933.7 	83863.7 	71921.9 	88015.8 	97282.7 	100199.4 	105719.6 	117728.4 	130353.0 	134559.5 	152523.1 	165933.9 	176149.1 	177077.0 	216200.7 	258986.8 	263436.5 	262314.3 	273958.7 
A,MIO_EXP_VAL,TOTAL,EU27_2020,PT	19452.5 	19887.6 	20296.4 	22433.4 	25412.3 	27231.3 	26802.1 	22117.5 	26077.6 	29655.3 	29740.0 	30662.3 	31100.9 	32715.3 	34051.3 	37142.1 	40380.1 	42367.4 	38369.9 	45509.7 	55291.0 	54244.6 	56003.5 	57383.1 
A,MIO_EXP_VAL,TOTAL,EU27_2020,RO	10021.7 	10815.4 	13035.7 	14575.4 	17068.8 	20163.0 	22751.9 	20712.1 	25746.8 	30836.5 	30084.4 	32475.8 	35160.7 	37876.9 	40590.4 	44915.1 	49095.9 	50255.4 	45771.2 	54091.0 	66453.7 	67571.7 	66721.2 	68913.1 
A,MIO_EXP_VAL,TOTAL,EU27_2020,SE	43625.1 	46207.8 	51059.4 	54105.6 	62472.4 	66669.2 	65867.9 	47894.4 	59581.9 	65980.9 	66136.8 	64539.2 	63576.0 	64797.6 	66857.2 	71596.2 	75667.1 	75251.4 	71017.3 	86078.3 	101407.2 	100547.1 	97728.6 	99656.3 
A,MIO_EXP_VAL,TOTAL,EU27_2020,SI	8208.9 	8449.1 	9797.2 	11590.8 	13797.1 	16458.9 	17243.6 	14002.2 	16631.1 	18754.6 	18312.6 	18725.1 	19903.4 	21323.3 	21838.0 	25177.6 	27935.2 	28905.3 	26432.0 	32865.5 	41772.1 	39746.2 	40415.2 	42220.7 
A,MIO_EXP_VAL,TOTAL,EU27_2020,SK	13359.9 	16293.0 	18802.0 	21664.3 	27812.8 	35183.5 	39258.8 	32874.8 	40435.3 	46693.9 	50317.1 	50647.8 	51490.5 	54272.9 	55679.5 	59528.1 	64072.4 	63932.4 	59730.6 	70745.3 	82488.7 	84109.5 	83204.4 	87142.2 
A,MIO_EXP_VAL,TOTAL,EXT_EU27_2020,AT	23951.5 	24229.6 	27959.3 	31075.6 	33297.8 	35483.6 	36568.4 	29773.6 	35474.8 	40277.2 	42441.8 	43222.2 	44510.9 	45580.3 	44576.5 	46906.0 	49076.3 	51280.2 	46470.1 	53002.0 	61138.1 	63459.3 	63035.4 	61037.7 
A,MIO_EXP_VAL,TOTAL,EXT_EU27_2020,BE	77912.4 	71919.0 	77775.7 	84289.5 	91692.6 	98753.8 	97121.0 	83682.8 	104431.3 	119435.4 	128548.3 	131923.6 	134149.1 	132771.6 	132590.4 	136957.9 	138232.1 	139460.2 	129743.0 	154251.9 	193203.3 	179032.7 	167115.9 	155217.5 
A,MIO_EXP_VAL,TOTAL,EXT_EU27_2020,BG	2460.3 	2585.5 	3181.6 	3762.0 	4725.4 	5503.5 	6278.2 	4265.0 	6313.1 	7946.4 	8931.4 	9390.3 	8767.9 	8610.9 	8682.0 	10766.9 	9916.6 	10673.0 	9639.2 	11675.4 	16532.5 	16227.4 	15672.0 	15381.3 
A,MIO_EXP_VAL,TOTAL,EXT_EU27_2020,CY	258.5 	224.1 	420.1 	512.0 	474.9 	431.7 	455.9 	376.7 	442.8 	542.3 	660.4 	848.3 	1347.0 	1779.6 	1699.9 	1960.9 	3169.1 	1828.5 	1782.5 	2436.4 	3190.0 	3616.9 	3845.2 	3981.7 
A,MIO_EXP_VAL,TOTAL,EXT_EU27_2020,CZ	7921.8 	7531.2 	9381.0 	11651.3 	14051.9 	17268.4 	19363.4 	16037.2 	20653.3 	24761.1 	28702.3 	28974.9 	30106.8 	31360.1 	31747.7 	33975.9 	34715.8 	36608.5 	33971.7 	37464.3 	42416.1 	43834.3 	50254.4 	53334.3 
A,MIO_EXP_VAL,TOTAL,EXT_EU27_2020,DE	290478.4 	286837.3 	317033.1 	336170.9 	382702.9 	407097.8 	421721.8 	353159.7 	435346.3 	494472.1 	541799.2 	540694.6 	555558.1 	592010.7 	585637.7 	617359.5 	624115.1 	631954.1 	573170.0 	632719.7 	714376.0 	714551.0 	709140.5 	689164.0 
A,MIO_EXP_VAL,TOTAL,EXT_EU27_2020,DK	24279.4 	22400.0 	23473.8 	25907.8 	27655.4 	28355.5 	30475.4 	27608.2 	30858.3 	35369.2 	38491.9 	37504.6 	37025.1 	38703.3 	38616.0 	42103.0 	42484.0 	47032.1 	45823.4 	50099.9 	55963.6 	53682.1 	56123.9 	60171.8 
A,MIO_EXP_VAL,TOTAL,EXT_EU27_2020,EE	842.3 	869.0 	1115.9 	1571.8 	2844.0 	2611.9 	2758.6 	2106.8 	2916.7 	4286.4 	4516.2 	3863.4 	3638.8 	3202.4 	3387.1 	3915.8 	4931.9 	4516.7 	4825.3 	6004.7 	6442.1 	4725.0 	4698.7 	4656.2 
A,MIO_EXP_VAL,TOTAL,EXT_EU27_2020,EL	5241.9 	5107.7 	5471.7 	6376.6 	6773.6 	8005.3 	9294.2 	8515.0 	10543.6 	12617.0 	16108.4 	15367.5 	14962.1 	12824.8 	12188.7 	14486.5 	16991.5 	16120.8 	13096.6 	18473.6 	24591.2 	21878.8 	22480.5 	20886.8 
A,MIO_EXP_VAL,TOTAL,EXT_EU27_2020,ES	46239.4 	46860.5 	50715.0 	55621.6 	62409.1 	68023.2 	71527.3 	59338.8 	71976.1 	87863.3 	98048.0 	105209.6 	105446.5 	107633.0 	107649.0 	114913.4 	117842.8 	119967.8 	104380.8 	121869.3 	144821.5 	144313.8 	150186.0 	150405.5 
A,MIO_EXP_VAL,TOTAL,EXT_EU27_2020,EU27_2020	999452.8 	968096.3 	1060939.3 	1143975.3 	1266518.0 	1361375.8 	1420848.8 	1184116.6 	1435577.8 	1624461.1 	1770879.8 	1780131.8 	1796783.7 	1876310.9 	1866819.6 	1994149.0 	2058469.7 	2132048.1 	1932076.3 	2180663.8 	2576575.9 	2565988.1 	2594396.6 	2644414.2 
A,MIO_EXP_VAL,TOTAL,EXT_EU27_2020,FI	23113.8 	22422.8 	24173.4 	26229.6 	30226.6 	32130.8 	32445.7 	22316.8 	26337.4 	28030.8 	29228.0 	27984.8 	26930.2 	24935.8 	24138.3 	27071.9 	29198.9 	29696.7 	26494.4 	30440.1 	35791.3 	33127.5 	30221.6 	32292.8 
A,MIO_EXP_VAL,TOTAL,EXT_EU27_2020,FR	156518.6 	147633.7 	157302.0 	166591.8 	168520.6 	173451.0 	182834.8 	154789.8 	180510.1 	195308.1 	211462.8 	207640.2 	205459.8 	220122.7 	215602.0 	226797.6 	234970.1 	247855.9 	198404.3 	224530.4 	259756.3 	268568.3 	272280.1 	280374.8 
A,MIO_EXP_VAL,TOTAL,EXT_EU27_2020,HR	1827.4 	1794.8 	2282.0 	2696.4 	3097.3 	3748.4 	3971.3 	3126.5 	3598.2 	3989.5 	4178.1 	3837.5 	3964.9 	4180.5 	4480.0 	5320.2 	4967.7 	5195.1 	4906.9 	6031.8 	7692.4 	7536.3 	8336.1 	8460.4 
A,MIO_EXP_VAL,TOTAL,EXT_EU27_2020,HU	7054.5 	7398.5 	9478.8 	11489.5 	14215.5 	16726.7 	18373.2 	14933.0 	19444.5 	21882.3 	21537.2 	21143.1 	19759.6 	20199.7 	20777.5 	22420.1 	23181.0 	23799.9 	22775.1 	26202.8 	35016.7 	36080.8 	35364.0 	37342.6 
A,MIO_EXP_VAL,TOTAL,EXT_EU27_2020,IE	54194.8 	45687.0 	46352.9 	47258.2 	47260.3 	49027.5 	47451.2 	45587.1 	51183.5 	52594.8 	52812.7 	51631.5 	54708.5 	67620.3 	73777.9 	75636.8 	85503.7 	95467.6 	93880.8 	99756.4 	123122.8 	111603.0 	134458.2 	172485.0 
A,MIO_EXP_VAL,TOTAL,EXT_EU27_2020,IT	121879.4 	116136.7 	126408.5 	133634.2 	146399.6 	161004.5 	168003.9 	136363.6 	159460.4 	180511.8 	197271.2 	199999.0 	200986.0 	208673.8 	206272.6 	222026.9 	226042.7 	234904.9 	211925.0 	246169.3 	295717.1 	301825.6 	305796.7 	313014.6 
A,MIO_EXP_VAL,TOTAL,EXT_EU27_2020,LT	2482.3 	2693.2 	2846.0 	3699.5 	4584.7 	4968.5 	7118.0 	4723.0 	6866.9 	8582.1 	10564.7 	12142.1 	11921.2 	9879.6 	9848.4 	11931.4 	12720.5 	13321.4 	12618.7 	14613.6 	16736.3 	15514.9 	12129.4 	11300.5 
A,MIO_EXP_VAL,TOTAL,EXT_EU27_2020,LU	2204.4 	2315.4 	2380.2 	2939.4 	3590.1 	3228.1 	3155.4 	3170.9 	3718.5 	4041.5 	3876.4 	3024.1 	2975.5 	3213.5 	2996.4 	2749.6 	2640.2 	2950.7 	2377.5 	2730.8 	3238.8 	3260.3 	2845.4 	2744.2 
A,MIO_EXP_VAL,TOTAL,EXT_EU27_2020,LV	889.4 	922.7 	1137.0 	1389.5 	1716.6 	2061.5 	2403.3 	1948.8 	2584.3 	3465.1 	4324.2 	4025.8 	3963.6 	3915.3 	3911.7 	4667.3 	4938.6 	5320.3 	5444.3 	6415.8 	7908.6 	7588.0 	5901.5 	6125.4 
A,MIO_EXP_VAL,TOTAL,EXT_EU27_2020,MT	1369.5 	1245.5 	1252.3 	1138.5 	1283.8 	1619.2 	1576.9 	1327.1 	1718.8 	2001.3 	2140.0 	1616.7 	1200.8 	1402.3 	1763.6 	1178.1 	1266.0 	1270.5 	1224.7 	1345.1 	1619.3 	1501.0 	1749.2 	1664.4 
A,MIO_EXP_VAL,TOTAL,EXT_EU27_2020,NL	78216.2 	77557.5 	86587.4 	95416.4 	111195.5 	124563.1 	129099.9 	109176.2 	131170.8 	145492.2 	163545.5 	165354.2 	166183.6 	172427.6 	173199.8 	193712.2 	209050.1 	219405.7 	201831.9 	217449.3 	263139.9 	261362.2 	263059.2 	270789.2 
A,MIO_EXP_VAL,TOTAL,EXT_EU27_2020,PL	10327.7 	10833.2 	14942.7 	19160.5 	23324.2 	27325.7 	32031.0 	25943.6 	32466.8 	38275.1 	44083.0 	48624.1 	47986.4 	49179.6 	49611.7 	54862.3 	57279.2 	62029.3 	62136.8 	71979.9 	83907.1 	89489.2 	91440.7 	92496.4 
A,MIO_EXP_VAL,TOTAL,EXT_EU27_2020,PT	7945.8 	8186.4 	8473.5 	8703.7 	10228.2 	11062.7 	12045.2 	9579.2 	11190.3 	13172.8 	15473.0 	16640.6 	16952.8 	16918.7 	15987.5 	17875.9 	17469.9 	17535.4 	15387.5 	18108.8 	23111.7 	23095.5 	22891.6 	21975.7 
A,MIO_EXP_VAL,TOTAL,EXT_EU27_2020,RO	4653.2 	4798.4 	5899.2 	7679.6 	8781.7 	9379.6 	10927.0 	8372.4 	11651.7 	14447.6 	14935.0 	17094.9 	17339.8 	16743.4 	16801.9 	17700.5 	18328.6 	18411.7 	16004.4 	19832.0 	25519.2 	25498.2 	25952.8 	27631.4 
A,MIO_EXP_VAL,TOTAL,EXT_EU27_2020,SE	42562.6 	44054.1 	48037.5 	51160.8 	55234.6 	56509.9 	58776.7 	45868.6 	60014.9 	68331.8 	68004.6 	61618.2 	60344.5 	61460.7 	59043.9 	63760.7 	64884.7 	68169.8 	65090.9 	74258.8 	86431.5 	82181.3 	83115.7 	83676.5 
A,MIO_EXP_VAL,TOTAL,EXT_EU27_2020,SI	2753.1 	2835.9 	3356.0 	3880.3 	4704.0 	5520.7 	5960.0 	4693.2 	5395.8 	6160.5 	6720.6 	6889.7 	7171.6 	7469.2 	7904.4 	8829.6 	9487.9 	11241.9 	12814.8 	15678.9 	24638.6 	27832.3 	32512.2 	43672.7 
A,MIO_EXP_VAL,TOTAL,EXT_EU27_2020,SK	1874.2 	3016.4 	3502.6 	3968.2 	5527.0 	7513.0 	9110.9 	7332.9 	9308.6 	10603.4 	12475.0 	13866.3 	13422.6 	13491.7 	13927.0 	14262.0 	15064.5 	16029.6 	15855.6 	17122.8 	20554.1 	24602.4 	23789.7 	24130.8 
A,MIO_EXP_VAL,TOTAL,WORLD,AT	83199.0 	85878.8 	95164.9 	100620.6 	108913.1 	119387.4 	123258.8 	98213.7 	115078.5 	127462.4 	129678.5 	131884.6 	134172.5 	137756.8 	137409.9 	148756.4 	156428.8 	159588.5 	148288.0 	171541.2 	201398.4 	207254.5 	197847.7 	197015.3 
A,MIO_EXP_VAL,TOTAL,WORLD,BE	228561.1 	225969.6 	246697.0 	268788.8 	292087.1 	314448.7 	320805.2 	265986.0 	307529.9 	341718.2 	347088.6 	352955.7 	355287.7 	357771.8 	359757.3 	380590.4 	396270.0 	399841.1 	369963.6 	466867.6 	607029.0 	535177.5 	512373.7 	503715.7 
A,MIO_EXP_VAL,TOTAL,WORLD,BG	6062.9 	6668.2 	7984.9 	9223.3 	11748.1 	13512.1 	15204.1 	11699.5 	15561.4 	20264.6 	20770.5 	22271.8 	22043.6 	22877.6 	24021.8 	27779.9 	28495.9 	29788.7 	27966.9 	34822.3 	47508.8 	44377.3 	44249.0 	42882.8 
A,MIO_EXP_VAL,TOTAL,WORLD,CY	449.4 	421.2 	761.8 	1177.4 	1061.8 	1017.1 	1110.3 	901.5 	1057.7 	1306.0 	1354.1 	1520.4 	2373.6 	2960.8 	2680.6 	2904.4 	4251.7 	3079.0 	2696.9 	3367.7 	4296.3 	4676.2 	5118.0 	5501.7 
A,MIO_EXP_VAL,TOTAL,WORLD,CZ	40706.3 	43053.0 	55459.8 	62784.6 	75604.4 	89381.8 	99809.1 	80983.3 	100310.5 	117054.1 	122230.0 	122185.1 	131798.9 	142364.1 	146979.0 	161213.9 	171260.2 	177903.0 	167597.4 	191571.0 	230242.7 	236444.8 	243151.9 	251327.3 
A,MIO_EXP_VAL,TOTAL,WORLD,DE	651259.2 	664391.9 	731479.1 	780415.2 	882531.6 	964038.0 	983255.0 	803011.6 	949629.4 	1058897.3 	1090529.8 	1088071.0 	1125034.2 	1195822.4 	1205488.8 	1281864.6 	1320732.4 	1330414.0 	1209207.7 	1376195.5 	1593593.0 	1574462.4 	1548966.1 	1563047.6 
A,MIO_EXP_VAL,TOTAL,WORLD,DK	60802.4 	58798.1 	61966.0 	68419.6 	73716.1 	75280.0 	79495.9 	67381.7 	72746.7 	80362.1 	83336.3 	83539.4 	83911.7 	86060.3 	86136.7 	90756.3 	92913.3 	99237.2 	95027.5 	106533.2 	124840.3 	119453.8 	123220.4 	131664.6 
A,MIO_EXP_VAL,TOTAL,WORLD,EE	3642.4 	4002.7 	4768.7 	6201.9 	7719.0 	8033.5 	8470.1 	6486.9 	8743.0 	12003.4 	12520.7 	12288.2 	12083.1 	11575.3 	11896.9 	12877.6 	14422.4 	14382.1 	14273.8 	18253.0 	21734.3 	18146.0 	17365.8 	18577.9 
A,MIO_EXP_VAL,TOTAL,WORLD,EL	12121.4 	12516.6 	13366.2 	14856.8 	17131.0 	19317.3 	21227.7 	18015.1 	21161.2 	24242.5 	27478.4 	27223.0 	27085.5 	25753.7 	25445.8 	28863.0 	33472.4 	33864.5 	30800.7 	39971.5 	55762.2 	51017.4 	50002.9 	48658.1 
A,MIO_EXP_VAL,TOTAL,WORLD,ES	132917.9 	138036.2 	146814.7 	154846.4 	170210.9 	184821.1 	191387.8 	162990.0 	191911.9 	220223.3 	229802.3 	239310.7 	244287.2 	254599.4 	262041.3 	283094.6 	293458.8 	298337.0 	269521.0 	321434.9 	394896.9 	390840.0 	396086.5 	393912.0 
A,MIO_EXP_VAL,TOTAL,WORLD,FI	47742.3 	47004.1 	49457.6 	52646.6 	61489.2 	65687.6 	65580.2 	45063.4 	52438.6 	56855.2 	56878.0 	56047.5 	55973.3 	53951.3 	52321.3 	60239.2 	64235.8 	65615.5 	57874.5 	69471.3 	81884.7 	76362.0 	72126.0 	74281.4 
A,MIO_EXP_VAL,TOTAL,WORLD,FR	350802.9 	346569.3 	363458.4 	372500.6 	394925.0 	408326.9 	418983.0 	348035.4 	395087.2 	428500.6 	442643.4 	437150.6 	437785.9 	456514.7 	453075.8 	473814.8 	492964.1 	509948.2 	427236.2 	494948.8 	589710.2 	602223.5 	592226.1 	606033.4 
A,MIO_EXP_VAL,TOTAL,WORLD,HR	5188.2 	5464.4 	6453.8 	7069.4 	8251.6 	9004.1 	9585.1 	7515.8 	8905.2 	9582.2 	9628.7 	9531.4 	10431.3 	11663.3 	12489.5 	14201.4 	14750.5 	15350.0 	15022.6 	18520.8 	24284.2 	23089.7 	24054.7 	25241.8 
A,MIO_EXP_VAL,TOTAL,WORLD,HU	36503.1 	38096.0 	44671.4 	50587.9 	59935.8 	69609.5 	73772.1 	59512.4 	72024.3 	80683.7 	80611.6 	80945.1 	83266.1 	88846.1 	92073.2 	100752.4 	105572.8 	110578.6 	105428.5 	119912.1 	148155.8 	153974.0 	147157.4 	149695.2 
A,MIO_EXP_VAL,TOTAL,WORLD,IE	93343.3 	81997.3 	84241.6 	88142.0 	86592.6 	88685.5 	85476.8 	83114.4 	88660.2 	91554.5 	92480.3 	87933.8 	91217.2 	111259.1 	118230.3 	121759.7 	139637.1 	151515.6 	157828.3 	161204.9 	203431.8 	192695.3 	222748.3 	258934.7 
A,MIO_EXP_VAL,TOTAL,WORLD,IT	269063.5 	264615.6 	284413.4 	299923.4 	332012.9 	364743.9 	369015.6 	291733.1 	337407.4 	375903.8 	390182.1 	390232.6 	398870.4 	412291.3 	417268.9 	449129.0 	465325.4 	480352.1 	436717.8 	520771.1 	626169.4 	625949.7 	622607.0 	643153.3 
A,MIO_EXP_VAL,TOTAL,WORLD,LT	5536.8 	6158.1 	7477.7 	9490.1 	11262.8 	12509.4 	16077.1 	11796.8 	15650.7 	20150.8 	23047.4 	24544.6 	24361.3 	22903.9 	22607.0 	26410.5 	28271.0 	29623.5 	28648.2 	34474.9 	44312.6 	39759.9 	36772.5 	36865.7 
A,MIO_EXP_VAL,TOTAL,WORLD,LU	10801.9 	11754.8 	13063.5 	15394.1 	18337.0 	16733.5 	17469.5 	15298.8 	14180.3 	14990.1 	14658.6 	13868.2 	14401.0 	15460.4 	14259.8 	13972.9 	13883.4 	14673.1 	12113.3 	14208.4 	16506.2 	15898.9 	14967.0 	16253.9 
A,MIO_EXP_VAL,TOTAL,WORLD,LV	2416.6 	2557.0 	3223.1 	4148.6 	4901.9 	6062.3 	6897.1 	5521.9 	7190.5 	9432.7 	10983.5 	10892.8 	11094.9 	11079.9 	11111.7 	12351.0 	13335.5 	14023.3 	14265.8 	17650.5 	22955.6 	20904.1 	19073.9 	19926.3 
A,MIO_EXP_VAL,TOTAL,WORLD,MT	2144.3 	1991.1 	2023.4 	1928.2 	2226.5 	2507.8 	2367.0 	2048.6 	2704.9 	3150.5 	3308.1 	2752.6 	2205.6 	2355.0 	2879.2 	2524.5 	2704.5 	2839.2 	2479.4 	2593.0 	3101.6 	3206.0 	3495.2 	3457.4 
A,MIO_EXP_VAL,TOTAL,WORLD,NL	258099.0 	261679.9 	287335.9 	326639.7 	369249.3 	401900.8 	433721.7 	356962.3 	433173.1 	479239.4 	510098.0 	505651.5 	506338.9 	514309.1 	515934.6 	577087.1 	615600.7 	633056.9 	590233.2 	711069.8 	917539.9 	864928.9 	850696.8 	875641.1 
A,MIO_EXP_VAL,TOTAL,WORLD,PL	43499.3 	47526.4 	60331.7 	71889.2 	88228.9 	102259.4 	115894.7 	97865.5 	120482.6 	135557.8 	144282.4 	154343.7 	165714.9 	179532.6 	184171.3 	207385.4 	223213.1 	238178.4 	239213.7 	288180.6 	342893.9 	352925.7 	353755.0 	366455.1 
A,MIO_EXP_VAL,TOTAL,WORLD,PT	27398.3 	28074.0 	28769.8 	31137.1 	35640.5 	38294.1 	38847.3 	31696.8 	37267.9 	42828.0 	45213.0 	47302.9 	48053.7 	49634.0 	50038.8 	55018.0 	57850.0 	59902.8 	53757.4 	63618.5 	78402.7 	77340.1 	78895.0 	79358.8 
A,MIO_EXP_VAL,TOTAL,WORLD,RO	14674.9 	15613.8 	18935.0 	22255.1 	25850.5 	29542.7 	33678.9 	29084.5 	37398.4 	45284.0 	45019.5 	49570.7 	52500.5 	54620.2 	57392.4 	62615.6 	67424.5 	68667.1 	61775.6 	73923.0 	91972.8 	93069.9 	92674.0 	96544.4 
A,MIO_EXP_VAL,TOTAL,WORLD,SE	86187.7 	90261.9 	99097.0 	105266.4 	117706.9 	123179.1 	124644.6 	93763.1 	119596.7 	134312.6 	134141.4 	126157.4 	123920.6 	126258.2 	125901.1 	135356.9 	140551.8 	143421.1 	136108.2 	160337.1 	187838.7 	182728.4 	180844.3 	183332.8 
A,MIO_EXP_VAL,TOTAL,WORLD,SI	10962.0 	11285.0 	13153.3 	15471.2 	18501.0 	21979.6 	23203.7 	18695.4 	22026.9 	24915.1 	25033.2 	25614.8 	27075.0 	28792.6 	29742.4 	34007.2 	37423.0 	40147.2 	39246.8 	48544.4 	66410.6 	67578.5 	72927.4 	85893.4 
A,MIO_EXP_VAL,TOTAL,WORLD,SK	15234.1 	19309.4 	22304.6 	25632.4 	33339.8 	42696.5 	48369.7 	40207.7 	49744.0 	57297.3 	62792.1 	64514.1 	64913.1 	67764.5 	69606.5 	73790.1 	79136.9 	79962.0 	75586.2 	87868.1 	103042.8 	108711.9 	106994.1 	111273.0 
A,MIO_IMP_VAL,SITC0_1,EU27_2020,AT	4219.7 	4455.2 	4874.7 	5158.7 	5527.3 	6139.4 	6730.4 	6480.1 	6938.6 	7637.4 	8157.4 	8384.2 	8615.4 	8841.3 	9117.0 	9611.2 	9771.2 	10139.2 	10013.5 	10737.7 	12718.2 	14025.4 	15309.0 	16499.7 
A,MIO_IMP_VAL,SITC0_1,EU27_2020,BE	11961.8 	12161.2 	12443.2 	13178.1 	13602.7 	15188.2 	16437.6 	15300.8 	15971.1 	17694.1 	19031.7 	20015.3 	20122.8 	20313.4 	21790.6 	23156.5 	23073.1 	23151.0 	23540.9 	26400.3 	31079.5 	33494.1 	35218.1 	38048.9 
A,MIO_IMP_VAL,SITC0_1,EU27_2020,BG	205.4 	231.2 	267.8 	319.2 	403.4 	876.5 	1204.3 	1178.2 	1344.2 	1631.9 	1744.8 	1760.0 	1773.5 	1895.1 	1970.2 	2208.4 	2240.7 	2469.3 	2518.3 	2773.6 	3477.4 	3903.2 	4145.7 	4623.5 
A,MIO_IMP_VAL,SITC0_1,EU27_2020,CY	199.2 	207.8 	323.3 	381.1 	429.4 	507.6 	566.8 	564.2 	613.6 	651.2 	672.7 	671.6 	708.1 	681.4 	731.9 	791.8 	827.9 	860.1 	803.0 	999.8 	1204.6 	1298.0 	1373.7 	1546.8 
A,MIO_IMP_VAL,SITC0_1,EU27_2020,CZ	1476.4 	1573.0 	2209.2 	2766.1 	3297.8 	3935.0 	4347.8 	4220.3 	4635.9 	5190.0 	5634.3 	5834.1 	5913.0 	6611.5 	6773.1 	7133.1 	7359.5 	7909.8 	7804.6 	8576.3 	10434.5 	11764.6 	12644.3 	13570.5 
A,MIO_IMP_VAL,SITC0_1,EU27_2020,DE	29065.4 	30030.8 	30287.9 	32566.3 	35640.3 	38733.9 	41086.2 	39606.1 	41790.7 	45099.8 	47444.6 	50378.3 	51371.5 	54012.6 	57009.1 	61643.5 	62235.5 	63719.6 	64732.0 	69080.3 	78991.0 	87074.4 	91541.2 	98775.4 
A,MIO_IMP_VAL,SITC0_1,EU27_2020,DK	3550.6 	3595.5 	3892.2 	4221.3 	4702.6 	5053.5 	5517.7 	5127.4 	5193.8 	5692.9 	6105.1 	6378.3 	6512.8 	6708.3 	6738.9 	7053.9 	7311.2 	7593.4 	7682.5 	8453.3 	10064.2 	10299.9 	10444.0 	10732.2 
A,MIO_IMP_VAL,SITC0_1,EU27_2020,EE	343.3 	367.1 	459.5 	572.9 	654.3 	821.6 	881.4 	761.6 	837.2 	1031.5 	1124.6 	1229.2 	1200.8 	1187.6 	1224.3 	1345.6 	1338.7 	1397.2 	1351.0 	1478.4 	1874.5 	2025.2 	2191.4 	2347.5 
A,MIO_IMP_VAL,SITC0_1,EU27_2020,EL	3344.4 	3476.1 	3675.3 	3867.6 	4087.3 	4526.5 	4845.4 	4702.6 	4639.0 	4657.0 	4418.4 	4527.6 	4553.8 	4412.2 	4685.3 	4918.1 	4996.4 	5202.3 	4789.6 	5555.3 	7019.9 	7209.4 	7845.4 	8592.1 
A,MIO_IMP_VAL,SITC0_1,EU27_2020,ES	9166.6 	9416.2 	10309.6 	11359.6 	11624.0 	12512.0 	13163.6 	13437.6 	14067.7 	14806.5 	14765.5 	14519.4 	15129.3 	16136.3 	16989.2 	18197.3 	18214.9 	19353.6 	18175.1 	21055.6 	25905.4 	27985.6 	28502.4 	31573.0 
A,MIO_IMP_VAL,SITC0_1,EU27_2020,EU27_2020	128934.8 	133633.8 	142339.1 	152839.4 	165229.3 	183355.5 	199153.3 	191604.3 	204488.6 	222815.4 	233421.5 	243919.4 	247119.4 	257875.2 	269194.7 	288650.9 	293286.8 	302989.2 	302503.2 	332284.3 	396428.3 	429917.4 	448068.3 	485047.3 
A,MIO_IMP_VAL,SITC0_1,EU27_2020,FI	1552.7 	1663.1 	1765.7 	1885.2 	2029.0 	2253.1 	2555.1 	2537.1 	2708.7 	2979.5 	3195.2 	3416.5 	3379.6 	3439.4 	3442.7 	3655.6 	3736.7 	3826.6 	3820.3 	3920.0 	4805.2 	5000.3 	5225.2 	5432.7 
A,MIO_IMP_VAL,SITC0_1,EU27_2020,FR	18886.0 	19599.5 	20274.4 	20813.4 	22032.3 	24070.6 	25860.9 	25647.2 	27071.7 	29400.1 	30483.8 	32066.4 	32306.1 	33491.0 	35098.2 	37110.6 	37629.4 	38212.6 	38258.5 	41068.9 	48051.0 	51161.6 	52285.2 	57060.6 
A,MIO_IMP_VAL,SITC0_1,EU27_2020,HR	685.2 	730.6 	770.8 	853.8 	978.6 	973.8 	1074.0 	989.3 	1024.9 	1151.7 	1192.7 	1445.7 	1730.9 	1921.3 	2037.1 	2308.1 	2449.2 	2773.3 	2574.2 	2994.3 	3846.0 	4533.5 	5217.8 	5711.7 
A,MIO_IMP_VAL,SITC0_1,EU27_2020,HU	769.9 	869.7 	1458.4 	2015.1 	2277.5 	2647.0 	3138.9 	2822.6 	3039.9 	3585.7 	3564.9 	3470.4 	3722.7 	3902.1 	4189.0 	4494.5 	4725.9 	5116.6 	5175.4 	5701.2 	6760.8 	7397.3 	7985.9 	8303.8 
A,MIO_IMP_VAL,SITC0_1,EU27_2020,IE	1083.8 	1071.9 	1032.7 	1241.4 	1372.3 	1611.2 	1748.0 	1576.6 	1606.2 	1747.7 	2057.5 	2244.0 	2203.4 	2399.8 	2472.1 	2644.0 	2812.0 	2834.2 	3352.1 	3413.1 	4215.0 	4862.6 	5093.3 	5230.1 
A,MIO_IMP_VAL,SITC0_1,EU27_2020,IT	15845.4 	16850.0 	18101.9 	18756.9 	20175.9 	21116.0 	21532.9 	20754.4 	22756.9 	24524.4 	24496.8 	25119.3 	25145.8 	25082.8 	25609.4 	27081.1 	27205.1 	27837.8 	26196.3 	29421.5 	36496.3 	40218.3 	41176.0 	45017.2 
A,MIO_IMP_VAL,SITC0_1,EU27_2020,LT	362.4 	381.0 	567.6 	725.3 	991.5 	1296.2 	1738.4 	1445.7 	1803.8 	2114.4 	2507.3 	2853.3 	2808.3 	2636.1 	2452.9 	2806.4 	2857.5 	3034.4 	3020.6 	3320.1 	4265.6 	4644.0 	4280.1 	4727.2 
A,MIO_IMP_VAL,SITC0_1,EU27_2020,LU	1165.6 	1291.0 	1361.8 	1404.4 	1442.5 	1533.9 	1626.4 	1593.6 	1686.4 	1756.6 	1845.2 	1918.2 	2024.0 	2011.8 	2082.0 	2170.9 	2292.7 	2325.7 	2334.1 	2543.0 	2886.5 	3150.3 	3336.4 	3564.8 
A,MIO_IMP_VAL,SITC0_1,EU27_2020,LV	416.4 	410.1 	494.1 	630.0 	795.3 	986.4 	1163.2 	1037.8 	1186.1 	1377.2 	1637.3 	1772.1 	1710.1 	1604.7 	1779.0 	2096.2 	2108.0 	2347.8 	2437.7 	2664.4 	3369.6 	3841.9 	3423.2 	3650.8 
A,MIO_IMP_VAL,SITC0_1,EU27_2020,MT	181.8 	176.5 	226.1 	249.0 	268.7 	333.1 	354.7 	345.0 	346.9 	375.4 	417.8 	448.2 	447.9 	474.2 	496.9 	527.9 	546.0 	546.4 	489.5 	549.8 	703.2 	804.0 	829.6 	905.9 
A,MIO_IMP_VAL,SITC0_1,EU27_2020,NL	13539.0 	13853.5 	14629.5 	14577.8 	15612.7 	17259.4 	18988.6 	17913.4 	19314.9 	21523.3 	22963.0 	23773.3 	23316.5 	25662.3 	25560.8 	27707.4 	28174.8 	28784.7 	29095.2 	32454.0 	39190.3 	40133.4 	40411.5 	43846.3 
A,MIO_IMP_VAL,SITC0_1,EU27_2020,PL	1988.3 	1798.6 	2673.2 	3601.7 	4161.6 	5363.7 	6960.7 	6361.9 	7574.0 	8422.7 	9215.9 	9906.9 	10425.3 	10996.5 	11823.0 	13282.7 	13696.0 	14549.8 	15350.8 	17165.2 	20514.3 	23153.3 	25376.8 	27881.9 
A,MIO_IMP_VAL,SITC0_1,EU27_2020,PT	3412.1 	3502.5 	3564.9 	4048.1 	4568.4 	5001.9 	5225.9 	5371.8 	5642.6 	5760.6 	5700.8 	5942.3 	6166.5 	6285.3 	6601.7 	7155.1 	7447.5 	7669.5 	7407.2 	8252.8 	10390.4 	11563.9 	11876.5 	13206.6 
A,MIO_IMP_VAL,SITC0_1,EU27_2020,RO	632.7 	813.6 	812.9 	977.7 	1182.0 	2198.9 	3014.7 	2724.9 	2636.0 	2913.1 	3242.3 	3506.4 	3691.8 	4366.4 	5101.4 	5545.7 	5728.9 	6413.0 	6767.2 	7624.6 	8983.1 	9811.1 	10637.9 	10623.0 
A,MIO_IMP_VAL,SITC0_1,EU27_2020,SE	3621.6 	3871.8 	4170.3 	4332.1 	4746.2 	5104.7 	5633.7 	5342.4 	5847.1 	6434.4 	7014.7 	7435.0 	7295.3 	7760.1 	8085.7 	8423.6 	8583.1 	8617.2 	8584.7 	9122.6 	10776.1 	11160.0 	11523.4 	13038.2 
A,MIO_IMP_VAL,SITC0_1,EU27_2020,SI	520.6 	526.7 	680.6 	817.1 	960.3 	1160.2 	1302.7 	1282.0 	1343.1 	1466.0 	1509.5 	1546.8 	1565.2 	1632.5 	1684.0 	1811.1 	1906.3 	1989.0 	1938.3 	2162.1 	2599.6 	2945.3 	3079.5 	3340.8 
A,MIO_IMP_VAL,SITC0_1,EU27_2020,SK	738.7 	709.9 	1011.5 	1519.7 	1665.5 	2151.1 	2452.9 	2479.3 	2867.8 	3190.4 	3277.4 	3356.9 	3279.1 	3409.3 	3649.4 	3770.7 	4018.9 	4315.1 	4290.7 	4796.2 	5805.9 	6456.8 	7095.0 	7196.2 
A,MIO_IMP_VAL,SITC0_1,EXT_EU27_2020,AT	610.4 	652.1 	706.7 	778.7 	965.8 	1182.2 	1228.6 	1212.5 	1311.0 	1336.0 	1462.2 	1474.0 	1484.3 	1597.9 	1632.7 	1653.7 	1646.3 	1769.6 	1766.5 	1691.0 	1784.4 	1868.2 	2187.4 	2028.5 
A,MIO_IMP_VAL,SITC0_1,EXT_EU27_2020,BE	4498.3 	4508.0 	4802.5 	4901.7 	5312.4 	5832.7 	6645.2 	5857.0 	5939.4 	6912.5 	6814.7 	6720.8 	7654.9 	7791.9 	8032.0 	8320.6 	7870.2 	7843.8 	7620.2 	7485.3 	8979.4 	8074.6 	9963.5 	11493.7 
A,MIO_IMP_VAL,SITC0_1,EXT_EU27_2020,BG	226.9 	236.2 	305.1 	306.6 	387.4 	298.1 	391.3 	407.4 	370.0 	415.0 	364.9 	438.5 	440.0 	515.1 	553.6 	563.5 	600.1 	712.7 	709.8 	835.3 	1121.5 	1238.8 	1362.8 	1627.8 
A,MIO_IMP_VAL,SITC0_1,EXT_EU27_2020,CY	232.2 	222.9 	200.8 	191.9 	206.6 	247.6 	329.0 	235.9 	273.1 	264.0 	257.6 	236.4 	246.8 	283.3 	277.8 	295.3 	298.8 	308.2 	270.4 	267.1 	404.6 	440.1 	446.9 	445.3 
A,MIO_IMP_VAL,SITC0_1,EXT_EU27_2020,CZ	495.2 	537.1 	426.8 	373.8 	299.3 	346.8 	380.3 	335.1 	389.9 	479.8 	544.1 	532.4 	567.1 	616.1 	602.9 	637.4 	627.6 	655.1 	671.7 	706.0 	901.9 	907.3 	1023.4 	1162.1 
A,MIO_IMP_VAL,SITC0_1,EXT_EU27_2020,DE	8945.5 	8620.1 	8727.7 	9651.2 	10686.4 	11868.0 	12557.5 	11974.1 	13662.9 	15968.2 	15851.0 	15108.2 	15922.3 	17659.2 	17261.7 	16891.1 	16137.4 	16270.0 	16066.3 	15860.1 	19908.0 	17691.7 	20401.8 	24012.5 
A,MIO_IMP_VAL,SITC0_1,EXT_EU27_2020,DK	2663.8 	2543.8 	2575.3 	2711.9 	2889.3 	2987.2 	3092.3 	2776.3 	3150.2 	3248.1 	3225.2 	3513.7 	3623.2 	3851.8 	3997.6 	4113.7 	4214.9 	4397.7 	4079.4 	4213.5 	5241.4 	4993.9 	4707.7 	4795.0 
A,MIO_IMP_VAL,SITC0_1,EXT_EU27_2020,EE	96.6 	114.8 	102.0 	85.0 	85.7 	167.1 	150.9 	104.5 	124.5 	159.7 	174.6 	182.3 	193.1 	136.0 	139.9 	107.0 	116.0 	135.0 	144.6 	180.0 	206.4 	216.4 	288.4 	315.8 
A,MIO_IMP_VAL,SITC0_1,EXT_EU27_2020,EL	1129.8 	1078.6 	1155.6 	1148.2 	1210.6 	1486.6 	1486.3 	1257.9 	1175.1 	1286.8 	1125.0 	1129.5 	1112.1 	1241.9 	1334.3 	1384.3 	1425.8 	1545.3 	1442.0 	1618.4 	2155.8 	2274.0 	2445.3 	2743.2 
A,MIO_IMP_VAL,SITC0_1,EXT_EU27_2020,ES	7342.6 	7532.8 	7921.9 	8398.8 	8715.2 	10413.0 	10467.4 	8184.1 	9034.1 	10403.2 	10608.1 	10185.8 	10418.5 	11703.4 	12042.8 	12908.8 	13813.9 	13972.6 	12502.2 	13582.9 	18942.3 	18296.7 	19240.9 	20886.1 
A,MIO_IMP_VAL,SITC0_1,EXT_EU27_2020,EU27_2020	57878.0 	57621.4 	58737.8 	62577.7 	67417.2 	75600.4 	81352.5 	74288.6 	81465.2 	92610.1 	93606.8 	94803.7 	99404.9 	108452.1 	110012.0 	113360.8 	114592.6 	117591.1 	113089.2 	117058.8 	148576.7 	144403.7 	157293.6 	175024.2 
A,MIO_IMP_VAL,SITC0_1,EXT_EU27_2020,FI	427.6 	424.4 	417.8 	473.5 	525.3 	571.1 	585.8 	569.3 	669.7 	844.5 	812.0 	804.7 	809.0 	875.1 	902.3 	949.3 	921.3 	882.0 	835.1 	826.6 	1133.3 	861.2 	864.4 	919.1 
A,MIO_IMP_VAL,SITC0_1,EXT_EU27_2020,FR	7672.6 	7623.7 	7546.8 	7841.0 	8032.4 	8806.7 	9558.7 	8990.4 	9615.1 	10510.7 	10709.3 	11347.3 	11834.3 	12517.0 	12447.0 	13211.1 	12825.2 	13050.7 	12351.2 	14161.7 	16889.6 	16500.6 	17902.9 	19645.7 
A,MIO_IMP_VAL,SITC0_1,EXT_EU27_2020,HR	247.3 	256.2 	287.1 	324.4 	365.2 	459.8 	536.8 	482.1 	473.3 	536.0 	582.4 	461.2 	391.3 	420.9 	417.8 	411.3 	374.1 	410.7 	406.6 	490.3 	702.7 	828.0 	794.0 	837.2 
A,MIO_IMP_VAL,SITC0_1,EXT_EU27_2020,HU	425.9 	423.1 	337.2 	245.8 	224.5 	272.6 	287.2 	240.4 	267.1 	352.1 	383.1 	366.7 	342.9 	375.1 	372.7 	450.9 	476.5 	510.2 	514.0 	490.7 	996.5 	915.8 	713.6 	709.8 
A,MIO_IMP_VAL,SITC0_1,EXT_EU27_2020,IE	2822.9 	2766.0 	2894.2 	3197.2 	3503.8 	3852.8 	3762.4 	3609.6 	3793.8 	4074.4 	4387.7 	4612.9 	4820.4 	5160.6 	5127.5 	5447.9 	5893.1 	5974.8 	5708.3 	5109.7 	6509.6 	6557.1 	7019.7 	7630.4 
A,MIO_IMP_VAL,SITC0_1,EXT_EU27_2020,IT	5663.3 	5532.5 	5797.3 	5988.0 	6433.6 	7154.5 	7707.1 	7173.4 	7589.3 	8981.5 	8431.8 	8561.6 	9238.6 	10328.6 	10132.5 	10231.6 	10004.3 	10224.9 	9928.6 	10481.6 	13424.8 	13596.4 	14360.9 	16898.8 
A,MIO_IMP_VAL,SITC0_1,EXT_EU27_2020,LT	191.5 	217.7 	172.7 	223.3 	278.9 	286.2 	353.2 	278.3 	304.2 	418.2 	471.6 	512.6 	518.3 	545.5 	531.9 	538.2 	592.5 	653.3 	671.5 	638.0 	831.0 	758.7 	695.2 	689.1 
A,MIO_IMP_VAL,SITC0_1,EXT_EU27_2020,LU	107.8 	88.7 	71.9 	90.9 	77.8 	69.6 	59.3 	74.1 	99.9 	94.6 	84.1 	90.6 	132.1 	172.6 	137.0 	108.4 	111.7 	106.2 	114.9 	85.6 	57.7 	49.9 	53.1 	52.8 
A,MIO_IMP_VAL,SITC0_1,EXT_EU27_2020,LV	102.1 	97.3 	99.0 	114.4 	135.7 	155.1 	193.8 	145.8 	139.8 	155.9 	185.0 	282.1 	248.7 	272.9 	272.7 	340.4 	464.9 	422.2 	475.4 	329.0 	615.7 	707.3 	568.1 	419.9 
A,MIO_IMP_VAL,SITC0_1,EXT_EU27_2020,MT	130.9 	128.2 	113.7 	104.1 	98.6 	116.2 	131.9 	94.9 	102.0 	102.5 	135.1 	118.5 	117.0 	123.9 	157.5 	183.8 	181.1 	166.1 	143.9 	142.5 	214.5 	235.5 	191.3 	196.1 
A,MIO_IMP_VAL,SITC0_1,EXT_EU27_2020,NL	8729.6 	9006.2 	8882.1 	9651.6 	10362.2 	11683.1 	13653.3 	13130.6 	14576.2 	16466.8 	16832.0 	17547.0 	18438.0 	20070.0 	20585.0 	21243.1 	22052.2 	23205.0 	22367.0 	23090.7 	27607.3 	27444.1 	32315.3 	37055.5 
A,MIO_IMP_VAL,SITC0_1,EXT_EU27_2020,PL	1272.2 	1184.8 	1093.3 	1153.0 	1418.1 	1727.8 	1814.9 	1703.9 	2024.9 	2316.2 	2526.2 	2559.7 	2868.5 	3223.5 	3326.6 	3709.9 	3824.1 	4181.5 	4535.2 	4377.8 	6127.5 	5872.8 	6182.4 	6353.8 
A,MIO_IMP_VAL,SITC0_1,EXT_EU27_2020,PT	1410.8 	1280.5 	1319.0 	1336.8 	1280.6 	1581.5 	1777.1 	1323.4 	1454.5 	1850.6 	1715.7 	1720.9 	1486.3 	1686.1 	1796.7 	1917.6 	2028.5 	2027.7 	1795.3 	1853.7 	2575.9 	2596.6 	2589.4 	2872.6 
A,MIO_IMP_VAL,SITC0_1,EXT_EU27_2020,RO	448.2 	590.0 	744.4 	858.6 	1014.1 	775.6 	749.5 	638.7 	652.4 	829.9 	863.8 	803.9 	828.9 	998.2 	962.3 	1077.4 	1053.8 	1096.1 	1150.4 	1341.2 	2157.2 	2258.3 	2051.3 	1987.9 
A,MIO_IMP_VAL,SITC0_1,EXT_EU27_2020,SE	1672.4 	1634.2 	1775.7 	2132.5 	2532.3 	2784.7 	2929.3 	2910.6 	3657.0 	3970.4 	4214.3 	4714.1 	5002.9 	5516.7 	6155.7 	5795.0 	6089.2 	6097.3 	5850.1 	6057.4 	7454.7 	7430.9 	7243.7 	7603.9 
A,MIO_IMP_VAL,SITC0_1,EXT_EU27_2020,SI	146.1 	155.8 	129.3 	192.8 	276.2 	377.9 	424.2 	489.7 	519.2 	529.9 	736.8 	652.2 	537.5 	656.4 	687.3 	709.4 	794.0 	819.4 	819.0 	987.5 	1328.9 	1505.2 	1434.5 	1413.3 
A,MIO_IMP_VAL,SITC0_1,EXT_EU27_2020,SK	165.4 	165.6 	132.0 	102.1 	99.2 	95.9 	99.2 	88.5 	96.5 	102.6 	108.6 	126.0 	128.0 	112.7 	124.1 	159.8 	154.9 	153.5 	149.6 	155.1 	304.0 	283.9 	245.7 	228.3 
A,MIO_IMP_VAL,SITC0_1,WORLD,AT	4830.0 	5107.3 	5581.4 	5937.4 	6493.1 	7321.6 	7959.1 	7692.6 	8249.6 	8973.4 	9619.6 	9858.2 	10099.7 	10439.2 	10749.7 	11264.9 	11417.5 	11908.7 	11780.0 	12428.8 	14502.6 	15893.6 	17496.4 	18528.2 
A,MIO_IMP_VAL,SITC0_1,WORLD,BE	16460.0 	16669.2 	17245.8 	18079.8 	18915.2 	21020.9 	23082.8 	21157.7 	21910.5 	24606.6 	25846.4 	26736.1 	27777.7 	28105.3 	29822.5 	31477.1 	30943.4 	30994.9 	31161.1 	33885.6 	40059.0 	41568.7 	45181.6 	49542.5 
A,MIO_IMP_VAL,SITC0_1,WORLD,BG	432.3 	467.4 	573.0 	625.8 	790.7 	1174.6 	1595.6 	1585.6 	1714.2 	2046.8 	2109.7 	2198.5 	2213.5 	2410.2 	2523.7 	2771.9 	2840.8 	3182.0 	3228.1 	3609.0 	4598.9 	5142.0 	5508.6 	6251.2 
A,MIO_IMP_VAL,SITC0_1,WORLD,CY	431.5 	430.7 	524.0 	573.0 	636.0 	755.2 	895.8 	800.1 	886.7 	915.3 	930.3 	907.9 	954.9 	964.7 	1009.8 	1087.1 	1126.7 	1168.3 	1073.5 	1267.0 	1609.2 	1738.1 	1820.5 	1992.1 
A,MIO_IMP_VAL,SITC0_1,WORLD,CZ	1971.5 	2110.0 	2636.0 	3139.9 	3597.1 	4281.8 	4728.0 	4555.4 	5025.8 	5669.8 	6178.5 	6366.5 	6480.1 	7227.5 	7376.0 	7770.5 	7987.1 	8564.9 	8476.3 	9282.3 	11336.4 	12672.0 	13667.7 	14732.5 
A,MIO_IMP_VAL,SITC0_1,WORLD,DE	38010.8 	38650.9 	39015.6 	42217.6 	46326.7 	50602.0 	53643.7 	51580.2 	55453.7 	61068.0 	63295.6 	65486.4 	67293.8 	71671.8 	74270.8 	78534.6 	78372.9 	79989.6 	80798.3 	84940.4 	98899.0 	104766.0 	111942.9 	122787.9 
A,MIO_IMP_VAL,SITC0_1,WORLD,DK	6214.5 	6139.3 	6467.5 	6933.2 	7591.9 	8040.7 	8609.9 	7903.7 	8344.0 	8941.0 	9330.3 	9892.0 	10136.0 	10560.1 	10736.5 	11167.6 	11526.1 	11991.1 	11761.9 	12666.7 	15305.6 	15293.8 	15151.7 	15527.1 
A,MIO_IMP_VAL,SITC0_1,WORLD,EE	439.9 	481.9 	561.5 	657.9 	740.0 	988.7 	1032.3 	866.1 	961.7 	1191.1 	1299.2 	1411.5 	1393.9 	1323.6 	1364.3 	1452.6 	1454.6 	1532.2 	1495.6 	1658.4 	2080.9 	2241.6 	2479.8 	2663.3 
A,MIO_IMP_VAL,SITC0_1,WORLD,EL	4474.2 	4554.7 	4830.9 	5015.7 	5297.9 	6013.1 	6331.8 	5960.5 	5814.1 	5943.8 	5543.4 	5657.1 	5665.9 	5654.1 	6019.5 	6302.4 	6422.1 	6747.6 	6231.5 	7173.7 	9175.7 	9483.5 	10290.8 	11335.3 
A,MIO_IMP_VAL,SITC0_1,WORLD,ES	16509.3 	16948.9 	18231.5 	19758.4 	20339.2 	22925.1 	23631.1 	21621.7 	23101.8 	25209.7 	25373.6 	24705.2 	25547.8 	27839.7 	29032.0 	31106.1 	32028.8 	33326.2 	30677.3 	34638.5 	44847.7 	46282.3 	47743.3 	52459.1 
A,MIO_IMP_VAL,SITC0_1,WORLD,FI	1980.3 	2087.6 	2183.5 	2358.7 	2554.2 	2824.2 	3140.9 	3106.5 	3378.4 	3823.9 	4007.2 	4221.2 	4188.6 	4314.5 	4345.1 	4604.9 	4658.0 	4708.5 	4655.4 	4746.6 	5938.5 	5861.5 	6089.6 	6351.7 
A,MIO_IMP_VAL,SITC0_1,WORLD,FR	26558.6 	27223.2 	27821.2 	28654.4 	30064.8 	32877.3 	35419.7 	34637.7 	36686.8 	39910.8 	41193.1 	43413.7 	44140.4 	46008.0 	47545.2 	50321.7 	50454.6 	51263.2 	50609.7 	55230.7 	64940.6 	67662.2 	70188.1 	76706.3 
A,MIO_IMP_VAL,SITC0_1,WORLD,HR	932.4 	986.8 	1057.9 	1178.2 	1343.7 	1433.6 	1610.8 	1471.4 	1498.3 	1687.7 	1775.1 	1906.9 	2122.2 	2342.2 	2454.9 	2719.4 	2823.3 	3184.1 	2980.7 	3484.6 	4548.7 	5361.5 	6011.9 	6548.8 
A,MIO_IMP_VAL,SITC0_1,WORLD,HU	1195.8 	1292.8 	1795.6 	2260.9 	2501.9 	2919.6 	3426.1 	3063.0 	3307.0 	3937.8 	3948.0 	3837.1 	4065.5 	4277.2 	4561.7 	4945.5 	5202.4 	5626.7 	5689.4 	6191.9 	7757.3 	8313.1 	8699.5 	9013.6 
A,MIO_IMP_VAL,SITC0_1,WORLD,IE	3906.7 	3837.8 	3927.0 	4438.6 	4876.1 	5463.9 	5510.5 	5186.2 	5400.0 	5822.2 	6445.3 	6856.9 	7023.8 	7560.4 	7599.6 	8091.9 	8705.1 	8809.0 	9060.4 	8522.8 	10724.6 	11419.7 	12113.0 	12860.6 
A,MIO_IMP_VAL,SITC0_1,WORLD,IT	21508.7 	22382.5 	23899.1 	24744.9 	26609.5 	28270.5 	29240.0 	27927.9 	30346.2 	33505.9 	32928.7 	33680.8 	34384.4 	35411.5 	35741.9 	37312.6 	37209.4 	38062.6 	36124.9 	39903.1 	49921.1 	53814.6 	55536.9 	61916.0 
A,MIO_IMP_VAL,SITC0_1,WORLD,LT	553.9 	598.8 	740.3 	948.5 	1270.4 	1582.4 	2091.6 	1724.0 	2108.0 	2532.5 	2978.9 	3365.8 	3326.6 	3181.5 	2984.8 	3344.6 	3450.0 	3687.6 	3692.1 	3958.1 	5096.6 	5402.6 	4975.2 	5416.4 
A,MIO_IMP_VAL,SITC0_1,WORLD,LU	1273.4 	1379.7 	1433.7 	1495.3 	1520.3 	1603.4 	1685.7 	1667.8 	1786.3 	1851.2 	1929.3 	2008.7 	2156.1 	2184.3 	2219.0 	2279.3 	2404.4 	2431.9 	2449.0 	2628.5 	2944.2 	3200.2 	3389.5 	3617.6 
A,MIO_IMP_VAL,SITC0_1,WORLD,LV	518.6 	507.4 	593.2 	744.4 	931.0 	1141.5 	1357.1 	1183.6 	1325.9 	1533.1 	1822.4 	2054.2 	1958.9 	1877.6 	2051.8 	2436.6 	2572.9 	2769.9 	2913.1 	2993.4 	3985.4 	4549.3 	3991.3 	4070.7 
A,MIO_IMP_VAL,SITC0_1,WORLD,MT	312.6 	304.7 	339.8 	353.1 	367.3 	449.3 	486.6 	439.9 	448.9 	477.9 	552.9 	566.7 	564.9 	598.1 	654.3 	711.7 	727.1 	712.5 	633.3 	692.3 	917.7 	1039.5 	1021.0 	1102.0 
A,MIO_IMP_VAL,SITC0_1,WORLD,NL	22268.7 	22859.7 	23511.6 	24229.3 	25974.9 	28942.4 	32641.9 	31044.1 	33891.1 	37990.1 	39795.0 	41320.4 	41754.5 	45732.3 	46145.9 	48950.6 	50227.0 	51989.7 	51462.1 	55544.7 	66797.6 	67577.5 	72726.8 	80901.9 
A,MIO_IMP_VAL,SITC0_1,WORLD,PL	3260.5 	2983.4 	3766.5 	4754.6 	5579.8 	7091.5 	8775.6 	8065.8 	9598.9 	10738.9 	11742.1 	12466.6 	13293.7 	14219.9 	15149.5 	16992.6 	17520.1 	18731.3 	19886.0 	21543.0 	26641.8 	29026.0 	31559.2 	34235.7 
A,MIO_IMP_VAL,SITC0_1,WORLD,PT	4823.0 	4782.9 	4883.9 	5384.9 	5849.0 	6583.4 	7003.1 	6695.3 	7097.1 	7611.3 	7416.5 	7663.2 	7652.8 	7971.4 	8398.4 	9072.7 	9476.0 	9697.2 	9202.4 	10106.5 	12966.2 	14160.6 	14465.9 	16079.2 
A,MIO_IMP_VAL,SITC0_1,WORLD,RO	1080.9 	1403.6 	1557.3 	1836.3 	2196.1 	2974.6 	3764.2 	3363.6 	3288.4 	3743.0 	4106.2 	4310.3 	4520.7 	5364.5 	6063.7 	6623.1 	6782.6 	7509.1 	7917.6 	8965.8 	11140.3 	12069.4 	12689.1 	12610.9 
A,MIO_IMP_VAL,SITC0_1,WORLD,SE	5293.9 	5506.0 	5946.0 	6464.5 	7278.5 	7889.4 	8562.9 	8253.0 	9504.1 	10404.9 	11229.0 	12149.1 	12298.2 	13276.9 	14241.4 	14218.7 	14672.3 	14714.5 	14434.8 	15180.0 	18230.8 	18590.8 	18767.1 	20642.1 
A,MIO_IMP_VAL,SITC0_1,WORLD,SI	666.7 	682.5 	809.9 	1009.9 	1236.5 	1538.1 	1726.9 	1771.7 	1862.3 	1995.9 	2246.3 	2199.0 	2102.6 	2288.9 	2371.4 	2520.5 	2700.3 	2808.4 	2757.3 	3149.6 	3928.6 	4450.4 	4514.0 	4754.1 
A,MIO_IMP_VAL,SITC0_1,WORLD,SK	904.2 	875.4 	1143.5 	1621.8 	1764.7 	2247.1 	2552.1 	2567.8 	2964.3 	3293.0 	3386.0 	3482.9 	3407.1 	3522.0 	3773.5 	3930.5 	4173.8 	4468.6 	4440.3 	4951.2 	6109.9 	6740.6 	7340.7 	7424.6 
A,MIO_IMP_VAL,SITC2_4,EU27_2020,AT	2387.7 	2434.8 	2732.7 	3122.4 	3816.5 	4126.2 	4432.8 	3594.2 	4982.8 	5706.7 	5490.7 	5110.9 	4869.2 	4889.0 	4834.5 	5268.9 	5635.7 	5280.2 	5242.7 	7396.1 	8209.4 	6930.3 	6646.9 	6651.2 
A,MIO_IMP_VAL,SITC2_4,EU27_2020,BE	4328.5 	4442.6 	5983.4 	6591.2 	8360.4 	9160.5 	9397.7 	6573.7 	8371.8 	10049.1 	9374.8 	8591.9 	8823.7 	7612.2 	7978.2 	8569.4 	9727.8 	9165.8 	10344.3 	14505.0 	15423.0 	13098.2 	13142.9 	13952.5 
A,MIO_IMP_VAL,SITC2_4,EU27_2020,BG	138.7 	158.9 	199.4 	241.5 	342.3 	392.3 	507.4 	328.5 	611.4 	1553.7 	1453.0 	1557.5 	1400.5 	1322.7 	1170.8 	1670.9 	1646.4 	1388.6 	744.1 	1163.7 	1501.9 	1343.3 	1405.6 	1337.4 
A,MIO_IMP_VAL,SITC2_4,EU27_2020,CY	45.4 	51.4 	52.7 	58.6 	60.9 	79.8 	74.9 	58.6 	66.0 	63.5 	48.9 	41.7 	46.8 	43.7 	50.8 	51.1 	53.0 	51.7 	49.9 	64.6 	85.4 	65.2 	78.4 	77.2 
A,MIO_IMP_VAL,SITC2_4,EU27_2020,CZ	724.0 	803.3 	1081.5 	1169.7 	1383.7 	1452.8 	1636.1 	1331.7 	1692.5 	2119.7 	2224.5 	2129.8 	2088.9 	2165.4 	2225.1 	2311.9 	2303.0 	2236.1 	2041.4 	2736.8 	3528.0 	3083.4 	3212.1 	3265.2 
A,MIO_IMP_VAL,SITC2_4,EU27_2020,DE	11311.2 	11218.6 	12840.6 	14780.3 	18294.9 	20731.8 	21406.1 	15788.1 	22539.0 	26977.3 	25612.6 	25380.1 	24884.3 	24713.5 	24431.0 	26967.5 	27169.3 	27219.7 	25738.7 	34773.0 	39286.0 	34280.5 	32725.6 	34099.6 
A,MIO_IMP_VAL,SITC2_4,EU27_2020,DK	1352.0 	1410.3 	1421.3 	1444.8 	1744.1 	1822.6 	1831.7 	1481.4 	1692.0 	1962.8 	1892.3 	2040.9 	2150.1 	2233.3 	2062.8 	2275.2 	2341.3 	2191.7 	2143.5 	2855.3 	3151.0 	2889.0 	2688.2 	2782.7 
A,MIO_IMP_VAL,SITC2_4,EU27_2020,EE	129.2 	115.2 	139.9 	173.2 	193.5 	218.5 	241.6 	161.6 	192.9 	234.8 	324.3 	379.3 	371.7 	343.8 	349.5 	389.8 	421.8 	419.5 	429.3 	630.1 	819.3 	723.8 	714.8 	819.5 
A,MIO_IMP_VAL,SITC2_4,EU27_2020,EL	543.4 	541.6 	605.2 	625.4 	736.9 	900.3 	865.0 	655.9 	737.7 	774.9 	717.8 	687.5 	744.7 	687.5 	672.4 	806.3 	828.6 	743.4 	682.6 	920.6 	1275.3 	1216.6 	1295.3 	1339.8 
A,MIO_IMP_VAL,SITC2_4,EU27_2020,ES	2938.3 	3096.7 	3543.7 	3917.1 	4882.1 	5142.1 	5159.9 	3581.4 	4790.3 	5393.9 	5137.4 	4916.5 	4815.5 	5025.9 	4887.7 	5404.4 	5880.7 	5695.3 	5210.4 	7497.4 	9783.2 	9140.0 	8900.3 	8760.4 
A,MIO_IMP_VAL,SITC2_4,EU27_2020,EU27_2020	48116.4 	49078.6 	57242.2 	62172.3 	75482.0 	83511.9 	86989.5 	64341.7 	87216.5 	103509.8 	98750.2 	96181.8 	95551.1 	94607.4 	93222.1 	104114.6 	109183.7 	105407.1 	101199.3 	137950.1 	161644.3 	140866.3 	139279.7 	143349.0 
A,MIO_IMP_VAL,SITC2_4,EU27_2020,FI	767.3 	933.7 	1249.9 	1514.4 	2349.8 	2865.3 	2561.8 	1597.5 	2811.4 	3130.0 	2217.1 	2206.4 	2348.7 	1998.5 	1884.9 	2247.0 	2432.1 	2214.6 	2119.8 	3001.8 	3678.7 	3143.9 	2941.8 	2937.1 
A,MIO_IMP_VAL,SITC2_4,EU27_2020,FR	5209.5 	5405.9 	5943.8 	6065.3 	6833.1 	7396.8 	8031.8 	6367.2 	7735.4 	8798.5 	8132.1 	8321.5 	8194.9 	8541.3 	8351.6 	9045.0 	9429.9 	9070.2 	8536.1 	11037.0 	13249.9 	11745.1 	11351.0 	10935.5 
A,MIO_IMP_VAL,SITC2_4,EU27_2020,HR	165.0 	182.1 	185.6 	199.8 	200.0 	217.4 	263.7 	187.6 	179.8 	184.4 	204.4 	217.7 	280.2 	310.7 	313.3 	370.1 	423.4 	400.2 	384.7 	548.5 	772.7 	638.3 	636.8 	618.4 
A,MIO_IMP_VAL,SITC2_4,EU27_2020,HU	496.2 	512.2 	555.4 	639.2 	750.7 	826.5 	1020.5 	718.9 	944.7 	1316.8 	1373.3 	1379.9 	1320.0 	1263.0 	1298.4 	1505.7 	1587.4 	1659.7 	1524.6 	2192.4 	2555.7 	2082.5 	2088.7 	2165.4 
A,MIO_IMP_VAL,SITC2_4,EU27_2020,IE	264.3 	283.6 	294.4 	302.8 	377.3 	400.6 	358.1 	275.9 	266.5 	290.6 	298.0 	291.8 	304.8 	357.3 	356.1 	392.5 	408.0 	434.9 	457.6 	614.9 	764.0 	733.8 	730.2 	736.7 
A,MIO_IMP_VAL,SITC2_4,EU27_2020,IT	7398.2 	7240.8 	8316.0 	8509.8 	9877.8 	10014.4 	9908.9 	6856.0 	9641.4 	10916.8 	10223.9 	9951.7 	10590.9 	10317.1 	9982.2 	11317.5 	11492.9 	10780.1 	9458.2 	13570.6 	17087.0 	14511.4 	15086.3 	16334.4 
A,MIO_IMP_VAL,SITC2_4,EU27_2020,LT	154.6 	152.4 	200.2 	217.6 	249.3 	317.2 	357.3 	248.5 	329.3 	430.0 	451.9 	529.1 	575.6 	580.7 	650.4 	692.0 	762.4 	766.5 	781.5 	1050.9 	1345.1 	1234.3 	1154.9 	1173.0 
A,MIO_IMP_VAL,SITC2_4,EU27_2020,LU	544.9 	613.3 	907.1 	813.1 	1143.8 	1231.2 	1350.4 	814.7 	1460.9 	1780.5 	1505.3 	1371.6 	1253.0 	1132.0 	1080.5 	1323.0 	1461.9 	1297.4 	1047.2 	1675.6 	1796.7 	1455.5 	1484.5 	1580.2 
A,MIO_IMP_VAL,SITC2_4,EU27_2020,LV	115.0 	120.4 	125.6 	146.8 	181.8 	259.2 	309.4 	199.9 	287.9 	387.6 	543.4 	468.1 	452.7 	437.8 	398.9 	443.8 	499.9 	497.5 	532.4 	777.7 	968.6 	897.3 	790.9 	836.7 
A,MIO_IMP_VAL,SITC2_4,EU27_2020,MT	25.6 	25.6 	22.8 	28.2 	27.9 	23.5 	24.9 	25.1 	23.3 	22.8 	27.7 	23.6 	23.1 	25.3 	24.4 	25.9 	27.6 	31.7 	27.6 	33.9 	42.9 	41.2 	40.2 	46.4 
A,MIO_IMP_VAL,SITC2_4,EU27_2020,NL	4668.4 	4787.7 	5320.7 	5543.0 	6572.7 	7387.2 	7815.0 	6241.5 	7858.0 	9584.6 	9448.5 	8990.6 	8642.2 	9006.7 	8218.0 	9416.7 	9915.8 	10103.2 	10484.3 	13427.4 	15028.0 	12804.0 	12468.0 	12673.0 
A,MIO_IMP_VAL,SITC2_4,EU27_2020,PL	988.9 	1014.7 	1398.4 	1562.0 	1784.6 	2083.9 	2607.5 	2013.0 	2613.0 	3350.6 	3419.3 	3410.4 	3628.4 	3743.8 	3941.9 	4457.7 	4865.8 	4478.3 	4479.0 	6106.2 	7690.5 	6402.8 	6647.9 	7130.0 
A,MIO_IMP_VAL,SITC2_4,EU27_2020,PT	829.8 	890.9 	851.8 	1024.5 	1172.9 	1285.0 	1484.7 	1145.3 	1477.4 	1773.2 	1711.3 	1788.9 	1697.5 	1726.5 	1731.2 	2110.6 	2209.3 	2067.6 	2010.1 	2653.4 	3185.1 	3048.0 	2819.3 	2706.7 
A,MIO_IMP_VAL,SITC2_4,EU27_2020,RO	236.9 	235.7 	271.8 	322.3 	389.7 	655.7 	914.6 	669.3 	1010.6 	1160.1 	1188.8 	1133.2 	1134.8 	1180.6 	1315.6 	1497.3 	1600.2 	1556.5 	1438.5 	1908.1 	2239.2 	2155.2 	2266.2 	2220.6 
A,MIO_IMP_VAL,SITC2_4,EU27_2020,SE	1523.9 	1553.4 	1901.3 	1897.8 	2231.9 	2692.7 	2451.0 	1877.4 	2574.5 	3017.0 	2925.3 	2756.0 	2551.0 	2644.9 	2788.9 	3099.9 	3402.8 	3228.4 	2997.1 	3668.6 	4487.0 	4060.7 	4640.3 	4606.1 
A,MIO_IMP_VAL,SITC2_4,EU27_2020,SI	452.0 	460.7 	575.7 	663.1 	815.9 	985.8 	947.7 	696.4 	960.6 	968.7 	1008.3 	987.8 	1009.0 	1034.8 	1021.6 	1149.7 	1269.2 	1169.5 	1036.6 	1396.8 	1685.0 	1455.2 	1481.2 	1445.3 
A,MIO_IMP_VAL,SITC2_4,EU27_2020,SK	377.6 	392.1 	521.0 	598.5 	707.8 	842.3 	1029.2 	852.2 	1365.1 	1561.3 	1795.3 	1517.6 	1348.7 	1269.5 	1201.3 	1305.0 	1387.6 	1258.8 	1257.1 	1743.8 	2005.7 	1686.8 	1841.5 	2118.1 
A,MIO_IMP_VAL,SITC2_4,EXT_EU27_2020,AT	781.8 	734.5 	814.6 	969.2 	980.1 	1000.7 	1193.0 	748.4 	1306.1 	1634.1 	1365.7 	1296.0 	1345.9 	1169.2 	1011.2 	1195.3 	1295.2 	1366.6 	1165.2 	1745.3 	1733.9 	1315.6 	1229.2 	1147.2 
A,MIO_IMP_VAL,SITC2_4,EXT_EU27_2020,BE	3386.1 	3376.8 	3483.1 	3823.7 	5154.8 	5904.9 	4832.3 	3494.6 	5329.4 	6413.4 	6790.1 	6155.2 	6008.2 	6014.8 	5989.7 	6456.9 	7597.8 	7672.9 	7858.9 	10168.1 	12535.5 	9510.2 	8818.6 	9525.5 
A,MIO_IMP_VAL,SITC2_4,EXT_EU27_2020,BG	288.1 	412.7 	535.6 	702.9 	1098.6 	1299.3 	1277.9 	898.2 	1132.9 	887.7 	934.5 	929.1 	857.5 	947.4 	832.5 	1206.7 	1400.9 	1492.4 	2642.8 	2606.2 	4291.1 	2952.3 	3640.1 	3095.2 
A,MIO_IMP_VAL,SITC2_4,EXT_EU27_2020,CY	25.8 	25.4 	27.7 	32.5 	32.7 	39.3 	49.7 	30.5 	26.6 	29.2 	36.0 	26.7 	24.6 	29.1 	29.2 	30.5 	29.5 	36.2 	27.2 	52.9 	55.3 	45.7 	47.0 	55.4 
A,MIO_IMP_VAL,SITC2_4,EXT_EU27_2020,CZ	614.5 	675.7 	728.6 	673.3 	781.2 	761.2 	1128.1 	574.0 	1032.0 	1376.6 	1132.5 	1144.5 	1104.6 	961.6 	911.7 	1083.4 	1123.6 	1165.8 	1045.4 	1639.7 	1653.7 	1192.9 	1065.3 	1101.6 
A,MIO_IMP_VAL,SITC2_4,EXT_EU27_2020,DE	7173.3 	6681.9 	7761.8 	8259.3 	11377.2 	12519.8 	12767.4 	8873.3 	13116.9 	16385.5 	15569.0 	14116.2 	13607.8 	12756.1 	12285.7 	13931.2 	14402.1 	14338.0 	15090.2 	21041.7 	22888.9 	17190.4 	15555.4 	16814.8 
A,MIO_IMP_VAL,SITC2_4,EXT_EU27_2020,DK	594.0 	581.2 	603.1 	591.0 	653.2 	730.4 	756.2 	547.6 	647.9 	784.1 	953.3 	878.2 	947.1 	941.9 	931.8 	997.3 	1148.5 	1213.4 	1195.1 	1180.1 	1511.7 	1308.6 	1436.5 	1488.7 
A,MIO_IMP_VAL,SITC2_4,EXT_EU27_2020,EE	121.7 	145.2 	191.5 	191.7 	212.7 	249.2 	120.8 	102.5 	126.3 	152.1 	172.2 	161.7 	173.0 	174.5 	188.8 	215.0 	254.4 	247.1 	261.7 	459.1 	313.5 	115.4 	103.8 	132.0 
A,MIO_IMP_VAL,SITC2_4,EXT_EU27_2020,EL	573.2 	589.3 	676.2 	676.6 	729.8 	977.1 	1183.1 	677.5 	767.5 	899.4 	892.4 	808.5 	760.9 	725.2 	698.3 	775.6 	842.9 	924.3 	869.9 	1308.4 	1671.2 	1326.8 	1428.7 	1604.5 
A,MIO_IMP_VAL,SITC2_4,EXT_EU27_2020,ES	4307.1 	4345.8 	4762.0 	5484.8 	6795.2 	7227.8 	7888.3 	5217.4 	7585.6 	9261.2 	8671.0 	8589.9 	8551.1 	8709.5 	8267.5 	10617.3 	10635.9 	9483.0 	8920.4 	12620.9 	14014.4 	11599.3 	12522.9 	11950.2 
A,MIO_IMP_VAL,SITC2_4,EXT_EU27_2020,EU27_2020	42197.6 	41310.5 	46539.8 	50548.6 	60980.9 	67267.8 	71996.0 	45921.3 	68425.4 	82553.3 	78331.1 	73555.3 	70502.4 	69405.7 	66437.1 	76852.0 	80463.5 	80945.6 	79826.1 	106976.0 	125129.4 	96784.5 	96338.8 	97874.0 
A,MIO_IMP_VAL,SITC2_4,EXT_EU27_2020,FI	1571.0 	1711.4 	2224.9 	2236.9 	3040.0 	3560.3 	2952.9 	1287.4 	2253.4 	2400.6 	2100.8 	1926.0 	1801.9 	1680.2 	1820.3 	2045.1 	2370.7 	2384.8 	2742.1 	3536.5 	4049.3 	2685.3 	2636.0 	2876.4 
A,MIO_IMP_VAL,SITC2_4,EXT_EU27_2020,FR	3961.8 	3851.4 	3760.4 	4083.7 	4677.9 	5045.6 	6002.8 	3773.7 	5374.5 	6536.8 	5839.3 	5411.9 	4794.4 	4522.8 	4409.3 	4924.5 	4855.9 	5039.4 	4599.7 	6083.1 	6907.2 	5227.6 	5257.0 	5241.2 
A,MIO_IMP_VAL,SITC2_4,EXT_EU27_2020,HR	144.6 	141.6 	140.2 	145.2 	149.6 	153.7 	243.8 	116.0 	132.2 	165.3 	151.2 	146.5 	117.3 	125.4 	129.0 	130.7 	138.1 	168.3 	162.6 	223.5 	277.3 	243.5 	246.3 	248.9 
A,MIO_IMP_VAL,SITC2_4,EXT_EU27_2020,HU	293.9 	319.1 	354.2 	364.1 	390.3 	463.5 	477.2 	262.9 	524.2 	625.2 	562.2 	472.5 	443.2 	534.6 	508.1 	671.4 	670.9 	672.4 	558.4 	665.8 	1178.5 	793.1 	571.5 	564.4 
A,MIO_IMP_VAL,SITC2_4,EXT_EU27_2020,IE	651.9 	624.7 	658.5 	761.8 	854.9 	871.1 	681.9 	483.7 	592.4 	683.1 	646.0 	615.7 	639.5 	741.6 	711.9 	773.8 	807.5 	826.0 	791.0 	860.2 	1033.7 	945.3 	1021.0 	1055.4 
A,MIO_IMP_VAL,SITC2_4,EXT_EU27_2020,IT	7133.9 	6626.9 	7304.1 	7600.9 	8615.1 	8680.5 	9292.1 	5991.9 	8748.0 	10606.0 	9295.9 	9040.1 	8720.9 	8929.9 	8379.3 	8939.0 	9303.0 	9471.2 	8703.1 	11633.7 	13885.2 	10921.5 	10807.3 	10380.5 
A,MIO_IMP_VAL,SITC2_4,EXT_EU27_2020,LT	204.2 	212.2 	227.7 	268.6 	311.6 	330.7 	565.8 	301.1 	355.0 	477.5 	504.9 	515.4 	501.3 	604.1 	545.9 	575.0 	692.3 	804.9 	772.3 	1084.1 	961.3 	481.9 	498.1 	630.5 
A,MIO_IMP_VAL,SITC2_4,EXT_EU27_2020,LU	57.7 	59.9 	77.0 	87.3 	121.8 	79.3 	83.8 	31.6 	42.4 	48.8 	41.6 	61.6 	91.5 	76.1 	65.7 	77.8 	34.1 	39.3 	64.0 	98.5 	92.7 	65.8 	50.8 	43.6 
A,MIO_IMP_VAL,SITC2_4,EXT_EU27_2020,LV	57.3 	93.7 	136.4 	154.9 	179.9 	255.5 	177.8 	76.7 	117.5 	124.4 	280.4 	164.8 	188.7 	184.0 	170.1 	200.7 	311.4 	343.3 	338.4 	535.5 	558.5 	329.5 	278.1 	178.6 
A,MIO_IMP_VAL,SITC2_4,EXT_EU27_2020,MT	10.0 	8.8 	9.8 	10.9 	12.5 	11.7 	9.8 	12.6 	14.9 	9.0 	10.0 	11.1 	9.9 	11.2 	10.2 	9.6 	9.1 	14.2 	13.5 	13.7 	17.0 	17.1 	20.3 	29.7 
A,MIO_IMP_VAL,SITC2_4,EXT_EU27_2020,NL	6531.1 	6490.7 	7660.5 	8902.2 	9373.3 	10864.6 	13236.6 	8284.2 	12924.9 	15496.1 	14979.9 	14143.7 	13036.1 	12844.5 	12176.5 	14427.3 	14655.7 	15120.8 	14653.4 	19124.6 	21890.3 	18208.4 	18504.9 	19036.6 
A,MIO_IMP_VAL,SITC2_4,EXT_EU27_2020,PL	964.3 	1022.0 	1317.7 	1178.1 	1648.1 	1894.2 	2273.0 	1268.4 	1915.3 	2552.6 	2637.0 	2428.8 	2444.1 	2461.5 	2395.9 	2912.1 	2913.2 	3253.9 	2976.0 	3945.4 	5544.6 	4143.3 	4276.4 	4055.3 
A,MIO_IMP_VAL,SITC2_4,EXT_EU27_2020,PT	808.3 	699.3 	710.2 	740.2 	786.3 	976.4 	1161.2 	728.5 	948.8 	1082.5 	927.2 	1023.3 	963.8 	1010.5 	933.2 	1077.6 	1163.9 	1140.2 	1017.6 	1307.7 	1798.1 	1481.7 	1561.7 	1383.5 
A,MIO_IMP_VAL,SITC2_4,EXT_EU27_2020,RO	436.5 	453.1 	569.7 	658.5 	709.7 	835.6 	914.7 	407.6 	636.9 	805.3 	791.1 	806.7 	716.7 	793.6 	823.5 	938.8 	1008.9 	987.5 	928.0 	1340.7 	2006.5 	987.9 	968.0 	1001.8 
A,MIO_IMP_VAL,SITC2_4,EXT_EU27_2020,SE	1056.8 	949.6 	1203.2 	1279.3 	1536.8 	1749.9 	1762.9 	1220.5 	1678.9 	1818.0 	1853.7 	1564.0 	1613.7 	1585.4 	1346.6 	1442.4 	1521.1 	1503.6 	1418.6 	1950.3 	2219.6 	2230.9 	2313.4 	2723.7 
A,MIO_IMP_VAL,SITC2_4,EXT_EU27_2020,SI	164.2 	179.4 	188.4 	237.8 	282.0 	301.1 	368.1 	208.3 	468.0 	611.8 	540.4 	467.6 	442.2 	401.0 	378.1 	408.2 	447.1 	436.8 	380.6 	533.6 	780.1 	619.6 	707.4 	834.9 
A,MIO_IMP_VAL,SITC2_4,EXT_EU27_2020,SK	284.4 	298.0 	412.7 	433.5 	475.6 	484.5 	594.9 	302.1 	626.9 	687.0 	653.0 	649.7 	596.4 	470.0 	487.1 	788.9 	830.0 	799.2 	629.8 	1216.7 	1260.3 	844.7 	773.0 	674.1 
A,MIO_IMP_VAL,SITC2_4,WORLD,AT	3169.4 	3169.2 	3547.3 	4091.6 	4796.6 	5126.9 	5625.7 	4342.7 	6288.9 	7340.9 	6856.3 	6406.8 	6215.1 	6058.2 	5845.7 	6464.2 	6930.9 	6646.8 	6407.9 	9141.4 	9943.3 	8245.9 	7876.1 	7798.4 
A,MIO_IMP_VAL,SITC2_4,WORLD,BE	7714.6 	7819.4 	9466.5 	10414.9 	13515.2 	15065.4 	14230.0 	10068.4 	13701.2 	16462.5 	16164.9 	14747.1 	14831.9 	13627.1 	13968.0 	15026.2 	17325.6 	16838.7 	18203.2 	24673.0 	27958.5 	22608.4 	21961.5 	23478.0 
A,MIO_IMP_VAL,SITC2_4,WORLD,BG	426.8 	571.6 	735.0 	944.4 	1440.9 	1691.6 	1785.3 	1226.8 	1744.4 	2441.5 	2387.5 	2486.6 	2258.0 	2270.2 	2003.3 	2877.6 	3047.3 	2881.0 	3386.9 	3769.9 	5793.0 	4295.6 	5045.7 	4432.6 
A,MIO_IMP_VAL,SITC2_4,WORLD,CY	71.2 	76.8 	80.4 	91.1 	93.6 	119.1 	124.6 	89.1 	92.6 	92.7 	84.8 	68.4 	71.4 	72.7 	80.0 	81.6 	82.6 	87.9 	77.1 	117.4 	140.7 	110.9 	125.4 	132.6 
A,MIO_IMP_VAL,SITC2_4,WORLD,CZ	1338.5 	1479.0 	1810.1 	1842.9 	2164.9 	2213.9 	2764.2 	1905.7 	2724.6 	3496.2 	3357.0 	3274.3 	3193.6 	3127.0 	3136.9 	3395.3 	3426.6 	3402.0 	3086.7 	4376.5 	5181.7 	4276.3 	4277.3 	4366.8 
A,MIO_IMP_VAL,SITC2_4,WORLD,DE	18484.6 	17900.5 	20602.5 	23039.7 	29672.1 	33251.7 	34173.5 	24661.4 	35655.9 	43362.8 	41181.6 	39496.3 	38492.1 	37469.6 	36716.7 	40898.7 	41571.3 	41557.7 	40828.9 	55814.8 	62175.0 	51470.9 	48281.0 	50914.5 
A,MIO_IMP_VAL,SITC2_4,WORLD,DK	1946.0 	1991.6 	2024.4 	2035.8 	2397.3 	2553.0 	2588.0 	2029.0 	2339.9 	2746.9 	2845.7 	2919.2 	3097.2 	3175.2 	2994.6 	3272.5 	3489.8 	3405.1 	3338.6 	4035.4 	4662.8 	4197.6 	4124.7 	4271.3 
A,MIO_IMP_VAL,SITC2_4,WORLD,EE	250.9 	260.4 	331.3 	364.9 	406.2 	467.7 	362.4 	264.1 	319.2 	386.9 	496.5 	541.0 	544.8 	518.3 	538.3 	604.8 	676.1 	666.6 	691.0 	1089.2 	1132.8 	839.2 	818.6 	951.5 
A,MIO_IMP_VAL,SITC2_4,WORLD,EL	1116.6 	1130.9 	1281.4 	1302.0 	1466.7 	1877.3 	2048.0 	1333.5 	1505.2 	1674.3 	1610.2 	1495.9 	1505.6 	1412.7 	1370.8 	1582.0 	1671.5 	1667.7 	1552.5 	2229.0 	2946.5 	2543.4 	2724.0 	2944.2 
A,MIO_IMP_VAL,SITC2_4,WORLD,ES	7245.4 	7442.5 	8305.6 	9401.9 	11677.3 	12369.8 	13048.2 	8798.9 	12375.9 	14655.1 	13808.4 	13506.3 	13366.7 	13735.4 	13155.2 	16021.6 	16516.6 	15178.3 	14130.8 	20118.3 	23797.6 	20739.3 	21423.2 	20710.6 
A,MIO_IMP_VAL,SITC2_4,WORLD,FI	2338.3 	2645.1 	3474.8 	3751.3 	5389.8 	6425.6 	5514.7 	2884.9 	5064.8 	5530.6 	4317.8 	4132.5 	4150.7 	3678.7 	3705.3 	4292.1 	4802.8 	4599.4 	4861.9 	6538.3 	7728.0 	5829.2 	5577.8 	5813.5 
A,MIO_IMP_VAL,SITC2_4,WORLD,FR	9171.4 	9257.3 	9704.2 	10149.0 	11511.1 	12442.4 	14034.5 	10141.0 	13109.9 	15335.3 	13971.5 	13733.4 	12989.2 	13064.1 	12761.0 	13969.5 	14285.8 	14109.5 	13135.8 	17120.1 	20157.1 	16972.7 	16608.0 	16176.7 
A,MIO_IMP_VAL,SITC2_4,WORLD,HR	309.6 	323.7 	325.8 	345.0 	349.6 	371.1 	507.5 	303.6 	312.0 	349.7 	355.6 	364.2 	397.4 	436.1 	442.3 	500.7 	561.4 	568.5 	547.4 	771.9 	1050.0 	881.9 	883.2 	867.3 
A,MIO_IMP_VAL,SITC2_4,WORLD,HU	790.1 	831.3 	909.6 	1003.3 	1141.0 	1289.9 	1497.7 	981.8 	1468.9 	1942.0 	1935.5 	1852.4 	1763.2 	1797.6 	1806.5 	2177.1 	2258.3 	2332.2 	2083.0 	2858.2 	3734.2 	2875.7 	2660.3 	2729.8 
A,MIO_IMP_VAL,SITC2_4,WORLD,IE	916.2 	908.2 	953.0 	1064.6 	1232.2 	1271.7 	1040.0 	759.7 	858.9 	973.7 	944.0 	907.4 	944.3 	1098.9 	1068.1 	1166.2 	1215.6 	1261.0 	1248.7 	1475.0 	1797.7 	1679.1 	1751.2 	1792.0 
A,MIO_IMP_VAL,SITC2_4,WORLD,IT	14532.0 	13867.7 	15620.1 	16110.7 	18493.0 	18695.0 	19201.1 	12847.9 	18389.4 	21522.7 	19519.8 	18991.8 	19311.8 	19247.0 	18361.5 	20256.6 	20795.8 	20251.3 	18161.3 	25204.3 	30972.2 	25432.9 	25893.6 	26714.9 
A,MIO_IMP_VAL,SITC2_4,WORLD,LT	358.8 	364.6 	427.9 	486.2 	560.8 	647.9 	923.1 	549.6 	684.3 	907.5 	956.8 	1044.5 	1076.9 	1184.8 	1196.3 	1266.9 	1454.6 	1571.4 	1553.8 	2135.0 	2306.4 	1716.2 	1653.0 	1803.5 
A,MIO_IMP_VAL,SITC2_4,WORLD,LU	602.5 	673.3 	984.1 	900.3 	1265.6 	1310.5 	1434.2 	846.2 	1503.4 	1829.4 	1546.8 	1433.1 	1344.5 	1208.1 	1146.2 	1400.8 	1496.0 	1336.7 	1111.2 	1774.2 	1889.4 	1521.3 	1535.3 	1623.8 
A,MIO_IMP_VAL,SITC2_4,WORLD,LV	172.3 	214.1 	262.0 	301.7 	361.7 	514.6 	487.2 	276.7 	405.4 	511.9 	823.8 	632.9 	641.5 	621.8 	569.0 	644.5 	811.4 	840.8 	870.8 	1313.2 	1527.1 	1226.8 	1068.9 	1015.3 
A,MIO_IMP_VAL,SITC2_4,WORLD,MT	35.7 	34.4 	32.6 	39.1 	40.4 	35.2 	34.7 	37.7 	38.2 	31.8 	37.7 	34.7 	33.0 	36.5 	34.6 	35.4 	36.8 	45.9 	41.2 	47.6 	59.9 	58.3 	60.5 	76.1 
A,MIO_IMP_VAL,SITC2_4,WORLD,NL	11199.5 	11278.4 	12981.2 	14445.2 	15946.0 	18251.8 	21051.6 	14525.7 	20782.9 	25080.7 	24428.4 	23134.3 	21678.2 	21851.2 	20394.5 	23844.0 	24571.5 	25224.0 	25137.7 	32552.0 	36918.3 	31012.4 	30972.9 	31709.6 
A,MIO_IMP_VAL,SITC2_4,WORLD,PL	1953.2 	2036.7 	2716.1 	2740.1 	3432.7 	3978.2 	4880.4 	3281.4 	4528.3 	5903.1 	6056.3 	5839.2 	6072.5 	6205.3 	6337.8 	7369.7 	7779.0 	7732.2 	7455.0 	10051.6 	13235.1 	10546.1 	10924.3 	11185.3 
A,MIO_IMP_VAL,SITC2_4,WORLD,PT	1638.2 	1590.2 	1561.9 	1764.6 	1959.2 	2261.5 	2645.9 	1873.8 	2426.2 	2855.7 	2638.5 	2812.1 	2661.3 	2736.9 	2664.4 	3188.2 	3373.2 	3207.7 	3027.6 	3961.2 	4983.2 	4529.7 	4381.0 	4090.2 
A,MIO_IMP_VAL,SITC2_4,WORLD,RO	673.5 	688.8 	841.6 	980.7 	1099.4 	1491.4 	1829.3 	1076.9 	1647.5 	1965.3 	1979.9 	1939.9 	1851.5 	1974.2 	2139.1 	2436.1 	2609.1 	2544.0 	2366.5 	3248.8 	4245.7 	3143.1 	3234.2 	3222.4 
A,MIO_IMP_VAL,SITC2_4,WORLD,SE	2580.7 	2503.0 	3104.5 	3177.1 	3768.7 	4442.6 	4213.9 	3097.9 	4253.4 	4835.0 	4778.9 	4320.0 	4164.7 	4230.3 	4135.4 	4542.3 	4923.8 	4732.0 	4415.7 	5618.8 	6706.6 	6291.6 	6953.8 	7329.8 
A,MIO_IMP_VAL,SITC2_4,WORLD,SI	616.1 	640.1 	764.1 	900.8 	1097.8 	1286.9 	1315.8 	904.7 	1428.6 	1580.6 	1548.7 	1455.3 	1451.2 	1435.9 	1399.8 	1557.9 	1716.3 	1606.2 	1417.3 	1930.4 	2465.1 	2074.8 	2188.5 	2280.3 
A,MIO_IMP_VAL,SITC2_4,WORLD,SK	662.0 	690.1 	933.7 	1032.0 	1183.4 	1326.8 	1624.1 	1154.3 	1992.0 	2248.4 	2448.3 	2167.4 	1945.1 	1739.5 	1688.4 	2093.9 	2217.5 	2058.0 	1886.9 	2960.5 	3266.0 	2531.5 	2614.4 	2792.1 
A,MIO_IMP_VAL,SITC3,EU27_2020,AT	3029.2 	3894.2 	5413.1 	7883.7 	6892.7 	6313.3 	7796.7 	5558.6 	6942.7 	8306.8 	8427.9 	7460.4 	6874.8 	5615.6 	5095.0 	5941.7 	6529.3 	6590.8 	4874.7 	7168.0 	15747.8 	9759.6 	7054.2 	8230.9 
A,MIO_IMP_VAL,SITC3,EU27_2020,BE	10969.6 	11637.2 	14673.2 	20777.9 	24577.9 	23225.6 	32000.4 	19651.2 	25949.5 	33880.9 	39345.6 	40252.8 	36580.2 	24965.4 	21500.2 	26176.2 	32535.3 	28779.9 	18900.2 	37707.4 	66113.1 	49221.6 	48922.7 	43490.6 
A,MIO_IMP_VAL,SITC3,EU27_2020,BG	93.1 	135.2 	158.6 	426.2 	606.4 	655.2 	724.6 	475.1 	624.3 	661.2 	939.7 	928.3 	953.0 	716.7 	663.2 	893.8 	866.1 	910.7 	758.1 	1342.4 	2113.7 	835.0 	2359.8 	2308.2 
A,MIO_IMP_VAL,SITC3,EU27_2020,CY	65.4 	71.2 	200.1 	291.3 	403.8 	429.6 	696.4 	490.2 	583.7 	656.5 	807.7 	671.9 	746.6 	686.1 	582.7 	691.6 	778.2 	876.6 	664.9 	917.4 	1353.3 	1455.9 	1111.8 	959.0 
A,MIO_IMP_VAL,SITC3,EU27_2020,CZ	1012.9 	1075.3 	1659.0 	2029.2 	2425.0 	2575.0 	3268.3 	2776.8 	3438.9 	5145.3 	5143.8 	4823.7 	4116.0 	4464.8 	4366.3 	4699.8 	5619.6 	4635.9 	2941.6 	6408.6 	15967.8 	8954.1 	7822.8 	8548.0 
A,MIO_IMP_VAL,SITC3,EU27_2020,DE	13833.8 	14101.5 	17139.4 	23012.7 	26770.4 	24083.2 	34254.5 	26575.4 	33880.7 	45060.6 	46005.9 	47014.3 	41128.3 	35823.0 	27619.4 	33798.7 	41278.0 	44927.9 	32927.3 	42454.7 	76543.0 	57010.1 	47205.7 	47546.9 
A,MIO_IMP_VAL,SITC3,EU27_2020,DK	936.6 	869.8 	911.2 	1237.6 	1282.0 	1197.0 	2010.9 	1088.1 	1664.0 	1868.3 	2229.7 	2243.9 	1846.6 	1386.5 	1225.9 	1234.8 	1658.5 	1748.4 	1472.9 	3035.5 	7125.4 	3160.0 	2537.8 	2437.2 
A,MIO_IMP_VAL,SITC3,EU27_2020,EE	107.7 	111.2 	208.9 	269.8 	584.7 	703.6 	895.8 	784.9 	919.1 	909.2 	987.1 	966.7 	1004.0 	804.7 	635.7 	742.7 	969.8 	990.6 	806.5 	1335.0 	3773.4 	2201.5 	1897.7 	2003.9 
A,MIO_IMP_VAL,SITC3,EU27_2020,EL	227.9 	285.5 	442.0 	588.8 	615.2 	462.2 	722.7 	497.4 	835.8 	1078.0 	1427.1 	1258.4 	1213.8 	1061.5 	889.6 	1087.4 	1276.7 	1411.6 	937.5 	1167.9 	2753.5 	1985.3 	1472.4 	1490.7 
A,MIO_IMP_VAL,SITC3,EU27_2020,ES	2193.0 	2550.8 	3211.8 	3765.8 	4468.2 	6016.9 	6213.8 	3693.4 	5491.6 	6411.6 	6472.6 	4696.5 	5015.1 	4120.0 	3933.7 	5504.7 	6524.1 	5019.5 	3825.8 	7268.1 	11513.0 	9115.3 	8146.6 	7460.3 
A,MIO_IMP_VAL,SITC3,EU27_2020,EU27_2020	53645.7 	57900.2 	75638.8 	106671.7 	121825.7 	118062.1 	156803.2 	108915.4 	141651.3 	183861.3 	205933.0 	200900.1 	180807.6 	147997.7 	123333.4 	149641.6 	174216.3 	168521.6 	117677.7 	198867.7 	391339.5 	277174.6 	241083.6 	225815.4 
A,MIO_IMP_VAL,SITC3,EU27_2020,FI	988.0 	886.5 	823.1 	1139.1 	1269.4 	963.4 	1197.2 	688.8 	1012.8 	1471.1 	1900.7 	3140.9 	3194.6 	2541.2 	2026.8 	2529.2 	2886.2 	2942.8 	2280.8 	3841.6 	7215.4 	3917.2 	3625.0 	3801.5 
A,MIO_IMP_VAL,SITC3,EU27_2020,FR	4948.5 	5817.8 	7770.4 	14901.2 	16477.5 	15069.5 	20675.1 	14839.5 	17594.7 	21699.7 	27383.6 	26621.2 	23087.7 	18791.8 	14751.5 	17208.5 	19482.2 	17077.8 	11808.8 	23526.6 	52667.1 	37734.4 	27250.6 	17406.0 
A,MIO_IMP_VAL,SITC3,EU27_2020,HR	259.0 	376.2 	412.2 	647.9 	848.2 	706.6 	1233.3 	693.6 	806.9 	1531.9 	1804.7 	1500.9 	1466.1 	1377.5 	1069.5 	1294.4 	1434.5 	1751.0 	1128.6 	1545.3 	4354.5 	3003.4 	3494.9 	3029.2 
A,MIO_IMP_VAL,SITC3,EU27_2020,HU	682.6 	746.5 	925.0 	1357.5 	1626.5 	1605.1 	2130.4 	1834.7 	2078.0 	2620.5 	3197.6 	2768.2 	3451.3 	2929.7 	2424.1 	3145.3 	3635.5 	3692.9 	3055.3 	6244.2 	12490.5 	7022.5 	6442.7 	6970.5 
A,MIO_IMP_VAL,SITC3,EU27_2020,IE	110.1 	129.7 	212.3 	190.7 	366.7 	627.8 	1405.3 	762.5 	712.7 	565.9 	306.9 	608.6 	407.6 	275.1 	285.2 	343.0 	714.9 	763.2 	266.3 	823.8 	1018.7 	1629.8 	2064.0 	1578.0 
A,MIO_IMP_VAL,SITC3,EU27_2020,IT	1964.8 	1811.5 	3645.6 	3856.8 	5113.6 	4371.9 	5449.2 	4527.7 	6020.4 	8748.3 	8820.3 	9313.3 	7726.9 	7009.1 	5073.8 	6418.4 	5935.3 	6840.5 	4016.1 	8622.3 	13998.7 	9423.4 	8090.2 	8842.9 
A,MIO_IMP_VAL,SITC3,EU27_2020,LT	24.5 	19.4 	37.0 	58.5 	100.6 	125.8 	110.4 	105.0 	267.4 	517.4 	704.7 	603.9 	498.6 	681.0 	670.1 	675.1 	805.5 	689.4 	570.4 	1348.8 	3647.8 	1689.1 	1358.3 	1165.6 
A,MIO_IMP_VAL,SITC3,EU27_2020,LU	984.0 	1028.8 	1301.9 	1743.5 	2047.9 	2057.0 	2619.8 	1635.1 	2041.2 	2629.9 	2873.4 	2617.8 	2282.5 	1647.7 	1318.7 	1575.3 	2022.5 	2028.3 	1277.4 	2043.7 	3993.4 	3081.3 	2633.9 	2228.5 
A,MIO_IMP_VAL,SITC3,EU27_2020,LV	121.7 	136.7 	296.9 	386.3 	427.4 	507.9 	680.8 	428.5 	552.2 	977.6 	1189.9 	1276.5 	1237.4 	996.5 	751.7 	853.4 	1052.4 	997.8 	695.2 	1178.3 	4417.0 	2393.9 	2060.3 	2277.6 
A,MIO_IMP_VAL,SITC3,EU27_2020,MT	87.9 	123.6 	120.0 	195.9 	218.8 	212.2 	377.6 	344.0 	506.0 	1081.6 	1696.4 	1056.6 	1030.4 	966.3 	914.7 	875.6 	1290.3 	996.9 	616.2 	937.2 	1362.2 	1022.9 	1583.2 	1490.1 
A,MIO_IMP_VAL,SITC3,EU27_2020,NL	5741.2 	6422.2 	8437.0 	11418.3 	12655.6 	12814.5 	15539.6 	11104.9 	15489.2 	20515.5 	26065.7 	25006.0 	22095.1 	18203.6 	15800.6 	19689.7 	21413.8 	18818.0 	13025.7 	21159.1 	42337.0 	32203.1 	27276.4 	24859.7 
A,MIO_IMP_VAL,SITC3,EU27_2020,PL	820.0 	807.8 	1350.4 	1869.1 	2149.0 	3095.3 	3944.1 	2502.3 	2744.9 	3439.4 	2838.9 	2474.8 	2916.7 	2474.6 	2327.6 	2953.1 	3182.9 	3162.5 	2354.5 	3942.9 	10510.7 	10217.9 	7922.4 	8707.8 
A,MIO_IMP_VAL,SITC3,EU27_2020,PT	1174.8 	1146.6 	1075.3 	1962.7 	1581.3 	1715.4 	2323.5 	1450.2 	1733.9 	2250.5 	2583.3 	2372.7 	2639.2 	1977.0 	1538.3 	1808.0 	1874.7 	1963.0 	1155.5 	2793.2 	5336.6 	3834.4 	3167.7 	3203.0 
A,MIO_IMP_VAL,SITC3,EU27_2020,RO	165.2 	166.8 	290.6 	419.2 	427.1 	590.3 	732.4 	496.4 	974.3 	1293.1 	1545.3 	1221.3 	939.5 	941.9 	783.5 	1086.9 	1194.1 	1486.1 	1181.3 	2331.0 	6846.9 	3662.1 	3649.3 	4419.4 
A,MIO_IMP_VAL,SITC3,EU27_2020,SE	2155.5 	2426.9 	3258.2 	4172.9 	5385.7 	5352.2 	6555.3 	3530.7 	5093.7 	5744.3 	6268.5 	5824.1 	4742.5 	4136.0 	4229.5 	4651.6 	5363.9 	5152.5 	3399.5 	4945.2 	7969.3 	6212.2 	5296.3 	5168.3 
A,MIO_IMP_VAL,SITC3,EU27_2020,SI	528.8 	638.2 	837.4 	1187.6 	1480.5 	1451.6 	1788.8 	1068.8 	1498.3 	2314.1 	2637.4 	1989.9 	1729.8 	1709.8 	1344.5 	1684.3 	1671.1 	2227.3 	1179.6 	2192.8 	4349.8 	3162.8 	3003.9 	2847.1 
A,MIO_IMP_VAL,SITC3,EU27_2020,SK	419.7 	483.0 	828.2 	881.2 	1023.6 	1134.2 	1456.6 	1311.9 	2194.6 	2482.2 	2328.4 	2186.8 	1883.4 	1694.8 	1511.8 	2078.5 	2221.1 	2039.8 	1557.0 	2586.3 	5820.0 	3265.9 	3633.0 	3344.4 
A,MIO_IMP_VAL,SITC3,EXT_EU27_2020,AT	2712.4 	2567.7 	2685.7 	3904.1 	4859.0 	4843.2 	6551.9 	4295.1 	5212.1 	7311.2 	8683.4 	7299.6 	6148.9 	4920.9 	3838.7 	4794.8 	6237.7 	5670.2 	3373.6 	6766.5 	11409.4 	8476.7 	7041.1 	4440.6 
A,MIO_IMP_VAL,SITC3,EXT_EU27_2020,BE	5600.6 	6464.8 	7444.4 	11209.7 	13505.2 	11428.0 	16719.2 	11719.7 	14894.4 	20710.5 	19971.1 	22750.0 	19076.5 	16084.9 	12803.3 	16553.2 	20685.4 	16305.7 	10658.7 	21008.2 	64981.7 	33897.0 	24413.7 	21866.8 
A,MIO_IMP_VAL,SITC3,EXT_EU27_2020,BG	190.9 	242.3 	299.4 	359.3 	369.9 	3692.9 	4756.9 	2899.4 	3662.1 	4718.2 	5401.8 	5030.0 	4244.9 	3385.3 	2574.6 	3324.9 	3430.1 	3672.0 	1763.7 	3042.7 	7129.1 	4680.6 	4772.0 	4853.7 
A,MIO_IMP_VAL,SITC3,EXT_EU27_2020,CY	352.9 	208.3 	303.6 	542.8 	607.6 	637.9 	755.9 	499.5 	728.7 	925.8 	923.5 	724.5 	520.6 	435.8 	514.5 	765.1 	1123.9 	676.7 	479.2 	775.8 	1488.0 	1469.1 	1694.3 	2641.5 
A,MIO_IMP_VAL,SITC3,EXT_EU27_2020,CZ	2241.9 	2442.6 	2225.6 	3608.5 	4693.1 	4326.7 	6770.9 	4180.4 	5723.2 	6493.3 	7092.5 	6419.7 	5667.6 	3899.6 	2110.8 	3183.5 	4003.4 	4090.2 	2438.1 	3958.0 	5312.0 	4292.0 	3884.7 	3412.2 
A,MIO_IMP_VAL,SITC3,EXT_EU27_2020,DE	29762.0 	33420.8 	35347.4 	50304.1 	63623.6 	59236.2 	80064.9 	51316.5 	60218.0 	77892.6 	84124.3 	80236.1 	72070.1 	53122.8 	43041.4 	47751.8 	56602.4 	51111.0 	33381.0 	56686.6 	119715.8 	65985.6 	59688.0 	54487.0 
A,MIO_IMP_VAL,SITC3,EXT_EU27_2020,DK	1256.6 	1420.3 	1743.0 	2313.9 	2545.6 	2433.6 	3522.9 	2724.3 	3052.0 	4596.6 	5091.5 	5505.0 	4467.7 	3655.2 	2797.2 	3508.9 	4076.0 	3996.9 	2180.9 	4139.0 	7256.3 	5630.6 	5338.4 	5010.1 
A,MIO_IMP_VAL,SITC3,EXT_EU27_2020,EE	168.6 	180.6 	225.5 	460.9 	1134.9 	875.6 	811.1 	606.9 	661.6 	1180.0 	1093.8 	698.1 	717.1 	567.4 	493.9 	649.1 	1438.0 	1045.1 	894.7 	1807.6 	1451.7 	242.8 	135.8 	132.6 
A,MIO_IMP_VAL,SITC3,EXT_EU27_2020,EL	4349.6 	4774.5 	4966.3 	7354.2 	9140.6 	9453.7 	13126.3 	8324.7 	11442.7 	13736.2 	16853.3 	15974.1 	15085.8 	10281.7 	8838.9 	11128.8 	14686.4 	13505.4 	8776.3 	15766.6 	30778.6 	20781.2 	20166.9 	15013.6 
A,MIO_IMP_VAL,SITC3,EXT_EU27_2020,ES	16712.5 	16562.5 	20093.6 	28869.0 	36655.2 	36411.0 	48712.2 	30214.0 	38709.4 	50134.6 	55683.7 	52567.9 	49469.8 	34484.4 	26597.1 	35191.0 	41602.3 	39603.3 	23273.4 	39150.9 	78964.7 	53937.0 	50869.6 	45974.3 
A,MIO_IMP_VAL,SITC3,EXT_EU27_2020,EU27_2020	152476.0 	160727.1 	191228.1 	269776.8 	337013.8 	337006.1 	447470.7 	290334.5 	373289.3 	477110.2 	526385.3 	482961.1 	427628.2 	314375.8 	255041.5 	319595.1 	392218.1 	363271.3 	221354.2 	390450.9 	831333.2 	545545.2 	470068.2 	414732.8 
A,MIO_IMP_VAL,SITC3,EXT_EU27_2020,FI	3057.8 	3594.0 	4144.1 	5358.0 	7252.3 	7317.1 	9826.8 	6597.5 	8513.7 	11709.1 	11252.7 	10452.5 	9018.5 	5202.8 	5154.6 	6127.4 	7638.4 	7219.6 	4189.9 	6052.9 	11127.8 	7352.3 	6646.7 	5811.9 
A,MIO_IMP_VAL,SITC3,EXT_EU27_2020,FR	24449.3 	25263.4 	30043.0 	36992.8 	44293.8 	45403.4 	58857.6 	37047.5 	45220.7 	60972.7 	62109.3 	56732.2 	49384.0 	35319.2 	28116.8 	35980.6 	42981.9 	41928.9 	22558.4 	37773.9 	96656.2 	61313.1 	53847.5 	50548.1 
A,MIO_IMP_VAL,SITC3,EXT_EU27_2020,HR	1121.8 	998.4 	1182.5 	1616.1 	1874.9 	2155.7 	2426.0 	1871.1 	2036.6 	2021.3 	1962.6 	2088.0 	1711.9 	1432.3 	1356.0 	1617.4 	1802.5 	1320.9 	1244.3 	2855.0 	6567.0 	3561.1 	3097.3 	3230.6 
A,MIO_IMP_VAL,SITC3,EXT_EU27_2020,HU	1608.0 	1612.7 	2369.7 	4049.9 	5148.9 	5018.4 	7279.3 	4228.1 	5008.2 	6371.3 	6391.1 	6598.8 	5884.5 	3777.3 	2917.9 	4602.8 	6150.7 	5631.0 	2838.3 	5232.9 	12633.7 	7056.2 	5894.1 	5574.5 
A,MIO_IMP_VAL,SITC3,EXT_EU27_2020,IE	1752.2 	1709.1 	2456.9 	3578.6 	3921.6 	4701.9 	5169.4 	3669.4 	4888.6 	6299.9 	6813.5 	6222.0 	6088.7 	4847.7 	3574.5 	4403.0 	5063.5 	4736.1 	3125.0 	5364.7 	11977.7 	8687.2 	5784.1 	5907.8 
A,MIO_IMP_VAL,SITC3,EXT_EU27_2020,IT	21264.9 	21788.2 	32510.3 	45210.7 	56438.4 	56339.4 	71367.3 	47734.4 	61772.8 	70350.4 	76068.1 	62626.1 	50586.8 	40162.7 	32581.3 	41503.7 	51309.5 	45396.8 	27293.9 	55299.9 	126710.7 	77783.6 	64296.4 	54413.0 
A,MIO_IMP_VAL,SITC3,EXT_EU27_2020,LT	1336.5 	1454.2 	1823.6 	3000.5 	3366.2 	2765.9 	5726.7 	3523.3 	5387.2 	7006.2 	7483.4 	7250.9 	5550.8 	4439.7 	3506.0 	4501.2 	5266.9 	5100.1 	2684.7 	4829.8 	11076.7 	7094.6 	6096.0 	5887.4 
A,MIO_IMP_VAL,SITC3,EXT_EU27_2020,LU	0.1 	0.3 	0.2 	0.3 	0.5 	0.1 	1.0 	0.1 	0.2 	0.5 	0.3 	0.3 	0.3 	0.3 	0.3 	0.3 	1.2 	4.4 	0.2 	1.2 	1.4 	1.7 	0.7 	0.1 
A,MIO_IMP_VAL,SITC3,EXT_EU27_2020,LV	272.8 	301.8 	393.7 	648.5 	742.7 	694.9 	910.6 	682.0 	697.4 	871.3 	972.7 	830.6 	792.1 	667.6 	474.5 	560.1 	623.3 	460.3 	281.4 	820.9 	1114.5 	403.8 	341.2 	200.4 
A,MIO_IMP_VAL,SITC3,EXT_EU27_2020,MT	43.8 	26.9 	29.0 	20.9 	35.5 	159.0 	110.9 	79.2 	66.0 	99.9 	124.1 	161.6 	426.0 	193.7 	175.4 	285.5 	245.5 	235.9 	242.7 	154.2 	180.9 	224.8 	269.7 	141.9 
A,MIO_IMP_VAL,SITC3,EXT_EU27_2020,NL	18595.6 	19012.0 	21970.6 	33732.5 	45113.8 	47650.5 	61417.6 	41746.5 	57919.4 	75481.6 	95220.4 	85515.2 	76735.1 	56007.0 	47243.0 	58331.2 	72088.5 	70002.9 	42438.2 	77502.3 	148483.8 	116489.5 	93131.2 	83566.8 
A,MIO_IMP_VAL,SITC3,EXT_EU27_2020,PL	4521.3 	4711.0 	5288.4 	7542.4 	8378.9 	8909.9 	12078.9 	7562.4 	11658.6 	15630.0 	17624.4 	15540.9 	14721.2 	10362.4 	8375.2 	11545.2 	16023.8 	14730.5 	9502.1 	13770.0 	25209.4 	20531.3 	18736.4 	14841.1 
A,MIO_IMP_VAL,SITC3,EXT_EU27_2020,PT	2909.7 	3074.8 	3865.7 	5299.7 	6563.6 	6377.4 	8038.2 	5048.2 	6687.4 	8198.3 	9119.4 	8777.5 	7555.1 	5993.9 	4707.8 	6398.0 	7170.7 	7130.4 	4731.2 	6708.2 	12927.9 	8454.1 	8397.0 	6277.1 
A,MIO_IMP_VAL,SITC3,EXT_EU27_2020,RO	1937.5 	2145.2 	2823.0 	4128.8 	5090.2 	4910.8 	6358.2 	3155.8 	3756.4 	4922.5 	5143.7 	4236.0 	4517.0 	3098.3 	3025.7 	3893.9 	5036.3 	5101.4 	2987.9 	5085.9 	8554.2 	6719.8 	6719.6 	5943.0 
A,MIO_IMP_VAL,SITC3,EXT_EU27_2020,SE	4040.9 	4505.0 	4580.7 	6372.3 	7302.4 	7039.8 	10063.2 	6413.8 	9950.9 	12250.1 	14430.8 	11516.9 	11829.4 	8006.3 	7108.6 	9107.8 	11726.0 	9875.9 	6750.5 	10440.7 	19186.4 	13729.6 	13062.1 	9747.5 
A,MIO_IMP_VAL,SITC3,EXT_EU27_2020,SI	285.9 	308.2 	328.4 	507.8 	615.4 	619.9 	1202.3 	888.3 	1121.0 	1264.6 	1176.4 	1433.0 	1282.4 	879.6 	745.7 	1084.6 	1554.9 	1561.4 	1059.9 	1672.4 	3679.8 	2284.8 	1850.1 	1821.8 
A,MIO_IMP_VAL,SITC3,EXT_EU27_2020,SK	1930.0 	1937.6 	2083.8 	2790.8 	3740.1 	3603.0 	4844.5 	3306.4 	4299.9 	5961.5 	5573.7 	5773.4 	4075.6 	3147.0 	2367.7 	2801.2 	3649.1 	3158.5 	2206.1 	3784.1 	6758.0 	4465.1 	3893.4 	2987.6 
A,MIO_IMP_VAL,SITC3,WORLD,AT	5741.6 	6461.9 	8098.8 	11787.7 	11751.6 	11156.5 	14348.6 	9853.7 	12154.7 	15618.0 	17111.2 	14760.0 	13023.7 	10536.5 	8933.7 	10736.6 	12767.0 	12261.0 	8248.4 	13934.5 	27157.2 	18236.2 	14095.3 	12671.5 
A,MIO_IMP_VAL,SITC3,WORLD,BE	16570.2 	18102.1 	22117.6 	31987.6 	38083.1 	34653.6 	48719.6 	31371.0 	40843.8 	54591.4 	59316.6 	63002.8 	55656.7 	41050.3 	34303.4 	42729.4 	53220.7 	45085.6 	29559.0 	58715.6 	131094.8 	83118.7 	73336.3 	65357.4 
A,MIO_IMP_VAL,SITC3,WORLD,BG	284.0 	377.5 	458.0 	785.5 	976.2 	4348.1 	5481.6 	3374.5 	4286.3 	5379.4 	6341.4 	5958.3 	5197.8 	4102.0 	3237.8 	4218.8 	4296.2 	4582.7 	2521.9 	4385.2 	9242.8 	5515.6 	7131.9 	7162.0 
A,MIO_IMP_VAL,SITC3,WORLD,CY	418.3 	279.5 	503.7 	834.1 	1011.4 	1067.5 	1452.3 	989.7 	1312.4 	1582.2 	1731.2 	1396.4 	1267.2 	1121.9 	1097.2 	1456.7 	1902.1 	1553.3 	1144.1 	1693.2 	2841.2 	2925.0 	2806.1 	3600.5 
A,MIO_IMP_VAL,SITC3,WORLD,CZ	3254.9 	3517.9 	3884.6 	5637.7 	7118.1 	6901.7 	10039.2 	6957.1 	9162.1 	11638.6 	12236.3 	11243.4 	9783.6 	8364.4 	6477.1 	7883.3 	9623.0 	8726.1 	5379.6 	10366.6 	21279.8 	13246.1 	11707.5 	11960.2 
A,MIO_IMP_VAL,SITC3,WORLD,DE	43595.9 	47522.3 	52486.8 	73316.8 	90394.0 	83319.4 	114319.4 	77891.9 	94098.7 	122953.2 	130130.2 	127250.4 	113198.3 	88945.9 	70660.8 	81550.4 	97880.3 	96038.8 	66308.3 	99141.3 	196258.8 	122995.7 	106893.7 	102033.9 
A,MIO_IMP_VAL,SITC3,WORLD,DK	2193.2 	2290.1 	2654.1 	3551.5 	3827.6 	3630.6 	5533.8 	3812.4 	4716.1 	6464.9 	7321.2 	7748.9 	6314.2 	5041.7 	4023.1 	4743.7 	5734.4 	5745.3 	3653.8 	7174.6 	14381.7 	8790.6 	7876.2 	7447.3 
A,MIO_IMP_VAL,SITC3,WORLD,EE	276.3 	291.8 	434.4 	730.7 	1719.5 	1579.3 	1706.9 	1391.7 	1580.6 	2089.2 	2080.9 	1664.8 	1721.0 	1372.2 	1129.6 	1391.8 	2407.8 	2035.7 	1701.2 	3142.6 	5225.1 	2444.3 	2033.5 	2136.4 
A,MIO_IMP_VAL,SITC3,WORLD,EL	4577.5 	5060.0 	5408.3 	7943.0 	9755.9 	9915.9 	13849.0 	8822.0 	12278.5 	14814.2 	18280.4 	17232.5 	16299.6 	11343.1 	9728.5 	12216.2 	15963.1 	14917.1 	9713.7 	16934.5 	33532.1 	22766.5 	21639.3 	16504.4 
A,MIO_IMP_VAL,SITC3,WORLD,ES	18905.5 	19113.3 	23305.4 	32634.8 	41123.4 	42427.9 	54925.9 	33907.4 	44201.0 	56546.2 	62156.4 	57264.3 	54484.9 	38604.4 	30530.8 	40695.8 	48126.3 	44622.8 	27099.2 	46419.0 	90477.7 	63052.3 	59016.1 	53434.6 
A,MIO_IMP_VAL,SITC3,WORLD,FI	4045.8 	4480.5 	4967.2 	6497.1 	8521.8 	8280.6 	11024.0 	7286.3 	9526.5 	13180.2 	13153.4 	13593.4 	12213.1 	7744.0 	7181.4 	8656.5 	10524.6 	10162.4 	6470.7 	9894.5 	18343.2 	11269.5 	10271.7 	9613.4 
A,MIO_IMP_VAL,SITC3,WORLD,FR	29397.7 	31081.2 	37813.5 	51894.0 	60771.2 	60472.8 	79532.7 	51886.9 	62815.3 	82672.5 	89492.8 	83353.4 	72471.7 	54111.0 	42868.4 	53189.0 	62464.1 	59006.8 	34367.1 	61300.5 	149323.3 	99047.6 	81098.1 	67954.1 
A,MIO_IMP_VAL,SITC3,WORLD,HR	1380.8 	1374.6 	1594.7 	2263.9 	2723.1 	2862.3 	3659.3 	2564.8 	2843.5 	3553.2 	3767.3 	3588.9 	3178.0 	2809.8 	2425.5 	2911.8 	3237.0 	3071.9 	2372.9 	4400.3 	10921.5 	6564.6 	6592.2 	6259.7 
A,MIO_IMP_VAL,SITC3,WORLD,HU	2290.6 	2359.2 	3294.7 	5407.4 	6775.4 	6623.5 	9409.6 	6062.8 	7086.2 	8991.8 	9588.7 	9367.0 	9335.8 	6707.0 	5342.1 	7748.1 	9786.2 	9323.9 	5893.6 	11477.1 	25124.2 	14078.7 	12336.8 	12545.0 
A,MIO_IMP_VAL,SITC3,WORLD,IE	1862.3 	1838.8 	2669.2 	3769.4 	4288.3 	5329.7 	6574.7 	4431.8 	5601.3 	6865.8 	7120.4 	6830.6 	6496.3 	5122.8 	3859.7 	4746.0 	5778.4 	5499.3 	3391.3 	6188.6 	12996.4 	10317.0 	7848.2 	7485.8 
A,MIO_IMP_VAL,SITC3,WORLD,IT	23229.7 	23599.6 	36155.9 	49067.5 	61552.0 	60711.3 	76816.4 	52262.1 	67793.2 	79098.7 	84888.4 	71939.4 	58313.7 	47171.9 	37655.1 	47922.1 	57244.8 	52237.3 	31310.0 	63922.3 	140709.4 	87207.0 	72386.7 	63256.0 
A,MIO_IMP_VAL,SITC3,WORLD,LT	1361.0 	1473.6 	1860.6 	3059.0 	3466.8 	2891.6 	5837.1 	3628.3 	5654.6 	7523.5 	8188.1 	7854.8 	6049.4 	5120.7 	4176.1 	5176.3 	6072.4 	5789.5 	3255.1 	6178.5 	14724.5 	8783.7 	7454.4 	7052.9 
A,MIO_IMP_VAL,SITC3,WORLD,LU	984.1 	1029.1 	1302.1 	1743.8 	2048.4 	2057.1 	2620.8 	1635.2 	2041.5 	2630.4 	2873.7 	2618.1 	2282.9 	1647.9 	1319.0 	1575.6 	2023.6 	2032.7 	1277.6 	2045.0 	3994.8 	3083.0 	2634.6 	2228.7 
A,MIO_IMP_VAL,SITC3,WORLD,LV	394.5 	438.4 	690.6 	1034.8 	1170.1 	1202.7 	1591.4 	1110.5 	1249.6 	1848.9 	2162.6 	2107.1 	2029.5 	1664.0 	1226.3 	1413.5 	1675.7 	1458.1 	976.6 	1999.2 	5531.5 	2797.7 	2401.5 	2478.0 
A,MIO_IMP_VAL,SITC3,WORLD,MT	131.7 	150.4 	149.0 	216.8 	254.3 	371.2 	488.5 	423.2 	572.0 	1181.5 	1820.6 	1218.3 	1456.4 	1160.0 	1090.1 	1161.1 	1535.8 	1232.8 	859.0 	1091.4 	1543.1 	1247.7 	1852.8 	1632.0 
A,MIO_IMP_VAL,SITC3,WORLD,NL	24336.8 	25434.1 	30407.7 	45150.8 	57769.4 	60465.0 	76957.2 	52851.3 	73408.5 	95997.2 	121286.1 	110521.2 	98830.2 	74210.6 	63043.6 	78021.0 	93502.3 	88820.8 	55463.9 	98661.4 	190820.8 	148692.7 	120407.6 	108426.5 
A,MIO_IMP_VAL,SITC3,WORLD,PL	5341.3 	5518.9 	6638.8 	9411.4 	10527.8 	12005.2 	16023.0 	10064.7 	14403.5 	19069.4 	20463.3 	18015.8 	17637.9 	12837.0 	10702.8 	14498.3 	19206.6 	17893.0 	11856.6 	17712.9 	35720.1 	30749.2 	26658.8 	23548.9 
A,MIO_IMP_VAL,SITC3,WORLD,PT	4084.4 	4221.4 	4941.0 	7262.4 	8144.9 	8092.8 	10361.6 	6498.4 	8421.3 	10448.9 	11702.7 	11150.1 	10194.3 	7970.9 	6246.1 	8205.9 	9045.4 	9093.4 	5886.7 	9501.4 	18264.4 	12288.4 	11564.7 	9480.2 
A,MIO_IMP_VAL,SITC3,WORLD,RO	2102.7 	2312.0 	3113.6 	4548.1 	5517.3 	5501.1 	7090.5 	3652.2 	4730.8 	6215.7 	6689.0 	5457.3 	5456.5 	4040.1 	3809.3 	4980.8 	6230.4 	6587.5 	4169.2 	7416.9 	15401.1 	10381.9 	10368.9 	10362.4 
A,MIO_IMP_VAL,SITC3,WORLD,SE	6196.3 	6931.9 	7838.9 	10545.2 	12688.0 	12391.9 	16618.4 	9944.5 	15044.6 	17994.3 	20699.3 	17341.0 	16571.9 	12142.3 	11338.1 	13759.4 	17089.8 	15028.4 	10150.0 	15385.9 	27155.7 	19941.8 	18358.4 	14915.7 
A,MIO_IMP_VAL,SITC3,WORLD,SI	814.7 	946.5 	1165.8 	1695.4 	2095.9 	2071.5 	2991.1 	1957.0 	2619.3 	3578.7 	3813.9 	3422.9 	3012.2 	2589.5 	2090.1 	2769.0 	3226.0 	3788.7 	2239.4 	3865.1 	8029.6 	5447.6 	4854.0 	4668.9 
A,MIO_IMP_VAL,SITC3,WORLD,SK	2349.7 	2420.6 	2912.0 	3672.0 	4763.8 	4737.2 	6301.1 	4618.3 	6494.5 	8443.7 	7902.1 	7960.2 	5959.0 	4841.8 	3879.6 	4879.7 	5870.2 	5198.3 	3763.1 	6370.4 	12578.0 	7731.0 	7526.4 	6332.0 
A,MIO_IMP_VAL,SITC5,EU27_2020,AT	6925.8 	7332.3 	7597.0 	8348.0 	9267.0 	10119.8 	10794.2 	9435.3 	10833.0 	12118.8 	12187.8 	12535.1 	12823.2 	12789.0 	12821.3 	13847.6 	15239.3 	15536.6 	15277.7 	18706.2 	21544.5 	19789.1 	20270.8 	20801.7 
A,MIO_IMP_VAL,SITC5,EU27_2020,BE	37840.1 	36997.5 	41493.6 	48542.8 	51260.4 	53871.2 	52218.6 	48481.7 	52528.9 	51089.8 	51720.2 	48816.8 	49292.8 	51329.8 	51275.4 	53491.9 	59474.8 	58932.2 	59758.2 	90197.1 	103742.3 	87838.8 	78895.0 	77486.9 
A,MIO_IMP_VAL,SITC5,EU27_2020,BG	627.7 	705.7 	884.5 	1020.8 	1192.9 	1504.8 	1699.7 	1454.9 	1740.6 	1982.3 	2156.5 	2273.0 	2459.3 	2713.3 	2971.1 	3246.5 	3350.8 	3560.1 	3542.1 	4526.7 	5641.4 	4985.0 	4673.4 	4992.2 
A,MIO_IMP_VAL,SITC5,EU27_2020,CY	259.7 	270.4 	293.2 	315.4 	352.0 	404.0 	452.4 	433.2 	462.0 	466.5 	449.2 	439.6 	431.2 	436.4 	451.4 	495.7 	518.3 	566.0 	596.4 	731.7 	877.5 	957.5 	1050.3 	1145.7 
A,MIO_IMP_VAL,SITC5,EU27_2020,CZ	3905.7 	4180.3 	5177.8 	5822.8 	6721.5 	7713.1 	8568.3 	7344.9 	8854.5 	10420.6 	10733.9 	10896.7 	11741.1 	12519.3 	12796.2 	13644.5 	14829.5 	15658.3 	15686.2 	19481.9 	22951.2 	21607.7 	21754.1 	22173.9 
A,MIO_IMP_VAL,SITC5,EU27_2020,DE	38233.9 	39526.9 	44884.3 	52738.7 	60732.4 	68908.4 	71988.0 	63508.4 	74252.1 	80668.6 	80148.3 	80130.2 	83593.0 	88504.3 	88926.3 	97397.8 	110773.8 	110460.4 	107056.7 	129864.0 	165284.5 	140336.5 	138316.5 	136059.7 
A,MIO_IMP_VAL,SITC5,EU27_2020,DK	4295.9 	4248.6 	4598.6 	5095.3 	5673.8 	5933.3 	6362.0 	5375.5 	5488.6 	6116.6 	6627.3 	6900.7 	7238.5 	7356.9 	7462.2 	7898.7 	8135.1 	8249.1 	9147.2 	10797.3 	12088.8 	10857.6 	11264.9 	12300.3 
A,MIO_IMP_VAL,SITC5,EU27_2020,EE	386.5 	413.2 	522.1 	655.9 	830.7 	940.4 	996.2 	813.1 	926.6 	1097.4 	1266.0 	1250.9 	1315.8 	1248.5 	1321.1 	1455.8 	1516.4 	1568.1 	1635.4 	1980.3 	2365.8 	2107.7 	2159.2 	2151.2 
A,MIO_IMP_VAL,SITC5,EU27_2020,EL	3592.2 	4037.0 	4568.4 	5096.0 	5516.5 	6170.0 	6451.2 	5958.0 	5560.1 	5482.9 	5088.9 	5034.6 	5083.4 	5209.0 	5309.8 	5832.9 	6267.3 	7070.7 	8406.9 	8899.4 	9653.4 	9471.3 	9808.6 	9974.2 
A,MIO_IMP_VAL,SITC5,EU27_2020,ES	15652.8 	16443.5 	17198.3 	18832.3 	20406.3 	21979.9 	23054.4 	21527.4 	23020.5 	24326.8 	23967.1 	24415.9 	25793.3 	28205.8 	27344.5 	29625.9 	31551.9 	31885.8 	30936.3 	37416.9 	44875.4 	41725.2 	44290.5 	47525.3 
A,MIO_IMP_VAL,SITC5,EU27_2020,EU27_2020	208445.4 	215531.7 	240430.9 	272385.2 	301316.8 	333021.5 	349301.6 	311484.6 	354273.5 	378232.0 	383666.6 	386197.1 	397686.8 	415068.5 	415863.7 	451165.4 	490656.4 	495560.3 	497153.7 	622837.4 	756409.9 	682694.7 	685202.0 	704087.1 
A,MIO_IMP_VAL,SITC5,EU27_2020,FI	3120.6 	3254.8 	3584.1 	4016.5 	4616.6 	4621.2 	4888.2 	4192.8 	4679.0 	5079.9 	5264.1 	5211.3 	5144.1 	5175.6 	5042.1 	5464.2 	5759.9 	5633.2 	5679.3 	6408.6 	7689.2 	6967.7 	6834.4 	6769.7 
A,MIO_IMP_VAL,SITC5,EU27_2020,FR	26846.7 	28667.3 	30705.0 	33343.5 	35456.8 	40094.6 	43123.1 	38763.7 	44326.6 	49748.9 	52071.4 	51601.5 	52817.9 	52133.2 	51489.2 	55464.6 	56820.6 	57701.1 	56822.2 	66597.3 	80121.6 	73098.3 	70679.0 	73319.6 
A,MIO_IMP_VAL,SITC5,EU27_2020,HR	1017.9 	1099.4 	1179.4 	1318.9 	1450.7 	1603.3 	1686.8 	1470.2 	1576.1 	1570.4 	1573.9 	1689.9 	1801.7 	2043.2 	2174.4 	2392.1 	2659.1 	2921.3 	3283.4 	3707.4 	4323.7 	4322.8 	4697.3 	4985.9 
A,MIO_IMP_VAL,SITC5,EU27_2020,HU	2787.1 	3079.2 	3588.1 	4271.8 	4991.5 	5424.0 	6144.4 	5164.5 	6080.1 	6913.4 	7046.8 	7230.7 	7794.0 	8343.1 	8526.1 	9291.9 	9977.3 	10524.9 	10814.1 	12425.4 	15292.5 	13882.3 	14839.1 	14370.6 
A,MIO_IMP_VAL,SITC5,EU27_2020,IE	2074.9 	2275.7 	2391.3 	2791.4 	2937.1 	3134.1 	3302.5 	2932.3 	3417.9 	4218.3 	4039.1 	4509.5 	4349.9 	4758.6 	5063.0 	6480.7 	10242.1 	6018.9 	7704.3 	9870.2 	13011.7 	14378.1 	14025.7 	19510.2 
A,MIO_IMP_VAL,SITC5,EU27_2020,IT	23399.9 	23631.8 	27011.1 	29347.0 	32656.3 	34678.0 	33488.0 	29823.7 	34318.8 	37350.7 	38011.1 	39821.6 	38630.7 	41145.1 	41213.0 	44426.9 	47938.8 	48860.4 	49224.6 	59065.5 	73124.6 	65550.6 	64851.8 	66636.3 
A,MIO_IMP_VAL,SITC5,EU27_2020,LT	670.7 	690.9 	905.9 	1103.8 	1391.3 	1787.9 	1872.6 	1594.0 	1973.4 	2399.1 	2525.5 	2705.5 	2833.1 	2931.6 	2936.8 	3353.4 	3633.3 	3811.4 	3878.0 	4885.8 	5893.3 	5225.1 	5084.5 	5198.2 
A,MIO_IMP_VAL,SITC5,EU27_2020,LU	1095.2 	1108.1 	1163.6 	1252.6 	1330.4 	1393.1 	1510.3 	1315.7 	1472.5 	1662.9 	1626.5 	1695.8 	1727.7 	1881.5 	1883.7 	2014.5 	2164.2 	2166.7 	2082.7 	2618.5 	3108.2 	2667.3 	2897.8 	2955.2 
A,MIO_IMP_VAL,SITC5,EU27_2020,LV	405.4 	428.1 	495.6 	608.5 	787.0 	901.3 	1051.3 	775.5 	975.4 	1100.4 	1216.7 	1288.4 	1284.5 	1270.1 	1335.5 	1512.6 	1588.2 	1675.8 	1713.1 	2222.8 	2883.7 	2672.4 	2538.7 	2732.4 
A,MIO_IMP_VAL,SITC5,EU27_2020,MT	137.3 	138.6 	157.4 	163.6 	171.1 	177.3 	193.8 	175.7 	201.9 	221.6 	209.8 	211.0 	204.0 	212.2 	217.3 	229.9 	249.5 	272.4 	292.1 	334.2 	397.8 	407.2 	427.7 	490.8 
A,MIO_IMP_VAL,SITC5,EU27_2020,NL	15476.0 	16223.0 	17959.6 	20195.4 	21711.3 	25011.7 	28528.7 	25872.3 	30261.2 	27733.0 	28976.1 	30045.1 	31047.2 	32851.1 	31036.8 	34036.0 	35411.3 	37890.0 	38315.2 	50314.9 	64854.2 	62891.9 	69703.5 	71077.5 
A,MIO_IMP_VAL,SITC5,EU27_2020,PL	6728.3 	6895.9 	8283.4 	9752.2 	11350.5 	12935.1 	15089.2 	12377.0 	15548.1 	17479.1 	17362.1 	17989.1 	19187.1 	19485.0 	21111.1 	23971.5 	25088.1 	25501.5 	26236.9 	33548.1 	39000.7 	36343.8 	38748.8 	40068.9 
A,MIO_IMP_VAL,SITC5,EU27_2020,PT	3774.9 	3915.0 	4175.3 	4591.3 	5229.9 	5441.5 	5805.4 	5469.2 	6020.8 	6424.7 	6336.1 	6354.1 	6639.7 	7026.5 	7196.2 	7689.4 	8387.7 	8618.4 	8578.6 	11138.3 	12862.1 	12904.4 	13764.7 	15800.2 
A,MIO_IMP_VAL,SITC5,EU27_2020,RO	1523.7 	1646.5 	1985.2 	2406.1 	3144.2 	4109.1 	4784.8 	4333.2 	4906.8 	5713.1 	5977.1 	6242.8 	6429.6 	7021.4 	7415.5 	8226.3 	8598.6 	9307.2 	9341.0 	11667.3 	13861.6 	13360.1 	13757.4 	14603.3 
A,MIO_IMP_VAL,SITC5,EU27_2020,SE	4950.3 	5480.2 	6137.9 	6621.3 	7413.9 	8514.5 	9217.4 	7580.1 	8801.4 	9855.1 	10036.8 	9718.0 	10583.5 	10629.7 	10277.3 	10817.2 	11182.2 	11651.6 	11718.0 	13938.8 	17145.9 	15393.9 	16185.7 	16778.1 
A,MIO_IMP_VAL,SITC5,EU27_2020,SI	1234.9 	1274.9 	1542.0 	1732.8 	1915.9 	2232.9 	2325.5 	1997.2 	2345.2 	2508.1 	2558.1 	2572.7 	2626.8 	2703.6 	2809.2 	3092.8 	3428.4 	3626.8 	3535.5 	4360.0 	5400.1 	5033.0 	5553.8 	5682.1 
A,MIO_IMP_VAL,SITC5,EU27_2020,SK	1481.5 	1567.0 	1948.2 	2400.8 	2809.0 	3417.1 	3704.7 	3315.2 	3701.6 	4482.7 	4490.2 	4616.6 	4813.8 	5144.9 	5457.1 	5764.2 	5869.9 	5891.4 	5891.7 	7132.7 	8414.5 	7919.2 	8128.6 	8497.0 
A,MIO_IMP_VAL,SITC5,EXT_EU27_2020,AT	1991.5 	1944.2 	1991.1 	2449.9 	2875.3 	2932.8 	2866.1 	3135.4 	4094.7 	4571.8 	4731.6 	4890.3 	5265.6 	6034.5 	6180.6 	6777.9 	6316.2 	6634.4 	6001.3 	7974.6 	8370.3 	9377.1 	6623.4 	8375.7 
A,MIO_IMP_VAL,SITC5,EXT_EU27_2020,BE	12241.1 	12633.9 	13735.8 	15917.0 	17192.8 	18824.4 	19313.1 	17714.2 	21812.5 	24294.4 	28050.0 	30066.4 	32029.4 	36339.4 	35146.8 	33979.0 	37683.1 	38912.1 	36032.6 	41727.8 	53351.3 	50411.0 	45193.0 	45861.8 
A,MIO_IMP_VAL,SITC5,EXT_EU27_2020,BG	236.4 	251.7 	319.0 	370.8 	436.0 	417.8 	505.4 	430.7 	512.8 	667.3 	763.3 	851.8 	895.7 	1000.1 	946.2 	1083.3 	1174.0 	1227.2 	1144.9 	1543.7 	2163.8 	1781.5 	1867.6 	2022.5 
A,MIO_IMP_VAL,SITC5,EXT_EU27_2020,CY	147.5 	140.4 	147.5 	143.2 	154.6 	170.4 	185.6 	156.3 	168.8 	171.5 	166.2 	162.8 	163.0 	177.6 	184.3 	190.8 	233.3 	255.9 	246.5 	267.6 	312.1 	350.4 	362.9 	484.1 
A,MIO_IMP_VAL,SITC5,EXT_EU27_2020,CZ	915.7 	1033.3 	951.2 	944.3 	1027.0 	1238.5 	1353.3 	1084.1 	1334.3 	1528.2 	1478.4 	1540.0 	1751.3 	1811.4 	2007.3 	2187.6 	2327.7 	2285.9 	2017.1 	2693.3 	3079.3 	2865.6 	3008.3 	3282.8 
A,MIO_IMP_VAL,SITC5,EXT_EU27_2020,DE	19487.6 	19262.1 	21536.6 	23253.6 	27635.3 	29822.8 	30683.5 	27882.9 	32017.3 	36510.9 	36956.1 	36348.7 	38219.5 	42381.2 	44889.8 	49069.0 	46952.3 	47492.8 	47704.8 	50293.6 	72784.2 	54934.2 	55875.2 	57985.4 
A,MIO_IMP_VAL,SITC5,EXT_EU27_2020,DK	1362.8 	1419.2 	1504.6 	1654.2 	1834.9 	1899.8 	1926.0 	1646.8 	1793.2 	1956.1 	2078.7 	2204.4 	2231.4 	2381.7 	2189.9 	2402.6 	2527.5 	2600.5 	2667.2 	3230.6 	3536.8 	3189.6 	4450.1 	4244.3 
A,MIO_IMP_VAL,SITC5,EXT_EU27_2020,EE	99.2 	131.6 	113.0 	107.1 	137.4 	116.2 	153.6 	87.4 	98.4 	198.4 	252.0 	218.0 	191.8 	214.2 	207.3 	283.0 	328.9 	347.4 	307.9 	418.8 	497.7 	279.1 	273.9 	381.5 
A,MIO_IMP_VAL,SITC5,EXT_EU27_2020,EL	1195.4 	1275.6 	1453.0 	1490.4 	1643.1 	1929.0 	2187.0 	1965.3 	1970.3 	1731.1 	1492.8 	1536.4 	1585.7 	1599.4 	1586.9 	1613.9 	1740.7 	1608.5 	1597.3 	2069.3 	2777.9 	2314.2 	2439.8 	2504.0 
A,MIO_IMP_VAL,SITC5,EXT_EU27_2020,ES	6344.7 	6936.5 	7686.8 	8226.0 	8788.3 	9890.3 	11092.5 	10107.8 	12796.0 	14013.3 	13978.8 	13116.9 	13095.6 	14070.7 	13894.3 	14429.8 	16380.1 	17540.0 	16876.8 	24386.2 	28042.8 	22371.7 	22183.8 	22040.0 
A,MIO_IMP_VAL,SITC5,EXT_EU27_2020,EU27_2020	97059.6 	97167.2 	104941.5 	114678.5 	127648.8 	139127.0 	147360.5 	133478.8 	157908.3 	172823.5 	179986.8 	178097.6 	184394.7 	202902.9 	204105.0 	217119.4 	223665.6 	235552.4 	234857.7 	272422.0 	363224.6 	326133.7 	323976.6 	347706.8 
A,MIO_IMP_VAL,SITC5,EXT_EU27_2020,FI	1061.3 	1087.6 	1166.5 	1357.6 	1454.0 	1536.2 	1684.9 	1100.4 	1414.0 	1785.6 	1942.9 	1820.7 	1854.8 	1833.4 	1674.0 	1725.5 	1862.6 	1782.3 	1595.6 	1950.4 	2519.9 	1748.4 	1685.6 	1885.1 
A,MIO_IMP_VAL,SITC5,EXT_EU27_2020,FR	15592.2 	15451.1 	16096.7 	17819.9 	18532.2 	19784.1 	18749.4 	18206.9 	20398.2 	21184.1 	21920.9 	19547.9 	19053.6 	19803.4 	19083.8 	19418.0 	18637.6 	18860.1 	18598.1 	22244.9 	27612.1 	27090.7 	24950.3 	27587.9 
A,MIO_IMP_VAL,SITC5,EXT_EU27_2020,HR	269.3 	281.2 	311.0 	337.6 	404.0 	464.9 	516.6 	415.1 	561.1 	676.5 	621.9 	539.2 	470.2 	569.9 	842.3 	646.4 	675.5 	689.6 	598.2 	698.9 	927.5 	817.1 	854.4 	957.9 
A,MIO_IMP_VAL,SITC5,EXT_EU27_2020,HU	902.7 	1007.8 	1039.8 	876.7 	1008.3 	1133.8 	1307.4 	1012.2 	1325.4 	1677.6 	1598.7 	1548.9 	1619.0 	2013.8 	1940.3 	2377.8 	2724.9 	2847.7 	3787.9 	4330.6 	6225.8 	7930.7 	6185.2 	4843.1 
A,MIO_IMP_VAL,SITC5,EXT_EU27_2020,IE	4922.5 	4614.5 	4680.8 	4587.2 	4999.6 	4955.4 	4973.7 	4398.4 	5337.6 	6200.3 	6205.4 	6323.9 	7064.9 	9070.8 	9579.3 	11277.2 	9932.8 	11535.9 	14574.0 	16220.4 	25303.5 	25442.3 	17112.3 	17896.7 
A,MIO_IMP_VAL,SITC5,EXT_EU27_2020,IT	10332.3 	10733.9 	11357.7 	11856.8 	12760.0 	13632.0 	14269.0 	13192.1 	16174.3 	19218.2 	18501.9 	16827.0 	17008.2 	18071.9 	18392.3 	19189.0 	19736.5 	20151.5 	18982.1 	21072.3 	29895.3 	29309.6 	34048.9 	48089.4 
A,MIO_IMP_VAL,SITC5,EXT_EU27_2020,LT	247.8 	292.9 	256.9 	305.7 	393.8 	489.9 	561.3 	381.9 	466.9 	568.2 	738.3 	665.5 	767.4 	1002.1 	882.9 	966.3 	970.3 	1078.9 	966.0 	1293.5 	1827.6 	1233.8 	1372.2 	1429.7 
A,MIO_IMP_VAL,SITC5,EXT_EU27_2020,LU	91.7 	113.1 	158.1 	198.6 	281.0 	317.9 	203.3 	97.9 	222.3 	323.2 	353.3 	333.8 	263.2 	263.6 	274.6 	312.4 	322.6 	267.2 	278.1 	318.2 	362.1 	277.7 	283.9 	296.5 
A,MIO_IMP_VAL,SITC5,EXT_EU27_2020,LV	139.3 	144.9 	154.1 	146.0 	192.1 	238.9 	250.9 	206.5 	250.9 	293.5 	280.5 	284.5 	296.3 	346.0 	353.1 	414.5 	386.6 	413.1 	434.5 	583.6 	625.9 	480.5 	546.0 	552.8 
A,MIO_IMP_VAL,SITC5,EXT_EU27_2020,MT	95.2 	97.9 	100.2 	102.4 	121.5 	159.1 	153.4 	140.4 	173.6 	207.8 	221.5 	219.6 	224.2 	245.7 	220.2 	255.4 	315.1 	304.4 	337.6 	359.1 	405.5 	415.7 	487.8 	613.6 
A,MIO_IMP_VAL,SITC5,EXT_EU27_2020,NL	12892.2 	11731.5 	13373.9 	15177.3 	17324.9 	19692.5 	23749.9 	21016.7 	23709.5 	22379.8 	24561.3 	26161.7 	26838.1 	29483.3 	29330.0 	32990.6 	35919.0 	39098.1 	38313.7 	40955.0 	52649.4 	42951.5 	42568.1 	43691.6 
A,MIO_IMP_VAL,SITC5,EXT_EU27_2020,PL	1963.5 	2012.8 	1915.4 	1887.4 	2286.6 	2764.8 	3423.3 	2656.7 	3596.4 	3982.0 	4172.3 	4388.5 	4994.3 	5346.9 	5392.6 	6035.9 	6000.5 	6558.4 	7089.5 	9051.6 	12952.8 	11491.9 	10036.4 	10441.4 
A,MIO_IMP_VAL,SITC5,EXT_EU27_2020,PT	869.9 	831.4 	871.4 	979.0 	1085.5 	1181.7 	1183.8 	992.0 	1368.6 	1489.5 	1458.0 	1326.6 	1364.2 	1500.2 	1444.9 	1567.5 	1887.0 	2112.1 	1982.3 	2276.5 	3138.9 	2300.8 	2395.9 	2679.0 
A,MIO_IMP_VAL,SITC5,EXT_EU27_2020,RO	507.5 	538.1 	731.8 	906.8 	1156.0 	1146.4 	1427.7 	1130.4 	1304.0 	1548.8 	1516.4 	1548.6 	1577.1 	1615.4 	1680.8 	1879.2 	1852.7 	2064.0 	2440.5 	3092.2 	4315.2 	3162.3 	4075.1 	4093.2 
A,MIO_IMP_VAL,SITC5,EXT_EU27_2020,SE	2448.7 	2456.2 	2590.0 	2965.9 	3197.6 	3518.5 	3592.6 	3478.5 	3995.9 	4437.5 	4683.5 	4183.6 	4031.5 	4019.3 	4014.3 	4134.3 	4443.1 	4359.2 	4348.0 	4647.0 	5856.6 	5694.3 	5331.3 	5065.6 
A,MIO_IMP_VAL,SITC5,EXT_EU27_2020,SI	313.0 	356.2 	310.9 	303.5 	332.3 	405.7 	468.8 	398.0 	523.3 	675.0 	744.7 	823.8 	914.5 	1055.0 	1098.6 	1244.3 	1657.8 	3883.0 	5343.2 	8016.9 	12977.9 	17291.9 	29054.6 	29607.9 
A,MIO_IMP_VAL,SITC5,EXT_EU27_2020,SK	388.4 	387.6 	387.7 	313.5 	394.6 	463.0 	578.4 	443.8 	487.9 	532.8 	517.3 	617.9 	624.3 	651.9 	667.4 	668.3 	677.1 	642.2 	592.2 	705.3 	712.2 	620.2 	710.5 	793.3 
A,MIO_IMP_VAL,SITC5,WORLD,AT	8917.3 	9276.5 	9588.1 	10797.9 	12142.3 	13052.5 	13660.3 	12570.7 	14927.7 	16690.5 	16919.3 	17425.4 	18088.8 	18823.5 	19001.8 	20625.4 	21555.5 	22171.0 	21279.0 	26680.8 	29914.8 	29166.1 	26894.3 	29177.4 
A,MIO_IMP_VAL,SITC5,WORLD,BE	50081.2 	49631.4 	55229.3 	64459.8 	68453.2 	72695.5 	71531.8 	66195.9 	74341.4 	75384.2 	79770.3 	78883.2 	81322.2 	87669.1 	86422.2 	87470.9 	97158.0 	97844.3 	95790.8 	131924.9 	157093.6 	138249.8 	124088.0 	123348.7 
A,MIO_IMP_VAL,SITC5,WORLD,BG	864.1 	957.4 	1203.5 	1391.6 	1629.0 	1922.6 	2205.0 	1885.6 	2253.4 	2649.6 	2919.8 	3124.8 	3355.0 	3713.4 	3917.3 	4329.9 	4524.8 	4787.3 	4687.0 	6070.4 	7805.2 	6766.5 	6541.0 	7014.7 
A,MIO_IMP_VAL,SITC5,WORLD,CY	407.2 	410.7 	440.7 	458.6 	506.5 	574.3 	637.9 	589.5 	630.7 	638.0 	615.5 	602.4 	594.2 	614.0 	635.7 	686.4 	751.6 	821.9 	843.0 	999.3 	1189.6 	1307.9 	1413.1 	1629.9 
A,MIO_IMP_VAL,SITC5,WORLD,CZ	4821.3 	5213.6 	6129.0 	6767.1 	7748.5 	8951.7 	9921.7 	8429.0 	10188.7 	11948.8 	12212.2 	12436.8 	13492.4 	14330.7 	14803.5 	15832.1 	17157.2 	17944.2 	17703.2 	22175.2 	26030.6 	24473.3 	24762.4 	25456.7 
A,MIO_IMP_VAL,SITC5,WORLD,DE	57721.5 	58789.1 	66421.0 	75992.3 	88367.7 	98731.2 	102671.5 	91391.3 	106269.5 	117179.5 	117104.3 	116478.9 	121812.4 	130885.5 	133816.1 	146466.8 	157726.1 	157953.1 	154761.4 	180157.6 	238068.7 	195270.7 	194191.7 	194045.1 
A,MIO_IMP_VAL,SITC5,WORLD,DK	5658.7 	5667.8 	6103.2 	6749.5 	7508.7 	7833.1 	8288.0 	7022.3 	7281.8 	8072.7 	8706.0 	9105.1 	9469.8 	9738.6 	9652.1 	10301.3 	10662.7 	10849.6 	11814.4 	14027.9 	15625.6 	14047.3 	15715.0 	16544.6 
A,MIO_IMP_VAL,SITC5,WORLD,EE	485.7 	544.8 	635.1 	763.0 	968.1 	1056.6 	1149.8 	900.5 	1025.0 	1295.8 	1518.0 	1468.9 	1507.7 	1462.8 	1528.5 	1738.8 	1845.3 	1915.5 	1943.3 	2399.1 	2863.6 	2386.8 	2433.1 	2532.6 
A,MIO_IMP_VAL,SITC5,WORLD,EL	4787.7 	5312.6 	6021.4 	6586.4 	7159.6 	8099.1 	8638.2 	7923.3 	7530.4 	7214.1 	6581.6 	6571.0 	6669.1 	6808.4 	6896.7 	7446.9 	8008.0 	8679.2 	10004.1 	10968.8 	12431.3 	11785.5 	12248.5 	12478.2 
A,MIO_IMP_VAL,SITC5,WORLD,ES	21997.5 	23380.0 	24885.1 	27058.3 	29194.6 	31870.2 	34146.9 	31635.2 	35816.5 	38340.1 	37945.9 	37532.8 	38888.9 	42276.6 	41238.8 	44055.7 	47932.0 	49425.8 	47813.1 	61803.1 	72918.2 	64096.9 	66474.3 	69565.3 
A,MIO_IMP_VAL,SITC5,WORLD,FI	4181.9 	4342.3 	4750.6 	5374.0 	6070.6 	6157.3 	6573.2 	5293.2 	6093.0 	6865.5 	7207.0 	7032.1 	6998.9 	7009.0 	6716.1 	7189.7 	7622.5 	7415.4 	7274.9 	8359.0 	10209.1 	8716.2 	8520.0 	8654.7 
A,MIO_IMP_VAL,SITC5,WORLD,FR	42438.9 	44118.4 	46801.7 	51163.4 	53988.9 	59878.7 	61872.5 	56970.6 	64724.8 	70933.1 	73992.2 	71149.4 	71871.5 	71936.6 	70573.0 	74882.6 	75458.1 	76561.3 	75420.3 	88842.2 	107733.8 	100189.1 	95629.3 	100907.5 
A,MIO_IMP_VAL,SITC5,WORLD,HR	1287.2 	1380.6 	1490.4 	1656.4 	1854.7 	2068.2 	2203.4 	1885.3 	2137.2 	2246.9 	2195.9 	2229.0 	2271.9 	2613.1 	3016.7 	3038.4 	3334.6 	3610.9 	3881.5 	4406.3 	5251.2 	5139.9 	5551.7 	5943.7 
A,MIO_IMP_VAL,SITC5,WORLD,HU	3689.8 	4087.0 	4627.9 	5148.5 	5999.8 	6557.8 	7451.8 	6176.6 	7405.5 	8591.0 	8645.5 	8779.7 	9413.0 	10356.9 	10466.4 	11669.7 	12702.1 	13372.7 	14602.0 	16756.0 	21518.3 	21813.0 	21024.4 	19213.7 
A,MIO_IMP_VAL,SITC5,WORLD,IE	6997.4 	6890.2 	7072.2 	7378.6 	7936.7 	8089.5 	8276.2 	7330.7 	8755.5 	10418.6 	10244.6 	10833.4 	11414.8 	13829.4 	14642.3 	17757.9 	20174.9 	17554.8 	22278.3 	26090.6 	38315.2 	39820.4 	31138.0 	37406.9 
A,MIO_IMP_VAL,SITC5,WORLD,IT	33732.2 	34365.6 	38368.8 	41203.8 	45416.3 	48310.0 	47756.9 	43015.8 	50493.1 	56569.0 	56513.0 	56648.6 	55638.9 	59216.9 	59605.3 	63616.0 	67675.3 	69011.9 	68206.7 	80137.9 	103019.9 	94860.2 	98900.7 	114725.7 
A,MIO_IMP_VAL,SITC5,WORLD,LT	918.5 	983.7 	1162.8 	1409.5 	1785.1 	2277.8 	2433.9 	1976.0 	2440.3 	2967.4 	3263.7 	3371.0 	3600.6 	3933.8 	3819.7 	4319.7 	4603.6 	4890.3 	4844.0 	6179.3 	7720.9 	6458.8 	6456.7 	6627.9 
A,MIO_IMP_VAL,SITC5,WORLD,LU	1186.9 	1221.2 	1321.8 	1451.2 	1611.3 	1711.0 	1713.6 	1413.7 	1694.8 	1986.1 	1979.8 	2029.7 	1990.8 	2145.1 	2158.3 	2326.9 	2486.8 	2433.9 	2360.8 	2936.7 	3470.2 	2945.0 	3181.8 	3251.7 
A,MIO_IMP_VAL,SITC5,WORLD,LV	544.8 	573.0 	649.7 	754.5 	979.1 	1140.1 	1302.2 	982.0 	1226.3 	1393.9 	1497.2 	1572.9 	1580.8 	1616.1 	1688.7 	1927.1 	1974.8 	2089.0 	2147.6 	2806.5 	3509.6 	3152.9 	3084.7 	3285.3 
A,MIO_IMP_VAL,SITC5,WORLD,MT	232.5 	236.6 	257.6 	266.0 	292.5 	336.4 	347.2 	316.0 	375.5 	429.4 	431.3 	430.6 	428.1 	457.8 	437.6 	485.2 	564.6 	576.8 	629.7 	693.3 	803.3 	823.0 	915.5 	1104.4 
A,MIO_IMP_VAL,SITC5,WORLD,NL	28368.2 	27954.5 	31333.4 	35372.7 	39036.2 	44704.2 	52278.6 	46889.0 	53970.7 	50112.8 	53537.4 	56206.7 	57885.2 	62334.5 	60366.9 	67026.6 	71330.3 	76988.1 	76628.9 	91269.9 	117503.6 	105843.4 	112271.6 	114769.1 
A,MIO_IMP_VAL,SITC5,WORLD,PL	8691.8 	8908.7 	10198.8 	11639.6 	13637.2 	15700.0 	18512.5 	15033.7 	19144.6 	21461.2 	21534.5 	22377.6 	24181.4 	24831.9 	26503.7 	30007.4 	31088.6 	32059.9 	33326.4 	42599.7 	51953.4 	47835.7 	48785.2 	50510.3 
A,MIO_IMP_VAL,SITC5,WORLD,PT	4644.8 	4746.4 	5046.7 	5570.4 	6315.4 	6623.2 	6989.1 	6461.2 	7389.4 	7914.2 	7794.1 	7680.7 	8003.8 	8526.7 	8641.1 	9256.9 	10274.8 	10730.5 	10560.9 	13414.8 	16001.0 	15205.2 	16160.6 	18479.2 
A,MIO_IMP_VAL,SITC5,WORLD,RO	2031.2 	2184.6 	2716.9 	3312.8 	4300.2 	5255.5 	6212.5 	5463.5 	6210.8 	7261.9 	7493.6 	7791.4 	8006.7 	8636.8 	9096.3 	10105.4 	10451.3 	11371.2 	11781.5 	14759.5 	18176.8 	16522.4 	17832.5 	18696.6 
A,MIO_IMP_VAL,SITC5,WORLD,SE	7399.0 	7936.4 	8728.0 	9587.2 	10611.5 	12033.0 	12810.0 	11058.6 	12797.3 	14292.6 	14720.3 	13901.6 	14615.1 	14649.0 	14291.6 	14951.5 	15625.3 	16010.8 	16066.0 	18585.8 	23002.5 	21088.2 	21517.0 	21843.7 
A,MIO_IMP_VAL,SITC5,WORLD,SI	1547.9 	1631.1 	1852.8 	2036.3 	2248.2 	2638.6 	2794.3 	2395.2 	2868.5 	3183.1 	3302.8 	3396.4 	3541.3 	3758.7 	3907.9 	4337.2 	5086.2 	7509.8 	8878.7 	12376.9 	18378.1 	22324.8 	34608.4 	35289.9 
A,MIO_IMP_VAL,SITC5,WORLD,SK	1869.9 	1954.6 	2335.9 	2714.3 	3203.6 	3880.1 	4283.1 	3759.0 	4189.5 	5015.5 	5007.5 	5234.5 	5438.1 	5796.7 	6124.5 	6432.5 	6547.0 	6533.7 	6483.9 	7838.0 	9126.6 	8539.5 	8839.1 	9290.3 
A,MIO_IMP_VAL,SITC6_8,EU27_2020,AT	22102.7 	23052.5 	24956.8 	25742.5 	28485.4 	30794.4 	31733.7 	26031.4 	30142.0 	34467.4 	33558.7 	33023.3 	33465.4 	34592.1 	35469.3 	38410.8 	40870.9 	40688.2 	37708.5 	46040.9 	51680.0 	47481.7 	47682.6 	47839.9 
A,MIO_IMP_VAL,SITC6_8,EU27_2020,BE	31498.4 	31053.9 	33451.6 	34702.1 	37989.4 	41070.6 	41322.7 	33861.8 	36342.8 	40105.0 	39022.5 	38114.2 	38965.5 	38186.2 	38945.2 	42366.5 	43711.7 	42350.6 	40243.1 	48443.2 	56206.5 	52751.8 	50397.9 	51595.0 
A,MIO_IMP_VAL,SITC6_8,EU27_2020,BG	1816.8 	2080.8 	2365.2 	2546.2 	3035.7 	3840.7 	4032.9 	2919.5 	3158.9 	3576.9 	3628.1 	3767.3 	4060.8 	4190.1 	4379.3 	4652.0 	4951.2 	5017.4 	4648.7 	5688.6 	7303.3 	7245.6 	6551.6 	6601.7 
A,MIO_IMP_VAL,SITC6_8,EU27_2020,CY	772.1 	782.8 	943.7 	1024.3 	1101.4 	1242.4 	1373.7 	1125.0 	1140.9 	1086.6 	928.4 	773.7 	813.8 	833.3 	892.0 	1109.3 	1317.9 	1219.6 	1182.0 	1451.6 	1817.7 	1926.3 	1994.4 	2100.8 
A,MIO_IMP_VAL,SITC6_8,EU27_2020,CZ	10576.7 	11056.5 	14485.1 	16476.6 	19446.7 	22308.4 	23784.0 	18183.4 	22008.5 	25100.2 	25054.7 	25382.8 	27052.5 	29454.3 	30848.3 	34678.2 	36234.5 	36102.5 	32283.9 	40191.3 	46896.6 	46297.5 	46583.8 	49400.0 
A,MIO_IMP_VAL,SITC6_8,EU27_2020,DE	84535.3 	85792.6 	89849.6 	98497.6 	113911.7 	126170.1 	128727.7 	100806.1 	121317.6 	140939.2 	138275.1 	138944.7 	146636.6 	154407.6 	159787.6 	171941.2 	180879.7 	178492.9 	165631.4 	202458.7 	236108.5 	220116.7 	213599.5 	226912.4 
A,MIO_IMP_VAL,SITC6_8,EU27_2020,DK	11260.4 	11002.0 	11447.1 	12326.8 	14451.5 	15448.9 	15416.1 	11489.5 	12027.1 	13114.8 	13279.5 	13137.9 	13666.1 	14123.4 	14719.2 	15424.4 	15879.3 	16113.9 	16275.5 	19298.1 	22378.3 	20471.0 	20301.8 	21230.4 
A,MIO_IMP_VAL,SITC6_8,EU27_2020,EE	1150.5 	1213.0 	1537.0 	1829.3 	2168.1 	2524.0 	2436.4 	1645.5 	2039.8 	2398.4 	2577.0 	2693.6 	2783.8 	2733.0 	2888.6 	3078.2 	3248.6 	3332.4 	3170.1 	3908.6 	4854.0 	4490.1 	4254.8 	4430.8 
A,MIO_IMP_VAL,SITC6_8,EU27_2020,EL	6644.6 	7027.9 	7872.6 	7887.0 	8986.0 	9975.7 	10415.1 	8236.9 	7173.5 	6275.6 	5348.1 	5411.4 	5743.2 	5636.6 	6207.9 	6626.4 	7112.6 	7213.6 	6474.2 	8167.6 	10282.9 	10289.5 	11364.1 	11409.4 
A,MIO_IMP_VAL,SITC6_8,EU27_2020,ES	28128.8 	29684.5 	32207.3 	33923.8 	37954.9 	41886.8 	41395.6 	31821.8 	35235.7 	36956.8 	33989.7 	33471.5 	36469.6 	38926.5 	41329.3 	43283.0 	44773.3 	46838.5 	41139.5 	49956.0 	61922.8 	62887.6 	64270.4 	66136.5 
A,MIO_IMP_VAL,SITC6_8,EU27_2020,EU27_2020	408033.9 	417583.6 	456316.1 	487782.9 	554835.3 	613971.7 	623722.2 	489689.0 	565255.7 	629391.4 	609755.4 	610006.3 	638960.1 	671274.0 	696693.6 	755748.7 	794918.7 	796792.2 	735485.8 	904570.7 	1066618.4 	1020320.0 	1002886.4 	1030745.9 
A,MIO_IMP_VAL,SITC6_8,EU27_2020,FI	5916.0 	6199.5 	6761.0 	7443.1 	8388.5 	9310.0 	9452.5 	7418.0 	8538.3 	9354.3 	10004.0 	9639.1 	9748.2 	9802.4 	9952.3 	10750.6 	11416.9 	11566.8 	10861.8 	12612.5 	15956.2 	14074.5 	13691.8 	13844.2 
A,MIO_IMP_VAL,SITC6_8,EU27_2020,FR	63233.5 	66021.7 	71326.5 	73790.6 	80995.4 	89086.9 	90219.4 	74088.1 	83842.9 	91848.1 	89509.3 	89514.9 	90869.5 	94370.8 	96162.5 	103070.3 	107118.5 	107215.5 	95661.5 	117486.5 	135491.2 	130961.3 	123132.6 	122842.6 
A,MIO_IMP_VAL,SITC6_8,EU27_2020,HR	2784.3 	2986.5 	3157.1 	3264.3 	3717.2 	4024.4 	4027.0 	3059.4 	2858.1 	3045.4 	2846.0 	3376.8 	4325.1 	4800.3 	5116.0 	5630.7 	5943.8 	6169.6 	5740.0 	7050.5 	8670.7 	8937.2 	9686.6 	10248.1 
A,MIO_IMP_VAL,SITC6_8,EU27_2020,HU	7866.8 	8256.2 	9316.5 	9752.1 	11339.6 	12934.1 	13210.1 	9831.0 	11376.6 	13220.2 	13008.6 	13668.0 	14641.0 	15596.0 	16433.0 	17999.9 	19034.6 	19362.7 	17637.8 	21922.6 	24697.9 	22732.8 	21540.5 	21103.3 
A,MIO_IMP_VAL,SITC6_8,EU27_2020,IE	2249.8 	2265.0 	2430.0 	2759.7 	3041.5 	3318.2 	3052.9 	2227.5 	2183.0 	2280.2 	2270.5 	2489.3 	2810.8 	3057.1 	3373.0 	3478.2 	3593.3 	4041.4 	4404.5 	6046.5 	7565.8 	7638.4 	7784.2 	7485.0 
A,MIO_IMP_VAL,SITC6_8,EU27_2020,IT	39267.6 	38895.0 	44190.6 	45922.0 	52569.9 	56243.7 	54020.5 	41240.4 	50102.5 	55273.4 	51432.2 	50582.9 	52788.2 	55380.8 	56478.5 	61182.4 	64294.4 	63734.3 	55561.1 	72584.7 	92435.0 	91126.3 	88710.8 	87394.9 
A,MIO_IMP_VAL,SITC6_8,EU27_2020,LT	1313.1 	1392.4 	1850.1 	2164.4 	2643.0 	3262.9 	3154.5 	2055.7 	2465.5 	3049.0 	3250.7 	3658.4 	4118.2 	4124.4 	4313.9 	4878.6 	5123.8 	5308.5 	5461.9 	6478.8 	7819.7 	7643.8 	6836.9 	7047.7 
A,MIO_IMP_VAL,SITC6_8,EU27_2020,LU	3374.1 	3507.4 	3941.6 	3848.5 	4155.2 	4190.8 	4490.0 	3659.7 	3999.9 	4355.5 	4130.2 	4026.1 	4132.1 	4155.3 	4192.5 	4395.2 	4619.5 	4568.2 	4205.6 	4872.7 	5623.4 	5252.2 	4945.9 	5003.7 
A,MIO_IMP_VAL,SITC6_8,EU27_2020,LV	1033.3 	1104.2 	1260.8 	1560.0 	2042.2 	2415.8 	2224.1 	1432.7 	1716.0 	2248.7 	2608.2 	2748.5 	2794.5 	2603.6 	2619.7 	2858.2 	3030.1 	3254.4 	3148.6 	3827.0 	4694.3 	4690.2 	4230.4 	4426.6 
A,MIO_IMP_VAL,SITC6_8,EU27_2020,MT	405.8 	403.8 	413.3 	441.0 	448.1 	457.3 	485.0 	397.5 	423.6 	409.3 	421.1 	396.9 	418.8 	464.6 	441.5 	426.7 	509.1 	531.8 	545.5 	603.3 	760.2 	889.2 	816.9 	904.7 
A,MIO_IMP_VAL,SITC6_8,EU27_2020,NL	33357.7 	32971.3 	33640.6 	35778.6 	40804.6 	43656.9 	44960.9 	36302.7 	40321.7 	44083.3 	42013.6 	41790.8 	43318.7 	47158.9 	50599.5 	54991.8 	58382.7 	59991.0 	57315.5 	68636.9 	79543.4 	77596.5 	77335.1 	78201.8 
A,MIO_IMP_VAL,SITC6_8,EU27_2020,PL	12983.6 	13605.4 	16748.9 	19276.0 	23330.6 	28033.4 	30630.7 	23389.4 	29684.1 	32964.6 	31696.1 	32137.5 	35886.6 	38628.0 	40015.7 	45848.8 	49927.9 	49902.2 	49904.9 	63245.6 	72715.3 	68619.2 	71479.6 	76208.3 
A,MIO_IMP_VAL,SITC6_8,EU27_2020,PT	10310.6 	9958.7 	10242.8 	11463.9 	12734.9 	13550.6 	13906.4 	11775.0 	12719.4 	12602.1 	11488.9 	11838.7 	12650.1 	13360.3 	13695.6 	15035.0 	15678.3 	16085.0 	14071.4 	17085.1 	21339.0 	21195.9 	21429.1 	22436.0 
A,MIO_IMP_VAL,SITC6_8,EU27_2020,RO	5992.7 	6591.4 	7275.2 	8167.1 	9665.0 	12231.6 	12858.0 	9473.5 	11112.9 	12836.0 	12328.6 	12819.7 	13789.2 	14742.8 	15671.5 	17409.9 	18737.0 	19249.3 	17452.3 	21224.1 	25548.4 	25086.0 	25371.4 	25218.2 
A,MIO_IMP_VAL,SITC6_8,EU27_2020,SE	12086.9 	12603.0 	14554.5 	15866.0 	17616.1 	19507.2 	19210.5 	14185.9 	17919.3 	20326.6 	19461.7 	19036.2 	18609.5 	20105.2 	21401.2 	23465.7 	24183.6 	23773.8 	22706.1 	27701.2 	31741.7 	28827.1 	27944.0 	28795.0 
A,MIO_IMP_VAL,SITC6_8,EU27_2020,SI	3243.4 	3276.9 	4054.0 	4488.6 	5158.0 	5891.6 	5872.5 	4418.3 	5036.8 	5479.8 	5091.7 	5017.5 	5167.7 	5451.8 	5781.3 	6413.0 	7039.8 	7029.8 	6480.0 	8257.7 	9968.8 	9146.4 	8795.6 	9019.2 
A,MIO_IMP_VAL,SITC6_8,EU27_2020,SK	4128.5 	4798.7 	6036.5 	6840.8 	8654.9 	10594.4 	11309.3 	8613.5 	10368.4 	11994.1 	12532.2 	12544.6 	13234.6 	14388.8 	14979.3 	16343.5 	17305.3 	17638.4 	15570.4 	19330.3 	22597.1 	21945.0 	22153.9 	22909.7 
A,MIO_IMP_VAL,SITC6_8,EXT_EU27_2020,AT	4106.9 	4162.9 	4546.1 	5095.2 	5787.9 	6908.6 	6705.2 	5432.7 	6451.2 	7532.0 	7046.3 	7020.6 	7503.5 	8224.8 	8264.4 	8526.2 	8708.5 	8991.0 	8495.2 	9479.2 	11773.3 	12058.6 	9185.7 	10113.4 
A,MIO_IMP_VAL,SITC6_8,EXT_EU27_2020,BE	27847.7 	24721.9 	27759.2 	30948.0 	33576.5 	38896.5 	37009.2 	27861.1 	35150.4 	42084.7 	40041.4 	39648.7 	42356.2 	44229.7 	44602.1 	44630.9 	45582.3 	43091.6 	37753.8 	46725.0 	58732.5 	46170.0 	43344.9 	40883.0 
A,MIO_IMP_VAL,SITC6_8,EXT_EU27_2020,BG	729.5 	896.7 	1186.4 	1532.5 	1988.6 	2234.7 	2552.2 	1314.3 	1497.1 	1866.2 	1880.7 	2071.9 	2356.2 	2356.8 	2622.7 	3018.8 	3221.0 	3531.4 	3209.2 	4378.8 	5653.6 	5081.1 	5463.3 	5940.5 
A,MIO_IMP_VAL,SITC6_8,EXT_EU27_2020,CY	725.2 	633.7 	516.4 	521.4 	599.1 	697.0 	782.0 	539.6 	703.6 	509.4 	428.6 	325.9 	369.4 	443.4 	364.7 	388.3 	415.5 	442.0 	423.8 	457.7 	630.6 	632.4 	622.8 	750.0 
A,MIO_IMP_VAL,SITC6_8,EXT_EU27_2020,CZ	2835.3 	2957.2 	2854.3 	2806.9 	3521.9 	4414.3 	5333.4 	4017.3 	4804.3 	5359.2 	5209.8 	5095.4 	5611.2 	6354.3 	7030.2 	7748.1 	7589.0 	7498.2 	7432.0 	8805.6 	11214.9 	9776.9 	10315.7 	11626.3 
A,MIO_IMP_VAL,SITC6_8,EXT_EU27_2020,DE	53452.2 	52700.6 	56870.4 	61179.6 	71286.6 	81167.4 	81420.8 	67122.7 	80773.5 	92006.9 	88151.8 	85668.1 	90090.2 	99755.4 	98044.4 	102397.8 	105805.3 	106202.3 	104529.8 	114378.9 	138548.1 	115605.7 	114285.5 	117236.2 
A,MIO_IMP_VAL,SITC6_8,EXT_EU27_2020,DK	4916.0 	5089.6 	5715.5 	6383.6 	7294.3 	8059.8 	8128.0 	6515.6 	7576.4 	8010.8 	7746.6 	7275.2 	7946.1 	8637.0 	8518.2 	9031.1 	9062.5 	9171.5 	9122.9 	10856.0 	13389.7 	10759.5 	11325.8 	12056.7 
A,MIO_IMP_VAL,SITC6_8,EXT_EU27_2020,EE	427.0 	480.5 	517.7 	498.9 	602.0 	712.2 	645.9 	348.9 	468.4 	590.1 	650.2 	651.1 	667.2 	669.4 	743.7 	767.8 	855.5 	941.5 	941.5 	1169.2 	1326.9 	961.1 	1004.6 	1373.3 
A,MIO_IMP_VAL,SITC6_8,EXT_EU27_2020,EL	3247.2 	3456.6 	4138.9 	4313.6 	5116.1 	6338.5 	6149.5 	4401.5 	4522.5 	4022.7 	3401.9 	3423.5 	3728.1 	3882.1 	4150.8 	4660.6 	5191.8 	5707.6 	4994.8 	6371.7 	9326.0 	7998.8 	8082.1 	7924.0 
A,MIO_IMP_VAL,SITC6_8,EXT_EU27_2020,ES	13813.3 	15210.7 	17439.9 	20113.8 	24210.4 	27474.8 	25374.3 	19094.1 	23009.0 	24691.4 	22807.9 	22700.6 	25781.5 	30093.0 	31245.0 	34810.6 	36545.9 	37737.0 	33429.6 	39245.7 	49930.5 	41915.1 	46957.7 	51102.0 
A,MIO_IMP_VAL,SITC6_8,EXT_EU27_2020,EU27_2020	226540.4 	223650.2 	246553.2 	270984.6 	318483.8 	360917.4 	356300.4 	277148.7 	339096.6 	379154.8 	361457.0 	354400.7 	381819.3 	420143.8 	420184.9 	447938.6 	469576.7 	476422.4 	445906.4 	527710.5 	664660.5 	565585.0 	575027.5 	596806.5 
A,MIO_IMP_VAL,SITC6_8,EXT_EU27_2020,FI	2275.9 	2211.6 	2509.1 	2606.2 	3224.9 	3786.6 	3717.0 	2755.1 	3194.8 	3666.6 	3493.4 	3154.6 	3301.6 	3301.5 	3315.3 	4671.4 	4584.5 	3758.6 	3595.3 	4793.6 	5774.6 	3551.5 	3570.7 	3406.7 
A,MIO_IMP_VAL,SITC6_8,EXT_EU27_2020,FR	29761.5 	28153.6 	30608.9 	33186.9 	36360.6 	39014.1 	39079.8 	34140.0 	40586.4 	44600.8 	44700.7 	44232.5 	46863.8 	50918.4 	49992.0 	52178.1 	54258.1 	58646.2 	54052.7 	56524.6 	69619.1 	62663.1 	64894.3 	65032.2 
A,MIO_IMP_VAL,SITC6_8,EXT_EU27_2020,HR	734.7 	814.0 	1057.7 	1307.2 	1597.4 	1931.8 	2063.3 	1580.1 	1603.0 	1774.8 	1670.4 	1307.7 	978.1 	1098.5 	1256.7 	1507.6 	1634.2 	1658.4 	1700.4 	1938.4 	2586.3 	2473.3 	2677.3 	2899.0 
A,MIO_IMP_VAL,SITC6_8,EXT_EU27_2020,HU	2450.2 	2519.5 	2515.2 	2460.1 	2300.1 	2656.1 	2554.0 	1855.3 	2084.9 	2431.9 	2714.4 	2811.0 	2866.2 	3158.8 	3503.6 	4275.4 	4815.0 	5104.5 	6255.0 	5487.6 	7769.3 	7311.2 	7159.8 	7740.5 
A,MIO_IMP_VAL,SITC6_8,EXT_EU27_2020,IE	8200.0 	8253.9 	8439.3 	9260.9 	9841.9 	10370.5 	9229.7 	7302.1 	7401.9 	7353.1 	7469.1 	7406.3 	8138.0 	9526.3 	9353.2 	9608.5 	10270.0 	10977.6 	11568.3 	13424.4 	16843.3 	15830.9 	16964.9 	16891.7 
A,MIO_IMP_VAL,SITC6_8,EXT_EU27_2020,IT	27422.1 	27503.8 	31913.8 	35010.3 	44310.8 	49620.9 	47632.6 	33542.1 	43718.0 	48224.5 	41717.7 	41340.8 	44657.8 	48693.9 	46742.5 	50398.1 	53248.3 	52446.8 	46396.9 	59289.1 	76198.2 	64476.6 	62202.0 	65138.7 
A,MIO_IMP_VAL,SITC6_8,EXT_EU27_2020,LT	576.2 	664.7 	631.5 	698.3 	850.0 	1051.2 	1031.3 	600.9 	763.9 	959.9 	1062.9 	1140.8 	1363.2 	1400.3 	1397.8 	1563.9 	1750.8 	1780.5 	1986.2 	2447.2 	2569.8 	1837.4 	2138.5 	2225.4 
A,MIO_IMP_VAL,SITC6_8,EXT_EU27_2020,LU	357.9 	378.3 	488.2 	483.4 	604.8 	615.6 	379.5 	555.8 	680.9 	904.7 	1115.3 	1027.8 	1132.0 	1351.8 	1371.8 	1387.0 	852.1 	527.3 	534.9 	557.0 	615.8 	631.1 	446.2 	424.0 
A,MIO_IMP_VAL,SITC6_8,EXT_EU27_2020,LV	301.8 	357.6 	447.3 	475.5 	685.2 	858.1 	869.1 	454.4 	693.2 	1077.0 	878.2 	792.3 	809.8 	864.1 	872.8 	997.1 	1179.5 	1125.3 	1116.3 	1547.0 	1282.1 	936.0 	943.8 	1008.9 
A,MIO_IMP_VAL,SITC6_8,EXT_EU27_2020,MT	273.0 	269.7 	274.2 	275.8 	317.6 	301.1 	282.9 	244.5 	286.6 	278.9 	290.6 	295.1 	320.1 	350.2 	316.0 	339.3 	373.4 	445.2 	401.8 	424.6 	543.2 	566.7 	543.9 	496.2 
A,MIO_IMP_VAL,SITC6_8,EXT_EU27_2020,NL	24969.1 	24926.5 	27690.7 	31146.2 	39013.0 	43132.6 	43495.6 	34079.5 	43939.2 	48183.4 	46254.7 	45399.1 	49847.4 	55535.6 	55692.4 	60011.0 	64561.6 	65681.0 	58507.9 	76175.4 	101307.6 	87873.6 	90352.7 	94368.8 
A,MIO_IMP_VAL,SITC6_8,EXT_EU27_2020,PL	4232.5 	4315.5 	4161.4 	4561.8 	5775.6 	7966.6 	8950.6 	6707.2 	8039.3 	9401.7 	9237.7 	9216.6 	11299.7 	13200.4 	14625.1 	17179.2 	19421.6 	20722.9 	21103.9 	27739.6 	34024.2 	29024.6 	32658.7 	36389.4 
A,MIO_IMP_VAL,SITC6_8,EXT_EU27_2020,PT	2263.8 	2166.4 	2460.9 	2539.0 	2948.6 	3166.4 	2962.7 	2246.9 	2780.1 	2737.3 	2260.8 	2419.4 	2626.0 	2942.4 	2962.4 	3465.7 	3977.3 	4114.5 	3744.9 	4965.1 	6262.9 	5354.6 	5771.0 	5928.3 
A,MIO_IMP_VAL,SITC6_8,EXT_EU27_2020,RO	1620.7 	1719.4 	2169.5 	2788.5 	3434.8 	4178.0 	4833.1 	2696.1 	3291.3 	3826.9 	3558.2 	3457.6 	4073.6 	4688.8 	4993.2 	5740.7 	6521.0 	6899.2 	6890.4 	8215.3 	10163.5 	9799.1 	10601.4 	11290.2 
A,MIO_IMP_VAL,SITC6_8,EXT_EU27_2020,SE	7350.0 	7228.0 	7905.0 	8702.8 	9962.8 	12148.1 	11288.6 	8594.2 	10942.0 	12028.7 	11842.4 	10777.6 	11097.1 	12169.0 	11832.1 	12561.8 	12670.0 	13029.5 	12031.8 	15385.6 	19037.6 	13871.6 	14481.5 	15252.2 
A,MIO_IMP_VAL,SITC6_8,EXT_EU27_2020,SI	736.4 	842.0 	692.7 	821.9 	1051.1 	1363.3 	1537.2 	1150.9 	1541.0 	1836.1 	1772.2 	1811.9 	1944.1 	2188.7 	2298.4 	2671.5 	3052.9 	3037.6 	2992.1 	3994.2 	4864.5 	3947.6 	3971.2 	3932.1 
A,MIO_IMP_VAL,SITC6_8,EXT_EU27_2020,SK	914.2 	1015.2 	1043.2 	1266.5 	2221.4 	1852.3 	2293.1 	1995.8 	2593.7 	3195.1 	4053.4 	3928.7 	4091.0 	4109.1 	4073.5 	3402.1 	3429.1 	3153.2 	2694.8 	2934.0 	4671.9 	4476.9 	5061.4 	5376.7 
A,MIO_IMP_VAL,SITC6_8,WORLD,AT	26209.6 	27215.4 	29502.9 	30837.7 	34273.3 	37703.0 	38438.9 	31464.1 	36593.2 	41999.4 	40605.0 	40043.9 	40968.9 	42816.9 	43733.7 	46937.0 	49579.4 	49679.2 	46203.7 	55520.1 	63453.3 	59540.2 	56868.3 	57953.3 
A,MIO_IMP_VAL,SITC6_8,WORLD,BE	59346.1 	55775.8 	61210.8 	65650.1 	71565.9 	79967.1 	78331.9 	61722.9 	71493.2 	82189.7 	79063.9 	77762.9 	81321.7 	82415.9 	83547.3 	86997.4 	89294.0 	85442.2 	77996.9 	95168.2 	114939.1 	98921.9 	93742.8 	92478.0 
A,MIO_IMP_VAL,SITC6_8,WORLD,BG	2546.3 	2977.5 	3551.6 	4078.7 	5024.3 	6075.4 	6585.1 	4233.7 	4656.1 	5443.1 	5508.8 	5839.2 	6417.0 	6546.9 	7002.0 	7670.8 	8172.2 	8548.8 	7857.9 	10067.3 	12956.9 	12326.7 	12014.9 	12542.2 
A,MIO_IMP_VAL,SITC6_8,WORLD,CY	1497.4 	1416.5 	1460.1 	1545.6 	1700.5 	1939.4 	2155.7 	1664.6 	1844.5 	1596.0 	1357.0 	1099.6 	1183.2 	1276.7 	1256.7 	1497.6 	1733.5 	1661.7 	1605.8 	1909.3 	2448.3 	2558.7 	2617.2 	2850.8 
A,MIO_IMP_VAL,SITC6_8,WORLD,CZ	13412.0 	14013.7 	17339.4 	19283.4 	22968.6 	26722.8 	29117.4 	22200.7 	26812.8 	30459.3 	30264.4 	30478.3 	32663.7 	35808.6 	37878.5 	42426.3 	43823.6 	43600.6 	39715.9 	48996.9 	58111.5 	56074.5 	56899.6 	61026.3 
A,MIO_IMP_VAL,SITC6_8,WORLD,DE	137987.5 	138493.2 	146720.0 	159677.1 	185198.3 	207337.5 	210148.5 	167928.7 	202091.1 	232946.1 	226426.9 	224612.8 	236726.8 	254163.1 	257832.1 	274339.0 	286685.0 	284695.2 	270161.3 	316837.6 	374656.6 	335722.4 	327885.1 	344148.6 
A,MIO_IMP_VAL,SITC6_8,WORLD,DK	16176.4 	16091.6 	17162.6 	18710.4 	21745.8 	23508.7 	23544.1 	18005.1 	19603.5 	21125.6 	21026.1 	20413.1 	21612.2 	22760.4 	23237.3 	24455.5 	24941.8 	25285.4 	25398.4 	30154.1 	35768.0 	31230.5 	31627.7 	33287.1 
A,MIO_IMP_VAL,SITC6_8,WORLD,EE	1577.5 	1693.5 	2054.7 	2328.3 	2770.1 	3236.2 	3082.3 	1994.4 	2508.2 	2988.4 	3227.2 	3344.7 	3451.1 	3402.3 	3632.4 	3846.1 	4104.0 	4273.9 	4111.6 	5077.8 	6180.9 	5451.3 	5259.4 	5804.1 
A,MIO_IMP_VAL,SITC6_8,WORLD,EL	9891.8 	10484.6 	12011.5 	12200.6 	14102.1 	16314.2 	16564.6 	12638.4 	11695.9 	10298.3 	8749.9 	8834.9 	9471.3 	9518.7 	10358.7 	11287.1 	12304.4 	12921.1 	11469.0 	14539.3 	19608.9 	18288.3 	19446.2 	19333.4 
A,MIO_IMP_VAL,SITC6_8,WORLD,ES	41942.1 	44895.2 	49647.2 	54037.5 	62165.3 	69361.6 	66770.0 	50915.9 	58244.6 	61648.2 	56797.5 	56172.1 	62251.1 	69019.5 	72574.3 	78093.5 	81319.2 	84575.5 	74569.1 	89201.8 	111853.3 	104802.7 	111228.1 	117238.5 
A,MIO_IMP_VAL,SITC6_8,WORLD,FI	8191.9 	8411.1 	9270.1 	10049.3 	11613.4 	13096.6 	13169.5 	10173.0 	11733.0 	13020.9 	13497.4 	12793.7 	13049.8 	13103.9 	13267.7 	15422.0 	16001.4 	15325.4 	14457.1 	17406.1 	21730.8 	17626.0 	17262.5 	17250.9 
A,MIO_IMP_VAL,SITC6_8,WORLD,FR	92995.0 	94175.3 	101935.4 	106977.5 	117356.0 	128101.0 	129299.2 	108228.1 	124429.3 	136448.9 	134210.0 	133747.4 	137733.3 	145289.1 	146154.6 	155248.4 	161376.6 	165861.8 	149714.2 	174011.1 	205110.3 	193624.4 	188026.9 	187874.8 
A,MIO_IMP_VAL,SITC6_8,WORLD,HR	3519.0 	3800.5 	4214.8 	4571.5 	5314.6 	5956.2 	6090.3 	4639.5 	4461.1 	4820.2 	4516.4 	4684.5 	5303.3 	5898.8 	6372.7 	7138.2 	7578.0 	7827.9 	7440.4 	8989.0 	11257.0 	11410.5 	12363.9 	13147.1 
A,MIO_IMP_VAL,SITC6_8,WORLD,HU	10317.0 	10775.7 	11831.7 	12212.2 	13639.7 	15590.2 	15764.1 	11686.4 	13461.5 	15652.1 	15723.0 	16479.0 	17507.2 	18754.8 	19936.5 	22275.3 	23849.6 	24467.2 	23892.9 	27410.2 	32467.2 	30044.0 	28700.3 	28843.8 
A,MIO_IMP_VAL,SITC6_8,WORLD,IE	10449.8 	10518.9 	10869.4 	12020.6 	12883.4 	13688.7 	12282.5 	9529.5 	9584.9 	9633.3 	9739.6 	9895.6 	10948.8 	12583.4 	12726.2 	13086.7 	13863.4 	15019.1 	15972.8 	19470.9 	24409.1 	23469.3 	24749.2 	24376.7 
A,MIO_IMP_VAL,SITC6_8,WORLD,IT	66689.8 	66398.8 	76104.4 	80932.3 	96880.7 	105864.6 	101653.1 	74782.5 	93820.5 	103498.0 	93149.9 	91923.6 	97446.0 	104074.7 	103221.0 	111580.6 	117542.7 	116181.1 	101958.0 	131873.7 	168633.2 	155602.9 	150912.9 	152533.7 
A,MIO_IMP_VAL,SITC6_8,WORLD,LT	1889.4 	2057.1 	2481.7 	2862.7 	3493.1 	4314.1 	4185.8 	2656.6 	3229.3 	4008.9 	4313.6 	4799.1 	5481.5 	5524.7 	5711.7 	6442.5 	6874.7 	7089.0 	7448.1 	8926.0 	10389.5 	9481.2 	8975.4 	9273.1 
A,MIO_IMP_VAL,SITC6_8,WORLD,LU	3732.0 	3885.7 	4429.8 	4331.9 	4760.0 	4806.4 	4869.5 	4215.5 	4680.8 	5260.2 	5245.6 	5053.9 	5264.1 	5507.0 	5564.3 	5782.2 	5471.7 	5095.5 	4740.5 	5429.7 	6239.1 	5883.3 	5392.1 	5427.7 
A,MIO_IMP_VAL,SITC6_8,WORLD,LV	1335.0 	1461.9 	1708.1 	2035.5 	2727.4 	3273.9 	3093.2 	1887.1 	2409.2 	3325.7 	3486.3 	3540.8 	3604.3 	3467.7 	3492.4 	3855.4 	4209.7 	4379.7 	4264.9 	5374.0 	5976.4 	5626.2 	5174.2 	5435.5 
A,MIO_IMP_VAL,SITC6_8,WORLD,MT	678.7 	673.5 	687.6 	716.8 	765.6 	758.4 	767.9 	642.0 	710.2 	688.2 	711.7 	691.9 	738.8 	814.8 	757.5 	766.0 	882.5 	977.0 	947.3 	1028.0 	1303.4 	1455.9 	1360.8 	1400.9 
A,MIO_IMP_VAL,SITC6_8,WORLD,NL	58326.8 	57897.8 	61331.3 	66924.8 	79817.6 	86789.5 	88456.5 	70382.2 	84260.9 	92266.7 	88268.3 	87190.0 	93166.1 	102694.6 	106291.9 	115002.8 	122944.3 	125672.0 	115823.5 	144812.3 	180851.0 	165470.1 	167687.7 	172570.6 
A,MIO_IMP_VAL,SITC6_8,WORLD,PL	17216.2 	17920.8 	20910.3 	23837.8 	29106.2 	36000.0 	39581.3 	30096.6 	37723.4 	42366.3 	40933.7 	41354.1 	47186.2 	51828.4 	54640.7 	63028.1 	69349.5 	70625.1 	71008.7 	90985.2 	106739.5 	97643.8 	104138.3 	112597.7 
A,MIO_IMP_VAL,SITC6_8,WORLD,PT	12574.3 	12125.1 	12703.7 	14002.9 	15683.4 	16717.0 	16869.1 	14021.9 	15499.5 	15339.5 	13749.7 	14258.2 	15276.1 	16302.7 	16658.0 	18500.7 	19655.5 	20199.5 	17816.3 	22050.2 	27601.9 	26550.5 	27200.2 	28364.3 
A,MIO_IMP_VAL,SITC6_8,WORLD,RO	7613.4 	8310.8 	9444.6 	10955.6 	13099.8 	16409.6 	17691.1 	12169.7 	14404.2 	16662.9 	15886.8 	16277.3 	17862.9 	19431.5 	20664.6 	23150.7 	25258.0 	26148.4 	24342.7 	29439.5 	35712.0 	34885.1 	35972.8 	36508.5 
A,MIO_IMP_VAL,SITC6_8,WORLD,SE	19436.9 	19831.0 	22459.5 	24568.8 	27578.9 	31655.3 	30499.1 	22780.0 	28861.3 	32355.2 	31304.2 	29813.8 	29706.5 	32274.2 	33233.3 	36027.5 	36853.6 	36803.3 	34738.0 	43086.8 	50779.2 	42698.7 	42425.5 	44047.2 
A,MIO_IMP_VAL,SITC6_8,WORLD,SI	3979.8 	4118.9 	4746.7 	5310.5 	6209.0 	7254.9 	7409.7 	5569.2 	6577.7 	7316.0 	6863.8 	6829.4 	7111.8 	7640.4 	8079.7 	9084.4 	10092.8 	10067.4 	9472.1 	12251.9 	14833.3 	13094.0 	12766.8 	12951.3 
A,MIO_IMP_VAL,SITC6_8,WORLD,SK	5042.7 	5814.0 	7079.7 	8107.3 	10876.3 	12446.7 	13602.4 	10609.4 	12962.1 	15189.2 	16585.6 	16473.3 	17325.7 	18497.9 	19052.7 	19745.6 	20734.4 	20791.6 	18265.1 	22264.4 	27269.0 	26421.8 	27215.3 	28286.5 
A,MIO_IMP_VAL,SITC7,EU27_2020,AT	26549.1 	29306.6 	32993.1 	30359.4 	31520.1 	35324.4 	35104.3 	27770.4 	31934.8 	35958.5 	36119.4 	37065.7 	36353.7 	38658.2 	41204.7 	44585.2 	45914.1 	47322.4 	42279.6 	49616.4 	54284.9 	58672.0 	55430.8 	56987.3 
A,MIO_IMP_VAL,SITC7,EU27_2020,BE	40524.4 	40833.1 	43343.0 	43403.9 	45767.7 	50543.2 	51967.0 	41247.0 	46517.0 	51933.4 	51419.5 	50325.4 	49606.1 	51390.9 	59390.2 	60859.9 	61859.7 	66543.4 	60201.0 	63376.3 	72228.6 	84890.6 	75881.8 	74795.5 
A,MIO_IMP_VAL,SITC7,EU27_2020,BG	1634.2 	1874.8 	2352.3 	2888.1 	3490.0 	5227.7 	5767.9 	3530.4 	3415.2 	4099.9 	4621.3 	4649.0 	4904.6 	5509.7 	5497.8 	6041.8 	6706.2 	7060.0 	6280.3 	7933.8 	10323.5 	11368.8 	10290.4 	10485.9 
A,MIO_IMP_VAL,SITC7,EU27_2020,CY	568.0 	471.6 	862.4 	990.8 	952.9 	1074.3 	1123.4 	901.2 	1154.6 	806.1 	597.0 	439.5 	755.8 	805.2 	1564.4 	1266.1 	1107.7 	1183.0 	1089.1 	1499.0 	1653.7 	1736.1 	1754.7 	1968.2 
A,MIO_IMP_VAL,SITC7,EU27_2020,CZ	12186.1 	12777.0 	18918.1 	20226.9 	24449.3 	28776.4 	30017.5 	22843.1 	28274.7 	30803.8 	31386.1 	31483.4 	35832.7 	39719.6 	40907.7 	45911.9 	49486.5 	51338.3 	47716.9 	54015.6 	61148.2 	63984.8 	61727.4 	64955.4 
A,MIO_IMP_VAL,SITC7,EU27_2020,DE	120625.5 	126301.4 	131649.5 	141083.8 	161628.5 	174318.3 	170973.4 	148608.6 	169090.4 	186531.9 	186999.8 	188506.9 	203400.9 	219305.0 	229995.0 	244295.9 	255062.0 	265805.4 	245133.9 	272430.2 	314377.8 	342026.8 	326113.9 	338553.5 
A,MIO_IMP_VAL,SITC7,EU27_2020,DK	13114.6 	12217.5 	12882.1 	14945.1 	17142.8 	18815.7 	18171.4 	13549.4 	13823.3 	15168.5 	15953.9 	16615.1 	16820.8 	18045.1 	19438.5 	19970.0 	22048.9 	22273.8 	22345.0 	24503.1 	26640.3 	27976.4 	27759.4 	31851.3 
A,MIO_IMP_VAL,SITC7,EU27_2020,EE	1257.5 	1357.2 	1922.8 	2584.7 	3328.6 	3408.0 	2929.5 	1514.9 	2270.0 	3462.3 	4087.7 	4233.3 	4093.9 	3978.1 	4228.7 	4551.8 	4471.3 	4438.2 	3908.8 	4993.9 	6169.5 	6386.8 	6156.1 	6462.7 
A,MIO_IMP_VAL,SITC7,EU27_2020,EL	7400.9 	8125.2 	9304.9 	8532.3 	9508.1 	11771.8 	11191.4 	8508.2 	6375.8 	5436.2 	4600.4 	4091.5 	4700.8 	4766.1 	5134.9 	5680.3 	6583.0 	6903.6 	6650.7 	8999.5 	10289.1 	12032.6 	12502.5 	13053.0 
A,MIO_IMP_VAL,SITC7,EU27_2020,ES	50565.3 	54078.4 	60769.6 	63372.3 	68622.7 	76582.9 	66772.3 	46555.1 	50270.4 	52854.9 	45816.0 	48769.7 	55452.4 	64140.0 	66591.7 	70915.1 	74154.2 	72503.6 	61880.3 	70209.4 	82332.4 	89410.7 	90934.5 	95451.1 
A,MIO_IMP_VAL,SITC7,EU27_2020,EU27_2020	561303.6 	581638.7 	640608.0 	668305.0 	744963.7 	830679.5 	824517.6 	644980.1 	737183.1 	799417.0 	778015.8 	782587.6 	832611.0 	911290.5 	965788.0 	1036770.4 	1088162.9 	1131507.4 	1024815.6 	1162034.0 	1325907.6 	1446178.3 	1394237.0 	1435976.2 
A,MIO_IMP_VAL,SITC7,EU27_2020,FI	10052.0 	10000.2 	10877.1 	13473.4 	14142.2 	15265.7 	15489.5 	10589.2 	11933.3 	13363.1 	12966.2 	13296.3 	13740.4 	15069.9 	16102.1 	18357.0 	18765.2 	19260.1 	18086.7 	20960.1 	21485.2 	20849.6 	20061.7 	20822.8 
A,MIO_IMP_VAL,SITC7,EU27_2020,FR	93733.3 	97001.8 	100344.5 	99848.6 	107663.1 	117714.3 	119008.0 	99878.2 	110947.2 	119999.1 	116667.6 	114142.2 	116702.6 	123863.4 	129010.9 	134277.4 	137436.3 	141671.9 	123510.2 	137612.7 	149600.3 	163897.8 	154666.6 	153746.3 
A,MIO_IMP_VAL,SITC7,EU27_2020,HR	2995.4 	3512.1 	3511.3 	3581.0 	3963.0 	4320.3 	4666.6 	2861.1 	2417.4 	2339.8 	2274.1 	2653.6 	3224.8 	3759.6 	4295.4 	4810.0 	5334.6 	5770.9 	4950.1 	5815.3 	7321.9 	8840.7 	9740.8 	9988.9 
A,MIO_IMP_VAL,SITC7,EU27_2020,HU	12145.4 	12523.4 	16219.9 	18043.3 	21328.5 	23395.8 	23575.9 	16868.7 	20392.7 	22000.3 	22561.2 	23945.7 	26938.5 	29765.9 	31210.6 	33970.8 	35369.0 	36680.3 	32963.0 	37173.2 	43846.7 	45785.7 	44219.6 	45823.1 
A,MIO_IMP_VAL,SITC7,EU27_2020,IE	6265.9 	5882.0 	6840.8 	7171.0 	7966.7 	7998.6 	6533.4 	4173.3 	5846.2 	6421.2 	7019.3 	7223.5 	10150.4 	12680.9 	15199.5 	17656.3 	16232.3 	19562.2 	15775.9 	17239.4 	21854.6 	25277.6 	26077.5 	24438.3 
A,MIO_IMP_VAL,SITC7,EU27_2020,IT	60144.8 	59922.6 	65169.5 	65975.3 	70901.6 	77733.3 	73907.4 	58817.7 	69132.4 	67413.3 	56904.3 	54056.3 	57653.5 	66397.8 	72566.9 	78654.1 	81771.1 	82509.2 	72144.2 	87554.8 	103570.0 	112466.1 	104428.6 	106535.2 
A,MIO_IMP_VAL,SITC7,EU27_2020,LT	1717.5 	1854.8 	2490.0 	2887.8 	3896.0 	4877.5 	4535.0 	2075.4 	2867.5 	4064.6 	4342.2 	4830.4 	5049.9 	5480.3 	5862.1 	6788.7 	7266.7 	7585.0 	6900.2 	8715.1 	10237.6 	11132.0 	9704.2 	10572.3 
A,MIO_IMP_VAL,SITC7,EU27_2020,LU	3479.2 	3154.0 	3317.6 	3684.7 	3886.5 	4284.5 	4404.9 	3573.8 	4004.1 	4151.4 	4040.6 	3909.0 	4387.6 	4098.3 	4487.0 	5059.9 	5135.2 	5635.7 	5424.1 	5834.9 	5816.7 	6401.1 	6720.1 	6275.3 
A,MIO_IMP_VAL,SITC7,EU27_2020,LV	1126.5 	1192.8 	1391.8 	1808.6 	2626.3 	3414.0 	2694.7 	1309.4 	1723.6 	2599.5 	2970.8 	2902.1 	3058.6 	3197.6 	3279.9 	3566.2 	3756.1 	3879.3 	3714.3 	4462.1 	5564.8 	5949.2 	5045.1 	5687.6 
A,MIO_IMP_VAL,SITC7,EU27_2020,MT	767.6 	802.8 	852.4 	847.3 	940.0 	879.0 	854.7 	740.7 	811.7 	853.3 	805.4 	836.7 	700.9 	1071.4 	783.5 	811.6 	997.4 	1177.4 	1063.8 	1146.8 	1486.4 	1701.8 	1979.8 	2025.0 
A,MIO_IMP_VAL,SITC7,EU27_2020,NL	37245.1 	37323.0 	40217.1 	40049.2 	43807.6 	48719.4 	51239.0 	40122.6 	45472.8 	49215.0 	48776.0 	48169.9 	50178.1 	56487.5 	57782.1 	62903.9 	68077.7 	74643.8 	69240.9 	77798.3 	89140.0 	94463.1 	92355.7 	95475.8 
A,MIO_IMP_VAL,SITC7,EU27_2020,PL	14985.1 	15660.1 	21421.8 	22965.7 	27962.5 	33310.6 	38623.2 	27542.5 	32663.5 	35548.1 	35720.4 	36806.9 	40173.2 	44502.5 	46024.8 	51529.6 	56226.4 	59362.4 	56183.6 	66920.5 	74216.2 	82873.3 	85850.8 	88850.4 
A,MIO_IMP_VAL,SITC7,EU27_2020,PT	12126.0 	11628.2 	12064.2 	14498.8 	15692.2 	16657.1 	17116.4 	13466.2 	14949.8 	12840.7 	10750.1 	11045.8 	12487.0 	13878.8 	15197.5 	17495.7 	19760.6 	22544.2 	17619.4 	19264.1 	22991.0 	25797.1 	26760.6 	27989.8 
A,MIO_IMP_VAL,SITC7,EU27_2020,RO	3587.2 	4290.0 	5861.1 	7335.3 	10041.4 	15875.0 	16475.0 	9961.3 	12316.5 	14827.5 	14666.7 	15744.6 	16817.0 	18780.5 	20133.2 	21826.6 	24268.1 	24734.5 	23051.3 	26505.1 	31854.2 	35388.2 	35125.7 	36070.4 
A,MIO_IMP_VAL,SITC7,EU27_2020,SE	18165.7 	19726.4 	22556.5 	24231.4 	26954.3 	30128.6 	28961.5 	21133.1 	28802.1 	33931.3 	32090.8 	31250.0 	32642.2 	35169.2 	37195.4 	40090.1 	41244.3 	40615.8 	39449.8 	45739.7 	50208.2 	54455.5 	51512.7 	52343.7 
A,MIO_IMP_VAL,SITC7,EU27_2020,SI	3122.8 	3341.6 	4299.7 	4535.1 	5192.3 	5969.1 	6371.0 	4631.7 	4977.7 	5228.9 	4785.6 	5062.9 	5230.4 	5890.1 	6522.9 	7564.2 	8267.9 	8369.6 	7379.6 	8742.3 	10020.8 	10394.6 	10322.6 	11283.3 
A,MIO_IMP_VAL,SITC7,EU27_2020,SK	5218.4 	6480.3 	8174.8 	8981.1 	11588.8 	14294.1 	16043.4 	12206.9 	14798.7 	17564.4 	19073.6 	20532.1 	21554.3 	24878.8 	26180.8 	27330.4 	30860.5 	32133.3 	29872.9 	32972.4 	37244.9 	42019.1 	41113.5 	43483.8 
A,MIO_IMP_VAL,SITC7,EXT_EU27_2020,AT	6971.5 	6943.2 	6779.6 	8106.8 	7996.3 	8712.2 	8719.5 	6781.0 	7995.9 	8494.9 	9500.8 	10330.2 	10717.4 	11206.0 	11543.2 	13278.1 	14149.7 	14090.8 	12232.7 	13833.4 	16338.2 	15945.3 	15103.5 	15896.2 
A,MIO_IMP_VAL,SITC7,EXT_EU27_2020,BE	18865.2 	18673.1 	20813.6 	21932.0 	23440.5 	26042.2 	26730.8 	20701.6 	22583.9 	25077.4 	25058.0 	24716.4 	26924.7 	30060.8 	31618.8 	33191.5 	33556.4 	38282.4 	32142.3 	36890.7 	49140.1 	51511.0 	49940.4 	46903.1 
A,MIO_IMP_VAL,SITC7,EXT_EU27_2020,BG	595.5 	807.0 	1050.5 	1533.9 	1814.8 	1416.7 	1645.6 	995.1 	1061.4 	1271.2 	1509.8 	1448.4 	1634.4 	1651.3 	1823.6 	2138.8 	2321.1 	2405.8 	2447.7 	2997.3 	4192.7 	4160.9 	4105.7 	5284.8 
A,MIO_IMP_VAL,SITC7,EXT_EU27_2020,CY	499.7 	483.6 	546.1 	578.3 	611.2 	750.6 	842.9 	581.8 	539.9 	538.2 	345.6 	234.8 	1184.5 	1471.9 	1395.0 	2013.2 	2325.3 	1553.0 	1731.8 	1222.5 	1657.1 	2526.6 	1775.7 	1447.2 
A,MIO_IMP_VAL,SITC7,EXT_EU27_2020,CZ	6002.2 	6605.6 	5490.7 	4580.5 	6136.1 	8327.8 	9902.3 	8336.0 	13214.8 	15053.8 	14174.4 	13018.7 	14448.4 	18573.9 	18362.1 	20851.1 	24512.2 	25872.2 	26805.5 	29074.6 	40518.1 	39117.5 	41737.0 	41348.1 
A,MIO_IMP_VAL,SITC7,EXT_EU27_2020,DE	85611.9 	84778.2 	94856.2 	102013.6 	113280.5 	114605.1 	111481.5 	91569.6 	121402.9 	123023.8 	119553.7 	113912.7 	115687.6 	131858.8 	135690.7 	147986.0 	155077.1 	160549.8 	147361.6 	162598.6 	195859.4 	196331.0 	180882.8 	190306.6 
A,MIO_IMP_VAL,SITC7,EXT_EU27_2020,DK	6763.0 	5596.1 	6668.3 	7147.6 	7403.0 	6536.4 	7016.1 	6656.1 	5932.0 	5470.6 	5498.5 	5915.9 	6697.4 	7062.1 	6432.6 	7513.8 	7622.1 	7232.9 	6651.8 	8041.0 	9972.0 	9389.8 	10772.9 	11812.3 
A,MIO_IMP_VAL,SITC7,EXT_EU27_2020,EE	791.0 	1066.3 	758.3 	790.5 	773.0 	688.7 	610.1 	325.1 	563.6 	1022.0 	1268.6 	1087.4 	947.7 	908.0 	918.5 	1047.7 	1120.8 	1054.0 	997.6 	1228.9 	1436.1 	1229.1 	1275.9 	1281.7 
A,MIO_IMP_VAL,SITC7,EXT_EU27_2020,EL	5711.0 	7219.5 	5875.8 	4500.9 	5876.1 	6877.0 	6653.9 	7850.4 	3788.2 	2350.1 	2530.7 	1904.7 	2247.1 	2608.0 	2762.8 	2585.1 	3116.3 	3620.4 	3231.6 	4415.2 	6539.1 	6150.9 	6722.2 	6767.7 
A,MIO_IMP_VAL,SITC7,EXT_EU27_2020,ES	15910.7 	17110.7 	20888.0 	24923.9 	27618.4 	27263.6 	25861.3 	16186.7 	21475.6 	19494.4 	18482.7 	17619.8 	19523.4 	24651.9 	26748.5 	29713.0 	29540.4 	32077.4 	27900.1 	31184.9 	41563.0 	44270.5 	44256.5 	48752.6 
A,MIO_IMP_VAL,SITC7,EXT_EU27_2020,EU27_2020	338545.0 	331252.5 	357981.0 	388500.7 	416240.3 	430704.0 	428667.4 	350109.1 	427307.5 	435292.3 	435276.3 	420999.9 	437105.8 	507532.8 	521203.6 	568116.6 	602840.1 	638145.9 	586049.5 	670993.5 	828872.1 	822992.3 	804899.6 	854415.7 
A,MIO_IMP_VAL,SITC7,EXT_EU27_2020,FI	4566.3 	4788.4 	4837.7 	5717.3 	6943.4 	7544.5 	7462.0 	4291.2 	4136.3 	4708.9 	4309.6 	3297.5 	3390.1 	3533.1 	3620.0 	3893.5 	4174.5 	4297.9 	3788.8 	4776.8 	6638.0 	6279.5 	5847.3 	5724.4 
A,MIO_IMP_VAL,SITC7,EXT_EU27_2020,FR	51461.0 	47229.4 	51577.5 	53678.3 	47939.4 	46554.0 	45607.8 	40051.1 	46416.2 	49853.8 	52592.8 	51953.0 	50908.6 	57937.0 	61625.0 	63508.9 	67959.4 	72282.2 	58247.8 	67093.9 	80656.6 	82096.4 	82372.4 	89714.0 
A,MIO_IMP_VAL,SITC7,EXT_EU27_2020,HR	893.6 	1128.6 	1152.6 	1346.6 	1548.0 	1808.4 	2072.2 	1475.8 	1463.1 	1274.4 	1329.3 	1150.9 	627.0 	692.7 	771.6 	840.2 	997.9 	1098.3 	1268.4 	1303.0 	1868.3 	1817.7 	2053.3 	2564.3 
A,MIO_IMP_VAL,SITC7,EXT_EU27_2020,HU	8612.1 	9205.0 	9588.8 	9299.6 	10811.4 	13228.0 	12785.1 	10718.4 	13289.7 	12281.8 	11452.6 	10911.1 	9810.4 	11135.5 	11341.8 	12187.9 	12861.1 	15341.0 	15793.3 	18488.0 	20405.2 	20074.9 	19937.0 	22100.6 
A,MIO_IMP_VAL,SITC7,EXT_EU27_2020,IE	21804.9 	14799.4 	14040.5 	15776.1 	15541.6 	15602.6 	13100.5 	10088.7 	9856.6 	11204.3 	12245.5 	11496.0 	13299.5 	14963.6 	16149.0 	17881.4 	23187.7 	20493.4 	17214.5 	22070.4 	29859.9 	27573.8 	29297.9 	34067.0 
A,MIO_IMP_VAL,SITC7,EXT_EU27_2020,IT	26741.0 	25103.2 	27114.8 	28134.0 	29307.2 	29851.1 	29951.1 	24683.6 	33215.0 	34227.5 	29551.5 	28493.1 	29529.8 	34161.6 	35950.2 	37695.0 	39169.7 	40048.7 	35532.7 	43086.2 	54307.3 	54321.5 	54027.0 	53639.6 
A,MIO_IMP_VAL,SITC7,EXT_EU27_2020,LT	995.0 	985.9 	684.0 	798.9 	937.2 	1181.4 	1075.9 	494.9 	663.0 	811.0 	828.7 	933.3 	1297.3 	958.1 	970.9 	1163.9 	1212.2 	1325.5 	1421.0 	1563.8 	2019.1 	1847.8 	2110.4 	2614.3 
A,MIO_IMP_VAL,SITC7,EXT_EU27_2020,LU	2047.7 	2918.4 	3290.2 	4452.7 	6479.7 	4609.1 	5030.6 	4506.3 	2506.7 	2498.0 	3368.8 	2887.3 	2617.8 	4150.2 	2780.4 	1776.3 	1392.4 	2598.7 	1028.9 	1403.6 	1175.0 	1222.6 	1192.9 	2549.0 
A,MIO_IMP_VAL,SITC7,EXT_EU27_2020,LV	185.9 	237.8 	267.9 	310.7 	395.0 	491.6 	446.8 	282.8 	367.9 	467.3 	632.3 	616.3 	642.3 	709.6 	701.9 	1005.9 	899.5 	926.0 	950.6 	1152.2 	1287.0 	1244.4 	1084.9 	1439.9 
A,MIO_IMP_VAL,SITC7,EXT_EU27_2020,MT	614.7 	626.1 	584.1 	524.2 	736.5 	637.5 	591.5 	585.4 	819.3 	821.3 	744.3 	826.2 	1196.0 	1289.1 	2041.8 	1334.9 	984.3 	1866.5 	843.8 	1334.5 	2014.4 	1430.6 	1483.1 	1235.1 
A,MIO_IMP_VAL,SITC7,EXT_EU27_2020,NL	49832.0 	51032.7 	56983.5 	66012.3 	69129.4 	70828.1 	71060.0 	60610.5 	73568.2 	74663.1 	79070.7 	76078.4 	79471.0 	97565.9 	97479.4 	111398.7 	115742.1 	124257.0 	126343.2 	140255.1 	171313.7 	166682.6 	157731.9 	168221.7 
A,MIO_IMP_VAL,SITC7,EXT_EU27_2020,PL	6977.2 	7279.3 	6440.5 	6335.4 	8390.1 	9758.6 	11703.7 	10538.1 	13391.7 	12485.0 	14087.1 	15634.6 	16764.0 	20228.6 	18817.9 	20387.2 	23137.7 	26936.2 	26771.2 	32967.7 	37648.8 	36953.8 	39393.4 	43816.6 
A,MIO_IMP_VAL,SITC7,EXT_EU27_2020,PT	2441.1 	2522.4 	2887.9 	2824.4 	2592.0 	2948.9 	3164.7 	2310.3 	2775.7 	2469.4 	2268.3 	2353.9 	2711.1 	2917.0 	3562.3 	3930.2 	3822.0 	4461.1 	3985.5 	4796.2 	6675.8 	6550.0 	6648.7 	7085.2 
A,MIO_IMP_VAL,SITC7,EXT_EU27_2020,RO	1734.7 	1957.8 	2685.5 	3476.4 	4371.6 	3798.0 	4085.3 	3260.3 	4251.6 	4266.3 	3821.3 	3805.5 	4038.0 	4747.4 	5453.6 	6442.1 	7226.5 	7356.4 	6849.0 	7991.9 	9546.9 	9607.5 	10818.3 	11682.2 
A,MIO_IMP_VAL,SITC7,EXT_EU27_2020,SE	9639.0 	9587.5 	10090.3 	11191.3 	12661.9 	13174.6 	12808.8 	9589.6 	13027.5 	13276.2 	13069.2 	12073.4 	12052.9 	12984.4 	12909.1 	12792.1 	13988.6 	14017.5 	11680.2 	14647.1 	16893.6 	15450.4 	15679.5 	17867.0 
A,MIO_IMP_VAL,SITC7,EXT_EU27_2020,SI	814.5 	870.5 	627.1 	852.3 	1137.6 	2256.7 	2522.3 	1796.5 	2326.9 	2537.6 	2301.6 	2721.0 	3077.8 	3241.6 	3187.5 	4037.4 	4660.1 	5135.5 	4648.5 	6246.9 	8289.0 	8309.5 	8358.2 	9508.1 
A,MIO_IMP_VAL,SITC7,EXT_EU27_2020,SK	1462.7 	1696.7 	1401.0 	1662.1 	2368.5 	5210.7 	5735.1 	4842.3 	6674.0 	5649.9 	5679.9 	5579.2 	5659.8 	6264.7 	6545.1 	7522.6 	8082.9 	8965.5 	8179.5 	10328.9 	11057.9 	10896.8 	10290.7 	10786.5 
A,MIO_IMP_VAL,SITC7,WORLD,AT	33520.6 	36249.8 	39772.7 	38466.3 	39516.4 	44036.6 	43823.8 	34551.3 	39930.8 	44453.4 	45620.2 	47395.9 	47071.2 	49864.3 	52747.9 	57863.3 	60063.9 	61413.3 	54512.3 	63449.8 	70623.1 	74617.3 	70534.2 	72883.5 
A,MIO_IMP_VAL,SITC7,WORLD,BE	59389.6 	59506.2 	64156.6 	65336.0 	69208.3 	76585.4 	78697.8 	61948.5 	69100.9 	77010.8 	76477.6 	75041.9 	76530.9 	81451.7 	91009.0 	94051.4 	95416.2 	104825.8 	92343.3 	100266.9 	121368.7 	136401.7 	125822.2 	121698.6 
A,MIO_IMP_VAL,SITC7,WORLD,BG	2229.7 	2681.8 	3402.8 	4422.0 	5304.8 	6644.4 	7413.5 	4525.5 	4476.5 	5371.1 	6131.2 	6097.4 	6539.0 	7161.0 	7321.4 	8180.5 	9027.3 	9465.8 	8728.0 	10931.2 	14516.2 	15529.7 	14396.1 	15770.7 
A,MIO_IMP_VAL,SITC7,WORLD,CY	1067.8 	955.1 	1408.4 	1569.0 	1564.0 	1824.8 	1966.3 	1483.1 	1694.6 	1344.3 	942.6 	674.3 	1940.3 	2277.1 	2959.4 	3279.3 	3433.1 	2736.0 	2820.8 	2721.4 	3310.7 	4262.7 	3530.4 	3415.5 
A,MIO_IMP_VAL,SITC7,WORLD,CZ	18188.3 	19382.6 	24408.8 	24807.4 	30585.4 	37104.2 	39919.9 	31179.0 	41489.5 	45857.6 	45560.6 	44502.0 	50281.1 	58293.5 	59269.8 	66763.1 	73998.7 	77210.6 	74522.5 	83090.2 	101666.3 	103102.3 	103464.4 	106303.5 
A,MIO_IMP_VAL,SITC7,WORLD,DE	206237.4 	211079.7 	226505.7 	243097.4 	274909.0 	288923.3 	282454.9 	240178.2 	290493.3 	309555.7 	306553.5 	302419.6 	319088.5 	351163.8 	365685.7 	392281.9 	410139.1 	426355.2 	392495.6 	435028.8 	510237.2 	538357.8 	506996.7 	528860.0 
A,MIO_IMP_VAL,SITC7,WORLD,DK	19877.6 	17813.6 	19550.4 	22092.7 	24545.8 	25352.1 	25187.5 	20205.5 	19755.3 	20639.1 	21452.4 	22531.0 	23518.2 	25107.2 	25871.1 	27483.8 	29671.0 	29506.7 	28996.8 	32544.1 	36612.2 	37366.1 	38532.3 	43663.6 
A,MIO_IMP_VAL,SITC7,WORLD,EE	2048.5 	2423.5 	2681.1 	3375.2 	4101.6 	4096.7 	3539.6 	1839.9 	2833.6 	4484.3 	5356.3 	5320.7 	5041.5 	4886.0 	5147.2 	5599.5 	5592.1 	5492.2 	4906.4 	6222.8 	7605.6 	7615.9 	7432.0 	7744.4 
A,MIO_IMP_VAL,SITC7,WORLD,EL	13111.9 	15344.7 	15180.8 	13033.2 	15384.2 	18648.9 	17845.4 	16358.6 	10164.0 	7786.3 	7131.0 	5996.2 	6947.8 	7374.1 	7897.8 	8265.4 	9699.3 	10524.0 	9882.3 	13414.7 	16828.1 	18183.5 	19224.7 	19820.7 
A,MIO_IMP_VAL,SITC7,WORLD,ES	66476.0 	71189.1 	81657.6 	88296.2 	96241.1 	103846.5 	92633.5 	62741.7 	71745.9 	72349.3 	64298.7 	66389.5 	74975.7 	88791.8 	93340.1 	100628.1 	103694.6 	104580.9 	89780.3 	101394.2 	123895.4 	133681.2 	135191.0 	144203.7 
A,MIO_IMP_VAL,SITC7,WORLD,FI	14618.3 	14788.6 	15714.8 	19190.7 	21085.6 	22810.1 	22951.5 	14880.5 	16069.6 	18072.0 	17275.8 	16593.8 	17130.5 	18603.0 	19722.1 	22250.5 	22939.7 	23558.1 	21875.5 	25736.8 	28123.2 	27129.1 	25909.0 	26547.2 
A,MIO_IMP_VAL,SITC7,WORLD,FR	145194.2 	144231.2 	151921.9 	153526.9 	155602.6 	164268.3 	164615.7 	139929.4 	157363.3 	169852.9 	169260.4 	166095.2 	167611.2 	181800.5 	190635.9 	197786.3 	205395.7 	213954.0 	181757.9 	204706.7 	230256.9 	245994.1 	237039.1 	243460.3 
A,MIO_IMP_VAL,SITC7,WORLD,HR	3889.0 	4640.7 	4663.9 	4927.5 	5510.9 	6128.7 	6738.8 	4336.9 	3880.4 	3614.2 	3603.4 	3804.5 	3851.8 	4452.3 	5067.0 	5650.2 	6332.4 	6869.2 	6218.5 	7118.3 	9190.2 	10658.4 	11794.0 	12553.1 
A,MIO_IMP_VAL,SITC7,WORLD,HU	20757.4 	21728.4 	25808.7 	27343.0 	32139.9 	36623.9 	36361.0 	27587.1 	33682.5 	34282.2 	34013.8 	34856.9 	36748.9 	40901.4 	42552.4 	46158.7 	48230.1 	52021.3 	48756.3 	55661.3 	64251.9 	65860.6 	64156.6 	67923.7 
A,MIO_IMP_VAL,SITC7,WORLD,IE	28070.8 	20681.4 	20881.3 	22947.1 	23508.4 	23601.3 	19633.9 	14262.0 	15702.7 	17625.5 	19264.7 	18719.5 	23449.8 	27644.5 	31348.5 	35537.7 	39420.0 	40055.5 	32990.4 	39309.8 	51714.5 	52851.4 	55375.4 	58505.3 
A,MIO_IMP_VAL,SITC7,WORLD,IT	86885.9 	85025.8 	92284.3 	94109.2 	100208.8 	107584.3 	103858.5 	83501.2 	102347.4 	101640.9 	86455.7 	82549.4 	87183.3 	100559.3 	108517.1 	116349.1 	120940.7 	122557.9 	107676.8 	130641.0 	157877.3 	166787.6 	158455.7 	160174.8 
A,MIO_IMP_VAL,SITC7,WORLD,LT	2712.5 	2840.6 	3174.1 	3686.7 	4833.2 	6058.8 	5611.0 	2570.3 	3530.4 	4875.6 	5170.9 	5763.7 	6347.1 	6438.5 	6833.0 	7952.6 	8479.0 	8910.5 	8321.3 	10279.0 	12256.8 	12979.8 	11814.6 	13186.6 
A,MIO_IMP_VAL,SITC7,WORLD,LU	5526.9 	6072.3 	6607.8 	8137.5 	10366.2 	8893.6 	9435.5 	8080.1 	6510.8 	6649.4 	7409.4 	6796.4 	7005.4 	8248.5 	7267.3 	6836.3 	6527.6 	8234.4 	6453.0 	7238.5 	6991.7 	7623.7 	7913.0 	8824.4 
A,MIO_IMP_VAL,SITC7,WORLD,LV	1312.4 	1430.6 	1659.6 	2119.3 	3021.3 	3905.6 	3141.5 	1592.2 	2091.5 	3066.7 	3603.1 	3518.4 	3700.9 	3907.2 	3981.8 	4572.1 	4655.6 	4805.3 	4665.0 	5614.4 	6851.8 	7193.6 	6130.0 	7127.6 
A,MIO_IMP_VAL,SITC7,WORLD,MT	1382.4 	1428.9 	1436.5 	1371.6 	1676.4 	1516.5 	1446.2 	1326.1 	1631.0 	1674.6 	1549.7 	1663.0 	1896.9 	2360.4 	2825.4 	2146.5 	1981.7 	3043.8 	1907.6 	2481.3 	3500.9 	3132.4 	3462.9 	3260.1 
A,MIO_IMP_VAL,SITC7,WORLD,NL	87077.1 	88355.7 	97200.7 	106061.5 	112936.9 	119547.5 	122299.0 	100733.1 	119041.0 	123878.1 	127846.7 	124248.3 	129649.0 	154053.4 	155261.4 	174302.6 	183819.7 	198900.8 	195584.1 	218053.4 	260453.7 	261145.7 	250087.6 	263697.5 
A,MIO_IMP_VAL,SITC7,WORLD,PL	21962.3 	22939.4 	27862.2 	29301.1 	36352.7 	43069.2 	50326.9 	38080.6 	46055.2 	48033.1 	49807.4 	52441.5 	56937.2 	64731.1 	64842.7 	71916.8 	79364.1 	86298.6 	82954.8 	99888.2 	111865.0 	119827.1 	125244.2 	132667.0 
A,MIO_IMP_VAL,SITC7,WORLD,PT	14567.1 	14150.6 	14952.1 	17323.3 	18284.2 	19606.0 	20281.1 	15776.5 	17725.6 	15310.1 	13018.4 	13399.7 	15198.2 	16795.8 	18759.8 	21425.9 	23582.6 	27005.4 	21604.9 	24060.3 	29666.8 	32347.0 	33409.2 	35075.0 
A,MIO_IMP_VAL,SITC7,WORLD,RO	5321.9 	6247.8 	8546.6 	10811.7 	14413.0 	19673.0 	20560.3 	13221.6 	16568.1 	19093.8 	18487.9 	19550.1 	20855.0 	23527.9 	25586.9 	28268.7 	31494.6 	32090.9 	29900.3 	34497.0 	41401.1 	44995.7 	45944.0 	47752.6 
A,MIO_IMP_VAL,SITC7,WORLD,SE	27804.7 	29313.9 	32646.7 	35422.7 	39616.2 	43303.3 	41770.3 	30722.7 	41829.6 	47207.5 	45159.9 	43323.4 	44695.1 	48153.7 	50104.5 	52882.3 	55232.8 	54633.3 	51130.0 	60386.8 	67101.8 	69905.9 	67192.2 	70210.7 
A,MIO_IMP_VAL,SITC7,WORLD,SI	3937.3 	4212.1 	4926.8 	5387.4 	6329.9 	8225.8 	8893.3 	6428.2 	7304.5 	7766.5 	7087.2 	7783.9 	8308.2 	9131.7 	9710.4 	11601.6 	12928.0 	13505.1 	12028.1 	14989.2 	18309.8 	18704.1 	18680.8 	20791.4 
A,MIO_IMP_VAL,SITC7,WORLD,SK	6681.1 	8177.0 	9575.8 	10643.2 	13957.3 	19504.7 	21778.4 	17049.2 	21472.8 	23214.3 	24753.5 	26111.3 	27214.1 	31143.5 	32725.9 	34853.1 	38943.4 	41098.7 	38052.4 	43301.3 	48302.8 	52915.9 	51404.2 	54270.4 
A,MIO_IMP_VAL,SITC9,EU27_2020,AT	140.9 	163.8 	100.8 	56.3 	41.3 	-6.0 	-54.5 	76.1 	49.7 	97.5 	197.9 	109.1 	-113.9 	178.3 	4.5 	80.0 	315.5 	162.2 	669.2 	2187.4 	2444.2 	1535.6 	691.5 	2708.2 
A,MIO_IMP_VAL,SITC9,EU27_2020,BE	110.4 	94.7 	96.1 	128.0 	167.3 	175.1 	330.4 	362.8 	1782.8 	2403.1 	2459.4 	1836.7 	1728.4 	1561.7 	1430.8 	1716.8 	657.1 	822.4 	674.0 	695.5 	890.3 	980.9 	974.6 	1325.7 
A,MIO_IMP_VAL,SITC9,EU27_2020,BG	129.8 	149.0 	140.5 	78.3 	50.0 	2.3 	17.8 	37.3 	94.3 	55.8 	51.4 	106.0 	116.4 	123.8 	126.0 	142.1 	150.9 	177.5 	212.7 	261.2 	118.5 	19.0 	148.1 	433.4 
A,MIO_IMP_VAL,SITC9,EU27_2020,CY	5.5 	3.8 	2.9 	2.6 	3.1 	3.0 	1.9 	1.0 	1.9 	35.2 	8.1 	1.6 	0.9 	0.7 	23.3 	40.1 	69.2 	69.9 	41.9 	40.8 	44.7 	78.8 	103.4 	86.4 
A,MIO_IMP_VAL,SITC9,EU27_2020,CZ	8.3 	11.0 	36.2 	19.9 	34.2 	44.4 	71.1 	72.8 	118.5 	180.0 	215.8 	273.6 	255.0 	247.9 	247.4 	332.1 	373.7 	448.2 	556.5 	836.4 	1276.0 	562.1 	439.0 	591.0 
A,MIO_IMP_VAL,SITC9,EU27_2020,DE	10070.3 	15024.1 	16691.7 	1622.7 	2806.6 	3041.1 	3564.5 	3539.4 	4120.2 	4409.7 	5266.1 	4280.9 	3952.7 	4500.3 	5330.0 	4626.9 	4382.9 	4547.5 	5821.2 	6077.9 	7085.3 	3297.1 	4420.7 	6698.9 
A,MIO_IMP_VAL,SITC9,EU27_2020,DK	644.4 	401.7 	416.0 	298.2 	324.0 	217.7 	217.1 	191.2 	167.0 	235.1 	205.5 	189.5 	296.1 	274.7 	271.0 	265.1 	303.7 	316.9 	268.1 	314.2 	107.7 	135.5 	99.4 	290.1 
A,MIO_IMP_VAL,SITC9,EU27_2020,EE	0.1 	8.4 	3.5 	3.1 	0.0 	0.0 	0.1 	0.2 	11.3 	30.9 	39.7 	71.9 	55.0 	42.5 	65.2 	33.7 	28.8 	64.8 	79.2 	77.8 	67.3 	60.9 	103.1 	192.5 
A,MIO_IMP_VAL,SITC9,EU27_2020,EL	158.5 	362.5 	318.2 	206.4 	241.9 	177.6 	120.1 	32.1 	601.4 	120.6 	43.2 	19.4 	17.8 	80.0 	25.2 	50.0 	24.6 	20.5 	33.7 	24.5 	4.7 	5.2 	8.3 	8.0 
A,MIO_IMP_VAL,SITC9,EU27_2020,ES	514.7 	443.4 	669.5 	285.3 	249.4 	544.8 	312.2 	133.8 	469.7 	971.9 	1277.9 	492.8 	316.8 	425.3 	506.7 	591.8 	633.5 	638.5 	645.3 	720.2 	780.0 	889.2 	805.1 	993.4 
A,MIO_IMP_VAL,SITC9,EU27_2020,EU27_2020	20641.1 	27974.0 	22559.7 	6176.1 	7865.7 	8545.5 	8388.7 	7694.3 	9619.8 	14135.3 	15291.0 	10933.8 	8128.3 	9822.0 	10707.1 	10905.2 	9284.4 	11020.6 	14543.5 	18493.7 	26780.1 	18621.1 	20457.9 	30052.4 
A,MIO_IMP_VAL,SITC9,EU27_2020,FI	747.2 	732.7 	891.1 	-7.1 	-21.4 	-18.7 	-7.2 	-2.0 	-10.6 	5.5 	-17.2 	-55.7 	-19.9 	-32.4 	-1.9 	10.5 	-7.8 	-43.2 	-51.5 	29.7 	140.0 	177.9 	750.4 	855.8 
A,MIO_IMP_VAL,SITC9,EU27_2020,FR	726.8 	779.7 	846.4 	1083.6 	692.3 	924.4 	1105.0 	1125.0 	989.7 	1160.0 	1671.8 	1379.4 	963.7 	1074.3 	947.3 	1226.6 	1363.7 	1680.1 	1679.1 	2159.2 	2650.4 	2866.4 	3113.5 	3732.6 
A,MIO_IMP_VAL,SITC9,EU27_2020,HR	8.9 	31.2 	6.9 	6.6 	8.0 	12.8 	7.1 	16.7 	4.5 	0.5 	0.5 	0.8 	24.4 	6.5 	7.4 	14.3 	16.9 	18.0 	32.9 	57.7 	281.2 	164.4 	201.9 	452.8 
A,MIO_IMP_VAL,SITC9,EU27_2020,HU	139.1 	192.1 	90.3 	92.3 	97.3 	85.6 	109.9 	98.9 	93.1 	182.3 	211.0 	195.5 	132.0 	141.6 	149.8 	125.0 	155.5 	449.3 	442.2 	498.9 	788.5 	838.4 	922.7 	1090.4 
A,MIO_IMP_VAL,SITC9,EU27_2020,IE	1906.6 	1473.8 	1582.4 	1815.5 	2000.3 	2132.6 	2005.7 	1652.3 	369.3 	333.9 	350.0 	405.8 	534.1 	497.9 	716.7 	725.8 	714.8 	742.7 	1085.4 	676.6 	145.4 	116.5 	108.7 	223.2 
A,MIO_IMP_VAL,SITC9,EU27_2020,IT	3730.0 	6549.6 	193.8 	316.1 	500.2 	168.4 	-37.0 	397.3 	885.9 	2073.7 	3202.5 	1649.1 	1071.8 	1175.4 	1159.0 	934.1 	816.3 	1108.2 	1286.1 	1397.1 	1934.3 	2420.9 	3737.3 	4922.6 
A,MIO_IMP_VAL,SITC9,EU27_2020,LT	15.9 	11.4 	43.3 	3.0 	4.8 	9.4 	8.4 	16.2 	5.3 	8.1 	5.8 	7.3 	6.6 	14.8 	14.8 	12.5 	7.1 	9.8 	11.8 	28.2 	34.7 	7.0 	5.4 	10.7 
A,MIO_IMP_VAL,SITC9,EU27_2020,LU	29.1 	25.3 	30.2 	11.7 	22.4 	25.5 	15.2 	128.5 	133.1 	288.7 	70.0 	85.1 	23.2 	25.3 	31.7 	38.7 	34.1 	52.0 	94.0 	63.2 	87.3 	53.1 	25.5 	116.0 
A,MIO_IMP_VAL,SITC9,EU27_2020,LV	1.0 	1.1 	140.7 	0.3 	0.9 	1.0 	1.5 	0.8 	109.7 	20.7 	11.7 	23.9 	23.5 	6.5 	12.5 	5.1 	1.1 	1.0 	14.4 	17.9 	56.0 	31.2 	27.1 	58.0 
A,MIO_IMP_VAL,SITC9,EU27_2020,MT	2.3 	3.1 	7.0 	6.4 	6.9 	9.8 	6.5 	2.6 	8.8 	16.7 	9.9 	7.3 	2.8 	0.8 	0.0 	0.2 	0.1 	0.2 	0.2 	0.2 	0.7 	0.1 	0.1 	0.1 
A,MIO_IMP_VAL,SITC9,EU27_2020,NL	-664.4 	-455.4 	133.4 	7.9 	345.5 	622.4 	98.3 	-674.9 	-976.2 	621.2 	-975.4 	-1201.1 	-1937.8 	-1089.5 	-792.5 	-932.1 	-1563.8 	-1126.9 	-393.3 	558.7 	349.4 	393.0 	508.8 	557.6 
A,MIO_IMP_VAL,SITC9,EU27_2020,PL	21.6 	19.0 	13.7 	9.6 	149.1 	234.9 	296.1 	302.1 	303.1 	556.7 	698.0 	761.2 	493.8 	338.7 	146.7 	596.5 	549.3 	601.8 	373.8 	1265.0 	6766.8 	3438.2 	2761.1 	3931.2 
A,MIO_IMP_VAL,SITC9,EU27_2020,PT	80.0 	74.6 	62.2 	49.0 	41.6 	26.6 	26.0 	20.3 	41.5 	57.7 	49.4 	47.3 	44.7 	38.1 	54.3 	36.4 	30.3 	42.7 	45.8 	46.2 	62.4 	52.3 	58.3 	74.5 
A,MIO_IMP_VAL,SITC9,EU27_2020,RO	21.3 	24.6 	5.6 	13.9 	13.6 	0.0 	0.0 	0.0 	-5.8 	-7.4 	-3.9 	-6.8 	-6.5 	-6.2 	-6.5 	-10.1 	-3.2 	-1.5 	-1.6 	0.1 	0.0 	34.5 	74.5 	87.7 
A,MIO_IMP_VAL,SITC9,EU27_2020,SE	2076.9 	1811.9 	2.9 	2.6 	1.7 	8.0 	18.4 	1.7 	20.7 	-14.3 	12.0 	20.0 	19.5 	16.7 	38.1 	17.0 	27.0 	17.8 	37.4 	31.6 	44.8 	138.8 	21.2 	46.3 
A,MIO_IMP_VAL,SITC9,EU27_2020,SI	10.3 	34.2 	9.2 	3.6 	6.8 	18.8 	43.7 	23.2 	52.1 	97.8 	64.9 	38.0 	20.2 	38.0 	36.6 	45.2 	52.7 	31.2 	117.5 	214.9 	388.2 	173.9 	195.8 	425.7 
A,MIO_IMP_VAL,SITC9,EU27_2020,SK	5.8 	2.6 	25.1 	60.1 	77.9 	84.2 	110.1 	139.0 	178.9 	194.0 	165.2 	195.4 	107.1 	140.3 	163.2 	180.8 	150.6 	168.5 	767.4 	212.4 	231.1 	150.3 	152.3 	139.6 
A,MIO_IMP_VAL,SITC9,EXT_EU27_2020,AT	274.2 	343.6 	202.7 	369.9 	265.4 	570.7 	1499.6 	2018.0 	1748.9 	2339.6 	2012.9 	2000.5 	1647.8 	1982.5 	1494.9 	1605.0 	1377.9 	766.2 	1834.3 	2389.5 	3953.3 	2042.6 	1178.6 	1959.2 
A,MIO_IMP_VAL,SITC9,EXT_EU27_2020,BE	47.8 	96.3 	94.2 	112.9 	145.5 	134.6 	2119.2 	1540.2 	1898.2 	2799.1 	2688.4 	2082.2 	2257.3 	2688.7 	2328.2 	3116.4 	1340.3 	1531.2 	1034.7 	733.7 	1145.9 	733.5 	950.2 	1023.8 
A,MIO_IMP_VAL,SITC9,EXT_EU27_2020,BG	1498.3 	1428.3 	1555.0 	171.2 	208.2 	2.5 	10.1 	6.9 	19.9 	19.2 	9.7 	17.8 	21.6 	19.4 	27.1 	21.6 	23.9 	25.2 	26.3 	34.0 	144.1 	10.8 	54.5 	49.1 
A,MIO_IMP_VAL,SITC9,EXT_EU27_2020,CY	4.1 	3.7 	2.5 	2.5 	2.5 	2.4 	2.0 	0.2 	0.4 	30.1 	8.9 	3.3 	3.1 	10.5 	15.0 	20.3 	67.7 	52.4 	51.5 	49.5 	34.2 	96.7 	94.4 	127.4 
A,MIO_IMP_VAL,SITC9,EXT_EU27_2020,CZ	0.5 	0.2 	4.3 	1.5 	3.2 	2.8 	10.4 	14.2 	14.1 	35.0 	40.7 	46.1 	53.2 	81.7 	78.9 	80.0 	67.5 	61.6 	123.7 	205.8 	302.7 	122.2 	257.2 	466.5 
A,MIO_IMP_VAL,SITC9,EXT_EU27_2020,DE	6380.3 	7027.7 	6958.1 	5642.7 	4437.6 	4573.2 	4753.5 	6972.2 	7483.2 	10011.6 	8899.2 	9390.5 	8009.8 	8826.6 	9448.9 	10918.8 	10673.7 	11016.1 	14315.8 	16377.2 	18592.5 	5543.1 	6003.4 	12432.2 
A,MIO_IMP_VAL,SITC9,EXT_EU27_2020,DK	504.3 	372.2 	414.6 	380.4 	159.4 	390.5 	387.1 	432.9 	440.1 	498.3 	566.6 	500.1 	526.9 	515.3 	506.3 	556.1 	608.8 	608.1 	775.1 	894.3 	319.8 	217.5 	408.1 	598.5 
A,MIO_IMP_VAL,SITC9,EXT_EU27_2020,EE	0.5 	11.5 	1.6 	6.6 	5.9 	13.9 	23.1 	12.9 	28.7 	76.0 	58.9 	79.1 	61.5 	89.0 	109.4 	103.5 	108.7 	121.9 	212.3 	322.3 	292.5 	98.2 	175.4 	378.4 
A,MIO_IMP_VAL,SITC9,EXT_EU27_2020,EL	347.7 	225.5 	96.2 	149.9 	166.1 	812.8 	132.3 	69.7 	59.0 	36.6 	26.8 	15.9 	118.0 	20.2 	19.9 	206.0 	26.8 	249.6 	66.9 	82.5 	25.4 	32.5 	19.9 	29.3 
A,MIO_IMP_VAL,SITC9,EXT_EU27_2020,ES	1012.8 	995.5 	976.3 	652.0 	793.9 	712.0 	637.1 	467.3 	718.4 	829.7 	902.7 	390.5 	340.7 	529.5 	678.9 	458.5 	384.9 	610.5 	500.2 	1146.9 	1280.6 	1058.7 	1155.3 	1460.2 
A,MIO_IMP_VAL,SITC9,EXT_EU27_2020,EU27_2020	26169.2 	26601.4 	17501.6 	14325.8 	14918.7 	17121.7 	21488.8 	22035.7 	23539.9 	26582.4 	27454.3 	25944.1 	24529.0 	25281.3 	25433.6 	28961.7 	27057.2 	28440.3 	34035.5 	37659.6 	46726.7 	22417.3 	26538.8 	36046.3 
A,MIO_IMP_VAL,SITC9,EXT_EU27_2020,FI	82.9 	94.3 	104.2 	21.4 	38.6 	40.3 	35.8 	32.3 	44.7 	36.2 	75.9 	95.7 	57.8 	67.0 	59.9 	34.1 	35.8 	121.6 	213.2 	156.7 	256.6 	239.3 	462.9 	480.2 
A,MIO_IMP_VAL,SITC9,EXT_EU27_2020,FR	1721.9 	1715.1 	1759.0 	1763.3 	1615.1 	1349.9 	1471.0 	1179.1 	822.1 	948.5 	1126.6 	1017.0 	1450.0 	1329.5 	1614.3 	2002.2 	1777.4 	2245.8 	1815.3 	1884.1 	2681.4 	2647.1 	3163.7 	3186.4 
A,MIO_IMP_VAL,SITC9,EXT_EU27_2020,HR	0.1 	0.0 	0.0 	0.4 	0.0 	0.0 	0.0 	0.0 	0.0 	8.8 	0.2 	2.5 	5.6 	4.9 	4.8 	3.1 	3.1 	3.3 	3.3 	2.2 	0.6 	0.2 	0.8 	2.4 
A,MIO_IMP_VAL,SITC9,EXT_EU27_2020,HU	747.1 	996.7 	309.7 	26.7 	35.6 	39.6 	48.4 	93.7 	9.5 	12.6 	12.9 	11.9 	12.6 	10.9 	13.5 	58.1 	76.4 	133.4 	57.2 	71.9 	452.8 	312.4 	302.4 	254.2 
A,MIO_IMP_VAL,SITC9,EXT_EU27_2020,IE	1303.5 	1487.0 	1739.4 	1677.8 	1507.9 	1584.2 	1764.4 	1803.2 	1434.7 	787.5 	754.8 	844.6 	1020.1 	1113.5 	1417.9 	1481.7 	1537.7 	1387.0 	1173.5 	191.3 	73.2 	49.3 	56.9 	119.9 
A,MIO_IMP_VAL,SITC9,EXT_EU27_2020,IT	10917.6 	10822.3 	3008.0 	2807.6 	2804.2 	3735.7 	3561.1 	2874.0 	3314.1 	3518.9 	3634.4 	3619.5 	3589.0 	3627.7 	3364.9 	3516.2 	3820.7 	4825.9 	8704.4 	7358.0 	7142.7 	5812.6 	8496.1 	8207.8 
A,MIO_IMP_VAL,SITC9,EXT_EU27_2020,LT	148.4 	196.0 	67.5 	42.0 	15.2 	30.6 	53.1 	2.0 	0.9 	2.1 	1.1 	1.3 	0.9 	0.6 	0.9 	1.2 	1.2 	0.9 	0.9 	6.5 	13.0 	18.0 	36.3 	86.8 
A,MIO_IMP_VAL,SITC9,EXT_EU27_2020,LU	43.5 	3.6 	6.3 	82.8 	16.6 	44.1 	89.0 	173.5 	362.8 	237.2 	173.6 	52.8 	31.2 	49.8 	56.2 	34.4 	18.7 	40.5 	18.1 	30.8 	43.6 	12.5 	15.9 	8.1 
A,MIO_IMP_VAL,SITC9,EXT_EU27_2020,LV	0.2 	0.6 	0.2 	0.1 	0.0 	0.2 	1.4 	1.2 	1.3 	1.6 	1.6 	1.2 	0.8 	5.1 	8.1 	2.0 	2.4 	0.0 	0.0 	0.2 	29.8 	35.9 	40.1 	33.5 
A,MIO_IMP_VAL,SITC9,EXT_EU27_2020,MT	22.7 	21.4 	16.7 	18.7 	26.7 	26.7 	26.1 	22.7 	33.8 	20.5 	21.5 	15.8 	11.2 	14.2 	11.7 	5.3 	5.8 	5.2 	3.8 	3.8 	3.9 	3.5 	56.2 	34.5 
A,MIO_IMP_VAL,SITC9,EXT_EU27_2020,NL	966.1 	678.4 	89.9 	246.0 	152.2 	119.8 	1197.1 	1967.4 	2454.6 	1040.3 	2637.1 	2595.7 	2663.0 	2010.1 	2051.9 	2157.1 	1995.4 	1421.7 	1056.9 	24.3 	225.2 	29.3 	46.6 	57.5 
A,MIO_IMP_VAL,SITC9,EXT_EU27_2020,PL	33.4 	26.9 	2.3 	2.4 	2353.0 	2832.9 	3570.6 	2229.7 	2548.8 	3162.3 	3698.8 	3062.8 	2563.7 	2189.8 	1961.3 	2411.0 	2939.2 	3049.0 	1790.2 	5578.7 	9619.2 	3236.4 	3181.5 	3977.2 
A,MIO_IMP_VAL,SITC9,EXT_EU27_2020,PT	54.5 	34.4 	22.7 	21.7 	16.9 	16.2 	18.0 	31.2 	46.9 	14.2 	4.8 	1.4 	0.9 	2.4 	2.1 	1.8 	1.4 	0.7 	0.9 	5.2 	15.6 	14.7 	3.6 	4.1 
A,MIO_IMP_VAL,SITC9,EXT_EU27_2020,RO	35.9 	29.2 	54.5 	109.3 	106.6 	0.0 	0.0 	0.0 	5.8 	7.5 	4.7 	8.6 	8.8 	10.4 	9.8 	13.0 	6.0 	4.7 	5.3 	7.2 	0.0 	0.0 	15.0 	21.6 
A,MIO_IMP_VAL,SITC9,EXT_EU27_2020,SE	18.4 	17.1 	13.8 	13.1 	38.9 	79.7 	72.1 	86.4 	41.4 	98.6 	81.8 	62.5 	61.5 	64.0 	80.3 	77.0 	64.4 	66.2 	207.3 	93.3 	46.2 	35.6 	46.1 	73.2 
A,MIO_IMP_VAL,SITC9,EXT_EU27_2020,SI	1.1 	-26.5 	1.2 	2.6 	2.4 	3.8 	4.8 	3.6 	6.6 	7.0 	6.1 	3.7 	3.6 	4.3 	1.7 	1.3 	1.0 	2.0 	3.1 	3.2 	23.0 	11.4 	238.9 	847.4 
A,MIO_IMP_VAL,SITC9,EXT_EU27_2020,SK	1.4 	0.2 	0.7 	0.3 	0.9 	2.6 	1.4 	1.1 	1.2 	3.6 	3.6 	21.3 	8.5 	14.0 	66.7 	76.0 	90.5 	89.9 	41.0 	6.5 	8.9 	3.3 	78.8 	127.0 
A,MIO_IMP_VAL,SITC9,WORLD,AT	415.0 	507.4 	303.6 	426.2 	306.7 	564.7 	1445.1 	2094.0 	1798.6 	2437.1 	2210.7 	2109.6 	1533.8 	2160.8 	1499.5 	1684.9 	1693.4 	928.3 	2503.5 	4576.9 	6397.6 	3578.2 	1870.1 	4667.4 
A,MIO_IMP_VAL,SITC9,WORLD,BE	158.1 	191.0 	190.3 	240.9 	312.7 	309.7 	2449.6 	1903.0 	3681.0 	5202.2 	5147.8 	3918.9 	3985.7 	4250.4 	3759.0 	4833.2 	1997.4 	2353.6 	1708.7 	1429.3 	2036.3 	1714.4 	1924.8 	2349.5 
A,MIO_IMP_VAL,SITC9,WORLD,BG	1628.1 	1577.3 	1695.5 	249.5 	258.2 	4.8 	27.9 	44.2 	114.2 	75.0 	61.1 	123.7 	138.0 	143.2 	153.1 	163.7 	174.8 	202.7 	239.0 	295.2 	262.7 	29.8 	202.6 	482.4 
A,MIO_IMP_VAL,SITC9,WORLD,CY	9.6 	7.6 	5.5 	5.1 	5.6 	5.4 	4.0 	1.2 	2.3 	65.2 	17.0 	4.9 	3.9 	11.2 	38.3 	60.4 	136.9 	122.3 	93.5 	90.3 	78.9 	175.5 	197.8 	213.8 
A,MIO_IMP_VAL,SITC9,WORLD,CZ	8.8 	11.2 	40.6 	21.4 	37.4 	47.2 	81.5 	87.0 	132.6 	215.0 	256.5 	319.7 	308.2 	329.7 	326.3 	412.2 	441.3 	509.8 	680.3 	1042.2 	1578.7 	684.3 	696.2 	1057.5 
A,MIO_IMP_VAL,SITC9,WORLD,DE	16450.6 	22051.8 	23649.7 	7265.4 	7244.3 	7614.3 	8318.0 	10511.6 	11603.5 	14421.3 	14165.2 	13671.3 	11962.6 	13327.0 	14778.9 	15545.7 	15056.6 	15563.6 	20137.0 	22455.1 	25677.9 	8840.3 	10424.1 	19131.1 
A,MIO_IMP_VAL,SITC9,WORLD,DK	1148.7 	773.9 	830.6 	678.6 	483.4 	608.2 	604.2 	624.1 	607.1 	733.3 	772.0 	689.6 	823.0 	790.0 	777.3 	821.2 	912.5 	925.0 	1043.2 	1208.5 	427.5 	353.0 	507.5 	888.6 
A,MIO_IMP_VAL,SITC9,WORLD,EE	0.6 	19.9 	5.1 	9.6 	5.9 	13.9 	23.2 	13.1 	40.0 	106.9 	98.6 	151.0 	116.5 	131.5 	174.6 	137.2 	137.5 	186.7 	291.5 	400.1 	359.9 	159.1 	278.5 	571.0 
A,MIO_IMP_VAL,SITC9,WORLD,EL	506.1 	588.0 	414.4 	356.4 	408.0 	990.4 	252.4 	101.9 	660.3 	157.2 	70.1 	35.4 	135.8 	100.2 	45.1 	256.0 	51.4 	270.1 	100.6 	106.9 	30.1 	37.7 	28.2 	37.3 
A,MIO_IMP_VAL,SITC9,WORLD,ES	1527.5 	1438.9 	1645.8 	937.2 	1043.4 	1256.7 	949.3 	601.2 	1188.1 	1801.6 	2180.6 	883.2 	657.5 	954.8 	1185.6 	1050.3 	1018.3 	1249.0 	1145.5 	1867.1 	2060.6 	1947.9 	1960.4 	2453.6 
A,MIO_IMP_VAL,SITC9,WORLD,FI	830.0 	827.0 	995.3 	14.3 	17.2 	21.6 	28.7 	30.3 	34.0 	41.6 	58.7 	40.0 	37.9 	34.5 	58.0 	44.6 	28.0 	78.4 	161.8 	186.4 	396.6 	417.1 	1213.3 	1336.0 
A,MIO_IMP_VAL,SITC9,WORLD,FR	2448.7 	2494.9 	2605.3 	2846.9 	2307.4 	2274.2 	2576.0 	2304.1 	1811.7 	2108.5 	2798.3 	2396.4 	2413.7 	2403.9 	2561.7 	3228.8 	3141.1 	3925.9 	3494.4 	4043.3 	5331.9 	5513.6 	6277.2 	6919.0 
A,MIO_IMP_VAL,SITC9,WORLD,HR	9.0 	31.2 	6.9 	7.0 	8.0 	12.8 	7.1 	16.7 	4.5 	9.4 	0.7 	3.3 	30.0 	11.4 	12.2 	17.4 	20.0 	21.3 	36.3 	59.9 	281.8 	164.6 	202.7 	455.2 
A,MIO_IMP_VAL,SITC9,WORLD,HU	886.2 	1188.8 	399.9 	119.0 	132.9 	125.3 	158.3 	192.6 	102.7 	194.8 	223.9 	207.4 	144.6 	152.5 	163.3 	183.1 	231.8 	582.7 	499.3 	570.8 	1241.3 	1150.8 	1225.1 	1344.6 
A,MIO_IMP_VAL,SITC9,WORLD,IE	3210.1 	2960.8 	3321.8 	3493.3 	3508.2 	3716.8 	3770.1 	3455.5 	1804.0 	1121.4 	1104.8 	1250.4 	1554.2 	1611.4 	2134.6 	2207.5 	2252.5 	2129.7 	2258.9 	867.9 	218.6 	165.8 	165.7 	343.1 
A,MIO_IMP_VAL,SITC9,WORLD,IT	14647.6 	17371.9 	3201.8 	3123.8 	3304.5 	3904.1 	3524.1 	3271.3 	4200.0 	5592.6 	6836.9 	5268.6 	4660.7 	4803.1 	4523.9 	4450.3 	4637.0 	5934.1 	9990.5 	8755.2 	9077.1 	8233.5 	12233.4 	13130.4 
A,MIO_IMP_VAL,SITC9,WORLD,LT	164.3 	207.5 	110.9 	45.0 	20.0 	40.0 	61.6 	18.2 	6.2 	10.2 	6.9 	8.7 	7.5 	15.5 	15.7 	13.6 	8.3 	10.7 	12.7 	34.7 	47.6 	25.1 	41.6 	97.5 
A,MIO_IMP_VAL,SITC9,WORLD,LU	72.6 	28.9 	36.5 	94.6 	39.0 	69.6 	104.2 	302.0 	495.9 	525.9 	243.7 	137.8 	54.4 	75.1 	87.9 	73.1 	52.8 	92.5 	112.2 	94.0 	130.9 	65.6 	41.4 	124.1 
A,MIO_IMP_VAL,SITC9,WORLD,LV	1.2 	1.6 	141.0 	0.3 	0.9 	1.2 	2.8 	2.0 	111.0 	22.3 	13.4 	25.1 	24.3 	11.6 	20.6 	7.1 	3.5 	1.0 	14.4 	18.1 	85.7 	67.1 	67.2 	91.5 
A,MIO_IMP_VAL,SITC9,WORLD,MT	24.9 	24.5 	23.7 	25.0 	33.6 	36.5 	32.6 	25.3 	42.6 	37.1 	31.4 	23.1 	14.0 	15.0 	11.7 	5.5 	5.9 	5.5 	4.0 	3.9 	4.5 	3.7 	56.3 	34.5 
A,MIO_IMP_VAL,SITC9,WORLD,NL	301.7 	223.0 	223.3 	253.9 	497.7 	742.2 	1295.4 	1292.5 	1478.4 	1661.5 	1661.7 	1394.6 	725.2 	920.6 	1259.4 	1225.0 	431.6 	294.8 	663.6 	583.0 	574.6 	422.3 	555.5 	615.0 
A,MIO_IMP_VAL,SITC9,WORLD,PL	55.1 	46.0 	16.1 	12.0 	2502.1 	3067.8 	3866.7 	2531.8 	2851.9 	3719.0 	4396.8 	3823.9 	3057.5 	2528.5 	2108.0 	3007.5 	3488.5 	3650.8 	2164.0 	6843.7 	16386.0 	6674.5 	5942.7 	7908.4 
A,MIO_IMP_VAL,SITC9,WORLD,PT	134.5 	108.9 	84.8 	70.8 	58.5 	42.7 	44.0 	51.5 	88.4 	71.9 	54.2 	48.7 	45.6 	40.5 	56.3 	38.2 	31.7 	43.4 	46.7 	51.4 	78.0 	67.0 	61.9 	78.6 
A,MIO_IMP_VAL,SITC9,WORLD,RO	57.2 	53.8 	60.1 	123.3 	120.1 	0.0 	0.0 	0.0 	0.0 	0.1 	0.8 	1.8 	2.3 	4.1 	3.3 	2.8 	2.7 	3.3 	3.8 	7.4 	0.0 	34.5 	89.4 	109.3 
A,MIO_IMP_VAL,SITC9,WORLD,SE	2095.3 	1829.0 	16.7 	15.7 	40.6 	87.7 	90.6 	88.2 	62.1 	84.3 	93.8 	82.4 	80.9 	80.7 	118.3 	94.0 	91.4 	84.1 	244.7 	124.9 	91.0 	174.3 	67.2 	119.6 
A,MIO_IMP_VAL,SITC9,WORLD,SI	11.4 	7.7 	10.3 	6.2 	9.2 	22.6 	48.6 	26.7 	58.7 	104.8 	71.0 	41.7 	23.8 	42.3 	38.3 	46.5 	53.7 	33.2 	120.6 	218.1 	411.2 	185.3 	434.7 	1273.1 
A,MIO_IMP_VAL,SITC9,WORLD,SK	7.2 	2.9 	25.8 	60.4 	78.8 	86.8 	111.5 	140.0 	180.1 	197.6 	168.7 	216.7 	115.5 	154.3 	229.9 	256.8 	241.1 	258.5 	808.4 	218.9 	240.0 	153.6 	231.1 	266.6 
A,MIO_IMP_VAL,TOTAL,EU27_2020,AT	65355.0 	70639.3 	78668.2 	80671.1 	85550.2 	92811.5 	96537.5 	78946.1 	91823.5 	104293.0 	104139.7 	103688.7 	102887.9 	105563.4 	108546.2 	117745.3 	124276.1 	125719.6 	116065.9 	141852.8 	166629.0 	158193.6 	153085.8 	159719.0 
A,MIO_IMP_VAL,TOTAL,EU27_2020,BE	137233.1 	137220.3 	151484.2 	167324.0 	181725.7 	193234.4 	203674.4 	165479.0 	187463.9 	207155.5 	212373.7 	207953.1 	205119.4 	195359.6 	202310.5 	216337.1 	231039.5 	229745.3 	213661.8 	281324.8 	345683.4 	322276.1 	303432.9 	300695.1 
A,MIO_IMP_VAL,TOTAL,EU27_2020,BG	4645.7 	5335.6 	6368.3 	7520.3 	9120.7 	12499.5 	13954.7 	9923.8 	10988.8 	13561.8 	14594.8 	15041.1 	15668.0 	16471.4 	16778.4 	18855.5 	19912.4 	20583.5 	18704.4 	23690.0 	30479.8 	29700.1 	29574.7 	30782.3 
A,MIO_IMP_VAL,TOTAL,EU27_2020,CY	1915.4 	1858.9 	2678.3 	3064.1 	3303.5 	3740.6 	4289.5 	3573.5 	4022.7 	3765.6 	3512.0 	3039.5 	3503.2 	3486.9 	4296.5 	4445.7 	4672.3 	4826.9 	4427.2 	5704.9 	7036.8 	7517.8 	7466.7 	7884.1 
A,MIO_IMP_VAL,TOTAL,EU27_2020,CZ	29890.0 	31476.4 	43567.0 	48511.2 	57758.2 	66805.1 	71693.1 	56772.9 	69023.5 	78959.6 	80393.2 	80824.0 	86999.1 	95182.8 	98164.1 	108711.6 	116206.5 	118329.2 	109031.1 	132247.0 	162202.4 	156254.3 	154183.5 	162503.9 
A,MIO_IMP_VAL,TOTAL,EU27_2020,DE	307675.5 	321995.9 	343343.0 	364302.2 	419784.7 	455986.9 	472000.5 	398432.1 	466990.8 	529687.0 	529752.5 	534635.2 	554967.3 	581266.4 	593098.5 	640671.4 	681781.1 	695173.4 	647041.3 	757138.9 	917676.2 	884142.1 	853923.1 	888646.5 
A,MIO_IMP_VAL,TOTAL,EU27_2020,DK	35154.5 	33745.5 	35568.5 	39569.1 	45320.7 	48488.6 	49527.0 	38302.5 	40055.8 	44158.9 	46293.3 	47506.3 	48530.9 	50128.3 	51918.4 	54122.1 	57677.9 	58487.3 	59334.6 	69256.7 	81555.7 	75789.5 	75095.5 	81624.1 
A,MIO_IMP_VAL,TOTAL,EU27_2020,EE	3374.8 	3585.2 	4793.7 	6088.9 	7759.8 	8616.2 	8381.0 	5681.8 	7196.9 	9164.4 	10406.3 	10824.9 	10825.1 	10338.2 	10713.3 	11597.6 	11995.3 	12210.8 	11380.3 	14404.0 	19923.8 	17996.1 	17477.2 	18408.2 
A,MIO_IMP_VAL,TOTAL,EU27_2020,EL	21911.9 	23855.8 	26786.6 	26803.4 	29691.9 	33984.2 	34610.8 	28591.1 	25923.3 	23825.3 	21643.9 	21030.4 	22057.4 	21852.8 	22925.1 	25001.5 	27089.2 	28565.8 	27975.0 	33734.7 	41278.8 	42209.9 	44296.7 	45867.2 
A,MIO_IMP_VAL,TOTAL,EU27_2020,ES	109159.6 	115713.4 	127909.7 	135456.1 	148207.5 	164665.4 	156071.9 	120750.6 	133345.8 	141722.4 	131426.3 	131282.1 	142992.0 	156979.8 	161582.8 	173522.2 	181732.5 	181934.9 	161812.6 	194123.5 	237112.2 	241153.6 	245849.6 	257900.0 
A,MIO_IMP_VAL,TOTAL,EU27_2020,EU27_2020	1429120.9 	1483340.5 	1635134.7 	1756332.6 	1971518.6 	2171147.6 	2248876.1 	1818709.3 	2099688.5 	2331362.3 	2324833.4 	2330726.1 	2400864.2 	2507935.2 	2574802.7 	2796996.8 	2959709.1 	3011798.4 	2793378.8 	3377037.9 	4125128.1 	4015772.4 	3931214.9 	4055073.4 
A,MIO_IMP_VAL,TOTAL,EU27_2020,FI	23143.7 	23670.6 	25951.9 	29464.6 	32774.2 	35259.9 	36137.2 	27021.4 	31672.9 	35383.3 	35530.1 	36854.8 	37535.8 	37994.5 	38449.1 	43014.1 	44989.2 	45400.8 	42797.3 	50774.4 	60969.8 	54131.1 	53130.3 	54463.7 
A,MIO_IMP_VAL,TOTAL,EU27_2020,FR	213584.3 	223293.7 	237211.1 	249846.3 	270150.5 	294357.0 	308023.3 	260708.9 	292508.1 	322654.4 	325919.5 	323647.0 	324942.4 	332265.7 	335811.3 	357402.9 	369280.6 	372629.2 	336276.2 	399488.4 	481831.6 	471465.0 	442478.5 	439043.1 
A,MIO_IMP_VAL,TOTAL,EU27_2020,HR	7915.7 	8918.1 	9223.3 	9872.1 	11165.6 	11858.7 	12958.5 	9277.9 	8867.7 	9824.0 	9896.3 	10885.4 	12853.2 	14219.0 	15013.0 	16819.6 	18261.4 	19804.3 	18093.8 	21719.1 	29570.8 	30440.4 	33676.1 	35034.8 
A,MIO_IMP_VAL,TOTAL,EU27_2020,HU	24887.0 	26179.4 	32153.6 	36171.4 	42411.5 	46918.2 	49330.1 	37339.2 	44005.0 	49839.2 	50963.4 	52658.6 	57999.5 	61941.4 	64231.0 	70533.1 	74485.2 	77486.5 	71612.4 	86158.0 	106432.5 	99741.5 	98039.3 	99827.1 
A,MIO_IMP_VAL,TOTAL,EU27_2020,IE	13955.4 	13381.6 	14784.0 	16272.4 	18061.9 	19223.1 	18405.9 	13600.4 	14401.7 	15857.8 	16341.4 	17772.4 	20761.0 	24026.7 	27465.6 	31720.5 	34717.4 	34397.4 	33046.1 	38684.6 	48575.3 	54636.8 	55883.6 	59201.6 
A,MIO_IMP_VAL,TOTAL,EU27_2020,IT	151750.7 	154901.1 	166628.5 	172683.8 	191795.3 	204325.6 	198270.0 	162417.2 	192858.2 	206300.6 	193091.1 	190494.1 	193607.7 	206508.2 	212082.7 	230014.6 	239453.8 	241670.5 	217886.7 	272216.5 	338645.9 	335717.0 	326081.2 	335683.6 
A,MIO_IMP_VAL,TOTAL,EU27_2020,LT	4258.8 	4502.4 	6094.1 	7160.5 	9276.6 	11676.7 	11776.7 	7540.5 	9712.1 	12582.5 	13788.1 	15187.8 	15890.4 	16448.9 	16900.8 	19206.5 	20456.4 	21205.0 	20624.5 	25827.7 	33243.8 	31575.2 	28424.3 	29894.6 
A,MIO_IMP_VAL,TOTAL,EU27_2020,LU	10672.2 	10727.9 	12023.9 	12758.6 	14028.7 	14715.9 	16017.0 	12721.1 	14798.0 	16625.6 	16091.3 	15623.6 	15830.1 	14951.9 	15076.0 	16577.5 	17730.1 	18074.0 	16465.2 	19651.6 	23312.2 	22060.8 	22044.2 	21723.8 
A,MIO_IMP_VAL,TOTAL,EU27_2020,LV	3219.3 	3393.4 	4205.5 	5140.5 	6860.9 	8485.6 	8124.9 	5184.6 	6550.9 	8711.6 	10178.0 	10479.6 	10561.5 	10116.8 	10177.3 	11335.5 	12035.9 	12653.6 	12255.7 	15150.3 	21953.9 	20476.2 	18115.6 	19669.7 
A,MIO_IMP_VAL,TOTAL,EU27_2020,MT	1608.3 	1674.0 	1799.2 	1931.4 	2081.5 	2092.2 	2297.1 	2030.6 	2322.2 	2980.6 	3588.1 	2980.4 	2827.7 	3214.7 	2878.3 	2897.6 	3620.0 	3556.8 	3034.9 	3605.4 	4753.4 	4866.5 	5677.6 	5863.0 
A,MIO_IMP_VAL,TOTAL,EU27_2020,NL	109362.9 	111125.2 	120338.0 	127570.2 	141510.0 	155471.4 	167170.1 	136882.5 	157741.7 	173275.9 	177267.6 	176574.6 	176660.0 	188280.7 	188205.2 	207813.5 	219812.2 	229103.8 	217083.5 	264349.2 	330442.2 	320485.1 	320058.9 	326691.7 
A,MIO_IMP_VAL,TOTAL,EU27_2020,PL	38515.7 	39801.5 	51889.8 	59036.3 	70888.0 	85057.0 	98151.4 	74488.1 	91130.7 	101761.2 	100950.6 	103486.8 	112711.0 	120169.0 	125390.8 	142639.9 	153536.4 	157558.6 	154883.4 	192193.5 	231414.5 	231048.4 	238787.3 	252778.6 
A,MIO_IMP_VAL,TOTAL,EU27_2020,PT	31708.2 	31116.4 	32036.5 	37638.4 	41021.2 	43678.0 	45888.2 	38698.0 	42585.3 	41709.6 	38619.9 	39389.8 	42324.7 	44292.4 	46014.7 	51330.2 	55388.4 	58990.5 	50887.9 	61233.2 	76166.5 	78396.0 	79876.2 	85416.8 
A,MIO_IMP_VAL,TOTAL,EU27_2020,RO	12159.9 	13768.6 	16502.4 	19641.5 	24862.9 	35660.6 	38779.5 	27658.6 	32951.3 	38735.6 	38945.0 	40661.2 	42795.5 	47027.2 	50414.2 	55582.5 	60123.7 	62745.2 	59230.1 	71260.4 	89333.4 	89497.2 	90882.3 	93242.6 
A,MIO_IMP_VAL,TOTAL,EU27_2020,SE	44580.6 	47473.5 	52581.7 	57124.0 	64349.8 	71307.9 	72047.8 	53651.4 	69058.7 	79294.3 	77809.7 	76039.2 	76443.5 	80461.8 	84015.9 	90565.2 	93986.8 	93057.1 	88892.6 	105147.7 	122373.0 	120248.0 	117123.6 	120775.6 
A,MIO_IMP_VAL,TOTAL,EU27_2020,SI	9112.7 	9553.2 	11998.6 	13427.8 	15529.6 	17709.9 	18651.9 	14117.6 	16213.7 	18063.4 	17655.4 	17215.4 	17349.1 	18460.6 	19200.1 	21760.4 	23635.4 	24443.2 	21667.1 	27326.6 	34412.3 	32311.1 	32432.5 	34043.5 
A,MIO_IMP_VAL,TOTAL,EU27_2020,SK	12370.2 	14433.7 	18545.3 	21282.1 	26527.6 	32517.4 	36106.1 	28918.0 	35475.1 	41469.1 	43662.4 	44950.1 	46221.0 	50926.3 	53142.8 	56773.1 	61813.9 	63445.4 	59207.2 	68774.1 	82119.1 	83443.0 	84117.8 	87688.9 
A,MIO_IMP_VAL,TOTAL,EXT_EU27_2020,AT	17448.6 	17348.3 	17726.5 	21673.7 	23729.8 	26150.4 	28763.9 	23623.0 	28119.9 	33219.5 	34802.7 	34311.1 	34113.3 	35135.8 	33965.8 	37831.0 	39731.5 	39288.7 	34868.8 	43879.5 	55362.8 	51083.9 	42548.9 	43960.8 
A,MIO_IMP_VAL,TOTAL,EXT_EU27_2020,BE	72486.8 	70474.9 	78132.8 	88845.0 	98327.7 	107063.3 	113369.0 	88888.4 	107608.2 	128292.0 	129413.8 	132139.8 	136307.4 	143210.3 	140520.9 	146248.5 	154315.6 	153639.7 	133101.2 	164738.8 	248866.6 	200307.4 	182624.3 	177557.5 
A,MIO_IMP_VAL,TOTAL,EXT_EU27_2020,BG	3765.5 	4274.9 	5251.2 	4977.2 	6303.5 	9362.0 	11139.3 	6952.1 	8256.3 	9844.8 	10864.7 	10787.4 	10450.3 	9875.4 	9380.2 	11357.6 	12171.1 	13066.8 	11944.5 	15438.1 	24696.0 	19905.9 	21266.0 	22873.5 
A,MIO_IMP_VAL,TOTAL,EXT_EU27_2020,CY	1987.6 	1718.0 	1744.5 	2012.5 	2214.2 	2545.2 	2947.0 	2043.8 	2441.1 	2468.2 	2166.4 	1714.5 	2512.0 	2851.5 	2780.5 	3703.4 	4494.2 	3324.4 	3230.5 	3093.1 	4581.8 	5561.0 	5043.9 	5951.1 
A,MIO_IMP_VAL,TOTAL,EXT_EU27_2020,CZ	13105.3 	14251.7 	12681.5 	12988.6 	16461.8 	19418.1 	24878.8 	18541.1 	26512.5 	30325.7 	29672.4 	27796.9 	29203.5 	32298.5 	31104.1 	35771.1 	40251.1 	41628.9 	40533.5 	47083.1 	62982.6 	58274.5 	61291.5 	62399.6 
A,MIO_IMP_VAL,TOTAL,EXT_EU27_2020,DE	210812.8 	212491.5 	232058.3 	260304.1 	302327.4 	313792.5 	333729.1 	265711.2 	328674.8 	371799.6 	369105.0 	354780.5 	353607.3 	366360.3 	360662.5 	388945.7 	405650.2 	406979.9 	378449.5 	437236.7 	588297.0 	473281.7 	452692.2 	473274.7 
A,MIO_IMP_VAL,TOTAL,EXT_EU27_2020,DK	18060.6 	17022.4 	19224.4 	21182.6 	22779.7 	23037.7 	24828.6 	21299.5 	22591.9 	24564.6 	25160.4 	25792.5 	26439.8 	27045.0 	25373.7 	28123.5 	29260.4 	29220.9 	26672.4 	32554.5 	41227.8 	35489.5 	38439.6 	40005.5 
A,MIO_IMP_VAL,TOTAL,EXT_EU27_2020,EE	1704.6 	2130.5 	1909.4 	2140.7 	2951.6 	2822.9 	2515.5 	1588.2 	2071.4 	3378.2 	3670.3 	3077.7 	2951.4 	2758.5 	2801.6 	3173.1 	4222.1 	3892.0 	3760.3 	5585.9 	5524.9 	3142.1 	3257.8 	3995.1 
A,MIO_IMP_VAL,TOTAL,EXT_EU27_2020,EL	16553.8 	18619.7 	18361.9 	19633.9 	23882.4 	27874.7 	30918.6 	24547.1 	23725.1 	24062.9 	26322.8 	24792.6 	24637.8 	20358.6 	19391.9 	22354.4 	27030.7 	27160.9 	20978.8 	31632.2 	53274.0 	40878.5 	41305.0 	36586.3 
A,MIO_IMP_VAL,TOTAL,EXT_EU27_2020,ES	65443.7 	68694.6 	79768.5 	96668.1 	113576.8 	119392.4 	130033.0 	89471.4 	113328.1 	128827.9 	131134.8 	125171.4 	127180.6 	124242.3 	119474.1 	138129.0 	148903.3 	151023.7 	123402.8 	161318.4 	232738.3 	193449.0 	197186.8 	202165.4 
A,MIO_IMP_VAL,TOTAL,EXT_EU27_2020,EU27_2020	940865.9 	938330.2 	1023482.9 	1171392.7 	1342703.5 	1427744.2 	1554636.2 	1193316.7 	1471032.3 	1666126.6 	1702497.7 	1630762.5 	1625384.3 	1648094.6 	1602417.8 	1771944.2 	1910413.8 	1940369.2 	1715118.5 	2123271.3 	3008523.3 	2523861.7 	2454143.0 	2522606.2 
A,MIO_IMP_VAL,TOTAL,EXT_EU27_2020,FI	13042.8 	13911.8 	15404.2 	17770.9 	22478.5 	24356.1 	26265.1 	16633.2 	20226.5 	25151.4 	23987.2 	21551.8 	20233.6 	16493.1 	16546.5 	19446.3 	21587.8 	20446.8 	16960.0 	22093.4 	31499.6 	22717.5 	21713.7 	21103.7 
A,MIO_IMP_VAL,TOTAL,EXT_EU27_2020,FR	134620.2 	129287.8 	141392.2 	155365.8 	161451.4 	165957.8 	179327.1 	143388.9 	168433.2 	194607.4 	198998.8 	190241.9 	184288.7 	182347.4 	177288.3 	191223.5 	203295.4 	212053.3 	172223.2 	205766.2 	301022.3 	257538.6 	252388.3 	260955.5 
A,MIO_IMP_VAL,TOTAL,EXT_EU27_2020,HR	3411.4 	3619.9 	4131.1 	5077.4 	5939.0 	6974.3 	7858.7 	5940.2 	6269.3 	6457.1 	6318.1 	5695.9 	4301.3 	4344.6 	4778.2 	5156.6 	5625.4 	5349.5 	5383.8 	7511.2 	12929.7 	9740.9 	9723.4 	10740.1 
A,MIO_IMP_VAL,TOTAL,EXT_EU27_2020,HU	15039.9 	16083.9 	16514.6 	17322.8 	19919.1 	22812.0 	24738.5 	18410.9 	22509.2 	23752.5 	23115.0 	22720.9 	20978.8 	21006.0 	20598.0 	24624.3 	27775.4 	30240.3 	29804.0 	34767.4 	49661.7 	44394.3 	40763.7 	41787.0 
A,MIO_IMP_VAL,TOTAL,EXT_EU27_2020,IE	41457.8 	34254.6 	34909.8 	38839.7 	40171.4 	41938.5 	38682.0 	31355.1 	33305.6 	36602.7 	38521.9 	37521.4 	41071.1 	45424.2 	45913.4 	50873.4 	56692.5 	55930.8 	54154.6 	63241.0 	91600.9 	85085.8 	77257.0 	83568.8 
A,MIO_IMP_VAL,TOTAL,EXT_EU27_2020,IT	109475.2 	108110.8 	119005.9 	136608.2 	160669.4 	169014.2 	183780.2 	135191.4 	174531.6 	195127.1 	187201.4 	170508.1 	163331.2 	163976.2 	155543.0 	171472.6 	186591.9 	182565.7 	155541.7 	208220.8 	321564.2 	256221.8 	248238.6 	256767.8 
A,MIO_IMP_VAL,TOTAL,EXT_EU27_2020,LT	3699.7 	4023.5 	3864.1 	5337.2 	6152.8 	6135.9 	9367.4 	5582.5 	7941.0 	10243.1 	11090.9 	11019.9 	9999.1 	8950.6 	7836.5 	9309.6 	10486.2 	10744.1 	8502.6 	11863.0 	19298.5 	13272.2 	12946.7 	13563.2 
A,MIO_IMP_VAL,TOTAL,EXT_EU27_2020,LU	2706.3 	3562.2 	4091.9 	5396.0 	7582.1 	5735.7 	5846.6 	5439.4 	3915.3 	4107.0 	5136.9 	4454.2 	4268.1 	6064.3 	4686.0 	3696.6 	2732.9 	3583.6 	2039.2 	2495.0 	2348.2 	2261.3 	2043.5 	3374.2 
A,MIO_IMP_VAL,TOTAL,EXT_EU27_2020,LV	1059.5 	1233.6 	1498.7 	1850.2 	2330.6 	2694.2 	2850.4 	1849.5 	2267.9 	2990.9 	3230.7 	2971.8 	2978.7 	3049.2 	2853.3 	3520.8 	3867.6 	3690.2 	3596.7 	4968.4 	5513.5 	4137.4 	3802.0 	3834.0 
A,MIO_IMP_VAL,TOTAL,EXT_EU27_2020,MT	1190.3 	1179.0 	1127.7 	1057.0 	1348.7 	1411.3 	1306.5 	1179.7 	1496.2 	1539.8 	1547.1 	1647.9 	2304.4 	2228.0 	2932.8 	2413.8 	2114.3 	3037.4 	1987.1 	2432.5 	3379.4 	2893.9 	3052.2 	2747.0 
A,MIO_IMP_VAL,TOTAL,EXT_EU27_2020,NL	122515.8 	122878.0 	136651.2 	164868.0 	190468.7 	203971.2 	227810.1 	180835.4 	229091.9 	253711.1 	279555.9 	267440.9 	267028.6 	273516.4 	264558.2 	300559.1 	327014.5 	338786.4 	303680.3 	377127.5 	523477.4 	459678.9 	434650.8 	445998.4 
A,MIO_IMP_VAL,TOTAL,EXT_EU27_2020,PL	19964.5 	20552.3 	20219.0 	22660.3 	30250.4 	35854.8 	43815.1 	32666.5 	43175.0 	49529.8 	53983.5 	52831.9 	55655.3 	57013.1 	54894.6 	64180.6 	74259.9 	79432.3 	73768.1 	97430.8 	131126.4 	111254.0 	114465.3 	119874.8 
A,MIO_IMP_VAL,TOTAL,EXT_EU27_2020,PT	10758.1 	10609.2 	12137.6 	13740.8 	15273.4 	16248.5 	18305.6 	12680.5 	16062.1 	17841.9 	17754.2 	17623.0 	16707.4 	16052.4 	15409.3 	18358.4 	20050.8 	20986.6 	17257.7 	21912.6 	33395.0 	26752.4 	27367.2 	26229.9 
A,MIO_IMP_VAL,TOTAL,EXT_EU27_2020,RO	6721.0 	7432.8 	9778.4 	12927.0 	15883.0 	15644.5 	18368.5 	11288.9 	13898.4 	16207.2 	15699.2 	14666.9 	15760.1 	15951.9 	16949.0 	19985.1 	22705.1 	23509.4 	21251.5 	27074.5 	36743.5 	32534.9 	35248.7 	36020.0 
A,MIO_IMP_VAL,TOTAL,EXT_EU27_2020,SE	26226.2 	26377.7 	28158.6 	32657.2 	37232.7 	40495.3 	42517.5 	32293.5 	43293.7 	47879.5 	50175.8 	44892.1 	45689.0 	44345.2 	43446.6 	45910.4 	50502.3 	48949.2 	42286.5 	53221.4 	70694.6 	58443.3 	58157.5 	58333.1 
A,MIO_IMP_VAL,TOTAL,EXT_EU27_2020,SI	2461.4 	2685.7 	2277.9 	2918.7 	3697.0 	5328.5 	6527.7 	4935.2 	6505.9 	7462.0 	7278.2 	7913.2 	8202.0 	8426.7 	8397.4 	10156.8 	12167.9 	14875.6 	15246.5 	21454.7 	31943.3 	33970.0 	45614.9 	47965.5 
A,MIO_IMP_VAL,TOTAL,EXT_EU27_2020,SK	5146.5 	5500.9 	5461.1 	6568.8 	9300.3 	11712.0 	14146.5 	10979.9 	14780.2 	16132.5 	16589.4 	16696.2 	15183.7 	14769.4 	14331.6 	15418.8 	16913.6 	16962.0 	14493.0 	19130.6 	24773.3 	21590.9 	21053.4 	20973.6 
A,MIO_IMP_VAL,TOTAL,WORLD,AT	82803.6 	87987.5 	96394.7 	102344.8 	109280.0 	118961.9 	125301.4 	102569.1 	119943.5 	137512.5 	138942.4 	137999.8 	137001.2 	140699.2 	142511.9 	155576.3 	164007.6 	165008.3 	150934.7 	185732.3 	221991.8 	209277.5 	195634.7 	203679.8 
A,MIO_IMP_VAL,TOTAL,WORLD,BE	209719.8 	207695.2 	229617.0 	256169.0 	280053.4 	300297.7 	317043.4 	254367.4 	295072.1 	335447.4 	341787.5 	340092.9 	341426.8 	338569.8 	342831.4 	362585.6 	385355.1 	383385.0 	346763.0 	446063.5 	594550.0 	522583.5 	486057.3 	478252.7 
A,MIO_IMP_VAL,TOTAL,WORLD,BG	8411.2 	9610.5 	11619.5 	12497.5 	15424.2 	21861.5 	25093.9 	16875.9 	19245.1 	23406.5 	25459.5 	25828.5 	26118.3 	26346.8 	26158.7 	30213.2 	32083.5 	33650.3 	30648.8 	39128.1 	55175.8 	49605.9 	50840.7 	53655.8 
A,MIO_IMP_VAL,TOTAL,WORLD,CY	3902.9 	3576.9 	4422.8 	5076.6 	5517.7 	6285.8 	7236.6 	5617.3 	6463.7 	6233.9 	5678.4 	4754.0 	6015.1 	6338.4 	7077.1 	8149.1 	9166.4 	8151.3 	7657.7 	8797.9 	11618.6 	13078.8 	12510.6 	13835.1 
A,MIO_IMP_VAL,TOTAL,WORLD,CZ	42995.3 	45728.1 	56248.5 	61499.8 	74220.0 	86223.2 	96571.9 	75314.0 	95536.0 	109285.3 	110065.6 	108620.9 	116202.6 	127481.3 	129268.1 	144482.7 	156457.5 	159958.1 	149564.6 	179330.1 	225184.9 	214528.8 	215475.1 	224903.5 
A,MIO_IMP_VAL,TOTAL,WORLD,DE	518488.2 	534487.4 	575401.2 	624606.4 	722112.0 	769779.5 	805729.5 	664143.3 	795665.6 	901486.6 	898857.4 	889415.7 	908574.6 	947626.7 	953760.9 	1029617.1 	1087431.3 	1102153.3 	1025490.8 	1194375.6 	1505973.1 	1357423.8 	1306615.3 	1361921.2 
A,MIO_IMP_VAL,TOTAL,WORLD,DK	53215.1 	50767.8 	54792.8 	60751.7 	68100.4 	71526.3 	74355.6 	59602.1 	62647.8 	68723.6 	71453.7 	73298.8 	74970.7 	77173.2 	77292.1 	82245.6 	86938.3 	87708.2 	86007.0 	101811.2 	122783.5 	111278.9 	113535.1 	121629.6 
A,MIO_IMP_VAL,TOTAL,WORLD,EE	5079.4 	5715.7 	6703.2 	8229.6 	10711.4 	11439.1 	10896.4 	7269.9 	9268.3 	12542.6 	14076.6 	13902.7 	13776.5 	13096.7 	13514.8 	14770.7 	16217.4 	16102.8 	15140.6 	19989.9 	25448.7 	21138.2 	20735.0 	22403.3 
A,MIO_IMP_VAL,TOTAL,WORLD,EL	38465.7 	42475.5 	45148.5 	46437.3 	53574.3 	61858.9 	65529.4 	53138.2 	49648.4 	47888.2 	47966.7 	45823.0 	46695.2 	42211.4 	42317.0 	47355.9 	54119.8 	55726.7 	48953.8 	65366.9 	94552.7 	83088.3 	85601.6 	82453.5 
A,MIO_IMP_VAL,TOTAL,WORLD,ES	174603.3 	184408.0 	207678.2 	232124.2 	261784.2 	284057.8 	286104.9 	210222.0 	246673.9 	270550.3 	262561.1 	256453.4 	270172.6 	281222.1 	281056.8 	311651.2 	330635.8 	332958.5 	285215.4 	355442.0 	469850.5 	434602.6 	443036.3 	460065.4 
A,MIO_IMP_VAL,TOTAL,WORLD,FI	36186.5 	37582.4 	41356.1 	47235.6 	55252.6 	59616.0 	62402.4 	43654.6 	51899.4 	60534.7 	59517.3 	58406.6 	57769.4 	54487.6 	54995.6 	62460.4 	66577.0 	65847.6 	59757.3 	72867.8 	92469.4 	76848.7 	74844.0 	75567.4 
A,MIO_IMP_VAL,TOTAL,WORLD,FR	348204.5 	352581.5 	378603.3 	405212.1 	431601.9 	460314.8 	487350.4 	404097.8 	460941.2 	517261.8 	524918.3 	513888.9 	509231.0 	514613.1 	513099.6 	548626.4 	572576.0 	584682.5 	508499.3 	605254.5 	782853.9 	729003.6 	694866.7 	699998.7 
A,MIO_IMP_VAL,TOTAL,WORLD,HR	11327.0 	12538.0 	13354.4 	14949.5 	17104.7 	18833.0 	20817.1 	15218.1 	15137.0 	16281.1 	16214.4 	16581.3 	17154.5 	18563.6 	19791.2 	21976.2 	23886.7 	25153.9 	23477.6 	29230.3 	42500.5 	40181.3 	43399.6 	45775.0 
A,MIO_IMP_VAL,TOTAL,WORLD,HU	39926.9 	42263.3 	48668.2 	53494.3 	62330.6 	69730.2 	74068.7 	55750.2 	66514.2 	73591.7 	74078.3 	75379.4 	78978.3 	82947.3 	84828.9 	95157.4 	102260.6 	107726.7 	101416.5 	120925.5 	156094.3 	144135.8 	138803.0 	141614.1 
A,MIO_IMP_VAL,TOTAL,WORLD,IE	55413.2 	47636.2 	49693.8 	55112.2 	58233.3 	61161.6 	57087.9 	44955.5 	47707.3 	52460.5 	54863.4 	55293.7 	61832.1 	69450.9 	73379.0 	82593.9 	91409.9 	90328.2 	87200.7 	101925.6 	140176.2 	139722.6 	133140.6 	142770.4 
A,MIO_IMP_VAL,TOTAL,WORLD,IT	261225.9 	263011.9 	285634.4 	309292.0 	352464.7 	373339.8 	382050.2 	297608.7 	367389.8 	401427.7 	380292.5 	361002.2 	356938.8 	370484.4 	367625.8 	401487.2 	426045.7 	424236.2 	373428.3 	480437.4 	660210.0 	591938.8 	574319.7 	592451.4 
A,MIO_IMP_VAL,TOTAL,WORLD,LT	7958.4 	8525.8 	9958.2 	12497.7 	15429.4 	17812.6 	21144.1 	13123.0 	17653.1 	22825.6 	24879.0 	26207.7 	25889.4 	25399.5 	24737.3 	28516.2 	30942.6 	31949.1 	29127.1 	37690.7 	52542.3 	44847.4 	41370.9 	43457.8 
A,MIO_IMP_VAL,TOTAL,WORLD,LU	13378.5 	14290.2 	16115.8 	18154.6 	21610.8 	20451.6 	21863.6 	18160.4 	18713.3 	20732.6 	21228.2 	20077.8 	20098.1 	21016.1 	19761.9 	20274.2 	20463.0 	21657.6 	18504.3 	22146.7 	25660.4 	24322.1 	24087.7 	25097.9 
A,MIO_IMP_VAL,TOTAL,WORLD,LV	4278.8 	4627.0 	5704.2 	6990.7 	9191.5 	11179.8 	10975.4 	7034.1 	8818.8 	11702.5 	13408.7 	13451.4 	13540.2 	13166.0 	13030.5 	14856.3 	15903.4 	16343.8 	15852.4 	20118.7 	27467.4 	24613.6 	21917.7 	23503.7 
A,MIO_IMP_VAL,TOTAL,WORLD,MT	2798.6 	2853.1 	2926.8 	2988.5 	3430.3 	3503.5 	3603.6 	3210.2 	3818.4 	4520.5 	5135.2 	4628.3 	5132.1 	5442.7 	5811.1 	5311.4 	5734.3 	6594.3 	5022.0 	6037.8 	8132.8 	7760.4 	8729.8 	8610.0 
A,MIO_IMP_VAL,TOTAL,WORLD,NL	231878.7 	234003.2 	256989.2 	292438.2 	331978.7 	359442.7 	394980.2 	317717.9 	386833.6 	426987.1 	456823.6 	444015.5 	443688.6 	461797.1 	452763.5 	508372.6 	546826.7 	567890.2 	520763.7 	641476.7 	853919.7 	780164.1 	754709.8 	772690.1 
A,MIO_IMP_VAL,TOTAL,WORLD,PL	58480.2 	60353.8 	72108.8 	81696.7 	101138.4 	120911.8 	141966.5 	107154.6 	134305.7 	151291.0 	154934.1 	156318.7 	168366.4 	177182.0 	180285.4 	206820.5 	227796.4 	236990.9 	228651.5 	289624.3 	362540.9 	342302.4 	353252.6 	372653.4 
A,MIO_IMP_VAL,TOTAL,WORLD,PT	42466.3 	41725.5 	44174.1 	51379.2 	56294.6 	59926.5 	64193.9 	51378.5 	58647.4 	59551.4 	56374.1 	57012.8 	59032.1 	60344.8 	61424.0 	69688.6 	75439.2 	79977.1 	68145.6 	83145.7 	109561.5 	105148.4 	107243.4 	111646.7 
A,MIO_IMP_VAL,TOTAL,WORLD,RO	18880.8 	21201.4 	26280.7 	32568.5 	40745.8 	51305.1 	57148.0 	38947.6 	46849.7 	54942.8 	54644.2 	55328.1 	58555.6 	62979.2 	67363.1 	75567.5 	82828.8 	86254.5 	80481.6 	98334.9 	126077.0 	122032.1 	126131.0 	129262.6 
A,MIO_IMP_VAL,TOTAL,WORLD,SE	70806.8 	73851.2 	80740.3 	89781.2 	101582.6 	111803.2 	114565.2 	85944.9 	112352.4 	127173.8 	127985.5 	120931.3 	122132.4 	124807.1 	127462.6 	136475.7 	144489.0 	142006.3 	131179.2 	158369.1 	193067.6 	178691.3 	175281.1 	179108.7 
A,MIO_IMP_VAL,TOTAL,WORLD,SI	11574.1 	12238.9 	14276.5 	16346.5 	19226.6 	23038.4 	25179.7 	19052.8 	22719.6 	25525.5 	24933.6 	25128.7 	25551.1 	26887.4 	27597.5 	31917.2 	35803.3 	39318.8 	36913.6 	48781.3 	66355.6 	66281.1 	78047.4 	82009.0 
A,MIO_IMP_VAL,TOTAL,WORLD,SK	17516.8 	19934.6 	24006.4 	27850.9 	35827.9 	44229.5 	50252.6 	39898.0 	50255.3 	57601.7 	60251.8 	61646.3 	61404.6 	65695.7 	67474.4 	72191.9 	78727.4 	80407.4 	73700.2 	87904.7 	106892.4 	105034.0 	105171.3 	108662.5 
A,PC_EXP_PROD,SITC0_1,EU27_2020,AT	5.9 	6.4 	6.2 	6.6 	6.6 	6.7 	7.2 	8.4 	7.6 	7.6 	7.9 	7.9 	8.1 	8.1 	8.1 	7.9 	7.8 	8.1 	8.8 	8.3 	8.3 	9.0 	10.0 	10.3 
A,PC_EXP_PROD,SITC0_1,EU27_2020,BE	10.2 	10.1 	9.5 	9.1 	8.7 	8.7 	9.2 	10.9 	10.1 	10.1 	10.8 	10.8 	10.9 	11.3 	11.8 	11.6 	10.8 	11.1 	12.0 	9.9 	8.7 	11.1 	12.0 	12.8 
A,PC_EXP_PROD,SITC0_1,EU27_2020,BG	9.4 	8.0 	8.0 	8.3 	7.2 	7.9 	10.1 	15.0 	15.0 	13.3 	15.0 	14.4 	13.0 	12.3 	13.4 	12.9 	13.1 	12.9 	12.8 	11.5 	9.9 	11.1 	9.9 	11.6 
A,PC_EXP_PROD,SITC0_1,EU27_2020,CY	30.5 	35.9 	25.8 	12.2 	14.0 	16.6 	14.3 	17.9 	15.1 	14.1 	12.8 	15.6 	9.6 	8.3 	13.0 	15.2 	15.2 	14.4 	20.5 	21.5 	18.6 	20.3 	19.0 	18.4 
A,PC_EXP_PROD,SITC0_1,EU27_2020,CZ	3.2 	3.2 	3.2 	4.0 	3.7 	3.8 	4.2 	4.7 	4.1 	4.3 	4.8 	5.0 	5.0 	5.1 	5.0 	4.6 	4.3 	4.3 	4.9 	4.5 	4.7 	5.4 	5.7 	5.8 
A,PC_EXP_PROD,SITC0_1,EU27_2020,DE	5.8 	5.9 	5.8 	6.0 	5.8 	5.9 	6.4 	7.7 	7.1 	7.1 	7.5 	8.0 	7.9 	7.5 	7.5 	7.4 	7.0 	7.1 	7.6 	7.1 	7.2 	7.8 	8.3 	8.6 
A,PC_EXP_PROD,SITC0_1,EU27_2020,DK	19.1 	18.9 	18.1 	17.6 	17.9 	17.6 	17.7 	20.7 	20.2 	19.4 	20.0 	20.2 	19.9 	19.2 	20.2 	21.2 	19.6 	19.2 	19.1 	17.8 	17.7 	20.0 	19.5 	19.3 
A,PC_EXP_PROD,SITC0_1,EU27_2020,EE	6.5 	6.3 	7.0 	6.4 	6.7 	7.2 	8.0 	9.2 	8.1 	7.8 	9.2 	9.2 	9.6 	9.0 	8.6 	9.3 	9.2 	9.3 	9.4 	7.9 	8.2 	10.1 	11.5 	11.9 
A,PC_EXP_PROD,SITC0_1,EU27_2020,EL	23.6 	22.2 	21.0 	22.7 	19.5 	19.1 	20.8 	26.2 	24.8 	24.2 	24.3 	23.7 	23.9 	23.5 	25.8 	24.0 	21.9 	21.0 	23.2 	21.7 	17.3 	20.8 	23.7 	25.9 
A,PC_EXP_PROD,SITC0_1,EU27_2020,ES	15.5 	15.8 	14.9 	14.8 	14.3 	14.0 	15.0 	17.0 	16.0 	15.5 	16.6 	17.3 	16.9 	17.6 	17.3 	16.9 	16.5 	17.3 	19.0 	17.3 	15.6 	17.5 	18.2 	19.4 
A,PC_EXP_PROD,SITC0_1,EU27_2020,EU27_2020	8.9 	8.9 	8.6 	8.6 	8.2 	8.3 	8.8 	10.4 	9.7 	9.5 	10.0 	10.5 	10.3 	10.3 	10.4 	10.2 	9.8 	10.0 	10.7 	9.9 	9.5 	10.6 	11.3 	11.8 
A,PC_EXP_PROD,SITC0_1,EU27_2020,FI	1.8 	1.9 	2.0 	1.9 	1.8 	2.0 	2.2 	2.7 	2.5 	2.7 	2.7 	2.7 	2.8 	3.1 	3.1 	3.0 	2.9 	3.2 	3.8 	3.0 	3.4 	3.7 	4.1 	4.3 
A,PC_EXP_PROD,SITC0_1,EU27_2020,FR	11.2 	11.3 	11.0 	11.0 	10.5 	11.1 	11.8 	13.0 	12.2 	12.5 	12.7 	13.3 	12.8 	12.5 	12.2 	12.3 	11.9 	11.9 	13.3 	12.6 	12.5 	12.7 	13.7 	14.2 
A,PC_EXP_PROD,SITC0_1,EU27_2020,HR	6.2 	7.5 	4.8 	8.0 	9.2 	7.5 	6.6 	8.6 	7.3 	7.3 	8.6 	8.1 	9.0 	9.8 	11.8 	11.3 	11.2 	11.7 	13.5 	12.9 	12.5 	14.3 	13.8 	14.2 
A,PC_EXP_PROD,SITC0_1,EU27_2020,HU	5.9 	5.8 	5.7 	5.7 	5.3 	6.7 	7.2 	8.0 	7.7 	8.4 	9.2 	9.1 	8.1 	7.7 	7.3 	7.5 	7.0 	7.1 	7.7 	7.4 	7.3 	7.5 	8.1 	8.0 
A,PC_EXP_PROD,SITC0_1,EU27_2020,IE	5.1 	6.0 	5.9 	5.7 	6.6 	7.1 	6.5 	6.3 	7.3 	7.8 	7.2 	8.3 	8.7 	7.5 	7.8 	8.6 	7.6 	7.9 	6.7 	7.3 	7.3 	7.0 	6.9 	8.0 
A,PC_EXP_PROD,SITC0_1,EU27_2020,IT	7.1 	7.1 	7.0 	7.0 	6.7 	6.8 	7.4 	9.1 	8.8 	8.5 	8.8 	9.3 	9.1 	9.4 	9.5 	9.6 	9.3 	9.5 	10.6 	9.9 	9.6 	10.6 	11.4 	12.0 
A,PC_EXP_PROD,SITC0_1,EU27_2020,LT	10.1 	9.8 	11.5 	13.2 	13.1 	16.1 	14.0 	17.6 	16.4 	14.3 	14.6 	16.3 	17.1 	18.0 	19.8 	19.4 	17.9 	18.7 	20.3 	17.4 	15.8 	18.0 	18.2 	18.9 
A,PC_EXP_PROD,SITC0_1,EU27_2020,LU	7.0 	6.8 	5.8 	5.6 	4.7 	5.3 	5.4 	6.3 	8.1 	8.3 	8.6 	8.6 	9.1 	8.9 	9.1 	9.7 	10.3 	9.5 	11.3 	10.6 	11.0 	12.6 	13.6 	13.5 
A,PC_EXP_PROD,SITC0_1,EU27_2020,LV	7.6 	7.8 	8.2 	11.3 	11.9 	13.0 	13.3 	15.0 	14.5 	12.8 	15.6 	15.9 	13.5 	14.3 	15.4 	16.1 	15.5 	15.9 	15.2 	14.3 	15.6 	18.9 	19.3 	20.4 
A,PC_EXP_PROD,SITC0_1,EU27_2020,MT	1.1 	1.0 	1.4 	1.9 	1.1 	1.5 	3.2 	2.0 	1.5 	2.0 	1.9 	1.5 	2.3 	3.2 	2.3 	1.8 	1.3 	1.0 	1.2 	1.3 	1.2 	1.1 	1.2 	1.3 
A,PC_EXP_PROD,SITC0_1,EU27_2020,NL	14.7 	14.4 	13.8 	12.6 	11.7 	11.9 	11.9 	14.0 	12.6 	12.1 	11.9 	12.9 	12.8 	13.0 	13.8 	13.1 	12.4 	12.7 	13.2 	11.6 	10.3 	12.0 	13.4 	14.1 
A,PC_EXP_PROD,SITC0_1,EU27_2020,PL	6.2 	6.6 	7.5 	9.1 	9.0 	9.2 	9.7 	11.1 	10.4 	10.5 	11.8 	12.6 	12.4 	12.5 	12.3 	12.6 	12.5 	12.4 	12.9 	11.9 	12.6 	13.5 	14.3 	15.2 
A,PC_EXP_PROD,SITC0_1,EU27_2020,PT	6.9 	6.9 	7.0 	7.8 	7.7 	8.4 	9.9 	11.5 	10.3 	9.7 	10.0 	10.2 	10.7 	11.0 	11.1 	10.8 	10.5 	10.4 	11.7 	11.2 	10.6 	12.0 	12.2 	13.0 
A,PC_EXP_PROD,SITC0_1,EU27_2020,RO	2.8 	2.7 	2.5 	2.8 	2.6 	3.3 	4.2 	6.5 	6.5 	6.7 	7.3 	6.8 	7.4 	7.6 	6.5 	6.3 	6.2 	6.5 	7.0 	7.2 	7.0 	7.1 	7.3 	7.6 
A,PC_EXP_PROD,SITC0_1,EU27_2020,SE	3.4 	3.6 	3.8 	4.0 	4.1 	4.2 	4.7 	6.4 	6.3 	6.1 	6.4 	7.3 	7.6 	8.0 	8.9 	8.2 	8.2 	8.3 	8.7 	8.2 	8.6 	9.1 	8.9 	9.5 
A,PC_EXP_PROD,SITC0_1,EU27_2020,SI	1.9 	2.2 	1.9 	2.9 	3.8 	4.1 	4.2 	5.3 	5.2 	4.7 	6.2 	5.5 	4.7 	5.1 	5.2 	4.8 	5.0 	5.1 	5.7 	5.6 	5.6 	6.4 	6.5 	6.9 
A,PC_EXP_PROD,SITC0_1,EU27_2020,SK	3.3 	3.0 	3.5 	4.6 	4.6 	4.3 	4.0 	4.7 	4.4 	4.7 	5.0 	4.6 	4.1 	4.1 	4.0 	3.9 	3.6 	3.8 	4.2 	4.1 	4.7 	5.0 	5.1 	5.1 
A,PC_EXP_PROD,SITC0_1,EXT_EU27_2020,AT	3.5 	4.2 	4.5 	4.8 	5.8 	5.3 	5.0 	5.6 	5.4 	5.5 	5.7 	5.6 	5.6 	5.7 	6.2 	6.2 	6.1 	6.4 	7.2 	6.4 	6.1 	5.4 	5.3 	5.3 
A,PC_EXP_PROD,SITC0_1,EXT_EU27_2020,BE	4.9 	5.1 	5.2 	5.3 	5.4 	5.7 	6.2 	6.0 	5.3 	5.1 	5.2 	5.4 	5.7 	6.1 	6.2 	6.4 	6.4 	6.6 	7.1 	6.9 	6.6 	7.8 	8.9 	9.6 
A,PC_EXP_PROD,SITC0_1,EXT_EU27_2020,BG	12.3 	9.9 	10.7 	9.8 	7.7 	6.7 	10.1 	10.4 	9.8 	8.7 	8.7 	12.8 	12.5 	13.2 	12.8 	9.4 	9.3 	12.6 	13.5 	15.0 	14.4 	18.3 	16.5 	15.1 
A,PC_EXP_PROD,SITC0_1,EXT_EU27_2020,CY	27.4 	30.7 	22.7 	20.4 	20.8 	25.2 	26.8 	24.4 	25.4 	22.9 	21.1 	20.8 	13.3 	10.7 	12.4 	11.5 	7.7 	14.2 	14.9 	10.4 	9.3 	8.5 	8.5 	8.4 
A,PC_EXP_PROD,SITC0_1,EXT_EU27_2020,CZ	2.9 	3.5 	3.1 	3.1 	2.4 	2.0 	2.1 	2.4 	2.0 	1.8 	2.1 	2.3 	2.2 	2.4 	2.4 	2.2 	2.1 	2.2 	2.3 	2.3 	2.5 	2.7 	2.5 	2.5 
A,PC_EXP_PROD,SITC0_1,EXT_EU27_2020,DE	2.4 	2.4 	2.2 	2.4 	2.4 	2.6 	2.9 	3.3 	3.0 	3.0 	3.1 	3.2 	3.2 	3.2 	3.3 	3.1 	2.9 	3.1 	3.5 	3.0 	3.1 	3.1 	3.3 	3.5 
A,PC_EXP_PROD,SITC0_1,EXT_EU27_2020,DK	19.4 	19.7 	19.3 	17.4 	16.8 	16.8 	16.1 	16.4 	17.5 	16.3 	15.6 	16.4 	16.7 	16.9 	17.1 	16.2 	16.0 	15.6 	16.9 	15.5 	14.6 	14.3 	14.3 	13.7 
A,PC_EXP_PROD,SITC0_1,EXT_EU27_2020,EE	11.8 	9.4 	7.3 	7.3 	6.4 	10.4 	9.0 	9.5 	9.7 	7.3 	7.9 	9.9 	9.1 	9.6 	8.2 	7.1 	4.3 	7.9 	8.1 	6.2 	8.4 	10.2 	11.5 	10.5 
A,PC_EXP_PROD,SITC0_1,EXT_EU27_2020,EL	19.7 	17.7 	15.9 	15.4 	15.5 	14.2 	12.6 	13.1 	11.8 	9.9 	9.2 	9.4 	9.9 	12.1 	13.2 	11.2 	10.2 	11.5 	15.3 	11.7 	11.1 	13.0 	13.9 	16.1 
A,PC_EXP_PROD,SITC0_1,EXT_EU27_2020,ES	10.9 	10.6 	10.0 	9.4 	9.1 	9.3 	9.3 	10.5 	10.3 	10.1 	10.4 	9.8 	10.4 	11.3 	12.4 	12.1 	12.2 	13.3 	16.5 	15.2 	13.9 	13.5 	14.1 	14.5 
A,PC_EXP_PROD,SITC0_1,EXT_EU27_2020,EU27_2020	6.5 	6.6 	6.1 	6.1 	6.1 	6.2 	6.4 	7.0 	6.8 	6.8 	6.9 	7.3 	7.4 	7.5 	7.7 	7.5 	7.3 	7.7 	8.6 	8.1 	7.9 	8.0 	8.1 	8.1 
A,PC_EXP_PROD,SITC0_1,EXT_EU27_2020,FI	2.0 	1.9 	1.6 	1.6 	1.7 	1.8 	1.9 	2.3 	2.3 	2.6 	2.7 	2.8 	2.6 	2.0 	2.0 	1.9 	1.5 	1.8 	2.2 	1.9 	1.8 	1.5 	1.6 	1.6 
A,PC_EXP_PROD,SITC0_1,EXT_EU27_2020,FR	8.9 	9.4 	8.6 	8.5 	9.2 	9.4 	9.7 	10.1 	10.7 	11.5 	11.2 	11.9 	11.6 	11.9 	11.7 	11.5 	11.4 	11.5 	13.5 	13.3 	13.4 	12.1 	11.7 	11.0 
A,PC_EXP_PROD,SITC0_1,EXT_EU27_2020,HR	18.9 	20.1 	15.6 	13.5 	14.2 	13.6 	13.3 	16.8 	15.6 	15.5 	16.0 	16.0 	16.3 	17.4 	16.7 	14.7 	17.5 	15.9 	16.9 	15.4 	14.5 	16.5 	14.0 	14.3 
A,PC_EXP_PROD,SITC0_1,EXT_EU27_2020,HU	10.4 	9.5 	7.2 	6.5 	6.1 	4.8 	5.0 	4.8 	4.9 	5.1 	5.5 	5.5 	6.5 	6.6 	6.9 	6.5 	6.0 	5.9 	6.7 	6.3 	5.5 	5.5 	6.2 	5.9 
A,PC_EXP_PROD,SITC0_1,EXT_EU27_2020,IE	8.8 	10.3 	10.4 	10.9 	12.2 	12.0 	11.6 	10.4 	10.2 	11.0 	12.2 	13.3 	13.3 	11.6 	10.8 	11.6 	9.9 	9.4 	9.3 	9.4 	8.8 	9.6 	8.3 	6.9 
A,PC_EXP_PROD,SITC0_1,EXT_EU27_2020,IT	5.3 	5.5 	5.2 	5.1 	5.1 	5.1 	5.4 	6.2 	5.9 	5.8 	5.9 	6.2 	6.5 	6.8 	7.1 	7.1 	7.1 	7.7 	8.8 	8.4 	7.8 	7.9 	8.6 	8.6 
A,PC_EXP_PROD,SITC0_1,EXT_EU27_2020,LT	8.8 	11.1 	9.6 	10.1 	13.7 	15.6 	15.9 	18.7 	16.9 	16.6 	19.1 	18.8 	17.9 	16.3 	14.5 	13.1 	13.3 	14.0 	17.0 	12.5 	14.4 	17.4 	17.2 	18.2 
A,PC_EXP_PROD,SITC0_1,EXT_EU27_2020,LU	2.5 	1.8 	0.8 	0.4 	0.4 	0.5 	0.5 	0.6 	0.6 	0.8 	0.9 	1.5 	2.4 	2.2 	1.8 	2.1 	2.6 	2.7 	2.6 	2.2 	2.2 	2.2 	2.6 	2.4 
A,PC_EXP_PROD,SITC0_1,EXT_EU27_2020,LV	13.4 	10.1 	9.5 	11.0 	12.4 	13.3 	18.7 	20.4 	19.4 	17.3 	22.8 	25.3 	26.2 	22.4 	22.4 	25.3 	24.0 	28.0 	30.3 	22.2 	24.0 	25.9 	25.9 	21.7 
A,PC_EXP_PROD,SITC0_1,EXT_EU27_2020,MT	7.7 	6.8 	7.7 	8.7 	9.3 	8.8 	8.6 	4.3 	7.0 	5.5 	7.6 	11.8 	15.2 	15.1 	13.6 	21.7 	26.2 	21.9 	22.4 	18.2 	22.9 	20.3 	18.1 	18.7 
A,PC_EXP_PROD,SITC0_1,EXT_EU27_2020,NL	14.1 	14.1 	12.8 	11.8 	11.3 	11.1 	11.2 	12.5 	11.9 	11.7 	11.3 	12.0 	12.7 	12.6 	12.8 	11.9 	11.4 	11.4 	12.5 	11.5 	11.5 	11.1 	11.4 	11.6 
A,PC_EXP_PROD,SITC0_1,EXT_EU27_2020,PL	11.7 	12.5 	10.4 	10.2 	9.5 	9.2 	8.7 	10.7 	10.8 	10.6 	11.7 	11.6 	12.5 	12.3 	12.9 	13.4 	13.2 	13.3 	15.3 	13.7 	14.1 	14.9 	14.8 	15.2 
A,PC_EXP_PROD,SITC0_1,EXT_EU27_2020,PT	7.9 	7.7 	7.6 	8.1 	8.6 	9.3 	9.3 	11.5 	10.9 	10.9 	10.5 	10.5 	11.6 	11.1 	11.4 	10.8 	10.7 	10.9 	12.4 	11.5 	10.6 	10.4 	10.7 	11.1 
A,PC_EXP_PROD,SITC0_1,EXT_EU27_2020,RO	2.8 	1.8 	1.8 	1.4 	1.9 	2.0 	5.7 	4.8 	5.8 	6.0 	7.7 	11.6 	10.8 	11.7 	13.1 	11.9 	10.9 	14.0 	16.6 	19.1 	18.1 	19.1 	15.9 	17.0 
A,PC_EXP_PROD,SITC0_1,EXT_EU27_2020,SE	2.7 	2.6 	2.5 	2.7 	2.6 	2.7 	2.8 	3.1 	2.9 	2.7 	3.3 	3.8 	4.1 	4.2 	4.3 	3.9 	3.8 	3.8 	4.3 	3.7 	3.4 	3.5 	3.7 	4.1 
A,PC_EXP_PROD,SITC0_1,EXT_EU27_2020,SI	8.5 	7.2 	4.9 	4.0 	3.6 	3.5 	4.4 	5.1 	5.1 	4.4 	4.4 	4.9 	5.2 	5.3 	5.3 	5.6 	5.5 	4.8 	4.2 	4.1 	2.9 	3.2 	1.8 	1.4 
A,PC_EXP_PROD,SITC0_1,EXT_EU27_2020,SK	3.0 	2.1 	1.8 	2.5 	2.1 	1.2 	1.0 	1.0 	0.9 	1.1 	1.2 	1.2 	1.2 	1.4 	1.4 	1.3 	1.0 	1.0 	1.2 	1.2 	1.2 	1.2 	1.3 	1.4 
A,PC_EXP_PROD,SITC0_1,WORLD,AT	5.2 	5.7 	5.7 	6.0 	6.3 	6.3 	6.5 	7.5 	6.9 	6.9 	7.1 	7.2 	7.2 	7.3 	7.5 	7.4 	7.2 	7.5 	8.3 	7.7 	7.6 	7.9 	8.5 	8.7 
A,PC_EXP_PROD,SITC0_1,WORLD,BE	8.4 	8.5 	8.2 	7.9 	7.6 	7.8 	8.3 	9.4 	8.5 	8.3 	8.7 	8.8 	8.9 	9.4 	9.7 	9.7 	9.3 	9.5 	10.3 	8.9 	8.0 	10.0 	11.0 	11.8 
A,PC_EXP_PROD,SITC0_1,WORLD,BG	10.6 	8.8 	9.1 	8.9 	7.4 	7.4 	10.1 	13.3 	12.9 	11.5 	12.3 	13.7 	12.8 	12.6 	13.2 	11.5 	11.7 	12.8 	13.0 	12.7 	11.5 	13.7 	12.2 	12.8 
A,PC_EXP_PROD,SITC0_1,WORLD,CY	28.7 	33.1 	24.1 	15.7 	17.0 	20.2 	19.4 	20.6 	19.4 	17.8 	16.9 	18.5 	11.7 	9.7 	12.6 	12.7 	9.6 	14.3 	16.8 	13.4 	11.7 	11.2 	11.1 	11.2 
A,PC_EXP_PROD,SITC0_1,WORLD,CZ	3.2 	3.3 	3.2 	3.8 	3.4 	3.5 	3.8 	4.2 	3.7 	3.8 	4.2 	4.4 	4.3 	4.5 	4.5 	4.1 	3.8 	3.9 	4.4 	4.1 	4.3 	4.9 	5.0 	5.1 
A,PC_EXP_PROD,SITC0_1,WORLD,DE	4.3 	4.4 	4.2 	4.5 	4.3 	4.5 	4.9 	5.7 	5.2 	5.2 	5.3 	5.6 	5.6 	5.4 	5.5 	5.3 	5.1 	5.2 	5.6 	5.2 	5.3 	5.7 	6.0 	6.3 
A,PC_EXP_PROD,SITC0_1,WORLD,DK	19.2 	19.2 	18.5 	17.5 	17.5 	17.3 	17.1 	19.0 	19.1 	18.0 	18.0 	18.5 	18.5 	18.1 	18.8 	18.9 	17.9 	17.5 	18.0 	16.7 	16.3 	17.5 	17.1 	16.7 
A,PC_EXP_PROD,SITC0_1,WORLD,EE	7.7 	7.0 	7.0 	6.6 	6.6 	8.3 	8.3 	9.3 	8.6 	7.6 	8.7 	9.4 	9.4 	9.2 	8.5 	8.6 	7.5 	8.9 	8.9 	7.3 	8.3 	10.1 	11.5 	11.5 
A,PC_EXP_PROD,SITC0_1,WORLD,EL	21.9 	20.4 	18.9 	19.6 	17.9 	17.1 	17.2 	20.0 	18.3 	16.8 	15.5 	15.6 	16.1 	17.8 	19.8 	17.6 	16.0 	16.4 	19.9 	17.0 	14.6 	17.4 	19.3 	21.7 
A,PC_EXP_PROD,SITC0_1,WORLD,ES	13.9 	14.1 	13.2 	12.9 	12.4 	12.3 	12.9 	14.6 	13.9 	13.3 	13.9 	14.0 	14.1 	14.9 	15.3 	14.9 	14.8 	15.7 	18.0 	16.5 	15.0 	16.0 	16.6 	17.5 
A,PC_EXP_PROD,SITC0_1,WORLD,FI	1.9 	1.9 	1.8 	1.8 	1.7 	1.9 	2.0 	2.5 	2.4 	2.7 	2.7 	2.8 	2.7 	2.6 	2.6 	2.6 	2.3 	2.5 	3.1 	2.5 	2.7 	2.7 	3.0 	3.1 
A,PC_EXP_PROD,SITC0_1,WORLD,FR	10.2 	10.5 	10.0 	9.9 	10.0 	10.4 	10.9 	11.7 	11.5 	12.1 	12.0 	12.6 	12.3 	12.2 	12.0 	11.9 	11.7 	11.7 	13.4 	12.9 	12.9 	12.4 	12.8 	12.7 
A,PC_EXP_PROD,SITC0_1,WORLD,HR	10.7 	11.7 	8.6 	10.1 	11.0 	10.0 	9.3 	12.0 	10.7 	10.7 	11.9 	11.3 	11.8 	12.5 	13.5 	12.6 	13.3 	13.2 	14.6 	13.7 	13.1 	15.0 	13.9 	14.2 
A,PC_EXP_PROD,SITC0_1,WORLD,HU	6.8 	6.5 	6.0 	5.9 	5.5 	6.3 	6.7 	7.2 	6.9 	7.5 	8.2 	8.1 	7.7 	7.5 	7.2 	7.3 	6.8 	6.9 	7.5 	7.2 	6.9 	7.1 	7.7 	7.5 
A,PC_EXP_PROD,SITC0_1,WORLD,IE	7.3 	8.4 	8.4 	8.5 	9.7 	9.8 	9.4 	8.6 	9.0 	9.6 	10.1 	11.2 	11.5 	10.0 	9.6 	10.4 	9.0 	8.9 	8.2 	8.6 	8.2 	8.5 	7.7 	7.3 
A,PC_EXP_PROD,SITC0_1,WORLD,IT	6.3 	6.4 	6.2 	6.2 	6.0 	6.0 	6.5 	7.7 	7.4 	7.2 	7.3 	7.7 	7.8 	8.1 	8.3 	8.4 	8.2 	8.6 	9.8 	9.2 	8.7 	9.3 	10.0 	10.3 
A,PC_EXP_PROD,SITC0_1,WORLD,LT	9.5 	10.4 	10.8 	12.0 	13.3 	15.9 	14.8 	18.0 	16.6 	15.3 	16.7 	17.5 	17.5 	17.3 	17.5 	16.5 	15.8 	16.5 	18.8 	15.3 	15.2 	17.7 	17.9 	18.7 
A,PC_EXP_PROD,SITC0_1,WORLD,LU	6.1 	5.8 	4.9 	4.6 	3.9 	4.4 	4.5 	5.1 	6.1 	6.3 	6.5 	7.1 	7.7 	7.5 	7.6 	8.2 	8.8 	8.1 	9.6 	9.0 	9.3 	10.5 	11.5 	11.6 
A,PC_EXP_PROD,SITC0_1,WORLD,LV	9.7 	8.6 	8.7 	11.2 	12.1 	13.1 	15.2 	16.9 	16.2 	14.4 	18.4 	19.4 	18.0 	17.2 	17.9 	19.5 	18.7 	20.5 	20.9 	17.2 	18.5 	21.4 	21.3 	20.8 
A,PC_EXP_PROD,SITC0_1,WORLD,MT	5.3 	4.6 	5.3 	5.9 	5.8 	6.2 	6.8 	3.5 	5.0 	4.2 	5.6 	7.6 	9.3 	10.3 	9.2 	11.1 	13.0 	10.3 	11.7 	10.1 	12.5 	10.1 	9.7 	9.7 
A,PC_EXP_PROD,SITC0_1,WORLD,NL	14.5 	14.3 	13.5 	12.3 	11.6 	11.6 	11.7 	13.5 	12.4 	12.0 	11.7 	12.6 	12.8 	12.9 	13.5 	12.7 	12.1 	12.2 	13.0 	11.6 	10.7 	11.7 	12.8 	13.4 
A,PC_EXP_PROD,SITC0_1,WORLD,PL	7.5 	7.9 	8.2 	9.4 	9.2 	9.2 	9.4 	11.0 	10.5 	10.5 	11.8 	12.3 	12.4 	12.5 	12.4 	12.8 	12.7 	12.7 	13.6 	12.3 	12.9 	13.9 	14.4 	15.2 
A,PC_EXP_PROD,SITC0_1,WORLD,PT	7.2 	7.1 	7.1 	7.9 	7.9 	8.6 	9.7 	11.5 	10.5 	10.1 	10.2 	10.3 	11.0 	11.0 	11.2 	10.8 	10.6 	10.5 	11.9 	11.3 	10.6 	11.5 	11.8 	12.4 
A,PC_EXP_PROD,SITC0_1,WORLD,RO	2.8 	2.4 	2.3 	2.3 	2.4 	2.9 	4.7 	6.0 	6.3 	6.4 	7.4 	8.5 	8.5 	8.8 	8.4 	7.9 	7.5 	8.5 	9.5 	10.4 	10.1 	10.4 	9.8 	10.3 
A,PC_EXP_PROD,SITC0_1,WORLD,SE	3.1 	3.1 	3.2 	3.4 	3.4 	3.5 	3.8 	4.8 	4.6 	4.3 	4.8 	5.6 	5.9 	6.2 	6.7 	6.2 	6.2 	6.2 	6.6 	6.1 	6.2 	6.6 	6.5 	7.0 
A,PC_EXP_PROD,SITC0_1,WORLD,SI	3.5 	3.4 	2.7 	3.2 	3.7 	3.9 	4.3 	5.3 	5.2 	4.6 	5.7 	5.4 	4.8 	5.1 	5.3 	5.0 	5.2 	5.0 	5.2 	5.1 	4.6 	5.1 	4.4 	4.1 
A,PC_EXP_PROD,SITC0_1,WORLD,SK	3.2 	2.9 	3.3 	4.3 	4.2 	3.7 	3.5 	4.0 	3.8 	4.1 	4.3 	3.9 	3.5 	3.5 	3.5 	3.4 	3.1 	3.3 	3.6 	3.5 	4.0 	4.1 	4.3 	4.3 
A,PC_EXP_PROD,SITC2_4,EU27_2020,AT	3.5 	3.5 	3.5 	3.4 	3.6 	3.8 	3.6 	3.7 	3.9 	3.9 	3.7 	3.7 	3.5 	3.4 	3.6 	3.5 	3.6 	3.4 	3.4 	4.0 	3.8 	3.0 	3.2 	3.4 
A,PC_EXP_PROD,SITC2_4,EU27_2020,BE	2.7 	2.8 	3.0 	2.9 	3.2 	3.1 	3.1 	2.8 	3.2 	3.4 	3.5 	3.5 	3.3 	3.1 	3.1 	3.1 	3.1 	2.9 	3.0 	3.0 	2.8 	3.0 	3.0 	3.2 
A,PC_EXP_PROD,SITC2_4,EU27_2020,BG	6.3 	5.2 	4.7 	5.4 	6.3 	6.1 	5.8 	7.3 	9.4 	10.5 	8.2 	8.9 	8.5 	7.7 	8.0 	7.6 	7.6 	7.6 	8.0 	9.1 	9.1 	7.3 	6.0 	7.4 
A,PC_EXP_PROD,SITC2_4,EU27_2020,CY	7.4 	7.4 	5.0 	2.7 	4.8 	6.1 	5.8 	4.6 	6.1 	7.0 	8.6 	7.0 	3.3 	2.6 	2.8 	3.9 	4.2 	3.4 	4.5 	6.7 	7.0 	5.9 	5.3 	4.7 
A,PC_EXP_PROD,SITC2_4,EU27_2020,CZ	3.2 	3.1 	2.9 	2.8 	2.9 	3.0 	3.1 	3.2 	3.6 	3.4 	3.5 	3.4 	3.0 	2.8 	2.6 	2.6 	2.5 	2.4 	2.4 	3.1 	2.9 	2.2 	2.2 	2.2 
A,PC_EXP_PROD,SITC2_4,EU27_2020,DE	2.1 	2.0 	2.2 	2.3 	2.5 	2.7 	2.7 	2.3 	2.9 	3.1 	3.1 	2.9 	2.8 	2.6 	2.5 	2.5 	2.4 	2.3 	2.5 	2.9 	2.8 	2.5 	2.5 	2.4 
A,PC_EXP_PROD,SITC2_4,EU27_2020,DK	3.6 	4.0 	3.8 	3.6 	4.2 	4.1 	3.9 	3.8 	4.3 	4.6 	4.2 	3.9 	4.2 	3.9 	4.2 	4.4 	4.3 	4.2 	4.5 	4.9 	4.2 	3.9 	3.8 	3.7 
A,PC_EXP_PROD,SITC2_4,EU27_2020,EE	10.6 	10.4 	8.7 	8.5 	9.1 	9.4 	9.1 	8.5 	10.1 	8.9 	8.4 	8.6 	8.5 	8.1 	8.4 	9.2 	10.1 	9.4 	9.2 	9.6 	9.1 	8.9 	9.2 	8.7 
A,PC_EXP_PROD,SITC2_4,EU27_2020,EL	7.8 	8.5 	6.2 	8.6 	8.7 	7.2 	5.6 	5.6 	5.6 	5.6 	6.5 	7.2 	4.9 	7.6 	6.9 	6.1 	6.2 	4.2 	4.9 	5.5 	5.1 	6.3 	5.5 	5.6 
A,PC_EXP_PROD,SITC2_4,EU27_2020,ES	3.5 	3.1 	3.2 	3.2 	3.2 	3.4 	3.6 	3.4 	3.8 	4.3 	4.3 	4.3 	4.4 	3.8 	3.6 	4.3 	4.0 	3.8 	3.7 	4.0 	3.9 	3.6 	4.0 	3.9 
A,PC_EXP_PROD,SITC2_4,EU27_2020,EU27_2020	3.2 	3.2 	3.3 	3.3 	3.5 	3.6 	3.6 	3.3 	3.9 	4.1 	4.0 	3.9 	3.8 	3.5 	3.4 	3.5 	3.5 	3.3 	3.4 	3.9 	3.7 	3.3 	3.3 	3.3 
A,PC_EXP_PROD,SITC2_4,EU27_2020,FI	6.9 	7.2 	6.8 	6.4 	6.4 	6.0 	4.9 	4.3 	6.4 	6.2 	6.1 	6.9 	6.9 	6.9 	7.1 	7.0 	7.9 	7.1 	6.9 	8.6 	8.2 	7.0 	7.6 	7.4 
A,PC_EXP_PROD,SITC2_4,EU27_2020,FR	2.5 	2.6 	2.9 	3.0 	3.3 	3.4 	3.6 	2.9 	3.8 	4.3 	3.9 	3.7 	3.6 	3.3 	3.3 	3.5 	3.4 	3.2 	3.4 	4.2 	4.1 	3.4 	3.6 	3.6 
A,PC_EXP_PROD,SITC2_4,EU27_2020,HR	8.2 	7.7 	7.7 	7.7 	7.8 	8.9 	7.9 	7.9 	8.8 	9.8 	9.8 	10.5 	9.2 	8.4 	8.7 	8.7 	8.6 	8.2 	7.9 	8.3 	7.7 	6.6 	6.7 	6.6 
A,PC_EXP_PROD,SITC2_4,EU27_2020,HU	2.1 	2.2 	2.4 	2.3 	2.2 	2.2 	2.7 	2.7 	2.9 	3.7 	4.0 	3.5 	3.0 	2.6 	2.5 	2.6 	2.5 	2.5 	2.5 	3.0 	3.1 	2.6 	2.5 	2.5 
A,PC_EXP_PROD,SITC2_4,EU27_2020,IE	1.0 	1.3 	1.2 	1.4 	2.2 	2.2 	1.9 	1.3 	2.0 	2.3 	2.4 	2.5 	2.4 	2.1 	1.7 	2.1 	1.8 	1.5 	1.0 	1.7 	1.3 	0.8 	0.7 	0.9 
A,PC_EXP_PROD,SITC2_4,EU27_2020,IT	1.4 	1.4 	1.7 	1.7 	1.7 	1.7 	1.7 	1.7 	1.9 	1.9 	2.0 	1.9 	1.8 	1.9 	1.9 	1.9 	1.8 	1.7 	1.8 	2.0 	2.0 	1.9 	2.0 	2.0 
A,PC_EXP_PROD,SITC2_4,EU27_2020,LT	7.4 	7.7 	6.4 	5.7 	5.5 	7.2 	5.5 	5.3 	6.2 	5.8 	6.7 	6.4 	6.4 	6.5 	5.7 	5.3 	5.7 	6.1 	7.1 	7.3 	6.9 	5.5 	5.4 	5.3 
A,PC_EXP_PROD,SITC2_4,EU27_2020,LU	1.9 	1.6 	1.7 	1.4 	1.4 	1.4 	1.5 	1.2 	1.3 	1.5 	1.7 	2.7 	2.1 	2.0 	2.3 	2.7 	2.4 	2.1 	2.7 	2.4 	2.1 	1.9 	1.6 	1.5 
A,PC_EXP_PROD,SITC2_4,EU27_2020,LV	21.2 	21.2 	19.0 	18.3 	18.3 	18.6 	16.5 	14.9 	17.4 	16.1 	14.7 	14.1 	12.7 	11.8 	11.4 	11.9 	12.8 	13.5 	13.3 	11.3 	12.6 	11.5 	12.1 	10.6 
A,PC_EXP_PROD,SITC2_4,EU27_2020,MT	0.5 	0.4 	0.7 	0.6 	0.7 	0.7 	0.6 	0.5 	0.6 	0.6 	0.7 	0.6 	0.6 	0.6 	0.3 	0.3 	0.2 	0.1 	0.1 	0.2 	0.6 	0.5 	0.3 	0.3 
A,PC_EXP_PROD,SITC2_4,EU27_2020,NL	6.1 	6.1 	6.6 	6.1 	6.0 	6.2 	6.2 	6.0 	6.4 	6.6 	6.2 	6.1 	5.9 	5.8 	5.7 	5.8 	5.4 	5.4 	5.7 	5.8 	5.0 	4.8 	4.9 	5.0 
A,PC_EXP_PROD,SITC2_4,EU27_2020,PL	2.7 	2.9 	2.9 	2.7 	2.9 	3.0 	2.8 	2.3 	2.8 	2.8 	2.8 	3.1 	2.9 	2.8 	2.5 	2.4 	2.5 	2.3 	2.2 	2.6 	2.7 	2.3 	2.2 	2.1 
A,PC_EXP_PROD,SITC2_4,EU27_2020,PT	4.2 	4.3 	4.6 	5.7 	6.5 	6.6 	6.2 	5.4 	6.9 	6.2 	6.0 	5.7 	5.3 	5.3 	5.0 	5.2 	5.7 	4.9 	5.0 	6.1 	6.2 	5.6 	6.6 	5.7 
A,PC_EXP_PROD,SITC2_4,EU27_2020,RO	3.1 	3.6 	3.5 	2.8 	3.7 	3.1 	4.5 	3.9 	4.6 	5.2 	4.2 	4.9 	4.0 	3.9 	3.9 	4.0 	3.7 	3.3 	3.2 	4.3 	5.0 	4.2 	3.5 	4.1 
A,PC_EXP_PROD,SITC2_4,EU27_2020,SE	6.9 	6.5 	6.3 	6.4 	6.5 	6.8 	6.8 	6.5 	7.6 	7.4 	7.3 	6.9 	6.9 	6.3 	6.0 	6.5 	6.8 	6.3 	6.5 	7.8 	6.9 	5.9 	6.1 	6.2 
A,PC_EXP_PROD,SITC2_4,EU27_2020,SI	2.2 	2.1 	2.4 	2.9 	3.3 	3.0 	3.0 	2.7 	4.0 	4.3 	4.2 	3.9 	4.1 	3.8 	3.8 	3.8 	3.7 	3.2 	3.0 	3.4 	3.4 	3.1 	3.2 	3.5 
A,PC_EXP_PROD,SITC2_4,EU27_2020,SK	3.3 	2.8 	3.3 	3.5 	2.9 	2.6 	3.1 	3.0 	3.4 	3.4 	3.8 	3.3 	2.6 	2.3 	2.1 	2.2 	2.3 	2.1 	2.3 	2.7 	3.0 	2.2 	2.2 	2.2 
A,PC_EXP_PROD,SITC2_4,EXT_EU27_2020,AT	2.5 	2.4 	2.3 	2.1 	1.9 	2.2 	2.2 	2.3 	2.3 	2.5 	2.2 	2.2 	2.1 	2.3 	2.6 	2.8 	2.8 	2.8 	2.6 	3.1 	2.6 	1.0 	1.3 	1.6 
A,PC_EXP_PROD,SITC2_4,EXT_EU27_2020,BE	1.7 	1.8 	1.9 	2.0 	2.2 	2.1 	2.3 	2.3 	2.5 	2.5 	2.4 	2.1 	2.1 	1.9 	2.0 	2.2 	2.3 	2.4 	2.7 	3.0 	2.6 	2.6 	2.4 	2.4 
A,PC_EXP_PROD,SITC2_4,EXT_EU27_2020,BG	6.2 	7.5 	8.6 	9.0 	9.4 	8.3 	8.7 	8.9 	9.5 	11.4 	11.4 	10.2 	8.1 	7.8 	7.4 	6.8 	7.6 	8.5 	10.2 	11.1 	10.0 	9.4 	9.1 	10.6 
A,PC_EXP_PROD,SITC2_4,EXT_EU27_2020,CY	5.6 	5.4 	3.6 	3.7 	5.0 	5.1 	5.0 	6.6 	8.0 	8.3 	6.9 	4.3 	2.4 	1.7 	1.8 	1.7 	1.1 	1.4 	1.7 	2.0 	1.9 	1.6 	1.6 	1.6 
A,PC_EXP_PROD,SITC2_4,EXT_EU27_2020,CZ	1.4 	1.7 	1.7 	1.9 	1.4 	1.3 	1.2 	1.5 	1.6 	1.5 	1.8 	1.7 	1.8 	1.7 	1.6 	1.7 	1.6 	1.9 	1.8 	2.1 	2.0 	1.5 	1.4 	1.4 
A,PC_EXP_PROD,SITC2_4,EXT_EU27_2020,DE	1.0 	0.9 	1.0 	1.2 	1.3 	1.4 	1.4 	1.3 	1.4 	1.4 	1.4 	1.3 	1.2 	1.1 	1.1 	1.1 	1.2 	1.2 	1.3 	1.6 	1.5 	1.2 	1.2 	1.4 
A,PC_EXP_PROD,SITC2_4,EXT_EU27_2020,DK	3.9 	4.2 	4.4 	4.1 	4.4 	3.8 	4.3 	4.1 	5.5 	5.7 	6.3 	7.1 	5.4 	6.2 	4.8 	5.0 	4.6 	4.1 	3.5 	3.9 	3.6 	3.7 	3.7 	2.8 
A,PC_EXP_PROD,SITC2_4,EXT_EU27_2020,EE	20.4 	20.1 	18.7 	15.0 	9.9 	10.9 	10.4 	7.7 	8.9 	6.7 	7.0 	8.5 	9.3 	10.5 	10.5 	11.7 	9.1 	8.7 	8.1 	10.0 	10.0 	10.8 	9.9 	9.7 
A,PC_EXP_PROD,SITC2_4,EXT_EU27_2020,EL	6.9 	8.6 	7.8 	7.2 	7.7 	5.1 	5.9 	6.8 	7.5 	5.5 	5.8 	5.7 	5.1 	6.0 	6.5 	6.9 	6.3 	7.2 	7.4 	7.9 	5.9 	5.7 	6.1 	5.9 
A,PC_EXP_PROD,SITC2_4,EXT_EU27_2020,ES	3.3 	3.3 	3.4 	3.7 	3.6 	3.5 	3.3 	3.7 	4.1 	4.0 	4.1 	3.6 	3.5 	3.8 	4.3 	4.7 	5.0 	4.8 	5.1 	5.7 	5.7 	5.0 	5.8 	5.7 
A,PC_EXP_PROD,SITC2_4,EXT_EU27_2020,EU27_2020	2.2 	2.2 	2.3 	2.3 	2.5 	2.5 	2.4 	2.5 	2.8 	2.8 	2.7 	2.6 	2.5 	2.4 	2.4 	2.6 	2.6 	2.6 	2.8 	3.3 	3.0 	2.6 	2.6 	2.6 
A,PC_EXP_PROD,SITC2_4,EXT_EU27_2020,FI	6.4 	6.2 	5.9 	5.2 	5.9 	5.9 	5.2 	5.6 	7.5 	8.4 	9.3 	10.6 	9.7 	11.5 	11.5 	12.7 	13.2 	12.3 	12.9 	16.3 	15.3 	14.1 	15.4 	14.9 
A,PC_EXP_PROD,SITC2_4,EXT_EU27_2020,FR	1.2 	1.1 	1.2 	1.2 	1.4 	1.4 	1.3 	1.4 	1.6 	1.8 	1.7 	1.7 	1.6 	1.5 	1.5 	1.6 	1.5 	1.5 	1.7 	1.8 	1.8 	1.7 	1.8 	1.7 
A,PC_EXP_PROD,SITC2_4,EXT_EU27_2020,HR	1.6 	2.2 	2.2 	2.7 	3.1 	3.3 	4.1 	4.2 	4.3 	5.6 	5.9 	5.4 	6.5 	7.0 	6.1 	6.8 	6.5 	6.7 	7.8 	8.9 	8.7 	7.0 	6.6 	6.4 
A,PC_EXP_PROD,SITC2_4,EXT_EU27_2020,HU	1.5 	1.5 	1.4 	1.4 	1.0 	0.9 	1.0 	1.0 	1.2 	1.5 	1.8 	2.0 	1.8 	1.6 	1.5 	1.6 	1.5 	1.7 	1.4 	1.5 	1.3 	1.1 	1.4 	1.3 
A,PC_EXP_PROD,SITC2_4,EXT_EU27_2020,IE	1.2 	1.4 	1.5 	1.6 	1.8 	1.6 	1.4 	1.1 	1.4 	1.8 	1.6 	1.7 	1.8 	1.3 	1.1 	1.2 	1.2 	0.9 	0.9 	1.2 	1.1 	1.0 	1.0 	0.8 
A,PC_EXP_PROD,SITC2_4,EXT_EU27_2020,IT	1.4 	1.4 	1.5 	1.6 	1.7 	1.5 	1.5 	1.7 	1.8 	1.8 	1.6 	1.6 	1.6 	1.6 	1.6 	1.7 	1.6 	1.5 	1.6 	1.8 	1.7 	1.6 	1.9 	1.7 
A,PC_EXP_PROD,SITC2_4,EXT_EU27_2020,LT	5.4 	4.5 	5.7 	5.2 	3.9 	3.7 	3.0 	2.8 	2.5 	3.3 	2.7 	3.1 	3.5 	4.3 	4.6 	5.2 	5.3 	5.0 	5.5 	7.2 	6.3 	5.0 	6.1 	5.8 
A,PC_EXP_PROD,SITC2_4,EXT_EU27_2020,LU	0.4 	0.4 	0.6 	0.8 	0.6 	0.7 	0.3 	0.1 	0.1 	0.2 	0.2 	1.1 	1.9 	1.1 	0.6 	0.3 	0.1 	0.2 	0.2 	0.2 	0.2 	0.1 	0.1 	0.1 
A,PC_EXP_PROD,SITC2_4,EXT_EU27_2020,LV	36.3 	41.0 	32.8 	26.8 	20.8 	19.0 	10.9 	11.9 	14.9 	14.2 	12.6 	13.9 	16.5 	17.7 	17.2 	14.9 	16.7 	14.7 	14.6 	24.6 	18.8 	15.2 	18.9 	17.6 
A,PC_EXP_PROD,SITC2_4,EXT_EU27_2020,MT	0.1 	0.2 	0.2 	0.1 	0.2 	0.5 	0.5 	0.5 	0.5 	0.7 	0.6 	0.5 	0.8 	0.7 	0.5 	0.8 	0.8 	0.6 	0.8 	1.8 	1.5 	1.3 	1.3 	1.1 
A,PC_EXP_PROD,SITC2_4,EXT_EU27_2020,NL	5.2 	5.2 	5.1 	5.2 	5.3 	5.2 	5.1 	5.5 	5.3 	5.5 	4.9 	4.4 	4.2 	4.1 	4.0 	4.0 	3.9 	3.8 	4.1 	4.8 	4.0 	4.0 	3.6 	3.6 
A,PC_EXP_PROD,SITC2_4,EXT_EU27_2020,PL	1.7 	1.7 	1.8 	1.6 	1.3 	1.2 	1.5 	1.4 	1.7 	1.8 	2.0 	2.2 	2.2 	2.0 	2.2 	2.2 	2.3 	2.7 	2.7 	2.8 	2.4 	2.2 	2.3 	2.1 
A,PC_EXP_PROD,SITC2_4,EXT_EU27_2020,PT	3.1 	2.6 	3.0 	3.9 	4.3 	4.2 	4.4 	5.2 	5.0 	5.7 	5.0 	5.2 	5.2 	5.4 	5.1 	5.4 	5.4 	6.1 	6.7 	6.9 	5.9 	6.7 	6.6 	6.3 
A,PC_EXP_PROD,SITC2_4,EXT_EU27_2020,RO	10.6 	12.3 	12.7 	9.5 	10.2 	10.7 	9.2 	11.2 	12.0 	11.4 	9.6 	9.1 	8.3 	6.2 	5.5 	5.5 	5.3 	5.4 	6.3 	7.7 	5.9 	5.3 	4.8 	5.9 
A,PC_EXP_PROD,SITC2_4,EXT_EU27_2020,SE	5.2 	4.8 	4.8 	5.0 	5.4 	5.7 	5.4 	6.0 	6.2 	6.2 	6.4 	6.7 	7.2 	6.3 	6.5 	7.1 	6.9 	7.3 	8.4 	10.0 	8.8 	7.6 	6.9 	7.7 
A,PC_EXP_PROD,SITC2_4,EXT_EU27_2020,SI	0.8 	0.7 	1.6 	3.1 	3.9 	4.0 	4.0 	5.4 	5.2 	5.0 	6.3 	6.1 	5.9 	6.3 	6.0 	5.1 	5.2 	4.4 	3.7 	3.2 	2.6 	2.3 	1.1 	0.9 
A,PC_EXP_PROD,SITC2_4,EXT_EU27_2020,SK	2.1 	1.5 	1.5 	1.4 	1.3 	1.1 	1.1 	0.9 	1.1 	1.0 	0.8 	0.7 	0.8 	0.9 	0.7 	0.8 	1.1 	1.0 	0.9 	1.0 	0.7 	0.6 	0.7 	0.8 
A,PC_EXP_PROD,SITC2_4,WORLD,AT	3.2 	3.2 	3.2 	3.0 	3.1 	3.3 	3.2 	3.2 	3.4 	3.4 	3.2 	3.2 	3.1 	3.0 	3.2 	3.2 	3.4 	3.2 	3.1 	3.7 	3.5 	2.4 	2.6 	2.8 
A,PC_EXP_PROD,SITC2_4,WORLD,BE	2.4 	2.5 	2.7 	2.6 	2.8 	2.8 	2.8 	2.6 	3.0 	3.1 	3.1 	2.9 	2.8 	2.7 	2.7 	2.7 	2.8 	2.7 	2.9 	3.0 	2.8 	2.9 	2.8 	3.0 
A,PC_EXP_PROD,SITC2_4,WORLD,BG	6.2 	6.1 	6.2 	6.9 	7.5 	7.0 	7.0 	7.9 	9.4 	10.8 	9.6 	9.4 	8.3 	7.8 	7.8 	7.3 	7.6 	8.0 	8.8 	9.8 	9.4 	8.1 	7.1 	8.6 
A,PC_EXP_PROD,SITC2_4,WORLD,CY	6.4 	6.4 	4.2 	3.1 	4.9 	5.7 	5.5 	5.5 	6.9 	7.5 	7.8 	5.5 	2.8 	2.0 	2.2 	2.4 	1.9 	2.2 	2.6 	3.3 	3.2 	2.6 	2.5 	2.4 
A,PC_EXP_PROD,SITC2_4,WORLD,CZ	2.9 	2.9 	2.7 	2.6 	2.7 	2.7 	2.7 	2.8 	3.2 	3.0 	3.1 	3.0 	2.8 	2.6 	2.4 	2.4 	2.3 	2.3 	2.3 	2.9 	2.7 	2.1 	2.1 	2.0 
A,PC_EXP_PROD,SITC2_4,WORLD,DE	1.6 	1.5 	1.7 	1.8 	2.0 	2.1 	2.1 	1.9 	2.2 	2.3 	2.2 	2.1 	2.0 	1.8 	1.8 	1.8 	1.8 	1.8 	1.9 	2.3 	2.2 	1.9 	1.9 	1.9 
A,PC_EXP_PROD,SITC2_4,WORLD,DK	3.7 	4.1 	4.0 	3.8 	4.3 	4.0 	4.1 	3.9 	4.8 	5.1 	5.2 	5.4 	4.8 	4.9 	4.4 	4.7 	4.4 	4.1 	4.0 	4.5 	3.9 	3.8 	3.8 	3.3 
A,PC_EXP_PROD,SITC2_4,WORLD,EE	12.8 	12.5 	11.0 	10.1 	9.4 	9.9 	9.5 	8.2 	9.7 	8.1 	7.9 	8.6 	8.7 	8.8 	9.0 	10.0 	9.8 	9.2 	8.8 	9.7 	9.4 	9.4 	9.4 	8.9 
A,PC_EXP_PROD,SITC2_4,WORLD,EL	7.4 	8.5 	6.9 	8.0 	8.3 	6.3 	5.8 	6.2 	6.5 	5.6 	6.1 	6.3 	5.0 	6.8 	6.7 	6.5 	6.2 	5.6 	6.0 	6.6 	5.4 	6.0 	5.7 	5.7 
A,PC_EXP_PROD,SITC2_4,WORLD,ES	3.5 	3.1 	3.3 	3.4 	3.4 	3.4 	3.5 	3.5 	3.9 	4.2 	4.2 	4.0 	4.0 	3.8 	3.8 	4.4 	4.4 	4.2 	4.2 	4.7 	4.6 	4.1 	4.7 	4.6 
A,PC_EXP_PROD,SITC2_4,WORLD,FI	6.6 	6.7 	6.3 	5.8 	6.2 	5.9 	5.0 	4.9 	6.9 	7.3 	7.7 	8.7 	8.3 	9.0 	9.1 	9.5 	10.3 	9.5 	9.6 	12.0 	11.3 	10.1 	10.9 	10.7 
A,PC_EXP_PROD,SITC2_4,WORLD,FR	1.9 	2.0 	2.2 	2.2 	2.5 	2.6 	2.6 	2.3 	2.8 	3.1 	2.9 	2.7 	2.7 	2.5 	2.4 	2.6 	2.5 	2.4 	2.6 	3.1 	3.1 	2.7 	2.8 	2.7 
A,PC_EXP_PROD,SITC2_4,WORLD,HR	5.8 	5.9 	5.8 	5.8 	6.1 	6.6 	6.3 	6.3 	7.0 	8.0 	8.1 	8.5 	8.2 	7.9 	7.8 	8.0 	7.9 	7.7 	7.9 	8.5 	8.0 	6.7 	6.7 	6.5 
A,PC_EXP_PROD,SITC2_4,WORLD,HU	2.0 	2.0 	2.2 	2.1 	1.9 	1.9 	2.3 	2.3 	2.5 	3.1 	3.4 	3.1 	2.7 	2.4 	2.3 	2.4 	2.3 	2.3 	2.2 	2.7 	2.7 	2.2 	2.2 	2.2 
A,PC_EXP_PROD,SITC2_4,WORLD,IE	1.1 	1.4 	1.4 	1.5 	2.0 	1.9 	1.6 	1.2 	1.7 	2.0 	1.9 	2.0 	2.0 	1.6 	1.4 	1.6 	1.4 	1.1 	1.0 	1.4 	1.2 	0.9 	0.9 	0.9 
A,PC_EXP_PROD,SITC2_4,WORLD,IT	1.4 	1.4 	1.6 	1.6 	1.7 	1.6 	1.6 	1.7 	1.8 	1.9 	1.8 	1.8 	1.7 	1.7 	1.8 	1.8 	1.7 	1.6 	1.7 	1.9 	1.9 	1.8 	2.0 	1.8 
A,PC_EXP_PROD,SITC2_4,WORLD,LT	6.5 	6.3 	6.1 	5.5 	4.9 	5.8 	4.4 	4.3 	4.6 	4.7 	4.8 	4.7 	5.0 	5.5 	5.2 	5.2 	5.6 	5.6 	6.4 	7.2 	6.7 	5.3 	5.6 	5.4 
A,PC_EXP_PROD,SITC2_4,WORLD,LU	1.6 	1.4 	1.5 	1.3 	1.2 	1.3 	1.3 	1.0 	1.0 	1.2 	1.3 	2.4 	2.0 	1.8 	1.9 	2.2 	2.0 	1.7 	2.2 	2.0 	1.7 	1.5 	1.3 	1.3 
A,PC_EXP_PROD,SITC2_4,WORLD,LV	26.8 	28.3 	23.9 	21.2 	19.2 	18.8 	14.6 	13.9 	16.5 	15.4 	13.9 	14.0 	14.1 	13.9 	13.5 	13.0 	14.3 	13.9 	13.8 	16.2 	14.7 	12.9 	14.2 	12.8 
A,PC_EXP_PROD,SITC2_4,WORLD,MT	0.3 	0.3 	0.4 	0.3 	0.4 	0.6 	0.6 	0.5 	0.5 	0.6 	0.6 	0.6 	0.7 	0.7 	0.4 	0.5 	0.5 	0.4 	0.4 	1.0 	1.1 	0.9 	0.8 	0.7 
A,PC_EXP_PROD,SITC2_4,WORLD,NL	5.8 	5.8 	6.1 	5.8 	5.8 	5.9 	5.9 	5.8 	6.1 	6.2 	5.8 	5.6 	5.3 	5.2 	5.1 	5.2 	4.9 	4.8 	5.1 	5.5 	4.7 	4.5 	4.5 	4.6 
A,PC_EXP_PROD,SITC2_4,WORLD,PL	2.5 	2.6 	2.7 	2.4 	2.5 	2.5 	2.4 	2.1 	2.5 	2.6 	2.6 	2.8 	2.7 	2.6 	2.4 	2.3 	2.4 	2.4 	2.4 	2.6 	2.6 	2.2 	2.2 	2.1 
A,PC_EXP_PROD,SITC2_4,WORLD,PT	3.9 	3.8 	4.1 	5.2 	5.9 	5.9 	5.7 	5.4 	6.4 	6.1 	5.6 	5.5 	5.2 	5.3 	5.0 	5.3 	5.6 	5.2 	5.5 	6.3 	6.1 	5.9 	6.6 	5.8 
A,PC_EXP_PROD,SITC2_4,WORLD,RO	5.5 	6.3 	6.4 	5.1 	5.9 	5.5 	6.0 	6.0 	6.9 	7.2 	6.0 	6.3 	5.4 	4.6 	4.4 	4.4 	4.1 	3.8 	4.0 	5.2 	5.2 	4.5 	3.8 	4.6 
A,PC_EXP_PROD,SITC2_4,WORLD,SE	6.1 	5.7 	5.6 	5.7 	6.0 	6.3 	6.1 	6.3 	6.9 	6.8 	6.8 	6.8 	7.1 	6.3 	6.2 	6.8 	6.8 	6.8 	7.4 	8.8 	7.8 	6.7 	6.5 	6.8 
A,PC_EXP_PROD,SITC2_4,WORLD,SI	1.8 	1.8 	2.2 	3.0 	3.5 	3.3 	3.3 	3.4 	4.3 	4.4 	4.8 	4.5 	4.5 	4.4 	4.4 	4.2 	4.1 	3.5 	3.2 	3.4 	3.1 	2.7 	2.3 	2.1 
A,PC_EXP_PROD,SITC2_4,WORLD,SK	3.2 	2.6 	3.0 	3.2 	2.6 	2.3 	2.7 	2.6 	3.0 	3.0 	3.2 	2.7 	2.2 	2.0 	1.8 	1.9 	2.0 	1.9 	2.0 	2.4 	2.5 	1.9 	1.9 	1.9 
A,PC_EXP_PROD,SITC3,EU27_2020,AT	2.5 	3.0 	4.1 	5.9 	3.0 	3.6 	4.5 	4.2 	4.2 	4.6 	4.7 	3.3 	3.0 	2.3 	2.1 	2.3 	2.6 	2.9 	2.5 	3.1 	4.5 	4.3 	3.7 	3.1 
A,PC_EXP_PROD,SITC3,EU27_2020,BE	4.6 	5.7 	6.3 	7.8 	8.5 	7.1 	9.6 	7.8 	9.4 	11.2 	12.2 	12.5 	11.0 	8.1 	6.8 	7.9 	8.9 	7.8 	5.8 	9.5 	19.7 	12.3 	10.5 	10.1 
A,PC_EXP_PROD,SITC3,EU27_2020,BG	5.6 	3.5 	3.0 	5.6 	6.8 	7.6 	7.5 	6.8 	5.8 	5.3 	6.6 	5.8 	4.7 	4.8 	3.8 	4.0 	5.1 	4.7 	2.8 	4.4 	5.7 	3.2 	7.3 	6.5 
A,PC_EXP_PROD,SITC3,EU27_2020,CY	0.5 	0.0 	10.0 	20.0 	25.9 	21.4 	26.7 	18.8 	19.1 	23.2 	28.4 	26.4 	15.9 	11.4 	14.2 	19.0 	15.5 	13.2 	7.8 	8.9 	18.5 	15.7 	15.7 	11.8 
A,PC_EXP_PROD,SITC3,EU27_2020,CZ	3.4 	3.4 	3.4 	3.7 	3.5 	3.3 	4.1 	4.2 	4.4 	4.4 	4.7 	3.8 	3.4 	3.6 	2.3 	2.1 	2.3 	2.1 	1.5 	2.6 	4.3 	2.3 	2.0 	2.3 
A,PC_EXP_PROD,SITC3,EU27_2020,DE	1.7 	2.0 	2.5 	2.8 	3.3 	2.9 	3.4 	2.8 	3.0 	3.7 	3.8 	4.0 	3.8 	3.6 	2.7 	2.8 	3.4 	3.7 	3.1 	3.1 	5.5 	3.2 	3.1 	2.8 
A,PC_EXP_PROD,SITC3,EU27_2020,DK	7.6 	9.5 	12.1 	14.2 	13.9 	13.1 	15.3 	10.7 	12.5 	11.8 	12.9 	12.6 	8.9 	8.4 	6.6 	7.3 	7.2 	7.1 	3.3 	7.0 	11.7 	6.6 	6.4 	6.7 
A,PC_EXP_PROD,SITC3,EU27_2020,EE	2.4 	2.4 	3.3 	3.9 	4.7 	5.3 	6.8 	9.8 	10.3 	11.3 	10.8 	9.6 	9.7 	7.5 	6.2 	7.0 	9.4 	10.0 	7.8 	14.7 	19.6 	10.3 	6.3 	5.5 
A,PC_EXP_PROD,SITC3,EU27_2020,EL	3.3 	2.8 	1.7 	2.8 	6.4 	7.7 	13.7 	11.0 	10.8 	11.3 	14.6 	17.9 	17.8 	14.8 	12.2 	13.9 	15.6 	16.6 	11.3 	12.2 	26.4 	21.4 	17.5 	14.6 
A,PC_EXP_PROD,SITC3,EU27_2020,ES	2.4 	2.7 	3.2 	3.6 	3.2 	2.6 	4.1 	2.8 	3.7 	3.8 	7.0 	6.2 	6.9 	5.2 	4.2 	5.8 	6.6 	5.9 	3.8 	4.9 	9.0 	7.3 	6.9 	5.7 
A,PC_EXP_PROD,SITC3,EU27_2020,EU27_2020	3.6 	3.9 	4.4 	5.7 	5.9 	5.3 	7.0 	5.6 	6.3 	7.4 	8.5 	8.1 	7.3 	5.6 	4.6 	5.1 	5.7 	5.5 	3.9 	5.5 	10.1 	7.1 	6.3 	5.6 
A,PC_EXP_PROD,SITC3,EU27_2020,FI	4.5 	5.0 	5.6 	6.2 	6.7 	7.3 	9.5 	8.4 	12.1 	14.6 	15.8 	17.3 	14.1 	9.7 	10.4 	10.5 	11.8 	12.5 	10.8 	9.7 	13.8 	13.3 	10.7 	12.7 
A,PC_EXP_PROD,SITC3,EU27_2020,FR	2.1 	2.3 	2.5 	3.9 	4.2 	3.8 	5.0 	3.7 	3.8 	4.9 	4.7 	4.3 	4.5 	3.4 	2.4 	3.1 	3.8 	3.6 	2.4 	3.7 	7.1 	6.2 	5.3 	4.3 
A,PC_EXP_PROD,SITC3,EU27_2020,HR	6.3 	5.9 	6.3 	8.1 	10.4 	7.0 	6.9 	10.0 	7.8 	7.4 	8.9 	12.4 	12.2 	9.5 	7.5 	6.7 	7.4 	6.2 	7.9 	10.4 	17.3 	9.6 	10.6 	9.2 
A,PC_EXP_PROD,SITC3,EU27_2020,HU	1.6 	1.7 	2.0 	2.9 	2.6 	2.8 	3.6 	2.7 	3.1 	3.9 	4.4 	3.6 	3.1 	2.1 	1.7 	2.4 	3.8 	2.7 	2.0 	3.2 	5.0 	2.2 	2.5 	2.9 
A,PC_EXP_PROD,SITC3,EU27_2020,IE	0.1 	0.0 	0.2 	0.2 	0.1 	0.1 	0.6 	0.3 	0.8 	1.0 	1.2 	0.2 	0.2 	0.2 	0.3 	0.6 	0.5 	0.3 	0.3 	0.3 	0.4 	0.4 	0.3 	0.4 
A,PC_EXP_PROD,SITC3,EU27_2020,IT	1.7 	2.1 	2.1 	2.8 	3.1 	3.4 	4.1 	3.2 	4.1 	4.2 	4.5 	3.2 	2.6 	2.3 	2.3 	2.7 	3.1 	3.2 	2.0 	2.8 	4.9 	3.7 	2.9 	2.5 
A,PC_EXP_PROD,SITC3,EU27_2020,LT	14.2 	11.9 	24.5 	26.7 	24.1 	14.3 	27.6 	23.2 	24.6 	30.6 	29.8 	26.1 	20.3 	16.3 	11.9 	13.0 	13.1 	12.3 	6.6 	8.7 	19.0 	15.4 	14.1 	13.2 
A,PC_EXP_PROD,SITC3,EU27_2020,LU	0.6 	0.4 	0.6 	0.6 	0.5 	0.7 	0.7 	0.9 	0.9 	0.9 	0.9 	0.9 	0.8 	0.4 	0.1 	0.1 	0.1 	0.1 	0.1 	0.2 	0.3 	0.2 	0.1 	0.1 
A,PC_EXP_PROD,SITC3,EU27_2020,LV	2.1 	1.8 	5.1 	10.0 	5.0 	3.7 	3.6 	6.1 	6.1 	8.5 	8.6 	10.2 	11.9 	9.9 	7.5 	6.9 	7.1 	6.0 	4.7 	9.1 	15.8 	9.3 	7.6 	7.6 
A,PC_EXP_PROD,SITC3,EU27_2020,MT	0.0 	0.6 	0.2 	0.2 	0.3 	2.2 	1.1 	9.8 	15.0 	27.0 	26.1 	26.7 	18.8 	18.2 	21.3 	27.9 	26.5 	21.1 	6.3 	11.4 	10.3 	10.1 	19.9 	15.6 
A,PC_EXP_PROD,SITC3,EU27_2020,NL	10.4 	10.7 	10.7 	13.7 	15.1 	13.8 	18.2 	14.4 	15.4 	18.4 	21.9 	21.1 	18.8 	13.9 	11.5 	12.0 	13.1 	12.6 	8.7 	12.5 	21.3 	17.3 	14.4 	12.8 
A,PC_EXP_PROD,SITC3,EU27_2020,PL	5.6 	5.0 	6.4 	6.1 	5.1 	4.5 	4.9 	3.5 	4.7 	5.5 	5.6 	5.2 	4.5 	3.6 	2.8 	2.8 	2.9 	2.5 	1.6 	2.3 	3.9 	3.1 	2.5 	1.9 
A,PC_EXP_PROD,SITC3,EU27_2020,PT	0.9 	1.1 	1.7 	2.6 	3.0 	2.1 	2.7 	2.7 	3.4 	4.3 	5.2 	7.9 	7.1 	6.3 	4.6 	5.4 	5.1 	4.6 	3.2 	4.1 	5.5 	3.9 	4.3 	3.0 
A,PC_EXP_PROD,SITC3,EU27_2020,RO	6.6 	4.4 	5.3 	7.7 	5.1 	4.1 	4.7 	3.0 	3.1 	2.5 	2.3 	2.5 	3.0 	2.6 	2.3 	2.6 	2.4 	2.2 	1.5 	2.5 	5.4 	3.7 	3.5 	3.4 
A,PC_EXP_PROD,SITC3,EU27_2020,SE	3.8 	3.8 	4.5 	6.7 	6.4 	5.6 	7.6 	6.5 	6.6 	7.6 	9.9 	9.6 	9.5 	7.0 	6.9 	7.8 	9.2 	7.6 	5.7 	8.1 	12.1 	9.3 	9.2 	7.9 
A,PC_EXP_PROD,SITC3,EU27_2020,SI	0.5 	1.2 	1.9 	2.2 	3.4 	2.3 	3.4 	3.4 	4.4 	6.2 	7.1 	7.3 	6.8 	5.7 	4.8 	5.1 	5.5 	5.8 	3.6 	4.7 	9.8 	7.3 	6.6 	5.8 
A,PC_EXP_PROD,SITC3,EU27_2020,SK	6.9 	6.1 	7.7 	7.9 	6.9 	5.6 	6.1 	5.5 	6.3 	7.4 	7.0 	6.7 	5.4 	4.2 	3.2 	3.8 	3.5 	3.3 	2.8 	3.7 	5.6 	4.1 	4.5 	4.1 
A,PC_EXP_PROD,SITC3,EXT_EU27_2020,AT	1.5 	0.8 	0.6 	0.9 	0.6 	0.5 	0.6 	0.6 	0.6 	0.7 	1.4 	1.3 	1.1 	1.1 	0.8 	0.9 	1.0 	0.8 	0.7 	0.8 	2.1 	2.2 	1.1 	1.2 
A,PC_EXP_PROD,SITC3,EXT_EU27_2020,BE	3.9 	4.6 	4.6 	5.1 	6.9 	6.9 	8.9 	6.9 	8.0 	10.1 	10.3 	13.3 	12.0 	8.9 	7.2 	9.2 	10.5 	9.0 	6.1 	9.1 	13.7 	11.7 	11.7 	8.4 
A,PC_EXP_PROD,SITC3,EXT_EU27_2020,BG	6.5 	9.4 	15.6 	17.9 	23.7 	25.2 	29.2 	23.7 	24.9 	26.9 	29.8 	27.7 	24.9 	19.7 	17.2 	18.1 	14.7 	17.4 	7.8 	8.0 	22.3 	15.7 	14.2 	8.7 
A,PC_EXP_PROD,SITC3,EXT_EU27_2020,CY	5.0 	5.5 	4.8 	11.9 	11.2 	10.0 	12.3 	9.6 	10.1 	13.4 	9.7 	8.1 	5.3 	14.9 	19.5 	23.3 	26.7 	26.6 	20.4 	22.4 	25.0 	38.3 	36.3 	63.8 
A,PC_EXP_PROD,SITC3,EXT_EU27_2020,CZ	0.8 	0.6 	0.5 	0.4 	0.5 	0.5 	0.6 	1.2 	1.2 	1.5 	1.1 	0.6 	0.6 	0.9 	0.8 	0.9 	1.1 	1.0 	0.5 	1.2 	0.6 	0.6 	0.5 	0.5 
A,PC_EXP_PROD,SITC3,EXT_EU27_2020,DE	1.1 	1.1 	1.2 	1.5 	1.7 	1.7 	1.7 	1.4 	1.2 	1.3 	2.0 	1.7 	1.5 	1.3 	1.1 	1.2 	1.3 	1.2 	0.8 	1.2 	2.0 	1.3 	1.4 	1.3 
A,PC_EXP_PROD,SITC3,EXT_EU27_2020,DK	3.8 	4.1 	2.9 	4.1 	7.0 	6.0 	6.6 	6.7 	5.6 	7.9 	9.0 	7.4 	6.0 	3.1 	2.2 	2.4 	3.3 	3.1 	2.2 	3.2 	4.7 	3.8 	3.3 	3.6 
A,PC_EXP_PROD,SITC3,EXT_EU27_2020,EE	2.0 	2.7 	7.6 	17.8 	35.8 	27.4 	23.1 	30.6 	26.0 	27.0 	21.6 	11.2 	13.2 	13.2 	11.5 	15.7 	25.3 	15.4 	17.1 	21.1 	21.6 	8.8 	12.0 	17.4 
A,PC_EXP_PROD,SITC3,EXT_EU27_2020,EL	13.4 	10.8 	14.1 	18.1 	22.4 	30.0 	31.6 	29.3 	40.5 	48.3 	55.8 	55.1 	54.2 	43.9 	43.3 	48.2 	52.4 	47.9 	36.1 	46.8 	51.9 	46.9 	44.9 	41.4 
A,PC_EXP_PROD,SITC3,EXT_EU27_2020,ES	4.0 	4.7 	5.8 	6.8 	8.6 	10.4 	13.0 	10.5 	11.3 	13.1 	14.1 	13.7 	14.0 	8.7 	6.8 	8.8 	9.8 	8.7 	5.8 	8.0 	11.1 	9.7 	8.7 	7.2 
A,PC_EXP_PROD,SITC3,EXT_EU27_2020,EU27_2020	2.4 	2.6 	2.9 	3.8 	4.8 	5.0 	6.1 	4.9 	5.4 	6.3 	7.3 	7.1 	6.3 	4.7 	4.1 	5.0 	5.5 	4.9 	3.3 	4.8 	7.0 	5.5 	5.1 	4.4 
A,PC_EXP_PROD,SITC3,EXT_EU27_2020,FI	2.2 	2.7 	2.8 	2.8 	4.0 	3.7 	4.5 	4.7 	4.2 	5.7 	7.5 	8.4 	8.3 	4.3 	5.2 	5.8 	5.9 	5.7 	3.4 	4.3 	6.6 	5.1 	3.8 	2.9 
A,PC_EXP_PROD,SITC3,EXT_EU27_2020,FR	2.3 	2.6 	2.9 	3.8 	4.0 	4.8 	6.2 	4.2 	4.1 	4.7 	5.0 	4.3 	3.7 	3.0 	2.5 	2.8 	3.3 	2.5 	1.7 	3.1 	4.0 	3.9 	3.4 	3.2 
A,PC_EXP_PROD,SITC3,EXT_EU27_2020,HR	14.8 	17.3 	20.6 	23.3 	23.0 	21.2 	21.0 	16.8 	19.4 	18.5 	20.0 	17.4 	16.5 	13.9 	12.9 	17.1 	17.1 	16.7 	11.3 	14.9 	24.7 	17.0 	18.8 	18.7 
A,PC_EXP_PROD,SITC3,EXT_EU27_2020,HU	1.3 	1.4 	1.5 	2.1 	1.9 	3.0 	4.1 	2.2 	2.1 	2.9 	3.1 	3.7 	4.4 	3.4 	2.6 	5.1 	6.6 	5.9 	4.6 	6.5 	7.6 	6.1 	5.9 	7.5 
A,PC_EXP_PROD,SITC3,EXT_EU27_2020,IE	0.6 	0.4 	0.7 	1.1 	1.1 	1.3 	1.3 	1.0 	1.2 	1.7 	2.6 	2.0 	2.1 	1.4 	0.9 	1.3 	1.1 	0.9 	0.7 	0.8 	1.4 	0.9 	0.6 	0.3 
A,PC_EXP_PROD,SITC3,EXT_EU27_2020,IT	1.9 	2.2 	2.8 	4.4 	4.5 	4.7 	6.1 	4.4 	5.7 	6.2 	7.4 	6.3 	5.3 	4.5 	3.2 	4.1 	4.4 	3.6 	2.5 	3.6 	5.6 	4.3 	4.0 	3.6 
A,PC_EXP_PROD,SITC3,EXT_EU27_2020,LT	26.6 	30.9 	25.8 	27.7 	23.1 	12.1 	21.1 	18.5 	22.0 	18.7 	18.7 	20.4 	15.2 	16.8 	16.8 	17.1 	17.5 	15.1 	7.9 	12.0 	14.3 	14.6 	15.1 	15.9 
A,PC_EXP_PROD,SITC3,EXT_EU27_2020,LU	0.0 	0.0 	0.0 	0.0 	0.0 	0.0 	0.0 	0.0 	0.0 	0.0 	0.0 	0.0 	0.0 	0.0 	0.0 	0.0 	0.0 	0.0 	0.0 	0.0 	0.0 	0.0 	0.0 	0.0 
A,PC_EXP_PROD,SITC3,EXT_EU27_2020,LV	0.6 	0.6 	4.8 	6.9 	5.3 	3.8 	3.4 	3.2 	3.5 	6.6 	5.7 	3.3 	2.0 	2.2 	1.8 	1.9 	1.8 	2.2 	1.8 	2.1 	4.3 	3.2 	5.9 	11.3 
A,PC_EXP_PROD,SITC3,EXT_EU27_2020,MT	0.1 	0.2 	0.0 	0.1 	0.5 	16.5 	21.4 	26.3 	28.8 	33.8 	29.9 	13.9 	0.3 	9.8 	0.1 	5.0 	2.6 	4.2 	0.0 	3.5 	0.0 	0.0 	0.3 	0.8 
A,PC_EXP_PROD,SITC3,EXT_EU27_2020,NL	4.9 	4.5 	5.2 	7.4 	11.1 	11.9 	13.3 	11.6 	13.5 	15.2 	17.5 	17.9 	14.6 	11.3 	11.4 	13.6 	14.1 	13.2 	9.0 	12.1 	15.7 	12.2 	10.6 	8.9 
A,PC_EXP_PROD,SITC3,EXT_EU27_2020,PL	3.1 	2.1 	2.7 	2.9 	2.9 	2.0 	2.7 	2.0 	2.6 	3.4 	3.4 	3.7 	3.3 	2.5 	1.6 	1.7 	1.8 	1.4 	1.2 	1.6 	3.8 	3.4 	3.3 	3.1 
A,PC_EXP_PROD,SITC3,EXT_EU27_2020,PT	4.5 	5.7 	6.1 	7.8 	11.1 	10.5 	11.8 	10.0 	13.4 	13.6 	14.2 	15.0 	10.8 	10.7 	10.0 	11.2 	11.2 	10.1 	8.2 	10.1 	15.9 	13.0 	13.9 	11.0 
A,PC_EXP_PROD,SITC3,EXT_EU27_2020,RO	10.7 	11.4 	10.1 	16.4 	19.7 	15.0 	18.2 	13.2 	10.1 	12.6 	12.9 	11.2 	13.1 	9.4 	7.7 	7.8 	9.5 	9.2 	5.6 	6.4 	15.0 	10.8 	9.6 	12.3 
A,PC_EXP_PROD,SITC3,EXT_EU27_2020,SE	2.1 	2.6 	3.7 	4.1 	5.3 	5.4 	8.3 	6.6 	8.4 	8.3 	10.2 	7.3 	8.0 	6.2 	5.0 	6.0 	6.5 	6.0 	3.9 	6.5 	9.4 	6.6 	5.8 	5.1 
A,PC_EXP_PROD,SITC3,EXT_EU27_2020,SI	2.8 	1.8 	0.8 	2.0 	0.8 	1.0 	1.1 	1.1 	1.3 	2.2 	1.2 	0.9 	1.9 	2.3 	2.6 	4.2 	3.7 	3.7 	2.9 	5.5 	7.2 	2.2 	2.1 	2.0 
A,PC_EXP_PROD,SITC3,EXT_EU27_2020,SK	0.4 	0.5 	0.4 	0.8 	0.6 	0.3 	0.4 	0.3 	0.8 	1.5 	1.3 	0.9 	0.8 	1.0 	0.6 	1.1 	0.7 	1.2 	1.1 	1.4 	3.5 	1.5 	2.2 	1.9 
A,PC_EXP_PROD,SITC3,WORLD,AT	2.2 	2.4 	3.1 	4.4 	2.3 	2.7 	3.4 	3.1 	3.1 	3.3 	3.6 	2.6 	2.4 	1.9 	1.7 	1.9 	2.1 	2.2 	1.9 	2.4 	3.8 	3.6 	2.9 	2.5 
A,PC_EXP_PROD,SITC3,WORLD,BE	4.3 	5.3 	5.7 	7.0 	8.0 	7.0 	9.3 	7.6 	8.9 	10.8 	11.5 	12.8 	11.4 	8.4 	6.9 	8.4 	9.4 	8.2 	5.9 	9.3 	17.8 	12.1 	10.9 	9.6 
A,PC_EXP_PROD,SITC3,WORLD,BG	6.0 	5.8 	8.0 	10.7 	13.6 	14.8 	16.4 	12.9 	13.5 	13.8 	16.6 	15.0 	12.7 	10.4 	8.7 	9.5 	8.4 	9.2 	4.5 	5.6 	11.5 	7.8 	9.7 	7.3 
A,PC_EXP_PROD,SITC3,WORLD,CY	3.1 	3.0 	7.1 	16.5 	19.3 	16.6 	20.8 	15.0 	15.3 	19.1 	19.3 	16.2 	9.9 	13.5 	17.5 	21.9 	23.8 	21.1 	16.1 	18.7 	23.3 	33.1 	31.2 	49.4 
A,PC_EXP_PROD,SITC3,WORLD,CZ	2.9 	2.9 	2.9 	3.1 	2.9 	2.7 	3.4 	3.6 	3.7 	3.8 	3.9 	3.1 	2.7 	3.0 	1.9 	1.8 	2.1 	1.8 	1.3 	2.3 	3.6 	2.0 	1.7 	1.9 
A,PC_EXP_PROD,SITC3,WORLD,DE	1.4 	1.6 	1.9 	2.2 	2.6 	2.4 	2.7 	2.2 	2.1 	2.6 	2.9 	2.8 	2.7 	2.4 	1.9 	2.0 	2.4 	2.5 	2.0 	2.2 	4.0 	2.3 	2.3 	2.1 
A,PC_EXP_PROD,SITC3,WORLD,DK	6.1 	7.5 	8.6 	10.4 	11.3 	10.5 	11.9 	9.1 	9.6 	10.1 	11.1 	10.2 	7.6 	6.0 	4.6 	5.0 	5.4 	5.2 	2.8 	5.2 	8.6 	5.3 	5.0 	5.3 
A,PC_EXP_PROD,SITC3,WORLD,EE	2.3 	2.4 	4.3 	7.4 	16.1 	12.5 	12.1 	16.5 	15.5 	16.9 	14.7 	10.1 	10.8 	9.1 	7.7 	9.6 	14.8 	11.7 	10.9 	16.8 	20.2 	9.9 	7.9 	8.4 
A,PC_EXP_PROD,SITC3,WORLD,EL	7.7 	6.1 	6.8 	9.4 	12.7 	16.9 	21.6 	19.6 	25.6 	30.5 	38.8 	38.9 	37.9 	29.3 	27.1 	31.1 	34.3 	31.5 	21.9 	28.2 	37.7 	32.3 	29.8 	26.1 
A,PC_EXP_PROD,SITC3,WORLD,ES	3.0 	3.4 	4.1 	4.7 	5.2 	5.5 	7.4 	5.6 	6.6 	7.5 	10.0 	9.5 	10.0 	6.7 	5.3 	7.0 	7.9 	7.0 	4.6 	6.1 	9.8 	8.2 	7.6 	6.3 
A,PC_EXP_PROD,SITC3,WORLD,FI	3.4 	3.9 	4.2 	4.5 	5.4 	5.5 	7.0 	6.5 	8.1 	10.3 	11.6 	12.8 	11.4 	7.2 	8.0 	8.4 	9.1 	9.4 	7.4 	7.4 	10.7 	9.8 	7.8 	8.5 
A,PC_EXP_PROD,SITC3,WORLD,FR	2.2 	2.4 	2.7 	3.9 	4.1 	4.2 	5.5 	3.9 	3.9 	4.8 	4.8 	4.3 	4.2 	3.2 	2.5 	3.0 	3.5 	3.1 	2.1 	3.4 	5.7 	5.2 	4.4 	3.8 
A,PC_EXP_PROD,SITC3,WORLD,HR	9.3 	9.6 	11.3 	13.9 	15.1 	12.9 	12.7 	12.8 	12.5 	12.1 	13.7 	14.4 	13.8 	11.1 	9.4 	10.6 	10.7 	9.7 	9.0 	11.9 	19.7 	12.0 	13.4 	12.4 
A,PC_EXP_PROD,SITC3,WORLD,HU	1.6 	1.6 	1.9 	2.7 	2.4 	2.9 	3.7 	2.6 	2.8 	3.6 	4.1 	3.6 	3.4 	2.4 	1.9 	3.0 	4.4 	3.4 	2.5 	3.9 	5.6 	3.1 	3.3 	4.1 
A,PC_EXP_PROD,SITC3,WORLD,IE	0.4 	0.2 	0.5 	0.7 	0.6 	0.8 	1.0 	0.7 	1.0 	1.4 	2.0 	1.3 	1.4 	1.0 	0.7 	1.0 	0.9 	0.7 	0.5 	0.6 	1.0 	0.7 	0.5 	0.3 
A,PC_EXP_PROD,SITC3,WORLD,IT	1.8 	2.2 	2.4 	3.5 	3.7 	4.0 	5.0 	3.8 	4.9 	5.1 	6.0 	4.8 	4.0 	3.4 	2.7 	3.4 	3.7 	3.4 	2.2 	3.2 	5.2 	4.0 	3.5 	3.0 
A,PC_EXP_PROD,SITC3,WORLD,LT	19.8 	20.2 	25.0 	27.1 	23.7 	13.4 	24.7 	21.4 	23.5 	25.5 	24.7 	23.3 	17.8 	16.5 	14.0 	14.8 	15.1 	13.5 	7.2 	10.1 	17.2 	15.1 	14.4 	14.0 
A,PC_EXP_PROD,SITC3,WORLD,LU	0.5 	0.4 	0.5 	0.5 	0.4 	0.5 	0.6 	0.7 	0.7 	0.6 	0.7 	0.7 	0.6 	0.4 	0.1 	0.1 	0.1 	0.1 	0.1 	0.2 	0.2 	0.1 	0.1 	0.1 
A,PC_EXP_PROD,SITC3,WORLD,LV	1.5 	1.4 	5.0 	9.0 	5.1 	3.7 	3.6 	5.1 	5.2 	7.8 	7.5 	7.7 	8.3 	7.2 	5.5 	5.0 	5.2 	4.5 	3.6 	6.5 	11.8 	7.1 	7.1 	8.7 
A,PC_EXP_PROD,SITC3,WORLD,MT	0.1 	0.4 	0.1 	0.1 	0.4 	11.5 	14.6 	20.5 	23.7 	31.3 	28.6 	19.2 	8.7 	13.2 	8.3 	17.2 	15.3 	13.5 	3.2 	7.3 	4.9 	5.4 	10.1 	8.5 
A,PC_EXP_PROD,SITC3,WORLD,NL	8.8 	8.8 	9.1 	11.9 	13.9 	13.2 	16.7 	13.6 	14.8 	17.4 	20.5 	20.1 	17.4 	13.0 	11.4 	12.6 	13.4 	12.8 	8.8 	12.4 	19.7 	15.7 	13.2 	11.6 
A,PC_EXP_PROD,SITC3,WORLD,PL	5.0 	4.3 	5.5 	5.3 	4.5 	3.8 	4.3 	3.1 	4.1 	4.9 	5.0 	4.8 	4.1 	3.3 	2.5 	2.5 	2.6 	2.2 	1.5 	2.1 	3.9 	3.2 	2.7 	2.2 
A,PC_EXP_PROD,SITC3,WORLD,PT	2.0 	2.4 	3.0 	4.1 	5.3 	4.5 	5.6 	4.9 	6.4 	7.2 	8.3 	10.4 	8.4 	7.8 	6.3 	7.3 	6.9 	6.2 	4.6 	5.8 	8.5 	6.6 	7.1 	5.2 
A,PC_EXP_PROD,SITC3,WORLD,RO	7.9 	6.5 	6.8 	10.7 	10.0 	7.6 	9.1 	6.0 	5.3 	5.7 	5.8 	5.5 	6.4 	4.7 	3.8 	4.0 	4.4 	4.1 	2.6 	3.5 	8.1 	5.6 	5.2 	5.9 
A,PC_EXP_PROD,SITC3,WORLD,SE	3.0 	3.2 	4.1 	5.4 	5.9 	5.5 	7.9 	6.5 	7.5 	8.0 	10.1 	8.5 	8.8 	6.6 	6.0 	7.0 	8.0 	6.8 	4.9 	7.4 	10.9 	8.1 	7.7 	6.6 
A,PC_EXP_PROD,SITC3,WORLD,SI	1.1 	1.4 	1.6 	2.1 	2.7 	2.0 	2.8 	2.8 	3.6 	5.2 	5.5 	5.6 	5.5 	4.8 	4.2 	4.8 	5.0 	5.2 	3.4 	5.0 	8.8 	5.2 	4.6 	3.9 
A,PC_EXP_PROD,SITC3,WORLD,SK	6.1 	5.2 	6.5 	6.8 	5.8 	4.7 	5.0 	4.6 	5.3 	6.3 	5.9 	5.5 	4.5 	3.6 	2.7 	3.3 	2.9 	2.9 	2.4 	3.2 	5.2 	3.5 	4.0 	3.6 
A,PC_EXP_PROD,SITC5,EU27_2020,AT	8.4 	8.6 	8.2 	8.8 	9.6 	9.6 	9.9 	11.1 	11.1 	11.2 	11.8 	11.9 	12.7 	12.4 	11.5 	12.7 	12.1 	12.8 	14.3 	14.3 	13.9 	16.4 	14.9 	13.8 
A,PC_EXP_PROD,SITC5,EU27_2020,BE	26.2 	26.0 	26.2 	27.4 	27.0 	27.7 	27.7 	31.2 	30.6 	28.7 	28.3 	29.1 	28.8 	28.9 	28.4 	27.0 	29.4 	28.4 	30.0 	31.7 	28.7 	26.6 	27.1 	26.7 
A,PC_EXP_PROD,SITC5,EU27_2020,BG	4.5 	4.1 	4.0 	4.6 	4.7 	5.5 	6.0 	5.0 	5.2 	5.8 	6.6 	6.9 	7.6 	8.7 	10.0 	9.7 	9.3 	10.0 	10.8 	11.4 	11.8 	10.1 	8.8 	9.7 
A,PC_EXP_PROD,SITC5,EU27_2020,CY	20.0 	18.7 	13.4 	8.0 	9.7 	11.5 	11.6 	15.0 	22.0 	27.7 	29.1 	28.9 	15.7 	14.2 	18.1 	18.7 	21.1 	16.7 	27.1 	29.0 	25.3 	29.4 	27.0 	25.6 
A,PC_EXP_PROD,SITC5,EU27_2020,CZ	5.9 	5.8 	5.7 	6.1 	5.9 	5.7 	5.9 	6.2 	6.3 	6.1 	6.1 	6.4 	6.8 	6.2 	6.1 	6.2 	6.3 	6.5 	6.8 	7.5 	7.2 	6.7 	6.8 	6.6 
A,PC_EXP_PROD,SITC5,EU27_2020,DE	11.9 	12.9 	13.9 	14.9 	15.0 	15.0 	15.6 	16.9 	17.0 	16.5 	16.6 	16.8 	16.5 	16.1 	15.8 	15.9 	16.5 	16.0 	17.4 	18.2 	18.7 	16.8 	16.7 	16.4 
A,PC_EXP_PROD,SITC5,EU27_2020,DK	11.2 	12.2 	11.9 	12.2 	11.8 	12.2 	12.1 	13.9 	14.0 	14.1 	13.6 	14.0 	14.4 	14.8 	15.4 	16.3 	16.1 	16.6 	18.7 	17.4 	15.9 	18.2 	20.3 	19.6 
A,PC_EXP_PROD,SITC5,EU27_2020,EE	3.4 	4.0 	4.7 	4.5 	4.6 	5.0 	5.6 	6.0 	4.7 	4.5 	4.8 	5.6 	4.9 	5.0 	5.2 	6.1 	6.6 	6.6 	7.1 	6.8 	6.3 	6.2 	6.5 	6.5 
A,PC_EXP_PROD,SITC5,EU27_2020,EL	10.1 	11.1 	12.5 	15.3 	13.8 	14.3 	13.2 	15.7 	15.7 	14.1 	14.3 	14.1 	14.4 	13.6 	13.5 	14.1 	14.1 	15.6 	19.1 	18.2 	13.3 	14.0 	14.9 	15.8 
A,PC_EXP_PROD,SITC5,EU27_2020,ES	9.4 	9.8 	9.8 	10.9 	11.2 	12.3 	12.2 	12.8 	13.4 	12.6 	13.3 	13.1 	12.6 	12.5 	12.2 	12.2 	12.3 	12.3 	12.8 	15.9 	18.5 	14.6 	14.5 	14.4 
A,PC_EXP_PROD,SITC5,EU27_2020,EU27_2020	14.0 	14.0 	14.3 	15.0 	14.8 	14.9 	15.3 	16.8 	16.6 	15.9 	16.2 	16.3 	16.2 	16.0 	15.8 	15.6 	16.2 	16.1 	17.5 	17.8 	17.8 	16.5 	16.9 	16.8 
A,PC_EXP_PROD,SITC5,EU27_2020,FI	7.1 	7.1 	7.8 	8.0 	7.6 	8.0 	8.9 	10.0 	10.4 	11.1 	11.2 	11.2 	11.2 	10.6 	10.7 	9.7 	9.4 	9.6 	11.0 	10.5 	11.8 	10.2 	10.9 	11.7 
A,PC_EXP_PROD,SITC5,EU27_2020,FR	14.7 	15.1 	15.3 	16.3 	16.2 	16.7 	17.6 	19.1 	18.7 	18.3 	19.3 	19.5 	19.2 	18.7 	18.3 	18.6 	18.4 	18.9 	20.7 	20.8 	19.9 	19.3 	19.5 	19.5 
A,PC_EXP_PROD,SITC5,EU27_2020,HR	9.9 	8.5 	8.8 	8.7 	7.6 	7.9 	8.3 	7.4 	8.8 	8.1 	7.1 	7.6 	7.9 	10.0 	10.5 	11.4 	11.8 	12.3 	12.4 	11.6 	10.0 	10.5 	11.3 	11.8 
A,PC_EXP_PROD,SITC5,EU27_2020,HU	5.1 	5.2 	5.8 	6.6 	7.3 	7.4 	7.9 	8.5 	8.9 	9.8 	10.1 	10.2 	10.6 	11.1 	10.7 	11.3 	11.4 	10.9 	12.0 	12.5 	12.2 	11.6 	13.6 	12.7 
A,PC_EXP_PROD,SITC5,EU27_2020,IE	51.5 	47.9 	51.7 	53.3 	52.1 	53.8 	59.2 	66.5 	66.3 	64.9 	66.4 	62.4 	61.9 	62.8 	62.2 	61.0 	67.6 	68.1 	74.0 	69.2 	73.5 	73.9 	71.5 	68.6 
A,PC_EXP_PROD,SITC5,EU27_2020,IT	11.0 	10.3 	10.7 	11.6 	11.7 	11.6 	11.5 	12.6 	13.1 	12.9 	13.7 	15.0 	15.7 	15.0 	15.0 	14.9 	14.6 	15.5 	17.3 	16.4 	16.9 	15.5 	16.6 	18.3 
A,PC_EXP_PROD,SITC5,EU27_2020,LT	9.0 	10.1 	8.8 	9.0 	10.2 	15.7 	15.8 	15.0 	14.9 	15.5 	15.5 	15.9 	17.1 	16.9 	16.6 	15.5 	15.8 	15.7 	16.8 	18.4 	16.4 	14.0 	14.6 	14.7 
A,PC_EXP_PROD,SITC5,EU27_2020,LU	6.2 	6.1 	5.8 	4.9 	4.6 	5.6 	5.3 	5.8 	7.5 	7.9 	8.8 	9.9 	10.1 	11.0 	12.1 	12.6 	12.7 	11.1 	13.1 	13.4 	13.9 	13.1 	14.2 	12.9 
A,PC_EXP_PROD,SITC5,EU27_2020,LV	5.9 	5.9 	5.6 	5.4 	7.2 	8.1 	9.0 	8.8 	7.5 	7.9 	7.0 	7.0 	7.0 	7.5 	8.0 	8.5 	8.6 	9.1 	9.8 	10.8 	10.0 	9.8 	11.2 	10.4 
A,PC_EXP_PROD,SITC5,EU27_2020,MT	2.7 	1.6 	2.6 	5.7 	9.6 	14.1 	15.8 	16.8 	17.4 	14.3 	16.6 	18.8 	18.4 	16.0 	17.5 	17.6 	19.0 	20.1 	27.1 	29.7 	21.4 	17.2 	17.7 	25.7 
A,PC_EXP_PROD,SITC5,EU27_2020,NL	15.4 	15.4 	15.6 	15.1 	15.0 	15.3 	15.9 	16.8 	16.7 	15.6 	15.7 	15.7 	15.8 	16.2 	16.0 	15.5 	16.8 	16.5 	17.1 	17.5 	16.3 	15.8 	16.4 	16.8 
A,PC_EXP_PROD,SITC5,EU27_2020,PL	5.6 	5.7 	5.3 	5.7 	6.3 	6.4 	6.9 	6.7 	7.6 	8.3 	8.5 	8.9 	8.8 	8.5 	8.8 	9.2 	8.6 	8.7 	9.2 	9.5 	9.8 	8.6 	9.0 	9.1 
A,PC_EXP_PROD,SITC5,EU27_2020,PT	5.7 	6.2 	7.1 	7.8 	7.8 	8.2 	8.3 	7.9 	8.5 	9.0 	9.4 	9.9 	9.4 	9.1 	9.3 	9.1 	8.6 	8.7 	9.4 	10.1 	10.2 	8.6 	9.9 	12.2 
A,PC_EXP_PROD,SITC5,EU27_2020,RO	3.0 	3.1 	3.4 	3.4 	3.7 	4.5 	4.8 	4.0 	4.8 	4.9 	5.2 	5.0 	4.5 	4.3 	3.8 	3.8 	3.7 	4.0 	4.3 	4.8 	4.8 	4.3 	4.5 	4.8 
A,PC_EXP_PROD,SITC5,EU27_2020,SE	11.6 	12.1 	11.0 	11.3 	11.3 	11.8 	11.7 	13.9 	12.7 	11.1 	11.3 	11.6 	11.9 	12.1 	11.7 	11.2 	10.6 	11.1 	12.2 	12.4 	12.7 	13.2 	13.4 	13.9 
A,PC_EXP_PROD,SITC5,EU27_2020,SI	9.6 	9.9 	9.9 	9.7 	9.9 	9.9 	10.4 	11.9 	11.9 	11.6 	12.6 	13.2 	12.8 	12.8 	13.3 	12.6 	12.3 	12.8 	14.4 	12.8 	12.0 	12.2 	12.8 	13.1 
A,PC_EXP_PROD,SITC5,EU27_2020,SK	7.0 	5.4 	5.5 	5.8 	5.5 	5.1 	5.0 	4.6 	4.8 	5.3 	4.6 	5.2 	5.4 	5.3 	5.1 	4.8 	4.7 	4.6 	4.5 	5.0 	5.3 	4.4 	4.4 	4.4 
A,PC_EXP_PROD,SITC5,EXT_EU27_2020,AT	13.2 	12.0 	10.3 	11.0 	12.0 	12.3 	12.7 	16.2 	16.4 	15.8 	15.5 	15.1 	15.4 	15.2 	16.7 	15.4 	14.9 	15.6 	17.1 	16.6 	16.0 	17.2 	20.6 	18.5 
A,PC_EXP_PROD,SITC5,EXT_EU27_2020,BE	28.5 	30.4 	31.3 	31.5 	31.5 	31.8 	29.0 	34.3 	33.6 	29.7 	31.2 	29.4 	30.0 	32.6 	32.4 	30.8 	31.7 	33.7 	39.1 	42.5 	41.2 	38.9 	38.4 	37.7 
A,PC_EXP_PROD,SITC5,EXT_EU27_2020,BG	12.3 	12.9 	10.3 	12.4 	9.2 	11.1 	11.0 	12.3 	12.0 	11.4 	10.6 	9.9 	11.5 	12.0 	10.2 	10.5 	12.0 	12.8 	13.6 	12.4 	11.9 	11.3 	13.2 	13.0 
A,PC_EXP_PROD,SITC5,EXT_EU27_2020,CY	22.6 	22.4 	15.4 	14.8 	17.7 	21.9 	24.6 	28.3 	29.5 	25.2 	23.8 	18.0 	11.4 	9.6 	10.0 	9.4 	5.9 	11.2 	11.9 	12.1 	9.5 	8.5 	7.8 	7.8 
A,PC_EXP_PROD,SITC5,EXT_EU27_2020,CZ	5.9 	6.4 	6.9 	7.8 	6.8 	6.2 	6.2 	7.1 	7.4 	6.8 	6.5 	6.3 	6.2 	6.0 	5.7 	5.7 	6.0 	6.8 	7.2 	7.1 	7.4 	7.1 	6.8 	6.5 
A,PC_EXP_PROD,SITC5,EXT_EU27_2020,DE	12.5 	12.6 	13.4 	13.4 	13.8 	13.7 	14.7 	15.9 	14.9 	14.4 	14.9 	15.3 	15.6 	16.0 	16.2 	16.6 	16.4 	16.8 	18.3 	19.2 	19.8 	18.1 	18.8 	18.9 
A,PC_EXP_PROD,SITC5,EXT_EU27_2020,DK	13.5 	15.7 	15.5 	16.4 	14.2 	15.5 	15.1 	17.6 	19.2 	18.6 	21.1 	22.8 	23.9 	26.5 	27.6 	25.4 	27.5 	31.7 	35.4 	33.1 	34.8 	34.3 	32.3 	35.0 
A,PC_EXP_PROD,SITC5,EXT_EU27_2020,EE	9.8 	11.0 	7.6 	7.1 	5.8 	6.8 	7.7 	7.4 	7.3 	7.9 	8.8 	9.3 	8.6 	8.2 	8.1 	8.0 	5.9 	6.2 	6.3 	5.4 	6.2 	6.7 	5.8 	5.4 
A,PC_EXP_PROD,SITC5,EXT_EU27_2020,EL	12.6 	14.1 	14.8 	14.0 	13.3 	10.8 	9.4 	9.0 	8.4 	6.6 	5.3 	6.0 	6.4 	7.7 	7.8 	7.3 	6.9 	8.3 	12.8 	9.5 	8.0 	8.7 	9.0 	9.3 
A,PC_EXP_PROD,SITC5,EXT_EU27_2020,ES	13.4 	13.4 	13.0 	14.9 	14.2 	13.8 	14.1 	15.7 	16.1 	14.3 	13.8 	13.7 	14.5 	15.0 	14.6 	14.6 	14.8 	15.4 	16.9 	16.6 	17.4 	18.0 	18.3 	18.5 
A,PC_EXP_PROD,SITC5,EXT_EU27_2020,EU27_2020	15.2 	15.6 	15.7 	15.7 	15.7 	15.7 	15.6 	17.8 	17.5 	16.6 	16.5 	16.5 	16.9 	17.7 	17.9 	17.9 	18.3 	19.2 	21.4 	21.0 	21.4 	20.5 	21.7 	22.8 
A,PC_EXP_PROD,SITC5,EXT_EU27_2020,FI	6.8 	7.0 	6.9 	7.2 	7.3 	7.1 	7.5 	10.4 	10.7 	11.3 	11.2 	11.2 	11.1 	11.5 	11.1 	10.4 	10.2 	9.0 	10.2 	11.7 	10.6 	10.1 	11.8 	9.7 
A,PC_EXP_PROD,SITC5,EXT_EU27_2020,FR	16.0 	16.2 	16.0 	16.2 	17.5 	17.7 	17.5 	19.8 	19.4 	18.4 	18.1 	18.3 	18.7 	18.5 	18.8 	19.1 	18.9 	18.8 	22.5 	21.2 	20.5 	19.4 	20.0 	19.1 
A,PC_EXP_PROD,SITC5,EXT_EU27_2020,HR	11.1 	11.9 	10.3 	11.9 	11.8 	11.5 	12.0 	12.9 	15.2 	16.2 	15.8 	16.3 	15.1 	14.7 	17.8 	18.2 	14.0 	15.6 	16.3 	14.2 	11.7 	13.9 	14.5 	14.5 
A,PC_EXP_PROD,SITC5,EXT_EU27_2020,HU	13.2 	14.0 	13.5 	13.2 	12.7 	10.6 	10.6 	11.8 	10.7 	10.3 	12.3 	14.1 	13.7 	13.6 	13.4 	14.4 	14.2 	15.1 	17.3 	16.0 	12.8 	12.4 	12.8 	12.3 
A,PC_EXP_PROD,SITC5,EXT_EU27_2020,IE	35.0 	40.2 	38.6 	39.3 	40.8 	44.6 	45.5 	49.1 	54.7 	58.5 	54.3 	53.6 	52.9 	54.4 	52.4 	52.4 	57.4 	57.3 	58.4 	56.4 	57.4 	57.2 	60.8 	66.9 
A,PC_EXP_PROD,SITC5,EXT_EU27_2020,IT	9.6 	10.2 	10.6 	10.7 	10.0 	9.4 	9.2 	10.3 	10.7 	10.4 	10.2 	10.4 	10.1 	10.1 	10.7 	11.8 	12.2 	13.2 	14.3 	12.4 	14.3 	15.0 	15.8 	17.8 
A,PC_EXP_PROD,SITC5,EXT_EU27_2020,LT	5.1 	4.0 	6.6 	8.2 	7.7 	10.1 	11.0 	11.9 	10.9 	11.3 	10.4 	8.7 	9.5 	12.4 	13.5 	13.0 	14.2 	14.8 	18.8 	21.4 	17.7 	15.2 	17.1 	16.4 
A,PC_EXP_PROD,SITC5,EXT_EU27_2020,LU	4.2 	4.2 	5.6 	3.4 	3.6 	5.0 	3.2 	2.3 	2.5 	2.4 	2.2 	3.1 	4.0 	6.4 	7.2 	8.7 	10.0 	9.8 	11.5 	9.2 	8.2 	7.6 	8.8 	7.8 
A,PC_EXP_PROD,SITC5,EXT_EU27_2020,LV	6.0 	6.5 	6.8 	8.3 	9.4 	8.8 	9.4 	9.9 	10.3 	9.0 	8.1 	8.8 	9.7 	9.4 	10.9 	10.8 	10.4 	9.5 	8.8 	9.9 	9.5 	10.0 	9.3 	9.7 
A,PC_EXP_PROD,SITC5,EXT_EU27_2020,MT	1.3 	2.1 	2.7 	4.4 	3.8 	4.7 	6.1 	6.3 	5.9 	5.1 	5.3 	7.8 	10.9 	10.7 	41.8 	8.6 	6.9 	7.7 	10.0 	13.5 	11.6 	11.8 	11.6 	14.2 
A,PC_EXP_PROD,SITC5,EXT_EU27_2020,NL	17.3 	17.3 	17.2 	16.9 	16.1 	16.7 	16.6 	18.9 	17.8 	17.2 	16.2 	15.8 	17.1 	18.1 	17.8 	17.9 	17.9 	19.0 	20.5 	19.3 	18.6 	17.5 	19.2 	18.3 
A,PC_EXP_PROD,SITC5,EXT_EU27_2020,PL	8.6 	9.3 	9.9 	9.8 	9.6 	9.9 	10.3 	10.9 	11.1 	10.5 	10.5 	9.9 	9.9 	9.6 	10.2 	10.5 	10.1 	10.3 	11.0 	10.6 	10.3 	10.3 	9.9 	9.9 
A,PC_EXP_PROD,SITC5,EXT_EU27_2020,PT	6.3 	5.9 	5.8 	6.4 	5.9 	6.5 	6.4 	7.3 	7.5 	8.7 	7.7 	7.2 	8.0 	8.3 	8.8 	8.1 	8.9 	9.8 	9.9 	10.2 	11.0 	12.8 	12.2 	12.4 
A,PC_EXP_PROD,SITC5,EXT_EU27_2020,RO	8.2 	8.4 	10.1 	10.1 	9.4 	8.4 	8.8 	7.8 	8.0 	9.2 	9.4 	7.0 	6.7 	6.3 	6.0 	6.3 	6.2 	6.2 	7.1 	6.1 	5.0 	5.6 	7.6 	7.0 
A,PC_EXP_PROD,SITC5,EXT_EU27_2020,SE	10.8 	11.8 	12.1 	11.0 	11.7 	10.2 	10.1 	13.1 	11.6 	10.6 	11.2 	12.6 	12.5 	14.0 	13.9 	14.0 	14.2 	16.2 	17.7 	15.1 	16.1 	15.4 	15.8 	15.8 
A,PC_EXP_PROD,SITC5,EXT_EU27_2020,SI	19.9 	24.5 	22.3 	20.4 	21.3 	20.9 	22.4 	25.4 	23.7 	24.5 	24.9 	26.3 	26.4 	24.1 	21.8 	20.9 	22.7 	34.1 	44.4 	44.6 	54.6 	63.4 	71.8 	76.7 
A,PC_EXP_PROD,SITC5,EXT_EU27_2020,SK	6.9 	4.0 	4.7 	5.9 	5.3 	3.8 	3.6 	3.9 	3.5 	3.4 	2.7 	2.5 	2.7 	2.8 	2.7 	2.9 	2.7 	2.7 	2.8 	2.8 	2.8 	2.3 	2.5 	2.8 
A,PC_EXP_PROD,SITC5,WORLD,AT	9.8 	9.6 	8.8 	9.5 	10.3 	10.4 	10.7 	12.7 	12.7 	12.7 	13.1 	13.0 	13.6 	13.3 	13.2 	13.6 	12.9 	13.7 	15.2 	15.0 	14.6 	16.6 	16.7 	15.3 
A,PC_EXP_PROD,SITC5,WORLD,BE	27.0 	27.4 	27.8 	28.7 	28.4 	28.9 	28.1 	32.2 	31.6 	29.0 	29.4 	29.2 	29.2 	30.3 	29.9 	28.4 	30.2 	30.3 	33.2 	35.2 	32.7 	30.7 	30.8 	30.1 
A,PC_EXP_PROD,SITC5,WORLD,BG	7.7 	7.5 	6.5 	7.8 	6.5 	7.8 	8.0 	7.7 	8.0 	8.0 	8.3 	8.2 	9.2 	9.9 	10.1 	10.0 	10.3 	11.0 	11.7 	11.8 	11.8 	10.5 	10.3 	10.9 
A,PC_EXP_PROD,SITC5,WORLD,CY	21.5 	20.7 	14.5 	11.0 	13.3 	15.9 	17.0 	20.5 	25.2 	26.7 	26.5 	22.8 	13.2 	11.4 	12.9 	12.4 	9.7 	13.4 	17.0 	16.8 	13.6 	13.3 	12.6 	12.7 
A,PC_EXP_PROD,SITC5,WORLD,CZ	5.9 	5.9 	5.9 	6.4 	6.0 	5.8 	6.0 	6.4 	6.5 	6.3 	6.2 	6.4 	6.6 	6.2 	6.0 	6.1 	6.2 	6.5 	6.9 	7.4 	7.3 	6.8 	6.8 	6.6 
A,PC_EXP_PROD,SITC5,WORLD,DE	12.2 	12.8 	13.7 	14.2 	14.5 	14.5 	15.2 	16.4 	16.0 	15.5 	15.8 	16.1 	16.1 	16.0 	16.0 	16.2 	16.5 	16.4 	17.8 	18.7 	19.2 	17.4 	17.7 	17.5 
A,PC_EXP_PROD,SITC5,WORLD,DK	12.1 	13.5 	13.3 	13.8 	12.7 	13.4 	13.2 	15.4 	16.2 	16.0 	17.1 	18.0 	18.6 	20.1 	20.9 	20.5 	21.3 	23.7 	26.8 	24.7 	24.4 	25.4 	25.8 	26.6 
A,PC_EXP_PROD,SITC5,WORLD,EE	4.8 	5.5 	5.4 	5.2 	5.0 	5.6 	6.3 	6.5 	5.6 	5.7 	6.2 	6.8 	6.0 	5.8 	6.0 	6.7 	6.3 	6.4 	6.8 	6.4 	6.2 	6.4 	6.3 	6.2 
A,PC_EXP_PROD,SITC5,WORLD,EL	11.2 	12.3 	13.4 	14.7 	13.6 	12.9 	11.5 	12.5 	12.0 	10.2 	9.0 	9.6 	9.9 	10.6 	10.8 	10.7 	10.5 	12.2 	16.4 	14.2 	10.9 	11.7 	12.3 	13.0 
A,PC_EXP_PROD,SITC5,WORLD,ES	10.8 	11.0 	10.9 	12.3 	12.3 	12.9 	12.9 	13.9 	14.4 	13.3 	13.5 	13.4 	13.4 	13.6 	13.2 	13.2 	13.3 	13.6 	14.4 	16.2 	18.1 	15.8 	15.9 	16.0 
A,PC_EXP_PROD,SITC5,WORLD,FI	6.9 	7.1 	7.3 	7.6 	7.5 	7.6 	8.2 	10.2 	10.6 	11.2 	11.2 	11.2 	11.2 	11.0 	10.9 	10.0 	9.8 	9.3 	10.6 	11.0 	11.2 	10.2 	11.3 	10.8 
A,PC_EXP_PROD,SITC5,WORLD,FR	15.3 	15.5 	15.6 	16.2 	16.7 	17.1 	17.5 	19.4 	19.0 	18.4 	18.7 	19.0 	19.0 	18.6 	18.5 	18.8 	18.6 	18.9 	21.5 	21.0 	20.1 	19.3 	19.7 	19.3 
A,PC_EXP_PROD,SITC5,WORLD,HR	10.3 	9.6 	9.4 	9.9 	9.2 	9.4 	9.9 	9.7 	11.4 	11.4 	10.9 	11.1 	10.6 	11.7 	13.1 	13.9 	12.5 	13.4 	13.7 	12.4 	10.6 	11.6 	12.4 	12.7 
A,PC_EXP_PROD,SITC5,WORLD,HU	6.6 	6.9 	7.5 	8.1 	8.6 	8.2 	8.6 	9.3 	9.4 	9.9 	10.7 	11.3 	11.4 	11.7 	11.3 	12.0 	12.0 	11.8 	13.1 	13.3 	12.3 	11.8 	13.4 	12.6 
A,PC_EXP_PROD,SITC5,WORLD,IE	41.9 	43.6 	44.5 	45.8 	45.9 	48.7 	51.6 	56.9 	59.6 	61.2 	59.5 	57.2 	56.5 	57.7 	56.1 	55.7 	61.4 	61.3 	64.7 	61.3 	63.7 	64.2 	65.0 	67.5 
A,PC_EXP_PROD,SITC5,WORLD,IT	10.4 	10.3 	10.6 	11.2 	11.0 	10.6 	10.4 	11.5 	12.0 	11.7 	11.9 	12.6 	12.9 	12.5 	12.9 	13.4 	13.4 	14.4 	15.9 	14.5 	15.7 	15.3 	16.2 	18.0 
A,PC_EXP_PROD,SITC5,WORLD,LT	7.3 	7.4 	8.0 	8.7 	9.1 	13.5 	13.7 	13.8 	13.1 	13.7 	13.2 	12.3 	13.3 	15.0 	15.3 	14.4 	15.1 	15.3 	17.6 	19.6 	16.9 	14.5 	15.4 	15.3 
A,PC_EXP_PROD,SITC5,WORLD,LU	5.8 	5.7 	5.7 	4.6 	4.4 	5.4 	4.9 	5.1 	6.2 	6.4 	7.0 	8.4 	8.8 	10.0 	11.1 	11.9 	12.2 	10.8 	12.8 	12.6 	12.8 	12.0 	13.2 	12.0 
A,PC_EXP_PROD,SITC5,WORLD,LV	5.9 	6.1 	6.1 	6.3 	8.0 	8.4 	9.2 	9.2 	8.5 	8.3 	7.5 	7.7 	8.0 	8.2 	9.0 	9.4 	9.3 	9.2 	9.4 	10.4 	9.8 	9.9 	10.6 	10.2 
A,PC_EXP_PROD,SITC5,WORLD,MT	1.8 	2.0 	2.7 	4.9 	6.2 	8.0 	9.3 	10.0 	10.1 	8.5 	9.3 	12.3 	14.3 	12.8 	32.4 	13.4 	13.3 	14.5 	18.7 	21.3 	16.3 	14.7 	14.6 	20.2 
A,PC_EXP_PROD,SITC5,WORLD,NL	16.0 	16.0 	16.1 	15.6 	15.3 	15.7 	16.1 	17.4 	17.0 	16.1 	15.8 	15.7 	16.2 	16.8 	16.6 	16.3 	17.2 	17.4 	18.3 	18.1 	16.9 	16.3 	17.3 	17.3 
A,PC_EXP_PROD,SITC5,WORLD,PL	6.3 	6.5 	6.4 	6.8 	7.1 	7.3 	7.9 	7.8 	8.6 	8.9 	9.1 	9.2 	9.1 	8.8 	9.2 	9.5 	9.0 	9.1 	9.6 	9.8 	9.9 	9.1 	9.3 	9.3 
A,PC_EXP_PROD,SITC5,WORLD,PT	5.8 	6.2 	6.7 	7.4 	7.3 	7.7 	7.7 	7.7 	8.2 	8.9 	8.8 	8.9 	8.9 	8.8 	9.1 	8.8 	8.7 	9.0 	9.6 	10.2 	10.4 	9.9 	10.5 	12.3 
A,PC_EXP_PROD,SITC5,WORLD,RO	4.7 	4.8 	5.5 	5.7 	5.7 	5.7 	6.1 	5.1 	5.8 	6.3 	6.6 	5.7 	5.2 	4.9 	4.4 	4.5 	4.4 	4.6 	5.0 	5.2 	4.9 	4.6 	5.4 	5.4 
A,PC_EXP_PROD,SITC5,WORLD,SE	11.2 	11.9 	11.5 	11.2 	11.5 	11.1 	11.0 	13.5 	12.1 	10.8 	11.3 	12.1 	12.2 	13.0 	12.7 	12.5 	12.3 	13.5 	14.8 	13.7 	14.3 	14.2 	14.5 	14.7 
A,PC_EXP_PROD,SITC5,WORLD,SI	12.2 	13.6 	13.1 	12.4 	12.8 	12.7 	13.4 	15.3 	14.8 	14.8 	15.9 	16.7 	16.4 	15.8 	15.6 	14.7 	14.9 	18.7 	24.2 	23.1 	27.8 	33.3 	39.1 	45.5 
A,PC_EXP_PROD,SITC5,WORLD,SK	7.0 	5.2 	5.4 	5.8 	5.5 	4.9 	4.8 	4.4 	4.6 	4.9 	4.2 	4.7 	4.8 	4.8 	4.6 	4.4 	4.3 	4.2 	4.1 	4.6 	4.8 	4.0 	4.0 	4.1 
A,PC_EXP_PROD,SITC6_8,EU27_2020,AT	35.4 	35.9 	34.6 	35.5 	36.5 	35.7 	36.3 	35.8 	35.9 	36.6 	35.1 	34.0 	34.5 	34.5 	34.2 	33.4 	34.0 	33.0 	32.4 	33.0 	33.4 	30.9 	31.4 	31.3 
A,PC_EXP_PROD,SITC6_8,EU27_2020,BE	28.1 	27.4 	27.6 	27.3 	28.2 	29.3 	27.7 	25.9 	26.0 	25.9 	24.7 	23.7 	24.4 	25.6 	25.8 	26.1 	25.7 	25.4 	25.5 	24.7 	22.1 	23.6 	23.3 	22.7 
A,PC_EXP_PROD,SITC6_8,EU27_2020,BG	60.6 	63.6 	64.3 	60.6 	59.7 	56.5 	53.7 	47.1 	44.9 	45.0 	43.1 	42.4 	42.7 	42.0 	40.4 	41.0 	38.8 	37.2 	38.1 	37.4 	36.7 	41.7 	43.3 	39.5 
A,PC_EXP_PROD,SITC6_8,EU27_2020,CY	31.1 	26.9 	22.1 	12.5 	16.1 	21.0 	23.7 	24.2 	17.6 	12.5 	11.8 	10.5 	6.7 	4.3 	5.2 	6.7 	7.2 	5.0 	6.2 	8.1 	8.2 	12.4 	9.6 	9.1 
A,PC_EXP_PROD,SITC6_8,EU27_2020,CZ	36.1 	35.1 	33.3 	33.1 	31.8 	31.3 	30.7 	29.5 	28.7 	28.9 	29.3 	30.2 	29.1 	28.7 	29.6 	28.9 	27.9 	27.0 	26.9 	27.7 	26.4 	25.8 	25.5 	25.6 
A,PC_EXP_PROD,SITC6_8,EU27_2020,DE	26.4 	25.5 	25.8 	26.1 	26.9 	27.1 	26.9 	27.3 	27.3 	27.5 	26.8 	26.8 	26.7 	26.4 	26.3 	26.3 	26.7 	26.6 	26.9 	27.2 	26.5 	26.4 	26.6 	26.1 
A,PC_EXP_PROD,SITC6_8,EU27_2020,DK	27.4 	27.5 	27.3 	27.0 	27.2 	28.3 	27.6 	28.2 	27.6 	28.1 	26.9 	25.5 	26.5 	27.0 	27.6 	27.6 	27.8 	26.6 	28.0 	28.3 	27.1 	27.2 	26.5 	26.8 
A,PC_EXP_PROD,SITC6_8,EU27_2020,EE	43.9 	43.7 	38.8 	35.3 	35.9 	37.3 	36.6 	36.1 	33.5 	31.1 	30.3 	29.5 	30.4 	32.7 	33.5 	34.0 	34.6 	34.5 	35.5 	32.8 	29.7 	30.3 	31.1 	29.9 
A,PC_EXP_PROD,SITC6_8,EU27_2020,EL	41.3 	40.4 	41.5 	40.0 	38.9 	40.1 	36.0 	31.8 	30.5 	31.6 	27.6 	26.5 	27.0 	26.8 	27.5 	29.1 	28.7 	29.7 	28.4 	29.7 	27.2 	26.3 	26.8 	27.1 
A,PC_EXP_PROD,SITC6_8,EU27_2020,ES	26.2 	25.3 	25.7 	26.4 	27.4 	27.5 	27.8 	26.3 	26.5 	26.7 	25.4 	25.4 	25.7 	25.5 	25.6 	26.1 	25.9 	26.6 	25.9 	27.6 	26.2 	26.3 	25.9 	26.8 
A,PC_EXP_PROD,SITC6_8,EU27_2020,EU27_2020	29.1 	28.7 	28.9 	28.6 	29.2 	29.4 	28.6 	27.9 	28.0 	28.2 	27.2 	27.1 	27.5 	27.6 	27.8 	27.9 	27.7 	27.4 	27.2 	27.9 	26.5 	26.3 	26.4 	26.2 
A,PC_EXP_PROD,SITC6_8,EU27_2020,FI	42.0 	42.5 	45.8 	42.6 	44.2 	43.1 	40.4 	40.7 	44.7 	43.2 	42.4 	40.6 	41.0 	41.2 	41.4 	38.4 	37.8 	35.0 	36.3 	36.1 	36.2 	35.6 	36.0 	35.8 
A,PC_EXP_PROD,SITC6_8,EU27_2020,FR	23.5 	23.5 	24.1 	24.8 	25.1 	25.8 	25.3 	24.6 	24.6 	24.4 	23.3 	23.4 	23.6 	24.0 	24.0 	24.7 	24.5 	24.1 	23.9 	25.0 	24.2 	23.2 	24.0 	23.8 
A,PC_EXP_PROD,SITC6_8,EU27_2020,HR	42.5 	38.9 	38.3 	35.9 	34.5 	36.2 	33.8 	35.2 	32.5 	35.0 	35.4 	36.0 	38.8 	37.6 	37.8 	37.6 	35.5 	35.3 	33.6 	34.1 	31.3 	32.7 	32.6 	30.9 
A,PC_EXP_PROD,SITC6_8,EU27_2020,HU	24.2 	21.9 	20.9 	20.8 	20.8 	20.3 	20.1 	19.9 	20.2 	21.5 	22.0 	22.2 	21.7 	20.2 	20.7 	20.9 	20.4 	18.7 	18.0 	18.7 	17.0 	16.3 	16.4 	15.8 
A,PC_EXP_PROD,SITC6_8,EU27_2020,IE	9.6 	12.1 	10.0 	10.7 	9.0 	9.4 	10.0 	9.9 	11.5 	11.7 	11.5 	13.0 	12.9 	12.9 	13.8 	12.2 	11.1 	11.1 	8.7 	10.6 	9.3 	9.8 	10.2 	10.1 
A,PC_EXP_PROD,SITC6_8,EU27_2020,IT	40.7 	39.9 	41.5 	40.4 	40.5 	40.0 	39.1 	38.9 	39.0 	39.2 	38.3 	38.2 	38.1 	37.3 	37.0 	37.1 	36.6 	36.1 	35.0 	37.2 	36.7 	35.3 	34.5 	33.5 
A,PC_EXP_PROD,SITC6_8,EU27_2020,LT	38.3 	36.3 	31.3 	29.1 	29.4 	29.6 	24.2 	25.9 	25.1 	22.8 	22.6 	23.9 	25.7 	26.7 	29.0 	28.7 	29.5 	28.9 	30.6 	30.2 	25.9 	26.8 	26.5 	26.5 
A,PC_EXP_PROD,SITC6_8,EU27_2020,LU	46.0 	42.3 	44.4 	38.4 	36.8 	42.3 	40.9 	35.9 	45.6 	49.0 	45.8 	44.4 	42.6 	40.8 	43.4 	46.9 	45.6 	40.1 	43.7 	45.6 	46.6 	42.7 	42.1 	38.9 
A,PC_EXP_PROD,SITC6_8,EU27_2020,LV	55.3 	54.3 	48.6 	41.9 	42.0 	39.5 	37.8 	32.6 	34.5 	34.6 	33.3 	31.5 	31.1 	31.2 	32.3 	33.6 	32.6 	32.2 	32.2 	32.9 	26.6 	26.9 	26.1 	26.2 
A,PC_EXP_PROD,SITC6_8,EU27_2020,MT	38.7 	38.7 	34.3 	34.8 	26.3 	26.0 	27.8 	27.7 	26.6 	25.6 	24.6 	24.1 	25.7 	28.8 	26.5 	23.0 	23.5 	23.8 	28.1 	27.5 	24.3 	19.1 	18.6 	18.1 
A,PC_EXP_PROD,SITC6_8,EU27_2020,NL	22.2 	22.2 	21.8 	21.0 	22.7 	22.5 	20.7 	20.4 	20.4 	20.3 	18.4 	19.0 	20.2 	21.1 	22.2 	22.1 	21.9 	21.7 	21.8 	22.1 	20.0 	20.3 	21.4 	21.5 
A,PC_EXP_PROD,SITC6_8,EU27_2020,PL	41.7 	41.6 	39.1 	37.9 	37.1 	36.9 	35.7 	33.4 	34.1 	35.6 	35.5 	35.4 	35.6 	36.3 	37.0 	37.3 	37.6 	37.1 	37.2 	37.8 	36.3 	34.9 	35.4 	35.7 
A,PC_EXP_PROD,SITC6_8,EU27_2020,PT	46.3 	46.8 	46.2 	44.1 	43.6 	44.0 	43.0 	44.6 	42.4 	40.4 	39.9 	39.6 	41.4 	41.5 	42.3 	41.6 	40.1 	38.7 	39.0 	38.9 	38.4 	38.9 	37.0 	35.8 
A,PC_EXP_PROD,SITC6_8,EU27_2020,RO	63.9 	63.3 	59.0 	55.1 	52.1 	48.9 	43.5 	37.7 	37.1 	37.6 	37.9 	36.7 	36.2 	35.0 	34.3 	34.9 	34.5 	33.6 	31.9 	32.6 	31.8 	31.0 	30.2 	28.7 
A,PC_EXP_PROD,SITC6_8,EU27_2020,SE	33.6 	32.4 	32.0 	31.5 	31.0 	31.2 	31.9 	32.9 	32.5 	31.7 	30.6 	29.8 	29.1 	29.5 	28.6 	28.9 	27.4 	27.7 	28.5 	27.8 	26.9 	24.7 	25.2 	25.7 
A,PC_EXP_PROD,SITC6_8,EU27_2020,SI	45.4 	44.9 	43.9 	41.3 	40.1 	37.4 	35.7 	32.8 	32.7 	33.6 	32.9 	31.9 	31.6 	31.5 	32.1 	30.3 	30.2 	29.3 	30.1 	30.8 	29.4 	28.1 	27.3 	26.1 
A,PC_EXP_PROD,SITC6_8,EU27_2020,SK	40.0 	37.8 	37.1 	35.8 	34.6 	32.4 	31.8 	30.9 	31.0 	31.0 	29.5 	28.5 	29.0 	28.5 	27.6 	28.6 	28.5 	27.0 	25.6 	28.0 	27.6 	25.7 	26.6 	26.3 
A,PC_EXP_PROD,SITC6_8,EXT_EU27_2020,AT	33.4 	32.1 	30.8 	32.2 	33.6 	33.9 	34.3 	33.8 	32.5 	32.3 	32.1 	32.2 	31.4 	30.4 	29.4 	30.2 	30.3 	28.8 	28.2 	29.6 	28.4 	26.4 	26.4 	26.7 
A,PC_EXP_PROD,SITC6_8,EXT_EU27_2020,BE	33.1 	30.3 	30.4 	30.5 	29.3 	29.3 	27.4 	26.2 	27.2 	27.5 	26.0 	25.2 	25.6 	25.1 	25.4 	25.3 	24.8 	23.6 	22.5 	21.2 	18.7 	17.1 	17.1 	18.3 
A,PC_EXP_PROD,SITC6_8,EXT_EU27_2020,BG	32.9 	36.5 	35.9 	34.9 	37.3 	35.9 	26.8 	30.8 	31.0 	29.2 	27.3 	25.6 	28.7 	31.1 	34.7 	38.9 	39.1 	31.4 	37.2 	36.0 	23.2 	25.3 	27.0 	31.7 
A,PC_EXP_PROD,SITC6_8,EXT_EU27_2020,CY	27.1 	23.8 	12.3 	10.9 	10.0 	10.7 	12.4 	9.5 	10.6 	9.3 	12.1 	11.6 	8.4 	7.2 	7.1 	6.9 	6.6 	5.8 	4.1 	2.9 	2.2 	2.0 	1.5 	1.7 
A,PC_EXP_PROD,SITC6_8,EXT_EU27_2020,CZ	32.3 	33.9 	34.2 	33.9 	31.6 	29.9 	28.0 	28.3 	26.5 	25.9 	25.4 	25.5 	25.4 	25.5 	25.2 	25.4 	24.7 	23.6 	23.6 	24.4 	23.9 	23.4 	22.5 	22.1 
A,PC_EXP_PROD,SITC6_8,EXT_EU27_2020,DE	21.0 	20.9 	21.4 	21.4 	21.8 	22.0 	21.8 	21.9 	20.8 	20.9 	20.1 	19.9 	19.6 	19.1 	19.2 	19.9 	20.3 	20.2 	20.4 	20.6 	20.1 	19.5 	19.3 	20.1 
A,PC_EXP_PROD,SITC6_8,EXT_EU27_2020,DK	22.2 	23.8 	23.9 	23.2 	23.0 	23.3 	22.1 	21.0 	20.6 	20.2 	19.1 	18.6 	19.1 	19.1 	19.4 	19.2 	18.8 	16.7 	16.6 	17.4 	17.3 	16.9 	18.1 	17.5 
A,PC_EXP_PROD,SITC6_8,EXT_EU27_2020,EE	41.1 	41.5 	39.7 	35.1 	23.6 	27.3 	28.4 	26.6 	25.6 	22.0 	23.1 	28.1 	28.6 	29.8 	29.7 	26.9 	22.5 	25.1 	21.8 	21.1 	23.9 	27.9 	25.7 	25.5 
A,PC_EXP_PROD,SITC6_8,EXT_EU27_2020,EL	32.0 	33.4 	32.2 	29.5 	27.9 	25.6 	24.7 	21.7 	19.1 	18.8 	15.2 	15.1 	15.4 	19.5 	18.8 	17.6 	16.8 	16.3 	17.5 	15.1 	15.6 	16.8 	17.5 	18.3 
A,PC_EXP_PROD,SITC6_8,EXT_EU27_2020,ES	29.6 	27.5 	26.0 	24.5 	24.4 	24.5 	24.9 	25.0 	24.3 	23.7 	24.0 	23.5 	24.2 	25.4 	25.3 	25.9 	25.7 	25.0 	24.7 	25.1 	24.0 	21.6 	21.6 	21.6 
A,PC_EXP_PROD,SITC6_8,EXT_EU27_2020,EU27_2020	26.0 	25.6 	25.7 	25.3 	25.4 	25.0 	24.2 	23.8 	23.3 	23.2 	22.9 	23.0 	23.2 	23.0 	23.0 	23.1 	23.1 	22.9 	22.5 	22.9 	22.2 	21.6 	21.5 	21.0 
A,PC_EXP_PROD,SITC6_8,EXT_EU27_2020,FI	30.6 	30.9 	31.6 	28.8 	28.8 	28.8 	26.0 	28.3 	32.0 	32.8 	31.3 	32.7 	32.6 	33.7 	34.5 	33.6 	35.2 	36.2 	33.0 	31.5 	29.7 	25.7 	27.2 	25.6 
A,PC_EXP_PROD,SITC6_8,EXT_EU27_2020,FR	20.9 	21.0 	20.7 	20.6 	21.8 	22.2 	21.2 	21.3 	20.8 	21.2 	20.9 	21.2 	21.9 	21.6 	21.7 	21.1 	21.4 	22.1 	22.8 	22.7 	23.2 	23.4 	23.1 	22.3 
A,PC_EXP_PROD,SITC6_8,EXT_EU27_2020,HR	22.0 	23.0 	22.2 	24.0 	21.9 	21.2 	20.3 	21.1 	18.2 	17.2 	15.5 	20.4 	22.0 	21.5 	22.5 	20.8 	24.6 	20.6 	24.0 	22.9 	21.6 	23.3 	24.0 	22.5 
A,PC_EXP_PROD,SITC6_8,EXT_EU27_2020,HU	19.6 	16.5 	15.3 	14.4 	12.8 	12.3 	12.2 	13.0 	12.2 	12.8 	15.2 	16.6 	18.2 	19.3 	19.8 	19.5 	19.6 	19.2 	18.4 	18.2 	16.4 	15.3 	15.3 	14.9 
A,PC_EXP_PROD,SITC6_8,EXT_EU27_2020,IE	11.6 	14.9 	17.1 	16.0 	14.5 	13.5 	14.2 	14.7 	15.6 	14.1 	15.5 	15.7 	16.3 	15.1 	14.0 	14.7 	13.8 	12.8 	12.2 	13.6 	13.8 	15.0 	12.9 	10.6 
A,PC_EXP_PROD,SITC6_8,EXT_EU27_2020,IT	41.5 	40.2 	39.8 	38.7 	39.1 	38.0 	36.5 	34.6 	34.1 	33.9 	33.9 	34.8 	35.5 	35.4 	35.2 	34.1 	34.6 	35.0 	32.6 	34.1 	33.3 	31.7 	31.9 	29.4 
A,PC_EXP_PROD,SITC6_8,EXT_EU27_2020,LT	21.4 	20.8 	23.4 	21.8 	22.2 	25.9 	22.3 	24.9 	23.1 	22.9 	23.0 	24.4 	26.5 	27.6 	28.8 	27.0 	26.4 	26.5 	26.4 	25.3 	25.5 	25.4 	26.5 	26.4 
A,PC_EXP_PROD,SITC6_8,EXT_EU27_2020,LU	45.0 	40.3 	44.3 	42.7 	38.2 	44.7 	42.8 	30.8 	33.2 	32.9 	34.8 	43.9 	48.3 	50.7 	46.4 	51.5 	53.9 	47.4 	50.6 	49.6 	50.5 	47.2 	48.1 	48.0 
A,PC_EXP_PROD,SITC6_8,EXT_EU27_2020,LV	33.9 	31.6 	33.9 	33.8 	33.0 	31.2 	33.0 	31.9 	31.0 	30.8 	30.5 	26.1 	23.8 	24.3 	24.4 	23.6 	24.4 	23.7 	22.6 	22.1 	21.8 	23.8 	24.4 	24.6 
A,PC_EXP_PROD,SITC6_8,EXT_EU27_2020,MT	20.0 	19.4 	19.2 	19.8 	18.4 	14.4 	14.1 	14.2 	10.6 	10.3 	10.2 	14.1 	17.3 	16.3 	9.6 	15.4 	20.0 	25.0 	28.3 	27.1 	24.2 	29.9 	26.4 	28.5 
A,PC_EXP_PROD,SITC6_8,EXT_EU27_2020,NL	21.4 	20.8 	21.0 	20.3 	19.8 	15.6 	14.9 	15.2 	14.5 	14.1 	14.3 	14.4 	14.9 	15.6 	15.8 	15.9 	15.7 	16.0 	16.1 	16.2 	15.9 	15.9 	17.0 	16.7 
A,PC_EXP_PROD,SITC6_8,EXT_EU27_2020,PL	39.0 	38.4 	36.3 	34.6 	34.5 	34.3 	31.8 	31.0 	30.5 	30.1 	29.7 	28.2 	29.0 	28.9 	30.0 	30.9 	30.8 	30.6 	30.0 	30.5 	29.2 	28.4 	29.5 	28.4 
A,PC_EXP_PROD,SITC6_8,EXT_EU27_2020,PT	46.7 	42.2 	40.8 	37.7 	33.9 	33.3 	33.0 	37.0 	36.2 	35.6 	36.1 	37.3 	38.9 	39.0 	38.8 	37.5 	38.2 	37.9 	37.4 	38.3 	35.4 	33.3 	33.7 	32.7 
A,PC_EXP_PROD,SITC6_8,EXT_EU27_2020,RO	44.0 	45.8 	46.1 	40.5 	33.2 	34.1 	26.9 	24.8 	25.1 	24.0 	25.3 	22.9 	23.9 	26.4 	26.4 	27.5 	26.3 	26.4 	26.3 	25.6 	25.1 	26.8 	24.2 	21.3 
A,PC_EXP_PROD,SITC6_8,EXT_EU27_2020,SE	27.8 	26.7 	26.5 	26.0 	26.1 	27.1 	25.5 	26.4 	25.1 	24.8 	25.3 	25.1 	25.1 	25.0 	25.1 	24.0 	23.3 	23.3 	23.3 	23.4 	23.0 	23.5 	24.2 	24.8 
A,PC_EXP_PROD,SITC6_8,EXT_EU27_2020,SI	39.9 	37.7 	37.2 	37.2 	35.8 	34.4 	32.7 	31.3 	32.0 	31.6 	30.3 	29.4 	29.4 	29.7 	30.2 	31.0 	30.4 	25.9 	20.7 	20.1 	15.8 	13.3 	9.3 	7.0 
A,PC_EXP_PROD,SITC6_8,EXT_EU27_2020,SK	47.3 	30.8 	29.2 	33.1 	28.5 	25.7 	21.6 	21.6 	20.4 	19.3 	19.0 	18.4 	20.0 	20.2 	19.9 	20.1 	19.2 	18.3 	16.5 	17.5 	18.2 	14.9 	15.9 	17.7 
A,PC_EXP_PROD,SITC6_8,WORLD,AT	34.8 	34.8 	33.5 	34.5 	35.6 	35.2 	35.7 	35.2 	34.9 	35.2 	34.1 	33.4 	33.4 	33.1 	32.7 	32.4 	32.8 	31.7 	31.1 	32.0 	31.9 	29.5 	29.8 	29.9 
A,PC_EXP_PROD,SITC6_8,WORLD,BE	29.8 	28.3 	28.5 	28.3 	28.5 	29.3 	27.6 	26.0 	26.4 	26.5 	25.2 	24.2 	24.9 	25.4 	25.7 	25.8 	25.4 	24.7 	24.4 	23.5 	21.0 	21.4 	21.3 	21.4 
A,PC_EXP_PROD,SITC6_8,WORLD,BG	49.4 	53.1 	53.0 	50.1 	50.7 	48.1 	42.6 	41.1 	39.3 	38.8 	36.3 	35.3 	37.1 	37.9 	38.3 	40.2 	38.9 	35.1 	37.8 	36.9 	32.0 	35.7 	37.6 	36.7 
A,PC_EXP_PROD,SITC6_8,WORLD,CY	28.8 	25.3 	16.7 	11.8 	13.4 	16.7 	19.0 	18.0 	14.6 	11.2 	12.0 	11.1 	7.7 	6.0 	6.4 	6.9 	6.8 	5.5 	4.8 	4.3 	3.7 	4.4 	3.5 	3.8 
A,PC_EXP_PROD,SITC6_8,WORLD,CZ	35.4 	34.9 	33.5 	33.2 	31.8 	31.0 	30.2 	29.2 	28.2 	28.3 	28.4 	29.1 	28.3 	28.0 	28.6 	28.2 	27.3 	26.3 	26.3 	27.1 	25.9 	25.4 	24.9 	24.9 
A,PC_EXP_PROD,SITC6_8,WORLD,DE	24.0 	23.5 	23.9 	24.1 	24.7 	25.0 	24.7 	24.9 	24.3 	24.4 	23.4 	23.4 	23.2 	22.8 	22.9 	23.2 	23.6 	23.6 	23.8 	24.2 	23.6 	23.3 	23.3 	23.4 
A,PC_EXP_PROD,SITC6_8,WORLD,DK	25.4 	26.1 	26.0 	25.5 	25.6 	26.5 	25.5 	25.3 	24.6 	24.7 	23.3 	22.4 	23.2 	23.4 	23.9 	23.7 	23.7 	21.9 	22.5 	23.2 	22.7 	22.6 	22.6 	22.5 
A,PC_EXP_PROD,SITC6_8,WORLD,EE	43.3 	43.3 	39.0 	35.3 	31.4 	34.0 	33.9 	33.0 	30.9 	27.9 	27.7 	29.1 	29.8 	31.9 	32.4 	31.9 	30.4 	31.6 	30.8 	29.0 	28.0 	29.7 	29.6 	28.8 
A,PC_EXP_PROD,SITC6_8,WORLD,EL	37.3 	37.5 	37.7 	35.5 	34.6 	34.1 	31.1 	27.1 	24.8 	24.9 	20.3 	20.1 	20.6 	23.2 	23.3 	23.4 	22.6 	23.3 	23.8 	22.9 	22.1 	22.2 	22.6 	23.3 
A,PC_EXP_PROD,SITC6_8,WORLD,ES	27.4 	26.1 	25.8 	25.7 	26.3 	26.4 	26.7 	25.9 	25.7 	25.5 	24.8 	24.6 	25.1 	25.5 	25.5 	26.0 	25.8 	26.0 	25.4 	26.6 	25.4 	24.6 	24.3 	24.8 
A,PC_EXP_PROD,SITC6_8,WORLD,FI	36.4 	37.0 	38.9 	35.7 	36.7 	36.1 	33.3 	34.5 	38.3 	38.1 	36.7 	36.7 	37.0 	37.8 	38.2 	36.2 	36.6 	35.5 	34.8 	34.1 	33.4 	31.3 	32.3 	31.4 
A,PC_EXP_PROD,SITC6_8,WORLD,FR	22.3 	22.4 	22.6 	22.9 	23.7 	24.3 	23.5 	23.2 	22.9 	22.9 	22.2 	22.4 	22.8 	22.9 	22.9 	23.0 	23.0 	23.1 	23.3 	24.0 	23.8 	23.3 	23.6 	23.1 
A,PC_EXP_PROD,SITC6_8,WORLD,HR	35.3 	33.7 	32.6 	31.3 	29.8 	30.0 	28.2 	29.4 	26.7 	27.6 	26.8 	29.7 	32.4 	31.8 	32.3 	31.3 	31.8 	30.3 	30.5 	30.4 	28.2 	29.6 	29.6 	28.1 
A,PC_EXP_PROD,SITC6_8,WORLD,HU	23.3 	20.9 	19.7 	19.4 	18.9 	18.4 	18.1 	18.2 	18.1 	19.1 	20.2 	20.7 	20.8 	20.0 	20.5 	20.6 	20.2 	18.8 	18.1 	18.6 	16.8 	16.1 	16.1 	15.6 
A,PC_EXP_PROD,SITC6_8,WORLD,IE	10.7 	13.7 	13.9 	13.6 	12.0 	11.6 	12.4 	12.5 	13.9 	13.1 	13.8 	14.6 	14.9 	14.2 	13.9 	13.8 	12.8 	12.1 	10.8 	12.5 	12.0 	12.8 	11.8 	10.4 
A,PC_EXP_PROD,SITC6_8,WORLD,IT	41.1 	40.0 	40.7 	39.7 	39.9 	39.1 	37.9 	36.9 	36.7 	36.7 	36.1 	36.5 	36.8 	36.3 	36.1 	35.6 	35.6 	35.6 	33.8 	35.8 	35.1 	33.5 	33.2 	31.5 
A,PC_EXP_PROD,SITC6_8,WORLD,LT	30.7 	29.5 	28.3 	26.2 	26.5 	28.1 	23.4 	25.5 	24.2 	22.8 	22.8 	24.2 	26.1 	27.1 	28.9 	27.9 	28.1 	27.8 	28.8 	28.2 	25.7 	26.3 	26.5 	26.5 
A,PC_EXP_PROD,SITC6_8,WORLD,LU	45.8 	41.9 	44.4 	39.3 	37.0 	42.8 	41.3 	34.9 	42.4 	44.7 	42.9 	44.3 	43.8 	42.9 	44.0 	47.8 	47.2 	41.6 	45.0 	46.4 	47.4 	43.6 	43.2 	40.5 
A,PC_EXP_PROD,SITC6_8,WORLD,LV	47.5 	46.1 	43.4 	39.2 	38.9 	36.6 	36.1 	32.4 	33.2 	33.2 	32.2 	29.5 	28.5 	28.7 	29.5 	29.8 	29.6 	29.0 	28.5 	29.0 	24.9 	25.8 	25.6 	25.7 
A,PC_EXP_PROD,SITC6_8,WORLD,MT	26.8 	26.6 	25.0 	25.9 	21.7 	18.5 	18.7 	18.9 	16.4 	15.9 	15.3 	18.2 	21.2 	21.4 	16.1 	19.4 	21.8 	24.3 	28.2 	27.3 	24.2 	24.1 	22.5 	23.1 
A,PC_EXP_PROD,SITC6_8,WORLD,NL	22.0 	21.8 	21.5 	20.8 	21.8 	20.4 	18.9 	18.8 	18.6 	18.4 	17.1 	17.5 	18.4 	19.3 	20.1 	20.0 	19.8 	19.7 	19.9 	20.3 	18.8 	19.0 	20.0 	20.0 
A,PC_EXP_PROD,SITC6_8,WORLD,PL	41.1 	40.9 	38.4 	37.0 	36.4 	36.2 	34.6 	32.7 	33.1 	34.1 	33.8 	33.2 	33.7 	34.3 	35.1 	35.6 	35.8 	35.4 	35.3 	36.0 	34.6 	33.2 	33.9 	33.9 
A,PC_EXP_PROD,SITC6_8,WORLD,PT	46.4 	45.5 	44.6 	42.3 	40.8 	40.9 	39.9 	42.3 	40.5 	39.0 	38.6 	38.8 	40.5 	40.6 	41.2 	40.3 	39.5 	38.4 	38.5 	38.7 	37.5 	37.2 	36.0 	35.0 
A,PC_EXP_PROD,SITC6_8,WORLD,RO	57.6 	57.9 	54.9 	50.1 	45.7 	44.2 	38.1 	34.0 	33.4 	33.3 	33.8 	32.0 	32.1 	32.4 	32.0 	32.8 	32.3 	31.7 	30.5 	30.7 	30.0 	29.9 	28.5 	26.6 
A,PC_EXP_PROD,SITC6_8,WORLD,SE	30.7 	29.6 	29.3 	28.9 	28.7 	29.3 	28.9 	29.7 	28.8 	28.2 	27.9 	27.5 	27.2 	27.3 	26.9 	26.5 	25.5 	25.6 	26.0 	25.8 	25.1 	24.2 	24.7 	25.3 
A,PC_EXP_PROD,SITC6_8,WORLD,SI	44.0 	43.1 	42.2 	40.2 	39.0 	36.7 	34.9 	32.4 	32.5 	33.1 	32.2 	31.2 	31.0 	31.0 	31.6 	30.5 	30.2 	28.3 	27.0 	27.4 	24.4 	22.0 	19.3 	16.4 
A,PC_EXP_PROD,SITC6_8,WORLD,SK	40.9 	36.7 	35.8 	35.4 	33.6 	31.2 	29.8 	29.2 	29.0 	28.9 	27.4 	26.3 	27.1 	26.9 	26.1 	26.9 	26.8 	25.3 	23.7 	26.0 	25.7 	23.3 	24.2 	24.4 
A,PC_EXP_PROD,SITC7,EU27_2020,AT	43.6 	42.1 	43.1 	39.6 	40.6 	40.6 	38.4 	36.5 	36.3 	35.2 	36.0 	38.2 	37.8 	38.8 	39.9 	39.6 	39.3 	39.0 	37.0 	35.6 	34.3 	35.3 	35.7 	36.2 
A,PC_EXP_PROD,SITC7,EU27_2020,BE	27.9 	27.8 	27.2 	25.2 	24.2 	23.8 	22.4 	20.9 	19.7 	19.6 	19.2 	19.0 	19.9 	21.3 	22.3 	22.2 	21.6 	23.7 	22.9 	20.6 	17.4 	22.7 	23.3 	23.3 
A,PC_EXP_PROD,SITC7,EU27_2020,BG	11.9 	13.1 	12.6 	15.5 	15.4 	16.5 	16.9 	18.7 	19.6 	20.0 	20.3 	21.3 	23.1 	24.0 	24.1 	24.3 	25.8 	27.2 	27.1 	25.8 	23.1 	26.5 	24.6 	25.2 
A,PC_EXP_PROD,SITC7,EU27_2020,CY	10.2 	10.7 	23.5 	43.9 	29.0 	23.3 	17.1 	19.2 	19.9 	15.2 	9.2 	11.4 	48.6 	58.9 	45.6 	34.9 	35.7 	46.1 	32.1 	25.4 	22.1 	15.8 	21.4 	30.3 
A,PC_EXP_PROD,SITC7,EU27_2020,CZ	48.0 	49.4 	51.3 	50.3 	52.2 	52.8 	51.9 	52.2 	52.9 	52.7 	51.5 	51.0 	52.5 	53.3 	54.2 	55.2 	56.5 	57.5 	57.2 	54.3 	54.1 	57.2 	57.4 	57.1 
A,PC_EXP_PROD,SITC7,EU27_2020,DE	49.1 	47.8 	47.0 	47.4 	45.8 	45.7 	44.2 	42.1 	41.9 	41.5 	41.2 	40.6 	41.3 	42.8 	44.1 	44.4 	43.5 	43.7 	41.7 	40.3 	38.1 	42.7 	42.2 	42.9 
A,PC_EXP_PROD,SITC7,EU27_2020,DK	27.3 	26.8 	25.8 	25.9 	23.9 	23.8 	22.7 	21.8 	20.7 	21.2 	21.4 	23.0 	25.4 	26.0 	26.2 	23.7 	25.3 	26.5 	26.8 	23.8 	23.3 	23.9 	23.4 	23.8 
A,PC_EXP_PROD,SITC7,EU27_2020,EE	33.3 	33.3 	37.4 	41.1 	38.7 	35.4 	33.5 	29.9 	32.5 	34.5 	35.0 	36.4 	36.0 	36.8 	37.1 	33.6 	29.4 	28.8 	28.4 	26.1 	25.6 	33.0 	33.7 	34.5 
A,PC_EXP_PROD,SITC7,EU27_2020,EL	11.5 	12.3 	13.4 	10.6 	12.7 	11.6 	10.6 	9.7 	9.8 	10.0 	9.6 	8.0 	9.5 	11.0 	11.9 	10.8 	11.6 	11.3 	11.9 	11.6 	10.5 	11.1 	11.4 	10.8 
A,PC_EXP_PROD,SITC7,EU27_2020,ES	42.5 	42.7 	42.5 	40.9 	40.6 	39.8 	37.0 	37.5 	35.7 	35.8 	31.8 	32.3 	32.4 	34.4 	36.0 	33.7 	33.7 	33.2 	33.6 	29.0 	26.2 	29.9 	29.6 	28.8 
A,PC_EXP_PROD,SITC7,EU27_2020,EU27_2020	39.8 	39.6 	39.4 	38.5 	38.0 	38.0 	36.4 	35.6 	34.9 	34.2 	33.4 	33.4 	34.4 	36.3 	37.4 	37.0 	36.8 	37.3 	36.6 	34.3 	31.8 	35.7 	35.2 	35.4 
A,PC_EXP_PROD,SITC7,EU27_2020,FI	36.6 	35.0 	30.5 	35.3 	34.0 	34.2 	34.7 	34.6 	24.5 	22.6 	22.4 	21.7 	24.4 	29.0 	27.8 	31.7 	30.4 	32.8 	31.9 	31.9 	25.9 	27.2 	28.4 	26.5 
A,PC_EXP_PROD,SITC7,EU27_2020,FR	45.4 	44.7 	43.5 	40.3 	40.3 	38.0 	36.2 	36.1 	36.1 	34.4 	34.6 	34.8 	35.3 	37.2 	38.9 	36.8 	37.0 	37.3 	35.0 	32.2 	30.9 	33.9 	32.2 	32.4 
A,PC_EXP_PROD,SITC7,EU27_2020,HR	26.9 	31.3 	34.0 	31.6 	30.4 	32.3 	36.5 	30.8 	34.7 	31.6 	26.8 	23.6 	21.3 	23.4 	23.2 	24.0 	25.2 	25.9 	24.2 	22.3 	20.6 	25.9 	24.7 	26.7 
A,PC_EXP_PROD,SITC7,EU27_2020,HU	59.9 	62.2 	62.9 	61.7 	61.8 	60.4 	58.3 	58.0 	57.1 	52.5 	50.0 	51.2 	53.4 	56.2 	57.0 	55.2 	55.3 	57.7 	57.5 	54.8 	55.3 	59.7 	56.8 	57.9 
A,PC_EXP_PROD,SITC7,EU27_2020,IE	29.5 	28.9 	26.8 	24.8 	26.5 	24.4 	19.1 	13.1 	11.5 	11.9 	10.9 	13.0 	13.2 	14.0 	13.7 	15.1 	10.9 	10.7 	8.6 	10.4 	8.1 	8.0 	10.3 	12.0 
A,PC_EXP_PROD,SITC7,EU27_2020,IT	36.2 	35.8 	36.9 	36.3 	36.1 	36.5 	36.0 	34.2 	32.7 	32.5 	31.8 	31.9 	32.3 	33.8 	34.0 	33.6 	34.2 	33.5 	32.9 	31.4 	29.4 	32.4 	31.7 	30.9 
A,PC_EXP_PROD,SITC7,EU27_2020,LT	20.7 	24.0 	17.4 	16.3 	17.7 	17.1 	12.9 	13.0 	12.8 	11.1 	10.7 	11.4 	13.4 	15.7 	16.9 	18.1 	17.9 	18.3 	18.5 	18.0 	16.1 	20.2 	21.1 	21.3 
A,PC_EXP_PROD,SITC7,EU27_2020,LU	37.4 	41.9 	40.9 	48.9 	51.8 	44.5 	45.9 	49.5 	34.9 	30.5 	32.6 	31.9 	33.7 	35.4 	31.4 	26.0 	27.0 	35.6 	27.6 	26.0 	24.8 	28.2 	26.7 	31.1 
A,PC_EXP_PROD,SITC7,EU27_2020,LV	7.8 	8.8 	8.9 	13.0 	15.5 	17.1 	19.7 	22.3 	19.7 	19.7 	20.1 	20.7 	23.4 	24.8 	24.9 	22.6 	22.9 	23.0 	24.8 	21.4 	19.2 	23.4 	23.6 	24.6 
A,PC_EXP_PROD,SITC7,EU27_2020,MT	56.9 	57.7 	59.1 	54.8 	60.4 	53.7 	48.8 	41.0 	36.7 	28.4 	27.7 	26.3 	32.0 	30.7 	30.2 	27.7 	27.6 	31.9 	36.7 	29.1 	40.7 	50.4 	40.3 	36.8 
A,PC_EXP_PROD,SITC7,EU27_2020,NL	31.0 	31.3 	31.4 	31.6 	29.4 	30.2 	27.8 	28.9 	28.8 	27.2 	26.2 	25.7 	27.0 	30.2 	31.2 	31.4 	30.9 	31.2 	33.6 	30.3 	26.9 	29.6 	29.3 	29.6 
A,PC_EXP_PROD,SITC7,EU27_2020,PL	38.1 	38.2 	38.7 	38.4 	39.6 	40.0 	40.0 	43.0 	40.3 	37.1 	35.2 	34.5 	35.7 	36.2 	36.5 	35.7 	35.9 	36.9 	36.8 	35.9 	34.6 	37.6 	36.5 	36.0 
A,PC_EXP_PROD,SITC7,EU27_2020,PT	35.9 	34.6 	33.3 	32.1 	31.5 	30.7 	29.7 	27.5 	27.4 	28.5 	27.0 	25.4 	25.3 	26.3 	27.1 	27.4 	29.7 	32.3 	31.3 	29.3 	28.8 	30.6 	29.6 	29.8 
A,PC_EXP_PROD,SITC7,EU27_2020,RO	20.5 	22.6 	26.2 	28.2 	32.8 	36.0 	38.2 	44.8 	43.8 	43.2 	43.0 	44.1 	44.8 	46.5 	49.3 	48.5 	49.4 	50.4 	52.2 	48.5 	46.0 	49.5 	50.7 	51.0 
A,PC_EXP_PROD,SITC7,EU27_2020,SE	38.4 	39.8 	42.5 	40.1 	40.5 	40.5 	37.5 	33.8 	34.3 	36.2 	34.5 	35.0 	35.2 	37.2 	38.0 	37.5 	38.0 	39.2 	38.1 	35.5 	32.6 	37.7 	37.0 	36.6 
A,PC_EXP_PROD,SITC7,EU27_2020,SI	40.1 	39.5 	39.9 	41.0 	39.4 	43.2 	43.2 	43.9 	41.8 	39.6 	36.9 	37.9 	39.9 	41.0 	40.7 	43.2 	43.3 	43.7 	43.2 	42.5 	39.7 	42.9 	42.8 	42.6 
A,PC_EXP_PROD,SITC7,EU27_2020,SK	39.5 	44.9 	42.8 	42.2 	45.4 	49.7 	49.7 	51.0 	49.6 	48.0 	49.8 	51.5 	53.2 	55.5 	57.7 	56.5 	57.2 	59.0 	60.5 	56.4 	53.7 	58.3 	57.0 	57.6 
A,PC_EXP_PROD,SITC7,EXT_EU27_2020,AT	44.9 	47.7 	50.7 	47.6 	45.0 	44.8 	44.3 	40.8 	41.8 	42.7 	42.5 	42.3 	43.2 	44.1 	43.4 	43.9 	44.5 	45.1 	43.3 	41.8 	42.8 	45.6 	43.6 	43.5 
A,PC_EXP_PROD,SITC7,EXT_EU27_2020,BE	27.7 	27.6 	26.5 	25.5 	24.7 	24.0 	24.9 	22.7 	21.7 	22.8 	23.5 	22.2 	21.6 	22.5 	23.3 	22.7 	22.5 	22.6 	21.0 	16.3 	16.2 	20.9 	20.2 	22.1 
A,PC_EXP_PROD,SITC7,EXT_EU27_2020,BG	13.3 	12.9 	11.9 	13.3 	11.3 	12.7 	14.1 	13.7 	12.5 	12.0 	11.5 	13.2 	13.8 	15.8 	17.2 	15.9 	16.9 	16.8 	17.2 	17.0 	15.3 	18.6 	19.4 	20.5 
A,PC_EXP_PROD,SITC7,EXT_EU27_2020,CY	12.2 	12.1 	40.4 	37.6 	34.8 	26.8 	18.6 	21.3 	14.0 	14.7 	17.5 	31.2 	55.1 	55.2 	47.3 	43.8 	50.0 	36.7 	43.5 	48.2 	49.3 	38.6 	43.3 	15.7 
A,PC_EXP_PROD,SITC7,EXT_EU27_2020,CZ	56.5 	53.8 	53.6 	53.0 	57.3 	60.1 	61.7 	59.3 	61.2 	62.3 	62.9 	63.3 	63.5 	63.1 	64.1 	63.8 	64.0 	63.8 	63.7 	61.3 	62.0 	63.9 	65.8 	66.5 
A,PC_EXP_PROD,SITC7,EXT_EU27_2020,DE	59.2 	59.1 	58.8 	58.5 	57.6 	57.3 	56.3 	54.7 	56.6 	56.4 	56.5 	56.8 	56.9 	57.4 	57.0 	56.6 	56.7 	56.0 	53.8 	53.3 	52.2 	54.8 	53.4 	52.5 
A,PC_EXP_PROD,SITC7,EXT_EU27_2020,DK	31.7 	28.5 	30.0 	31.5 	31.3 	31.6 	33.1 	31.2 	30.3 	30.1 	27.6 	26.6 	27.8 	27.1 	27.0 	29.8 	27.8 	26.9 	23.8 	26.5 	24.6 	26.3 	27.7 	26.6 
A,PC_EXP_PROD,SITC7,EXT_EU27_2020,EE	15.0 	15.3 	19.0 	17.6 	18.5 	17.1 	21.3 	18.0 	22.2 	28.2 	30.5 	31.2 	30.0 	27.8 	31.1 	29.9 	32.3 	35.8 	38.1 	35.8 	29.2 	34.5 	33.7 	28.9 
A,PC_EXP_PROD,SITC7,EXT_EU27_2020,EL	14.6 	14.0 	13.0 	14.1 	11.8 	11.9 	13.5 	17.7 	10.6 	8.4 	7.0 	6.8 	7.4 	8.8 	8.3 	7.1 	6.0 	7.2 	8.9 	7.5 	7.1 	8.5 	8.2 	8.5 
A,PC_EXP_PROD,SITC7,EXT_EU27_2020,ES	36.6 	38.3 	39.5 	39.2 	38.2 	36.6 	33.3 	31.6 	30.8 	30.6 	28.9 	32.4 	31.2 	33.4 	34.4 	32.3 	31.0 	30.9 	28.8 	27.2 	26.6 	30.9 	29.6 	29.9 
A,PC_EXP_PROD,SITC7,EXT_EU27_2020,EU27_2020	45.7 	45.3 	45.5 	45.2 	44.1 	44.4 	43.7 	41.9 	42.3 	42.1 	41.5 	41.6 	41.8 	42.8 	42.8 	42.3 	41.7 	41.1 	39.5 	38.4 	37.1 	40.2 	39.2 	38.9 
A,PC_EXP_PROD,SITC7,EXT_EU27_2020,FI	51.8 	51.0 	50.4 	53.9 	51.4 	52.0 	54.3 	47.6 	41.9 	37.5 	36.8 	33.2 	34.6 	35.0 	33.5 	33.8 	32.4 	33.3 	36.7 	31.7 	33.1 	40.2 	36.1 	39.2 
A,PC_EXP_PROD,SITC7,EXT_EU27_2020,FR	48.1 	47.4 	47.1 	46.9 	42.7 	42.4 	41.5 	40.3 	41.3 	40.2 	41.1 	40.3 	40.4 	41.0 	41.0 	41.5 	41.1 	40.6 	35.0 	34.2 	34.6 	37.1 	37.3 	39.4 
A,PC_EXP_PROD,SITC7,EXT_EU27_2020,HR	31.5 	25.6 	29.1 	24.7 	26.0 	29.2 	29.2 	28.2 	27.2 	27.0 	26.8 	24.4 	23.1 	25.2 	23.9 	22.3 	20.2 	24.3 	23.2 	23.3 	18.2 	22.0 	21.7 	22.6 
A,PC_EXP_PROD,SITC7,EXT_EU27_2020,HU	52.7 	56.1 	60.8 	62.3 	65.3 	68.3 	67.1 	67.1 	68.7 	67.3 	61.8 	58.0 	55.3 	55.3 	55.6 	52.0 	48.8 	49.8 	49.2 	48.6 	53.7 	57.7 	57.2 	57.1 
A,PC_EXP_PROD,SITC7,EXT_EU27_2020,IE	39.4 	28.2 	27.1 	27.0 	26.1 	23.9 	22.4 	18.5 	12.7 	12.2 	12.9 	12.7 	12.7 	15.3 	20.0 	18.1 	15.8 	18.1 	18.0 	18.5 	17.4 	16.3 	16.4 	14.5 
A,PC_EXP_PROD,SITC7,EXT_EU27_2020,IT	38.8 	38.7 	39.5 	38.8 	38.8 	40.3 	40.2 	40.6 	39.3 	38.4 	36.7 	37.5 	38.6 	39.1 	39.6 	39.0 	37.9 	36.0 	35.8 	35.9 	34.3 	36.5 	34.7 	33.9 
A,PC_EXP_PROD,SITC7,EXT_EU27_2020,LT	32.4 	28.4 	28.8 	27.0 	29.4 	32.5 	26.7 	23.1 	24.5 	27.1 	26.0 	24.5 	27.4 	22.4 	21.6 	24.4 	23.1 	24.6 	24.3 	21.5 	21.7 	22.1 	17.9 	17.1 
A,PC_EXP_PROD,SITC7,EXT_EU27_2020,LU	46.3 	51.8 	46.7 	52.0 	57.0 	47.7 	51.8 	64.6 	61.8 	58.2 	58.9 	49.5 	36.4 	36.9 	38.9 	28.9 	30.8 	37.5 	33.5 	37.1 	37.1 	37.6 	37.8 	38.3 
A,PC_EXP_PROD,SITC7,EXT_EU27_2020,LV	9.1 	9.5 	11.8 	13.2 	19.0 	23.8 	24.4 	22.4 	20.6 	21.8 	19.7 	22.1 	21.0 	23.1 	22.4 	23.3 	22.1 	21.6 	21.7 	18.9 	18.8 	19.1 	13.5 	13.3 
A,PC_EXP_PROD,SITC7,EXT_EU27_2020,MT	70.7 	71.2 	70.1 	66.9 	67.8 	55.0 	49.3 	48.3 	46.8 	44.5 	46.1 	51.4 	55.0 	47.1 	34.1 	47.9 	43.1 	40.2 	38.4 	35.5 	39.2 	35.7 	38.2 	33.3 
A,PC_EXP_PROD,SITC7,EXT_EU27_2020,NL	36.3 	37.1 	38.1 	37.6 	35.5 	38.5 	35.6 	33.8 	34.7 	34.2 	33.3 	32.9 	34.1 	36.6 	35.7 	35.4 	34.9 	35.3 	36.5 	35.4 	33.8 	38.7 	37.4 	39.9 
A,PC_EXP_PROD,SITC7,EXT_EU27_2020,PL	35.9 	36.0 	38.9 	40.9 	42.1 	43.3 	45.0 	43.8 	43.2 	43.5 	42.5 	44.4 	42.9 	44.5 	42.6 	40.7 	41.4 	41.3 	39.5 	40.6 	39.7 	40.5 	39.8 	40.5 
A,PC_EXP_PROD,SITC7,EXT_EU27_2020,PT	30.8 	35.2 	36.0 	35.8 	35.8 	35.9 	34.7 	28.6 	26.4 	25.2 	26.3 	24.6 	25.4 	25.5 	25.7 	26.8 	25.6 	25.2 	25.0 	22.9 	21.0 	23.7 	22.8 	26.3 
A,PC_EXP_PROD,SITC7,EXT_EU27_2020,RO	22.6 	19.0 	18.0 	20.2 	24.2 	29.8 	31.3 	38.2 	39.0 	36.7 	35.0 	38.2 	37.2 	39.9 	41.3 	40.9 	41.7 	38.8 	38.1 	35.1 	30.5 	32.1 	37.3 	35.8 
A,PC_EXP_PROD,SITC7,EXT_EU27_2020,SE	50.5 	50.7 	49.9 	50.5 	48.3 	48.2 	47.1 	43.7 	44.8 	46.4 	42.3 	43.3 	41.8 	43.1 	43.8 	43.9 	44.0 	42.1 	41.2 	40.5 	38.3 	42.4 	42.8 	41.6 
A,PC_EXP_PROD,SITC7,EXT_EU27_2020,SI	27.9 	27.7 	33.0 	33.1 	34.6 	36.2 	35.3 	31.7 	32.6 	32.1 	32.7 	32.2 	31.1 	32.2 	34.0 	33.3 	32.4 	27.1 	24.0 	22.3 	16.8 	15.5 	13.8 	11.9 
A,PC_EXP_PROD,SITC7,EXT_EU27_2020,SK	40.2 	60.9 	62.2 	56.0 	62.2 	67.6 	72.2 	72.0 	73.2 	73.6 	74.7 	75.8 	74.3 	73.5 	74.4 	73.6 	75.0 	75.3 	77.5 	76.0 	73.5 	79.5 	77.2 	75.4 
A,PC_EXP_PROD,SITC7,WORLD,AT	44.0 	43.7 	45.3 	42.1 	41.9 	41.9 	40.1 	37.8 	38.0 	37.6 	38.2 	39.6 	39.6 	40.5 	41.0 	41.0 	40.9 	41.0 	38.9 	37.5 	36.9 	38.5 	38.2 	38.5 
A,PC_EXP_PROD,SITC7,WORLD,BE	27.9 	27.8 	27.0 	25.3 	24.4 	23.9 	23.2 	21.5 	20.4 	20.7 	20.8 	20.2 	20.6 	21.7 	22.6 	22.4 	21.9 	23.3 	22.2 	19.2 	17.0 	22.1 	22.3 	22.9 
A,PC_EXP_PROD,SITC7,WORLD,BG	12.4 	13.0 	12.4 	14.6 	13.8 	14.9 	15.8 	16.9 	16.7 	16.8 	16.6 	17.9 	19.4 	20.9 	21.6 	21.1 	22.7 	23.5 	23.7 	22.9 	20.4 	23.6 	22.8 	23.5 
A,PC_EXP_PROD,SITC7,WORLD,CY	11.4 	11.4 	32.8 	41.2 	31.6 	24.8 	17.7 	20.0 	17.4 	15.0 	13.2 	22.4 	52.3 	56.7 	46.7 	40.9 	46.4 	40.5 	39.6 	41.9 	42.3 	33.5 	37.9 	19.7 
A,PC_EXP_PROD,SITC7,WORLD,CZ	49.7 	50.1 	51.7 	50.8 	53.1 	54.2 	53.8 	53.6 	54.6 	54.8 	54.2 	53.9 	55.1 	55.5 	56.3 	57.1 	58.1 	58.8 	58.5 	55.7 	55.6 	58.5 	59.1 	59.1 
A,PC_EXP_PROD,SITC7,WORLD,DE	53.6 	52.7 	52.1 	52.1 	50.9 	50.6 	49.4 	47.6 	48.6 	48.5 	48.8 	48.6 	49.0 	50.0 	50.4 	50.3 	49.8 	49.5 	47.4 	46.3 	44.4 	48.2 	47.3 	47.1 
A,PC_EXP_PROD,SITC7,WORLD,DK	29.1 	27.4 	27.4 	28.0 	26.7 	26.8 	26.7 	25.6 	24.8 	25.1 	24.3 	24.6 	26.5 	26.5 	26.6 	26.5 	26.5 	26.7 	25.4 	25.1 	23.9 	25.0 	25.4 	25.1 
A,PC_EXP_PROD,SITC7,WORLD,EE	29.0 	29.4 	33.1 	35.1 	31.2 	29.5 	29.5 	26.0 	29.1 	32.3 	33.4 	34.7 	34.2 	34.3 	35.4 	32.5 	30.4 	31.0 	31.7 	29.3 	26.6 	33.4 	33.7 	33.1 
A,PC_EXP_PROD,SITC7,WORLD,EL	12.8 	13.0 	13.2 	12.1 	12.4 	11.7 	11.8 	13.5 	10.2 	9.2 	8.1 	7.3 	8.3 	9.9 	10.2 	8.9 	8.8 	9.4 	10.6 	9.7 	9.0 	10.0 	10.0 	9.8 
A,PC_EXP_PROD,SITC7,WORLD,ES	40.4 	41.2 	41.5 	40.3 	39.7 	38.6 	35.6 	35.3 	33.9 	33.7 	30.6 	32.4 	31.9 	34.0 	35.4 	33.2 	32.6 	32.2 	31.8 	28.3 	26.4 	30.3 	29.6 	29.2 
A,PC_EXP_PROD,SITC7,WORLD,FI	43.9 	42.6 	40.2 	44.6 	42.6 	42.9 	44.4 	41.0 	33.2 	29.9 	29.8 	27.5 	29.3 	31.8 	30.4 	32.6 	31.3 	33.0 	34.1 	31.8 	29.1 	32.9 	31.6 	32.0 
A,PC_EXP_PROD,SITC7,WORLD,FR	46.6 	45.8 	45.0 	43.3 	41.3 	39.8 	38.5 	37.9 	38.5 	37.1 	37.7 	37.4 	37.7 	39.1 	39.9 	39.0 	39.0 	38.9 	35.0 	33.1 	32.5 	35.3 	34.6 	35.6 
A,PC_EXP_PROD,SITC7,WORLD,HR	28.5 	29.4 	32.3 	28.9 	28.8 	31.0 	33.5 	29.7 	31.7 	29.7 	26.8 	23.9 	22.0 	24.1 	23.4 	23.3 	23.5 	25.3 	23.9 	22.6 	19.9 	24.7 	23.6 	25.3 
A,PC_EXP_PROD,SITC7,WORLD,HU	58.5 	61.0 	62.5 	61.8 	62.6 	62.3 	60.5 	60.3 	60.2 	56.5 	53.2 	53.0 	53.8 	56.0 	56.7 	54.5 	53.8 	56.0 	55.7 	53.5 	54.9 	59.2 	56.9 	57.7 
A,PC_EXP_PROD,SITC7,WORLD,IE	35.2 	28.5 	27.0 	26.0 	26.3 	24.2 	20.9 	16.1 	12.2 	12.0 	12.0 	12.8 	12.9 	14.8 	17.7 	16.9 	13.9 	15.3 	14.2 	15.4 	13.8 	12.8 	14.0 	13.7 
A,PC_EXP_PROD,SITC7,WORLD,IT	37.4 	37.1 	38.0 	37.4 	37.3 	38.1 	37.9 	37.2 	35.8 	35.3 	34.3 	34.8 	35.5 	36.5 	36.8 	36.3 	36.0 	34.7 	34.3 	33.5 	31.7 	34.4 	33.2 	32.3 
A,PC_EXP_PROD,SITC7,WORLD,LT	25.9 	25.9 	21.7 	20.5 	22.5 	23.2 	19.0 	17.1 	18.0 	17.9 	17.7 	17.9 	20.2 	18.6 	18.9 	20.9 	20.3 	21.1 	21.1 	19.5 	18.2 	21.0 	20.1 	20.0 
A,PC_EXP_PROD,SITC7,WORLD,LU	39.2 	43.8 	42.0 	49.5 	52.8 	45.1 	46.9 	52.6 	42.0 	37.9 	39.5 	35.8 	34.3 	35.7 	32.9 	26.6 	27.7 	36.0 	28.8 	28.2 	27.2 	30.1 	28.8 	32.3 
A,PC_EXP_PROD,SITC7,WORLD,LV	8.3 	9.1 	9.9 	13.1 	16.7 	19.4 	21.3 	22.3 	20.0 	20.5 	20.0 	21.2 	22.5 	24.2 	24.0 	22.9 	22.6 	22.5 	23.6 	20.5 	19.1 	21.8 	20.5 	21.1 
A,PC_EXP_PROD,SITC7,WORLD,MT	65.7 	66.1 	65.9 	61.9 	64.7 	54.5 	49.1 	45.7 	43.1 	38.6 	39.6 	41.1 	44.5 	40.5 	32.6 	37.1 	34.8 	35.7 	37.5 	32.4 	39.9 	43.5 	39.2 	35.1 
A,PC_EXP_PROD,SITC7,WORLD,NL	32.6 	33.0 	33.4 	33.3 	31.2 	32.8 	30.1 	30.4 	30.6 	29.3 	28.5 	28.1 	29.4 	32.3 	32.7 	32.7 	32.2 	32.6 	34.6 	31.8 	28.9 	32.3 	31.8 	32.8 
A,PC_EXP_PROD,SITC7,WORLD,PL	37.6 	37.7 	38.8 	39.1 	40.3 	40.9 	41.4 	43.2 	41.1 	38.9 	37.4 	37.6 	37.8 	38.5 	38.2 	37.0 	37.3 	38.1 	37.5 	37.1 	35.9 	38.3 	37.3 	37.1 
A,PC_EXP_PROD,SITC7,WORLD,PT	34.4 	34.8 	34.1 	33.1 	32.7 	32.2 	31.3 	27.9 	27.1 	27.5 	26.8 	25.1 	25.3 	26.0 	26.7 	27.2 	28.4 	30.2 	29.5 	27.5 	26.5 	28.6 	27.6 	28.8 
A,PC_EXP_PROD,SITC7,WORLD,RO	21.2 	21.5 	23.7 	25.4 	29.9 	34.1 	35.9 	42.9 	42.3 	41.1 	40.4 	42.1 	42.3 	44.5 	46.9 	46.4 	47.3 	47.3 	48.5 	44.9 	41.7 	44.7 	46.9 	46.6 
A,PC_EXP_PROD,SITC7,WORLD,SE	44.3 	45.1 	46.1 	45.2 	44.2 	44.0 	42.0 	38.7 	39.6 	41.4 	38.4 	39.0 	38.4 	40.1 	40.7 	40.5 	40.8 	40.6 	39.6 	37.8 	35.2 	39.8 	39.6 	38.9 
A,PC_EXP_PROD,SITC7,WORLD,SI	37.1 	36.6 	38.2 	39.0 	38.2 	41.4 	41.2 	40.8 	39.5 	37.8 	35.7 	36.4 	37.6 	38.7 	38.9 	40.7 	40.6 	39.1 	36.9 	36.0 	31.2 	31.6 	29.8 	27.0 
A,PC_EXP_PROD,SITC7,WORLD,SK	39.6 	47.4 	45.8 	44.3 	48.2 	52.9 	54.0 	54.8 	54.0 	52.7 	54.7 	56.7 	57.6 	59.1 	61.0 	59.8 	60.6 	62.2 	64.0 	60.2 	57.6 	63.1 	61.5 	61.4 
A,PC_EXP_PROD,SITC9,EU27_2020,AT	0.6 	0.5 	0.3 	0.1 	0.1 	0.0 	0.1 	0.4 	0.9 	1.0 	0.8 	0.9 	0.4 	0.6 	0.6 	0.5 	0.7 	0.7 	1.6 	1.6 	1.8 	1.1 	1.2 	1.9 
A,PC_EXP_PROD,SITC9,EU27_2020,BE	0.2 	0.2 	0.2 	0.3 	0.3 	0.3 	0.3 	0.4 	1.0 	1.2 	1.3 	1.4 	1.7 	1.7 	1.8 	2.1 	0.6 	0.7 	0.8 	0.7 	0.6 	0.7 	0.8 	1.1 
A,PC_EXP_PROD,SITC9,EU27_2020,BG	1.6 	2.4 	3.4 	0.0 	0.0 	0.0 	0.0 	0.1 	0.1 	0.1 	0.2 	0.2 	0.3 	0.4 	0.3 	0.4 	0.4 	0.4 	0.5 	0.4 	3.8 	0.0 	0.0 	0.1 
A,PC_EXP_PROD,SITC9,EU27_2020,CY	0.3 	0.3 	0.3 	0.8 	0.4 	0.2 	0.9 	0.3 	0.2 	0.2 	0.1 	0.2 	0.1 	0.3 	1.2 	1.6 	1.2 	1.1 	1.9 	0.5 	0.4 	0.5 	2.1 	0.2 
A,PC_EXP_PROD,SITC9,EU27_2020,CZ	0.2 	0.1 	0.1 	0.0 	0.0 	0.0 	0.0 	0.1 	0.1 	0.1 	0.1 	0.2 	0.2 	0.2 	0.2 	0.2 	0.2 	0.2 	0.3 	0.2 	0.4 	0.3 	0.3 	0.4 
A,PC_EXP_PROD,SITC9,EU27_2020,DE	3.0 	3.9 	2.9 	0.5 	0.7 	0.6 	0.7 	1.0 	1.0 	0.7 	1.0 	0.9 	1.0 	1.0 	1.0 	0.8 	0.6 	0.6 	1.0 	1.2 	1.2 	0.6 	0.6 	0.9 
A,PC_EXP_PROD,SITC9,EU27_2020,DK	3.8 	1.0 	1.0 	-0.4 	1.0 	0.8 	0.8 	0.8 	0.7 	0.8 	0.8 	0.8 	0.8 	0.8 	-0.1 	-0.4 	-0.3 	-0.2 	-0.3 	0.7 	0.2 	0.2 	0.1 	0.0 
A,PC_EXP_PROD,SITC9,EU27_2020,EE	0.0 	0.0 	0.2 	0.3 	0.3 	0.4 	0.3 	0.5 	0.8 	1.8 	1.6 	1.1 	0.9 	0.8 	1.1 	0.8 	0.8 	1.3 	2.7 	2.1 	1.5 	1.1 	1.6 	3.1 
A,PC_EXP_PROD,SITC9,EU27_2020,EL	2.2 	2.6 	3.7 	0.1 	0.0 	0.0 	0.0 	0.0 	2.8 	3.1 	3.1 	2.6 	2.6 	2.6 	2.2 	1.9 	1.8 	1.6 	1.2 	1.2 	0.1 	0.1 	0.2 	0.2 
A,PC_EXP_PROD,SITC9,EU27_2020,ES	0.5 	0.6 	0.8 	0.1 	0.1 	0.3 	0.3 	0.2 	0.9 	1.3 	1.6 	1.3 	1.1 	1.1 	1.0 	1.0 	1.0 	0.9 	1.2 	1.3 	0.5 	0.7 	0.8 	0.9 
A,PC_EXP_PROD,SITC9,EU27_2020,EU27_2020	1.4 	1.6 	1.1 	0.3 	0.4 	0.4 	0.3 	0.4 	0.6 	0.6 	0.8 	0.6 	0.6 	0.6 	0.6 	0.6 	0.3 	0.4 	0.6 	0.7 	0.7 	0.5 	0.6 	0.8 
A,PC_EXP_PROD,SITC9,EU27_2020,FI	1.2 	1.3 	1.5 	-0.4 	-0.7 	-0.6 	-0.5 	-0.8 	-0.6 	-0.4 	-0.6 	-0.4 	-0.5 	-0.6 	-0.4 	-0.3 	-0.3 	-0.2 	-0.7 	0.1 	0.7 	2.8 	2.3 	1.5 
A,PC_EXP_PROD,SITC9,EU27_2020,FR	0.6 	0.5 	0.7 	0.7 	0.4 	1.2 	0.5 	0.7 	0.8 	1.2 	1.3 	1.0 	0.9 	0.8 	1.0 	1.0 	0.9 	1.0 	1.4 	1.5 	1.4 	1.2 	1.7 	2.3 
A,PC_EXP_PROD,SITC9,EU27_2020,HR	0.0 	0.2 	0.0 	0.0 	0.0 	0.1 	0.0 	0.1 	0.1 	0.9 	3.3 	1.9 	1.7 	1.3 	0.6 	0.4 	0.4 	0.4 	0.5 	0.5 	0.6 	0.4 	0.4 	0.6 
A,PC_EXP_PROD,SITC9,EU27_2020,HU	1.2 	1.0 	0.3 	0.1 	0.1 	0.1 	0.1 	0.1 	0.1 	0.2 	0.2 	0.2 	0.1 	0.1 	0.1 	0.1 	-0.3 	0.3 	0.3 	0.3 	0.1 	0.1 	0.2 	0.2 
A,PC_EXP_PROD,SITC9,EU27_2020,IE	3.2 	3.8 	4.1 	3.9 	3.4 	3.0 	2.6 	2.6 	0.6 	0.5 	0.5 	0.6 	0.6 	0.5 	0.5 	0.4 	0.4 	0.4 	0.6 	0.6 	0.1 	0.0 	0.0 	0.2 
A,PC_EXP_PROD,SITC9,EU27_2020,IT	1.8 	3.4 	0.1 	0.2 	0.2 	0.2 	0.2 	0.3 	0.4 	0.8 	0.9 	0.5 	0.3 	0.2 	0.3 	0.3 	0.4 	0.4 	0.4 	0.4 	0.5 	0.5 	0.8 	0.9 
A,PC_EXP_PROD,SITC9,EU27_2020,LT	0.2 	0.2 	0.0 	0.0 	0.0 	0.0 	0.0 	0.0 	0.0 	0.0 	0.0 	0.0 	0.0 	0.1 	0.0 	0.1 	0.0 	0.0 	0.0 	0.0 	0.0 	0.0 	0.0 	0.1 
A,PC_EXP_PROD,SITC9,EU27_2020,LU	0.9 	0.9 	0.9 	0.1 	0.2 	0.3 	0.4 	0.4 	1.6 	1.9 	1.7 	1.6 	1.6 	1.4 	1.6 	2.0 	1.9 	1.6 	1.5 	1.7 	1.4 	1.3 	1.7 	1.9 
A,PC_EXP_PROD,SITC9,EU27_2020,LV	0.1 	0.1 	4.5 	0.1 	0.0 	0.0 	0.0 	0.3 	0.3 	0.4 	0.7 	0.6 	0.6 	0.4 	0.4 	0.3 	0.3 	0.3 	0.2 	0.1 	0.2 	0.2 	0.2 	0.2 
A,PC_EXP_PROD,SITC9,EU27_2020,MT	0.1 	0.0 	1.7 	2.0 	1.6 	1.8 	2.7 	2.3 	2.2 	2.1 	2.4 	2.0 	2.2 	2.4 	2.0 	1.7 	1.9 	2.0 	0.6 	0.9 	1.5 	1.6 	1.9 	2.1 
A,PC_EXP_PROD,SITC9,EU27_2020,NL	0.0 	-0.1 	0.0 	0.0 	0.1 	0.1 	-0.7 	-0.4 	-0.3 	-0.1 	-0.2 	-0.5 	-0.6 	-0.2 	-0.5 	0.1 	-0.5 	-0.2 	-0.1 	0.1 	0.2 	0.2 	0.1 	0.1 
A,PC_EXP_PROD,SITC9,EU27_2020,PL	0.0 	0.0 	0.0 	0.0 	0.0 	0.0 	0.0 	0.0 	0.0 	0.1 	0.5 	0.2 	0.1 	0.1 	0.2 	0.1 	0.1 	0.1 	0.1 	0.1 	0.1 	0.1 	0.1 	0.1 
A,PC_EXP_PROD,SITC9,EU27_2020,PT	0.1 	0.1 	0.1 	0.0 	0.0 	0.0 	0.1 	0.4 	1.0 	1.9 	2.5 	1.3 	0.8 	0.6 	0.6 	0.5 	0.4 	0.5 	0.5 	0.3 	0.3 	0.3 	0.4 	0.6 
A,PC_EXP_PROD,SITC9,EU27_2020,RO	0.2 	0.3 	0.1 	0.0 	0.0 	0.0 	0.0 	0.0 	0.0 	0.0 	0.0 	0.0 	0.0 	0.0 	0.0 	0.0 	0.0 	0.0 	0.0 	0.0 	0.0 	0.2 	0.3 	0.3 
A,PC_EXP_PROD,SITC9,EU27_2020,SE	2.4 	1.8 	-0.1 	-0.1 	0.0 	0.0 	-0.1 	0.0 	0.0 	0.0 	0.0 	-0.1 	-0.2 	-0.1 	-0.1 	-0.1 	-0.1 	-0.2 	0.1 	0.2 	0.1 	0.1 	0.2 	0.3 
A,PC_EXP_PROD,SITC9,EU27_2020,SI	0.2 	0.2 	0.1 	0.0 	0.0 	0.0 	0.0 	0.0 	0.0 	0.1 	0.2 	0.2 	0.1 	0.1 	0.1 	0.1 	0.1 	0.1 	0.1 	0.1 	0.1 	0.1 	0.6 	2.1 
A,PC_EXP_PROD,SITC9,EU27_2020,SK	0.0 	0.0 	0.1 	0.1 	0.1 	0.3 	0.2 	0.3 	0.3 	0.2 	0.2 	0.2 	0.3 	0.2 	0.3 	0.2 	0.2 	0.3 	0.2 	0.1 	0.2 	0.2 	0.2 	0.3 
A,PC_EXP_PROD,SITC9,EXT_EU27_2020,AT	1.1 	0.8 	0.9 	1.5 	1.2 	1.1 	0.9 	0.8 	0.9 	0.6 	0.7 	1.2 	1.4 	1.1 	1.0 	0.7 	0.5 	0.5 	1.0 	1.7 	1.9 	2.2 	1.6 	3.1 
A,PC_EXP_PROD,SITC9,EXT_EU27_2020,BE	0.2 	0.2 	0.1 	0.1 	0.2 	0.2 	1.3 	1.4 	1.7 	2.3 	1.5 	2.5 	2.9 	3.0 	3.6 	3.6 	1.8 	2.0 	1.5 	1.1 	1.1 	1.0 	1.3 	1.5 
A,PC_EXP_PROD,SITC9,EXT_EU27_2020,BG	16.5 	10.9 	7.0 	2.6 	1.3 	0.1 	0.1 	0.3 	0.3 	0.5 	0.6 	0.6 	0.5 	0.4 	0.4 	0.3 	0.3 	0.4 	0.5 	0.5 	2.8 	1.4 	0.6 	0.4 
A,PC_EXP_PROD,SITC9,EXT_EU27_2020,CY	0.1 	0.1 	0.7 	0.7 	0.4 	0.3 	0.2 	0.4 	2.3 	6.1 	8.9 	6.0 	4.1 	0.8 	1.9 	3.3 	2.0 	4.1 	3.6 	2.1 	2.8 	2.4 	0.9 	1.0 
A,PC_EXP_PROD,SITC9,EXT_EU27_2020,CZ	0.1 	0.1 	0.1 	0.0 	0.0 	0.0 	0.1 	0.1 	0.1 	0.2 	0.2 	0.3 	0.3 	0.3 	0.2 	0.3 	0.5 	0.7 	0.9 	1.7 	1.7 	0.8 	0.5 	0.5 
A,PC_EXP_PROD,SITC9,EXT_EU27_2020,DE	2.7 	3.0 	2.1 	1.7 	1.4 	1.3 	1.2 	1.5 	2.1 	2.6 	2.1 	1.8 	2.0 	2.0 	2.2 	1.5 	1.2 	1.5 	1.8 	1.1 	1.3 	1.8 	2.5 	2.4 
A,PC_EXP_PROD,SITC9,EXT_EU27_2020,DK	5.4 	3.9 	4.1 	3.3 	3.3 	2.9 	2.7 	3.0 	1.4 	1.3 	1.3 	1.1 	1.0 	1.1 	1.8 	2.1 	2.1 	2.0 	1.5 	0.4 	0.5 	0.6 	0.7 	0.7 
A,PC_EXP_PROD,SITC9,EXT_EU27_2020,EE	0.0 	0.0 	0.1 	0.2 	0.1 	0.1 	0.1 	0.2 	0.4 	0.8 	1.0 	1.8 	1.2 	0.8 	0.9 	0.6 	0.6 	1.0 	0.5 	0.5 	0.7 	1.1 	1.5 	2.6 
A,PC_EXP_PROD,SITC9,EXT_EU27_2020,EL	0.9 	1.4 	2.1 	1.6 	1.2 	2.3 	2.3 	2.3 	2.2 	2.5 	1.7 	1.9 	1.7 	2.0 	2.1 	1.8 	1.5 	1.6 	2.0 	1.6 	0.5 	0.5 	0.4 	0.4 
A,PC_EXP_PROD,SITC9,EXT_EU27_2020,ES	2.1 	2.2 	2.2 	1.6 	1.9 	1.9 	2.0 	3.0 	3.0 	4.2 	4.8 	3.3 	2.0 	2.2 	2.4 	1.6 	1.5 	1.9 	2.2 	2.2 	1.4 	1.4 	1.9 	2.5 
A,PC_EXP_PROD,SITC9,EXT_EU27_2020,EU27_2020	2.0 	2.1 	1.8 	1.5 	1.5 	1.3 	1.6 	2.0 	1.9 	2.2 	2.2 	2.0 	1.9 	1.9 	2.1 	1.7 	1.5 	1.7 	1.9 	1.6 	1.4 	1.6 	1.8 	2.2 
A,PC_EXP_PROD,SITC9,EXT_EU27_2020,FI	0.3 	0.3 	0.9 	0.5 	0.8 	0.7 	0.6 	1.2 	1.3 	1.5 	1.3 	1.0 	1.0 	2.0 	2.2 	1.8 	1.6 	1.7 	1.5 	2.7 	2.9 	3.4 	4.1 	6.1 
A,PC_EXP_PROD,SITC9,EXT_EU27_2020,FR	2.6 	2.3 	3.5 	2.7 	3.4 	2.1 	2.8 	2.9 	2.0 	2.1 	2.1 	2.2 	2.0 	2.4 	2.7 	2.3 	2.4 	3.0 	2.9 	3.6 	2.5 	2.5 	2.7 	3.2 
A,PC_EXP_PROD,SITC9,EXT_EU27_2020,HR	0.0 	0.0 	0.0 	0.0 	0.0 	0.0 	0.0 	0.0 	0.0 	0.0 	0.0 	0.1 	0.4 	0.2 	0.2 	0.1 	0.1 	0.2 	0.5 	0.4 	0.6 	0.3 	0.4 	1.0 
A,PC_EXP_PROD,SITC9,EXT_EU27_2020,HU	1.2 	1.0 	0.3 	0.1 	0.1 	0.1 	0.1 	0.1 	0.1 	0.1 	0.3 	0.2 	0.2 	0.3 	0.2 	0.8 	3.3 	2.3 	2.4 	2.9 	2.8 	1.9 	1.2 	1.0 
A,PC_EXP_PROD,SITC9,EXT_EU27_2020,IE	3.4 	4.6 	4.6 	4.1 	3.5 	3.1 	3.6 	5.1 	4.2 	0.8 	0.9 	1.0 	1.0 	0.9 	0.8 	0.7 	0.7 	0.5 	0.5 	0.1 	0.0 	0.0 	0.0 	0.0 
A,PC_EXP_PROD,SITC9,EXT_EU27_2020,IT	1.5 	1.8 	0.8 	0.8 	0.8 	1.1 	1.2 	2.3 	2.5 	3.5 	4.3 	3.1 	2.5 	2.4 	2.6 	2.1 	2.3 	3.0 	4.3 	3.6 	2.9 	2.9 	3.1 	5.1 
A,PC_EXP_PROD,SITC9,EXT_EU27_2020,LT	0.3 	0.3 	0.1 	0.1 	0.0 	0.0 	0.0 	0.1 	0.1 	0.2 	0.1 	0.1 	0.1 	0.1 	0.2 	0.2 	0.2 	0.1 	0.1 	0.1 	0.1 	0.1 	0.2 	0.2 
A,PC_EXP_PROD,SITC9,EXT_EU27_2020,LU	1.7 	1.4 	1.9 	0.6 	0.2 	1.4 	1.5 	1.6 	1.8 	5.5 	3.0 	0.9 	7.0 	2.8 	5.1 	8.5 	2.6 	2.3 	1.6 	1.6 	1.7 	5.3 	2.6 	3.5 
A,PC_EXP_PROD,SITC9,EXT_EU27_2020,LV	0.6 	0.7 	0.2 	0.0 	0.2 	0.2 	0.2 	0.2 	0.4 	0.3 	0.5 	0.4 	0.8 	1.0 	1.0 	0.3 	0.5 	0.3 	0.3 	0.2 	2.8 	2.8 	2.0 	1.9 
A,PC_EXP_PROD,SITC9,EXT_EU27_2020,MT	0.0 	0.0 	0.0 	0.0 	0.1 	0.0 	0.1 	0.2 	0.4 	0.2 	0.2 	0.4 	0.5 	0.3 	0.3 	0.6 	0.4 	0.4 	0.1 	0.4 	0.6 	0.9 	4.1 	3.4 
A,PC_EXP_PROD,SITC9,EXT_EU27_2020,NL	0.8 	1.0 	0.6 	0.9 	0.8 	0.9 	3.3 	2.6 	2.3 	2.2 	2.4 	2.6 	2.4 	1.7 	2.4 	1.3 	2.1 	1.4 	1.2 	0.7 	0.5 	0.6 	0.9 	0.9 
A,PC_EXP_PROD,SITC9,EXT_EU27_2020,PL	0.0 	0.0 	0.0 	0.0 	0.1 	0.0 	0.1 	0.1 	0.1 	0.1 	0.1 	0.1 	0.2 	0.2 	0.5 	0.6 	0.4 	0.4 	0.3 	0.1 	0.6 	0.3 	0.3 	0.7 
A,PC_EXP_PROD,SITC9,EXT_EU27_2020,PT	0.7 	0.7 	0.8 	0.3 	0.3 	0.3 	0.3 	0.5 	0.5 	0.2 	0.1 	0.1 	0.1 	0.2 	0.2 	0.1 	0.2 	0.1 	0.3 	0.2 	0.1 	0.2 	0.1 	0.2 
A,PC_EXP_PROD,SITC9,EXT_EU27_2020,RO	1.1 	1.3 	1.4 	1.9 	1.3 	0.0 	0.0 	0.0 	0.0 	0.0 	0.1 	0.1 	0.1 	0.1 	0.1 	0.1 	0.1 	0.0 	0.0 	0.1 	0.3 	0.3 	0.5 	0.8 
A,PC_EXP_PROD,SITC9,EXT_EU27_2020,SE	1.0 	0.9 	0.5 	0.6 	0.6 	0.6 	0.8 	1.0 	1.0 	1.0 	1.3 	1.2 	1.2 	1.2 	1.4 	1.2 	1.2 	1.3 	1.3 	0.8 	0.9 	0.9 	0.8 	0.9 
A,PC_EXP_PROD,SITC9,EXT_EU27_2020,SI	0.3 	0.3 	0.1 	0.2 	0.0 	0.1 	0.1 	0.1 	0.1 	0.2 	0.2 	0.2 	0.2 	0.2 	0.1 	0.1 	0.1 	0.0 	0.1 	0.1 	0.2 	0.2 	0.1 	0.1 
A,PC_EXP_PROD,SITC9,EXT_EU27_2020,SK	0.1 	0.1 	0.3 	0.2 	0.1 	0.1 	0.1 	0.2 	0.1 	0.1 	0.2 	0.6 	0.2 	0.3 	0.3 	0.2 	0.3 	0.4 	0.1 	0.0 	0.1 	0.0 	0.1 	0.0 
A,PC_EXP_PROD,SITC9,WORLD,AT	0.7 	0.6 	0.5 	0.5 	0.5 	0.3 	0.3 	0.5 	0.9 	0.9 	0.8 	1.0 	0.7 	0.7 	0.7 	0.6 	0.6 	0.7 	1.4 	1.7 	1.8 	1.5 	1.3 	2.3 
A,PC_EXP_PROD,SITC9,WORLD,BE	0.2 	0.2 	0.2 	0.2 	0.2 	0.2 	0.6 	0.7 	1.3 	1.6 	1.4 	1.8 	2.2 	2.2 	2.5 	2.6 	1.0 	1.1 	1.0 	0.8 	0.8 	0.8 	0.9 	1.2 
A,PC_EXP_PROD,SITC9,WORLD,BG	7.6 	5.7 	4.8 	1.1 	0.5 	0.1 	0.1 	0.1 	0.2 	0.3 	0.4 	0.4 	0.4 	0.4 	0.4 	0.4 	0.4 	0.4 	0.5 	0.4 	3.4 	0.5 	0.2 	0.2 
A,PC_EXP_PROD,SITC9,WORLD,CY	0.2 	0.2 	0.5 	0.8 	0.4 	0.2 	0.6 	0.3 	1.1 	2.6 	4.4 	3.5 	2.4 	0.6 	1.7 	2.7 	1.8 	2.9 	3.1 	1.6 	2.2 	2.0 	1.2 	0.8 
A,PC_EXP_PROD,SITC9,WORLD,CZ	0.2 	0.1 	0.1 	0.0 	0.0 	0.0 	0.1 	0.1 	0.1 	0.1 	0.1 	0.2 	0.2 	0.2 	0.2 	0.3 	0.3 	0.3 	0.4 	0.5 	0.6 	0.4 	0.3 	0.4 
A,PC_EXP_PROD,SITC9,WORLD,DE	2.9 	3.5 	2.5 	1.0 	1.0 	0.9 	0.9 	1.2 	1.5 	1.6 	1.5 	1.3 	1.5 	1.5 	1.6 	1.1 	0.8 	1.0 	1.4 	1.1 	1.2 	1.2 	1.5 	1.5 
A,PC_EXP_PROD,SITC9,WORLD,DK	4.5 	2.2 	2.2 	1.0 	1.9 	1.6 	1.5 	1.7 	1.0 	1.0 	1.1 	0.9 	0.9 	0.9 	0.8 	0.7 	0.8 	0.9 	0.6 	0.6 	0.3 	0.4 	0.4 	0.4 
A,PC_EXP_PROD,SITC9,WORLD,EE	0.0 	0.0 	0.2 	0.3 	0.2 	0.3 	0.3 	0.4 	0.7 	1.5 	1.4 	1.3 	1.0 	0.8 	1.0 	0.7 	0.7 	1.2 	2.0 	1.5 	1.3 	1.1 	1.6 	3.0 
A,PC_EXP_PROD,SITC9,WORLD,EL	1.6 	2.1 	3.0 	0.7 	0.5 	1.0 	1.0 	1.1 	2.5 	2.8 	2.3 	2.2 	2.1 	2.3 	2.2 	1.8 	1.7 	1.6 	1.5 	1.4 	0.3 	0.3 	0.3 	0.3 
A,PC_EXP_PROD,SITC9,WORLD,ES	1.0 	1.1 	1.3 	0.7 	0.8 	0.9 	0.9 	1.2 	1.7 	2.5 	2.9 	2.2 	1.5 	1.6 	1.6 	1.2 	1.2 	1.3 	1.6 	1.6 	0.8 	1.0 	1.2 	1.5 
A,PC_EXP_PROD,SITC9,WORLD,FI	0.8 	0.8 	1.2 	0.0 	0.1 	0.0 	0.0 	0.2 	0.3 	0.6 	0.3 	0.3 	0.2 	0.6 	0.8 	0.7 	0.6 	0.6 	0.3 	1.3 	1.7 	3.1 	3.0 	3.5 
A,PC_EXP_PROD,SITC9,WORLD,FR	1.5 	1.3 	1.9 	1.6 	1.7 	1.6 	1.5 	1.6 	1.4 	1.6 	1.7 	1.6 	1.5 	1.6 	1.8 	1.7 	1.6 	2.0 	2.1 	2.5 	1.9 	1.8 	2.1 	2.7 
A,PC_EXP_PROD,SITC9,WORLD,HR	0.0 	0.1 	0.0 	0.0 	0.0 	0.0 	0.0 	0.0 	0.1 	0.5 	1.9 	1.2 	1.2 	0.9 	0.4 	0.3 	0.3 	0.3 	0.5 	0.5 	0.6 	0.3 	0.4 	0.8 
A,PC_EXP_PROD,SITC9,WORLD,HU	1.2 	1.0 	0.3 	0.1 	0.1 	0.1 	0.1 	0.1 	0.1 	0.2 	0.3 	0.2 	0.1 	0.1 	0.1 	0.3 	0.5 	0.7 	0.8 	0.9 	0.7 	0.5 	0.4 	0.4 
A,PC_EXP_PROD,SITC9,WORLD,IE	3.3 	4.3 	4.4 	4.0 	3.4 	3.0 	3.2 	4.0 	2.7 	0.7 	0.7 	0.8 	0.8 	0.7 	0.7 	0.6 	0.6 	0.5 	0.5 	0.3 	0.1 	0.0 	0.0 	0.1 
A,PC_EXP_PROD,SITC9,WORLD,IT	1.7 	2.7 	0.4 	0.4 	0.5 	0.6 	0.6 	1.2 	1.4 	2.1 	2.6 	1.8 	1.4 	1.4 	1.4 	1.2 	1.3 	1.7 	2.3 	1.9 	1.6 	1.7 	2.0 	2.9 
A,PC_EXP_PROD,SITC9,WORLD,LT	0.2 	0.2 	0.1 	0.0 	0.0 	0.0 	0.0 	0.0 	0.0 	0.1 	0.1 	0.1 	0.1 	0.1 	0.1 	0.1 	0.1 	0.1 	0.1 	0.1 	0.1 	0.1 	0.1 	0.1 
A,PC_EXP_PROD,SITC9,WORLD,LU	1.0 	1.0 	1.1 	0.2 	0.2 	0.5 	0.6 	0.6 	1.6 	2.9 	2.0 	1.4 	2.7 	1.7 	2.4 	3.3 	2.1 	1.7 	1.5 	1.7 	1.5 	2.1 	1.8 	2.2 
A,PC_EXP_PROD,SITC9,WORLD,LV	0.3 	0.3 	3.0 	0.0 	0.1 	0.1 	0.1 	0.2 	0.3 	0.4 	0.6 	0.5 	0.6 	0.6 	0.6 	0.3 	0.4 	0.3 	0.2 	0.2 	1.1 	1.1 	0.7 	0.7 
A,PC_EXP_PROD,SITC9,WORLD,MT	0.1 	0.0 	0.7 	0.8 	0.7 	0.7 	0.9 	0.9 	1.0 	0.9 	1.0 	1.0 	1.2 	1.2 	0.9 	1.2 	1.2 	1.3 	0.3 	0.6 	1.1 	1.3 	3.0 	2.7 
A,PC_EXP_PROD,SITC9,WORLD,NL	0.3 	0.3 	0.2 	0.2 	0.3 	0.3 	0.5 	0.5 	0.5 	0.6 	0.6 	0.5 	0.4 	0.5 	0.5 	0.5 	0.4 	0.4 	0.4 	0.3 	0.3 	0.3 	0.4 	0.4 
A,PC_EXP_PROD,SITC9,WORLD,PL	0.0 	0.0 	0.0 	0.0 	0.1 	0.0 	0.0 	0.0 	0.1 	0.1 	0.4 	0.2 	0.1 	0.1 	0.2 	0.2 	0.1 	0.2 	0.2 	0.1 	0.2 	0.1 	0.1 	0.2 
A,PC_EXP_PROD,SITC9,WORLD,PT	0.3 	0.3 	0.3 	0.1 	0.1 	0.1 	0.2 	0.4 	0.9 	1.3 	1.7 	0.9 	0.5 	0.4 	0.5 	0.4 	0.3 	0.4 	0.4 	0.2 	0.3 	0.3 	0.3 	0.5 
A,PC_EXP_PROD,SITC9,WORLD,RO	0.5 	0.6 	0.5 	0.6 	0.5 	0.0 	0.0 	0.0 	0.0 	0.0 	0.0 	0.0 	0.0 	0.0 	0.0 	0.0 	0.0 	0.0 	0.0 	0.0 	0.1 	0.2 	0.3 	0.5 
A,PC_EXP_PROD,SITC9,WORLD,SE	1.7 	1.3 	0.2 	0.3 	0.3 	0.3 	0.3 	0.5 	0.5 	0.5 	0.7 	0.6 	0.5 	0.5 	0.6 	0.5 	0.5 	0.5 	0.7 	0.5 	0.5 	0.5 	0.5 	0.6 
A,PC_EXP_PROD,SITC9,WORLD,SI	0.2 	0.2 	0.1 	0.1 	0.0 	0.0 	0.0 	0.1 	0.1 	0.1 	0.2 	0.2 	0.1 	0.1 	0.1 	0.1 	0.1 	0.1 	0.1 	0.1 	0.1 	0.1 	0.4 	1.1 
A,PC_EXP_PROD,SITC9,WORLD,SK	0.0 	0.0 	0.1 	0.2 	0.1 	0.2 	0.2 	0.3 	0.3 	0.2 	0.2 	0.3 	0.3 	0.2 	0.3 	0.2 	0.2 	0.3 	0.2 	0.1 	0.2 	0.2 	0.2 	0.2 
A,PC_EXP_PROD,TOTAL,EU27_2020,AT	100.0 	100.0 	100.0 	100.0 	100.0 	100.0 	100.0 	100.0 	100.0 	100.0 	100.0 	100.0 	100.0 	100.0 	100.0 	100.0 	100.0 	100.0 	100.0 	100.0 	100.0 	100.0 	100.0 	100.0 
A,PC_EXP_PROD,TOTAL,EU27_2020,BE	100.0 	100.0 	100.0 	100.0 	100.0 	100.0 	100.0 	100.0 	100.0 	100.0 	100.0 	100.0 	100.0 	100.0 	100.0 	100.0 	100.0 	100.0 	100.0 	100.0 	100.0 	100.0 	100.0 	100.0 
A,PC_EXP_PROD,TOTAL,EU27_2020,BG	100.0 	100.0 	100.0 	100.0 	100.0 	100.0 	100.0 	100.0 	100.0 	100.0 	100.0 	100.0 	100.0 	100.0 	100.0 	100.0 	100.0 	100.0 	100.0 	100.0 	100.0 	100.0 	100.0 	100.0 
A,PC_EXP_PROD,TOTAL,EU27_2020,CY	100.0 	100.0 	100.0 	100.0 	100.0 	100.0 	100.0 	100.0 	100.0 	100.0 	100.0 	100.0 	100.0 	100.0 	100.0 	100.0 	100.0 	100.0 	100.0 	100.0 	100.0 	100.0 	100.0 	100.0 
A,PC_EXP_PROD,TOTAL,EU27_2020,CZ	100.0 	100.0 	100.0 	100.0 	100.0 	100.0 	100.0 	100.0 	100.0 	100.0 	100.0 	100.0 	100.0 	100.0 	100.0 	100.0 	100.0 	100.0 	100.0 	100.0 	100.0 	100.0 	100.0 	100.0 
A,PC_EXP_PROD,TOTAL,EU27_2020,DE	100.0 	100.0 	100.0 	100.0 	100.0 	100.0 	100.0 	100.0 	100.0 	100.0 	100.0 	100.0 	100.0 	100.0 	100.0 	100.0 	100.0 	100.0 	100.0 	100.0 	100.0 	100.0 	100.0 	100.0 
A,PC_EXP_PROD,TOTAL,EU27_2020,DK	100.0 	100.0 	100.0 	100.0 	100.0 	100.0 	100.0 	100.0 	100.0 	100.0 	100.0 	100.0 	100.0 	100.0 	100.0 	100.0 	100.0 	100.0 	100.0 	100.0 	100.0 	100.0 	100.0 	100.0 
A,PC_EXP_PROD,TOTAL,EU27_2020,EE	100.0 	100.0 	100.0 	100.0 	100.0 	100.0 	100.0 	100.0 	100.0 	100.0 	100.0 	100.0 	100.0 	100.0 	100.0 	100.0 	100.0 	100.0 	100.0 	100.0 	100.0 	100.0 	100.0 	100.0 
A,PC_EXP_PROD,TOTAL,EU27_2020,EL	100.0 	100.0 	100.0 	100.0 	100.0 	100.0 	100.0 	100.0 	100.0 	100.0 	100.0 	100.0 	100.0 	100.0 	100.0 	100.0 	100.0 	100.0 	100.0 	100.0 	100.0 	100.0 	100.0 	100.0 
A,PC_EXP_PROD,TOTAL,EU27_2020,ES	100.0 	100.0 	100.0 	100.0 	100.0 	100.0 	100.0 	100.0 	100.0 	100.0 	100.0 	100.0 	100.0 	100.0 	100.0 	100.0 	100.0 	100.0 	100.0 	100.0 	100.0 	100.0 	100.0 	100.0 
A,PC_EXP_PROD,TOTAL,EU27_2020,EU27_2020	100.0 	100.0 	100.0 	100.0 	100.0 	100.0 	100.0 	100.0 	100.0 	100.0 	100.0 	100.0 	100.0 	100.0 	100.0 	100.0 	100.0 	100.0 	100.0 	100.0 	100.0 	100.0 	100.0 	100.0 
A,PC_EXP_PROD,TOTAL,EU27_2020,FI	100.0 	100.0 	100.0 	100.0 	100.0 	100.0 	100.0 	100.0 	100.0 	100.0 	100.0 	100.0 	100.0 	100.0 	100.0 	100.0 	100.0 	100.0 	100.0 	100.0 	100.0 	100.0 	100.0 	100.0 
A,PC_EXP_PROD,TOTAL,EU27_2020,FR	100.0 	100.0 	100.0 	100.0 	100.0 	100.0 	100.0 	100.0 	100.0 	100.0 	100.0 	100.0 	100.0 	100.0 	100.0 	100.0 	100.0 	100.0 	100.0 	100.0 	100.0 	100.0 	100.0 	100.0 
A,PC_EXP_PROD,TOTAL,EU27_2020,HR	100.0 	100.0 	100.0 	100.0 	100.0 	100.0 	100.0 	100.0 	100.0 	100.0 	100.0 	100.0 	100.0 	100.0 	100.0 	100.0 	100.0 	100.0 	100.0 	100.0 	100.0 	100.0 	100.0 	100.0 
A,PC_EXP_PROD,TOTAL,EU27_2020,HU	100.0 	100.0 	100.0 	100.0 	100.0 	100.0 	100.0 	100.0 	100.0 	100.0 	100.0 	100.0 	100.0 	100.0 	100.0 	100.0 	100.0 	100.0 	100.0 	100.0 	100.0 	100.0 	100.0 	100.0 
A,PC_EXP_PROD,TOTAL,EU27_2020,IE	100.0 	100.0 	100.0 	100.0 	100.0 	100.0 	100.0 	100.0 	100.0 	100.0 	100.0 	100.0 	100.0 	100.0 	100.0 	100.0 	100.0 	100.0 	100.0 	100.0 	100.0 	100.0 	100.0 	100.0 
A,PC_EXP_PROD,TOTAL,EU27_2020,IT	100.0 	100.0 	100.0 	100.0 	100.0 	100.0 	100.0 	100.0 	100.0 	100.0 	100.0 	100.0 	100.0 	100.0 	100.0 	100.0 	100.0 	100.0 	100.0 	100.0 	100.0 	100.0 	100.0 	100.0 
A,PC_EXP_PROD,TOTAL,EU27_2020,LT	100.0 	100.0 	100.0 	100.0 	100.0 	100.0 	100.0 	100.0 	100.0 	100.0 	100.0 	100.0 	100.0 	100.0 	100.0 	100.0 	100.0 	100.0 	100.0 	100.0 	100.0 	100.0 	100.0 	100.0 
A,PC_EXP_PROD,TOTAL,EU27_2020,LU	100.0 	100.0 	100.0 	100.0 	100.0 	100.0 	100.0 	100.0 	100.0 	100.0 	100.0 	100.0 	100.0 	100.0 	100.0 	100.0 	100.0 	100.0 	100.0 	100.0 	100.0 	100.0 	100.0 	100.0 
A,PC_EXP_PROD,TOTAL,EU27_2020,LV	100.0 	100.0 	100.0 	100.0 	100.0 	100.0 	100.0 	100.0 	100.0 	100.0 	100.0 	100.0 	100.0 	100.0 	100.0 	100.0 	100.0 	100.0 	100.0 	100.0 	100.0 	100.0 	100.0 	100.0 
A,PC_EXP_PROD,TOTAL,EU27_2020,MT	100.0 	100.0 	100.0 	100.0 	100.0 	100.0 	100.0 	100.0 	100.0 	100.0 	100.0 	100.0 	100.0 	100.0 	100.0 	100.0 	100.0 	100.0 	100.0 	100.0 	100.0 	100.0 	100.0 	100.0 
A,PC_EXP_PROD,TOTAL,EU27_2020,NL	100.0 	100.0 	100.0 	100.0 	100.0 	100.0 	100.0 	100.0 	100.0 	100.0 	100.0 	100.0 	100.0 	100.0 	100.0 	100.0 	100.0 	100.0 	100.0 	100.0 	100.0 	100.0 	100.0 	100.0 
A,PC_EXP_PROD,TOTAL,EU27_2020,PL	100.0 	100.0 	100.0 	100.0 	100.0 	100.0 	100.0 	100.0 	100.0 	100.0 	100.0 	100.0 	100.0 	100.0 	100.0 	100.0 	100.0 	100.0 	100.0 	100.0 	100.0 	100.0 	100.0 	100.0 
A,PC_EXP_PROD,TOTAL,EU27_2020,PT	100.0 	100.0 	100.0 	100.0 	100.0 	100.0 	100.0 	100.0 	100.0 	100.0 	100.0 	100.0 	100.0 	100.0 	100.0 	100.0 	100.0 	100.0 	100.0 	100.0 	100.0 	100.0 	100.0 	100.0 
A,PC_EXP_PROD,TOTAL,EU27_2020,RO	100.0 	100.0 	100.0 	100.0 	100.0 	100.0 	100.0 	100.0 	100.0 	100.0 	100.0 	100.0 	100.0 	100.0 	100.0 	100.0 	100.0 	100.0 	100.0 	100.0 	100.0 	100.0 	100.0 	100.0 
A,PC_EXP_PROD,TOTAL,EU27_2020,SE	100.0 	100.0 	100.0 	100.0 	100.0 	100.0 	100.0 	100.0 	100.0 	100.0 	100.0 	100.0 	100.0 	100.0 	100.0 	100.0 	100.0 	100.0 	100.0 	100.0 	100.0 	100.0 	100.0 	100.0 
A,PC_EXP_PROD,TOTAL,EU27_2020,SI	100.0 	100.0 	100.0 	100.0 	100.0 	100.0 	100.0 	100.0 	100.0 	100.0 	100.0 	100.0 	100.0 	100.0 	100.0 	100.0 	100.0 	100.0 	100.0 	100.0 	100.0 	100.0 	100.0 	100.0 
A,PC_EXP_PROD,TOTAL,EU27_2020,SK	100.0 	100.0 	100.0 	100.0 	100.0 	100.0 	100.0 	100.0 	100.0 	100.0 	100.0 	100.0 	100.0 	100.0 	100.0 	100.0 	100.0 	100.0 	100.0 	100.0 	100.0 	100.0 	100.0 	100.0 
A,PC_EXP_PROD,TOTAL,EXT_EU27_2020,AT	100.0 	100.0 	100.0 	100.0 	100.0 	100.0 	100.0 	100.0 	100.0 	100.0 	100.0 	100.0 	100.0 	100.0 	100.0 	100.0 	100.0 	100.0 	100.0 	100.0 	100.0 	100.0 	100.0 	100.0 
A,PC_EXP_PROD,TOTAL,EXT_EU27_2020,BE	100.0 	100.0 	100.0 	100.0 	100.0 	100.0 	100.0 	100.0 	100.0 	100.0 	100.0 	100.0 	100.0 	100.0 	100.0 	100.0 	100.0 	100.0 	100.0 	100.0 	100.0 	100.0 	100.0 	100.0 
A,PC_EXP_PROD,TOTAL,EXT_EU27_2020,BG	100.0 	100.0 	100.0 	100.0 	100.0 	100.0 	100.0 	100.0 	100.0 	100.0 	100.0 	100.0 	100.0 	100.0 	100.0 	100.0 	100.0 	100.0 	100.0 	100.0 	100.0 	100.0 	100.0 	100.0 
A,PC_EXP_PROD,TOTAL,EXT_EU27_2020,CY	100.0 	100.0 	100.0 	100.0 	100.0 	100.0 	100.0 	100.0 	100.0 	100.0 	100.0 	100.0 	100.0 	100.0 	100.0 	100.0 	100.0 	100.0 	100.0 	100.0 	100.0 	100.0 	100.0 	100.0 
A,PC_EXP_PROD,TOTAL,EXT_EU27_2020,CZ	100.0 	100.0 	100.0 	100.0 	100.0 	100.0 	100.0 	100.0 	100.0 	100.0 	100.0 	100.0 	100.0 	100.0 	100.0 	100.0 	100.0 	100.0 	100.0 	100.0 	100.0 	100.0 	100.0 	100.0 
A,PC_EXP_PROD,TOTAL,EXT_EU27_2020,DE	100.0 	100.0 	100.0 	100.0 	100.0 	100.0 	100.0 	100.0 	100.0 	100.0 	100.0 	100.0 	100.0 	100.0 	100.0 	100.0 	100.0 	100.0 	100.0 	100.0 	100.0 	100.0 	100.0 	100.0 
A,PC_EXP_PROD,TOTAL,EXT_EU27_2020,DK	100.0 	100.0 	100.0 	100.0 	100.0 	100.0 	100.0 	100.0 	100.0 	100.0 	100.0 	100.0 	100.0 	100.0 	100.0 	100.0 	100.0 	100.0 	100.0 	100.0 	100.0 	100.0 	100.0 	100.0 
A,PC_EXP_PROD,TOTAL,EXT_EU27_2020,EE	100.0 	100.0 	100.0 	100.0 	100.0 	100.0 	100.0 	100.0 	100.0 	100.0 	100.0 	100.0 	100.0 	100.0 	100.0 	100.0 	100.0 	100.0 	100.0 	100.0 	100.0 	100.0 	100.0 	100.0 
A,PC_EXP_PROD,TOTAL,EXT_EU27_2020,EL	100.0 	100.0 	100.0 	100.0 	100.0 	100.0 	100.0 	100.0 	100.0 	100.0 	100.0 	100.0 	100.0 	100.0 	100.0 	100.0 	100.0 	100.0 	100.0 	100.0 	100.0 	100.0 	100.0 	100.0 
A,PC_EXP_PROD,TOTAL,EXT_EU27_2020,ES	100.0 	100.0 	100.0 	100.0 	100.0 	100.0 	100.0 	100.0 	100.0 	100.0 	100.0 	100.0 	100.0 	100.0 	100.0 	100.0 	100.0 	100.0 	100.0 	100.0 	100.0 	100.0 	100.0 	100.0 
A,PC_EXP_PROD,TOTAL,EXT_EU27_2020,EU27_2020	100.0 	100.0 	100.0 	100.0 	100.0 	100.0 	100.0 	100.0 	100.0 	100.0 	100.0 	100.0 	100.0 	100.0 	100.0 	100.0 	100.0 	100.0 	100.0 	100.0 	100.0 	100.0 	100.0 	100.0 
A,PC_EXP_PROD,TOTAL,EXT_EU27_2020,FI	100.0 	100.0 	100.0 	100.0 	100.0 	100.0 	100.0 	100.0 	100.0 	100.0 	100.0 	100.0 	100.0 	100.0 	100.0 	100.0 	100.0 	100.0 	100.0 	100.0 	100.0 	100.0 	100.0 	100.0 
A,PC_EXP_PROD,TOTAL,EXT_EU27_2020,FR	100.0 	100.0 	100.0 	100.0 	100.0 	100.0 	100.0 	100.0 	100.0 	100.0 	100.0 	100.0 	100.0 	100.0 	100.0 	100.0 	100.0 	100.0 	100.0 	100.0 	100.0 	100.0 	100.0 	100.0 
A,PC_EXP_PROD,TOTAL,EXT_EU27_2020,HR	100.0 	100.0 	100.0 	100.0 	100.0 	100.0 	100.0 	100.0 	100.0 	100.0 	100.0 	100.0 	100.0 	100.0 	100.0 	100.0 	100.0 	100.0 	100.0 	100.0 	100.0 	100.0 	100.0 	100.0 
A,PC_EXP_PROD,TOTAL,EXT_EU27_2020,HU	100.0 	100.0 	100.0 	100.0 	100.0 	100.0 	100.0 	100.0 	100.0 	100.0 	100.0 	100.0 	100.0 	100.0 	100.0 	100.0 	100.0 	100.0 	100.0 	100.0 	100.0 	100.0 	100.0 	100.0 
A,PC_EXP_PROD,TOTAL,EXT_EU27_2020,IE	100.0 	100.0 	100.0 	100.0 	100.0 	100.0 	100.0 	100.0 	100.0 	100.0 	100.0 	100.0 	100.0 	100.0 	100.0 	100.0 	100.0 	100.0 	100.0 	100.0 	100.0 	100.0 	100.0 	100.0 
A,PC_EXP_PROD,TOTAL,EXT_EU27_2020,IT	100.0 	100.0 	100.0 	100.0 	100.0 	100.0 	100.0 	100.0 	100.0 	100.0 	100.0 	100.0 	100.0 	100.0 	100.0 	100.0 	100.0 	100.0 	100.0 	100.0 	100.0 	100.0 	100.0 	100.0 
A,PC_EXP_PROD,TOTAL,EXT_EU27_2020,LT	100.0 	100.0 	100.0 	100.0 	100.0 	100.0 	100.0 	100.0 	100.0 	100.0 	100.0 	100.0 	100.0 	100.0 	100.0 	100.0 	100.0 	100.0 	100.0 	100.0 	100.0 	100.0 	100.0 	100.0 
A,PC_EXP_PROD,TOTAL,EXT_EU27_2020,LU	100.0 	100.0 	100.0 	100.0 	100.0 	100.0 	100.0 	100.0 	100.0 	100.0 	100.0 	100.0 	100.0 	100.0 	100.0 	100.0 	100.0 	100.0 	100.0 	100.0 	100.0 	100.0 	100.0 	100.0 
A,PC_EXP_PROD,TOTAL,EXT_EU27_2020,LV	100.0 	100.0 	100.0 	100.0 	100.0 	100.0 	100.0 	100.0 	100.0 	100.0 	100.0 	100.0 	100.0 	100.0 	100.0 	100.0 	100.0 	100.0 	100.0 	100.0 	100.0 	100.0 	100.0 	100.0 
A,PC_EXP_PROD,TOTAL,EXT_EU27_2020,MT	100.0 	100.0 	100.0 	100.0 	100.0 	100.0 	100.0 	100.0 	100.0 	100.0 	100.0 	100.0 	100.0 	100.0 	100.0 	100.0 	100.0 	100.0 	100.0 	100.0 	100.0 	100.0 	100.0 	100.0 
A,PC_EXP_PROD,TOTAL,EXT_EU27_2020,NL	100.0 	100.0 	100.0 	100.0 	100.0 	100.0 	100.0 	100.0 	100.0 	100.0 	100.0 	100.0 	100.0 	100.0 	100.0 	100.0 	100.0 	100.0 	100.0 	100.0 	100.0 	100.0 	100.0 	100.0 
A,PC_EXP_PROD,TOTAL,EXT_EU27_2020,PL	100.0 	100.0 	100.0 	100.0 	100.0 	100.0 	100.0 	100.0 	100.0 	100.0 	100.0 	100.0 	100.0 	100.0 	100.0 	100.0 	100.0 	100.0 	100.0 	100.0 	100.0 	100.0 	100.0 	100.0 
A,PC_EXP_PROD,TOTAL,EXT_EU27_2020,PT	100.0 	100.0 	100.0 	100.0 	100.0 	100.0 	100.0 	100.0 	100.0 	100.0 	100.0 	100.0 	100.0 	100.0 	100.0 	100.0 	100.0 	100.0 	100.0 	100.0 	100.0 	100.0 	100.0 	100.0 
A,PC_EXP_PROD,TOTAL,EXT_EU27_2020,RO	100.0 	100.0 	100.0 	100.0 	100.0 	100.0 	100.0 	100.0 	100.0 	100.0 	100.0 	100.0 	100.0 	100.0 	100.0 	100.0 	100.0 	100.0 	100.0 	100.0 	100.0 	100.0 	100.0 	100.0 
A,PC_EXP_PROD,TOTAL,EXT_EU27_2020,SE	100.0 	100.0 	100.0 	100.0 	100.0 	100.0 	100.0 	100.0 	100.0 	100.0 	100.0 	100.0 	100.0 	100.0 	100.0 	100.0 	100.0 	100.0 	100.0 	100.0 	100.0 	100.0 	100.0 	100.0 
A,PC_EXP_PROD,TOTAL,EXT_EU27_2020,SI	100.0 	100.0 	100.0 	100.0 	100.0 	100.0 	100.0 	100.0 	100.0 	100.0 	100.0 	100.0 	100.0 	100.0 	100.0 	100.0 	100.0 	100.0 	100.0 	100.0 	100.0 	100.0 	100.0 	100.0 
A,PC_EXP_PROD,TOTAL,EXT_EU27_2020,SK	100.0 	100.0 	100.0 	100.0 	100.0 	100.0 	100.0 	100.0 	100.0 	100.0 	100.0 	100.0 	100.0 	100.0 	100.0 	100.0 	100.0 	100.0 	100.0 	100.0 	100.0 	100.0 	100.0 	100.0 
A,PC_EXP_PROD,TOTAL,WORLD,AT	100.0 	100.0 	100.0 	100.0 	100.0 	100.0 	100.0 	100.0 	100.0 	100.0 	100.0 	100.0 	100.0 	100.0 	100.0 	100.0 	100.0 	100.0 	100.0 	100.0 	100.0 	100.0 	100.0 	100.0 
A,PC_EXP_PROD,TOTAL,WORLD,BE	100.0 	100.0 	100.0 	100.0 	100.0 	100.0 	100.0 	100.0 	100.0 	100.0 	100.0 	100.0 	100.0 	100.0 	100.0 	100.0 	100.0 	100.0 	100.0 	100.0 	100.0 	100.0 	100.0 	100.0 
A,PC_EXP_PROD,TOTAL,WORLD,BG	100.0 	100.0 	100.0 	100.0 	100.0 	100.0 	100.0 	100.0 	100.0 	100.0 	100.0 	100.0 	100.0 	100.0 	100.0 	100.0 	100.0 	100.0 	100.0 	100.0 	100.0 	100.0 	100.0 	100.0 
A,PC_EXP_PROD,TOTAL,WORLD,CY	100.0 	100.0 	100.0 	100.0 	100.0 	100.0 	100.0 	100.0 	100.0 	100.0 	100.0 	100.0 	100.0 	100.0 	100.0 	100.0 	100.0 	100.0 	100.0 	100.0 	100.0 	100.0 	100.0 	100.0 
A,PC_EXP_PROD,TOTAL,WORLD,CZ	100.0 	100.0 	100.0 	100.0 	100.0 	100.0 	100.0 	100.0 	100.0 	100.0 	100.0 	100.0 	100.0 	100.0 	100.0 	100.0 	100.0 	100.0 	100.0 	100.0 	100.0 	100.0 	100.0 	100.0 
A,PC_EXP_PROD,TOTAL,WORLD,DE	100.0 	100.0 	100.0 	100.0 	100.0 	100.0 	100.0 	100.0 	100.0 	100.0 	100.0 	100.0 	100.0 	100.0 	100.0 	100.0 	100.0 	100.0 	100.0 	100.0 	100.0 	100.0 	100.0 	100.0 
A,PC_EXP_PROD,TOTAL,WORLD,DK	100.0 	100.0 	100.0 	100.0 	100.0 	100.0 	100.0 	100.0 	100.0 	100.0 	100.0 	100.0 	100.0 	100.0 	100.0 	100.0 	100.0 	100.0 	100.0 	100.0 	100.0 	100.0 	100.0 	100.0 
A,PC_EXP_PROD,TOTAL,WORLD,EE	100.0 	100.0 	100.0 	100.0 	100.0 	100.0 	100.0 	100.0 	100.0 	100.0 	100.0 	100.0 	100.0 	100.0 	100.0 	100.0 	100.0 	100.0 	100.0 	100.0 	100.0 	100.0 	100.0 	100.0 
A,PC_EXP_PROD,TOTAL,WORLD,EL	100.0 	100.0 	100.0 	100.0 	100.0 	100.0 	100.0 	100.0 	100.0 	100.0 	100.0 	100.0 	100.0 	100.0 	100.0 	100.0 	100.0 	100.0 	100.0 	100.0 	100.0 	100.0 	100.0 	100.0 
A,PC_EXP_PROD,TOTAL,WORLD,ES	100.0 	100.0 	100.0 	100.0 	100.0 	100.0 	100.0 	100.0 	100.0 	100.0 	100.0 	100.0 	100.0 	100.0 	100.0 	100.0 	100.0 	100.0 	100.0 	100.0 	100.0 	100.0 	100.0 	100.0 
A,PC_EXP_PROD,TOTAL,WORLD,FI	100.0 	100.0 	100.0 	100.0 	100.0 	100.0 	100.0 	100.0 	100.0 	100.0 	100.0 	100.0 	100.0 	100.0 	100.0 	100.0 	100.0 	100.0 	100.0 	100.0 	100.0 	100.0 	100.0 	100.0 
A,PC_EXP_PROD,TOTAL,WORLD,FR	100.0 	100.0 	100.0 	100.0 	100.0 	100.0 	100.0 	100.0 	100.0 	100.0 	100.0 	100.0 	100.0 	100.0 	100.0 	100.0 	100.0 	100.0 	100.0 	100.0 	100.0 	100.0 	100.0 	100.0 
A,PC_EXP_PROD,TOTAL,WORLD,HR	100.0 	100.0 	100.0 	100.0 	100.0 	100.0 	100.0 	100.0 	100.0 	100.0 	100.0 	100.0 	100.0 	100.0 	100.0 	100.0 	100.0 	100.0 	100.0 	100.0 	100.0 	100.0 	100.0 	100.0 
A,PC_EXP_PROD,TOTAL,WORLD,HU	100.0 	100.0 	100.0 	100.0 	100.0 	100.0 	100.0 	100.0 	100.0 	100.0 	100.0 	100.0 	100.0 	100.0 	100.0 	100.0 	100.0 	100.0 	100.0 	100.0 	100.0 	100.0 	100.0 	100.0 
A,PC_EXP_PROD,TOTAL,WORLD,IE	100.0 	100.0 	100.0 	100.0 	100.0 	100.0 	100.0 	100.0 	100.0 	100.0 	100.0 	100.0 	100.0 	100.0 	100.0 	100.0 	100.0 	100.0 	100.0 	100.0 	100.0 	100.0 	100.0 	100.0 
A,PC_EXP_PROD,TOTAL,WORLD,IT	100.0 	100.0 	100.0 	100.0 	100.0 	100.0 	100.0 	100.0 	100.0 	100.0 	100.0 	100.0 	100.0 	100.0 	100.0 	100.0 	100.0 	100.0 	100.0 	100.0 	100.0 	100.0 	100.0 	100.0 
A,PC_EXP_PROD,TOTAL,WORLD,LT	100.0 	100.0 	100.0 	100.0 	100.0 	100.0 	100.0 	100.0 	100.0 	100.0 	100.0 	100.0 	100.0 	100.0 	100.0 	100.0 	100.0 	100.0 	100.0 	100.0 	100.0 	100.0 	100.0 	100.0 
A,PC_EXP_PROD,TOTAL,WORLD,LU	100.0 	100.0 	100.0 	100.0 	100.0 	100.0 	100.0 	100.0 	100.0 	100.0 	100.0 	100.0 	100.0 	100.0 	100.0 	100.0 	100.0 	100.0 	100.0 	100.0 	100.0 	100.0 	100.0 	100.0 
A,PC_EXP_PROD,TOTAL,WORLD,LV	100.0 	100.0 	100.0 	100.0 	100.0 	100.0 	100.0 	100.0 	100.0 	100.0 	100.0 	100.0 	100.0 	100.0 	100.0 	100.0 	100.0 	100.0 	100.0 	100.0 	100.0 	100.0 	100.0 	100.0 
A,PC_EXP_PROD,TOTAL,WORLD,MT	100.0 	100.0 	100.0 	100.0 	100.0 	100.0 	100.0 	100.0 	100.0 	100.0 	100.0 	100.0 	100.0 	100.0 	100.0 	100.0 	100.0 	100.0 	100.0 	100.0 	100.0 	100.0 	100.0 	100.0 
A,PC_EXP_PROD,TOTAL,WORLD,NL	100.0 	100.0 	100.0 	100.0 	100.0 	100.0 	100.0 	100.0 	100.0 	100.0 	100.0 	100.0 	100.0 	100.0 	100.0 	100.0 	100.0 	100.0 	100.0 	100.0 	100.0 	100.0 	100.0 	100.0 
A,PC_EXP_PROD,TOTAL,WORLD,PL	100.0 	100.0 	100.0 	100.0 	100.0 	100.0 	100.0 	100.0 	100.0 	100.0 	100.0 	100.0 	100.0 	100.0 	100.0 	100.0 	100.0 	100.0 	100.0 	100.0 	100.0 	100.0 	100.0 	100.0 
A,PC_EXP_PROD,TOTAL,WORLD,PT	100.0 	100.0 	100.0 	100.0 	100.0 	100.0 	100.0 	100.0 	100.0 	100.0 	100.0 	100.0 	100.0 	100.0 	100.0 	100.0 	100.0 	100.0 	100.0 	100.0 	100.0 	100.0 	100.0 	100.0 
A,PC_EXP_PROD,TOTAL,WORLD,RO	100.0 	100.0 	100.0 	100.0 	100.0 	100.0 	100.0 	100.0 	100.0 	100.0 	100.0 	100.0 	100.0 	100.0 	100.0 	100.0 	100.0 	100.0 	100.0 	100.0 	100.0 	100.0 	100.0 	100.0 
A,PC_EXP_PROD,TOTAL,WORLD,SE	100.0 	100.0 	100.0 	100.0 	100.0 	100.0 	100.0 	100.0 	100.0 	100.0 	100.0 	100.0 	100.0 	100.0 	100.0 	100.0 	100.0 	100.0 	100.0 	100.0 	100.0 	100.0 	100.0 	100.0 
A,PC_EXP_PROD,TOTAL,WORLD,SI	100.0 	100.0 	100.0 	100.0 	100.0 	100.0 	100.0 	100.0 	100.0 	100.0 	100.0 	100.0 	100.0 	100.0 	100.0 	100.0 	100.0 	100.0 	100.0 	100.0 	100.0 	100.0 	100.0 	100.0 
A,PC_EXP_PROD,TOTAL,WORLD,SK	100.0 	100.0 	100.0 	100.0 	100.0 	100.0 	100.0 	100.0 	100.0 	100.0 	100.0 	100.0 	100.0 	100.0 	100.0 	100.0 	100.0 	100.0 	100.0 	100.0 	100.0 	100.0 	100.0 	100.0 
A,PC_IMP_PROD,SITC0_1,EU27_2020,AT	6.5 	6.3 	6.2 	6.4 	6.5 	6.6 	7.0 	8.2 	7.6 	7.3 	7.8 	8.1 	8.4 	8.4 	8.4 	8.2 	7.9 	8.1 	8.6 	7.6 	7.6 	8.9 	10.0 	10.3 
A,PC_IMP_PROD,SITC0_1,EU27_2020,BE	8.7 	8.9 	8.2 	7.9 	7.5 	7.9 	8.1 	9.2 	8.5 	8.5 	9.0 	9.6 	9.8 	10.4 	10.8 	10.7 	10.0 	10.1 	11.0 	9.4 	9.0 	10.4 	11.6 	12.7 
A,PC_IMP_PROD,SITC0_1,EU27_2020,BG	4.4 	4.3 	4.2 	4.2 	4.4 	7.0 	8.6 	11.9 	12.2 	12.0 	12.0 	11.7 	11.3 	11.5 	11.7 	11.7 	11.3 	12.0 	13.5 	11.7 	11.4 	13.1 	14.0 	15.0 
A,PC_IMP_PROD,SITC0_1,EU27_2020,CY	10.4 	11.2 	12.1 	12.4 	13.0 	13.6 	13.2 	15.8 	15.3 	17.3 	19.2 	22.1 	20.2 	19.5 	17.0 	17.8 	17.7 	17.8 	18.1 	17.5 	17.1 	17.3 	18.4 	19.6 
A,PC_IMP_PROD,SITC0_1,EU27_2020,CZ	4.9 	5.0 	5.1 	5.7 	5.7 	5.9 	6.1 	7.4 	6.7 	6.6 	7.0 	7.2 	6.8 	6.9 	6.9 	6.6 	6.3 	6.7 	7.2 	6.5 	6.4 	7.5 	8.2 	8.4 
A,PC_IMP_PROD,SITC0_1,EU27_2020,DE	9.4 	9.3 	8.8 	8.9 	8.5 	8.5 	8.7 	9.9 	8.9 	8.5 	9.0 	9.4 	9.3 	9.3 	9.6 	9.6 	9.1 	9.2 	10.0 	9.1 	8.6 	9.8 	10.7 	11.1 
A,PC_IMP_PROD,SITC0_1,EU27_2020,DK	10.1 	10.7 	10.9 	10.7 	10.4 	10.4 	11.1 	13.4 	13.0 	12.9 	13.2 	13.4 	13.4 	13.4 	13.0 	13.0 	12.7 	13.0 	12.9 	12.2 	12.3 	13.6 	13.9 	13.1 
A,PC_IMP_PROD,SITC0_1,EU27_2020,EE	10.2 	10.2 	9.6 	9.4 	8.4 	9.5 	10.5 	13.4 	11.6 	11.3 	10.8 	11.4 	11.1 	11.5 	11.4 	11.6 	11.2 	11.4 	11.9 	10.3 	9.4 	11.3 	12.5 	12.8 
A,PC_IMP_PROD,SITC0_1,EU27_2020,EL	15.3 	14.6 	13.7 	14.4 	13.8 	13.3 	14.0 	16.4 	17.9 	19.5 	20.4 	21.5 	20.6 	20.2 	20.4 	19.7 	18.4 	18.2 	17.1 	16.5 	17.0 	17.1 	17.7 	18.7 
A,PC_IMP_PROD,SITC0_1,EU27_2020,ES	8.4 	8.1 	8.1 	8.4 	7.8 	7.6 	8.4 	11.1 	10.5 	10.4 	11.2 	11.1 	10.6 	10.3 	10.5 	10.5 	10.0 	10.6 	11.2 	10.8 	10.9 	11.6 	11.6 	12.2 
A,PC_IMP_PROD,SITC0_1,EU27_2020,EU27_2020	9.0 	9.0 	8.7 	8.7 	8.4 	8.4 	8.9 	10.5 	9.7 	9.6 	10.0 	10.5 	10.3 	10.3 	10.5 	10.3 	9.9 	10.1 	10.8 	9.8 	9.6 	10.7 	11.4 	12.0 
A,PC_IMP_PROD,SITC0_1,EU27_2020,FI	6.7 	7.0 	6.8 	6.4 	6.2 	6.4 	7.1 	9.4 	8.6 	8.4 	9.0 	9.3 	9.0 	9.1 	9.0 	8.5 	8.3 	8.4 	8.9 	7.7 	7.9 	9.2 	9.8 	10.0 
A,PC_IMP_PROD,SITC0_1,EU27_2020,FR	8.8 	8.8 	8.5 	8.3 	8.2 	8.2 	8.4 	9.8 	9.3 	9.1 	9.4 	9.9 	9.9 	10.1 	10.5 	10.4 	10.2 	10.3 	11.4 	10.3 	10.0 	10.9 	11.8 	13.0 
A,PC_IMP_PROD,SITC0_1,EU27_2020,HR	8.7 	8.2 	8.4 	8.6 	8.8 	8.2 	8.3 	10.7 	11.6 	11.7 	12.1 	13.3 	13.5 	13.5 	13.6 	13.7 	13.4 	14.0 	14.2 	13.8 	13.0 	14.9 	15.5 	16.3 
A,PC_IMP_PROD,SITC0_1,EU27_2020,HU	3.1 	3.3 	4.5 	5.6 	5.4 	5.6 	6.4 	7.6 	6.9 	7.2 	7.0 	6.6 	6.4 	6.3 	6.5 	6.4 	6.3 	6.6 	7.2 	6.6 	6.4 	7.4 	8.1 	8.3 
A,PC_IMP_PROD,SITC0_1,EU27_2020,IE	7.8 	8.0 	7.0 	7.6 	7.6 	8.4 	9.5 	11.6 	11.2 	11.0 	12.6 	12.6 	10.6 	10.0 	9.0 	8.3 	8.1 	8.2 	10.1 	8.8 	8.7 	8.9 	9.1 	8.8 
A,PC_IMP_PROD,SITC0_1,EU27_2020,IT	10.4 	10.9 	10.9 	10.9 	10.5 	10.3 	10.9 	12.8 	11.8 	11.9 	12.7 	13.2 	13.0 	12.1 	12.1 	11.8 	11.4 	11.5 	12.0 	10.8 	10.8 	12.0 	12.6 	13.4 
A,PC_IMP_PROD,SITC0_1,EU27_2020,LT	8.5 	8.5 	9.3 	10.1 	10.7 	11.1 	14.8 	19.2 	18.6 	16.8 	18.2 	18.8 	17.7 	16.0 	14.5 	14.6 	14.0 	14.3 	14.6 	12.9 	12.8 	14.7 	15.1 	15.8 
A,PC_IMP_PROD,SITC0_1,EU27_2020,LU	10.9 	12.0 	11.3 	11.0 	10.3 	10.4 	10.2 	12.5 	11.4 	10.6 	11.5 	12.3 	12.8 	13.5 	13.8 	13.1 	12.9 	12.9 	14.2 	12.9 	12.4 	14.3 	15.1 	16.4 
A,PC_IMP_PROD,SITC0_1,EU27_2020,LV	12.9 	12.1 	11.7 	12.3 	11.6 	11.6 	14.3 	20.0 	18.1 	15.8 	16.1 	16.9 	16.2 	15.9 	17.5 	18.5 	17.5 	18.6 	19.9 	17.6 	15.3 	18.8 	18.9 	18.6 
A,PC_IMP_PROD,SITC0_1,EU27_2020,MT	11.3 	10.5 	12.6 	12.9 	12.9 	15.9 	15.4 	17.0 	14.9 	12.6 	11.6 	15.0 	15.8 	14.7 	17.3 	18.2 	15.1 	15.4 	16.1 	15.2 	14.8 	16.5 	14.6 	15.5 
A,PC_IMP_PROD,SITC0_1,EU27_2020,NL	12.4 	12.5 	12.2 	11.4 	11.0 	11.1 	11.4 	13.1 	12.2 	12.4 	13.0 	13.5 	13.2 	13.6 	13.6 	13.3 	12.8 	12.6 	13.4 	12.3 	11.9 	12.5 	12.6 	13.4 
A,PC_IMP_PROD,SITC0_1,EU27_2020,PL	5.2 	4.5 	5.2 	6.1 	5.9 	6.3 	7.1 	8.5 	8.3 	8.3 	9.1 	9.6 	9.2 	9.2 	9.4 	9.3 	8.9 	9.2 	9.9 	8.9 	8.9 	10.0 	10.6 	11.0 
A,PC_IMP_PROD,SITC0_1,EU27_2020,PT	10.8 	11.3 	11.1 	10.8 	11.1 	11.5 	11.4 	13.9 	13.3 	13.8 	14.8 	15.1 	14.6 	14.2 	14.3 	13.9 	13.4 	13.0 	14.6 	13.5 	13.6 	14.8 	14.9 	15.5 
A,PC_IMP_PROD,SITC0_1,EU27_2020,RO	5.2 	5.9 	4.9 	5.0 	4.8 	6.2 	7.8 	9.9 	8.0 	7.5 	8.3 	8.6 	8.6 	9.3 	10.1 	10.0 	9.5 	10.2 	11.4 	10.7 	10.1 	11.0 	11.7 	11.4 
A,PC_IMP_PROD,SITC0_1,EU27_2020,SE	8.1 	8.2 	7.9 	7.6 	7.4 	7.2 	7.8 	10.0 	8.5 	8.1 	9.0 	9.8 	9.5 	9.6 	9.6 	9.3 	9.1 	9.3 	9.7 	8.7 	8.8 	9.3 	9.8 	10.8 
A,PC_IMP_PROD,SITC0_1,EU27_2020,SI	5.7 	5.5 	5.7 	6.1 	6.2 	6.6 	7.0 	9.1 	8.3 	8.1 	8.5 	9.0 	9.0 	8.8 	8.8 	8.3 	8.1 	8.1 	8.9 	7.9 	7.6 	9.1 	9.5 	9.8 
A,PC_IMP_PROD,SITC0_1,EU27_2020,SK	6.0 	4.9 	5.5 	7.1 	6.3 	6.6 	6.8 	8.6 	8.1 	7.7 	7.5 	7.5 	7.1 	6.7 	6.9 	6.6 	6.5 	6.8 	7.2 	7.0 	7.1 	7.7 	8.4 	8.2 
A,PC_IMP_PROD,SITC0_1,EXT_EU27_2020,AT	3.5 	3.8 	4.0 	3.6 	4.1 	4.5 	4.3 	5.1 	4.7 	4.0 	4.2 	4.3 	4.4 	4.5 	4.8 	4.4 	4.1 	4.5 	5.1 	3.9 	3.2 	3.7 	5.1 	4.6 
A,PC_IMP_PROD,SITC0_1,EXT_EU27_2020,BE	6.2 	6.4 	6.1 	5.5 	5.4 	5.4 	5.9 	6.6 	5.5 	5.4 	5.3 	5.1 	5.6 	5.4 	5.7 	5.7 	5.1 	5.1 	5.7 	4.5 	3.6 	4.0 	5.5 	6.5 
A,PC_IMP_PROD,SITC0_1,EXT_EU27_2020,BG	6.0 	5.5 	5.8 	6.2 	6.1 	3.2 	3.5 	5.9 	4.5 	4.2 	3.4 	4.1 	4.2 	5.2 	5.9 	5.0 	4.9 	5.5 	5.9 	5.4 	4.5 	6.2 	6.4 	7.1 
A,PC_IMP_PROD,SITC0_1,EXT_EU27_2020,CY	11.7 	13.0 	11.5 	9.5 	9.3 	9.7 	11.2 	11.5 	11.2 	10.7 	11.9 	13.8 	9.8 	9.9 	10.0 	8.0 	6.6 	9.3 	8.4 	8.6 	8.8 	7.9 	8.9 	7.5 
A,PC_IMP_PROD,SITC0_1,EXT_EU27_2020,CZ	3.8 	3.8 	3.4 	2.9 	1.8 	1.8 	1.5 	1.8 	1.5 	1.6 	1.8 	1.9 	1.9 	1.9 	1.9 	1.8 	1.6 	1.6 	1.7 	1.5 	1.4 	1.6 	1.7 	1.9 
A,PC_IMP_PROD,SITC0_1,EXT_EU27_2020,DE	4.2 	4.1 	3.8 	3.7 	3.5 	3.8 	3.8 	4.5 	4.2 	4.3 	4.3 	4.3 	4.5 	4.8 	4.8 	4.3 	4.0 	4.0 	4.2 	3.6 	3.4 	3.7 	4.5 	5.1 
A,PC_IMP_PROD,SITC0_1,EXT_EU27_2020,DK	14.7 	14.9 	13.4 	12.8 	12.7 	13.0 	12.5 	13.0 	13.9 	13.2 	12.8 	13.6 	13.7 	14.2 	15.8 	14.6 	14.4 	15.0 	15.3 	12.9 	12.7 	14.1 	12.2 	12.0 
A,PC_IMP_PROD,SITC0_1,EXT_EU27_2020,EE	5.7 	5.4 	5.3 	4.0 	2.9 	5.9 	6.0 	6.6 	6.0 	4.7 	4.8 	5.9 	6.5 	4.9 	5.0 	3.4 	2.7 	3.5 	3.8 	3.2 	3.7 	6.9 	8.9 	7.9 
A,PC_IMP_PROD,SITC0_1,EXT_EU27_2020,EL	6.8 	5.8 	6.3 	5.8 	5.1 	5.3 	4.8 	5.1 	5.0 	5.3 	4.3 	4.6 	4.5 	6.1 	6.9 	6.2 	5.3 	5.7 	6.9 	5.1 	4.0 	5.6 	5.9 	7.5 
A,PC_IMP_PROD,SITC0_1,EXT_EU27_2020,ES	11.2 	11.0 	9.9 	8.7 	7.7 	8.7 	8.0 	9.1 	8.0 	8.1 	8.1 	8.1 	8.2 	9.4 	10.1 	9.3 	9.3 	9.3 	10.1 	8.4 	8.1 	9.5 	9.8 	10.3 
A,PC_IMP_PROD,SITC0_1,EXT_EU27_2020,EU27_2020	6.2 	6.1 	5.7 	5.3 	5.0 	5.3 	5.2 	6.2 	5.5 	5.6 	5.5 	5.8 	6.1 	6.6 	6.9 	6.4 	6.0 	6.1 	6.6 	5.5 	4.9 	5.7 	6.4 	6.9 
A,PC_IMP_PROD,SITC0_1,EXT_EU27_2020,FI	3.3 	3.1 	2.7 	2.7 	2.3 	2.3 	2.2 	3.4 	3.3 	3.4 	3.4 	3.7 	4.0 	5.3 	5.5 	4.9 	4.3 	4.3 	4.9 	3.7 	3.6 	3.8 	4.0 	4.4 
A,PC_IMP_PROD,SITC0_1,EXT_EU27_2020,FR	5.7 	5.9 	5.3 	5.0 	5.0 	5.3 	5.3 	6.3 	5.7 	5.4 	5.4 	6.0 	6.4 	6.9 	7.0 	6.9 	6.3 	6.2 	7.2 	6.9 	5.6 	6.4 	7.1 	7.5 
A,PC_IMP_PROD,SITC0_1,EXT_EU27_2020,HR	7.2 	7.1 	6.9 	6.4 	6.1 	6.6 	6.8 	8.1 	7.5 	8.3 	9.2 	8.1 	9.1 	9.7 	8.7 	8.0 	6.7 	7.7 	7.6 	6.5 	5.4 	8.5 	8.2 	7.8 
A,PC_IMP_PROD,SITC0_1,EXT_EU27_2020,HU	2.8 	2.6 	2.0 	1.4 	1.1 	1.2 	1.2 	1.3 	1.2 	1.5 	1.7 	1.6 	1.6 	1.8 	1.8 	1.8 	1.7 	1.7 	1.7 	1.4 	2.0 	2.1 	1.8 	1.7 
A,PC_IMP_PROD,SITC0_1,EXT_EU27_2020,IE	6.8 	8.1 	8.3 	8.2 	8.7 	9.2 	9.7 	11.5 	11.4 	11.1 	11.4 	12.3 	11.7 	11.4 	11.2 	10.7 	10.4 	10.7 	10.5 	8.1 	7.1 	7.7 	9.1 	9.1 
A,PC_IMP_PROD,SITC0_1,EXT_EU27_2020,IT	5.2 	5.1 	4.9 	4.4 	4.0 	4.2 	4.2 	5.3 	4.3 	4.6 	4.5 	5.0 	5.7 	6.3 	6.5 	6.0 	5.4 	5.6 	6.4 	5.0 	4.2 	5.3 	5.8 	6.6 
A,PC_IMP_PROD,SITC0_1,EXT_EU27_2020,LT	5.2 	5.4 	4.5 	4.2 	4.5 	4.7 	3.8 	5.0 	3.8 	4.1 	4.3 	4.7 	5.2 	6.1 	6.8 	5.8 	5.7 	6.1 	7.9 	5.4 	4.3 	5.7 	5.4 	5.1 
A,PC_IMP_PROD,SITC0_1,EXT_EU27_2020,LU	4.0 	2.5 	1.8 	1.7 	1.0 	1.2 	1.0 	1.4 	2.6 	2.3 	1.6 	2.0 	3.1 	2.8 	2.9 	2.9 	4.1 	3.0 	5.6 	3.4 	2.5 	2.2 	2.6 	1.6 
A,PC_IMP_PROD,SITC0_1,EXT_EU27_2020,LV	9.6 	7.9 	6.6 	6.2 	5.8 	5.8 	6.8 	7.9 	6.2 	5.2 	5.7 	9.5 	8.4 	8.9 	9.6 	9.7 	12.0 	11.4 	13.2 	6.6 	11.2 	17.1 	14.9 	11.0 
A,PC_IMP_PROD,SITC0_1,EXT_EU27_2020,MT	11.0 	10.9 	10.1 	9.9 	7.3 	8.2 	10.1 	8.0 	6.8 	6.7 	8.7 	7.2 	5.1 	5.6 	5.4 	7.6 	8.6 	5.5 	7.2 	5.9 	6.3 	8.1 	6.3 	7.1 
A,PC_IMP_PROD,SITC0_1,EXT_EU27_2020,NL	7.1 	7.3 	6.5 	5.9 	5.4 	5.7 	6.0 	7.3 	6.4 	6.5 	6.0 	6.6 	6.9 	7.3 	7.8 	7.1 	6.7 	6.8 	7.4 	6.1 	5.3 	6.0 	7.4 	8.3 
A,PC_IMP_PROD,SITC0_1,EXT_EU27_2020,PL	6.4 	5.8 	5.4 	5.1 	4.7 	4.8 	4.1 	5.2 	4.7 	4.7 	4.7 	4.8 	5.2 	5.7 	6.1 	5.8 	5.1 	5.3 	6.1 	4.5 	4.7 	5.3 	5.4 	5.3 
A,PC_IMP_PROD,SITC0_1,EXT_EU27_2020,PT	13.1 	12.1 	10.9 	9.7 	8.4 	9.7 	9.7 	10.4 	9.1 	10.4 	9.7 	9.8 	8.9 	10.5 	11.7 	10.4 	10.1 	9.7 	10.4 	8.5 	7.7 	9.7 	9.5 	11.0 
A,PC_IMP_PROD,SITC0_1,EXT_EU27_2020,RO	6.7 	7.9 	7.6 	6.6 	6.4 	5.0 	4.1 	5.7 	4.7 	5.1 	5.5 	5.5 	5.3 	6.3 	5.7 	5.4 	4.6 	4.7 	5.4 	5.0 	5.9 	6.9 	5.8 	5.5 
A,PC_IMP_PROD,SITC0_1,EXT_EU27_2020,SE	6.4 	6.2 	6.3 	6.5 	6.8 	6.9 	6.9 	9.0 	8.4 	8.3 	8.4 	10.5 	10.9 	12.4 	14.2 	12.6 	12.1 	12.5 	13.8 	11.4 	10.5 	12.7 	12.5 	13.0 
A,PC_IMP_PROD,SITC0_1,EXT_EU27_2020,SI	5.9 	5.8 	5.7 	6.6 	7.5 	7.1 	6.5 	9.9 	8.0 	7.1 	10.1 	8.2 	6.6 	7.8 	8.2 	7.0 	6.5 	5.5 	5.4 	4.6 	4.2 	4.4 	3.1 	2.9 
A,PC_IMP_PROD,SITC0_1,EXT_EU27_2020,SK	3.2 	3.0 	2.4 	1.6 	1.1 	0.8 	0.7 	0.8 	0.7 	0.6 	0.7 	0.8 	0.8 	0.8 	0.9 	1.0 	0.9 	0.9 	1.0 	0.8 	1.2 	1.3 	1.2 	1.1 
A,PC_IMP_PROD,SITC0_1,WORLD,AT	5.8 	5.8 	5.8 	5.8 	5.9 	6.2 	6.4 	7.5 	6.9 	6.5 	6.9 	7.1 	7.4 	7.4 	7.5 	7.2 	7.0 	7.2 	7.8 	6.7 	6.5 	7.6 	8.9 	9.1 
A,PC_IMP_PROD,SITC0_1,WORLD,BE	7.8 	8.0 	7.5 	7.1 	6.8 	7.0 	7.3 	8.3 	7.4 	7.3 	7.6 	7.9 	8.1 	8.3 	8.7 	8.7 	8.0 	8.1 	9.0 	7.6 	6.7 	8.0 	9.3 	10.4 
A,PC_IMP_PROD,SITC0_1,WORLD,BG	5.1 	4.9 	4.9 	5.0 	5.1 	5.4 	6.4 	9.4 	8.9 	8.7 	8.3 	8.5 	8.5 	9.1 	9.6 	9.2 	8.9 	9.5 	10.5 	9.2 	8.3 	10.4 	10.8 	11.7 
A,PC_IMP_PROD,SITC0_1,WORLD,CY	11.1 	12.0 	11.8 	11.3 	11.5 	12.0 	12.4 	14.2 	13.7 	14.7 	16.4 	19.1 	15.9 	15.2 	14.3 	13.3 	12.3 	14.3 	14.0 	14.4 	13.9 	13.3 	14.6 	14.4 
A,PC_IMP_PROD,SITC0_1,WORLD,CZ	4.6 	4.6 	4.7 	5.1 	4.8 	5.0 	4.9 	6.0 	5.3 	5.2 	5.6 	5.9 	5.6 	5.7 	5.7 	5.4 	5.1 	5.4 	5.7 	5.2 	5.0 	5.9 	6.3 	6.6 
A,PC_IMP_PROD,SITC0_1,WORLD,DE	7.3 	7.2 	6.8 	6.8 	6.4 	6.6 	6.7 	7.8 	7.0 	6.8 	7.0 	7.4 	7.4 	7.6 	7.8 	7.6 	7.2 	7.3 	7.9 	7.1 	6.6 	7.7 	8.6 	9.0 
A,PC_IMP_PROD,SITC0_1,WORLD,DK	11.7 	12.1 	11.8 	11.4 	11.1 	11.2 	11.6 	13.3 	13.3 	13.0 	13.1 	13.5 	13.5 	13.7 	13.9 	13.6 	13.3 	13.7 	13.7 	12.4 	12.5 	13.7 	13.3 	12.8 
A,PC_IMP_PROD,SITC0_1,WORLD,EE	8.7 	8.4 	8.4 	8.0 	6.9 	8.6 	9.5 	11.9 	10.4 	9.5 	9.2 	10.2 	10.1 	10.1 	10.1 	9.8 	9.0 	9.5 	9.9 	8.3 	8.2 	10.6 	12.0 	11.9 
A,PC_IMP_PROD,SITC0_1,WORLD,EL	11.6 	10.7 	10.7 	10.8 	9.9 	9.7 	9.7 	11.2 	11.7 	12.4 	11.6 	12.3 	12.1 	13.4 	14.2 	13.3 	11.9 	12.1 	12.7 	11.0 	9.7 	11.4 	12.0 	13.7 
A,PC_IMP_PROD,SITC0_1,WORLD,ES	9.5 	9.2 	8.8 	8.5 	7.8 	8.1 	8.3 	10.3 	9.4 	9.3 	9.7 	9.6 	9.5 	9.9 	10.3 	10.0 	9.7 	10.0 	10.8 	9.7 	9.5 	10.6 	10.8 	11.4 
A,PC_IMP_PROD,SITC0_1,WORLD,FI	5.5 	5.6 	5.3 	5.0 	4.6 	4.7 	5.0 	7.1 	6.5 	6.3 	6.7 	7.2 	7.3 	7.9 	7.9 	7.4 	7.0 	7.2 	7.8 	6.5 	6.4 	7.6 	8.1 	8.4 
A,PC_IMP_PROD,SITC0_1,WORLD,FR	7.6 	7.7 	7.3 	7.1 	7.0 	7.1 	7.3 	8.6 	8.0 	7.7 	7.8 	8.4 	8.7 	8.9 	9.3 	9.2 	8.8 	8.8 	10.0 	9.1 	8.3 	9.3 	10.1 	11.0 
A,PC_IMP_PROD,SITC0_1,WORLD,HR	8.2 	7.9 	7.9 	7.9 	7.9 	7.6 	7.7 	9.7 	9.9 	10.4 	10.9 	11.5 	12.4 	12.6 	12.4 	12.4 	11.8 	12.7 	12.7 	11.9 	10.7 	13.3 	13.9 	14.3 
A,PC_IMP_PROD,SITC0_1,WORLD,HU	3.0 	3.1 	3.7 	4.2 	4.0 	4.2 	4.6 	5.5 	5.0 	5.4 	5.3 	5.1 	5.1 	5.2 	5.4 	5.2 	5.1 	5.2 	5.6 	5.1 	5.0 	5.8 	6.3 	6.4 
A,PC_IMP_PROD,SITC0_1,WORLD,IE	7.1 	8.1 	7.9 	8.1 	8.4 	8.9 	9.7 	11.5 	11.3 	11.1 	11.7 	12.4 	11.4 	10.9 	10.4 	9.8 	9.5 	9.8 	10.4 	8.4 	7.7 	8.2 	9.1 	9.0 
A,PC_IMP_PROD,SITC0_1,WORLD,IT	8.2 	8.5 	8.4 	8.0 	7.5 	7.6 	7.7 	9.4 	8.3 	8.3 	8.7 	9.3 	9.6 	9.6 	9.7 	9.3 	8.7 	9.0 	9.7 	8.3 	7.6 	9.1 	9.7 	10.5 
A,PC_IMP_PROD,SITC0_1,WORLD,LT	7.0 	7.0 	7.4 	7.6 	8.2 	8.9 	9.9 	13.1 	11.9 	11.1 	12.0 	12.8 	12.8 	12.5 	12.1 	11.7 	11.1 	11.5 	12.7 	10.5 	9.7 	12.0 	12.0 	12.5 
A,PC_IMP_PROD,SITC0_1,WORLD,LU	9.5 	9.7 	8.9 	8.2 	7.0 	7.8 	7.7 	9.2 	9.5 	8.9 	9.1 	10.0 	10.7 	10.4 	11.2 	11.2 	11.8 	11.2 	13.2 	11.9 	11.5 	13.2 	14.1 	14.4 
A,PC_IMP_PROD,SITC0_1,WORLD,LV	12.1 	11.0 	10.4 	10.6 	10.1 	10.2 	12.4 	16.8 	15.0 	13.1 	13.6 	15.3 	14.5 	14.3 	15.7 	16.4 	16.2 	16.9 	18.4 	14.9 	14.5 	18.5 	18.2 	17.3 
A,PC_IMP_PROD,SITC0_1,WORLD,MT	11.2 	10.7 	11.6 	11.8 	10.7 	12.8 	13.5 	13.7 	11.8 	10.6 	10.8 	12.2 	11.0 	11.0 	11.3 	13.4 	12.7 	10.8 	12.6 	11.5 	11.3 	13.4 	11.7 	12.8 
A,PC_IMP_PROD,SITC0_1,WORLD,NL	9.6 	9.8 	9.1 	8.3 	7.8 	8.1 	8.3 	9.8 	8.8 	8.9 	8.7 	9.3 	9.4 	9.9 	10.2 	9.6 	9.2 	9.2 	9.9 	8.7 	7.8 	8.7 	9.6 	10.5 
A,PC_IMP_PROD,SITC0_1,WORLD,PL	5.6 	4.9 	5.2 	5.8 	5.5 	5.9 	6.2 	7.5 	7.1 	7.1 	7.6 	8.0 	7.9 	8.0 	8.4 	8.2 	7.7 	7.9 	8.7 	7.4 	7.3 	8.5 	8.9 	9.2 
A,PC_IMP_PROD,SITC0_1,WORLD,PT	11.4 	11.5 	11.1 	10.5 	10.4 	11.0 	10.9 	13.0 	12.1 	12.8 	13.2 	13.4 	13.0 	13.2 	13.7 	13.0 	12.6 	12.1 	13.5 	12.2 	11.8 	13.5 	13.5 	14.4 
A,PC_IMP_PROD,SITC0_1,WORLD,RO	5.7 	6.6 	5.9 	5.6 	5.4 	5.8 	6.6 	8.6 	7.0 	6.8 	7.5 	7.8 	7.7 	8.5 	9.0 	8.8 	8.2 	8.7 	9.8 	9.1 	8.8 	9.9 	10.1 	9.8 
A,PC_IMP_PROD,SITC0_1,WORLD,SE	7.5 	7.5 	7.4 	7.2 	7.2 	7.1 	7.5 	9.6 	8.5 	8.2 	8.8 	10.0 	10.1 	10.6 	11.2 	10.4 	10.2 	10.4 	11.0 	9.6 	9.4 	10.4 	10.7 	11.5 
A,PC_IMP_PROD,SITC0_1,WORLD,SI	5.8 	5.6 	5.7 	6.2 	6.4 	6.7 	6.9 	9.3 	8.2 	7.8 	9.0 	8.8 	8.2 	8.5 	8.6 	7.9 	7.5 	7.1 	7.5 	6.5 	5.9 	6.7 	5.8 	5.8 
A,PC_IMP_PROD,SITC0_1,WORLD,SK	5.2 	4.4 	4.8 	5.8 	4.9 	5.1 	5.1 	6.4 	5.9 	5.7 	5.6 	5.6 	5.5 	5.4 	5.6 	5.4 	5.3 	5.6 	6.0 	5.6 	5.7 	6.4 	7.0 	6.8 
A,PC_IMP_PROD,SITC2_4,EU27_2020,AT	3.7 	3.4 	3.5 	3.9 	4.5 	4.4 	4.6 	4.6 	5.4 	5.5 	5.3 	4.9 	4.7 	4.6 	4.5 	4.5 	4.5 	4.2 	4.5 	5.2 	4.9 	4.4 	4.3 	4.2 
A,PC_IMP_PROD,SITC2_4,EU27_2020,BE	3.2 	3.2 	3.9 	3.9 	4.6 	4.7 	4.6 	4.0 	4.5 	4.9 	4.4 	4.1 	4.3 	3.9 	3.9 	4.0 	4.2 	4.0 	4.8 	5.2 	4.5 	4.1 	4.3 	4.6 
A,PC_IMP_PROD,SITC2_4,EU27_2020,BG	3.0 	3.0 	3.1 	3.2 	3.8 	3.1 	3.6 	3.3 	5.6 	11.5 	10.0 	10.4 	8.9 	8.0 	7.0 	8.9 	8.3 	6.7 	4.0 	4.9 	4.9 	4.5 	4.8 	4.3 
A,PC_IMP_PROD,SITC2_4,EU27_2020,CY	2.4 	2.8 	2.0 	1.9 	1.8 	2.1 	1.7 	1.6 	1.6 	1.7 	1.4 	1.4 	1.3 	1.3 	1.2 	1.2 	1.1 	1.1 	1.1 	1.1 	1.2 	0.9 	1.0 	1.0 
A,PC_IMP_PROD,SITC2_4,EU27_2020,CZ	2.4 	2.6 	2.5 	2.4 	2.4 	2.2 	2.3 	2.3 	2.5 	2.7 	2.8 	2.6 	2.4 	2.3 	2.3 	2.1 	2.0 	1.9 	1.9 	2.1 	2.2 	2.0 	2.1 	2.0 
A,PC_IMP_PROD,SITC2_4,EU27_2020,DE	3.7 	3.5 	3.7 	4.1 	4.4 	4.5 	4.5 	4.0 	4.8 	5.1 	4.8 	4.7 	4.5 	4.3 	4.1 	4.2 	4.0 	3.9 	4.0 	4.6 	4.3 	3.9 	3.8 	3.8 
A,PC_IMP_PROD,SITC2_4,EU27_2020,DK	3.8 	4.2 	4.0 	3.7 	3.8 	3.8 	3.7 	3.9 	4.2 	4.4 	4.1 	4.3 	4.4 	4.5 	4.0 	4.2 	4.1 	3.7 	3.6 	4.1 	3.9 	3.8 	3.6 	3.4 
A,PC_IMP_PROD,SITC2_4,EU27_2020,EE	3.8 	3.2 	2.9 	2.8 	2.5 	2.5 	2.9 	2.8 	2.7 	2.6 	3.1 	3.5 	3.4 	3.3 	3.3 	3.4 	3.5 	3.4 	3.8 	4.4 	4.1 	4.0 	4.1 	4.5 
A,PC_IMP_PROD,SITC2_4,EU27_2020,EL	2.5 	2.3 	2.3 	2.3 	2.5 	2.6 	2.5 	2.3 	2.8 	3.3 	3.3 	3.3 	3.4 	3.1 	2.9 	3.2 	3.1 	2.6 	2.4 	2.7 	3.1 	2.9 	2.9 	2.9 
A,PC_IMP_PROD,SITC2_4,EU27_2020,ES	2.7 	2.7 	2.8 	2.9 	3.3 	3.1 	3.3 	3.0 	3.6 	3.8 	3.9 	3.7 	3.4 	3.2 	3.0 	3.1 	3.2 	3.1 	3.2 	3.9 	4.1 	3.8 	3.6 	3.4 
A,PC_IMP_PROD,SITC2_4,EU27_2020,EU27_2020	3.4 	3.3 	3.5 	3.5 	3.8 	3.8 	3.9 	3.5 	4.2 	4.4 	4.2 	4.1 	4.0 	3.8 	3.6 	3.7 	3.7 	3.5 	3.6 	4.1 	3.9 	3.5 	3.5 	3.5 
A,PC_IMP_PROD,SITC2_4,EU27_2020,FI	3.3 	3.9 	4.8 	5.1 	7.2 	8.1 	7.1 	5.9 	8.9 	8.8 	6.2 	6.0 	6.3 	5.3 	4.9 	5.2 	5.4 	4.9 	5.0 	5.9 	6.0 	5.8 	5.5 	5.4 
A,PC_IMP_PROD,SITC2_4,EU27_2020,FR	2.4 	2.4 	2.5 	2.4 	2.5 	2.5 	2.6 	2.4 	2.6 	2.7 	2.5 	2.6 	2.5 	2.6 	2.5 	2.5 	2.6 	2.4 	2.5 	2.8 	2.7 	2.5 	2.6 	2.5 
A,PC_IMP_PROD,SITC2_4,EU27_2020,HR	2.1 	2.0 	2.0 	2.0 	1.8 	1.8 	2.0 	2.0 	2.0 	1.9 	2.1 	2.0 	2.2 	2.2 	2.1 	2.2 	2.3 	2.0 	2.1 	2.5 	2.6 	2.1 	1.9 	1.8 
A,PC_IMP_PROD,SITC2_4,EU27_2020,HU	2.0 	2.0 	1.7 	1.8 	1.8 	1.8 	2.1 	1.9 	2.1 	2.6 	2.7 	2.6 	2.3 	2.0 	2.0 	2.1 	2.1 	2.1 	2.1 	2.5 	2.4 	2.1 	2.1 	2.2 
A,PC_IMP_PROD,SITC2_4,EU27_2020,IE	1.9 	2.1 	2.0 	1.9 	2.1 	2.1 	1.9 	2.0 	1.9 	1.8 	1.8 	1.6 	1.5 	1.5 	1.3 	1.2 	1.2 	1.3 	1.4 	1.6 	1.6 	1.3 	1.3 	1.2 
A,PC_IMP_PROD,SITC2_4,EU27_2020,IT	4.9 	4.7 	5.0 	4.9 	5.2 	4.9 	5.0 	4.2 	5.0 	5.3 	5.3 	5.2 	5.5 	5.0 	4.7 	4.9 	4.8 	4.5 	4.3 	5.0 	5.0 	4.3 	4.6 	4.9 
A,PC_IMP_PROD,SITC2_4,EU27_2020,LT	3.6 	3.4 	3.3 	3.0 	2.7 	2.7 	3.0 	3.3 	3.4 	3.4 	3.3 	3.5 	3.6 	3.5 	3.8 	3.6 	3.7 	3.6 	3.8 	4.1 	4.0 	3.9 	4.1 	3.9 
A,PC_IMP_PROD,SITC2_4,EU27_2020,LU	5.1 	5.7 	7.5 	6.4 	8.2 	8.4 	8.4 	6.4 	9.9 	10.7 	9.4 	8.8 	7.9 	7.6 	7.2 	8.0 	8.2 	7.2 	6.4 	8.5 	7.7 	6.6 	6.7 	7.3 
A,PC_IMP_PROD,SITC2_4,EU27_2020,LV	3.6 	3.5 	3.0 	2.9 	2.7 	3.1 	3.8 	3.9 	4.4 	4.4 	5.3 	4.5 	4.3 	4.3 	3.9 	3.9 	4.2 	3.9 	4.3 	5.1 	4.4 	4.4 	4.4 	4.3 
A,PC_IMP_PROD,SITC2_4,EU27_2020,MT	1.6 	1.5 	1.3 	1.5 	1.3 	1.1 	1.1 	1.2 	1.0 	0.8 	0.8 	0.8 	0.8 	0.8 	0.8 	0.9 	0.8 	0.9 	0.9 	0.9 	0.9 	0.8 	0.7 	0.8 
A,PC_IMP_PROD,SITC2_4,EU27_2020,NL	4.3 	4.3 	4.4 	4.3 	4.6 	4.8 	4.7 	4.6 	5.0 	5.5 	5.3 	5.1 	4.9 	4.8 	4.4 	4.5 	4.5 	4.4 	4.8 	5.1 	4.5 	4.0 	3.9 	3.9 
A,PC_IMP_PROD,SITC2_4,EU27_2020,PL	2.6 	2.5 	2.7 	2.6 	2.5 	2.5 	2.7 	2.7 	2.9 	3.3 	3.4 	3.3 	3.2 	3.1 	3.1 	3.1 	3.2 	2.8 	2.9 	3.2 	3.3 	2.8 	2.8 	2.8 
A,PC_IMP_PROD,SITC2_4,EU27_2020,PT	2.6 	2.9 	2.7 	2.7 	2.9 	2.9 	3.2 	3.0 	3.5 	4.3 	4.4 	4.5 	4.0 	3.9 	3.8 	4.1 	4.0 	3.5 	3.9 	4.3 	4.2 	3.9 	3.5 	3.2 
A,PC_IMP_PROD,SITC2_4,EU27_2020,RO	1.9 	1.7 	1.6 	1.6 	1.6 	1.8 	2.4 	2.4 	3.1 	3.0 	3.1 	2.8 	2.7 	2.5 	2.6 	2.7 	2.7 	2.5 	2.4 	2.7 	2.5 	2.4 	2.5 	2.4 
A,PC_IMP_PROD,SITC2_4,EU27_2020,SE	3.4 	3.3 	3.6 	3.3 	3.5 	3.8 	3.4 	3.5 	3.7 	3.8 	3.8 	3.6 	3.3 	3.3 	3.3 	3.4 	3.6 	3.5 	3.4 	3.5 	3.7 	3.4 	4.0 	3.8 
A,PC_IMP_PROD,SITC2_4,EU27_2020,SI	5.0 	4.8 	4.8 	4.9 	5.3 	5.6 	5.1 	4.9 	5.9 	5.4 	5.7 	5.7 	5.8 	5.6 	5.3 	5.3 	5.4 	4.8 	4.8 	5.1 	4.9 	4.5 	4.6 	4.2 
A,PC_IMP_PROD,SITC2_4,EU27_2020,SK	3.1 	2.7 	2.8 	2.8 	2.7 	2.6 	2.9 	2.9 	3.8 	3.8 	4.1 	3.4 	2.9 	2.5 	2.3 	2.3 	2.2 	2.0 	2.1 	2.5 	2.4 	2.0 	2.2 	2.4 
A,PC_IMP_PROD,SITC2_4,EXT_EU27_2020,AT	4.5 	4.2 	4.6 	4.5 	4.1 	3.8 	4.1 	3.2 	4.6 	4.9 	3.9 	3.8 	3.9 	3.3 	3.0 	3.2 	3.3 	3.5 	3.3 	4.0 	3.1 	2.6 	2.9 	2.6 
A,PC_IMP_PROD,SITC2_4,EXT_EU27_2020,BE	4.7 	4.8 	4.5 	4.3 	5.2 	5.5 	4.3 	3.9 	5.0 	5.0 	5.2 	4.7 	4.4 	4.2 	4.3 	4.4 	4.9 	5.0 	5.9 	6.2 	5.0 	4.7 	4.8 	5.4 
A,PC_IMP_PROD,SITC2_4,EXT_EU27_2020,BG	7.7 	9.7 	10.2 	14.1 	17.4 	13.9 	11.5 	12.9 	13.7 	9.0 	8.6 	8.6 	8.2 	9.6 	8.9 	10.6 	11.5 	11.4 	22.1 	16.9 	17.4 	14.8 	17.1 	13.5 
A,PC_IMP_PROD,SITC2_4,EXT_EU27_2020,CY	1.3 	1.5 	1.6 	1.6 	1.5 	1.5 	1.7 	1.5 	1.1 	1.2 	1.7 	1.6 	1.0 	1.0 	1.1 	0.8 	0.7 	1.1 	0.8 	1.7 	1.2 	0.8 	0.9 	0.9 
A,PC_IMP_PROD,SITC2_4,EXT_EU27_2020,CZ	4.7 	4.7 	5.7 	5.2 	4.7 	3.9 	4.5 	3.1 	3.9 	4.5 	3.8 	4.1 	3.8 	3.0 	2.9 	3.0 	2.8 	2.8 	2.6 	3.5 	2.6 	2.0 	1.7 	1.8 
A,PC_IMP_PROD,SITC2_4,EXT_EU27_2020,DE	3.4 	3.1 	3.3 	3.2 	3.8 	4.0 	3.8 	3.3 	4.0 	4.4 	4.2 	4.0 	3.8 	3.5 	3.4 	3.6 	3.6 	3.5 	4.0 	4.8 	3.9 	3.6 	3.4 	3.6 
A,PC_IMP_PROD,SITC2_4,EXT_EU27_2020,DK	3.3 	3.4 	3.1 	2.8 	2.9 	3.2 	3.0 	2.6 	2.9 	3.2 	3.8 	3.4 	3.6 	3.5 	3.7 	3.5 	3.9 	4.2 	4.5 	3.6 	3.7 	3.7 	3.7 	3.7 
A,PC_IMP_PROD,SITC2_4,EXT_EU27_2020,EE	7.1 	6.8 	10.0 	9.0 	7.2 	8.8 	4.8 	6.5 	6.1 	4.5 	4.7 	5.3 	5.9 	6.3 	6.7 	6.8 	6.0 	6.3 	7.0 	8.2 	5.7 	3.7 	3.2 	3.3 
A,PC_IMP_PROD,SITC2_4,EXT_EU27_2020,EL	3.5 	3.2 	3.7 	3.4 	3.1 	3.5 	3.8 	2.8 	3.2 	3.7 	3.4 	3.3 	3.1 	3.6 	3.6 	3.5 	3.1 	3.4 	4.1 	4.1 	3.1 	3.2 	3.5 	4.4 
A,PC_IMP_PROD,SITC2_4,EXT_EU27_2020,ES	6.6 	6.3 	6.0 	5.7 	6.0 	6.1 	6.1 	5.8 	6.7 	7.2 	6.6 	6.9 	6.7 	7.0 	6.9 	7.7 	7.1 	6.3 	7.2 	7.8 	6.0 	6.0 	6.4 	5.9 
A,PC_IMP_PROD,SITC2_4,EXT_EU27_2020,EU27_2020	4.5 	4.4 	4.5 	4.3 	4.5 	4.7 	4.6 	3.8 	4.7 	5.0 	4.6 	4.5 	4.3 	4.2 	4.1 	4.3 	4.2 	4.2 	4.7 	5.0 	4.2 	3.8 	3.9 	3.9 
A,PC_IMP_PROD,SITC2_4,EXT_EU27_2020,FI	12.0 	12.3 	14.4 	12.6 	13.5 	14.6 	11.2 	7.7 	11.1 	9.5 	8.8 	8.9 	8.9 	10.2 	11.0 	10.5 	11.0 	11.7 	16.2 	16.0 	12.9 	11.8 	12.1 	13.6 
A,PC_IMP_PROD,SITC2_4,EXT_EU27_2020,FR	2.9 	3.0 	2.7 	2.6 	2.9 	3.0 	3.3 	2.6 	3.2 	3.4 	2.9 	2.8 	2.6 	2.5 	2.5 	2.6 	2.4 	2.4 	2.7 	3.0 	2.3 	2.0 	2.1 	2.0 
A,PC_IMP_PROD,SITC2_4,EXT_EU27_2020,HR	4.2 	3.9 	3.4 	2.9 	2.5 	2.2 	3.1 	2.0 	2.1 	2.6 	2.4 	2.6 	2.7 	2.9 	2.7 	2.5 	2.5 	3.1 	3.0 	3.0 	2.1 	2.5 	2.5 	2.3 
A,PC_IMP_PROD,SITC2_4,EXT_EU27_2020,HU	2.0 	2.0 	2.1 	2.1 	2.0 	2.0 	1.9 	1.4 	2.3 	2.6 	2.4 	2.1 	2.1 	2.5 	2.5 	2.7 	2.4 	2.2 	1.9 	1.9 	2.4 	1.8 	1.4 	1.4 
A,PC_IMP_PROD,SITC2_4,EXT_EU27_2020,IE	1.6 	1.8 	1.9 	2.0 	2.1 	2.1 	1.8 	1.5 	1.8 	1.9 	1.7 	1.6 	1.6 	1.6 	1.6 	1.5 	1.4 	1.5 	1.5 	1.4 	1.1 	1.1 	1.3 	1.3 
A,PC_IMP_PROD,SITC2_4,EXT_EU27_2020,IT	6.5 	6.1 	6.1 	5.6 	5.4 	5.1 	5.1 	4.4 	5.0 	5.4 	5.0 	5.3 	5.3 	5.4 	5.4 	5.2 	5.0 	5.2 	5.6 	5.6 	4.3 	4.3 	4.4 	4.0 
A,PC_IMP_PROD,SITC2_4,EXT_EU27_2020,LT	5.5 	5.3 	5.9 	5.0 	5.1 	5.4 	6.0 	5.4 	4.5 	4.7 	4.6 	4.7 	5.0 	6.7 	7.0 	6.2 	6.6 	7.5 	9.1 	9.1 	5.0 	3.6 	3.8 	4.6 
A,PC_IMP_PROD,SITC2_4,EXT_EU27_2020,LU	2.1 	1.7 	1.9 	1.6 	1.6 	1.4 	1.4 	0.6 	1.1 	1.2 	0.8 	1.4 	2.1 	1.3 	1.4 	2.1 	1.2 	1.1 	3.1 	3.9 	3.9 	2.9 	2.5 	1.3 
A,PC_IMP_PROD,SITC2_4,EXT_EU27_2020,LV	5.4 	7.6 	9.1 	8.4 	7.7 	9.5 	6.2 	4.1 	5.2 	4.2 	8.7 	5.5 	6.3 	6.0 	6.0 	5.7 	8.1 	9.3 	9.4 	10.8 	10.1 	8.0 	7.3 	4.7 
A,PC_IMP_PROD,SITC2_4,EXT_EU27_2020,MT	0.8 	0.7 	0.9 	1.0 	0.9 	0.8 	0.8 	1.1 	1.0 	0.6 	0.6 	0.7 	0.4 	0.5 	0.3 	0.4 	0.4 	0.5 	0.7 	0.6 	0.5 	0.6 	0.7 	1.1 
A,PC_IMP_PROD,SITC2_4,EXT_EU27_2020,NL	5.3 	5.3 	5.6 	5.4 	4.9 	5.3 	5.8 	4.6 	5.6 	6.1 	5.4 	5.3 	4.9 	4.7 	4.6 	4.8 	4.5 	4.5 	4.8 	5.1 	4.2 	4.0 	4.3 	4.3 
A,PC_IMP_PROD,SITC2_4,EXT_EU27_2020,PL	4.8 	5.0 	6.5 	5.2 	5.4 	5.3 	5.2 	3.9 	4.4 	5.2 	4.9 	4.6 	4.4 	4.3 	4.4 	4.5 	3.9 	4.1 	4.0 	4.0 	4.2 	3.7 	3.7 	3.4 
A,PC_IMP_PROD,SITC2_4,EXT_EU27_2020,PT	7.5 	6.6 	5.9 	5.4 	5.1 	6.0 	6.3 	5.7 	5.9 	6.1 	5.2 	5.8 	5.8 	6.3 	6.1 	5.9 	5.8 	5.4 	5.9 	6.0 	5.4 	5.5 	5.7 	5.3 
A,PC_IMP_PROD,SITC2_4,EXT_EU27_2020,RO	6.5 	6.1 	5.8 	5.1 	4.5 	5.3 	5.0 	3.6 	4.6 	5.0 	5.0 	5.5 	4.5 	5.0 	4.9 	4.7 	4.4 	4.2 	4.4 	5.0 	5.5 	3.0 	2.7 	2.8 
A,PC_IMP_PROD,SITC2_4,EXT_EU27_2020,SE	4.0 	3.6 	4.3 	3.9 	4.1 	4.3 	4.1 	3.8 	3.9 	3.8 	3.7 	3.5 	3.5 	3.6 	3.1 	3.1 	3.0 	3.1 	3.4 	3.7 	3.1 	3.8 	4.0 	4.7 
A,PC_IMP_PROD,SITC2_4,EXT_EU27_2020,SI	6.7 	6.7 	8.3 	8.1 	7.6 	5.7 	5.6 	4.2 	7.2 	8.2 	7.4 	5.9 	5.4 	4.8 	4.5 	4.0 	3.7 	2.9 	2.5 	2.5 	2.4 	1.8 	1.6 	1.7 
A,PC_IMP_PROD,SITC2_4,EXT_EU27_2020,SK	5.5 	5.4 	7.6 	6.6 	5.1 	4.1 	4.2 	2.8 	4.2 	4.3 	3.9 	3.9 	3.9 	3.2 	3.4 	5.1 	4.9 	4.7 	4.3 	6.4 	5.1 	3.9 	3.7 	3.2 
A,PC_IMP_PROD,SITC2_4,WORLD,AT	3.8 	3.6 	3.7 	4.0 	4.4 	4.3 	4.5 	4.2 	5.2 	5.3 	4.9 	4.6 	4.5 	4.3 	4.1 	4.2 	4.2 	4.0 	4.2 	4.9 	4.5 	3.9 	4.0 	3.8 
A,PC_IMP_PROD,SITC2_4,WORLD,BE	3.7 	3.8 	4.1 	4.1 	4.8 	5.0 	4.5 	4.0 	4.6 	4.9 	4.7 	4.3 	4.3 	4.0 	4.1 	4.1 	4.5 	4.4 	5.2 	5.5 	4.7 	4.3 	4.5 	4.9 
A,PC_IMP_PROD,SITC2_4,WORLD,BG	5.1 	5.9 	6.3 	7.6 	9.3 	7.7 	7.1 	7.3 	9.1 	10.4 	9.4 	9.6 	8.6 	8.6 	7.7 	9.5 	9.5 	8.6 	11.1 	9.6 	10.5 	8.7 	9.9 	8.3 
A,PC_IMP_PROD,SITC2_4,WORLD,CY	1.8 	2.1 	1.8 	1.8 	1.7 	1.9 	1.7 	1.6 	1.4 	1.5 	1.5 	1.4 	1.2 	1.1 	1.1 	1.0 	0.9 	1.1 	1.0 	1.3 	1.2 	0.8 	1.0 	1.0 
A,PC_IMP_PROD,SITC2_4,WORLD,CZ	3.1 	3.2 	3.2 	3.0 	2.9 	2.6 	2.9 	2.5 	2.9 	3.2 	3.1 	3.0 	2.7 	2.5 	2.4 	2.3 	2.2 	2.1 	2.1 	2.4 	2.3 	2.0 	2.0 	1.9 
A,PC_IMP_PROD,SITC2_4,WORLD,DE	3.6 	3.3 	3.6 	3.7 	4.1 	4.3 	4.2 	3.7 	4.5 	4.8 	4.6 	4.4 	4.2 	4.0 	3.8 	4.0 	3.8 	3.8 	4.0 	4.7 	4.1 	3.8 	3.7 	3.7 
A,PC_IMP_PROD,SITC2_4,WORLD,DK	3.7 	3.9 	3.7 	3.4 	3.5 	3.6 	3.5 	3.4 	3.7 	4.0 	4.0 	4.0 	4.1 	4.1 	3.9 	4.0 	4.0 	3.9 	3.9 	4.0 	3.8 	3.8 	3.6 	3.5 
A,PC_IMP_PROD,SITC2_4,WORLD,EE	4.9 	4.6 	4.9 	4.4 	3.8 	4.1 	3.3 	3.6 	3.4 	3.1 	3.5 	3.9 	4.0 	4.0 	4.0 	4.1 	4.2 	4.1 	4.6 	5.4 	4.5 	4.0 	3.9 	4.2 
A,PC_IMP_PROD,SITC2_4,WORLD,EL	2.9 	2.7 	2.8 	2.8 	2.7 	3.0 	3.1 	2.5 	3.0 	3.5 	3.4 	3.3 	3.2 	3.3 	3.2 	3.3 	3.1 	3.0 	3.2 	3.4 	3.1 	3.1 	3.2 	3.6 
A,PC_IMP_PROD,SITC2_4,WORLD,ES	4.1 	4.0 	4.0 	4.1 	4.5 	4.4 	4.6 	4.2 	5.0 	5.4 	5.3 	5.3 	4.9 	4.9 	4.7 	5.1 	5.0 	4.6 	5.0 	5.7 	5.1 	4.8 	4.8 	4.5 
A,PC_IMP_PROD,SITC2_4,WORLD,FI	6.5 	7.0 	8.4 	7.9 	9.8 	10.8 	8.8 	6.6 	9.8 	9.1 	7.3 	7.1 	7.2 	6.8 	6.7 	6.9 	7.2 	7.0 	8.1 	9.0 	8.4 	7.6 	7.5 	7.7 
A,PC_IMP_PROD,SITC2_4,WORLD,FR	2.6 	2.6 	2.6 	2.5 	2.7 	2.7 	2.9 	2.5 	2.8 	3.0 	2.7 	2.7 	2.6 	2.5 	2.5 	2.5 	2.5 	2.4 	2.6 	2.8 	2.6 	2.3 	2.4 	2.3 
A,PC_IMP_PROD,SITC2_4,WORLD,HR	2.7 	2.6 	2.4 	2.3 	2.0 	2.0 	2.4 	2.0 	2.1 	2.1 	2.2 	2.2 	2.3 	2.3 	2.2 	2.3 	2.4 	2.3 	2.3 	2.6 	2.5 	2.2 	2.0 	1.9 
A,PC_IMP_PROD,SITC2_4,WORLD,HU	2.0 	2.0 	1.9 	1.9 	1.8 	1.8 	2.0 	1.8 	2.2 	2.6 	2.6 	2.5 	2.2 	2.2 	2.1 	2.3 	2.2 	2.2 	2.1 	2.4 	2.4 	2.0 	1.9 	1.9 
A,PC_IMP_PROD,SITC2_4,WORLD,IE	1.7 	1.9 	1.9 	1.9 	2.1 	2.1 	1.8 	1.7 	1.8 	1.9 	1.7 	1.6 	1.5 	1.6 	1.5 	1.4 	1.3 	1.4 	1.4 	1.4 	1.3 	1.2 	1.3 	1.3 
A,PC_IMP_PROD,SITC2_4,WORLD,IT	5.6 	5.3 	5.5 	5.2 	5.2 	5.0 	5.0 	4.3 	5.0 	5.4 	5.1 	5.3 	5.4 	5.2 	5.0 	5.0 	4.9 	4.8 	4.9 	5.2 	4.7 	4.3 	4.5 	4.5 
A,PC_IMP_PROD,SITC2_4,WORLD,LT	4.5 	4.3 	4.3 	3.9 	3.6 	3.6 	4.4 	4.2 	3.9 	4.0 	3.8 	4.0 	4.2 	4.7 	4.8 	4.4 	4.7 	4.9 	5.3 	5.7 	4.4 	3.8 	4.0 	4.1 
A,PC_IMP_PROD,SITC2_4,WORLD,LU	4.5 	4.7 	6.1 	5.0 	5.9 	6.4 	6.6 	4.7 	8.0 	8.8 	7.3 	7.1 	6.7 	5.7 	5.8 	6.9 	7.3 	6.2 	6.0 	8.0 	7.4 	6.3 	6.4 	6.5 
A,PC_IMP_PROD,SITC2_4,WORLD,LV	4.0 	4.6 	4.6 	4.3 	3.9 	4.6 	4.4 	3.9 	4.6 	4.4 	6.1 	4.7 	4.7 	4.7 	4.4 	4.3 	5.1 	5.1 	5.5 	6.5 	5.6 	5.0 	4.9 	4.3 
A,PC_IMP_PROD,SITC2_4,WORLD,MT	1.3 	1.2 	1.1 	1.3 	1.2 	1.0 	1.0 	1.2 	1.0 	0.7 	0.7 	0.7 	0.6 	0.7 	0.6 	0.7 	0.6 	0.7 	0.8 	0.8 	0.7 	0.8 	0.7 	0.9 
A,PC_IMP_PROD,SITC2_4,WORLD,NL	4.8 	4.8 	5.1 	4.9 	4.8 	5.1 	5.3 	4.6 	5.4 	5.9 	5.3 	5.2 	4.9 	4.7 	4.5 	4.7 	4.5 	4.4 	4.8 	5.1 	4.3 	4.0 	4.1 	4.1 
A,PC_IMP_PROD,SITC2_4,WORLD,PL	3.3 	3.4 	3.8 	3.4 	3.4 	3.3 	3.4 	3.1 	3.4 	3.9 	3.9 	3.7 	3.6 	3.5 	3.5 	3.6 	3.4 	3.3 	3.3 	3.5 	3.7 	3.1 	3.1 	3.0 
A,PC_IMP_PROD,SITC2_4,WORLD,PT	3.9 	3.8 	3.5 	3.4 	3.5 	3.8 	4.1 	3.6 	4.1 	4.8 	4.7 	4.9 	4.5 	4.5 	4.3 	4.6 	4.5 	4.0 	4.4 	4.8 	4.5 	4.3 	4.1 	3.7 
A,PC_IMP_PROD,SITC2_4,WORLD,RO	3.6 	3.2 	3.2 	3.0 	2.7 	2.9 	3.2 	2.8 	3.5 	3.6 	3.6 	3.5 	3.2 	3.1 	3.2 	3.2 	3.1 	2.9 	2.9 	3.3 	3.4 	2.6 	2.6 	2.5 
A,PC_IMP_PROD,SITC2_4,WORLD,SE	3.6 	3.4 	3.8 	3.5 	3.7 	4.0 	3.7 	3.6 	3.8 	3.8 	3.7 	3.6 	3.4 	3.4 	3.2 	3.3 	3.4 	3.3 	3.4 	3.5 	3.5 	3.5 	4.0 	4.1 
A,PC_IMP_PROD,SITC2_4,WORLD,SI	5.3 	5.2 	5.4 	5.5 	5.7 	5.6 	5.2 	4.7 	6.3 	6.2 	6.2 	5.8 	5.7 	5.3 	5.1 	4.9 	4.8 	4.1 	3.8 	4.0 	3.7 	3.1 	2.8 	2.8 
A,PC_IMP_PROD,SITC2_4,WORLD,SK	3.8 	3.5 	3.9 	3.7 	3.3 	3.0 	3.2 	2.9 	4.0 	3.9 	4.1 	3.5 	3.2 	2.6 	2.5 	2.9 	2.8 	2.6 	2.6 	3.4 	3.1 	2.4 	2.5 	2.6 
A,PC_IMP_PROD,SITC3,EU27_2020,AT	4.6 	5.5 	6.9 	9.8 	8.1 	6.8 	8.1 	7.0 	7.6 	8.0 	8.1 	7.2 	6.7 	5.3 	4.7 	5.0 	5.3 	5.2 	4.2 	5.1 	9.5 	6.2 	4.6 	5.2 
A,PC_IMP_PROD,SITC3,EU27_2020,BE	8.0 	8.5 	9.7 	12.4 	13.5 	12.0 	15.7 	11.9 	13.8 	16.4 	18.5 	19.4 	17.8 	12.8 	10.6 	12.1 	14.1 	12.5 	8.8 	13.4 	19.1 	15.3 	16.1 	14.5 
A,PC_IMP_PROD,SITC3,EU27_2020,BG	2.0 	2.5 	2.5 	5.7 	6.6 	5.2 	5.2 	4.8 	5.7 	4.9 	6.4 	6.2 	6.1 	4.4 	4.0 	4.7 	4.3 	4.4 	4.1 	5.7 	6.9 	2.8 	8.0 	7.5 
A,PC_IMP_PROD,SITC3,EU27_2020,CY	3.4 	3.8 	7.5 	9.5 	12.2 	11.5 	16.2 	13.7 	14.5 	17.4 	23.0 	22.1 	21.3 	19.7 	13.6 	15.6 	16.7 	18.2 	15.0 	16.1 	19.2 	19.4 	14.9 	12.2 
A,PC_IMP_PROD,SITC3,EU27_2020,CZ	3.4 	3.4 	3.8 	4.2 	4.2 	3.9 	4.6 	4.9 	5.0 	6.5 	6.4 	6.0 	4.7 	4.7 	4.4 	4.3 	4.8 	3.9 	2.7 	4.8 	9.8 	5.7 	5.1 	5.3 
A,PC_IMP_PROD,SITC3,EU27_2020,DE	4.5 	4.4 	5.0 	6.3 	6.4 	5.3 	7.3 	6.7 	7.3 	8.5 	8.7 	8.8 	7.4 	6.2 	4.7 	5.3 	6.1 	6.5 	5.1 	5.6 	8.3 	6.4 	5.5 	5.4 
A,PC_IMP_PROD,SITC3,EU27_2020,DK	2.7 	2.6 	2.6 	3.1 	2.8 	2.5 	4.1 	2.8 	4.2 	4.2 	4.8 	4.7 	3.8 	2.8 	2.4 	2.3 	2.9 	3.0 	2.5 	4.4 	8.7 	4.2 	3.4 	3.0 
A,PC_IMP_PROD,SITC3,EU27_2020,EE	3.2 	3.1 	4.4 	4.4 	7.5 	8.2 	10.7 	13.8 	12.8 	9.9 	9.5 	8.9 	9.3 	7.8 	5.9 	6.4 	8.1 	8.1 	7.1 	9.3 	18.9 	12.2 	10.9 	10.9 
A,PC_IMP_PROD,SITC3,EU27_2020,EL	1.0 	1.2 	1.7 	2.2 	2.1 	1.4 	2.1 	1.7 	3.2 	4.5 	6.6 	6.0 	5.5 	4.9 	3.9 	4.3 	4.7 	4.9 	3.4 	3.5 	6.7 	4.7 	3.3 	3.3 
A,PC_IMP_PROD,SITC3,EU27_2020,ES	2.0 	2.2 	2.5 	2.8 	3.0 	3.7 	4.0 	3.1 	4.1 	4.5 	4.9 	3.6 	3.5 	2.6 	2.4 	3.2 	3.6 	2.8 	2.4 	3.7 	4.9 	3.8 	3.3 	2.9 
A,PC_IMP_PROD,SITC3,EU27_2020,EU27_2020	3.8 	3.9 	4.6 	6.1 	6.2 	5.4 	7.0 	6.0 	6.7 	7.9 	8.9 	8.6 	7.5 	5.9 	4.8 	5.4 	5.9 	5.6 	4.2 	5.9 	9.5 	6.9 	6.1 	5.6 
A,PC_IMP_PROD,SITC3,EU27_2020,FI	4.3 	3.7 	3.2 	3.9 	3.9 	2.7 	3.3 	2.5 	3.2 	4.2 	5.3 	8.5 	8.5 	6.7 	5.3 	5.9 	6.4 	6.5 	5.3 	7.6 	11.8 	7.2 	6.8 	7.0 
A,PC_IMP_PROD,SITC3,EU27_2020,FR	2.3 	2.6 	3.3 	6.0 	6.1 	5.1 	6.7 	5.7 	6.0 	6.7 	8.4 	8.2 	7.1 	5.7 	4.4 	4.8 	5.3 	4.6 	3.5 	5.9 	10.9 	8.0 	6.2 	4.0 
A,PC_IMP_PROD,SITC3,EU27_2020,HR	3.3 	4.2 	4.5 	6.6 	7.6 	6.0 	9.5 	7.5 	9.1 	15.6 	18.2 	13.8 	11.4 	9.7 	7.1 	7.7 	7.9 	8.8 	6.2 	7.1 	14.7 	9.9 	10.4 	8.6 
A,PC_IMP_PROD,SITC3,EU27_2020,HU	2.7 	2.9 	2.9 	3.8 	3.8 	3.4 	4.3 	4.9 	4.7 	5.3 	6.3 	5.3 	6.0 	4.7 	3.8 	4.5 	4.9 	4.8 	4.3 	7.2 	11.7 	7.0 	6.6 	7.0 
A,PC_IMP_PROD,SITC3,EU27_2020,IE	0.8 	1.0 	1.4 	1.2 	2.0 	3.3 	7.6 	5.6 	4.9 	3.6 	1.9 	3.4 	2.0 	1.1 	1.0 	1.1 	2.1 	2.2 	0.8 	2.1 	2.1 	3.0 	3.7 	2.7 
A,PC_IMP_PROD,SITC3,EU27_2020,IT	1.3 	1.2 	2.2 	2.2 	2.7 	2.1 	2.7 	2.8 	3.1 	4.2 	4.6 	4.9 	4.0 	3.4 	2.4 	2.8 	2.5 	2.8 	1.8 	3.2 	4.1 	2.8 	2.5 	2.6 
A,PC_IMP_PROD,SITC3,EU27_2020,LT	0.6 	0.4 	0.6 	0.8 	1.1 	1.1 	0.9 	1.4 	2.8 	4.1 	5.1 	4.0 	3.1 	4.1 	4.0 	3.5 	3.9 	3.3 	2.8 	5.2 	11.0 	5.3 	4.8 	3.9 
A,PC_IMP_PROD,SITC3,EU27_2020,LU	9.2 	9.6 	10.8 	13.7 	14.6 	14.0 	16.4 	12.9 	13.8 	15.8 	17.9 	16.8 	14.4 	11.0 	8.7 	9.5 	11.4 	11.2 	7.8 	10.4 	17.1 	14.0 	11.9 	10.3 
A,PC_IMP_PROD,SITC3,EU27_2020,LV	3.8 	4.0 	7.1 	7.5 	6.2 	6.0 	8.4 	8.3 	8.4 	11.2 	11.7 	12.2 	11.7 	9.8 	7.4 	7.5 	8.7 	7.9 	5.7 	7.8 	20.1 	11.7 	11.4 	11.6 
A,PC_IMP_PROD,SITC3,EU27_2020,MT	5.5 	7.4 	6.7 	10.1 	10.5 	10.1 	16.4 	16.9 	21.8 	36.3 	47.3 	35.5 	36.4 	30.1 	31.8 	30.2 	35.6 	28.0 	20.3 	26.0 	28.7 	21.0 	27.9 	25.4 
A,PC_IMP_PROD,SITC3,EU27_2020,NL	5.2 	5.8 	7.0 	9.0 	8.9 	8.2 	9.3 	8.1 	9.8 	11.8 	14.7 	14.2 	12.5 	9.7 	8.4 	9.5 	9.7 	8.2 	6.0 	8.0 	12.8 	10.0 	8.5 	7.6 
A,PC_IMP_PROD,SITC3,EU27_2020,PL	2.1 	2.0 	2.6 	3.2 	3.0 	3.6 	4.0 	3.4 	3.0 	3.4 	2.8 	2.4 	2.6 	2.1 	1.9 	2.1 	2.1 	2.0 	1.5 	2.1 	4.5 	4.4 	3.3 	3.4 
A,PC_IMP_PROD,SITC3,EU27_2020,PT	3.7 	3.7 	3.4 	5.2 	3.9 	3.9 	5.1 	3.7 	4.1 	5.4 	6.7 	6.0 	6.2 	4.5 	3.3 	3.5 	3.4 	3.3 	2.3 	4.6 	7.0 	4.9 	4.0 	3.7 
A,PC_IMP_PROD,SITC3,EU27_2020,RO	1.4 	1.2 	1.8 	2.1 	1.7 	1.7 	1.9 	1.8 	3.0 	3.3 	4.0 	3.0 	2.2 	2.0 	1.6 	2.0 	2.0 	2.4 	2.0 	3.3 	7.7 	4.1 	4.0 	4.7 
A,PC_IMP_PROD,SITC3,EU27_2020,SE	4.8 	5.1 	6.2 	7.3 	8.4 	7.5 	9.1 	6.6 	7.4 	7.2 	8.1 	7.7 	6.2 	5.1 	5.0 	5.1 	5.7 	5.5 	3.8 	4.7 	6.5 	5.2 	4.5 	4.3 
A,PC_IMP_PROD,SITC3,EU27_2020,SI	5.8 	6.7 	7.0 	8.8 	9.5 	8.2 	9.6 	7.6 	9.2 	12.8 	14.9 	11.6 	10.0 	9.3 	7.0 	7.7 	7.1 	9.1 	5.4 	8.0 	12.6 	9.8 	9.3 	8.4 
A,PC_IMP_PROD,SITC3,EU27_2020,SK	3.4 	3.3 	4.5 	4.1 	3.9 	3.5 	4.0 	4.5 	6.2 	6.0 	5.3 	4.9 	4.1 	3.3 	2.8 	3.7 	3.6 	3.2 	2.6 	3.8 	7.1 	3.9 	4.3 	3.8 
A,PC_IMP_PROD,SITC3,EXT_EU27_2020,AT	15.5 	14.8 	15.2 	18.0 	20.5 	18.5 	22.8 	18.2 	18.5 	22.0 	25.0 	21.3 	18.0 	14.0 	11.3 	12.7 	15.7 	14.4 	9.7 	15.4 	20.6 	16.6 	16.5 	10.1 
A,PC_IMP_PROD,SITC3,EXT_EU27_2020,BE	7.7 	9.2 	9.5 	12.6 	13.7 	10.7 	14.7 	13.2 	13.8 	16.1 	15.4 	17.2 	14.0 	11.2 	9.1 	11.3 	13.4 	10.6 	8.0 	12.8 	26.1 	16.9 	13.4 	12.3 
A,PC_IMP_PROD,SITC3,EXT_EU27_2020,BG	5.1 	5.7 	5.7 	7.2 	5.9 	39.4 	42.7 	41.7 	44.4 	47.9 	49.7 	46.6 	40.6 	34.3 	27.4 	29.3 	28.2 	28.1 	14.8 	19.7 	28.9 	23.5 	22.4 	21.2 
A,PC_IMP_PROD,SITC3,EXT_EU27_2020,CY	17.8 	12.1 	17.4 	27.0 	27.4 	25.1 	25.7 	24.4 	29.9 	37.5 	42.6 	42.3 	20.7 	15.3 	18.5 	20.7 	25.0 	20.4 	14.8 	25.1 	32.5 	26.4 	33.6 	44.4 
A,PC_IMP_PROD,SITC3,EXT_EU27_2020,CZ	17.1 	17.1 	17.5 	27.8 	28.5 	22.3 	27.2 	22.5 	21.6 	21.4 	23.9 	23.1 	19.4 	12.1 	6.8 	8.9 	9.9 	9.8 	6.0 	8.4 	8.4 	7.4 	6.3 	5.5 
A,PC_IMP_PROD,SITC3,EXT_EU27_2020,DE	14.1 	15.7 	15.2 	19.3 	21.0 	18.9 	24.0 	19.3 	18.3 	21.0 	22.8 	22.6 	20.4 	14.5 	11.9 	12.3 	14.0 	12.6 	8.8 	13.0 	20.3 	13.9 	13.2 	11.5 
A,PC_IMP_PROD,SITC3,EXT_EU27_2020,DK	7.0 	8.3 	9.1 	10.9 	11.2 	10.6 	14.2 	12.8 	13.5 	18.7 	20.2 	21.3 	16.9 	13.5 	11.0 	12.5 	13.9 	13.7 	8.2 	12.7 	17.6 	15.9 	13.9 	12.5 
A,PC_IMP_PROD,SITC3,EXT_EU27_2020,EE	9.9 	8.5 	11.8 	21.5 	38.4 	31.0 	32.2 	38.2 	31.9 	34.9 	29.8 	22.7 	24.3 	20.6 	17.6 	20.5 	34.1 	26.9 	23.8 	32.4 	26.3 	7.7 	4.2 	3.3 
A,PC_IMP_PROD,SITC3,EXT_EU27_2020,EL	26.3 	25.6 	27.0 	37.5 	38.3 	33.9 	42.5 	33.9 	48.2 	57.1 	64.0 	64.4 	61.2 	50.5 	45.6 	49.8 	54.3 	49.7 	41.8 	49.8 	57.8 	50.8 	48.8 	41.0 
A,PC_IMP_PROD,SITC3,EXT_EU27_2020,ES	25.5 	24.1 	25.2 	29.9 	32.3 	30.5 	37.5 	33.8 	34.2 	38.9 	42.5 	42.0 	38.9 	27.8 	22.3 	25.5 	27.9 	26.2 	18.9 	24.3 	33.9 	27.9 	25.8 	22.7 
A,PC_IMP_PROD,SITC3,EXT_EU27_2020,EU27_2020	16.2 	17.1 	18.7 	23.0 	25.1 	23.6 	28.8 	24.3 	25.4 	28.6 	30.9 	29.6 	26.3 	19.1 	15.9 	18.0 	20.5 	18.7 	12.9 	18.4 	27.6 	21.6 	19.2 	16.4 
A,PC_IMP_PROD,SITC3,EXT_EU27_2020,FI	23.4 	25.8 	26.9 	30.2 	32.3 	30.0 	37.4 	39.7 	42.1 	46.6 	46.9 	48.5 	44.6 	31.5 	31.2 	31.5 	35.4 	35.3 	24.7 	27.4 	35.3 	32.4 	30.6 	27.5 
A,PC_IMP_PROD,SITC3,EXT_EU27_2020,FR	18.2 	19.5 	21.2 	23.8 	27.4 	27.4 	32.8 	25.8 	26.8 	31.3 	31.2 	29.8 	26.8 	19.4 	15.9 	18.8 	21.1 	19.8 	13.1 	18.4 	32.1 	23.8 	21.3 	19.4 
A,PC_IMP_PROD,SITC3,EXT_EU27_2020,HR	32.9 	27.6 	28.6 	31.8 	31.6 	30.9 	30.9 	31.5 	32.5 	31.3 	31.1 	36.7 	39.8 	33.0 	28.4 	31.4 	32.0 	24.7 	23.1 	38.0 	50.8 	36.6 	31.9 	30.1 
A,PC_IMP_PROD,SITC3,EXT_EU27_2020,HU	10.7 	10.0 	14.3 	23.4 	25.8 	22.0 	29.4 	23.0 	22.2 	26.8 	27.6 	29.0 	28.0 	18.0 	14.2 	18.7 	22.1 	18.6 	9.5 	15.1 	25.4 	15.9 	14.5 	13.3 
A,PC_IMP_PROD,SITC3,EXT_EU27_2020,IE	4.2 	5.0 	7.0 	9.2 	9.8 	11.2 	13.4 	11.7 	14.7 	17.2 	17.7 	16.6 	14.8 	10.7 	7.8 	8.7 	8.9 	8.5 	5.8 	8.5 	13.1 	10.2 	7.5 	7.1 
A,PC_IMP_PROD,SITC3,EXT_EU27_2020,IT	19.4 	20.2 	27.3 	33.1 	35.1 	33.3 	38.8 	35.3 	35.4 	36.1 	40.6 	36.7 	31.0 	24.5 	20.9 	24.2 	27.5 	24.9 	17.5 	26.6 	39.4 	30.4 	25.9 	21.2 
A,PC_IMP_PROD,SITC3,EXT_EU27_2020,LT	36.1 	36.1 	47.2 	56.2 	54.7 	45.1 	61.1 	63.1 	67.8 	68.4 	67.5 	65.8 	55.5 	49.6 	44.7 	48.3 	50.2 	47.5 	31.6 	40.7 	57.4 	53.5 	47.1 	43.4 
A,PC_IMP_PROD,SITC3,EXT_EU27_2020,LU	0.0 	0.0 	0.0 	0.0 	0.0 	0.0 	0.0 	0.0 	0.0 	0.0 	0.0 	0.0 	0.0 	0.0 	0.0 	0.0 	0.0 	0.1 	0.0 	0.0 	0.1 	0.1 	0.0 	0.0 
A,PC_IMP_PROD,SITC3,EXT_EU27_2020,LV	25.8 	24.5 	26.3 	35.1 	31.9 	25.8 	31.9 	36.9 	30.7 	29.1 	30.1 	27.9 	26.6 	21.9 	16.6 	15.9 	16.1 	12.5 	7.8 	16.5 	20.2 	9.8 	9.0 	5.2 
A,PC_IMP_PROD,SITC3,EXT_EU27_2020,MT	3.7 	2.3 	2.6 	2.0 	2.6 	11.3 	8.5 	6.7 	4.4 	6.5 	8.0 	9.8 	18.5 	8.7 	6.0 	11.8 	11.6 	7.8 	12.2 	6.3 	5.4 	7.8 	8.8 	5.2 
A,PC_IMP_PROD,SITC3,EXT_EU27_2020,NL	15.2 	15.5 	16.1 	20.5 	23.7 	23.4 	27.0 	23.1 	25.3 	29.8 	34.1 	32.0 	28.7 	20.5 	17.9 	19.4 	22.0 	20.7 	14.0 	20.6 	28.4 	25.3 	21.4 	18.7 
A,PC_IMP_PROD,SITC3,EXT_EU27_2020,PL	22.6 	22.9 	26.2 	33.3 	27.7 	24.8 	27.6 	23.2 	27.0 	31.6 	32.6 	29.4 	26.5 	18.2 	15.3 	18.0 	21.6 	18.5 	12.9 	14.1 	19.2 	18.5 	16.4 	12.4 
A,PC_IMP_PROD,SITC3,EXT_EU27_2020,PT	27.0 	29.0 	31.8 	38.6 	43.0 	39.2 	43.9 	39.8 	41.6 	46.0 	51.4 	49.8 	45.2 	37.3 	30.6 	34.9 	35.8 	34.0 	27.4 	30.6 	38.7 	31.6 	30.7 	23.9 
A,PC_IMP_PROD,SITC3,EXT_EU27_2020,RO	28.8 	28.9 	28.9 	31.9 	32.0 	31.4 	34.6 	28.0 	27.0 	30.4 	32.8 	28.9 	28.7 	19.4 	17.9 	19.5 	22.2 	21.7 	14.1 	18.8 	23.3 	20.7 	19.1 	16.5 
A,PC_IMP_PROD,SITC3,EXT_EU27_2020,SE	15.4 	17.1 	16.3 	19.5 	19.6 	17.4 	23.7 	19.9 	23.0 	25.6 	28.8 	25.7 	25.9 	18.1 	16.4 	19.8 	23.2 	20.2 	16.0 	19.6 	27.1 	23.5 	22.5 	16.7 
A,PC_IMP_PROD,SITC3,EXT_EU27_2020,SI	11.6 	11.5 	14.4 	17.4 	16.6 	11.6 	18.4 	18.0 	17.2 	16.9 	16.2 	18.1 	15.6 	10.4 	8.9 	10.7 	12.8 	10.5 	7.0 	7.8 	11.5 	6.7 	4.1 	3.8 
A,PC_IMP_PROD,SITC3,EXT_EU27_2020,SK	37.5 	35.2 	38.2 	42.5 	40.2 	30.8 	34.2 	30.1 	29.1 	37.0 	33.6 	34.6 	26.8 	21.3 	16.5 	18.2 	21.6 	18.6 	15.2 	19.8 	27.3 	20.7 	18.5 	14.2 
A,PC_IMP_PROD,SITC3,WORLD,AT	6.9 	7.3 	8.4 	11.5 	10.8 	9.4 	11.5 	9.6 	10.1 	11.4 	12.3 	10.7 	9.5 	7.5 	6.3 	6.9 	7.8 	7.4 	5.5 	7.5 	12.2 	8.7 	7.2 	6.2 
A,PC_IMP_PROD,SITC3,WORLD,BE	7.9 	8.7 	9.6 	12.5 	13.6 	11.5 	15.4 	12.3 	13.8 	16.3 	17.4 	18.5 	16.3 	12.1 	10.0 	11.8 	13.8 	11.8 	8.5 	13.2 	22.0 	15.9 	15.1 	13.7 
A,PC_IMP_PROD,SITC3,WORLD,BG	3.4 	3.9 	3.9 	6.3 	6.3 	19.9 	21.8 	20.0 	22.3 	23.0 	24.9 	23.1 	19.9 	15.6 	12.4 	14.0 	13.4 	13.6 	8.2 	11.2 	16.8 	11.1 	14.0 	13.3 
A,PC_IMP_PROD,SITC3,WORLD,CY	10.7 	7.8 	11.4 	16.4 	18.3 	17.0 	20.1 	17.6 	20.3 	25.4 	30.5 	29.4 	21.1 	17.7 	15.5 	17.9 	20.8 	19.1 	14.9 	19.2 	24.5 	22.4 	22.4 	26.0 
A,PC_IMP_PROD,SITC3,WORLD,CZ	7.6 	7.7 	6.9 	9.2 	9.6 	8.0 	10.4 	9.2 	9.6 	10.6 	11.1 	10.4 	8.4 	6.6 	5.0 	5.5 	6.2 	5.5 	3.6 	5.8 	9.4 	6.2 	5.4 	5.3 
A,PC_IMP_PROD,SITC3,WORLD,DE	8.4 	8.9 	9.1 	11.7 	12.5 	10.8 	14.2 	11.7 	11.8 	13.6 	14.5 	14.3 	12.5 	9.4 	7.4 	7.9 	9.0 	8.7 	6.5 	8.3 	13.0 	9.1 	8.2 	7.5 
A,PC_IMP_PROD,SITC3,WORLD,DK	4.1 	4.5 	4.8 	5.8 	5.6 	5.1 	7.4 	6.4 	7.5 	9.4 	10.2 	10.6 	8.4 	6.5 	5.2 	5.8 	6.6 	6.6 	4.2 	7.0 	11.7 	7.9 	6.9 	6.1 
A,PC_IMP_PROD,SITC3,WORLD,EE	5.4 	5.1 	6.5 	8.9 	16.1 	13.8 	15.7 	19.1 	17.1 	16.7 	14.8 	12.0 	12.5 	10.5 	8.4 	9.4 	14.8 	12.6 	11.2 	15.7 	20.5 	11.6 	9.8 	9.5 
A,PC_IMP_PROD,SITC3,WORLD,EL	11.9 	11.9 	12.0 	17.1 	18.2 	16.0 	21.1 	16.6 	24.7 	30.9 	38.1 	37.6 	34.9 	26.9 	23.0 	25.8 	29.5 	26.8 	19.8 	25.9 	35.5 	27.4 	25.3 	20.0 
A,PC_IMP_PROD,SITC3,WORLD,ES	10.8 	10.4 	11.2 	14.1 	15.7 	14.9 	19.2 	16.1 	17.9 	20.9 	23.7 	22.3 	20.2 	13.7 	10.9 	13.1 	14.6 	13.4 	9.5 	13.1 	19.3 	14.5 	13.3 	11.6 
A,PC_IMP_PROD,SITC3,WORLD,FI	11.2 	11.9 	12.0 	13.8 	15.4 	13.9 	17.7 	16.7 	18.4 	21.8 	22.1 	23.3 	21.1 	14.2 	13.1 	13.9 	15.8 	15.4 	10.8 	13.6 	19.8 	14.7 	13.7 	12.7 
A,PC_IMP_PROD,SITC3,WORLD,FR	8.4 	8.8 	10.0 	12.8 	14.1 	13.1 	16.3 	12.8 	13.6 	16.0 	17.0 	16.2 	14.2 	10.5 	8.4 	9.7 	10.9 	10.1 	6.8 	10.1 	19.1 	13.6 	11.7 	9.7 
A,PC_IMP_PROD,SITC3,WORLD,HR	12.2 	11.0 	11.9 	15.1 	15.9 	15.2 	17.6 	16.9 	18.8 	21.8 	23.2 	21.6 	18.5 	15.1 	12.3 	13.2 	13.6 	12.2 	10.1 	15.1 	25.7 	16.3 	15.2 	13.7 
A,PC_IMP_PROD,SITC3,WORLD,HU	5.7 	5.6 	6.8 	10.1 	10.9 	9.5 	12.7 	10.9 	10.7 	12.2 	12.9 	12.4 	11.8 	8.1 	6.3 	8.1 	9.6 	8.7 	5.8 	9.5 	16.1 	9.8 	8.9 	8.9 
A,PC_IMP_PROD,SITC3,WORLD,IE	3.4 	3.9 	5.4 	6.8 	7.4 	8.7 	11.5 	9.9 	11.7 	13.1 	13.0 	12.4 	10.5 	7.4 	5.3 	5.7 	6.3 	6.1 	3.9 	6.1 	9.3 	7.4 	5.9 	5.2 
A,PC_IMP_PROD,SITC3,WORLD,IT	8.9 	9.0 	12.7 	15.9 	17.5 	16.3 	20.1 	17.6 	18.5 	19.7 	22.3 	19.9 	16.3 	12.7 	10.2 	11.9 	13.4 	12.3 	8.4 	13.3 	21.3 	14.7 	12.6 	10.7 
A,PC_IMP_PROD,SITC3,WORLD,LT	17.1 	17.3 	18.7 	24.5 	22.5 	16.2 	27.6 	27.6 	32.0 	33.0 	32.9 	30.0 	23.4 	20.2 	16.9 	18.2 	19.6 	18.1 	11.2 	16.4 	28.0 	19.6 	18.0 	16.2 
A,PC_IMP_PROD,SITC3,WORLD,LU	7.4 	7.2 	8.1 	9.6 	9.5 	10.1 	12.0 	9.0 	10.9 	12.7 	13.5 	13.0 	11.4 	7.8 	6.7 	7.8 	9.9 	9.4 	6.9 	9.2 	15.6 	12.7 	10.9 	8.9 
A,PC_IMP_PROD,SITC3,WORLD,LV	9.2 	9.5 	12.1 	14.8 	12.7 	10.8 	14.5 	15.8 	14.2 	15.8 	16.1 	15.7 	15.0 	12.6 	9.4 	9.5 	10.5 	8.9 	6.2 	9.9 	20.1 	11.4 	11.0 	10.5 
A,PC_IMP_PROD,SITC3,WORLD,MT	4.7 	5.3 	5.1 	7.3 	7.4 	10.6 	13.6 	13.2 	15.0 	26.1 	35.5 	26.3 	28.4 	21.3 	18.8 	21.9 	26.8 	18.7 	17.1 	18.1 	19.0 	16.1 	21.2 	19.0 
A,PC_IMP_PROD,SITC3,WORLD,NL	10.5 	10.9 	11.8 	15.4 	17.4 	16.8 	19.5 	16.6 	19.0 	22.5 	26.5 	24.9 	22.3 	16.1 	13.9 	15.3 	17.1 	15.6 	10.7 	15.4 	22.3 	19.1 	16.0 	14.0 
A,PC_IMP_PROD,SITC3,WORLD,PL	9.1 	9.1 	9.2 	11.5 	10.4 	9.9 	11.3 	9.4 	10.7 	12.6 	13.2 	11.5 	10.5 	7.2 	5.9 	7.0 	8.4 	7.6 	5.2 	6.1 	9.9 	9.0 	7.5 	6.3 
A,PC_IMP_PROD,SITC3,WORLD,PT	9.6 	10.1 	11.2 	14.1 	14.5 	13.5 	16.1 	12.6 	14.4 	17.5 	20.8 	19.6 	17.3 	13.2 	10.2 	11.8 	12.0 	11.4 	8.6 	11.4 	16.7 	11.7 	10.8 	8.5 
A,PC_IMP_PROD,SITC3,WORLD,RO	11.1 	10.9 	11.8 	14.0 	13.5 	10.7 	12.4 	9.4 	10.1 	11.3 	12.2 	9.9 	9.3 	6.4 	5.7 	6.6 	7.5 	7.6 	5.2 	7.5 	12.2 	8.5 	8.2 	8.0 
A,PC_IMP_PROD,SITC3,WORLD,SE	8.8 	9.4 	9.7 	11.7 	12.5 	11.1 	14.5 	11.6 	13.4 	14.1 	16.2 	14.3 	13.6 	9.7 	8.9 	10.1 	11.8 	10.6 	7.7 	9.7 	14.1 	11.2 	10.5 	8.3 
A,PC_IMP_PROD,SITC3,WORLD,SI	7.0 	7.7 	8.2 	10.4 	10.9 	9.0 	11.9 	10.3 	11.5 	14.0 	15.3 	13.6 	11.8 	9.6 	7.6 	8.7 	9.0 	9.6 	6.1 	7.9 	12.1 	8.2 	6.2 	5.7 
A,PC_IMP_PROD,SITC3,WORLD,SK	13.4 	12.1 	12.1 	13.2 	13.3 	10.7 	12.5 	11.6 	12.9 	14.7 	13.1 	12.9 	9.7 	7.4 	5.7 	6.8 	7.5 	6.5 	5.1 	7.2 	11.8 	7.4 	7.2 	5.8 
A,PC_IMP_PROD,SITC5,EU27_2020,AT	10.6 	10.4 	9.7 	10.3 	10.8 	10.9 	11.2 	12.0 	11.8 	11.6 	11.7 	12.1 	12.5 	12.1 	11.8 	11.8 	12.3 	12.4 	13.2 	13.2 	12.9 	12.5 	13.2 	13.0 
A,PC_IMP_PROD,SITC5,EU27_2020,BE	27.6 	27.0 	27.4 	29.0 	28.2 	27.9 	25.6 	29.3 	28.0 	24.7 	24.4 	23.5 	24.0 	26.3 	25.3 	24.7 	25.7 	25.7 	28.0 	32.1 	30.0 	27.3 	26.0 	25.8 
A,PC_IMP_PROD,SITC5,EU27_2020,BG	13.5 	13.2 	13.9 	13.6 	13.1 	12.0 	12.2 	14.7 	15.8 	14.6 	14.8 	15.1 	15.7 	16.5 	17.7 	17.2 	16.8 	17.3 	18.9 	19.1 	18.5 	16.8 	15.8 	16.2 
A,PC_IMP_PROD,SITC5,EU27_2020,CY	13.6 	14.5 	10.9 	10.3 	10.7 	10.8 	10.5 	12.1 	11.5 	12.4 	12.8 	14.5 	12.3 	12.5 	10.5 	11.1 	11.1 	11.7 	13.5 	12.8 	12.5 	12.7 	14.1 	14.5 
A,PC_IMP_PROD,SITC5,EU27_2020,CZ	13.1 	13.3 	11.9 	12.0 	11.6 	11.5 	12.0 	12.9 	12.8 	13.2 	13.4 	13.5 	13.5 	13.2 	13.0 	12.6 	12.8 	13.2 	14.4 	14.7 	14.1 	13.8 	14.1 	13.6 
A,PC_IMP_PROD,SITC5,EU27_2020,DE	12.4 	12.3 	13.1 	14.5 	14.5 	15.1 	15.3 	15.9 	15.9 	15.2 	15.1 	15.0 	15.1 	15.2 	15.0 	15.2 	16.2 	15.9 	16.5 	17.2 	18.0 	15.9 	16.2 	15.3 
A,PC_IMP_PROD,SITC5,EU27_2020,DK	12.2 	12.6 	12.9 	12.9 	12.5 	12.2 	12.8 	14.0 	13.7 	13.9 	14.3 	14.5 	14.9 	14.7 	14.4 	14.6 	14.1 	14.1 	15.4 	15.6 	14.8 	14.3 	15.0 	15.1 
A,PC_IMP_PROD,SITC5,EU27_2020,EE	11.5 	11.5 	10.9 	10.8 	10.7 	10.9 	11.9 	14.3 	12.9 	12.0 	12.2 	11.6 	12.2 	12.1 	12.3 	12.6 	12.6 	12.8 	14.4 	13.7 	11.9 	11.7 	12.4 	11.7 
A,PC_IMP_PROD,SITC5,EU27_2020,EL	16.4 	16.9 	17.1 	19.0 	18.6 	18.2 	18.6 	20.8 	21.4 	23.0 	23.5 	23.9 	23.0 	23.8 	23.2 	23.3 	23.1 	24.8 	30.1 	26.4 	23.4 	22.4 	22.1 	21.7 
A,PC_IMP_PROD,SITC5,EU27_2020,ES	14.3 	14.2 	13.4 	13.9 	13.8 	13.3 	14.8 	17.8 	17.3 	17.2 	18.2 	18.6 	18.0 	18.0 	16.9 	17.1 	17.4 	17.5 	19.1 	19.3 	18.9 	17.3 	18.0 	18.4 
A,PC_IMP_PROD,SITC5,EU27_2020,EU27_2020	14.6 	14.5 	14.7 	15.5 	15.3 	15.3 	15.5 	17.1 	16.9 	16.2 	16.5 	16.6 	16.6 	16.6 	16.2 	16.1 	16.6 	16.5 	17.8 	18.4 	18.3 	17.0 	17.4 	17.4 
A,PC_IMP_PROD,SITC5,EU27_2020,FI	13.5 	13.8 	13.8 	13.6 	14.1 	13.1 	13.5 	15.5 	14.8 	14.4 	14.8 	14.1 	13.7 	13.6 	13.1 	12.7 	12.8 	12.4 	13.3 	12.6 	12.6 	12.9 	12.9 	12.4 
A,PC_IMP_PROD,SITC5,EU27_2020,FR	12.6 	12.8 	12.9 	13.3 	13.1 	13.6 	14.0 	14.9 	15.2 	15.4 	16.0 	15.9 	16.3 	15.7 	15.3 	15.5 	15.4 	15.5 	16.9 	16.7 	16.6 	15.5 	16.0 	16.7 
A,PC_IMP_PROD,SITC5,EU27_2020,HR	12.9 	12.3 	12.8 	13.4 	13.0 	13.5 	13.0 	15.8 	17.8 	16.0 	15.9 	15.5 	14.0 	14.4 	14.5 	14.2 	14.6 	14.8 	18.1 	17.1 	14.6 	14.2 	13.9 	14.2 
A,PC_IMP_PROD,SITC5,EU27_2020,HU	11.2 	11.8 	11.2 	11.8 	11.8 	11.6 	12.5 	13.8 	13.8 	13.9 	13.8 	13.7 	13.4 	13.5 	13.3 	13.2 	13.4 	13.6 	15.1 	14.4 	14.4 	13.9 	15.1 	14.4 
A,PC_IMP_PROD,SITC5,EU27_2020,IE	14.9 	17.0 	16.2 	17.2 	16.3 	16.3 	17.9 	21.6 	23.7 	26.6 	24.7 	25.4 	21.0 	19.8 	18.4 	20.4 	29.5 	17.5 	23.3 	25.5 	26.8 	26.3 	25.1 	33.0 
A,PC_IMP_PROD,SITC5,EU27_2020,IT	15.4 	15.3 	16.2 	17.0 	17.0 	17.0 	16.9 	18.4 	17.8 	18.1 	19.7 	20.9 	20.0 	19.9 	19.4 	19.3 	20.0 	20.2 	22.6 	21.7 	21.6 	19.5 	19.9 	19.9 
A,PC_IMP_PROD,SITC5,EU27_2020,LT	15.7 	15.3 	14.9 	15.4 	15.0 	15.3 	15.9 	21.1 	20.3 	19.1 	18.3 	17.8 	17.8 	17.8 	17.4 	17.5 	17.8 	18.0 	18.8 	18.9 	17.7 	16.5 	17.9 	17.4 
A,PC_IMP_PROD,SITC5,EU27_2020,LU	10.3 	10.3 	9.7 	9.8 	9.5 	9.5 	9.4 	10.3 	10.0 	10.0 	10.1 	10.9 	10.9 	12.6 	12.5 	12.2 	12.2 	12.0 	12.6 	13.3 	13.3 	12.1 	13.1 	13.6 
A,PC_IMP_PROD,SITC5,EU27_2020,LV	12.6 	12.6 	11.8 	11.8 	11.5 	10.6 	12.9 	15.0 	14.9 	12.6 	12.0 	12.3 	12.2 	12.6 	13.1 	13.3 	13.2 	13.2 	14.0 	14.7 	13.1 	13.1 	14.0 	13.9 
A,PC_IMP_PROD,SITC5,EU27_2020,MT	8.5 	8.3 	8.7 	8.5 	8.2 	8.5 	8.4 	8.7 	8.7 	7.4 	5.8 	7.1 	7.2 	6.6 	7.6 	7.9 	6.9 	7.7 	9.6 	9.3 	8.4 	8.4 	7.5 	8.4 
A,PC_IMP_PROD,SITC5,EU27_2020,NL	14.2 	14.6 	14.9 	15.8 	15.3 	16.1 	17.1 	18.9 	19.2 	16.0 	16.3 	17.0 	17.6 	17.4 	16.5 	16.4 	16.1 	16.5 	17.6 	19.0 	19.6 	19.6 	21.8 	21.8 
A,PC_IMP_PROD,SITC5,EU27_2020,PL	17.5 	17.3 	16.0 	16.5 	16.0 	15.2 	15.4 	16.6 	17.1 	17.2 	17.2 	17.4 	17.0 	16.2 	16.8 	16.8 	16.3 	16.2 	16.9 	17.5 	16.9 	15.7 	16.2 	15.9 
A,PC_IMP_PROD,SITC5,EU27_2020,PT	11.9 	12.6 	13.0 	12.2 	12.7 	12.5 	12.7 	14.1 	14.1 	15.4 	16.4 	16.1 	15.7 	15.9 	15.6 	15.0 	15.1 	14.6 	16.9 	18.2 	16.9 	16.5 	17.2 	18.5 
A,PC_IMP_PROD,SITC5,EU27_2020,RO	12.5 	12.0 	12.0 	12.2 	12.6 	11.5 	12.3 	15.7 	14.9 	14.7 	15.3 	15.4 	15.0 	14.9 	14.7 	14.8 	14.3 	14.8 	15.8 	16.4 	15.5 	14.9 	15.1 	15.7 
A,PC_IMP_PROD,SITC5,EU27_2020,SE	11.1 	11.5 	11.7 	11.6 	11.5 	11.9 	12.8 	14.1 	12.7 	12.4 	12.9 	12.8 	13.8 	13.2 	12.2 	11.9 	11.9 	12.5 	13.2 	13.3 	14.0 	12.8 	13.8 	13.9 
A,PC_IMP_PROD,SITC5,EU27_2020,SI	13.6 	13.3 	12.9 	12.9 	12.3 	12.6 	12.5 	14.1 	14.5 	13.9 	14.5 	14.9 	15.1 	14.6 	14.6 	14.2 	14.5 	14.8 	16.3 	16.0 	15.7 	15.6 	17.1 	16.7 
A,PC_IMP_PROD,SITC5,EU27_2020,SK	12.0 	10.9 	10.5 	11.3 	10.6 	10.5 	10.3 	11.5 	10.4 	10.8 	10.3 	10.3 	10.4 	10.1 	10.3 	10.2 	9.5 	9.3 	10.0 	10.4 	10.2 	9.5 	9.7 	9.7 
A,PC_IMP_PROD,SITC5,EXT_EU27_2020,AT	11.4 	11.2 	11.2 	11.3 	12.1 	11.2 	10.0 	13.3 	14.6 	13.8 	13.6 	14.3 	15.4 	17.2 	18.2 	17.9 	15.9 	16.9 	17.2 	18.2 	15.1 	18.4 	15.6 	19.1 
A,PC_IMP_PROD,SITC5,EXT_EU27_2020,BE	16.9 	17.9 	17.6 	17.9 	17.5 	17.6 	17.0 	19.9 	20.3 	18.9 	21.7 	22.8 	23.5 	25.4 	25.0 	23.2 	24.4 	25.3 	27.1 	25.3 	21.4 	25.2 	24.7 	25.8 
A,PC_IMP_PROD,SITC5,EXT_EU27_2020,BG	6.3 	5.9 	6.1 	7.5 	6.9 	4.5 	4.5 	6.2 	6.2 	6.8 	7.0 	7.9 	8.6 	10.1 	10.1 	9.5 	9.6 	9.4 	9.6 	10.0 	8.8 	8.9 	8.8 	8.8 
A,PC_IMP_PROD,SITC5,EXT_EU27_2020,CY	7.4 	8.2 	8.5 	7.1 	7.0 	6.7 	6.3 	7.6 	6.9 	6.9 	7.7 	9.5 	6.5 	6.2 	6.6 	5.2 	5.2 	7.7 	7.6 	8.7 	6.8 	6.3 	7.2 	8.1 
A,PC_IMP_PROD,SITC5,EXT_EU27_2020,CZ	7.0 	7.3 	7.5 	7.3 	6.2 	6.4 	5.4 	5.8 	5.0 	5.0 	5.0 	5.5 	6.0 	5.6 	6.5 	6.1 	5.8 	5.5 	5.0 	5.7 	4.9 	4.9 	4.9 	5.3 
A,PC_IMP_PROD,SITC5,EXT_EU27_2020,DE	9.2 	9.1 	9.3 	8.9 	9.1 	9.5 	9.2 	10.5 	9.7 	9.8 	10.0 	10.2 	10.8 	11.6 	12.4 	12.6 	11.6 	11.7 	12.6 	11.5 	12.4 	11.6 	12.3 	12.3 
A,PC_IMP_PROD,SITC5,EXT_EU27_2020,DK	7.5 	8.3 	7.8 	7.8 	8.1 	8.2 	7.8 	7.7 	7.9 	8.0 	8.3 	8.5 	8.4 	8.8 	8.6 	8.5 	8.6 	8.9 	10.0 	9.9 	8.6 	9.0 	11.6 	10.6 
A,PC_IMP_PROD,SITC5,EXT_EU27_2020,EE	5.8 	6.2 	5.9 	5.0 	4.7 	4.1 	6.1 	5.5 	4.8 	5.9 	6.9 	7.1 	6.5 	7.8 	7.4 	8.9 	7.8 	8.9 	8.2 	7.5 	9.0 	8.9 	8.4 	9.5 
A,PC_IMP_PROD,SITC5,EXT_EU27_2020,EL	7.2 	6.9 	7.9 	7.6 	6.9 	6.9 	7.1 	8.0 	8.3 	7.2 	5.7 	6.2 	6.4 	7.9 	8.2 	7.2 	6.4 	5.9 	7.6 	6.5 	5.2 	5.7 	5.9 	6.8 
A,PC_IMP_PROD,SITC5,EXT_EU27_2020,ES	9.7 	10.1 	9.6 	8.5 	7.7 	8.3 	8.5 	11.3 	11.3 	10.9 	10.7 	10.5 	10.3 	11.3 	11.6 	10.4 	11.0 	11.6 	13.7 	15.1 	12.0 	11.6 	11.3 	10.9 
A,PC_IMP_PROD,SITC5,EXT_EU27_2020,EU27_2020	10.3 	10.4 	10.3 	9.8 	9.5 	9.7 	9.5 	11.2 	10.7 	10.4 	10.6 	10.9 	11.3 	12.3 	12.7 	12.3 	11.7 	12.1 	13.7 	12.8 	12.1 	12.9 	13.2 	13.8 
A,PC_IMP_PROD,SITC5,EXT_EU27_2020,FI	8.1 	7.8 	7.6 	7.6 	6.5 	6.3 	6.4 	6.6 	7.0 	7.1 	8.1 	8.4 	9.2 	11.1 	10.1 	8.9 	8.6 	8.7 	9.4 	8.8 	8.0 	7.7 	7.8 	8.9 
A,PC_IMP_PROD,SITC5,EXT_EU27_2020,FR	11.6 	12.0 	11.4 	11.5 	11.5 	11.9 	10.5 	12.7 	12.1 	10.9 	11.0 	10.3 	10.3 	10.9 	10.8 	10.2 	9.2 	8.9 	10.8 	10.8 	9.2 	10.5 	9.9 	10.6 
A,PC_IMP_PROD,SITC5,EXT_EU27_2020,HR	7.9 	7.8 	7.5 	6.6 	6.8 	6.7 	6.6 	7.0 	9.0 	10.5 	9.8 	9.5 	10.9 	13.1 	17.6 	12.5 	12.0 	12.9 	11.1 	9.3 	7.2 	8.4 	8.8 	8.9 
A,PC_IMP_PROD,SITC5,EXT_EU27_2020,HU	6.0 	6.3 	6.3 	5.1 	5.1 	5.0 	5.3 	5.5 	5.9 	7.1 	6.9 	6.8 	7.7 	9.6 	9.4 	9.7 	9.8 	9.4 	12.7 	12.5 	12.5 	17.9 	15.2 	11.6 
A,PC_IMP_PROD,SITC5,EXT_EU27_2020,IE	11.9 	13.5 	13.4 	11.8 	12.4 	11.8 	12.9 	14.0 	16.0 	16.9 	16.1 	16.9 	17.2 	20.0 	20.9 	22.2 	17.5 	20.6 	26.9 	25.6 	27.6 	29.9 	22.1 	21.4 
A,PC_IMP_PROD,SITC5,EXT_EU27_2020,IT	9.4 	9.9 	9.5 	8.7 	7.9 	8.1 	7.8 	9.8 	9.3 	9.8 	9.9 	9.9 	10.4 	11.0 	11.8 	11.2 	10.6 	11.0 	12.2 	10.1 	9.3 	11.4 	13.7 	18.7 
A,PC_IMP_PROD,SITC5,EXT_EU27_2020,LT	6.7 	7.3 	6.6 	5.7 	6.4 	8.0 	6.0 	6.8 	5.9 	5.5 	6.7 	6.0 	7.7 	11.2 	11.3 	10.4 	9.3 	10.0 	11.4 	10.9 	9.5 	9.3 	10.6 	10.5 
A,PC_IMP_PROD,SITC5,EXT_EU27_2020,LU	3.4 	3.2 	3.9 	3.7 	3.7 	5.5 	3.5 	1.8 	5.7 	7.9 	6.9 	7.5 	6.2 	4.3 	5.9 	8.5 	11.8 	7.5 	13.6 	12.8 	15.4 	12.3 	13.9 	8.8 
A,PC_IMP_PROD,SITC5,EXT_EU27_2020,LV	13.2 	11.7 	10.3 	7.9 	8.2 	8.9 	8.8 	11.2 	11.1 	9.8 	8.7 	9.6 	9.9 	11.3 	12.4 	11.8 	10.0 	11.2 	12.1 	11.7 	11.4 	11.6 	14.4 	14.4 
A,PC_IMP_PROD,SITC5,EXT_EU27_2020,MT	8.0 	8.3 	8.9 	9.7 	9.0 	11.3 	11.7 	11.9 	11.6 	13.5 	14.3 	13.3 	9.7 	11.0 	7.5 	10.6 	14.9 	10.0 	17.0 	14.8 	12.0 	14.4 	16.0 	22.3 
A,PC_IMP_PROD,SITC5,EXT_EU27_2020,NL	10.5 	9.5 	9.8 	9.2 	9.1 	9.7 	10.4 	11.6 	10.3 	8.8 	8.8 	9.8 	10.1 	10.8 	11.1 	11.0 	11.0 	11.5 	12.6 	10.9 	10.1 	9.3 	9.8 	9.8 
A,PC_IMP_PROD,SITC5,EXT_EU27_2020,PL	9.8 	9.8 	9.5 	8.3 	7.6 	7.7 	7.8 	8.1 	8.3 	8.0 	7.7 	8.3 	9.0 	9.4 	9.8 	9.4 	8.1 	8.3 	9.6 	9.3 	9.9 	10.3 	8.8 	8.7 
A,PC_IMP_PROD,SITC5,EXT_EU27_2020,PT	8.1 	7.8 	7.2 	7.1 	7.1 	7.3 	6.5 	7.8 	8.5 	8.3 	8.2 	7.5 	8.2 	9.3 	9.4 	8.5 	9.4 	10.1 	11.5 	10.4 	9.4 	8.6 	8.8 	10.2 
A,PC_IMP_PROD,SITC5,EXT_EU27_2020,RO	7.6 	7.2 	7.5 	7.0 	7.3 	7.3 	7.8 	10.0 	9.4 	9.6 	9.7 	10.6 	10.0 	10.1 	9.9 	9.4 	8.2 	8.8 	11.5 	11.4 	11.7 	9.7 	11.6 	11.4 
A,PC_IMP_PROD,SITC5,EXT_EU27_2020,SE	9.3 	9.3 	9.2 	9.1 	8.6 	8.7 	8.4 	10.8 	9.2 	9.3 	9.3 	9.3 	8.8 	9.1 	9.2 	9.0 	8.8 	8.9 	10.3 	8.7 	8.3 	9.7 	9.2 	8.7 
A,PC_IMP_PROD,SITC5,EXT_EU27_2020,SI	12.7 	13.3 	13.6 	10.4 	9.0 	7.6 	7.2 	8.1 	8.0 	9.0 	10.2 	10.4 	11.1 	12.5 	13.1 	12.3 	13.6 	26.1 	35.0 	37.4 	40.6 	50.9 	63.7 	61.7 
A,PC_IMP_PROD,SITC5,EXT_EU27_2020,SK	7.5 	7.0 	7.1 	4.8 	4.2 	4.0 	4.1 	4.0 	3.3 	3.3 	3.1 	3.7 	4.1 	4.4 	4.7 	4.3 	4.0 	3.8 	4.1 	3.7 	2.9 	2.9 	3.4 	3.8 
A,PC_IMP_PROD,SITC5,WORLD,AT	10.8 	10.5 	9.9 	10.6 	11.1 	11.0 	10.9 	12.3 	12.4 	12.1 	12.2 	12.6 	13.2 	13.4 	13.3 	13.3 	13.1 	13.4 	14.1 	14.4 	13.5 	13.9 	13.7 	14.3 
A,PC_IMP_PROD,SITC5,WORLD,BE	23.9 	23.9 	24.1 	25.2 	24.4 	24.2 	22.6 	26.0 	25.2 	22.5 	23.3 	23.2 	23.8 	25.9 	25.2 	24.1 	25.2 	25.5 	27.6 	29.6 	26.4 	26.5 	25.5 	25.8 
A,PC_IMP_PROD,SITC5,WORLD,BG	10.3 	10.0 	10.4 	11.1 	10.6 	8.8 	8.8 	11.2 	11.7 	11.3 	11.5 	12.1 	12.8 	14.1 	15.0 	14.3 	14.1 	14.2 	15.3 	15.5 	14.1 	13.6 	12.9 	13.1 
A,PC_IMP_PROD,SITC5,WORLD,CY	10.4 	11.5 	10.0 	9.0 	9.2 	9.1 	8.8 	10.5 	9.8 	10.2 	10.8 	12.7 	9.9 	9.7 	9.0 	8.4 	8.2 	10.1 	11.0 	11.4 	10.2 	10.0 	11.3 	11.8 
A,PC_IMP_PROD,SITC5,WORLD,CZ	11.2 	11.4 	10.9 	11.0 	10.4 	10.4 	10.3 	11.2 	10.7 	10.9 	11.1 	11.4 	11.6 	11.2 	11.5 	11.0 	11.0 	11.2 	11.8 	12.4 	11.6 	11.4 	11.5 	11.3 
A,PC_IMP_PROD,SITC5,WORLD,DE	11.1 	11.0 	11.5 	12.2 	12.2 	12.8 	12.7 	13.8 	13.4 	13.0 	13.0 	13.1 	13.4 	13.8 	14.0 	14.2 	14.5 	14.3 	15.1 	15.1 	15.8 	14.4 	14.9 	14.2 
A,PC_IMP_PROD,SITC5,WORLD,DK	10.6 	11.2 	11.1 	11.1 	11.0 	11.0 	11.1 	11.8 	11.6 	11.7 	12.2 	12.4 	12.6 	12.6 	12.5 	12.5 	12.3 	12.4 	13.7 	13.8 	12.7 	12.6 	13.8 	13.6 
A,PC_IMP_PROD,SITC5,WORLD,EE	9.6 	9.5 	9.5 	9.3 	9.0 	9.2 	10.6 	12.4 	11.1 	10.3 	10.8 	10.6 	10.9 	11.2 	11.3 	11.8 	11.4 	11.9 	12.8 	12.0 	11.3 	11.3 	11.7 	11.3 
A,PC_IMP_PROD,SITC5,WORLD,EL	12.4 	12.5 	13.3 	14.2 	13.4 	13.1 	13.2 	14.9 	15.2 	15.1 	13.7 	14.3 	14.3 	16.1 	16.3 	15.7 	14.8 	15.6 	20.4 	16.8 	13.1 	14.2 	14.3 	15.1 
A,PC_IMP_PROD,SITC5,WORLD,ES	12.6 	12.7 	12.0 	11.7 	11.2 	11.2 	11.9 	15.0 	14.5 	14.2 	14.5 	14.6 	14.4 	15.0 	14.7 	14.1 	14.5 	14.8 	16.8 	17.4 	15.5 	14.7 	15.0 	15.1 
A,PC_IMP_PROD,SITC5,WORLD,FI	11.6 	11.6 	11.5 	11.4 	11.0 	10.3 	10.5 	12.1 	11.7 	11.3 	12.1 	12.0 	12.1 	12.9 	12.2 	11.5 	11.4 	11.3 	12.2 	11.5 	11.0 	11.3 	11.4 	11.5 
A,PC_IMP_PROD,SITC5,WORLD,FR	12.2 	12.5 	12.4 	12.6 	12.5 	13.0 	12.7 	14.1 	14.0 	13.7 	14.1 	13.8 	14.1 	14.0 	13.8 	13.6 	13.2 	13.1 	14.8 	14.7 	13.8 	13.7 	13.8 	14.4 
A,PC_IMP_PROD,SITC5,WORLD,HR	11.4 	11.0 	11.2 	11.1 	10.8 	11.0 	10.6 	12.4 	14.1 	13.8 	13.5 	13.4 	13.2 	14.1 	15.2 	13.8 	14.0 	14.4 	16.5 	15.1 	12.4 	12.8 	12.8 	13.0 
A,PC_IMP_PROD,SITC5,WORLD,HU	9.2 	9.7 	9.5 	9.6 	9.6 	9.4 	10.1 	11.1 	11.1 	11.7 	11.7 	11.6 	11.9 	12.5 	12.3 	12.3 	12.4 	12.4 	14.4 	13.9 	13.8 	15.1 	15.1 	13.6 
A,PC_IMP_PROD,SITC5,WORLD,IE	12.6 	14.5 	14.2 	13.4 	13.6 	13.2 	14.5 	16.3 	18.4 	19.9 	18.7 	19.6 	18.5 	19.9 	20.0 	21.5 	22.1 	19.4 	25.5 	25.6 	27.3 	28.5 	23.4 	26.2 
A,PC_IMP_PROD,SITC5,WORLD,IT	12.9 	13.1 	13.4 	13.3 	12.9 	12.9 	12.5 	14.5 	13.7 	14.1 	14.9 	15.7 	15.6 	16.0 	16.2 	15.8 	15.9 	16.3 	18.3 	16.7 	15.6 	16.0 	17.2 	19.4 
A,PC_IMP_PROD,SITC5,WORLD,LT	11.5 	11.5 	11.7 	11.3 	11.6 	12.8 	11.5 	15.1 	13.8 	13.0 	13.1 	12.9 	13.9 	15.5 	15.4 	15.1 	14.9 	15.3 	16.6 	16.4 	14.7 	14.4 	15.6 	15.3 
A,PC_IMP_PROD,SITC5,WORLD,LU	8.9 	8.5 	8.2 	8.0 	7.5 	8.4 	7.8 	7.8 	9.1 	9.6 	9.3 	10.1 	9.9 	10.2 	10.9 	11.5 	12.2 	11.2 	12.8 	13.3 	13.5 	12.1 	13.2 	13.0 
A,PC_IMP_PROD,SITC5,WORLD,LV	12.7 	12.4 	11.4 	10.8 	10.7 	10.2 	11.9 	14.0 	13.9 	11.9 	11.2 	11.7 	11.7 	12.3 	13.0 	13.0 	12.4 	12.8 	13.5 	13.9 	12.8 	12.8 	14.1 	14.0 
A,PC_IMP_PROD,SITC5,WORLD,MT	8.3 	8.3 	8.8 	8.9 	8.5 	9.6 	9.6 	9.8 	9.8 	9.5 	8.4 	9.3 	8.3 	8.4 	7.5 	9.1 	9.8 	8.7 	12.5 	11.5 	9.9 	10.6 	10.5 	12.8 
A,PC_IMP_PROD,SITC5,WORLD,NL	12.2 	11.9 	12.2 	12.1 	11.8 	12.4 	13.2 	14.8 	14.0 	11.7 	11.7 	12.7 	13.0 	13.5 	13.3 	13.2 	13.0 	13.6 	14.7 	14.2 	13.8 	13.6 	14.9 	14.9 
A,PC_IMP_PROD,SITC5,WORLD,PL	14.9 	14.8 	14.1 	14.2 	13.5 	13.0 	13.0 	14.0 	14.3 	14.2 	13.9 	14.3 	14.4 	14.0 	14.7 	14.5 	13.6 	13.5 	14.6 	14.7 	14.3 	14.0 	13.8 	13.6 
A,PC_IMP_PROD,SITC5,WORLD,PT	10.9 	11.4 	11.4 	10.8 	11.2 	11.1 	10.9 	12.6 	12.6 	13.3 	13.8 	13.5 	13.6 	14.1 	14.1 	13.3 	13.6 	13.4 	15.5 	16.1 	14.6 	14.5 	15.1 	16.6 
A,PC_IMP_PROD,SITC5,WORLD,RO	10.8 	10.3 	10.3 	10.2 	10.6 	10.2 	10.9 	14.0 	13.3 	13.2 	13.7 	14.1 	13.7 	13.7 	13.5 	13.4 	12.6 	13.2 	14.6 	15.0 	14.4 	13.5 	14.1 	14.5 
A,PC_IMP_PROD,SITC5,WORLD,SE	10.4 	10.7 	10.8 	10.7 	10.4 	10.8 	11.2 	12.9 	11.4 	11.2 	11.5 	11.5 	12.0 	11.7 	11.2 	11.0 	10.8 	11.3 	12.2 	11.7 	11.9 	11.8 	12.3 	12.2 
A,PC_IMP_PROD,SITC5,WORLD,SI	13.4 	13.3 	13.0 	12.5 	11.7 	11.5 	11.1 	12.6 	12.6 	12.5 	13.2 	13.5 	13.9 	14.0 	14.2 	13.6 	14.2 	19.1 	24.1 	25.4 	27.7 	33.7 	44.3 	43.0 
A,PC_IMP_PROD,SITC5,WORLD,SK	10.7 	9.8 	9.7 	9.7 	8.9 	8.8 	8.5 	9.4 	8.3 	8.7 	8.3 	8.5 	8.9 	8.8 	9.1 	8.9 	8.3 	8.1 	8.8 	8.9 	8.5 	8.1 	8.4 	8.5 
A,PC_IMP_PROD,SITC6_8,EU27_2020,AT	33.8 	32.6 	31.7 	31.9 	33.3 	33.2 	32.9 	33.0 	32.8 	33.0 	32.2 	31.8 	32.5 	32.8 	32.7 	32.6 	32.9 	32.4 	32.5 	32.5 	31.0 	30.0 	31.1 	30.0 
A,PC_IMP_PROD,SITC6_8,EU27_2020,BE	23.0 	22.6 	22.1 	20.7 	20.9 	21.3 	20.3 	20.5 	19.4 	19.4 	18.4 	18.3 	19.0 	19.5 	19.3 	19.6 	18.9 	18.4 	18.8 	17.2 	16.3 	16.4 	16.6 	17.2 
A,PC_IMP_PROD,SITC6_8,EU27_2020,BG	39.1 	39.0 	37.1 	33.9 	33.3 	30.7 	28.9 	29.4 	28.7 	26.4 	24.9 	25.0 	25.9 	25.4 	26.1 	24.7 	24.9 	24.4 	24.9 	24.0 	24.0 	24.4 	22.2 	21.4 
A,PC_IMP_PROD,SITC6_8,EU27_2020,CY	40.3 	42.1 	35.2 	33.4 	33.3 	33.2 	32.0 	31.5 	28.4 	28.9 	26.4 	25.5 	23.2 	23.9 	20.8 	25.0 	28.2 	25.3 	26.7 	25.4 	25.8 	25.6 	26.7 	26.6 
A,PC_IMP_PROD,SITC6_8,EU27_2020,CZ	35.4 	35.1 	33.2 	34.0 	33.7 	33.4 	33.2 	32.0 	31.9 	31.8 	31.2 	31.4 	31.1 	30.9 	31.4 	31.9 	31.2 	30.5 	29.6 	30.4 	28.9 	29.6 	30.2 	30.4 
A,PC_IMP_PROD,SITC6_8,EU27_2020,DE	27.5 	26.6 	26.2 	27.0 	27.1 	27.7 	27.3 	25.3 	26.0 	26.6 	26.1 	26.0 	26.4 	26.6 	26.9 	26.8 	26.5 	25.7 	25.6 	26.7 	25.7 	24.9 	25.0 	25.5 
A,PC_IMP_PROD,SITC6_8,EU27_2020,DK	32.0 	32.6 	32.2 	31.2 	31.9 	31.9 	31.1 	30.0 	30.0 	29.7 	28.7 	27.7 	28.2 	28.2 	28.4 	28.5 	27.5 	27.6 	27.4 	27.9 	27.4 	27.0 	27.0 	26.0 
A,PC_IMP_PROD,SITC6_8,EU27_2020,EE	34.1 	33.8 	32.1 	30.0 	27.9 	29.3 	29.1 	29.0 	28.3 	26.2 	24.8 	24.9 	25.7 	26.4 	27.0 	26.5 	27.1 	27.3 	27.9 	27.1 	24.4 	25.0 	24.3 	24.1 
A,PC_IMP_PROD,SITC6_8,EU27_2020,EL	30.3 	29.5 	29.4 	29.4 	30.3 	29.4 	30.1 	28.8 	27.7 	26.3 	24.7 	25.7 	26.0 	25.8 	27.1 	26.5 	26.3 	25.3 	23.1 	24.2 	24.9 	24.4 	25.7 	24.9 
A,PC_IMP_PROD,SITC6_8,EU27_2020,ES	25.8 	25.7 	25.2 	25.0 	25.6 	25.4 	26.5 	26.4 	26.4 	26.1 	25.9 	25.5 	25.5 	24.8 	25.6 	24.9 	24.6 	25.7 	25.4 	25.7 	26.1 	26.1 	26.1 	25.6 
A,PC_IMP_PROD,SITC6_8,EU27_2020,EU27_2020	28.6 	28.2 	27.9 	27.8 	28.1 	28.3 	27.7 	26.9 	26.9 	27.0 	26.2 	26.2 	26.6 	26.8 	27.1 	27.0 	26.9 	26.5 	26.3 	26.8 	25.9 	25.4 	25.5 	25.4 
A,PC_IMP_PROD,SITC6_8,EU27_2020,FI	25.6 	26.2 	26.1 	25.3 	25.6 	26.4 	26.2 	27.5 	27.0 	26.4 	28.2 	26.2 	26.0 	25.8 	25.9 	25.0 	25.4 	25.5 	25.4 	24.8 	26.2 	26.0 	25.8 	25.4 
A,PC_IMP_PROD,SITC6_8,EU27_2020,FR	29.6 	29.6 	30.1 	29.5 	30.0 	30.3 	29.3 	28.4 	28.7 	28.5 	27.5 	27.7 	28.0 	28.4 	28.6 	28.8 	29.0 	28.8 	28.4 	29.4 	28.1 	27.8 	27.8 	28.0 
A,PC_IMP_PROD,SITC6_8,EU27_2020,HR	35.2 	33.5 	34.2 	33.1 	33.3 	33.9 	31.1 	33.0 	32.2 	31.0 	28.8 	31.0 	33.7 	33.8 	34.1 	33.5 	32.5 	31.2 	31.7 	32.5 	29.3 	29.4 	28.8 	29.3 
A,PC_IMP_PROD,SITC6_8,EU27_2020,HU	31.6 	31.5 	29.0 	27.0 	26.7 	27.6 	26.8 	26.3 	25.9 	26.5 	25.5 	26.0 	25.2 	25.2 	25.6 	25.5 	25.6 	25.0 	24.6 	25.4 	23.2 	22.8 	22.0 	21.1 
A,PC_IMP_PROD,SITC6_8,EU27_2020,IE	16.1 	16.9 	16.4 	17.0 	16.8 	17.3 	16.6 	16.4 	15.2 	14.4 	13.9 	14.0 	13.5 	12.7 	12.3 	11.0 	10.4 	11.7 	13.3 	15.6 	15.6 	14.0 	13.9 	12.6 
A,PC_IMP_PROD,SITC6_8,EU27_2020,IT	25.9 	25.1 	26.5 	26.6 	27.4 	27.5 	27.2 	25.4 	26.0 	26.8 	26.6 	26.6 	27.3 	26.8 	26.6 	26.6 	26.9 	26.4 	25.5 	26.7 	27.3 	27.1 	27.2 	26.0 
A,PC_IMP_PROD,SITC6_8,EU27_2020,LT	30.8 	30.9 	30.4 	30.2 	28.5 	27.9 	26.8 	27.3 	25.4 	24.2 	23.6 	24.1 	25.9 	25.1 	25.5 	25.4 	25.0 	25.0 	26.5 	25.1 	23.5 	24.2 	24.1 	23.6 
A,PC_IMP_PROD,SITC6_8,EU27_2020,LU	31.6 	32.7 	32.8 	30.2 	29.6 	28.5 	28.0 	28.8 	27.0 	26.2 	25.7 	25.8 	26.1 	27.8 	27.8 	26.5 	26.1 	25.3 	25.5 	24.8 	24.1 	23.8 	22.4 	23.0 
A,PC_IMP_PROD,SITC6_8,EU27_2020,LV	32.1 	32.5 	30.0 	30.3 	29.8 	28.5 	27.4 	27.6 	26.2 	25.8 	25.6 	26.2 	26.5 	25.7 	25.7 	25.2 	25.2 	25.7 	25.7 	25.3 	21.4 	22.9 	23.4 	22.5 
A,PC_IMP_PROD,SITC6_8,EU27_2020,MT	25.2 	24.1 	23.0 	22.8 	21.5 	21.9 	21.1 	19.6 	18.2 	13.7 	11.7 	13.3 	14.8 	14.5 	15.3 	14.7 	14.1 	15.0 	18.0 	16.7 	16.0 	18.3 	14.4 	15.4 
A,PC_IMP_PROD,SITC6_8,EU27_2020,NL	30.5 	29.7 	28.0 	28.0 	28.8 	28.1 	26.9 	26.5 	25.6 	25.4 	23.7 	23.7 	24.5 	25.0 	26.9 	26.5 	26.6 	26.2 	26.4 	26.0 	24.1 	24.2 	24.2 	23.9 
A,PC_IMP_PROD,SITC6_8,EU27_2020,PL	33.7 	34.2 	32.3 	32.7 	32.9 	33.0 	31.2 	31.4 	32.6 	32.4 	31.4 	31.1 	31.8 	32.1 	31.9 	32.1 	32.5 	31.7 	32.2 	32.9 	31.4 	29.7 	29.9 	30.1 
A,PC_IMP_PROD,SITC6_8,EU27_2020,PT	32.5 	32.0 	32.0 	30.5 	31.0 	31.0 	30.3 	30.4 	29.9 	30.2 	29.7 	30.1 	29.9 	30.2 	29.8 	29.3 	28.3 	27.3 	27.7 	27.9 	28.0 	27.0 	26.8 	26.3 
A,PC_IMP_PROD,SITC6_8,EU27_2020,RO	49.3 	47.9 	44.1 	41.6 	38.9 	34.3 	33.2 	34.3 	33.7 	33.1 	31.7 	31.5 	32.2 	31.3 	31.1 	31.3 	31.2 	30.7 	29.5 	29.8 	28.6 	28.0 	27.9 	27.0 
A,PC_IMP_PROD,SITC6_8,EU27_2020,SE	27.1 	26.5 	27.7 	27.8 	27.4 	27.4 	26.7 	26.4 	25.9 	25.6 	25.0 	25.0 	24.3 	25.0 	25.5 	25.9 	25.7 	25.5 	25.5 	26.3 	25.9 	24.0 	23.9 	23.8 
A,PC_IMP_PROD,SITC6_8,EU27_2020,SI	35.6 	34.3 	33.8 	33.4 	33.2 	33.3 	31.5 	31.3 	31.1 	30.3 	28.8 	29.1 	29.8 	29.5 	30.1 	29.5 	29.8 	28.8 	29.9 	30.2 	29.0 	28.3 	27.1 	26.5 
A,PC_IMP_PROD,SITC6_8,EU27_2020,SK	33.4 	33.2 	32.6 	32.1 	32.6 	32.6 	31.3 	29.8 	29.2 	28.9 	28.7 	27.9 	28.6 	28.3 	28.2 	28.8 	28.0 	27.8 	26.3 	28.1 	27.5 	26.3 	26.3 	26.1 
A,PC_IMP_PROD,SITC6_8,EXT_EU27_2020,AT	23.5 	24.0 	25.6 	23.5 	24.4 	26.4 	23.3 	23.0 	22.9 	22.7 	20.2 	20.5 	22.0 	23.4 	24.3 	22.5 	21.9 	22.9 	24.4 	21.6 	21.3 	23.6 	21.6 	23.0 
A,PC_IMP_PROD,SITC6_8,EXT_EU27_2020,BE	38.4 	35.1 	35.5 	34.8 	34.1 	36.3 	32.6 	31.3 	32.7 	32.8 	30.9 	30.0 	31.1 	30.9 	31.7 	30.5 	29.5 	28.0 	28.4 	28.4 	23.6 	23.0 	23.7 	23.0 
A,PC_IMP_PROD,SITC6_8,EXT_EU27_2020,BG	19.4 	21.0 	22.6 	30.8 	31.5 	23.9 	22.9 	18.9 	18.1 	19.0 	17.3 	19.2 	22.5 	23.9 	28.0 	26.6 	26.5 	27.0 	26.9 	28.4 	22.9 	25.5 	25.7 	26.0 
A,PC_IMP_PROD,SITC6_8,EXT_EU27_2020,CY	36.5 	36.9 	29.6 	25.9 	27.1 	27.4 	26.5 	26.4 	28.8 	20.6 	19.8 	19.0 	14.7 	15.5 	13.1 	10.5 	9.2 	13.3 	13.1 	14.8 	13.8 	11.4 	12.3 	12.6 
A,PC_IMP_PROD,SITC6_8,EXT_EU27_2020,CZ	21.6 	20.8 	22.5 	21.6 	21.4 	22.7 	21.4 	21.7 	18.1 	17.7 	17.6 	18.3 	19.2 	19.7 	22.6 	21.7 	18.9 	18.0 	18.3 	18.7 	17.8 	16.8 	16.8 	18.6 
A,PC_IMP_PROD,SITC6_8,EXT_EU27_2020,DE	25.4 	24.8 	24.5 	23.5 	23.6 	25.9 	24.4 	25.3 	24.6 	24.7 	23.9 	24.1 	25.5 	27.2 	27.2 	26.3 	26.1 	26.1 	27.6 	26.2 	23.6 	24.4 	25.2 	24.8 
A,PC_IMP_PROD,SITC6_8,EXT_EU27_2020,DK	27.2 	29.9 	29.7 	30.1 	32.0 	35.0 	32.7 	30.6 	33.5 	32.6 	30.8 	28.2 	30.1 	31.9 	33.6 	32.1 	31.0 	31.4 	34.2 	33.3 	32.5 	30.3 	29.5 	30.1 
A,PC_IMP_PROD,SITC6_8,EXT_EU27_2020,EE	25.1 	22.6 	27.1 	23.3 	20.4 	25.2 	25.7 	22.0 	22.6 	17.5 	17.7 	21.2 	22.6 	24.3 	26.5 	24.2 	20.3 	24.2 	25.0 	20.9 	24.0 	30.6 	30.8 	34.4 
A,PC_IMP_PROD,SITC6_8,EXT_EU27_2020,EL	19.6 	18.6 	22.5 	22.0 	21.4 	22.7 	19.9 	17.9 	19.1 	16.7 	12.9 	13.8 	15.1 	19.1 	21.4 	20.8 	19.2 	21.0 	23.8 	20.1 	17.5 	19.6 	19.6 	21.7 
A,PC_IMP_PROD,SITC6_8,EXT_EU27_2020,ES	21.1 	22.1 	21.9 	20.8 	21.3 	23.0 	19.5 	21.3 	20.3 	19.2 	17.4 	18.1 	20.3 	24.2 	26.2 	25.2 	24.5 	25.0 	27.1 	24.3 	21.5 	21.7 	23.8 	25.3 
A,PC_IMP_PROD,SITC6_8,EXT_EU27_2020,EU27_2020	24.1 	23.8 	24.1 	23.1 	23.7 	25.3 	22.9 	23.2 	23.1 	22.8 	21.2 	21.7 	23.5 	25.5 	26.2 	25.3 	24.6 	24.6 	26.0 	24.9 	22.1 	22.4 	23.4 	23.7 
A,PC_IMP_PROD,SITC6_8,EXT_EU27_2020,FI	17.4 	15.9 	16.3 	14.7 	14.3 	15.5 	14.2 	16.6 	15.8 	14.6 	14.6 	14.6 	16.3 	20.0 	20.0 	24.0 	21.2 	18.4 	21.2 	21.7 	18.3 	15.6 	16.4 	16.1 
A,PC_IMP_PROD,SITC6_8,EXT_EU27_2020,FR	22.1 	21.8 	21.6 	21.4 	22.5 	23.5 	21.8 	23.8 	24.1 	22.9 	22.5 	23.3 	25.4 	27.9 	28.2 	27.3 	26.7 	27.7 	31.4 	27.5 	23.1 	24.3 	25.7 	24.9 
A,PC_IMP_PROD,SITC6_8,EXT_EU27_2020,HR	21.5 	22.5 	25.6 	25.7 	26.9 	27.7 	26.3 	26.6 	25.6 	27.5 	26.4 	23.0 	22.7 	25.3 	26.3 	29.2 	29.1 	31.0 	31.6 	25.8 	20.0 	25.4 	27.5 	27.0 
A,PC_IMP_PROD,SITC6_8,EXT_EU27_2020,HU	16.3 	15.7 	15.2 	14.2 	11.5 	11.6 	10.3 	10.1 	9.3 	10.2 	11.7 	12.4 	13.7 	15.0 	17.0 	17.4 	17.3 	16.9 	21.0 	15.8 	15.6 	16.5 	17.6 	18.5 
A,PC_IMP_PROD,SITC6_8,EXT_EU27_2020,IE	19.8 	24.1 	24.2 	23.8 	24.5 	24.7 	23.9 	23.3 	22.2 	20.1 	19.4 	19.7 	19.8 	21.0 	20.4 	18.9 	18.1 	19.6 	21.4 	21.2 	18.4 	18.6 	22.0 	20.2 
A,PC_IMP_PROD,SITC6_8,EXT_EU27_2020,IT	25.0 	25.4 	26.8 	25.6 	27.6 	29.4 	25.9 	24.8 	25.0 	24.7 	22.3 	24.2 	27.3 	29.7 	30.1 	29.4 	28.5 	28.7 	29.8 	28.5 	23.7 	25.2 	25.1 	25.4 
A,PC_IMP_PROD,SITC6_8,EXT_EU27_2020,LT	15.6 	16.5 	16.3 	13.1 	13.8 	17.1 	11.0 	10.8 	9.6 	9.4 	9.6 	10.4 	13.6 	15.6 	17.8 	16.8 	16.7 	16.6 	23.4 	20.6 	13.3 	13.8 	16.5 	16.4 
A,PC_IMP_PROD,SITC6_8,EXT_EU27_2020,LU	13.2 	10.6 	11.9 	9.0 	8.0 	10.7 	6.5 	10.2 	17.4 	22.0 	21.7 	23.1 	26.5 	22.3 	29.3 	37.5 	31.2 	14.7 	26.2 	22.3 	26.2 	27.9 	21.8 	12.6 
A,PC_IMP_PROD,SITC6_8,EXT_EU27_2020,LV	28.5 	29.0 	29.8 	25.7 	29.4 	31.8 	30.5 	24.6 	30.6 	36.0 	27.2 	26.7 	27.2 	28.3 	30.6 	28.3 	30.5 	30.5 	31.0 	31.1 	23.3 	22.6 	24.8 	26.3 
A,PC_IMP_PROD,SITC6_8,EXT_EU27_2020,MT	22.9 	22.9 	24.3 	26.1 	23.5 	21.3 	21.7 	20.7 	19.2 	18.1 	18.8 	17.9 	13.9 	15.7 	10.8 	14.1 	17.7 	14.7 	20.2 	17.5 	16.1 	19.6 	17.8 	18.1 
A,PC_IMP_PROD,SITC6_8,EXT_EU27_2020,NL	20.4 	20.3 	20.3 	18.9 	20.5 	21.1 	19.1 	18.8 	19.2 	19.0 	16.5 	17.0 	18.7 	20.3 	21.1 	20.0 	19.7 	19.4 	19.3 	20.2 	19.4 	19.1 	20.8 	21.2 
A,PC_IMP_PROD,SITC6_8,EXT_EU27_2020,PL	21.2 	21.0 	20.6 	20.1 	19.1 	22.2 	20.4 	20.5 	18.6 	19.0 	17.1 	17.4 	20.3 	23.2 	26.6 	26.8 	26.2 	26.1 	28.6 	28.5 	25.9 	26.1 	28.5 	30.4 
A,PC_IMP_PROD,SITC6_8,EXT_EU27_2020,PT	21.0 	20.4 	20.3 	18.5 	19.3 	19.5 	16.2 	17.7 	17.3 	15.3 	12.7 	13.7 	15.7 	18.3 	19.2 	18.9 	19.8 	19.6 	21.7 	22.7 	18.8 	20.0 	21.1 	22.6 
A,PC_IMP_PROD,SITC6_8,EXT_EU27_2020,RO	24.1 	23.1 	22.2 	21.6 	21.6 	26.7 	26.3 	23.9 	23.7 	23.6 	22.7 	23.6 	25.8 	29.4 	29.5 	28.7 	28.7 	29.3 	32.4 	30.3 	27.7 	30.1 	30.1 	31.3 
A,PC_IMP_PROD,SITC6_8,EXT_EU27_2020,SE	28.0 	27.4 	28.1 	26.6 	26.8 	30.0 	26.6 	26.6 	25.3 	25.1 	23.6 	24.0 	24.3 	27.4 	27.2 	27.4 	25.1 	26.6 	28.5 	28.9 	26.9 	23.7 	24.9 	26.1 
A,PC_IMP_PROD,SITC6_8,EXT_EU27_2020,SI	29.9 	31.4 	30.4 	28.2 	28.4 	25.6 	23.5 	23.3 	23.7 	24.6 	24.3 	22.9 	23.7 	26.0 	27.4 	26.3 	25.1 	20.4 	19.6 	18.6 	15.2 	11.6 	8.7 	8.2 
A,PC_IMP_PROD,SITC6_8,EXT_EU27_2020,SK	17.8 	18.5 	19.1 	19.3 	23.9 	15.8 	16.2 	18.2 	17.5 	19.8 	24.4 	23.5 	26.9 	27.8 	28.4 	22.1 	20.3 	18.6 	18.6 	15.3 	18.9 	20.7 	24.0 	25.6 
A,PC_IMP_PROD,SITC6_8,WORLD,AT	31.7 	30.9 	30.6 	30.1 	31.4 	31.7 	30.7 	30.7 	30.5 	30.5 	29.2 	29.0 	29.9 	30.4 	30.7 	30.2 	30.2 	30.1 	30.6 	29.9 	28.6 	28.5 	29.1 	28.5 
A,PC_IMP_PROD,SITC6_8,WORLD,BE	28.3 	26.9 	26.7 	25.6 	25.6 	26.6 	24.7 	24.3 	24.2 	24.5 	23.1 	22.9 	23.8 	24.3 	24.4 	24.0 	23.2 	22.3 	22.5 	21.3 	19.3 	18.9 	19.3 	19.3 
A,PC_IMP_PROD,SITC6_8,WORLD,BG	30.3 	31.0 	30.6 	32.6 	32.6 	27.8 	26.2 	25.1 	24.2 	23.3 	21.6 	22.6 	24.6 	24.8 	26.8 	25.4 	25.5 	25.4 	25.6 	25.7 	23.5 	24.8 	23.6 	23.4 
A,PC_IMP_PROD,SITC6_8,WORLD,CY	38.4 	39.6 	33.0 	30.4 	30.8 	30.9 	29.8 	29.6 	28.5 	25.6 	23.9 	23.1 	19.7 	20.1 	17.8 	18.4 	18.9 	20.4 	21.0 	21.7 	21.1 	19.6 	20.9 	20.6 
A,PC_IMP_PROD,SITC6_8,WORLD,CZ	31.2 	30.6 	30.8 	31.4 	30.9 	31.0 	30.2 	29.5 	28.1 	27.9 	27.5 	28.1 	28.1 	28.1 	29.3 	29.4 	28.0 	27.3 	26.6 	27.3 	25.8 	26.1 	26.4 	27.1 
A,PC_IMP_PROD,SITC6_8,WORLD,DE	26.6 	25.9 	25.5 	25.6 	25.6 	26.9 	26.1 	25.3 	25.4 	25.8 	25.2 	25.3 	26.1 	26.8 	27.0 	26.6 	26.4 	25.8 	26.3 	26.5 	24.9 	24.7 	25.1 	25.3 
A,PC_IMP_PROD,SITC6_8,WORLD,DK	30.4 	31.7 	31.3 	30.8 	31.9 	32.9 	31.7 	30.2 	31.3 	30.7 	29.4 	27.8 	28.8 	29.5 	30.1 	29.7 	28.7 	28.8 	29.5 	29.6 	29.1 	28.1 	27.9 	27.4 
A,PC_IMP_PROD,SITC6_8,WORLD,EE	31.1 	29.6 	30.7 	28.3 	25.9 	28.3 	28.3 	27.4 	27.1 	23.8 	22.9 	24.1 	25.1 	26.0 	26.9 	26.0 	25.3 	26.5 	27.2 	25.4 	24.3 	25.8 	25.4 	25.9 
A,PC_IMP_PROD,SITC6_8,WORLD,EL	25.7 	24.7 	26.6 	26.3 	26.3 	26.4 	25.3 	23.8 	23.6 	21.5 	18.2 	19.3 	20.3 	22.6 	24.5 	23.8 	22.7 	23.2 	23.4 	22.2 	20.7 	22.0 	22.7 	23.4 
A,PC_IMP_PROD,SITC6_8,WORLD,ES	24.0 	24.3 	23.9 	23.3 	23.7 	24.4 	23.3 	24.2 	23.6 	22.8 	21.6 	21.9 	23.0 	24.5 	25.8 	25.1 	24.6 	25.4 	26.1 	25.1 	23.8 	24.1 	25.1 	25.5 
A,PC_IMP_PROD,SITC6_8,WORLD,FI	22.6 	22.4 	22.4 	21.3 	21.0 	22.0 	21.1 	23.3 	22.6 	21.5 	22.7 	21.9 	22.6 	24.0 	24.1 	24.7 	24.0 	23.3 	24.2 	23.9 	23.5 	22.9 	23.1 	22.8 
A,PC_IMP_PROD,SITC6_8,WORLD,FR	26.7 	26.7 	26.9 	26.4 	27.2 	27.8 	26.5 	26.8 	27.0 	26.4 	25.6 	26.0 	27.0 	28.2 	28.5 	28.3 	28.2 	28.4 	29.4 	28.8 	26.2 	26.6 	27.1 	26.8 
A,PC_IMP_PROD,SITC6_8,WORLD,HR	31.1 	30.3 	31.6 	30.6 	31.1 	31.6 	29.3 	30.5 	29.5 	29.6 	27.9 	28.3 	30.9 	31.8 	32.2 	32.5 	31.7 	31.1 	31.7 	30.8 	26.5 	28.4 	28.5 	28.7 
A,PC_IMP_PROD,SITC6_8,WORLD,HU	25.8 	25.5 	24.3 	22.8 	21.9 	22.4 	21.3 	21.0 	20.2 	21.3 	21.2 	21.9 	22.2 	22.6 	23.5 	23.4 	23.3 	22.7 	23.6 	22.7 	20.8 	20.8 	20.7 	20.4 
A,PC_IMP_PROD,SITC6_8,WORLD,IE	18.9 	22.1 	21.9 	21.8 	22.1 	22.4 	21.5 	21.2 	20.1 	18.4 	17.8 	17.9 	17.7 	18.1 	17.3 	15.8 	15.2 	16.6 	18.3 	19.1 	17.4 	16.8 	18.6 	17.1 
A,PC_IMP_PROD,SITC6_8,WORLD,IT	25.5 	25.2 	26.6 	26.2 	27.5 	28.4 	26.6 	25.1 	25.5 	25.8 	24.5 	25.5 	27.3 	28.1 	28.1 	27.8 	27.6 	27.4 	27.3 	27.4 	25.5 	26.3 	26.3 	25.7 
A,PC_IMP_PROD,SITC6_8,WORLD,LT	23.7 	24.1 	24.9 	22.9 	22.6 	24.2 	19.8 	20.2 	18.3 	17.6 	17.3 	18.3 	21.2 	21.8 	23.1 	22.6 	22.2 	22.2 	25.6 	23.7 	19.8 	21.1 	21.7 	21.3 
A,PC_IMP_PROD,SITC6_8,WORLD,LU	27.9 	27.2 	27.5 	23.9 	22.0 	23.5 	22.3 	23.2 	25.0 	25.4 	24.7 	25.2 	26.2 	26.2 	28.2 	28.5 	26.7 	23.5 	25.6 	24.5 	24.3 	24.2 	22.4 	21.6 
A,PC_IMP_PROD,SITC6_8,WORLD,LV	31.2 	31.6 	29.9 	29.1 	29.7 	29.3 	28.2 	26.8 	27.3 	28.4 	26.0 	26.3 	26.6 	26.3 	26.8 	26.0 	26.5 	26.8 	26.9 	26.7 	21.8 	22.9 	23.6 	23.1 
A,PC_IMP_PROD,SITC6_8,WORLD,MT	24.3 	23.6 	23.5 	24.0 	22.3 	21.6 	21.3 	20.0 	18.6 	15.2 	13.9 	14.9 	14.4 	15.0 	13.0 	14.4 	15.4 	14.8 	18.9 	17.0 	16.0 	18.8 	15.6 	16.3 
A,PC_IMP_PROD,SITC6_8,WORLD,NL	25.2 	24.7 	23.9 	22.9 	24.0 	24.1 	22.4 	22.2 	21.8 	21.6 	19.3 	19.6 	21.0 	22.2 	23.5 	22.6 	22.5 	22.1 	22.2 	22.6 	21.2 	21.2 	22.2 	22.3 
A,PC_IMP_PROD,SITC6_8,WORLD,PL	29.4 	29.7 	29.0 	29.2 	28.8 	29.8 	27.9 	28.1 	28.1 	28.0 	26.4 	26.5 	28.0 	29.3 	30.3 	30.5 	30.4 	29.8 	31.1 	31.4 	29.4 	28.5 	29.5 	30.2 
A,PC_IMP_PROD,SITC6_8,WORLD,PT	29.6 	29.1 	28.8 	27.3 	27.9 	27.9 	26.3 	27.3 	26.4 	25.8 	24.4 	25.0 	25.9 	27.0 	27.1 	26.5 	26.1 	25.3 	26.1 	26.5 	25.2 	25.3 	25.4 	25.4 
A,PC_IMP_PROD,SITC6_8,WORLD,RO	40.3 	39.2 	35.9 	33.6 	32.2 	32.0 	31.0 	31.2 	30.7 	30.3 	29.1 	29.4 	30.5 	30.9 	30.7 	30.6 	30.5 	30.3 	30.2 	29.9 	28.3 	28.6 	28.5 	28.2 
A,PC_IMP_PROD,SITC6_8,WORLD,SE	27.5 	26.9 	27.8 	27.4 	27.1 	28.3 	26.6 	26.5 	25.7 	25.4 	24.5 	24.7 	24.3 	25.9 	26.1 	26.4 	25.5 	25.9 	26.5 	27.2 	26.3 	23.9 	24.2 	24.6 
A,PC_IMP_PROD,SITC6_8,WORLD,SI	34.4 	33.7 	33.2 	32.5 	32.3 	31.5 	29.4 	29.2 	29.0 	28.7 	27.5 	27.2 	27.8 	28.4 	29.3 	28.5 	28.2 	25.6 	25.7 	25.1 	22.4 	19.8 	16.4 	15.8 
A,PC_IMP_PROD,SITC6_8,WORLD,SK	28.8 	29.2 	29.5 	29.1 	30.4 	28.1 	27.1 	26.6 	25.8 	26.4 	27.5 	26.7 	28.2 	28.2 	28.2 	27.4 	26.3 	25.9 	24.8 	25.3 	25.5 	25.2 	25.9 	26.0 
A,PC_IMP_PROD,SITC7,EU27_2020,AT	40.6 	41.5 	41.9 	37.6 	36.8 	38.1 	36.4 	35.2 	34.8 	34.5 	34.7 	35.7 	35.3 	36.6 	38.0 	37.9 	36.9 	37.6 	36.4 	35.0 	32.6 	37.1 	36.2 	35.7 
A,PC_IMP_PROD,SITC7,EU27_2020,BE	29.5 	29.8 	28.6 	25.9 	25.2 	26.2 	25.5 	24.9 	24.8 	25.1 	24.2 	24.2 	24.2 	26.3 	29.4 	28.1 	26.8 	29.0 	28.2 	22.5 	20.9 	26.3 	25.0 	24.9 
A,PC_IMP_PROD,SITC7,EU27_2020,BG	35.2 	35.1 	36.9 	38.4 	38.3 	41.8 	41.3 	35.6 	31.1 	30.2 	31.7 	30.9 	31.3 	33.5 	32.8 	32.0 	33.7 	34.3 	33.6 	33.5 	33.9 	38.3 	34.8 	34.1 
A,PC_IMP_PROD,SITC7,EU27_2020,CY	29.7 	25.4 	32.2 	32.3 	28.8 	28.7 	26.2 	25.2 	28.7 	21.4 	17.0 	14.5 	21.6 	23.1 	36.4 	28.5 	23.7 	24.5 	24.6 	26.3 	23.5 	23.1 	23.5 	25.0 
A,PC_IMP_PROD,SITC7,EU27_2020,CZ	40.8 	40.6 	43.4 	41.7 	42.3 	43.1 	41.9 	40.2 	41.0 	39.0 	39.0 	39.0 	41.2 	41.7 	41.7 	42.2 	42.6 	43.4 	43.8 	40.8 	37.7 	40.9 	40.0 	40.0 
A,PC_IMP_PROD,SITC7,EU27_2020,DE	39.2 	39.2 	38.3 	38.7 	38.5 	38.2 	36.2 	37.3 	36.2 	35.2 	35.3 	35.3 	36.7 	37.7 	38.8 	38.1 	37.4 	38.2 	37.9 	36.0 	34.3 	38.7 	38.2 	38.1 
A,PC_IMP_PROD,SITC7,EU27_2020,DK	37.3 	36.2 	36.2 	37.8 	37.8 	38.8 	36.7 	35.4 	34.5 	34.3 	34.5 	35.0 	34.7 	36.0 	37.4 	36.9 	38.2 	38.1 	37.7 	35.4 	32.7 	36.9 	37.0 	39.0 
A,PC_IMP_PROD,SITC7,EU27_2020,EE	37.3 	37.9 	40.1 	42.4 	42.9 	39.6 	35.0 	26.7 	31.5 	37.8 	39.3 	39.1 	37.8 	38.5 	39.5 	39.2 	37.3 	36.3 	34.3 	34.7 	31.0 	35.5 	35.2 	35.1 
A,PC_IMP_PROD,SITC7,EU27_2020,EL	33.8 	34.1 	34.7 	31.8 	32.0 	34.6 	32.3 	29.8 	24.6 	22.8 	21.3 	19.5 	21.3 	21.8 	22.4 	22.7 	24.3 	24.2 	23.8 	26.7 	24.9 	28.5 	28.2 	28.5 
A,PC_IMP_PROD,SITC7,EU27_2020,ES	46.3 	46.7 	47.5 	46.8 	46.3 	46.5 	42.8 	38.6 	37.7 	37.3 	34.9 	37.1 	38.8 	40.9 	41.2 	40.9 	40.8 	39.9 	38.2 	36.2 	34.7 	37.1 	37.0 	37.0 
A,PC_IMP_PROD,SITC7,EU27_2020,EU27_2020	39.3 	39.2 	39.2 	38.1 	37.8 	38.3 	36.7 	35.5 	35.1 	34.3 	33.5 	33.6 	34.7 	36.3 	37.5 	37.1 	36.8 	37.6 	36.7 	34.4 	32.1 	36.0 	35.5 	35.4 
A,PC_IMP_PROD,SITC7,EU27_2020,FI	43.4 	42.2 	41.9 	45.7 	43.2 	43.3 	42.9 	39.2 	37.7 	37.8 	36.5 	36.1 	36.6 	39.7 	41.9 	42.7 	41.7 	42.4 	42.3 	41.3 	35.2 	38.5 	37.8 	38.2 
A,PC_IMP_PROD,SITC7,EU27_2020,FR	43.9 	43.4 	42.3 	40.0 	39.9 	40.0 	38.6 	38.3 	37.9 	37.2 	35.8 	35.3 	35.9 	37.3 	38.4 	37.6 	37.2 	38.0 	36.7 	34.4 	31.0 	34.8 	35.0 	35.0 
A,PC_IMP_PROD,SITC7,EU27_2020,HR	37.8 	39.4 	38.1 	36.3 	35.5 	36.4 	36.0 	30.8 	27.3 	23.8 	23.0 	24.4 	25.1 	26.4 	28.6 	28.6 	29.2 	29.1 	27.4 	26.8 	24.8 	29.0 	28.9 	28.5 
A,PC_IMP_PROD,SITC7,EU27_2020,HU	48.8 	47.8 	50.4 	49.9 	50.3 	49.9 	47.8 	45.2 	46.3 	44.1 	44.3 	45.5 	46.4 	48.1 	48.6 	48.2 	47.5 	47.3 	46.0 	43.1 	41.2 	45.9 	45.1 	45.9 
A,PC_IMP_PROD,SITC7,EU27_2020,IE	44.9 	44.0 	46.3 	44.1 	44.1 	41.6 	35.5 	30.7 	40.6 	40.5 	43.0 	40.6 	48.9 	52.8 	55.3 	55.7 	46.8 	56.9 	47.7 	44.6 	45.0 	46.3 	46.7 	41.3 
A,PC_IMP_PROD,SITC7,EU27_2020,IT	39.6 	38.7 	39.1 	38.2 	37.0 	38.0 	37.3 	36.2 	35.8 	32.7 	29.5 	28.4 	29.8 	32.2 	34.2 	34.2 	34.1 	34.1 	33.1 	32.2 	30.6 	33.5 	32.0 	31.7 
A,PC_IMP_PROD,SITC7,EU27_2020,LT	40.3 	41.2 	40.9 	40.3 	42.0 	41.8 	38.5 	27.5 	29.5 	32.3 	31.5 	31.8 	31.8 	33.3 	34.7 	35.3 	35.5 	35.8 	33.5 	33.7 	30.8 	35.3 	34.1 	35.4 
A,PC_IMP_PROD,SITC7,EU27_2020,LU	32.6 	29.4 	27.6 	28.9 	27.7 	29.1 	27.5 	28.1 	27.1 	25.0 	25.1 	25.0 	27.7 	27.4 	29.8 	30.5 	29.0 	31.2 	32.9 	29.7 	25.0 	29.0 	30.5 	28.9 
A,PC_IMP_PROD,SITC7,EU27_2020,LV	35.0 	35.2 	33.1 	35.2 	38.3 	40.2 	33.2 	25.3 	26.3 	29.8 	29.2 	27.7 	29.0 	31.6 	32.2 	31.5 	31.2 	30.7 	30.3 	29.5 	25.3 	29.1 	27.8 	28.9 
A,PC_IMP_PROD,SITC7,EU27_2020,MT	47.7 	48.0 	47.4 	43.9 	45.2 	42.0 	37.2 	36.5 	35.0 	28.6 	22.4 	28.1 	24.8 	33.3 	27.2 	28.0 	27.6 	33.1 	35.1 	31.8 	31.3 	35.0 	34.9 	34.5 
A,PC_IMP_PROD,SITC7,EU27_2020,NL	34.1 	33.6 	33.4 	31.4 	31.0 	31.3 	30.7 	29.3 	28.8 	28.4 	27.5 	27.3 	28.4 	30.0 	30.7 	30.3 	31.0 	32.6 	31.9 	29.4 	27.0 	29.5 	28.9 	29.2 
A,PC_IMP_PROD,SITC7,EU27_2020,PL	38.9 	39.3 	41.3 	38.9 	39.4 	39.2 	39.4 	37.0 	35.8 	34.9 	35.4 	35.6 	35.6 	37.0 	36.7 	36.1 	36.6 	37.7 	36.3 	34.8 	32.1 	35.9 	36.0 	35.1 
A,PC_IMP_PROD,SITC7,EU27_2020,PT	38.2 	37.4 	37.7 	38.5 	38.3 	38.1 	37.3 	34.8 	35.1 	30.8 	27.8 	28.0 	29.5 	31.3 	33.0 	34.1 	35.7 	38.2 	34.6 	31.5 	30.2 	32.9 	33.5 	32.8 
A,PC_IMP_PROD,SITC7,EU27_2020,RO	29.5 	31.2 	35.5 	37.3 	40.4 	44.5 	42.5 	36.0 	37.4 	38.3 	37.7 	38.7 	39.3 	39.9 	39.9 	39.3 	40.4 	39.4 	38.9 	37.2 	35.7 	39.5 	38.6 	38.7 
A,PC_IMP_PROD,SITC7,EU27_2020,SE	40.7 	41.6 	42.9 	42.4 	41.9 	42.3 	40.2 	39.4 	41.7 	42.8 	41.2 	41.1 	42.7 	43.7 	44.3 	44.3 	43.9 	43.6 	44.4 	43.5 	41.0 	45.3 	44.0 	43.3 
A,PC_IMP_PROD,SITC7,EU27_2020,SI	34.3 	35.0 	35.8 	33.8 	33.4 	33.7 	34.2 	32.8 	30.7 	28.9 	27.1 	29.4 	30.1 	31.9 	34.0 	34.8 	35.0 	34.2 	34.1 	32.0 	29.1 	32.2 	31.8 	33.1 
A,PC_IMP_PROD,SITC7,EU27_2020,SK	42.2 	44.9 	44.1 	42.2 	43.7 	44.0 	44.4 	42.2 	41.7 	42.4 	43.7 	45.7 	46.6 	48.9 	49.3 	48.1 	49.9 	50.6 	50.5 	47.9 	45.4 	50.4 	48.9 	49.6 
A,PC_IMP_PROD,SITC7,EXT_EU27_2020,AT	40.0 	40.0 	38.2 	37.4 	33.7 	33.3 	30.3 	28.7 	28.4 	25.6 	27.3 	30.1 	31.4 	31.9 	34.0 	35.1 	35.6 	35.9 	35.1 	31.5 	29.5 	31.2 	35.5 	36.2 
A,PC_IMP_PROD,SITC7,EXT_EU27_2020,BE	26.0 	26.5 	26.6 	24.7 	23.8 	24.3 	23.6 	23.3 	21.0 	19.5 	19.4 	18.7 	19.8 	21.0 	22.5 	22.7 	21.7 	24.9 	24.1 	22.4 	19.7 	25.7 	27.3 	26.4 
A,PC_IMP_PROD,SITC7,EXT_EU27_2020,BG	15.8 	18.9 	20.0 	30.8 	28.8 	15.1 	14.8 	14.3 	12.9 	12.9 	13.9 	13.4 	15.6 	16.7 	19.4 	18.8 	19.1 	18.4 	20.5 	19.4 	17.0 	20.9 	19.3 	23.1 
A,PC_IMP_PROD,SITC7,EXT_EU27_2020,CY	25.1 	28.1 	31.3 	28.7 	27.6 	29.5 	28.6 	28.5 	22.1 	21.8 	16.0 	13.7 	47.2 	51.6 	50.2 	54.4 	51.7 	46.7 	53.6 	39.5 	36.2 	45.4 	35.2 	24.3 
A,PC_IMP_PROD,SITC7,EXT_EU27_2020,CZ	45.8 	46.3 	43.3 	35.3 	37.3 	42.9 	39.8 	45.0 	49.8 	49.6 	47.8 	46.8 	49.5 	57.5 	59.0 	58.3 	60.9 	62.1 	66.1 	61.8 	64.3 	67.1 	68.1 	66.3 
A,PC_IMP_PROD,SITC7,EXT_EU27_2020,DE	40.6 	39.9 	40.9 	39.2 	37.5 	36.5 	33.4 	34.5 	36.9 	33.1 	32.4 	32.1 	32.7 	36.0 	37.6 	38.0 	38.2 	39.4 	38.9 	37.2 	33.3 	41.5 	40.0 	40.2 
A,PC_IMP_PROD,SITC7,EXT_EU27_2020,DK	37.4 	32.9 	34.7 	33.7 	32.5 	28.4 	28.3 	31.3 	26.3 	22.3 	21.9 	22.9 	25.3 	26.1 	25.4 	26.7 	26.0 	24.8 	24.9 	24.7 	24.2 	26.5 	28.0 	29.5 
A,PC_IMP_PROD,SITC7,EXT_EU27_2020,EE	46.4 	50.0 	39.7 	36.9 	26.2 	24.4 	24.3 	20.5 	27.2 	30.3 	34.6 	35.3 	32.1 	32.9 	32.8 	33.0 	26.5 	27.1 	26.5 	22.0 	26.0 	39.1 	39.2 	32.1 
A,PC_IMP_PROD,SITC7,EXT_EU27_2020,EL	34.5 	38.8 	32.0 	22.9 	24.6 	24.7 	21.5 	32.0 	16.0 	9.8 	9.6 	7.7 	9.1 	12.8 	14.2 	11.6 	11.5 	13.3 	15.4 	14.0 	12.3 	15.0 	16.3 	18.5 
A,PC_IMP_PROD,SITC7,EXT_EU27_2020,ES	24.3 	24.9 	26.2 	25.8 	24.3 	22.8 	19.9 	18.1 	18.9 	15.1 	14.1 	14.1 	15.4 	19.8 	22.4 	21.5 	19.8 	21.2 	22.6 	19.3 	17.9 	22.9 	22.4 	24.1 
A,PC_IMP_PROD,SITC7,EXT_EU27_2020,EU27_2020	36.0 	35.3 	35.0 	33.2 	31.0 	30.2 	27.6 	29.3 	29.0 	26.1 	25.6 	25.8 	26.9 	30.8 	32.5 	32.1 	31.6 	32.9 	34.2 	31.6 	27.6 	32.6 	32.8 	33.9 
A,PC_IMP_PROD,SITC7,EXT_EU27_2020,FI	35.0 	34.4 	31.4 	32.2 	30.9 	31.0 	28.4 	25.8 	20.4 	18.7 	18.0 	15.3 	16.8 	21.4 	21.9 	20.0 	19.3 	21.0 	22.3 	21.6 	21.1 	27.6 	26.9 	27.1 
A,PC_IMP_PROD,SITC7,EXT_EU27_2020,FR	38.2 	36.5 	36.5 	34.5 	29.7 	28.1 	25.4 	27.9 	27.6 	25.6 	26.4 	27.3 	27.6 	31.8 	34.8 	33.2 	33.4 	34.1 	33.8 	32.6 	26.8 	31.9 	32.6 	34.4 
A,PC_IMP_PROD,SITC7,EXT_EU27_2020,HR	26.2 	31.2 	27.9 	26.5 	26.1 	25.9 	26.4 	24.8 	23.3 	19.7 	21.0 	20.2 	14.6 	15.9 	16.1 	16.3 	17.7 	20.5 	23.6 	17.3 	14.4 	18.7 	21.1 	23.9 
A,PC_IMP_PROD,SITC7,EXT_EU27_2020,HU	57.3 	57.2 	58.1 	53.7 	54.3 	58.0 	51.7 	58.2 	59.0 	51.7 	49.5 	48.0 	46.8 	53.0 	55.1 	49.5 	46.3 	50.7 	53.0 	53.2 	41.1 	45.2 	48.9 	52.9 
A,PC_IMP_PROD,SITC7,EXT_EU27_2020,IE	52.6 	43.2 	40.2 	40.6 	38.7 	37.2 	33.9 	32.2 	29.6 	30.6 	31.8 	30.6 	32.4 	32.9 	35.2 	35.1 	40.9 	36.6 	31.8 	34.9 	32.6 	32.4 	37.9 	40.8 
A,PC_IMP_PROD,SITC7,EXT_EU27_2020,IT	24.4 	23.2 	22.8 	20.6 	18.2 	17.7 	16.3 	18.3 	19.0 	17.5 	15.8 	16.7 	18.1 	20.8 	23.1 	22.0 	21.0 	21.9 	22.8 	20.7 	16.9 	21.2 	21.8 	20.9 
A,PC_IMP_PROD,SITC7,EXT_EU27_2020,LT	26.9 	24.5 	17.7 	15.0 	15.2 	19.3 	11.5 	8.9 	8.3 	7.9 	7.5 	8.5 	13.0 	10.7 	12.4 	12.5 	11.6 	12.3 	16.7 	13.2 	10.5 	13.9 	16.3 	19.3 
A,PC_IMP_PROD,SITC7,EXT_EU27_2020,LU	75.7 	81.9 	80.4 	82.5 	85.5 	80.4 	86.0 	82.8 	64.0 	60.8 	65.6 	64.8 	61.3 	68.4 	59.3 	48.1 	50.9 	72.5 	50.5 	56.3 	50.0 	54.1 	58.4 	75.5 
A,PC_IMP_PROD,SITC7,EXT_EU27_2020,LV	17.5 	19.3 	17.9 	16.8 	16.9 	18.2 	15.7 	15.3 	16.2 	15.6 	19.6 	20.7 	21.6 	23.3 	24.6 	28.6 	23.3 	25.1 	26.4 	23.2 	23.3 	30.1 	28.5 	37.6 
A,PC_IMP_PROD,SITC7,EXT_EU27_2020,MT	51.6 	53.1 	51.8 	49.6 	54.6 	45.2 	45.3 	49.6 	54.8 	53.3 	48.1 	50.1 	51.9 	57.9 	69.6 	55.3 	46.6 	61.4 	42.5 	54.9 	59.6 	49.4 	48.6 	45.0 
A,PC_IMP_PROD,SITC7,EXT_EU27_2020,NL	40.7 	41.5 	41.7 	40.0 	36.3 	34.7 	31.2 	33.5 	32.1 	29.4 	28.3 	28.4 	29.8 	35.7 	36.8 	37.1 	35.4 	36.7 	41.6 	37.2 	32.7 	36.3 	36.3 	37.7 
A,PC_IMP_PROD,SITC7,EXT_EU27_2020,PL	34.9 	35.4 	31.9 	28.0 	27.7 	27.2 	26.7 	32.3 	31.0 	25.2 	26.1 	29.6 	30.1 	35.5 	34.3 	31.8 	31.2 	33.9 	36.3 	33.8 	28.7 	33.2 	34.4 	36.6 
A,PC_IMP_PROD,SITC7,EXT_EU27_2020,PT	22.7 	23.8 	23.8 	20.6 	17.0 	18.1 	17.3 	18.2 	17.3 	13.8 	12.8 	13.4 	16.2 	18.2 	23.1 	21.4 	19.1 	21.3 	23.1 	21.9 	20.0 	24.5 	24.3 	27.0 
A,PC_IMP_PROD,SITC7,EXT_EU27_2020,RO	25.8 	26.3 	27.5 	26.9 	27.5 	24.3 	22.2 	28.9 	30.6 	26.3 	24.3 	25.9 	25.6 	29.8 	32.2 	32.2 	31.8 	31.3 	32.2 	29.5 	26.0 	29.5 	30.7 	32.4 
A,PC_IMP_PROD,SITC7,EXT_EU27_2020,SE	36.8 	36.3 	35.8 	34.3 	34.0 	32.5 	30.1 	29.7 	30.1 	27.7 	26.0 	26.9 	26.4 	29.3 	29.7 	27.9 	27.7 	28.6 	27.6 	27.5 	23.9 	26.4 	27.0 	30.6 
A,PC_IMP_PROD,SITC7,EXT_EU27_2020,SI	33.1 	32.4 	27.5 	29.2 	30.8 	42.4 	38.6 	36.4 	35.8 	34.0 	31.6 	34.4 	37.5 	38.5 	38.0 	39.8 	38.3 	34.5 	30.5 	29.1 	25.9 	24.5 	18.3 	19.8 
A,PC_IMP_PROD,SITC7,EXT_EU27_2020,SK	28.4 	30.8 	25.7 	25.3 	25.5 	44.5 	40.5 	44.1 	45.2 	35.0 	34.2 	33.4 	37.3 	42.4 	45.7 	48.8 	47.8 	52.9 	56.4 	54.0 	44.6 	50.5 	48.9 	51.4 
A,PC_IMP_PROD,SITC7,WORLD,AT	40.5 	41.2 	41.3 	37.6 	36.2 	37.0 	35.0 	33.7 	33.3 	32.3 	32.8 	34.3 	34.4 	35.4 	37.0 	37.2 	36.6 	37.2 	36.1 	34.2 	31.8 	35.7 	36.1 	35.8 
A,PC_IMP_PROD,SITC7,WORLD,BE	28.3 	28.7 	27.9 	25.5 	24.7 	25.5 	24.8 	24.4 	23.4 	23.0 	22.4 	22.1 	22.4 	24.1 	26.5 	25.9 	24.8 	27.3 	26.6 	22.5 	20.4 	26.1 	25.9 	25.4 
A,PC_IMP_PROD,SITC7,WORLD,BG	26.5 	27.9 	29.3 	35.4 	34.4 	30.4 	29.5 	26.8 	23.3 	22.9 	24.1 	23.6 	25.0 	27.2 	28.0 	27.1 	28.1 	28.1 	28.5 	27.9 	26.3 	31.3 	28.3 	29.4 
A,PC_IMP_PROD,SITC7,WORLD,CY	27.4 	26.7 	31.8 	30.9 	28.3 	29.0 	27.2 	26.4 	26.2 	21.6 	16.6 	14.2 	32.3 	35.9 	41.8 	40.2 	37.5 	33.6 	36.8 	30.9 	28.5 	32.6 	28.2 	24.7 
A,PC_IMP_PROD,SITC7,WORLD,CZ	42.3 	42.4 	43.4 	40.3 	41.2 	43.0 	41.3 	41.4 	43.4 	42.0 	41.4 	41.0 	43.3 	45.7 	45.9 	46.2 	47.3 	48.3 	49.8 	46.3 	45.1 	48.1 	48.0 	47.3 
A,PC_IMP_PROD,SITC7,WORLD,DE	39.8 	39.5 	39.4 	38.9 	38.1 	37.5 	35.1 	36.2 	36.5 	34.3 	34.1 	34.0 	35.1 	37.1 	38.3 	38.1 	37.7 	38.7 	38.3 	36.4 	33.9 	39.7 	38.8 	38.8 
A,PC_IMP_PROD,SITC7,WORLD,DK	37.4 	35.1 	35.7 	36.4 	36.0 	35.4 	33.9 	33.9 	31.5 	30.0 	30.0 	30.7 	31.4 	32.5 	33.5 	33.4 	34.1 	33.6 	33.7 	32.0 	29.8 	33.6 	33.9 	35.9 
A,PC_IMP_PROD,SITC7,WORLD,EE	40.3 	42.4 	40.0 	41.0 	38.3 	35.8 	32.5 	25.3 	30.6 	35.8 	38.1 	38.3 	36.6 	37.3 	38.1 	37.9 	34.5 	34.1 	32.4 	31.1 	29.9 	36.0 	35.8 	34.6 
A,PC_IMP_PROD,SITC7,WORLD,EL	34.1 	36.1 	33.6 	28.1 	28.7 	30.1 	27.2 	30.8 	20.5 	16.3 	14.9 	13.1 	14.9 	17.5 	18.7 	17.5 	17.9 	18.9 	20.2 	20.5 	17.8 	21.9 	22.5 	24.0 
A,PC_IMP_PROD,SITC7,WORLD,ES	38.1 	38.6 	39.3 	38.0 	36.8 	36.6 	32.4 	29.8 	29.1 	26.7 	24.5 	25.9 	27.8 	31.6 	33.2 	32.3 	31.4 	31.4 	31.5 	28.5 	26.4 	30.8 	30.5 	31.3 
A,PC_IMP_PROD,SITC7,WORLD,FI	40.4 	39.3 	38.0 	40.6 	38.2 	38.3 	36.8 	34.1 	31.0 	29.9 	29.0 	28.4 	29.7 	34.1 	35.9 	35.6 	34.5 	35.8 	36.6 	35.3 	30.4 	35.3 	34.6 	35.1 
A,PC_IMP_PROD,SITC7,WORLD,FR	41.7 	40.9 	40.1 	37.9 	36.1 	35.7 	33.8 	34.6 	34.1 	32.8 	32.2 	32.3 	32.9 	35.3 	37.2 	36.1 	35.9 	36.6 	35.7 	33.8 	29.4 	33.7 	34.1 	34.8 
A,PC_IMP_PROD,SITC7,WORLD,HR	34.3 	37.0 	34.9 	33.0 	32.2 	32.5 	32.4 	28.5 	25.6 	22.2 	22.2 	22.9 	22.5 	24.0 	25.6 	25.7 	26.5 	27.3 	26.5 	24.4 	21.6 	26.5 	27.2 	27.4 
A,PC_IMP_PROD,SITC7,WORLD,HU	52.0 	51.4 	53.0 	51.1 	51.6 	52.5 	49.1 	49.5 	50.6 	46.6 	45.9 	46.2 	46.5 	49.3 	50.2 	48.5 	47.2 	48.3 	48.1 	46.0 	41.2 	45.7 	46.2 	48.0 
A,PC_IMP_PROD,SITC7,WORLD,IE	50.7 	43.4 	42.0 	41.6 	40.4 	38.6 	34.4 	31.7 	32.9 	33.6 	35.1 	33.9 	37.9 	39.8 	42.7 	43.0 	43.1 	44.3 	37.8 	38.6 	36.9 	37.8 	41.6 	41.0 
A,PC_IMP_PROD,SITC7,WORLD,IT	33.3 	32.3 	32.3 	30.4 	28.4 	28.8 	27.2 	28.1 	27.9 	25.3 	22.7 	22.9 	24.4 	27.1 	29.5 	29.0 	28.4 	28.9 	28.8 	27.2 	23.9 	28.2 	27.6 	27.0 
A,PC_IMP_PROD,SITC7,WORLD,LT	34.1 	33.3 	31.9 	29.5 	31.3 	34.0 	26.5 	19.6 	20.0 	21.4 	20.8 	22.0 	24.5 	25.3 	27.6 	27.9 	27.4 	27.9 	28.6 	27.3 	23.3 	28.9 	28.6 	30.3 
A,PC_IMP_PROD,SITC7,WORLD,LU	41.3 	42.5 	41.0 	44.8 	48.0 	43.5 	43.2 	44.5 	34.8 	32.1 	34.9 	33.9 	34.9 	39.2 	36.8 	33.7 	31.9 	38.0 	34.9 	32.7 	27.2 	31.3 	32.9 	35.2 
A,PC_IMP_PROD,SITC7,WORLD,LV	30.7 	30.9 	29.1 	30.3 	32.9 	34.9 	28.6 	22.6 	23.7 	26.2 	26.9 	26.2 	27.3 	29.7 	30.6 	30.8 	29.3 	29.4 	29.4 	27.9 	24.9 	29.2 	28.0 	30.3 
A,PC_IMP_PROD,SITC7,WORLD,MT	49.4 	50.1 	49.1 	45.9 	48.9 	43.3 	40.1 	41.3 	42.7 	37.0 	30.2 	35.9 	37.0 	43.4 	48.6 	40.4 	34.6 	46.2 	38.0 	41.1 	43.0 	40.4 	39.7 	37.9 
A,PC_IMP_PROD,SITC7,WORLD,NL	37.6 	37.8 	37.8 	36.3 	34.0 	33.3 	31.0 	31.7 	30.8 	29.0 	28.0 	28.0 	29.2 	33.4 	34.3 	34.3 	33.6 	35.0 	37.6 	34.0 	30.5 	33.5 	33.1 	34.1 
A,PC_IMP_PROD,SITC7,WORLD,PL	37.6 	38.0 	38.6 	35.9 	35.9 	35.6 	35.4 	35.5 	34.3 	31.7 	32.1 	33.5 	33.8 	36.5 	36.0 	34.8 	34.8 	36.4 	36.3 	34.5 	30.9 	35.0 	35.5 	35.6 
A,PC_IMP_PROD,SITC7,WORLD,PT	34.3 	33.9 	33.8 	33.7 	32.5 	32.7 	31.6 	30.7 	30.2 	25.7 	23.1 	23.5 	25.7 	27.8 	30.5 	30.7 	31.3 	33.8 	31.7 	28.9 	27.1 	30.8 	31.2 	31.4 
A,PC_IMP_PROD,SITC7,WORLD,RO	28.2 	29.5 	32.5 	33.2 	35.4 	38.3 	36.0 	33.9 	35.4 	34.8 	33.8 	35.3 	35.6 	37.4 	38.0 	37.4 	38.0 	37.2 	37.2 	35.1 	32.8 	36.9 	36.4 	36.9 
A,PC_IMP_PROD,SITC7,WORLD,SE	39.3 	39.7 	40.4 	39.5 	39.0 	38.7 	36.5 	35.7 	37.2 	37.1 	35.3 	35.8 	36.6 	38.6 	39.3 	38.7 	38.2 	38.5 	39.0 	38.1 	34.8 	39.1 	38.3 	39.2 
A,PC_IMP_PROD,SITC7,WORLD,SI	34.0 	34.4 	34.5 	33.0 	32.9 	35.7 	35.3 	33.7 	32.2 	30.4 	28.4 	31.0 	32.5 	34.0 	35.2 	36.3 	36.1 	34.3 	32.6 	30.7 	27.6 	28.2 	23.9 	25.4 
A,PC_IMP_PROD,SITC7,WORLD,SK	38.1 	41.0 	39.9 	38.2 	39.0 	44.1 	43.3 	42.7 	42.7 	40.3 	41.1 	42.4 	44.3 	47.4 	48.5 	48.3 	49.5 	51.1 	51.6 	49.3 	45.2 	50.4 	48.9 	49.9 
A,PC_IMP_PROD,SITC9,EU27_2020,AT	0.2 	0.2 	0.1 	0.1 	0.0 	0.0 	-0.1 	0.1 	0.1 	0.1 	0.2 	0.1 	-0.1 	0.2 	0.0 	0.1 	0.3 	0.1 	0.6 	1.5 	1.5 	1.0 	0.5 	1.7 
A,PC_IMP_PROD,SITC9,EU27_2020,BE	0.1 	0.1 	0.1 	0.1 	0.1 	0.1 	0.2 	0.2 	1.0 	1.2 	1.2 	0.9 	0.8 	0.8 	0.7 	0.8 	0.3 	0.4 	0.3 	0.2 	0.3 	0.3 	0.3 	0.4 
A,PC_IMP_PROD,SITC9,EU27_2020,BG	2.8 	2.8 	2.2 	1.0 	0.5 	0.0 	0.1 	0.4 	0.9 	0.4 	0.4 	0.7 	0.7 	0.8 	0.8 	0.8 	0.8 	0.9 	1.1 	1.1 	0.4 	0.1 	0.5 	1.4 
A,PC_IMP_PROD,SITC9,EU27_2020,CY	0.3 	0.2 	0.1 	0.1 	0.1 	0.1 	0.0 	0.0 	0.0 	0.9 	0.2 	0.1 	0.0 	0.0 	0.5 	0.9 	1.5 	1.4 	0.9 	0.7 	0.6 	1.0 	1.4 	1.1 
A,PC_IMP_PROD,SITC9,EU27_2020,CZ	0.0 	0.0 	0.1 	0.0 	0.1 	0.1 	0.1 	0.1 	0.2 	0.2 	0.3 	0.3 	0.3 	0.3 	0.3 	0.3 	0.3 	0.4 	0.5 	0.6 	0.8 	0.4 	0.3 	0.4 
A,PC_IMP_PROD,SITC9,EU27_2020,DE	3.3 	4.7 	4.9 	0.4 	0.7 	0.7 	0.8 	0.9 	0.9 	0.8 	1.0 	0.8 	0.7 	0.8 	0.9 	0.7 	0.6 	0.7 	0.9 	0.8 	0.8 	0.4 	0.5 	0.8 
A,PC_IMP_PROD,SITC9,EU27_2020,DK	1.8 	1.2 	1.2 	0.8 	0.7 	0.4 	0.4 	0.5 	0.4 	0.5 	0.4 	0.4 	0.6 	0.5 	0.5 	0.5 	0.5 	0.5 	0.5 	0.5 	0.1 	0.2 	0.1 	0.4 
A,PC_IMP_PROD,SITC9,EU27_2020,EE	0.0 	0.2 	0.1 	0.1 	0.0 	0.0 	0.0 	0.0 	0.2 	0.3 	0.4 	0.7 	0.5 	0.4 	0.6 	0.3 	0.2 	0.5 	0.7 	0.5 	0.3 	0.3 	0.6 	1.0 
A,PC_IMP_PROD,SITC9,EU27_2020,EL	0.7 	1.5 	1.2 	0.8 	0.8 	0.5 	0.3 	0.1 	2.3 	0.5 	0.2 	0.1 	0.1 	0.4 	0.1 	0.2 	0.1 	0.1 	0.1 	0.1 	0.0 	0.0 	0.0 	0.0 
A,PC_IMP_PROD,SITC9,EU27_2020,ES	0.5 	0.4 	0.5 	0.2 	0.2 	0.3 	0.2 	0.1 	0.4 	0.7 	1.0 	0.4 	0.2 	0.3 	0.3 	0.3 	0.3 	0.4 	0.4 	0.4 	0.3 	0.4 	0.3 	0.4 
A,PC_IMP_PROD,SITC9,EU27_2020,EU27_2020	1.4 	1.9 	1.4 	0.4 	0.4 	0.4 	0.4 	0.4 	0.5 	0.6 	0.7 	0.5 	0.3 	0.4 	0.4 	0.4 	0.3 	0.4 	0.5 	0.5 	0.6 	0.5 	0.5 	0.7 
A,PC_IMP_PROD,SITC9,EU27_2020,FI	3.2 	3.1 	3.4 	0.0 	-0.1 	-0.1 	0.0 	0.0 	0.0 	0.0 	0.0 	-0.2 	-0.1 	-0.1 	0.0 	0.0 	0.0 	-0.1 	-0.1 	0.1 	0.2 	0.3 	1.4 	1.6 
A,PC_IMP_PROD,SITC9,EU27_2020,FR	0.3 	0.3 	0.4 	0.4 	0.3 	0.3 	0.4 	0.4 	0.3 	0.4 	0.5 	0.4 	0.3 	0.3 	0.3 	0.3 	0.4 	0.5 	0.5 	0.5 	0.6 	0.6 	0.7 	0.9 
A,PC_IMP_PROD,SITC9,EU27_2020,HR	0.1 	0.3 	0.1 	0.1 	0.1 	0.1 	0.1 	0.2 	0.1 	0.0 	0.0 	0.0 	0.2 	0.0 	0.0 	0.1 	0.1 	0.1 	0.2 	0.3 	1.0 	0.5 	0.6 	1.3 
A,PC_IMP_PROD,SITC9,EU27_2020,HU	0.6 	0.7 	0.3 	0.3 	0.2 	0.2 	0.2 	0.3 	0.2 	0.4 	0.4 	0.4 	0.2 	0.2 	0.2 	0.2 	0.2 	0.6 	0.6 	0.6 	0.7 	0.8 	0.9 	1.1 
A,PC_IMP_PROD,SITC9,EU27_2020,IE	13.7 	11.0 	10.7 	11.2 	11.1 	11.1 	10.9 	12.1 	2.6 	2.1 	2.1 	2.3 	2.6 	2.1 	2.6 	2.3 	2.1 	2.2 	3.3 	1.7 	0.3 	0.2 	0.2 	0.4 
A,PC_IMP_PROD,SITC9,EU27_2020,IT	2.5 	4.2 	0.1 	0.2 	0.3 	0.1 	0.0 	0.2 	0.5 	1.0 	1.7 	0.9 	0.6 	0.6 	0.5 	0.4 	0.3 	0.5 	0.6 	0.5 	0.6 	0.7 	1.1 	1.5 
A,PC_IMP_PROD,SITC9,EU27_2020,LT	0.4 	0.3 	0.7 	0.0 	0.1 	0.1 	0.1 	0.2 	0.1 	0.1 	0.0 	0.0 	0.0 	0.1 	0.1 	0.1 	0.0 	0.0 	0.1 	0.1 	0.1 	0.0 	0.0 	0.0 
A,PC_IMP_PROD,SITC9,EU27_2020,LU	0.3 	0.2 	0.3 	0.1 	0.2 	0.2 	0.1 	1.0 	0.9 	1.7 	0.4 	0.5 	0.1 	0.2 	0.2 	0.2 	0.2 	0.3 	0.6 	0.3 	0.4 	0.2 	0.1 	0.5 
A,PC_IMP_PROD,SITC9,EU27_2020,LV	0.0 	0.0 	3.3 	0.0 	0.0 	0.0 	0.0 	0.0 	1.7 	0.2 	0.1 	0.2 	0.2 	0.1 	0.1 	0.0 	0.0 	0.0 	0.1 	0.1 	0.3 	0.2 	0.1 	0.3 
A,PC_IMP_PROD,SITC9,EU27_2020,MT	0.1 	0.2 	0.4 	0.3 	0.3 	0.5 	0.3 	0.1 	0.4 	0.6 	0.3 	0.2 	0.1 	0.0 	0.0 	0.0 	0.0 	0.0 	0.0 	0.0 	0.0 	0.0 	0.0 	0.0 
A,PC_IMP_PROD,SITC9,EU27_2020,NL	-0.6 	-0.4 	0.1 	0.0 	0.2 	0.4 	0.1 	-0.5 	-0.6 	0.4 	-0.6 	-0.7 	-1.1 	-0.6 	-0.4 	-0.4 	-0.7 	-0.5 	-0.2 	0.2 	0.1 	0.1 	0.2 	0.2 
A,PC_IMP_PROD,SITC9,EU27_2020,PL	0.1 	0.0 	0.0 	0.0 	0.2 	0.3 	0.3 	0.4 	0.3 	0.5 	0.7 	0.7 	0.4 	0.3 	0.1 	0.4 	0.4 	0.4 	0.2 	0.7 	2.9 	1.5 	1.2 	1.6 
A,PC_IMP_PROD,SITC9,EU27_2020,PT	0.3 	0.2 	0.2 	0.1 	0.1 	0.1 	0.1 	0.1 	0.1 	0.1 	0.1 	0.1 	0.1 	0.1 	0.1 	0.1 	0.1 	0.1 	0.1 	0.1 	0.1 	0.1 	0.1 	0.1 
A,PC_IMP_PROD,SITC9,EU27_2020,RO	0.2 	0.2 	0.0 	0.1 	0.1 	0.0 	0.0 	0.0 	0.0 	0.0 	0.0 	0.0 	0.0 	0.0 	0.0 	0.0 	0.0 	0.0 	0.0 	0.0 	0.0 	0.0 	0.1 	0.1 
A,PC_IMP_PROD,SITC9,EU27_2020,SE	4.7 	3.8 	0.0 	0.0 	0.0 	0.0 	0.0 	0.0 	0.0 	0.0 	0.0 	0.0 	0.0 	0.0 	0.0 	0.0 	0.0 	0.0 	0.0 	0.0 	0.0 	0.1 	0.0 	0.0 
A,PC_IMP_PROD,SITC9,EU27_2020,SI	0.1 	0.4 	0.1 	0.0 	0.0 	0.1 	0.2 	0.2 	0.3 	0.5 	0.4 	0.2 	0.1 	0.2 	0.2 	0.2 	0.2 	0.1 	0.5 	0.8 	1.1 	0.5 	0.6 	1.3 
A,PC_IMP_PROD,SITC9,EU27_2020,SK	0.0 	0.0 	0.1 	0.3 	0.3 	0.3 	0.3 	0.5 	0.5 	0.5 	0.4 	0.4 	0.2 	0.3 	0.3 	0.3 	0.2 	0.3 	1.3 	0.3 	0.3 	0.2 	0.2 	0.2 
A,PC_IMP_PROD,SITC9,EXT_EU27_2020,AT	1.6 	2.0 	1.1 	1.7 	1.1 	2.2 	5.2 	8.5 	6.2 	7.0 	5.8 	5.8 	4.8 	5.6 	4.4 	4.2 	3.5 	2.0 	5.3 	5.4 	7.1 	4.0 	2.8 	4.5 
A,PC_IMP_PROD,SITC9,EXT_EU27_2020,BE	0.1 	0.1 	0.1 	0.1 	0.1 	0.1 	1.9 	1.7 	1.8 	2.2 	2.1 	1.6 	1.7 	1.9 	1.7 	2.1 	0.9 	1.0 	0.8 	0.4 	0.5 	0.4 	0.5 	0.6 
A,PC_IMP_PROD,SITC9,EXT_EU27_2020,BG	39.8 	33.4 	29.6 	3.4 	3.3 	0.0 	0.1 	0.1 	0.2 	0.2 	0.1 	0.2 	0.2 	0.2 	0.3 	0.2 	0.2 	0.2 	0.2 	0.2 	0.6 	0.1 	0.3 	0.2 
A,PC_IMP_PROD,SITC9,EXT_EU27_2020,CY	0.2 	0.2 	0.1 	0.1 	0.1 	0.1 	0.1 	0.0 	0.0 	1.2 	0.4 	0.2 	0.1 	0.4 	0.5 	0.5 	1.5 	1.6 	1.6 	1.6 	0.7 	1.7 	1.9 	2.1 
A,PC_IMP_PROD,SITC9,EXT_EU27_2020,CZ	0.0 	0.0 	0.0 	0.0 	0.0 	0.0 	0.0 	0.1 	0.1 	0.1 	0.1 	0.2 	0.2 	0.3 	0.3 	0.2 	0.2 	0.1 	0.3 	0.4 	0.5 	0.2 	0.4 	0.7 
A,PC_IMP_PROD,SITC9,EXT_EU27_2020,DE	3.0 	3.3 	3.0 	2.2 	1.5 	1.5 	1.4 	2.6 	2.3 	2.7 	2.4 	2.6 	2.3 	2.4 	2.6 	2.8 	2.6 	2.7 	3.8 	3.7 	3.2 	1.2 	1.3 	2.6 
A,PC_IMP_PROD,SITC9,EXT_EU27_2020,DK	2.8 	2.2 	2.2 	1.8 	0.7 	1.7 	1.6 	2.0 	1.9 	2.0 	2.3 	1.9 	2.0 	1.9 	2.0 	2.0 	2.1 	2.1 	2.9 	2.7 	0.8 	0.6 	1.1 	1.5 
A,PC_IMP_PROD,SITC9,EXT_EU27_2020,EE	0.0 	0.5 	0.1 	0.3 	0.2 	0.5 	0.9 	0.8 	1.4 	2.2 	1.6 	2.6 	2.1 	3.2 	3.9 	3.3 	2.6 	3.1 	5.6 	5.8 	5.3 	3.1 	5.4 	9.5 
A,PC_IMP_PROD,SITC9,EXT_EU27_2020,EL	2.1 	1.2 	0.5 	0.8 	0.7 	2.9 	0.4 	0.3 	0.2 	0.2 	0.1 	0.1 	0.5 	0.1 	0.1 	0.9 	0.1 	0.9 	0.3 	0.3 	0.0 	0.1 	0.0 	0.1 
A,PC_IMP_PROD,SITC9,EXT_EU27_2020,ES	1.5 	1.4 	1.2 	0.7 	0.7 	0.6 	0.5 	0.5 	0.6 	0.6 	0.7 	0.3 	0.3 	0.4 	0.6 	0.3 	0.3 	0.4 	0.4 	0.7 	0.6 	0.5 	0.6 	0.7 
A,PC_IMP_PROD,SITC9,EXT_EU27_2020,EU27_2020	2.8 	2.8 	1.7 	1.2 	1.1 	1.2 	1.4 	1.8 	1.6 	1.6 	1.6 	1.6 	1.5 	1.5 	1.6 	1.6 	1.4 	1.5 	2.0 	1.8 	1.6 	0.9 	1.1 	1.4 
A,PC_IMP_PROD,SITC9,EXT_EU27_2020,FI	0.6 	0.7 	0.7 	0.1 	0.2 	0.2 	0.1 	0.2 	0.2 	0.1 	0.3 	0.4 	0.3 	0.4 	0.4 	0.2 	0.2 	0.6 	1.3 	0.7 	0.8 	1.1 	2.1 	2.3 
A,PC_IMP_PROD,SITC9,EXT_EU27_2020,FR	1.3 	1.3 	1.2 	1.1 	1.0 	0.8 	0.8 	0.8 	0.5 	0.5 	0.6 	0.5 	0.8 	0.7 	0.9 	1.0 	0.9 	1.1 	1.1 	0.9 	0.9 	1.0 	1.3 	1.2 
A,PC_IMP_PROD,SITC9,EXT_EU27_2020,HR	0.0 	0.0 	0.0 	0.0 	0.0 	0.0 	0.0 	0.0 	0.0 	0.1 	0.0 	0.0 	0.1 	0.1 	0.1 	0.1 	0.1 	0.1 	0.1 	0.0 	0.0 	0.0 	0.0 	0.0 
A,PC_IMP_PROD,SITC9,EXT_EU27_2020,HU	5.0 	6.2 	1.9 	0.2 	0.2 	0.2 	0.2 	0.5 	0.0 	0.1 	0.1 	0.1 	0.1 	0.1 	0.1 	0.2 	0.3 	0.4 	0.2 	0.2 	0.9 	0.7 	0.7 	0.6 
A,PC_IMP_PROD,SITC9,EXT_EU27_2020,IE	3.1 	4.3 	5.0 	4.3 	3.8 	3.8 	4.6 	5.8 	4.3 	2.2 	2.0 	2.3 	2.5 	2.5 	3.1 	2.9 	2.7 	2.5 	2.2 	0.3 	0.1 	0.1 	0.1 	0.1 
A,PC_IMP_PROD,SITC9,EXT_EU27_2020,IT	10.0 	10.0 	2.5 	2.1 	1.7 	2.2 	1.9 	2.1 	1.9 	1.8 	1.9 	2.1 	2.2 	2.2 	2.2 	2.1 	2.0 	2.6 	5.6 	3.5 	2.2 	2.3 	3.4 	3.2 
A,PC_IMP_PROD,SITC9,EXT_EU27_2020,LT	4.0 	4.9 	1.7 	0.8 	0.2 	0.5 	0.6 	0.0 	0.0 	0.0 	0.0 	0.0 	0.0 	0.0 	0.0 	0.0 	0.0 	0.0 	0.0 	0.1 	0.1 	0.1 	0.3 	0.6 
A,PC_IMP_PROD,SITC9,EXT_EU27_2020,LU	1.6 	0.1 	0.2 	1.5 	0.2 	0.8 	1.5 	3.2 	9.3 	5.8 	3.4 	1.2 	0.7 	0.8 	1.2 	0.9 	0.7 	1.1 	0.9 	1.2 	1.9 	0.6 	0.8 	0.2 
A,PC_IMP_PROD,SITC9,EXT_EU27_2020,LV	0.0 	0.0 	0.0 	0.0 	0.0 	0.0 	0.0 	0.1 	0.1 	0.1 	0.1 	0.0 	0.0 	0.2 	0.3 	0.1 	0.1 	0.0 	0.0 	0.0 	0.5 	0.9 	1.1 	0.9 
A,PC_IMP_PROD,SITC9,EXT_EU27_2020,MT	1.9 	1.8 	1.5 	1.8 	2.0 	1.9 	2.0 	1.9 	2.3 	1.3 	1.4 	1.0 	0.5 	0.6 	0.4 	0.2 	0.3 	0.2 	0.2 	0.2 	0.1 	0.1 	1.8 	1.3 
A,PC_IMP_PROD,SITC9,EXT_EU27_2020,NL	0.8 	0.6 	0.1 	0.1 	0.1 	0.1 	0.5 	1.1 	1.1 	0.4 	0.9 	1.0 	1.0 	0.7 	0.8 	0.7 	0.6 	0.4 	0.3 	0.0 	0.0 	0.0 	0.0 	0.0 
A,PC_IMP_PROD,SITC9,EXT_EU27_2020,PL	0.2 	0.1 	0.0 	0.0 	7.8 	7.9 	8.1 	6.8 	5.9 	6.4 	6.9 	5.8 	4.6 	3.8 	3.6 	3.8 	4.0 	3.8 	2.4 	5.7 	7.3 	2.9 	2.8 	3.3 
A,PC_IMP_PROD,SITC9,EXT_EU27_2020,PT	0.5 	0.3 	0.2 	0.2 	0.1 	0.1 	0.1 	0.2 	0.3 	0.1 	0.0 	0.0 	0.0 	0.0 	0.0 	0.0 	0.0 	0.0 	0.0 	0.0 	0.0 	0.1 	0.0 	0.0 
A,PC_IMP_PROD,SITC9,EXT_EU27_2020,RO	0.5 	0.4 	0.6 	0.8 	0.7 	0.0 	0.0 	0.0 	0.0 	0.0 	0.0 	0.1 	0.1 	0.1 	0.1 	0.1 	0.0 	0.0 	0.0 	0.0 	0.0 	0.0 	0.0 	0.1 
A,PC_IMP_PROD,SITC9,EXT_EU27_2020,SE	0.1 	0.1 	0.0 	0.0 	0.1 	0.2 	0.2 	0.3 	0.1 	0.2 	0.2 	0.1 	0.1 	0.1 	0.2 	0.2 	0.1 	0.1 	0.5 	0.2 	0.1 	0.1 	0.1 	0.1 
A,PC_IMP_PROD,SITC9,EXT_EU27_2020,SI	0.0 	-1.0 	0.1 	0.1 	0.1 	0.1 	0.1 	0.1 	0.1 	0.1 	0.1 	0.0 	0.0 	0.1 	0.0 	0.0 	0.0 	0.0 	0.0 	0.0 	0.1 	0.0 	0.5 	1.8 
A,PC_IMP_PROD,SITC9,EXT_EU27_2020,SK	0.0 	0.0 	0.0 	0.0 	0.0 	0.0 	0.0 	0.0 	0.0 	0.0 	0.0 	0.1 	0.1 	0.1 	0.5 	0.5 	0.5 	0.5 	0.3 	0.0 	0.0 	0.0 	0.4 	0.6 
A,PC_IMP_PROD,SITC9,WORLD,AT	0.5 	0.6 	0.3 	0.4 	0.3 	0.5 	1.2 	2.0 	1.5 	1.8 	1.6 	1.5 	1.1 	1.5 	1.1 	1.1 	1.0 	0.6 	1.7 	2.5 	2.9 	1.7 	1.0 	2.3 
A,PC_IMP_PROD,SITC9,WORLD,BE	0.1 	0.1 	0.1 	0.1 	0.1 	0.1 	0.8 	0.7 	1.2 	1.6 	1.5 	1.2 	1.2 	1.3 	1.1 	1.3 	0.5 	0.6 	0.5 	0.3 	0.3 	0.3 	0.4 	0.5 
A,PC_IMP_PROD,SITC9,WORLD,BG	19.4 	16.4 	14.6 	2.0 	1.7 	0.0 	0.1 	0.3 	0.6 	0.3 	0.2 	0.5 	0.5 	0.5 	0.6 	0.5 	0.5 	0.6 	0.8 	0.8 	0.5 	0.1 	0.4 	0.9 
A,PC_IMP_PROD,SITC9,WORLD,CY	0.2 	0.2 	0.1 	0.1 	0.1 	0.1 	0.1 	0.0 	0.0 	1.0 	0.3 	0.1 	0.1 	0.2 	0.5 	0.7 	1.5 	1.5 	1.2 	1.0 	0.7 	1.3 	1.6 	1.5 
A,PC_IMP_PROD,SITC9,WORLD,CZ	0.0 	0.0 	0.1 	0.0 	0.1 	0.1 	0.1 	0.1 	0.1 	0.2 	0.2 	0.3 	0.3 	0.3 	0.3 	0.3 	0.3 	0.3 	0.5 	0.6 	0.7 	0.3 	0.3 	0.5 
A,PC_IMP_PROD,SITC9,WORLD,DE	3.2 	4.1 	4.1 	1.2 	1.0 	1.0 	1.0 	1.6 	1.5 	1.6 	1.6 	1.5 	1.3 	1.4 	1.5 	1.5 	1.4 	1.4 	2.0 	1.9 	1.7 	0.7 	0.8 	1.4 
A,PC_IMP_PROD,SITC9,WORLD,DK	2.2 	1.5 	1.5 	1.1 	0.7 	0.9 	0.8 	1.0 	1.0 	1.1 	1.1 	0.9 	1.1 	1.0 	1.0 	1.0 	1.0 	1.1 	1.2 	1.2 	0.3 	0.3 	0.4 	0.7 
A,PC_IMP_PROD,SITC9,WORLD,EE	0.0 	0.3 	0.1 	0.1 	0.1 	0.1 	0.2 	0.2 	0.4 	0.9 	0.7 	1.1 	0.8 	1.0 	1.3 	0.9 	0.8 	1.2 	1.9 	2.0 	1.4 	0.8 	1.3 	2.5 
A,PC_IMP_PROD,SITC9,WORLD,EL	1.3 	1.4 	0.9 	0.8 	0.8 	1.6 	0.4 	0.2 	1.3 	0.3 	0.1 	0.1 	0.3 	0.2 	0.1 	0.5 	0.1 	0.5 	0.2 	0.2 	0.0 	0.0 	0.0 	0.0 
A,PC_IMP_PROD,SITC9,WORLD,ES	0.9 	0.8 	0.8 	0.4 	0.4 	0.4 	0.3 	0.3 	0.5 	0.7 	0.8 	0.3 	0.2 	0.3 	0.4 	0.3 	0.3 	0.4 	0.4 	0.5 	0.4 	0.4 	0.4 	0.5 
A,PC_IMP_PROD,SITC9,WORLD,FI	2.3 	2.2 	2.4 	0.0 	0.0 	0.0 	0.0 	0.1 	0.1 	0.1 	0.1 	0.1 	0.1 	0.1 	0.1 	0.1 	0.0 	0.1 	0.3 	0.3 	0.4 	0.5 	1.6 	1.8 
A,PC_IMP_PROD,SITC9,WORLD,FR	0.7 	0.7 	0.7 	0.7 	0.5 	0.5 	0.5 	0.6 	0.4 	0.4 	0.5 	0.5 	0.5 	0.5 	0.5 	0.6 	0.5 	0.7 	0.7 	0.7 	0.7 	0.8 	0.9 	1.0 
A,PC_IMP_PROD,SITC9,WORLD,HR	0.1 	0.2 	0.1 	0.0 	0.0 	0.1 	0.0 	0.1 	0.0 	0.1 	0.0 	0.0 	0.2 	0.1 	0.1 	0.1 	0.1 	0.1 	0.2 	0.2 	0.7 	0.4 	0.5 	1.0 
A,PC_IMP_PROD,SITC9,WORLD,HU	2.2 	2.8 	0.8 	0.2 	0.2 	0.2 	0.2 	0.3 	0.2 	0.3 	0.3 	0.3 	0.2 	0.2 	0.2 	0.2 	0.2 	0.5 	0.5 	0.5 	0.8 	0.8 	0.9 	0.9 
A,PC_IMP_PROD,SITC9,WORLD,IE	5.8 	6.2 	6.7 	6.3 	6.0 	6.1 	6.6 	7.7 	3.8 	2.1 	2.0 	2.3 	2.5 	2.3 	2.9 	2.7 	2.5 	2.4 	2.6 	0.9 	0.2 	0.1 	0.1 	0.2 
A,PC_IMP_PROD,SITC9,WORLD,IT	5.6 	6.6 	1.1 	1.0 	0.9 	1.0 	0.9 	1.1 	1.1 	1.4 	1.8 	1.5 	1.3 	1.3 	1.2 	1.1 	1.1 	1.4 	2.7 	1.8 	1.4 	1.4 	2.1 	2.2 
A,PC_IMP_PROD,SITC9,WORLD,LT	2.1 	2.4 	1.1 	0.4 	0.1 	0.2 	0.3 	0.1 	0.0 	0.0 	0.0 	0.0 	0.0 	0.1 	0.1 	0.0 	0.0 	0.0 	0.0 	0.1 	0.1 	0.1 	0.1 	0.2 
A,PC_IMP_PROD,SITC9,WORLD,LU	0.5 	0.2 	0.2 	0.5 	0.2 	0.3 	0.5 	1.7 	2.6 	2.5 	1.1 	0.7 	0.3 	0.4 	0.4 	0.4 	0.3 	0.4 	0.6 	0.4 	0.5 	0.3 	0.2 	0.5 
A,PC_IMP_PROD,SITC9,WORLD,LV	0.0 	0.0 	2.5 	0.0 	0.0 	0.0 	0.0 	0.0 	1.3 	0.2 	0.1 	0.2 	0.2 	0.1 	0.2 	0.0 	0.0 	0.0 	0.1 	0.1 	0.3 	0.3 	0.3 	0.4 
A,PC_IMP_PROD,SITC9,WORLD,MT	0.9 	0.9 	0.8 	0.8 	1.0 	1.0 	0.9 	0.8 	1.1 	0.8 	0.6 	0.5 	0.3 	0.3 	0.2 	0.1 	0.1 	0.1 	0.1 	0.1 	0.1 	0.0 	0.6 	0.4 
A,PC_IMP_PROD,SITC9,WORLD,NL	0.1 	0.1 	0.1 	0.1 	0.1 	0.2 	0.3 	0.4 	0.4 	0.4 	0.4 	0.3 	0.2 	0.2 	0.3 	0.2 	0.1 	0.1 	0.1 	0.1 	0.1 	0.1 	0.1 	0.1 
A,PC_IMP_PROD,SITC9,WORLD,PL	0.1 	0.1 	0.0 	0.0 	2.5 	2.5 	2.7 	2.4 	2.1 	2.5 	2.8 	2.4 	1.8 	1.4 	1.2 	1.5 	1.5 	1.5 	0.9 	2.4 	4.5 	1.9 	1.7 	2.1 
A,PC_IMP_PROD,SITC9,WORLD,PT	0.3 	0.3 	0.2 	0.1 	0.1 	0.1 	0.1 	0.1 	0.2 	0.1 	0.1 	0.1 	0.1 	0.1 	0.1 	0.1 	0.0 	0.1 	0.1 	0.1 	0.1 	0.1 	0.1 	0.1 
A,PC_IMP_PROD,SITC9,WORLD,RO	0.3 	0.3 	0.2 	0.4 	0.3 	0.0 	0.0 	0.0 	0.0 	0.0 	0.0 	0.0 	0.0 	0.0 	0.0 	0.0 	0.0 	0.0 	0.0 	0.0 	0.0 	0.0 	0.1 	0.1 
A,PC_IMP_PROD,SITC9,WORLD,SE	3.0 	2.5 	0.0 	0.0 	0.0 	0.1 	0.1 	0.1 	0.1 	0.1 	0.1 	0.1 	0.1 	0.1 	0.1 	0.1 	0.1 	0.1 	0.2 	0.1 	0.0 	0.1 	0.0 	0.1 
A,PC_IMP_PROD,SITC9,WORLD,SI	0.1 	0.1 	0.1 	0.0 	0.0 	0.1 	0.2 	0.1 	0.3 	0.4 	0.3 	0.2 	0.1 	0.2 	0.1 	0.1 	0.2 	0.1 	0.3 	0.4 	0.6 	0.3 	0.6 	1.6 
A,PC_IMP_PROD,SITC9,WORLD,SK	0.0 	0.0 	0.1 	0.2 	0.2 	0.2 	0.2 	0.4 	0.4 	0.3 	0.3 	0.4 	0.2 	0.2 	0.3 	0.4 	0.3 	0.3 	1.1 	0.2 	0.2 	0.1 	0.2 	0.2 
A,PC_IMP_PROD,TOTAL,EU27_2020,AT	100.0 	100.0 	100.0 	100.0 	100.0 	100.0 	100.0 	100.0 	100.0 	100.0 	100.0 	100.0 	100.0 	100.0 	100.0 	100.0 	100.0 	100.0 	100.0 	100.0 	100.0 	100.0 	100.0 	100.0 
A,PC_IMP_PROD,TOTAL,EU27_2020,BE	100.0 	100.0 	100.0 	100.0 	100.0 	100.0 	100.0 	100.0 	100.0 	100.0 	100.0 	100.0 	100.0 	100.0 	100.0 	100.0 	100.0 	100.0 	100.0 	100.0 	100.0 	100.0 	100.0 	100.0 
A,PC_IMP_PROD,TOTAL,EU27_2020,BG	100.0 	100.0 	100.0 	100.0 	100.0 	100.0 	100.0 	100.0 	100.0 	100.0 	100.0 	100.0 	100.0 	100.0 	100.0 	100.0 	100.0 	100.0 	100.0 	100.0 	100.0 	100.0 	100.0 	100.0 
A,PC_IMP_PROD,TOTAL,EU27_2020,CY	100.0 	100.0 	100.0 	100.0 	100.0 	100.0 	100.0 	100.0 	100.0 	100.0 	100.0 	100.0 	100.0 	100.0 	100.0 	100.0 	100.0 	100.0 	100.0 	100.0 	100.0 	100.0 	100.0 	100.0 
A,PC_IMP_PROD,TOTAL,EU27_2020,CZ	100.0 	100.0 	100.0 	100.0 	100.0 	100.0 	100.0 	100.0 	100.0 	100.0 	100.0 	100.0 	100.0 	100.0 	100.0 	100.0 	100.0 	100.0 	100.0 	100.0 	100.0 	100.0 	100.0 	100.0 
A,PC_IMP_PROD,TOTAL,EU27_2020,DE	100.0 	100.0 	100.0 	100.0 	100.0 	100.0 	100.0 	100.0 	100.0 	100.0 	100.0 	100.0 	100.0 	100.0 	100.0 	100.0 	100.0 	100.0 	100.0 	100.0 	100.0 	100.0 	100.0 	100.0 
A,PC_IMP_PROD,TOTAL,EU27_2020,DK	100.0 	100.0 	100.0 	100.0 	100.0 	100.0 	100.0 	100.0 	100.0 	100.0 	100.0 	100.0 	100.0 	100.0 	100.0 	100.0 	100.0 	100.0 	100.0 	100.0 	100.0 	100.0 	100.0 	100.0 
A,PC_IMP_PROD,TOTAL,EU27_2020,EE	100.0 	100.0 	100.0 	100.0 	100.0 	100.0 	100.0 	100.0 	100.0 	100.0 	100.0 	100.0 	100.0 	100.0 	100.0 	100.0 	100.0 	100.0 	100.0 	100.0 	100.0 	100.0 	100.0 	100.0 
A,PC_IMP_PROD,TOTAL,EU27_2020,EL	100.0 	100.0 	100.0 	100.0 	100.0 	100.0 	100.0 	100.0 	100.0 	100.0 	100.0 	100.0 	100.0 	100.0 	100.0 	100.0 	100.0 	100.0 	100.0 	100.0 	100.0 	100.0 	100.0 	100.0 
A,PC_IMP_PROD,TOTAL,EU27_2020,ES	100.0 	100.0 	100.0 	100.0 	100.0 	100.0 	100.0 	100.0 	100.0 	100.0 	100.0 	100.0 	100.0 	100.0 	100.0 	100.0 	100.0 	100.0 	100.0 	100.0 	100.0 	100.0 	100.0 	100.0 
A,PC_IMP_PROD,TOTAL,EU27_2020,EU27_2020	100.0 	100.0 	100.0 	100.0 	100.0 	100.0 	100.0 	100.0 	100.0 	100.0 	100.0 	100.0 	100.0 	100.0 	100.0 	100.0 	100.0 	100.0 	100.0 	100.0 	100.0 	100.0 	100.0 	100.0 
A,PC_IMP_PROD,TOTAL,EU27_2020,FI	100.0 	100.0 	100.0 	100.0 	100.0 	100.0 	100.0 	100.0 	100.0 	100.0 	100.0 	100.0 	100.0 	100.0 	100.0 	100.0 	100.0 	100.0 	100.0 	100.0 	100.0 	100.0 	100.0 	100.0 
A,PC_IMP_PROD,TOTAL,EU27_2020,FR	100.0 	100.0 	100.0 	100.0 	100.0 	100.0 	100.0 	100.0 	100.0 	100.0 	100.0 	100.0 	100.0 	100.0 	100.0 	100.0 	100.0 	100.0 	100.0 	100.0 	100.0 	100.0 	100.0 	100.0 
A,PC_IMP_PROD,TOTAL,EU27_2020,HR	100.0 	100.0 	100.0 	100.0 	100.0 	100.0 	100.0 	100.0 	100.0 	100.0 	100.0 	100.0 	100.0 	100.0 	100.0 	100.0 	100.0 	100.0 	100.0 	100.0 	100.0 	100.0 	100.0 	100.0 
A,PC_IMP_PROD,TOTAL,EU27_2020,HU	100.0 	100.0 	100.0 	100.0 	100.0 	100.0 	100.0 	100.0 	100.0 	100.0 	100.0 	100.0 	100.0 	100.0 	100.0 	100.0 	100.0 	100.0 	100.0 	100.0 	100.0 	100.0 	100.0 	100.0 
A,PC_IMP_PROD,TOTAL,EU27_2020,IE	100.0 	100.0 	100.0 	100.0 	100.0 	100.0 	100.0 	100.0 	100.0 	100.0 	100.0 	100.0 	100.0 	100.0 	100.0 	100.0 	100.0 	100.0 	100.0 	100.0 	100.0 	100.0 	100.0 	100.0 
A,PC_IMP_PROD,TOTAL,EU27_2020,IT	100.0 	100.0 	100.0 	100.0 	100.0 	100.0 	100.0 	100.0 	100.0 	100.0 	100.0 	100.0 	100.0 	100.0 	100.0 	100.0 	100.0 	100.0 	100.0 	100.0 	100.0 	100.0 	100.0 	100.0 
A,PC_IMP_PROD,TOTAL,EU27_2020,LT	100.0 	100.0 	100.0 	100.0 	100.0 	100.0 	100.0 	100.0 	100.0 	100.0 	100.0 	100.0 	100.0 	100.0 	100.0 	100.0 	100.0 	100.0 	100.0 	100.0 	100.0 	100.0 	100.0 	100.0 
A,PC_IMP_PROD,TOTAL,EU27_2020,LU	100.0 	100.0 	100.0 	100.0 	100.0 	100.0 	100.0 	100.0 	100.0 	100.0 	100.0 	100.0 	100.0 	100.0 	100.0 	100.0 	100.0 	100.0 	100.0 	100.0 	100.0 	100.0 	100.0 	100.0 
A,PC_IMP_PROD,TOTAL,EU27_2020,LV	100.0 	100.0 	100.0 	100.0 	100.0 	100.0 	100.0 	100.0 	100.0 	100.0 	100.0 	100.0 	100.0 	100.0 	100.0 	100.0 	100.0 	100.0 	100.0 	100.0 	100.0 	100.0 	100.0 	100.0 
A,PC_IMP_PROD,TOTAL,EU27_2020,MT	100.0 	100.0 	100.0 	100.0 	100.0 	100.0 	100.0 	100.0 	100.0 	100.0 	100.0 	100.0 	100.0 	100.0 	100.0 	100.0 	100.0 	100.0 	100.0 	100.0 	100.0 	100.0 	100.0 	100.0 
A,PC_IMP_PROD,TOTAL,EU27_2020,NL	100.0 	100.0 	100.0 	100.0 	100.0 	100.0 	100.0 	100.0 	100.0 	100.0 	100.0 	100.0 	100.0 	100.0 	100.0 	100.0 	100.0 	100.0 	100.0 	100.0 	100.0 	100.0 	100.0 	100.0 
A,PC_IMP_PROD,TOTAL,EU27_2020,PL	100.0 	100.0 	100.0 	100.0 	100.0 	100.0 	100.0 	100.0 	100.0 	100.0 	100.0 	100.0 	100.0 	100.0 	100.0 	100.0 	100.0 	100.0 	100.0 	100.0 	100.0 	100.0 	100.0 	100.0 
A,PC_IMP_PROD,TOTAL,EU27_2020,PT	100.0 	100.0 	100.0 	100.0 	100.0 	100.0 	100.0 	100.0 	100.0 	100.0 	100.0 	100.0 	100.0 	100.0 	100.0 	100.0 	100.0 	100.0 	100.0 	100.0 	100.0 	100.0 	100.0 	100.0 
A,PC_IMP_PROD,TOTAL,EU27_2020,RO	100.0 	100.0 	100.0 	100.0 	100.0 	100.0 	100.0 	100.0 	100.0 	100.0 	100.0 	100.0 	100.0 	100.0 	100.0 	100.0 	100.0 	100.0 	100.0 	100.0 	100.0 	100.0 	100.0 	100.0 
A,PC_IMP_PROD,TOTAL,EU27_2020,SE	100.0 	100.0 	100.0 	100.0 	100.0 	100.0 	100.0 	100.0 	100.0 	100.0 	100.0 	100.0 	100.0 	100.0 	100.0 	100.0 	100.0 	100.0 	100.0 	100.0 	100.0 	100.0 	100.0 	100.0 
A,PC_IMP_PROD,TOTAL,EU27_2020,SI	100.0 	100.0 	100.0 	100.0 	100.0 	100.0 	100.0 	100.0 	100.0 	100.0 	100.0 	100.0 	100.0 	100.0 	100.0 	100.0 	100.0 	100.0 	100.0 	100.0 	100.0 	100.0 	100.0 	100.0 
A,PC_IMP_PROD,TOTAL,EU27_2020,SK	100.0 	100.0 	100.0 	100.0 	100.0 	100.0 	100.0 	100.0 	100.0 	100.0 	100.0 	100.0 	100.0 	100.0 	100.0 	100.0 	100.0 	100.0 	100.0 	100.0 	100.0 	100.0 	100.0 	100.0 
A,PC_IMP_PROD,TOTAL,EXT_EU27_2020,AT	100.0 	100.0 	100.0 	100.0 	100.0 	100.0 	100.0 	100.0 	100.0 	100.0 	100.0 	100.0 	100.0 	100.0 	100.0 	100.0 	100.0 	100.0 	100.0 	100.0 	100.0 	100.0 	100.0 	100.0 
A,PC_IMP_PROD,TOTAL,EXT_EU27_2020,BE	100.0 	100.0 	100.0 	100.0 	100.0 	100.0 	100.0 	100.0 	100.0 	100.0 	100.0 	100.0 	100.0 	100.0 	100.0 	100.0 	100.0 	100.0 	100.0 	100.0 	100.0 	100.0 	100.0 	100.0 
A,PC_IMP_PROD,TOTAL,EXT_EU27_2020,BG	100.0 	100.0 	100.0 	100.0 	100.0 	100.0 	100.0 	100.0 	100.0 	100.0 	100.0 	100.0 	100.0 	100.0 	100.0 	100.0 	100.0 	100.0 	100.0 	100.0 	100.0 	100.0 	100.0 	100.0 
A,PC_IMP_PROD,TOTAL,EXT_EU27_2020,CY	100.0 	100.0 	100.0 	100.0 	100.0 	100.0 	100.0 	100.0 	100.0 	100.0 	100.0 	100.0 	100.0 	100.0 	100.0 	100.0 	100.0 	100.0 	100.0 	100.0 	100.0 	100.0 	100.0 	100.0 
A,PC_IMP_PROD,TOTAL,EXT_EU27_2020,CZ	100.0 	100.0 	100.0 	100.0 	100.0 	100.0 	100.0 	100.0 	100.0 	100.0 	100.0 	100.0 	100.0 	100.0 	100.0 	100.0 	100.0 	100.0 	100.0 	100.0 	100.0 	100.0 	100.0 	100.0 
A,PC_IMP_PROD,TOTAL,EXT_EU27_2020,DE	100.0 	100.0 	100.0 	100.0 	100.0 	100.0 	100.0 	100.0 	100.0 	100.0 	100.0 	100.0 	100.0 	100.0 	100.0 	100.0 	100.0 	100.0 	100.0 	100.0 	100.0 	100.0 	100.0 	100.0 
A,PC_IMP_PROD,TOTAL,EXT_EU27_2020,DK	100.0 	100.0 	100.0 	100.0 	100.0 	100.0 	100.0 	100.0 	100.0 	100.0 	100.0 	100.0 	100.0 	100.0 	100.0 	100.0 	100.0 	100.0 	100.0 	100.0 	100.0 	100.0 	100.0 	100.0 
A,PC_IMP_PROD,TOTAL,EXT_EU27_2020,EE	100.0 	100.0 	100.0 	100.0 	100.0 	100.0 	100.0 	100.0 	100.0 	100.0 	100.0 	100.0 	100.0 	100.0 	100.0 	100.0 	100.0 	100.0 	100.0 	100.0 	100.0 	100.0 	100.0 	100.0 
A,PC_IMP_PROD,TOTAL,EXT_EU27_2020,EL	100.0 	100.0 	100.0 	100.0 	100.0 	100.0 	100.0 	100.0 	100.0 	100.0 	100.0 	100.0 	100.0 	100.0 	100.0 	100.0 	100.0 	100.0 	100.0 	100.0 	100.0 	100.0 	100.0 	100.0 
A,PC_IMP_PROD,TOTAL,EXT_EU27_2020,ES	100.0 	100.0 	100.0 	100.0 	100.0 	100.0 	100.0 	100.0 	100.0 	100.0 	100.0 	100.0 	100.0 	100.0 	100.0 	100.0 	100.0 	100.0 	100.0 	100.0 	100.0 	100.0 	100.0 	100.0 
A,PC_IMP_PROD,TOTAL,EXT_EU27_2020,EU27_2020	100.0 	100.0 	100.0 	100.0 	100.0 	100.0 	100.0 	100.0 	100.0 	100.0 	100.0 	100.0 	100.0 	100.0 	100.0 	100.0 	100.0 	100.0 	100.0 	100.0 	100.0 	100.0 	100.0 	100.0 
A,PC_IMP_PROD,TOTAL,EXT_EU27_2020,FI	100.0 	100.0 	100.0 	100.0 	100.0 	100.0 	100.0 	100.0 	100.0 	100.0 	100.0 	100.0 	100.0 	100.0 	100.0 	100.0 	100.0 	100.0 	100.0 	100.0 	100.0 	100.0 	100.0 	100.0 
A,PC_IMP_PROD,TOTAL,EXT_EU27_2020,FR	100.0 	100.0 	100.0 	100.0 	100.0 	100.0 	100.0 	100.0 	100.0 	100.0 	100.0 	100.0 	100.0 	100.0 	100.0 	100.0 	100.0 	100.0 	100.0 	100.0 	100.0 	100.0 	100.0 	100.0 
A,PC_IMP_PROD,TOTAL,EXT_EU27_2020,HR	100.0 	100.0 	100.0 	100.0 	100.0 	100.0 	100.0 	100.0 	100.0 	100.0 	100.0 	100.0 	100.0 	100.0 	100.0 	100.0 	100.0 	100.0 	100.0 	100.0 	100.0 	100.0 	100.0 	100.0 
A,PC_IMP_PROD,TOTAL,EXT_EU27_2020,HU	100.0 	100.0 	100.0 	100.0 	100.0 	100.0 	100.0 	100.0 	100.0 	100.0 	100.0 	100.0 	100.0 	100.0 	100.0 	100.0 	100.0 	100.0 	100.0 	100.0 	100.0 	100.0 	100.0 	100.0 
A,PC_IMP_PROD,TOTAL,EXT_EU27_2020,IE	100.0 	100.0 	100.0 	100.0 	100.0 	100.0 	100.0 	100.0 	100.0 	100.0 	100.0 	100.0 	100.0 	100.0 	100.0 	100.0 	100.0 	100.0 	100.0 	100.0 	100.0 	100.0 	100.0 	100.0 
A,PC_IMP_PROD,TOTAL,EXT_EU27_2020,IT	100.0 	100.0 	100.0 	100.0 	100.0 	100.0 	100.0 	100.0 	100.0 	100.0 	100.0 	100.0 	100.0 	100.0 	100.0 	100.0 	100.0 	100.0 	100.0 	100.0 	100.0 	100.0 	100.0 	100.0 
A,PC_IMP_PROD,TOTAL,EXT_EU27_2020,LT	100.0 	100.0 	100.0 	100.0 	100.0 	100.0 	100.0 	100.0 	100.0 	100.0 	100.0 	100.0 	100.0 	100.0 	100.0 	100.0 	100.0 	100.0 	100.0 	100.0 	100.0 	100.0 	100.0 	100.0 
A,PC_IMP_PROD,TOTAL,EXT_EU27_2020,LU	100.0 	100.0 	100.0 	100.0 	100.0 	100.0 	100.0 	100.0 	100.0 	100.0 	100.0 	100.0 	100.0 	100.0 	100.0 	100.0 	100.0 	100.0 	100.0 	100.0 	100.0 	100.0 	100.0 	100.0 
A,PC_IMP_PROD,TOTAL,EXT_EU27_2020,LV	100.0 	100.0 	100.0 	100.0 	100.0 	100.0 	100.0 	100.0 	100.0 	100.0 	100.0 	100.0 	100.0 	100.0 	100.0 	100.0 	100.0 	100.0 	100.0 	100.0 	100.0 	100.0 	100.0 	100.0 
A,PC_IMP_PROD,TOTAL,EXT_EU27_2020,MT	100.0 	100.0 	100.0 	100.0 	100.0 	100.0 	100.0 	100.0 	100.0 	100.0 	100.0 	100.0 	100.0 	100.0 	100.0 	100.0 	100.0 	100.0 	100.0 	100.0 	100.0 	100.0 	100.0 	100.0 
A,PC_IMP_PROD,TOTAL,EXT_EU27_2020,NL	100.0 	100.0 	100.0 	100.0 	100.0 	100.0 	100.0 	100.0 	100.0 	100.0 	100.0 	100.0 	100.0 	100.0 	100.0 	100.0 	100.0 	100.0 	100.0 	100.0 	100.0 	100.0 	100.0 	100.0 
A,PC_IMP_PROD,TOTAL,EXT_EU27_2020,PL	100.0 	100.0 	100.0 	100.0 	100.0 	100.0 	100.0 	100.0 	100.0 	100.0 	100.0 	100.0 	100.0 	100.0 	100.0 	100.0 	100.0 	100.0 	100.0 	100.0 	100.0 	100.0 	100.0 	100.0 
A,PC_IMP_PROD,TOTAL,EXT_EU27_2020,PT	100.0 	100.0 	100.0 	100.0 	100.0 	100.0 	100.0 	100.0 	100.0 	100.0 	100.0 	100.0 	100.0 	100.0 	100.0 	100.0 	100.0 	100.0 	100.0 	100.0 	100.0 	100.0 	100.0 	100.0 
A,PC_IMP_PROD,TOTAL,EXT_EU27_2020,RO	100.0 	100.0 	100.0 	100.0 	100.0 	100.0 	100.0 	100.0 	100.0 	100.0 	100.0 	100.0 	100.0 	100.0 	100.0 	100.0 	100.0 	100.0 	100.0 	100.0 	100.0 	100.0 	100.0 	100.0 
A,PC_IMP_PROD,TOTAL,EXT_EU27_2020,SE	100.0 	100.0 	100.0 	100.0 	100.0 	100.0 	100.0 	100.0 	100.0 	100.0 	100.0 	100.0 	100.0 	100.0 	100.0 	100.0 	100.0 	100.0 	100.0 	100.0 	100.0 	100.0 	100.0 	100.0 
A,PC_IMP_PROD,TOTAL,EXT_EU27_2020,SI	100.0 	100.0 	100.0 	100.0 	100.0 	100.0 	100.0 	100.0 	100.0 	100.0 	100.0 	100.0 	100.0 	100.0 	100.0 	100.0 	100.0 	100.0 	100.0 	100.0 	100.0 	100.0 	100.0 	100.0 
A,PC_IMP_PROD,TOTAL,EXT_EU27_2020,SK	100.0 	100.0 	100.0 	100.0 	100.0 	100.0 	100.0 	100.0 	100.0 	100.0 	100.0 	100.0 	100.0 	100.0 	100.0 	100.0 	100.0 	100.0 	100.0 	100.0 	100.0 	100.0 	100.0 	100.0 
A,PC_IMP_PROD,TOTAL,WORLD,AT	100.0 	100.0 	100.0 	100.0 	100.0 	100.0 	100.0 	100.0 	100.0 	100.0 	100.0 	100.0 	100.0 	100.0 	100.0 	100.0 	100.0 	100.0 	100.0 	100.0 	100.0 	100.0 	100.0 	100.0 
A,PC_IMP_PROD,TOTAL,WORLD,BE	100.0 	100.0 	100.0 	100.0 	100.0 	100.0 	100.0 	100.0 	100.0 	100.0 	100.0 	100.0 	100.0 	100.0 	100.0 	100.0 	100.0 	100.0 	100.0 	100.0 	100.0 	100.0 	100.0 	100.0 
A,PC_IMP_PROD,TOTAL,WORLD,BG	100.0 	100.0 	100.0 	100.0 	100.0 	100.0 	100.0 	100.0 	100.0 	100.0 	100.0 	100.0 	100.0 	100.0 	100.0 	100.0 	100.0 	100.0 	100.0 	100.0 	100.0 	100.0 	100.0 	100.0 
A,PC_IMP_PROD,TOTAL,WORLD,CY	100.0 	100.0 	100.0 	100.0 	100.0 	100.0 	100.0 	100.0 	100.0 	100.0 	100.0 	100.0 	100.0 	100.0 	100.0 	100.0 	100.0 	100.0 	100.0 	100.0 	100.0 	100.0 	100.0 	100.0 
A,PC_IMP_PROD,TOTAL,WORLD,CZ	100.0 	100.0 	100.0 	100.0 	100.0 	100.0 	100.0 	100.0 	100.0 	100.0 	100.0 	100.0 	100.0 	100.0 	100.0 	100.0 	100.0 	100.0 	100.0 	100.0 	100.0 	100.0 	100.0 	100.0 
A,PC_IMP_PROD,TOTAL,WORLD,DE	100.0 	100.0 	100.0 	100.0 	100.0 	100.0 	100.0 	100.0 	100.0 	100.0 	100.0 	100.0 	100.0 	100.0 	100.0 	100.0 	100.0 	100.0 	100.0 	100.0 	100.0 	100.0 	100.0 	100.0 
A,PC_IMP_PROD,TOTAL,WORLD,DK	100.0 	100.0 	100.0 	100.0 	100.0 	100.0 	100.0 	100.0 	100.0 	100.0 	100.0 	100.0 	100.0 	100.0 	100.0 	100.0 	100.0 	100.0 	100.0 	100.0 	100.0 	100.0 	100.0 	100.0 
A,PC_IMP_PROD,TOTAL,WORLD,EE	100.0 	100.0 	100.0 	100.0 	100.0 	100.0 	100.0 	100.0 	100.0 	100.0 	100.0 	100.0 	100.0 	100.0 	100.0 	100.0 	100.0 	100.0 	100.0 	100.0 	100.0 	100.0 	100.0 	100.0 
A,PC_IMP_PROD,TOTAL,WORLD,EL	100.0 	100.0 	100.0 	100.0 	100.0 	100.0 	100.0 	100.0 	100.0 	100.0 	100.0 	100.0 	100.0 	100.0 	100.0 	100.0 	100.0 	100.0 	100.0 	100.0 	100.0 	100.0 	100.0 	100.0 
A,PC_IMP_PROD,TOTAL,WORLD,ES	100.0 	100.0 	100.0 	100.0 	100.0 	100.0 	100.0 	100.0 	100.0 	100.0 	100.0 	100.0 	100.0 	100.0 	100.0 	100.0 	100.0 	100.0 	100.0 	100.0 	100.0 	100.0 	100.0 	100.0 
A,PC_IMP_PROD,TOTAL,WORLD,FI	100.0 	100.0 	100.0 	100.0 	100.0 	100.0 	100.0 	100.0 	100.0 	100.0 	100.0 	100.0 	100.0 	100.0 	100.0 	100.0 	100.0 	100.0 	100.0 	100.0 	100.0 	100.0 	100.0 	100.0 
A,PC_IMP_PROD,TOTAL,WORLD,FR	100.0 	100.0 	100.0 	100.0 	100.0 	100.0 	100.0 	100.0 	100.0 	100.0 	100.0 	100.0 	100.0 	100.0 	100.0 	100.0 	100.0 	100.0 	100.0 	100.0 	100.0 	100.0 	100.0 	100.0 
A,PC_IMP_PROD,TOTAL,WORLD,HR	100.0 	100.0 	100.0 	100.0 	100.0 	100.0 	100.0 	100.0 	100.0 	100.0 	100.0 	100.0 	100.0 	100.0 	100.0 	100.0 	100.0 	100.0 	100.0 	100.0 	100.0 	100.0 	100.0 	100.0 
A,PC_IMP_PROD,TOTAL,WORLD,HU	100.0 	100.0 	100.0 	100.0 	100.0 	100.0 	100.0 	100.0 	100.0 	100.0 	100.0 	100.0 	100.0 	100.0 	100.0 	100.0 	100.0 	100.0 	100.0 	100.0 	100.0 	100.0 	100.0 	100.0 
A,PC_IMP_PROD,TOTAL,WORLD,IE	100.0 	100.0 	100.0 	100.0 	100.0 	100.0 	100.0 	100.0 	100.0 	100.0 	100.0 	100.0 	100.0 	100.0 	100.0 	100.0 	100.0 	100.0 	100.0 	100.0 	100.0 	100.0 	100.0 	100.0 
A,PC_IMP_PROD,TOTAL,WORLD,IT	100.0 	100.0 	100.0 	100.0 	100.0 	100.0 	100.0 	100.0 	100.0 	100.0 	100.0 	100.0 	100.0 	100.0 	100.0 	100.0 	100.0 	100.0 	100.0 	100.0 	100.0 	100.0 	100.0 	100.0 
A,PC_IMP_PROD,TOTAL,WORLD,LT	100.0 	100.0 	100.0 	100.0 	100.0 	100.0 	100.0 	100.0 	100.0 	100.0 	100.0 	100.0 	100.0 	100.0 	100.0 	100.0 	100.0 	100.0 	100.0 	100.0 	100.0 	100.0 	100.0 	100.0 
A,PC_IMP_PROD,TOTAL,WORLD,LU	100.0 	100.0 	100.0 	100.0 	100.0 	100.0 	100.0 	100.0 	100.0 	100.0 	100.0 	100.0 	100.0 	100.0 	100.0 	100.0 	100.0 	100.0 	100.0 	100.0 	100.0 	100.0 	100.0 	100.0 
A,PC_IMP_PROD,TOTAL,WORLD,LV	100.0 	100.0 	100.0 	100.0 	100.0 	100.0 	100.0 	100.0 	100.0 	100.0 	100.0 	100.0 	100.0 	100.0 	100.0 	100.0 	100.0 	100.0 	100.0 	100.0 	100.0 	100.0 	100.0 	100.0 
A,PC_IMP_PROD,TOTAL,WORLD,MT	100.0 	100.0 	100.0 	100.0 	100.0 	100.0 	100.0 	100.0 	100.0 	100.0 	100.0 	100.0 	100.0 	100.0 	100.0 	100.0 	100.0 	100.0 	100.0 	100.0 	100.0 	100.0 	100.0 	100.0 
A,PC_IMP_PROD,TOTAL,WORLD,NL	100.0 	100.0 	100.0 	100.0 	100.0 	100.0 	100.0 	100.0 	100.0 	100.0 	100.0 	100.0 	100.0 	100.0 	100.0 	100.0 	100.0 	100.0 	100.0 	100.0 	100.0 	100.0 	100.0 	100.0 
A,PC_IMP_PROD,TOTAL,WORLD,PL	100.0 	100.0 	100.0 	100.0 	100.0 	100.0 	100.0 	100.0 	100.0 	100.0 	100.0 	100.0 	100.0 	100.0 	100.0 	100.0 	100.0 	100.0 	100.0 	100.0 	100.0 	100.0 	100.0 	100.0 
A,PC_IMP_PROD,TOTAL,WORLD,PT	100.0 	100.0 	100.0 	100.0 	100.0 	100.0 	100.0 	100.0 	100.0 	100.0 	100.0 	100.0 	100.0 	100.0 	100.0 	100.0 	100.0 	100.0 	100.0 	100.0 	100.0 	100.0 	100.0 	100.0 
A,PC_IMP_PROD,TOTAL,WORLD,RO	100.0 	100.0 	100.0 	100.0 	100.0 	100.0 	100.0 	100.0 	100.0 	100.0 	100.0 	100.0 	100.0 	100.0 	100.0 	100.0 	100.0 	100.0 	100.0 	100.0 	100.0 	100.0 	100.0 	100.0 
A,PC_IMP_PROD,TOTAL,WORLD,SE	100.0 	100.0 	100.0 	100.0 	100.0 	100.0 	100.0 	100.0 	100.0 	100.0 	100.0 	100.0 	100.0 	100.0 	100.0 	100.0 	100.0 	100.0 	100.0 	100.0 	100.0 	100.0 	100.0 	100.0 
A,PC_IMP_PROD,TOTAL,WORLD,SI	100.0 	100.0 	100.0 	100.0 	100.0 	100.0 	100.0 	100.0 	100.0 	100.0 	100.0 	100.0 	100.0 	100.0 	100.0 	100.0 	100.0 	100.0 	100.0 	100.0 	100.0 	100.0 	100.0 	100.0 
A,PC_IMP_PROD,TOTAL,WORLD,SK	100.0 	100.0 	100.0 	100.0 	100.0 	100.0 	100.0 	100.0 	100.0 	100.0 	100.0 	100.0 	100.0 	100.0 	100.0 	100.0 	100.0 	100.0 	100.0 	100.0 	100.0 	100.0 	100.0 	100.0 
A,PC_TOT_EXP,SITC0_1,EU27_2020,AT	80.7 	79.5 	76.7 	75.6 	72.2 	74.9 	77.3 	77.6 	76.1 	74.9 	74.0 	74.5 	74.5 	74.0 	73.3 	73.5 	73.5 	72.8 	72.8 	74.4 	75.7 	79.1 	80.0 	81.2 
A,PC_TOT_EXP,SITC0_1,EU27_2020,BE	80.2 	81.0 	80.1 	79.0 	77.9 	77.1 	77.3 	79.8 	78.6 	78.6 	78.0 	77.0 	75.9 	76.0 	76.6 	76.4 	75.9 	75.7 	75.7 	74.5 	74.0 	73.8 	73.6 	74.9 
A,PC_TOT_EXP,SITC0_1,EU27_2020,BG	52.9 	56.2 	53.1 	55.1 	58.1 	63.2 	58.6 	71.6 	69.1 	70.2 	69.6 	60.6 	61.2 	60.7 	64.8 	68.3 	72.6 	64.8 	64.3 	60.3 	56.1 	51.3 	52.4 	57.8 
A,PC_TOT_EXP,SITC0_1,EU27_2020,CY	45.1 	50.7 	48.0 	43.7 	45.3 	47.2 	43.4 	50.6 	45.2 	46.5 	39.0 	37.2 	35.7 	34.2 	37.6 	38.8 	40.1 	41.0 	41.4 	44.2 	41.0 	41.0 	42.4 	45.7 
A,PC_TOT_EXP,SITC0_1,EU27_2020,CZ	81.8 	80.9 	83.7 	85.2 	87.1 	88.7 	89.2 	88.7 	88.9 	89.7 	88.1 	87.5 	88.3 	88.4 	88.1 	88.7 	89.0 	88.2 	89.4 	89.2 	89.3 	89.7 	89.8 	89.5 
A,PC_TOT_EXP,SITC0_1,EU27_2020,DE	75.0 	76.4 	77.4 	77.1 	75.9 	75.8 	74.9 	75.0 	73.5 	72.7 	71.3 	71.9 	71.8 	70.6 	71.0 	71.7 	72.5 	71.3 	70.6 	73.5 	74.1 	74.9 	75.0 	75.7 
A,PC_TOT_EXP,SITC0_1,EU27_2020,DK	59.6 	60.9 	60.6 	62.3 	63.9 	63.4 	63.9 	64.6 	61.1 	60.3 	60.0 	60.2 	60.1 	58.1 	59.1 	60.1 	59.3 	57.9 	54.9 	56.5 	59.8 	63.1 	62.0 	62.5 
A,PC_TOT_EXP,SITC0_1,EU27_2020,EE	64.8 	70.7 	75.6 	72.0 	64.1 	59.2 	65.0 	67.0 	62.5 	65.7 	67.4 	66.9 	71.0 	71.0 	72.5 	75.0 	80.4 	72.1 	69.5 	72.2 	69.8 	73.9 	73.0 	77.2 
A,PC_TOT_EXP,SITC0_1,EU27_2020,EL	61.2 	64.5 	65.5 	66.1 	65.7 	65.5 	68.0 	69.0 	68.0 	69.1 	65.1 	66.0 	66.3 	66.3 	67.9 	68.0 	67.6 	66.8 	67.2 	68.3 	66.4 	68.2 	67.6 	68.1 
A,PC_TOT_EXP,SITC0_1,EU27_2020,ES	72.7 	74.3 	73.7 	73.7 	73.0 	72.0 	72.9 	73.9 	72.1 	69.8 	68.3 	69.3 	68.0 	67.9 	66.8 	67.1 	66.9 	66.0 	64.5 	65.0 	66.0 	68.9 	67.9 	68.3 
A,PC_TOT_EXP,SITC0_1,EU27_2020,EU27_2020	67.3 	68.4 	69.0 	69.2 	68.3 	68.8 	69.1 	70.1 	68.3 	67.5 	66.2 	65.9 	65.6 	65.2 	65.7 	66.1 	66.2 	65.3 	64.8 	65.9 	66.5 	68.1 	68.5 	69.6 
A,PC_TOT_EXP,SITC0_1,EU27_2020,FI	49.2 	52.6 	56.6 	54.7 	53.3 	53.3 	54.4 	54.3 	51.9 	51.3 	49.4 	49.5 	54.3 	64.4 	64.3 	65.8 	69.8 	68.4 	67.1 	67.0 	70.1 	76.7 	77.8 	78.0 
A,PC_TOT_EXP,SITC0_1,EU27_2020,FR	61.0 	61.8 	62.6 	61.5 	60.6 	61.4 	61.2 	61.6 	57.6 	56.5 	55.5 	55.2 	55.4 	53.0 	53.4 	53.8 	53.5 	52.4 	53.0 	53.3 	54.2 	56.7 	57.9 	59.9 
A,PC_TOT_EXP,SITC0_1,EU27_2020,HR	37.6 	43.4 	36.0 	49.0 	51.8 	43.7 	41.1 	41.8 	41.0 	39.7 	41.3 	42.9 	47.4 	50.1 	55.8 	56.1 	55.8 	59.1 	62.2 	63.3 	65.0 	64.1 	65.0 	66.2 
A,PC_TOT_EXP,SITC0_1,EU27_2020,HU	70.2 	71.5 	74.5 	74.8 	73.6 	81.5 	81.4 	83.4 	80.7 	81.7 	82.0 	82.3 	80.1 	80.1 	78.2 	79.9 	80.7 	81.5 	80.8 	80.8 	81.2 	81.6 	80.5 	80.3 
A,PC_TOT_EXP,SITC0_1,EU27_2020,IE	29.7 	31.7 	31.6 	31.0 	31.1 	32.2 	31.1 	33.2 	34.4 	34.3 	30.8 	30.4 	30.5 	29.5 	30.4 	31.2 	32.8 	33.0 	32.7 	32.4 	35.2 	34.7 	35.3 	36.6 
A,PC_TOT_EXP,SITC0_1,EU27_2020,IT	61.6 	62.2 	62.8 	63.0 	62.3 	62.6 	62.4 	62.8 	62.4 	61.3 	59.6 	59.0 	58.2 	57.2 	57.8 	57.8 	58.2 	56.5 	56.0 	56.6 	57.7 	59.2 	57.9 	59.5 
A,PC_TOT_EXP,SITC0_1,EU27_2020,LT	58.5 	53.2 	66.1 	67.2 	58.3 	61.0 	52.6 	58.5 	55.4 	53.8 	47.5 	46.9 	49.9 	59.2 	64.0 	64.2 	62.1 	62.1 	60.3 	65.3 	64.4 	61.7 	68.3 	70.2 
A,PC_TOT_EXP,SITC0_1,EU27_2020,LU	91.7 	93.8 	97.1 	98.2 	98.0 	97.9 	98.1 	97.7 	97.5 	96.5 	96.3 	95.3 	93.7 	93.9 	95.0 	95.1 	94.4 	93.3 	94.7 	95.3 	95.3 	95.6 	95.8 	96.5 
A,PC_TOT_EXP,SITC0_1,EU27_2020,LV	49.3 	57.6 	61.4 	67.2 	64.1 	65.5 	57.0 	57.3 	57.1 	55.9 	51.2 	51.8 	48.0 	53.9 	56.0 	51.2 	52.4 	48.1 	44.8 	52.9 	55.2 	56.1 	62.4 	68.0 
A,PC_TOT_EXP,SITC0_1,EU27_2020,MT	7.6 	8.1 	9.9 	13.3 	7.9 	8.7 	15.7 	20.4 	11.2 	17.1 	12.2 	8.4 	11.2 	12.4 	9.5 	8.9 	5.5 	5.1 	5.3 	6.4 	4.7 	5.6 	6.2 	7.0 
A,PC_TOT_EXP,SITC0_1,EU27_2020,NL	70.7 	70.8 	71.5 	72.1 	70.6 	70.4 	71.5 	71.7 	70.9 	70.2 	69.0 	68.7 	67.4 	67.2 	68.1 	68.7 	67.9 	67.8 	67.1 	69.7 	69.1 	71.3 	72.4 	73.1 
A,PC_TOT_EXP,SITC0_1,EU27_2020,PL	63.1 	64.1 	68.7 	71.1 	72.6 	73.3 	74.3 	74.2 	72.4 	71.6 	69.6 	70.3 	70.9 	72.9 	72.1 	72.3 	73.3 	72.6 	70.7 	72.2 	73.3 	72.8 	73.5 	74.7 
A,PC_TOT_EXP,SITC0_1,EU27_2020,PT	68.0 	68.5 	68.8 	71.3 	68.9 	69.0 	70.3 	69.8 	68.8 	66.7 	64.6 	64.2 	63.0 	65.8 	67.4 	67.5 	69.5 	69.8 	70.1 	71.0 	70.5 	72.9 	73.7 	75.4 
A,PC_TOT_EXP,SITC0_1,EU27_2020,RO	68.2 	77.1 	75.7 	79.0 	72.1 	78.3 	60.9 	77.0 	71.3 	70.5 	65.7 	52.8 	58.3 	59.3 	54.6 	57.2 	60.6 	56.1 	54.5 	50.8 	50.2 	49.6 	54.2 	52.9 
A,PC_TOT_EXP,SITC0_1,EU27_2020,SE	56.3 	59.4 	62.0 	61.3 	64.2 	64.7 	65.4 	68.5 	68.4 	68.5 	65.6 	66.7 	66.0 	66.8 	70.3 	70.3 	71.4 	70.8 	68.7 	71.9 	74.8 	75.9 	73.8 	73.6 
A,PC_TOT_EXP,SITC0_1,EU27_2020,SI	40.1 	47.2 	53.4 	68.6 	75.6 	78.0 	73.8 	75.6 	75.9 	76.3 	79.2 	75.4 	71.7 	73.2 	73.2 	71.3 	72.8 	73.2 	73.9 	74.0 	76.6 	74.1 	82.0 	82.3 
A,PC_TOT_EXP,SITC0_1,EU27_2020,SK	88.6 	88.4 	91.4 	90.9 	91.8 	94.2 	94.5 	95.4 	95.6 	95.0 	94.4 	93.5 	92.9 	92.3 	92.1 	92.7 	93.7 	93.9 	93.2 	93.5 	94.1 	93.5 	93.2 	93.1 
A,PC_TOT_EXP,SITC0_1,EXT_EU27_2020,AT	19.3 	20.5 	23.3 	24.4 	27.8 	25.1 	22.7 	22.4 	23.9 	25.1 	26.0 	25.5 	25.5 	26.0 	26.7 	26.5 	26.5 	27.2 	27.2 	25.6 	24.3 	20.9 	20.0 	18.8 
A,PC_TOT_EXP,SITC0_1,EXT_EU27_2020,BE	19.8 	19.0 	19.9 	21.0 	22.1 	22.9 	22.7 	20.2 	21.4 	21.4 	22.0 	23.0 	24.1 	24.0 	23.4 	23.6 	24.1 	24.3 	24.3 	25.5 	26.0 	26.2 	26.4 	25.1 
A,PC_TOT_EXP,SITC0_1,EXT_EU27_2020,BG	47.1 	43.8 	46.9 	44.9 	41.9 	36.8 	41.4 	28.4 	30.9 	29.8 	30.4 	39.4 	38.8 	39.3 	35.2 	31.7 	27.4 	35.2 	35.7 	39.7 	43.9 	48.7 	47.6 	42.2 
A,PC_TOT_EXP,SITC0_1,EXT_EU27_2020,CY	54.9 	49.3 	52.0 	56.3 	54.7 	52.8 	56.6 	49.4 	54.8 	53.5 	61.0 	62.8 	64.3 	65.8 	62.4 	61.2 	59.9 	59.0 	58.6 	55.8 	59.0 	59.0 	57.6 	54.3 
A,PC_TOT_EXP,SITC0_1,EXT_EU27_2020,CZ	18.2 	19.1 	16.3 	14.8 	12.9 	11.3 	10.8 	11.3 	11.1 	10.3 	11.9 	12.5 	11.7 	11.6 	11.9 	11.3 	11.0 	11.8 	10.6 	10.8 	10.7 	10.3 	10.2 	10.5 
A,PC_TOT_EXP,SITC0_1,EXT_EU27_2020,DE	25.0 	23.6 	22.6 	22.9 	24.1 	24.2 	25.1 	25.0 	26.5 	27.3 	28.7 	28.1 	28.2 	29.4 	29.0 	28.3 	27.5 	28.7 	29.4 	26.5 	25.9 	25.1 	25.0 	24.3 
A,PC_TOT_EXP,SITC0_1,EXT_EU27_2020,DK	40.4 	39.1 	39.4 	37.7 	36.1 	36.6 	36.1 	35.4 	38.9 	39.7 	40.0 	39.8 	39.9 	41.9 	40.9 	39.9 	40.7 	42.1 	45.1 	43.5 	40.2 	36.9 	38.0 	37.5 
A,PC_TOT_EXP,SITC0_1,EXT_EU27_2020,EE	35.2 	29.3 	24.4 	28.0 	35.9 	40.8 	35.0 	33.0 	37.5 	34.3 	32.6 	33.1 	29.0 	29.0 	27.5 	25.0 	19.6 	27.9 	30.5 	27.8 	30.2 	26.1 	27.0 	22.8 
A,PC_TOT_EXP,SITC0_1,EXT_EU27_2020,EL	38.8 	35.5 	34.5 	33.9 	34.3 	34.5 	32.0 	31.0 	32.0 	30.9 	34.9 	34.0 	33.7 	33.7 	32.1 	32.0 	32.4 	33.2 	32.8 	31.7 	33.6 	31.8 	32.4 	31.9 
A,PC_TOT_EXP,SITC0_1,EXT_EU27_2020,ES	27.3 	25.7 	26.3 	26.3 	27.0 	28.0 	27.1 	26.1 	27.9 	30.2 	31.7 	30.7 	32.0 	32.1 	33.2 	32.9 	33.1 	34.0 	35.5 	35.0 	34.0 	31.1 	32.1 	31.7 
A,PC_TOT_EXP,SITC0_1,EXT_EU27_2020,EU27_2020	32.7 	31.6 	31.0 	30.8 	31.7 	31.2 	30.9 	29.9 	31.7 	32.5 	33.8 	34.1 	34.4 	34.8 	34.3 	33.9 	33.8 	34.7 	35.2 	34.1 	33.5 	31.9 	31.5 	30.4 
A,PC_TOT_EXP,SITC0_1,EXT_EU27_2020,FI	50.8 	47.4 	43.4 	45.3 	46.7 	46.7 	45.6 	45.7 	48.1 	48.7 	50.6 	50.5 	45.7 	35.6 	35.7 	34.2 	30.2 	31.6 	32.9 	33.0 	29.9 	23.3 	22.2 	22.0 
A,PC_TOT_EXP,SITC0_1,EXT_EU27_2020,FR	39.0 	38.2 	37.4 	38.5 	39.4 	38.6 	38.8 	38.4 	42.4 	43.5 	44.5 	44.8 	44.6 	47.0 	46.6 	46.2 	46.5 	47.6 	47.0 	46.7 	45.8 	43.3 	42.1 	40.1 
A,PC_TOT_EXP,SITC0_1,EXT_EU27_2020,HR	62.4 	56.6 	64.0 	51.0 	48.2 	56.3 	58.9 	58.2 	59.0 	60.3 	58.7 	57.1 	52.6 	49.9 	44.2 	43.9 	44.2 	40.9 	37.8 	36.7 	35.0 	35.9 	35.0 	33.8 
A,PC_TOT_EXP,SITC0_1,EXT_EU27_2020,HU	29.8 	28.5 	25.5 	25.2 	26.4 	18.5 	18.6 	16.6 	19.3 	18.3 	18.0 	17.7 	19.9 	19.9 	21.8 	20.1 	19.3 	18.5 	19.2 	19.2 	18.8 	18.4 	19.5 	19.7 
A,PC_TOT_EXP,SITC0_1,EXT_EU27_2020,IE	70.3 	68.3 	68.4 	69.0 	68.9 	67.8 	68.9 	66.8 	65.6 	65.7 	69.2 	69.6 	69.5 	70.5 	69.6 	68.8 	67.2 	67.0 	67.3 	67.6 	64.8 	65.3 	64.7 	63.4 
A,PC_TOT_EXP,SITC0_1,EXT_EU27_2020,IT	38.4 	37.8 	37.2 	37.0 	37.7 	37.4 	37.6 	37.2 	37.6 	38.7 	40.4 	41.0 	41.8 	42.8 	42.2 	42.2 	41.8 	43.5 	44.0 	43.4 	42.3 	40.8 	42.1 	40.5 
A,PC_TOT_EXP,SITC0_1,EXT_EU27_2020,LT	41.5 	46.8 	33.9 	32.8 	41.7 	39.0 	47.4 	41.5 	44.6 	46.2 	52.5 	53.1 	50.1 	40.8 	36.0 	35.8 	37.9 	37.9 	39.7 	34.7 	35.6 	38.3 	31.7 	29.8 
A,PC_TOT_EXP,SITC0_1,EXT_EU27_2020,LU	8.3 	6.2 	2.9 	1.8 	2.0 	2.1 	1.9 	2.3 	2.5 	3.5 	3.7 	4.7 	6.3 	6.1 	5.0 	4.9 	5.6 	6.7 	5.3 	4.7 	4.7 	4.4 	4.2 	3.5 
A,PC_TOT_EXP,SITC0_1,EXT_EU27_2020,LV	50.7 	42.4 	38.6 	32.8 	35.9 	34.5 	43.0 	42.7 	42.9 	44.1 	48.8 	48.2 	52.0 	46.1 	44.0 	48.8 	47.6 	51.9 	55.2 	47.1 	44.8 	43.9 	37.6 	32.0 
A,PC_TOT_EXP,SITC0_1,EXT_EU27_2020,MT	92.4 	91.9 	90.1 	86.7 	92.1 	91.3 	84.3 	79.6 	88.8 	82.9 	87.8 	91.6 	88.8 	87.6 	90.5 	91.1 	94.5 	94.9 	94.7 	93.6 	95.3 	94.4 	93.8 	93.0 
A,PC_TOT_EXP,SITC0_1,EXT_EU27_2020,NL	29.3 	29.2 	28.5 	27.9 	29.4 	29.6 	28.5 	28.3 	29.1 	29.8 	31.0 	31.3 	32.6 	32.8 	31.9 	31.3 	32.1 	32.2 	32.9 	30.3 	30.9 	28.7 	27.6 	26.9 
A,PC_TOT_EXP,SITC0_1,EXT_EU27_2020,PL	36.9 	35.9 	31.3 	28.9 	27.4 	26.7 	25.7 	25.8 	27.6 	28.4 	30.4 	29.7 	29.1 	27.1 	27.9 	27.7 	26.7 	27.4 	29.3 	27.8 	26.7 	27.2 	26.5 	25.3 
A,PC_TOT_EXP,SITC0_1,EXT_EU27_2020,PT	32.0 	31.5 	31.2 	28.7 	31.1 	31.0 	29.7 	30.2 	31.2 	33.3 	35.4 	35.8 	37.0 	34.2 	32.6 	32.5 	30.5 	30.2 	29.9 	29.0 	29.5 	27.1 	26.3 	24.6 
A,PC_TOT_EXP,SITC0_1,EXT_EU27_2020,RO	31.8 	22.9 	24.3 	21.0 	27.9 	21.7 	39.1 	23.0 	28.7 	29.5 	34.3 	47.2 	41.7 	40.7 	45.4 	42.8 	39.4 	43.9 	45.5 	49.2 	49.8 	50.4 	45.8 	47.1 
A,PC_TOT_EXP,SITC0_1,EXT_EU27_2020,SE	43.7 	40.6 	38.0 	38.7 	35.8 	35.3 	34.6 	31.5 	31.6 	31.5 	34.4 	33.3 	34.0 	33.2 	29.7 	29.7 	28.6 	29.2 	31.3 	28.1 	25.2 	24.1 	26.2 	26.4 
A,PC_TOT_EXP,SITC0_1,EXT_EU27_2020,SI	59.9 	52.8 	46.6 	31.4 	24.4 	22.0 	26.2 	24.4 	24.1 	23.7 	20.8 	24.6 	28.3 	26.8 	26.8 	28.7 	27.2 	26.8 	26.1 	26.0 	23.4 	25.9 	18.0 	17.7 
A,PC_TOT_EXP,SITC0_1,EXT_EU27_2020,SK	11.4 	11.6 	8.6 	9.1 	8.2 	5.8 	5.5 	4.6 	4.4 	5.0 	5.6 	6.5 	7.1 	7.7 	7.9 	7.3 	6.3 	6.1 	6.8 	6.5 	5.9 	6.5 	6.8 	6.9 
A,PC_TOT_EXP,SITC2_4,EU27_2020,AT	77.2 	78.6 	78.6 	78.2 	81.3 	80.5 	79.7 	78.7 	79.0 	77.1 	77.8 	77.4 	77.4 	75.0 	74.3 	73.2 	73.6 	72.2 	74.2 	74.4 	76.8 	86.8 	83.6 	82.4 
A,PC_TOT_EXP,SITC2_4,EU27_2020,BE	75.3 	76.6 	77.2 	75.6 	76.2 	76.2 	76.1 	72.3 	71.1 	71.4 	71.9 	73.6 	72.3 	73.4 	73.0 	71.7 	71.2 	69.7 	67.3 	66.6 	69.8 	69.5 	71.8 	75.4 
A,PC_TOT_EXP,SITC2_4,EU27_2020,BG	59.7 	52.3 	45.0 	46.5 	49.6 	51.4 	48.9 	58.9 	59.2 	58.8 	48.8 	54.5 	61.5 	62.0 	65.6 	63.8 	65.1 	61.5 	59.8 	61.8 	63.0 	57.3 	54.7 	55.7 
A,PC_TOT_EXP,SITC2_4,EU27_2020,CY	49.7 	54.7 	53.4 	48.3 	54.4 	61.9 	62.2 	49.4 	51.4 	54.1 	56.7 	56.0 	51.2 	50.5 	46.7 	52.4 	56.3 	62.2 	58.1 	56.8 	56.6 	52.2 	52.7 	53.2 
A,PC_TOT_EXP,SITC2_4,EU27_2020,CZ	90.4 	89.6 	89.6 	86.8 	90.2 	90.8 	91.3 	89.7 	89.7 	89.4 	86.4 	86.2 	85.1 	85.0 	85.3 	85.5 	86.4 	83.1 	84.2 	86.0 	86.4 	86.9 	85.5 	85.5 
A,PC_TOT_EXP,SITC2_4,EU27_2020,DE	72.3 	74.2 	73.4 	71.8 	71.8 	72.8 	71.6 	68.7 	70.3 	71.1 	69.4 	69.8 	70.6 	71.0 	71.3 	70.2 	70.0 	68.2 	67.1 	68.2 	70.4 	70.7 	70.4 	69.0 
A,PC_TOT_EXP,SITC2_4,EU27_2020,DK	57.8 	61.2 	59.0 	58.6 	61.4 	64.2 	59.2 	57.5 	51.1 	50.7 	43.9 	40.5 	49.6 	43.2 	52.0 	50.5 	52.3 	53.2 	57.5 	58.5 	58.8 	56.3 	55.3 	60.8 
A,PC_TOT_EXP,SITC2_4,EU27_2020,EE	63.3 	65.0 	60.3 	62.4 	61.2 	64.2 	64.3 	69.5 	69.3 	70.5 	68.0 	68.7 	67.9 	66.9 	66.8 	64.4 	68.2 	70.4 	69.1 	66.3 	68.3 	70.0 	71.5 	72.7 
A,PC_TOT_EXP,SITC2_4,EU27_2020,EL	59.8 	59.1 	53.4 	61.3 	63.2 	66.6 	54.8 	47.9 	43.0 	48.3 	44.2 	49.5 	43.5 	56.0 	53.7 	47.0 	48.9 	39.3 	47.5 	44.8 	52.5 	59.4 	52.4 	55.8 
A,PC_TOT_EXP,SITC2_4,EU27_2020,ES	66.5 	64.9 	64.5 	61.0 	60.7 	62.5 	65.0 	61.5 	60.3 	62.2 	58.7 	60.7 	62.2 	57.3 	54.5 	57.2 	54.2 	54.0 	53.4 	53.4 	54.0 	55.7 	53.2 	52.9 
A,PC_TOT_EXP,SITC2_4,EU27_2020,EU27_2020	68.7 	69.9 	70.2 	69.2 	69.6 	70.5 	70.7 	67.5 	68.1 	68.1 	66.6 	66.7 	67.0 	66.7 	66.7 	66.3 	66.3 	65.0 	64.5 	65.2 	67.3 	66.7 	66.4 	66.8 
A,PC_TOT_EXP,SITC2_4,EU27_2020,FI	53.2 	55.7 	54.7 	55.1 	53.0 	51.5 	49.0 	44.3 	45.7 	43.1 	38.2 	39.4 	43.5 	41.3 	41.8 	40.3 	41.7 	41.3 	38.7 	40.5 	40.8 	39.5 	40.6 	39.4 
A,PC_TOT_EXP,SITC2_4,EU27_2020,FR	72.8 	75.6 	76.0 	75.3 	76.1 	77.1 	77.8 	72.5 	73.0 	74.0 	71.2 	71.0 	72.2 	70.4 	70.1 	70.8 	71.4 	69.7 	69.5 	73.9 	74.0 	71.6 	69.7 	71.7 
A,PC_TOT_EXP,SITC2_4,EU27_2020,HR	90.3 	87.9 	86.7 	82.2 	80.6 	79.2 	73.0 	72.8 	74.9 	71.1 	68.5 	74.2 	69.6 	68.1 	71.8 	68.0 	72.4 	70.5 	67.8 	65.9 	65.7 	66.3 	65.5 	67.4 
A,PC_TOT_EXP,SITC2_4,EU27_2020,HU	85.0 	85.9 	86.5 	84.6 	87.1 	89.2 	88.8 	88.5 	86.7 	86.8 	85.9 	83.6 	84.3 	84.8 	85.3 	85.2 	85.8 	84.1 	86.7 	88.1 	88.9 	88.2 	85.3 	85.2 
A,PC_TOT_EXP,SITC2_4,EU27_2020,IE	37.4 	41.8 	40.2 	42.8 	49.7 	52.5 	51.6 	49.5 	51.8 	49.3 	52.4 	50.8 	48.0 	50.8 	47.3 	51.1 	50.2 	48.2 	44.3 	47.1 	43.5 	38.1 	31.4 	34.0 
A,PC_TOT_EXP,SITC2_4,EU27_2020,IT	55.8 	57.4 	59.2 	57.6 	56.7 	58.3 	57.4 	53.1 	53.6 	53.9 	53.9 	52.6 	53.3 	54.0 	54.0 	53.4 	54.3 	54.4 	54.6 	54.7 	56.2 	55.9 	53.2 	55.3 
A,PC_TOT_EXP,SITC2_4,EU27_2020,LT	63.0 	68.8 	64.5 	63.2 	67.3 	74.4 	69.7 	73.8 	75.9 	70.5 	74.7 	68.0 	65.5 	66.4 	61.4 	55.1 	56.8 	60.1 	62.1 	58.1 	64.2 	63.2 	64.4 	67.2 
A,PC_TOT_EXP,SITC2_4,EU27_2020,LU	94.9 	94.4 	92.5 	88.4 	90.6 	90.1 	95.8 	97.0 	96.6 	94.8 	95.5 	90.3 	81.1 	87.6 	93.3 	97.5 	98.9 	97.6 	97.8 	97.7 	97.6 	98.8 	98.3 	99.2 
A,PC_TOT_EXP,SITC2_4,EU27_2020,LV	50.1 	47.8 	51.5 	57.5 	62.1 	65.6 	73.8 	69.6 	67.5 	66.3 	64.2 	63.3 	58.1 	55.0 	55.1 	56.8 	56.6 	60.1 	59.6 	44.7 	56.1 	57.1 	58.8 	57.6 
A,PC_TOT_EXP,SITC2_4,EU27_2020,MT	64.6 	54.4 	71.5 	73.4 	72.4 	45.8 	39.3 	35.0 	39.7 	32.9 	38.9 	42.1 	38.3 	36.5 	27.2 	26.1 	23.3 	18.5 	11.6 	7.4 	25.5 	29.7 	18.7 	26.0 
A,PC_TOT_EXP,SITC2_4,EU27_2020,NL	73.2 	73.6 	75.0 	73.8 	72.6 	72.5 	74.1 	71.3 	73.6 	73.3 	73.0 	74.4 	74.2 	74.0 	73.5 	74.0 	73.1 	73.0 	72.9 	73.3 	75.7 	73.6 	75.7 	75.7 
A,PC_TOT_EXP,SITC2_4,EU27_2020,PL	83.7 	85.4 	83.1 	82.1 	86.5 	87.3 	83.5 	81.8 	81.8 	79.7 	76.0 	75.5 	76.7 	78.4 	75.5 	74.8 	75.4 	71.1 	70.3 	73.4 	77.4 	75.7 	73.4 	74.6 
A,PC_TOT_EXP,SITC2_4,EU27_2020,PT	77.0 	79.8 	78.9 	78.9 	78.9 	79.4 	75.7 	70.6 	76.4 	71.0 	69.9 	66.8 	65.1 	65.3 	67.3 	66.6 	71.0 	66.0 	65.1 	69.2 	71.6 	66.6 	71.2 	70.1 
A,PC_TOT_EXP,SITC2_4,EU27_2020,RO	38.7 	40.1 	38.1 	35.8 	41.1 	38.6 	50.7 	46.1 	45.7 	49.0 	46.8 	50.4 	49.6 	58.8 	63.2 	64.9 	65.1 	62.4 	59.2 	60.3 	68.8 	67.8 	64.8 	63.3 
A,PC_TOT_EXP,SITC2_4,EU27_2020,SE	57.3 	58.5 	58.1 	57.4 	57.9 	58.5 	58.4 	53.1 	55.0 	53.5 	52.6 	51.9 	50.1 	51.5 	50.8 	50.6 	53.3 	48.7 	45.8 	47.3 	47.7 	48.6 	50.9 	48.9 
A,PC_TOT_EXP,SITC2_4,EU27_2020,SI	88.6 	90.0 	81.2 	73.8 	71.3 	68.8 	68.7 	60.0 	70.5 	72.3 	64.7 	63.8 	65.6 	63.3 	63.7 	68.5 	67.4 	65.2 	62.5 	69.0 	68.8 	66.0 	77.9 	79.6 
A,PC_TOT_EXP,SITC2_4,EU27_2020,SK	91.9 	90.9 	92.3 	92.9 	92.0 	91.4 	92.6 	93.4 	93.0 	93.5 	95.0 	94.3 	92.5 	90.9 	92.9 	91.7 	90.1 	89.3 	90.6 	91.7 	94.7 	92.9 	91.3 	90.3 
A,PC_TOT_EXP,SITC2_4,EXT_EU27_2020,AT	22.8 	21.4 	21.4 	21.8 	18.7 	19.5 	20.3 	21.3 	21.0 	22.9 	22.2 	22.6 	22.6 	25.0 	25.7 	26.8 	26.4 	27.8 	25.8 	25.6 	23.2 	13.2 	16.4 	17.6 
A,PC_TOT_EXP,SITC2_4,EXT_EU27_2020,BE	24.7 	23.4 	22.8 	24.4 	23.8 	23.8 	23.9 	27.7 	28.9 	28.6 	28.1 	26.4 	27.7 	26.6 	27.0 	28.3 	28.8 	30.3 	32.7 	33.4 	30.2 	30.5 	28.2 	24.6 
A,PC_TOT_EXP,SITC2_4,EXT_EU27_2020,BG	40.3 	47.7 	55.0 	53.5 	50.4 	48.6 	51.1 	41.1 	40.8 	41.2 	51.2 	45.5 	38.5 	38.0 	34.4 	36.2 	34.9 	38.5 	40.2 	38.2 	37.0 	42.7 	45.3 	44.3 
A,PC_TOT_EXP,SITC2_4,EXT_EU27_2020,CY	50.3 	45.3 	46.6 	51.7 	45.6 	38.1 	37.8 	50.6 	48.6 	45.9 	43.3 	44.0 	48.8 	49.5 	53.3 	47.6 	43.7 	37.8 	41.9 	43.2 	43.4 	47.8 	47.3 	46.8 
A,PC_TOT_EXP,SITC2_4,EXT_EU27_2020,CZ	9.6 	10.4 	10.4 	13.2 	9.8 	9.2 	8.7 	10.3 	10.3 	10.6 	13.6 	13.8 	14.9 	15.0 	14.7 	14.5 	13.6 	16.9 	15.8 	14.0 	13.6 	13.1 	14.5 	14.5 
A,PC_TOT_EXP,SITC2_4,EXT_EU27_2020,DE	27.7 	25.8 	26.6 	28.2 	28.2 	27.2 	28.4 	31.3 	29.7 	28.9 	30.6 	30.2 	29.4 	29.0 	28.7 	29.8 	30.0 	31.8 	32.9 	31.8 	29.6 	29.3 	29.6 	31.0 
A,PC_TOT_EXP,SITC2_4,EXT_EU27_2020,DK	42.2 	38.8 	41.0 	41.4 	38.6 	35.8 	40.8 	42.5 	48.9 	49.3 	56.1 	59.5 	50.4 	56.8 	48.0 	49.5 	47.7 	46.8 	42.5 	41.5 	41.2 	43.7 	44.7 	39.2 
A,PC_TOT_EXP,SITC2_4,EXT_EU27_2020,EE	36.7 	35.0 	39.7 	37.6 	38.8 	35.8 	35.7 	30.5 	30.7 	29.5 	32.0 	31.3 	32.1 	33.1 	33.2 	35.6 	31.8 	29.6 	30.9 	33.7 	31.7 	30.0 	28.5 	27.3 
A,PC_TOT_EXP,SITC2_4,EXT_EU27_2020,EL	40.2 	40.9 	46.6 	38.7 	36.8 	33.4 	45.2 	52.1 	57.0 	51.7 	55.8 	50.5 	56.5 	44.0 	46.3 	53.0 	51.1 	60.7 	52.5 	55.2 	47.5 	40.6 	47.6 	44.2 
A,PC_TOT_EXP,SITC2_4,EXT_EU27_2020,ES	33.5 	35.1 	35.5 	39.0 	39.3 	37.5 	35.0 	38.5 	39.7 	37.8 	41.3 	39.3 	37.8 	42.7 	45.5 	42.8 	45.8 	46.0 	46.6 	46.6 	46.0 	44.3 	46.8 	47.1 
A,PC_TOT_EXP,SITC2_4,EXT_EU27_2020,EU27_2020	31.3 	30.1 	29.8 	30.8 	30.4 	29.5 	29.3 	32.5 	31.9 	31.9 	33.4 	33.3 	33.0 	33.3 	33.3 	33.7 	33.7 	35.0 	35.5 	34.8 	32.7 	33.3 	33.6 	33.2 
A,PC_TOT_EXP,SITC2_4,EXT_EU27_2020,FI	46.8 	44.3 	45.3 	44.9 	47.0 	48.5 	51.0 	55.7 	54.3 	56.9 	61.8 	60.6 	56.5 	58.7 	58.2 	59.7 	58.3 	58.7 	61.3 	59.5 	59.2 	60.5 	59.4 	60.6 
A,PC_TOT_EXP,SITC2_4,EXT_EU27_2020,FR	27.2 	24.4 	24.0 	24.7 	23.9 	22.9 	22.2 	27.5 	27.0 	26.0 	28.8 	29.0 	27.8 	29.6 	29.9 	29.2 	28.6 	30.3 	30.5 	26.1 	26.0 	28.4 	30.3 	28.3 
A,PC_TOT_EXP,SITC2_4,EXT_EU27_2020,HR	9.7 	12.1 	13.3 	17.8 	19.4 	20.8 	27.0 	27.2 	25.1 	28.9 	31.5 	25.8 	30.4 	31.9 	28.2 	32.0 	27.6 	29.5 	32.2 	34.1 	34.3 	33.7 	34.5 	32.6 
A,PC_TOT_EXP,SITC2_4,EXT_EU27_2020,HU	15.0 	14.1 	13.5 	15.4 	12.9 	10.8 	11.2 	11.5 	13.3 	13.2 	14.1 	16.4 	15.7 	15.2 	14.7 	14.8 	14.2 	15.9 	13.3 	11.9 	11.1 	11.8 	14.7 	14.8 
A,PC_TOT_EXP,SITC2_4,EXT_EU27_2020,IE	62.6 	58.2 	59.8 	57.2 	50.3 	47.5 	48.4 	50.5 	48.2 	50.7 	47.6 	49.2 	52.0 	49.2 	52.7 	48.9 	49.8 	51.8 	55.7 	52.9 	56.5 	61.9 	68.6 	66.0 
A,PC_TOT_EXP,SITC2_4,EXT_EU27_2020,IT	44.2 	42.6 	40.8 	42.4 	43.3 	41.7 	42.6 	46.9 	46.4 	46.1 	46.1 	47.4 	46.7 	46.0 	46.0 	46.6 	45.7 	45.6 	45.4 	45.3 	43.8 	44.1 	46.8 	44.7 
A,PC_TOT_EXP,SITC2_4,EXT_EU27_2020,LT	37.0 	31.2 	35.5 	36.8 	32.7 	25.6 	30.3 	26.2 	24.1 	29.5 	25.3 	32.0 	34.5 	33.6 	38.6 	44.9 	43.2 	39.9 	37.9 	41.9 	35.8 	36.8 	35.6 	32.8 
A,PC_TOT_EXP,SITC2_4,EXT_EU27_2020,LU	5.1 	5.6 	7.5 	11.6 	9.4 	9.9 	4.2 	3.0 	3.4 	5.2 	4.5 	9.7 	18.9 	12.4 	6.7 	2.5 	1.1 	2.4 	2.2 	2.3 	2.4 	1.2 	1.7 	0.8 
A,PC_TOT_EXP,SITC2_4,EXT_EU27_2020,LV	49.9 	52.2 	48.5 	42.5 	37.9 	34.4 	26.2 	30.4 	32.5 	33.7 	35.8 	36.7 	41.9 	45.0 	44.9 	43.2 	43.4 	39.9 	40.4 	55.3 	43.9 	42.9 	41.2 	42.4 
A,PC_TOT_EXP,SITC2_4,EXT_EU27_2020,MT	35.4 	45.6 	28.5 	26.6 	27.6 	54.2 	60.7 	65.0 	60.3 	67.1 	61.1 	57.9 	61.7 	63.5 	72.8 	73.9 	76.7 	81.5 	88.4 	92.6 	74.5 	70.3 	81.3 	74.0 
A,PC_TOT_EXP,SITC2_4,EXT_EU27_2020,NL	26.8 	26.4 	25.0 	26.2 	27.4 	27.5 	25.9 	28.7 	26.4 	26.7 	27.0 	25.6 	25.8 	26.0 	26.5 	26.0 	26.9 	27.0 	27.1 	26.7 	24.3 	26.4 	24.3 	24.3 
A,PC_TOT_EXP,SITC2_4,EXT_EU27_2020,PL	16.3 	14.6 	16.9 	17.9 	13.5 	12.7 	16.5 	18.2 	18.2 	20.3 	24.0 	24.5 	23.3 	21.6 	24.5 	25.2 	24.6 	28.9 	29.7 	26.6 	22.6 	24.3 	26.6 	25.4 
A,PC_TOT_EXP,SITC2_4,EXT_EU27_2020,PT	23.0 	20.2 	21.1 	21.1 	21.1 	20.6 	24.3 	29.4 	23.6 	29.0 	30.1 	33.2 	34.9 	34.7 	32.7 	33.4 	29.0 	34.0 	34.9 	30.8 	28.4 	33.4 	28.8 	29.9 
A,PC_TOT_EXP,SITC2_4,EXT_EU27_2020,RO	61.3 	59.9 	61.9 	64.2 	58.9 	61.4 	49.3 	53.9 	54.3 	51.0 	53.2 	49.6 	50.4 	41.2 	36.8 	35.1 	34.9 	37.6 	40.8 	39.7 	31.2 	32.2 	35.2 	36.7 
A,PC_TOT_EXP,SITC2_4,EXT_EU27_2020,SE	42.7 	41.5 	41.9 	42.6 	42.1 	41.5 	41.6 	46.9 	45.0 	46.5 	47.4 	48.1 	49.9 	48.5 	49.2 	49.4 	46.7 	51.3 	54.2 	52.7 	52.3 	51.4 	49.1 	51.1 
A,PC_TOT_EXP,SITC2_4,EXT_EU27_2020,SI	11.4 	10.0 	18.8 	26.2 	28.7 	31.2 	31.3 	40.0 	29.5 	27.7 	35.3 	36.2 	34.4 	36.7 	36.3 	31.5 	32.6 	34.8 	37.5 	31.0 	31.2 	34.0 	22.1 	20.4 
A,PC_TOT_EXP,SITC2_4,EXT_EU27_2020,SK	8.1 	9.1 	7.7 	7.1 	8.0 	8.6 	7.4 	6.6 	7.0 	6.5 	5.0 	5.7 	7.5 	9.1 	7.1 	8.3 	9.9 	10.7 	9.4 	8.3 	5.3 	7.1 	8.7 	9.7 
A,PC_TOT_EXP,SITC3,EU27_2020,AT	80.7 	90.3 	94.1 	93.9 	92.1 	94.7 	94.8 	94.5 	93.7 	93.8 	87.6 	83.6 	85.3 	81.0 	83.6 	84.5 	85.4 	87.9 	89.3 	89.3 	82.8 	81.8 	87.8 	84.7 
A,PC_TOT_EXP,SITC3,EU27_2020,BE	69.7 	72.7 	74.9 	77.2 	72.9 	69.2 	71.3 	71.1 	69.5 	67.5 	66.8 	61.2 	60.1 	60.6 	61.8 	60.6 	61.1 	61.7 	63.9 	68.0 	75.5 	67.6 	65.0 	72.8 
A,PC_TOT_EXP,SITC3,EU27_2020,BG	55.8 	37.4 	22.3 	31.4 	29.8 	30.5 	26.8 	33.2 	25.3 	23.3 	22.8 	22.4 	22.1 	28.8 	28.1 	26.0 	39.3 	32.4 	40.4 	52.1 	32.3 	26.4 	48.3 	56.9 
A,PC_TOT_EXP,SITC3,EU27_2020,CY	6.9 	0.5 	62.7 	68.5 	74.1 	74.3 	75.7 	73.3 	72.3 	70.8 	75.5 	72.1 	69.7 	33.5 	29.5 	28.2 	16.5 	25.3 	16.3 	13.1 	20.4 	10.7 	12.5 	6.6 
A,PC_TOT_EXP,SITC3,EU27_2020,CZ	94.8 	96.3 	97.3 	97.3 	97.1 	96.7 	96.3 	93.3 	93.5 	91.7 	93.3 	95.5 	95.1 	93.7 	91.5 	89.2 	89.3 	88.6 	92.3 	89.5 	97.0 	94.1 	94.4 	94.4 
A,PC_TOT_EXP,SITC3,EU27_2020,DE	66.0 	70.3 	74.3 	71.6 	71.1 	70.6 	72.5 	71.8 	75.1 	76.5 	65.5 	70.5 	72.6 	74.3 	72.3 	71.8 	74.4 	77.3 	80.2 	74.5 	76.8 	74.0 	73.0 	73.2 
A,PC_TOT_EXP,SITC3,EU27_2020,DK	74.8 	79.1 	87.4 	85.0 	76.9 	78.2 	78.9 	69.8 	75.3 	65.4 	62.5 	67.7 	65.3 	77.0 	78.3 	78.1 	72.0 	71.8 	61.4 	70.8 	75.4 	68.2 	69.9 	68.5 
A,PC_TOT_EXP,SITC3,EU27_2020,EE	79.7 	76.2 	58.7 	39.4 	18.2 	28.6 	38.0 	40.0 	44.1 	43.0 	46.9 	65.3 	63.1 	59.7 	57.6 	50.4 	41.6 	58.7 	47.0 	58.7 	68.3 	76.7 	58.9 	48.4 
A,PC_TOT_EXP,SITC3,EU27_2020,EL	24.6 	27.6 	15.1 	17.2 	30.4 	26.7 	35.8 	29.4 	21.2 	17.7 	15.6 	20.0 	21.0 	25.3 	23.4 	22.2 	22.5 	27.6 	29.8 	23.3 	39.2 	37.8 	32.3 	31.9 
A,PC_TOT_EXP,SITC3,EU27_2020,ES	52.5 	52.9 	51.1 	48.9 	38.9 	30.3 	34.4 	32.1 	35.3 	30.2 	40.2 	36.8 	39.5 	44.6 	47.3 	49.3 	50.0 	50.3 	51.0 	50.3 	58.4 	56.4 	56.5 	56.2 
A,PC_TOT_EXP,SITC3,EU27_2020,EU27_2020	69.2 	70.9 	71.0 	70.3 	66.6 	63.5 	65.1 	64.3 	63.6 	63.3 	60.9 	60.6 	61.3 	62.1 	61.3 	59.5 	60.4 	62.0 	63.5 	64.4 	70.3 	67.4 	65.7 	66.5 
A,PC_TOT_EXP,SITC3,EU27_2020,FI	68.9 	67.1 	68.1 	69.4 	63.3 	67.6 	68.1 	64.7 	73.8 	72.4 	66.6 	67.3 	64.7 	72.5 	70.0 	69.0 	70.7 	72.8 	79.1 	74.5 	72.9 	77.4 	79.4 	85.0 
A,PC_TOT_EXP,SITC3,EU27_2020,FR	53.9 	54.5 	53.2 	55.8 	58.3 	51.8 	51.0 	51.9 	52.4 	55.1 	50.8 	52.7 	57.9 	54.5 	51.2 	54.5 	55.5 	60.1 	61.9 	58.8 	69.2 	66.4 	64.9 	60.5 
A,PC_TOT_EXP,SITC3,EU27_2020,HR	44.0 	41.2 	35.7 	36.2 	43.1 	31.6 	31.6 	45.6 	37.2 	36.0 	36.8 	51.4 	54.5 	55.2 	51.1 	39.6 	45.9 	42.0 	59.0 	59.0 	60.3 	53.8 	51.6 	49.4 
A,PC_TOT_EXP,SITC3,EU27_2020,HU	83.3 	83.3 	82.7 	82.4 	81.5 	74.6 	72.8 	78.5 	79.9 	78.3 	79.8 	73.5 	69.6 	67.4 	69.0 	62.4 	66.8 	62.6 	61.0 	63.3 	67.8 	54.3 	56.7 	54.0 
A,PC_TOT_EXP,SITC3,EU27_2020,IE	8.6 	7.3 	23.3 	14.1 	9.3 	7.7 	26.4 	19.9 	33.2 	30.7 	24.8 	7.5 	6.8 	9.4 	15.0 	21.2 	21.4 	15.8 	23.0 	18.2 	16.8 	25.8 	28.0 	39.8 
A,PC_TOT_EXP,SITC3,EU27_2020,IT	51.2 	54.9 	48.8 	44.2 	46.4 	47.8 	44.9 	45.5 	44.5 	42.3 	37.2 	32.5 	32.7 	33.0 	42.0 	40.4 	43.0 	48.2 	44.9 	45.8 	49.3 	47.5 	43.1 	42.1 
A,PC_TOT_EXP,SITC3,EU27_2020,LT	39.7 	33.2 	60.8 	60.1 	60.3 	64.3 	62.2 	65.2 	58.9 	68.8 	65.3 	56.6 	58.3 	56.0 	47.8 	47.9 	47.7 	49.9 	51.6 	49.6 	68.7 	62.2 	65.5 	65.3 
A,PC_TOT_EXP,SITC3,EU27_2020,LU	99.4 	99.9 	99.5 	98.3 	99.3 	99.5 	99.8 	99.9 	99.9 	99.9 	99.8 	99.8 	99.7 	99.5 	96.9 	97.1 	98.3 	97.1 	97.5 	97.2 	98.6 	97.8 	98.4 	99.2 
A,PC_TOT_EXP,SITC3,EU27_2020,LV	86.3 	85.1 	66.0 	74.2 	63.7 	65.4 	66.5 	77.9 	75.7 	68.9 	70.1 	83.8 	91.6 	89.2 	88.4 	85.8 	87.1 	81.5 	80.8 	88.5 	87.5 	83.8 	74.3 	60.1 
A,PC_TOT_EXP,SITC3,EU27_2020,MT	3.1 	58.7 	70.3 	60.9 	31.4 	6.9 	2.6 	16.8 	23.0 	31.5 	32.2 	57.4 	98.3 	55.9 	99.5 	86.5 	92.1 	86.2 	99.7 	74.9 	99.9 	99.7 	98.7 	95.3 
A,PC_TOT_EXP,SITC3,EU27_2020,NL	83.0 	85.0 	82.6 	81.8 	75.9 	72.1 	76.4 	73.8 	72.4 	73.5 	72.6 	70.8 	72.5 	70.8 	66.5 	63.6 	64.2 	64.3 	64.9 	70.2 	77.1 	76.6 	75.1 	76.2 
A,PC_TOT_EXP,SITC3,EU27_2020,PL	85.4 	88.7 	87.8 	85.2 	82.8 	85.9 	82.5 	82.8 	83.3 	80.3 	78.8 	75.5 	77.0 	79.4 	82.4 	81.9 	82.6 	83.0 	80.2 	81.1 	76.3 	72.7 	68.1 	63.9 
A,PC_TOT_EXP,SITC3,EU27_2020,PT	33.2 	31.2 	39.9 	46.6 	39.9 	32.9 	34.1 	38.1 	37.1 	41.6 	41.4 	49.1 	54.6 	53.2 	49.4 	50.0 	51.2 	52.3 	49.2 	50.5 	45.0 	41.2 	43.2 	41.4 
A,PC_TOT_EXP,SITC3,EU27_2020,RO	57.2 	46.5 	53.6 	47.0 	33.5 	37.2 	34.9 	36.4 	40.8 	29.9 	26.7 	30.0 	31.7 	38.8 	41.5 	45.5 	40.8 	39.3 	42.8 	51.7 	48.3 	47.4 	48.4 	40.7 
A,PC_TOT_EXP,SITC3,EU27_2020,SE	65.5 	61.0 	56.6 	63.4 	57.8 	54.9 	50.6 	50.5 	44.0 	46.9 	48.6 	58.0 	55.6 	54.5 	60.8 	59.6 	62.2 	58.2 	61.7 	59.0 	60.0 	63.4 	65.0 	64.7 
A,PC_TOT_EXP,SITC3,EU27_2020,SI	35.7 	66.6 	87.2 	75.9 	92.3 	87.8 	90.1 	90.5 	91.2 	89.5 	93.9 	95.8 	91.0 	87.8 	83.3 	77.6 	81.4 	80.4 	71.5 	64.5 	69.8 	82.7 	80.0 	74.0 
A,PC_TOT_EXP,SITC3,EU27_2020,SK	99.2 	98.4 	99.1 	98.3 	98.4 	98.9 	98.6 	98.7 	97.0 	95.6 	95.5 	96.6 	96.2 	94.7 	95.2 	93.4 	95.4 	91.3 	90.4 	91.4 	86.6 	90.5 	87.5 	88.9 
A,PC_TOT_EXP,SITC3,EXT_EU27_2020,AT	19.3 	9.7 	5.9 	6.1 	7.9 	5.3 	5.2 	5.5 	6.3 	6.2 	12.4 	16.4 	14.7 	19.0 	16.4 	15.5 	14.6 	12.1 	10.7 	10.7 	17.2 	18.2 	12.2 	15.3 
A,PC_TOT_EXP,SITC3,EXT_EU27_2020,BE	30.3 	27.3 	25.1 	22.8 	27.1 	30.8 	28.7 	28.9 	30.5 	32.5 	33.2 	38.8 	39.9 	39.4 	38.2 	39.4 	38.9 	38.3 	36.1 	32.0 	24.5 	32.4 	35.0 	27.2 
A,PC_TOT_EXP,SITC3,EXT_EU27_2020,BG	44.2 	62.6 	77.7 	68.6 	70.2 	69.5 	73.2 	66.8 	74.7 	76.7 	77.2 	77.6 	77.9 	71.2 	71.9 	74.0 	60.7 	67.6 	59.6 	47.9 	67.7 	73.6 	51.7 	43.1 
A,PC_TOT_EXP,SITC3,EXT_EU27_2020,CY	93.1 	99.5 	37.3 	31.5 	25.9 	25.7 	24.3 	26.7 	27.7 	29.2 	24.5 	27.9 	30.3 	66.5 	70.5 	71.8 	83.5 	74.7 	83.7 	86.9 	79.6 	89.3 	87.5 	93.4 
A,PC_TOT_EXP,SITC3,EXT_EU27_2020,CZ	5.2 	3.7 	2.7 	2.7 	2.9 	3.3 	3.7 	6.7 	6.5 	8.3 	6.7 	4.5 	4.9 	6.3 	8.5 	10.8 	10.7 	11.4 	7.7 	10.5 	3.0 	5.9 	5.6 	5.6 
A,PC_TOT_EXP,SITC3,EXT_EU27_2020,DE	34.0 	29.7 	25.7 	28.4 	28.9 	29.4 	27.5 	28.2 	24.9 	23.5 	34.5 	29.5 	27.4 	25.7 	27.7 	28.2 	25.6 	22.7 	19.8 	25.5 	23.2 	26.0 	27.0 	26.8 
A,PC_TOT_EXP,SITC3,EXT_EU27_2020,DK	25.2 	20.9 	12.6 	15.0 	23.1 	21.8 	21.1 	30.2 	24.7 	34.6 	37.5 	32.3 	34.7 	23.0 	21.7 	21.9 	28.0 	28.2 	38.6 	29.2 	24.6 	31.8 	30.1 	31.5 
A,PC_TOT_EXP,SITC3,EXT_EU27_2020,EE	20.3 	23.8 	41.3 	60.6 	81.8 	71.4 	62.0 	60.0 	55.9 	57.0 	53.1 	34.7 	36.9 	40.3 	42.4 	49.6 	58.4 	41.3 	53.0 	41.3 	31.7 	23.3 	41.1 	51.6 
A,PC_TOT_EXP,SITC3,EXT_EU27_2020,EL	75.4 	72.4 	84.9 	82.8 	69.6 	73.3 	64.2 	70.6 	78.8 	82.3 	84.4 	80.0 	79.0 	74.7 	76.6 	77.8 	77.5 	72.4 	70.2 	76.7 	60.8 	62.2 	67.7 	68.1 
A,PC_TOT_EXP,SITC3,EXT_EU27_2020,ES	47.5 	47.1 	48.9 	51.1 	61.1 	69.7 	65.6 	67.9 	64.7 	69.8 	59.8 	63.2 	60.5 	55.4 	52.7 	50.7 	50.0 	49.7 	49.0 	49.7 	41.6 	43.6 	43.5 	43.8 
A,PC_TOT_EXP,SITC3,EXT_EU27_2020,EU27_2020	30.8 	29.1 	29.0 	29.7 	33.4 	36.5 	34.9 	35.7 	36.4 	36.7 	39.1 	39.4 	38.7 	37.9 	38.7 	40.5 	39.6 	38.0 	36.5 	35.6 	29.7 	32.6 	34.3 	33.5 
A,PC_TOT_EXP,SITC3,EXT_EU27_2020,FI	31.1 	32.9 	31.9 	30.6 	36.7 	32.4 	31.9 	35.3 	26.2 	27.6 	33.4 	32.7 	35.3 	27.5 	30.0 	31.0 	29.3 	27.2 	20.9 	25.5 	27.1 	22.6 	20.6 	15.0 
A,PC_TOT_EXP,SITC3,EXT_EU27_2020,FR	46.1 	45.5 	46.8 	44.2 	41.7 	48.2 	49.0 	48.1 	47.6 	44.9 	49.2 	47.3 	42.1 	45.5 	48.8 	45.5 	44.5 	39.9 	38.1 	41.2 	30.8 	33.6 	35.1 	39.5 
A,PC_TOT_EXP,SITC3,EXT_EU27_2020,HR	56.0 	58.8 	64.3 	63.8 	56.9 	68.4 	68.4 	54.4 	62.8 	64.0 	63.2 	48.6 	45.5 	44.8 	48.9 	60.4 	54.1 	58.0 	41.0 	41.0 	39.7 	46.2 	48.4 	50.6 
A,PC_TOT_EXP,SITC3,EXT_EU27_2020,HU	16.7 	16.7 	17.3 	17.6 	18.5 	25.4 	27.2 	21.5 	20.1 	21.7 	20.2 	26.5 	30.4 	32.6 	31.0 	37.6 	33.2 	37.4 	39.0 	36.7 	32.2 	45.7 	43.3 	46.0 
A,PC_TOT_EXP,SITC3,EXT_EU27_2020,IE	91.4 	92.7 	76.7 	85.9 	90.7 	92.3 	73.6 	80.1 	66.8 	69.3 	75.2 	92.5 	93.2 	90.6 	85.0 	78.8 	78.6 	84.2 	77.0 	81.8 	83.2 	74.2 	72.0 	60.2 
A,PC_TOT_EXP,SITC3,EXT_EU27_2020,IT	48.8 	45.1 	51.2 	55.8 	53.6 	52.2 	55.1 	54.5 	55.5 	57.7 	62.8 	67.5 	67.3 	67.0 	58.0 	59.6 	57.0 	51.8 	55.1 	54.2 	50.7 	52.5 	56.9 	57.9 
A,PC_TOT_EXP,SITC3,EXT_EU27_2020,LT	60.3 	66.8 	39.2 	39.9 	39.7 	35.7 	37.8 	34.8 	41.1 	31.2 	34.7 	43.4 	41.7 	44.0 	52.2 	52.1 	52.3 	50.1 	48.4 	50.4 	31.3 	37.8 	34.5 	34.7 
A,PC_TOT_EXP,SITC3,EXT_EU27_2020,LU	0.6 	0.1 	0.5 	1.7 	0.7 	0.5 	0.2 	0.1 	0.1 	0.1 	0.2 	0.2 	0.3 	0.5 	3.1 	2.9 	1.7 	2.9 	2.5 	2.8 	1.4 	2.2 	1.6 	0.8 
A,PC_TOT_EXP,SITC3,EXT_EU27_2020,LV	13.7 	14.9 	34.0 	25.8 	36.3 	34.6 	33.5 	22.1 	24.3 	31.1 	29.9 	16.2 	8.4 	10.8 	11.6 	14.2 	12.9 	18.5 	19.2 	11.5 	12.5 	16.2 	25.7 	39.9 
A,PC_TOT_EXP,SITC3,EXT_EU27_2020,MT	96.9 	41.3 	29.7 	39.1 	68.6 	93.1 	97.4 	83.2 	77.0 	68.5 	67.8 	42.6 	1.7 	44.1 	0.5 	13.5 	7.9 	13.8 	0.3 	25.1 	0.1 	0.3 	1.3 	4.7 
A,PC_TOT_EXP,SITC3,EXT_EU27_2020,NL	17.0 	15.0 	17.4 	18.2 	24.1 	27.9 	23.6 	26.2 	27.6 	26.5 	27.4 	29.2 	27.5 	29.2 	33.5 	36.4 	35.8 	35.7 	35.1 	29.8 	22.9 	23.4 	24.9 	23.8 
A,PC_TOT_EXP,SITC3,EXT_EU27_2020,PL	14.6 	11.3 	12.2 	14.8 	17.2 	14.1 	17.5 	17.2 	16.7 	19.7 	21.2 	24.5 	23.0 	20.6 	17.6 	18.1 	17.4 	17.0 	19.8 	18.9 	23.7 	27.3 	31.9 	36.1 
A,PC_TOT_EXP,SITC3,EXT_EU27_2020,PT	66.8 	68.8 	60.1 	53.4 	60.1 	67.1 	65.9 	61.9 	62.9 	58.4 	58.6 	50.9 	45.4 	46.8 	50.6 	50.0 	48.8 	47.7 	50.8 	49.5 	55.0 	58.8 	56.8 	58.6 
A,PC_TOT_EXP,SITC3,EXT_EU27_2020,RO	42.8 	53.5 	46.4 	53.0 	66.5 	62.8 	65.1 	63.6 	59.2 	70.1 	73.3 	70.0 	68.3 	61.2 	58.5 	54.5 	59.2 	60.7 	57.2 	48.3 	51.7 	52.6 	51.6 	59.3 
A,PC_TOT_EXP,SITC3,EXT_EU27_2020,SE	34.5 	39.0 	43.4 	36.6 	42.2 	45.1 	49.4 	49.5 	56.0 	53.1 	51.4 	42.0 	44.4 	45.5 	39.2 	40.4 	37.8 	41.8 	38.3 	41.0 	40.0 	36.6 	35.0 	35.3 
A,PC_TOT_EXP,SITC3,EXT_EU27_2020,SI	64.3 	33.4 	12.8 	24.1 	7.7 	12.2 	9.9 	9.5 	8.8 	10.5 	6.1 	4.2 	9.0 	12.2 	16.7 	22.4 	18.6 	19.6 	28.5 	35.5 	30.2 	17.3 	20.0 	26.0 
A,PC_TOT_EXP,SITC3,EXT_EU27_2020,SK	0.8 	1.6 	0.9 	1.7 	1.6 	1.1 	1.4 	1.3 	3.0 	4.4 	4.5 	3.4 	3.8 	5.3 	4.8 	6.6 	4.6 	8.7 	9.6 	8.6 	13.4 	9.5 	12.5 	11.1 
A,PC_TOT_EXP,SITC5,EU27_2020,AT	61.3 	64.7 	65.7 	64.1 	64.5 	64.7 	64.8 	61.2 	60.2 	60.5 	61.1 	61.8 	62.4 	62.2 	58.9 	64.2 	63.9 	63.5 	64.7 	65.9 	66.6 	68.4 	60.7 	62.5 
A,PC_TOT_EXP,SITC5,EU27_2020,BE	64.0 	64.6 	64.5 	65.6 	65.3 	65.5 	68.7 	66.4 	63.9 	64.3 	60.7 	62.4 	61.3 	60.1 	60.1 	61.0 	63.4 	61.1 	58.7 	60.2 	59.9 	57.7 	59.4 	61.4 
A,PC_TOT_EXP,SITC5,EU27_2020,BG	35.0 	33.4 	37.3 	35.1 	43.0 	41.7 	43.6 	41.6 	39.0 	44.2 	45.1 	49.0 	50.1 	54.7 	63.4 	59.4 	59.2 	58.2 	60.1 	64.7 	64.9 	60.7 	54.8 	57.3 
A,PC_TOT_EXP,SITC5,EU27_2020,CY	39.5 	42.4 	41.4 	41.5 	40.4 	41.6 	40.4 	42.5 	50.9 	60.8 	56.2 	56.1 	51.2 	49.6 	51.1 	48.8 	55.1 	50.6 	53.9 	47.8 	47.9 	50.2 	53.2 	55.6 
A,PC_TOT_EXP,SITC5,EU27_2020,CZ	80.6 	81.1 	80.3 	77.4 	79.2 	79.5 	79.9 	78.0 	76.6 	76.9 	75.4 	76.4 	78.7 	78.6 	79.7 	80.4 	80.4 	78.5 	78.9 	81.3 	81.3 	80.7 	79.4 	79.0 
A,PC_TOT_EXP,SITC5,EU27_2020,DE	54.1 	57.5 	57.6 	59.5 	58.7 	60.0 	58.7 	57.6 	57.3 	56.7 	53.1 	52.6 	52.0 	50.6 	50.7 	50.8 	52.9 	51.2 	51.2 	52.8 	53.8 	52.8 	51.3 	52.4 
A,PC_TOT_EXP,SITC5,EU27_2020,DK	55.5 	55.7 	55.6 	55.0 	57.9 	56.5 	56.2 	53.3 	49.8 	49.1 	42.9 	42.9 	43.2 	40.5 	40.7 	42.6 	41.1 	36.7 	36.2 	37.2 	36.0 	39.4 	42.9 	40.0 
A,PC_TOT_EXP,SITC5,EU27_2020,EE	53.3 	56.4 	66.9 	65.3 	57.8 	60.1 	60.1 	62.7 	56.2 	50.6 	49.0 	56.9 	56.9 	61.4 	61.6 	63.6 	68.4 	69.8 	68.6 	72.2 	70.7 	72.7 	75.1 	78.2 
A,PC_TOT_EXP,SITC5,EU27_2020,EL	51.4 	53.3 	54.9 	59.2 	61.3 	65.2 	64.4 	66.0 	65.3 	66.2 	65.5 	64.4 	64.6 	64.2 	65.4 	65.7 	66.5 	67.5 	66.7 	69.1 	67.9 	68.2 	66.9 	69.2 
A,PC_TOT_EXP,SITC5,EU27_2020,ES	56.8 	58.6 	58.7 	56.6 	57.7 	60.6 	59.2 	58.7 	58.2 	57.1 	56.4 	54.8 	53.3 	53.2 	54.6 	54.9 	55.3 	54.3 	54.5 	61.1 	64.8 	58.0 	56.4 	55.8 
A,PC_TOT_EXP,SITC5,EU27_2020,EU27_2020	58.0 	59.0 	59.3 	60.3 	60.3 	61.0 	61.4 	59.8 	58.8 	58.5 	56.9 	57.0 	56.7 	55.4 	55.3 	55.4 	56.4 	54.7 	54.8 	57.2 	57.8 	56.4 	54.8 	53.6 
A,PC_TOT_EXP,SITC5,EU27_2020,FI	52.4 	52.7 	54.2 	53.1 	51.7 	54.1 	54.7 	49.6 	49.1 	50.1 	48.6 	50.0 	52.0 	51.8 	52.9 	53.3 	52.7 	56.3 	56.0 	53.5 	58.9 	56.9 	56.2 	60.9 
A,PC_TOT_EXP,SITC5,EU27_2020,FR	53.2 	55.6 	55.6 	55.5 	55.4 	56.0 	56.5 	54.6 	53.4 	54.4 	53.9 	54.1 	53.7 	52.1 	51.6 	51.5 	51.6 	51.5 	51.6 	54.1 	55.2 	55.4 	53.4 	54.2 
A,PC_TOT_EXP,SITC5,EU27_2020,HR	62.0 	59.4 	61.0 	54.4 	51.8 	49.1 	49.4 	44.5 	45.9 	41.2 	37.1 	41.0 	45.9 	54.9 	51.3 	51.2 	62.3 	60.8 	61.1 	62.9 	64.8 	60.9 	59.4 	61.9 
A,PC_TOT_EXP,SITC5,EU27_2020,HU	61.7 	60.8 	61.6 	62.8 	64.9 	68.9 	69.4 	68.2 	69.2 	71.9 	69.3 	67.3 	71.4 	73.5 	73.3 	73.3 	74.0 	72.4 	71.4 	73.7 	75.5 	75.3 	77.1 	75.7 
A,PC_TOT_EXP,SITC5,EU27_2020,IE	51.6 	48.6 	52.3 	54.0 	51.6 	49.4 	51.1 	52.7 	47.0 	45.1 	47.9 	45.0 	43.8 	42.7 	41.7 	41.5 	42.7 	41.1 	46.3 	43.0 	45.5 	48.4 	43.6 	34.0 
A,PC_TOT_EXP,SITC5,EU27_2020,IT	58.0 	56.5 	55.8 	57.4 	59.7 	61.0 	59.9 	58.4 	57.7 	57.3 	56.8 	57.8 	60.6 	59.3 	58.8 	56.3 	56.0 	55.1 	56.2 	59.6 	57.0 	52.6 	52.2 	52.1 
A,PC_TOT_EXP,SITC5,EU27_2020,LT	68.6 	76.4 	68.3 	63.2 	65.9 	70.3 	64.3 	65.3 	63.6 	64.8 	64.0 	65.1 	65.3 	64.2 	61.5 	59.3 	57.7 	56.4 	53.2 	53.9 	60.3 	59.0 	63.5 	67.0 
A,PC_TOT_EXP,SITC5,EU27_2020,LU	85.4 	85.6 	82.2 	86.0 	84.1 	82.3 	88.3 	90.6 	89.4 	90.0 	91.8 	91.9 	90.7 	86.8 	86.4 	85.6 	84.4 	81.7 	82.4 	86.0 	87.4 	87.1 	87.3 	89.1 
A,PC_TOT_EXP,SITC5,EU27_2020,LV	63.0 	61.5 	60.1 	56.3 	58.8 	64.1 	64.3 	62.0 	56.6 	60.2 	57.0 	57.6 	56.3 	59.4 	57.5 	56.6 	58.3 	61.0 	64.3 	65.6 	66.8 	63.4 	72.7 	70.8 
A,PC_TOT_EXP,SITC5,EU27_2020,MT	54.5 	31.4 	37.2 	47.4 	65.1 	62.1 	56.4 	59.2 	62.7 	61.8 	63.0 	62.8 	58.5 	50.5 	20.9 	70.0 	75.8 	76.3 	73.4 	67.0 	62.8 	62.4 	60.5 	66.1 
A,PC_TOT_EXP,SITC5,EU27_2020,NL	67.2 	67.9 	67.8 	68.4 	68.3 	67.1 	69.3 	66.9 	68.3 	67.6 	67.1 	67.1 	65.4 	63.9 	64.1 	63.1 	64.5 	62.1 	61.6 	67.3 	68.5 	67.6 	65.7 	67.3 
A,PC_TOT_EXP,SITC5,EU27_2020,PL	67.8 	67.5 	62.0 	61.6 	64.6 	63.9 	63.9 	63.1 	64.9 	66.8 	64.8 	66.1 	68.5 	70.1 	69.9 	70.8 	71.1 	70.6 	70.3 	72.9 	74.6 	71.2 	72.3 	73.0 
A,PC_TOT_EXP,SITC5,EU27_2020,PT	68.9 	71.9 	74.5 	75.8 	76.7 	75.5 	74.3 	71.3 	72.6 	69.8 	70.1 	71.6 	68.4 	68.2 	69.1 	69.9 	69.2 	68.4 	70.3 	71.4 	68.9 	61.3 	66.4 	72.0 
A,PC_TOT_EXP,SITC5,EU27_2020,RO	44.2 	45.6 	42.7 	39.1 	43.5 	53.3 	53.5 	56.2 	57.0 	53.0 	52.8 	57.5 	57.5 	61.0 	60.3 	60.2 	61.5 	63.5 	63.4 	68.4 	71.2 	67.0 	60.6 	63.4 
A,PC_TOT_EXP,SITC5,EU27_2020,SE	52.5 	51.9 	49.1 	52.0 	52.2 	57.6 	56.4 	52.5 	52.0 	50.3 	49.6 	49.1 	50.1 	47.6 	48.9 	47.5 	46.4 	43.1 	43.0 	48.7 	48.2 	51.2 	49.9 	51.1 
A,PC_TOT_EXP,SITC5,EU27_2020,SI	59.1 	54.6 	56.4 	58.8 	57.7 	58.6 	57.2 	58.4 	60.7 	59.0 	57.9 	57.6 	57.5 	60.4 	62.8 	63.3 	61.4 	49.1 	40.0 	37.6 	27.1 	21.5 	18.2 	14.2 
A,PC_TOT_EXP,SITC5,EU27_2020,SK	87.8 	87.8 	86.3 	84.2 	84.0 	86.2 	85.6 	84.1 	85.9 	87.2 	87.4 	88.3 	88.5 	88.3 	88.0 	87.4 	88.1 	87.2 	85.9 	87.9 	88.3 	86.7 	86.2 	84.9 
A,PC_TOT_EXP,SITC5,EXT_EU27_2020,AT	38.7 	35.3 	34.3 	35.9 	35.5 	35.3 	35.2 	38.8 	39.8 	39.5 	38.9 	38.2 	37.6 	37.8 	41.1 	35.8 	36.1 	36.5 	35.3 	34.1 	33.4 	31.6 	39.3 	37.5 
A,PC_TOT_EXP,SITC5,EXT_EU27_2020,BE	36.0 	35.4 	35.5 	34.4 	34.7 	34.5 	31.3 	33.6 	36.1 	35.7 	39.3 	37.6 	38.7 	39.9 	39.9 	39.0 	36.6 	38.9 	41.3 	39.8 	40.1 	42.3 	40.6 	38.6 
A,PC_TOT_EXP,SITC5,EXT_EU27_2020,BG	65.0 	66.6 	62.7 	64.9 	57.0 	58.3 	56.4 	58.4 	61.0 	55.8 	54.9 	51.0 	49.9 	45.3 	36.6 	40.6 	40.8 	41.8 	39.9 	35.3 	35.1 	39.3 	45.2 	42.7 
A,PC_TOT_EXP,SITC5,EXT_EU27_2020,CY	60.5 	57.6 	58.6 	58.5 	59.6 	58.4 	59.6 	57.5 	49.1 	39.2 	43.8 	43.9 	48.8 	50.4 	48.9 	51.2 	44.9 	49.4 	46.1 	52.2 	52.1 	49.8 	46.8 	44.4 
A,PC_TOT_EXP,SITC5,EXT_EU27_2020,CZ	19.4 	18.9 	19.7 	22.6 	20.8 	20.5 	20.1 	22.0 	23.4 	23.1 	24.6 	23.6 	21.3 	21.4 	20.3 	19.6 	19.6 	21.5 	21.1 	18.7 	18.7 	19.3 	20.6 	21.0 
A,PC_TOT_EXP,SITC5,EXT_EU27_2020,DE	45.9 	42.5 	42.4 	40.5 	41.3 	40.0 	41.3 	42.4 	42.7 	43.3 	46.9 	47.4 	48.0 	49.4 	49.3 	49.2 	47.1 	48.8 	48.8 	47.2 	46.2 	47.2 	48.7 	47.6 
A,PC_TOT_EXP,SITC5,EXT_EU27_2020,DK	44.5 	44.3 	44.4 	45.0 	42.1 	43.5 	43.8 	46.7 	50.2 	50.9 	57.1 	57.1 	56.8 	59.5 	59.3 	57.4 	58.9 	63.3 	63.8 	62.8 	64.0 	60.6 	57.1 	60.0 
A,PC_TOT_EXP,SITC5,EXT_EU27_2020,EE	46.7 	43.6 	33.1 	34.7 	42.2 	39.9 	39.9 	37.3 	43.8 	49.4 	51.0 	43.1 	43.1 	38.6 	38.4 	36.4 	31.6 	30.2 	31.4 	27.8 	29.3 	27.3 	24.9 	21.8 
A,PC_TOT_EXP,SITC5,EXT_EU27_2020,EL	48.6 	46.7 	45.1 	40.8 	38.7 	34.8 	35.6 	34.0 	34.7 	33.8 	34.5 	35.6 	35.4 	35.8 	34.6 	34.3 	33.5 	32.5 	33.3 	30.9 	32.1 	31.8 	33.1 	30.8 
A,PC_TOT_EXP,SITC5,EXT_EU27_2020,ES	43.2 	41.4 	41.3 	43.4 	42.3 	39.4 	40.8 	41.3 	41.8 	42.9 	43.6 	45.2 	46.7 	46.8 	45.4 	45.1 	44.7 	45.7 	45.5 	38.9 	35.2 	42.0 	43.6 	44.2 
A,PC_TOT_EXP,SITC5,EXT_EU27_2020,EU27_2020	42.0 	41.0 	40.7 	39.7 	39.7 	39.0 	38.6 	40.2 	41.2 	41.5 	43.1 	43.0 	43.3 	44.6 	44.7 	44.6 	43.6 	45.3 	45.2 	42.8 	42.2 	43.6 	45.2 	46.4 
A,PC_TOT_EXP,SITC5,EXT_EU27_2020,FI	47.6 	47.3 	45.8 	46.9 	48.3 	45.9 	45.3 	50.4 	50.9 	49.9 	51.4 	50.0 	48.0 	48.2 	47.1 	46.7 	47.3 	43.7 	44.0 	46.5 	41.1 	43.1 	43.8 	39.1 
A,PC_TOT_EXP,SITC5,EXT_EU27_2020,FR	46.8 	44.4 	44.4 	44.5 	44.6 	44.0 	43.5 	45.4 	46.6 	45.6 	46.1 	45.9 	46.3 	47.9 	48.4 	48.5 	48.4 	48.5 	48.4 	45.9 	44.8 	44.6 	46.6 	45.8 
A,PC_TOT_EXP,SITC5,EXT_EU27_2020,HR	38.0 	40.6 	39.0 	45.6 	48.2 	50.9 	50.6 	55.5 	54.1 	58.8 	62.9 	59.0 	54.1 	45.1 	48.7 	48.8 	37.7 	39.2 	38.9 	37.1 	35.2 	39.1 	40.6 	38.1 
A,PC_TOT_EXP,SITC5,EXT_EU27_2020,HU	38.3 	39.2 	38.4 	37.2 	35.1 	31.1 	30.6 	31.8 	30.8 	28.1 	30.7 	32.7 	28.6 	26.5 	26.7 	26.7 	26.0 	27.6 	28.6 	26.3 	24.5 	24.7 	22.9 	24.3 
A,PC_TOT_EXP,SITC5,EXT_EU27_2020,IE	48.4 	51.4 	47.7 	46.0 	48.4 	50.6 	48.9 	47.3 	53.0 	54.9 	52.1 	55.0 	56.2 	57.3 	58.3 	58.5 	57.3 	58.9 	53.7 	57.0 	54.5 	51.6 	56.4 	66.0 
A,PC_TOT_EXP,SITC5,EXT_EU27_2020,IT	42.0 	43.5 	44.2 	42.6 	40.3 	39.0 	40.1 	41.6 	42.3 	42.7 	43.2 	42.2 	39.4 	40.7 	41.2 	43.7 	44.0 	44.9 	43.8 	40.4 	43.0 	47.4 	47.8 	47.9 
A,PC_TOT_EXP,SITC5,EXT_EU27_2020,LT	31.4 	23.6 	31.7 	36.8 	34.1 	29.7 	35.7 	34.7 	36.4 	35.2 	36.0 	34.9 	34.7 	35.8 	38.5 	40.7 	42.3 	43.6 	46.8 	46.1 	39.7 	41.0 	36.5 	33.0 
A,PC_TOT_EXP,SITC5,EXT_EU27_2020,LU	14.6 	14.4 	17.8 	14.0 	15.9 	17.7 	11.7 	9.4 	10.6 	10.0 	8.2 	8.1 	9.3 	13.2 	13.6 	14.4 	15.6 	18.3 	17.6 	14.0 	12.6 	12.9 	12.7 	10.9 
A,PC_TOT_EXP,SITC5,EXT_EU27_2020,LV	37.0 	38.5 	39.9 	43.7 	41.2 	35.9 	35.7 	38.0 	43.4 	39.8 	43.0 	42.4 	43.7 	40.6 	42.5 	43.4 	41.7 	39.0 	35.7 	34.4 	33.2 	36.6 	27.3 	29.2 
A,PC_TOT_EXP,SITC5,EXT_EU27_2020,MT	45.5 	68.6 	62.8 	52.6 	34.9 	37.9 	43.6 	40.8 	37.3 	38.2 	37.0 	37.2 	41.5 	49.5 	79.1 	30.0 	24.2 	23.7 	26.6 	33.0 	37.2 	37.6 	39.5 	33.9 
A,PC_TOT_EXP,SITC5,EXT_EU27_2020,NL	32.8 	32.1 	32.2 	31.6 	31.7 	32.9 	30.7 	33.1 	31.7 	32.4 	32.9 	32.9 	34.6 	36.1 	35.9 	36.9 	35.5 	37.9 	38.4 	32.7 	31.5 	32.4 	34.3 	32.7 
A,PC_TOT_EXP,SITC5,EXT_EU27_2020,PL	32.2 	32.5 	38.0 	38.4 	35.4 	36.1 	36.1 	36.9 	35.1 	33.2 	35.2 	33.9 	31.5 	29.9 	30.1 	29.2 	28.9 	29.4 	29.7 	27.1 	25.4 	28.8 	27.7 	27.0 
A,PC_TOT_EXP,SITC5,EXT_EU27_2020,PT	31.1 	28.1 	25.5 	24.2 	23.3 	24.5 	25.7 	28.7 	27.4 	30.2 	29.9 	28.4 	31.6 	31.8 	30.9 	30.1 	30.8 	31.6 	29.7 	28.6 	31.1 	38.7 	33.6 	28.0 
A,PC_TOT_EXP,SITC5,EXT_EU27_2020,RO	55.8 	54.4 	57.3 	60.9 	56.5 	46.7 	46.5 	43.8 	43.0 	47.0 	47.2 	42.5 	42.5 	39.0 	39.7 	39.8 	38.5 	36.5 	36.6 	31.6 	28.8 	33.0 	39.4 	36.6 
A,PC_TOT_EXP,SITC5,EXT_EU27_2020,SE	47.5 	48.1 	50.9 	48.0 	47.8 	42.4 	43.6 	47.5 	48.0 	49.7 	50.4 	50.9 	49.9 	52.4 	51.1 	52.5 	53.6 	56.9 	57.0 	51.3 	51.8 	48.8 	50.1 	48.9 
A,PC_TOT_EXP,SITC5,EXT_EU27_2020,SI	40.9 	45.4 	43.6 	41.2 	42.3 	41.4 	42.8 	41.6 	39.3 	41.0 	42.1 	42.4 	42.5 	39.6 	37.2 	36.7 	38.6 	50.9 	60.0 	62.4 	72.9 	78.5 	81.8 	85.8 
A,PC_TOT_EXP,SITC5,EXT_EU27_2020,SK	12.2 	12.2 	13.7 	15.8 	16.0 	13.8 	14.4 	15.9 	14.1 	12.8 	12.6 	11.7 	11.5 	11.7 	12.0 	12.6 	11.9 	12.8 	14.1 	12.1 	11.7 	13.3 	13.8 	15.1 
A,PC_TOT_EXP,SITC6_8,EU27_2020,AT	72.4 	74.0 	73.0 	71.2 	71.2 	71.3 	71.5 	70.9 	71.3 	71.1 	69.2 	68.4 	68.9 	69.6 	70.8 	70.6 	71.1 	70.8 	71.6 	71.4 	73.0 	72.6 	71.7 	72.3 
A,PC_TOT_EXP,SITC6_8,EU27_2020,BE	62.2 	66.0 	66.4 	66.2 	67.8 	68.6 	70.0 	68.3 	65.0 	63.6 	61.8 	61.2 	61.1 	63.3 	63.6 	64.8 	65.9 	66.7 	67.7 	70.2 	71.7 	73.3 	73.7 	73.7 
A,PC_TOT_EXP,SITC6_8,EU27_2020,BG	73.0 	73.3 	73.0 	71.6 	70.4 	69.6 	74.0 	72.7 	68.0 	70.5 	67.7 	69.4 	69.3 	69.1 	67.3 	62.5 	65.0 	68.0 	66.1 	67.3 	74.7 	74.1 	74.5 	69.0 
A,PC_TOT_EXP,SITC6_8,EU27_2020,CY	45.9 	49.8 	59.3 	59.9 	66.6 	72.7 	73.3 	78.0 	69.8 	65.5 	50.6 	41.9 	37.7 	28.7 	29.9 	31.7 	27.2 	37.1 	43.7 	51.9 	56.4 	64.6 	67.6 	66.6 
A,PC_TOT_EXP,SITC6_8,EU27_2020,CZ	82.2 	83.0 	82.7 	81.1 	81.5 	81.4 	82.0 	80.8 	80.6 	80.6 	79.0 	79.2 	79.5 	79.9 	81.0 	81.0 	81.6 	81.6 	81.8 	82.4 	83.1 	82.9 	81.3 	81.1 
A,PC_TOT_EXP,SITC6_8,EU27_2020,DE	61.0 	61.7 	61.2 	61.7 	61.6 	62.8 	62.2 	61.4 	60.8 	60.0 	57.5 	57.6 	58.3 	58.6 	59.2 	58.7 	59.5 	59.3 	59.4 	60.8 	61.8 	61.9 	62.0 	62.3 
A,PC_TOT_EXP,SITC6_8,EU27_2020,DK	65.0 	65.3 	65.3 	65.7 	66.4 	66.8 	66.8 	65.9 	64.5 	63.9 	62.2 	62.8 	63.7 	63.4 	63.6 	62.5 	63.8 	63.9 	64.3 	64.7 	65.8 	66.3 	63.7 	64.6 
A,PC_TOT_EXP,SITC6_8,EU27_2020,EE	78.0 	79.2 	76.2 	74.8 	72.3 	73.9 	72.8 	73.9 	72.4 	71.8 	69.9 	69.7 	71.2 	74.2 	73.9 	74.3 	74.7 	75.0 	76.1 	76.0 	74.7 	75.6 	76.5 	77.8 
A,PC_TOT_EXP,SITC6_8,EU27_2020,EL	62.9 	63.7 	65.0 	64.3 	68.1 	68.8 	65.2 	62.0 	61.7 	60.9 	56.2 	57.5 	58.7 	58.1 	61.4 	62.2 	62.4 	66.7 	68.7 	69.6 	68.9 	67.7 	65.3 	66.3 
A,PC_TOT_EXP,SITC6_8,EU27_2020,ES	62.4 	64.1 	65.2 	65.8 	66.0 	65.8 	65.1 	64.8 	64.5 	62.9 	58.7 	57.9 	58.3 	57.9 	59.3 	59.6 	60.1 	61.2 	62.4 	64.3 	65.3 	67.6 	66.3 	66.8 
A,PC_TOT_EXP,SITC6_8,EU27_2020,EU27_2020	62.7 	64.2 	64.2 	64.3 	65.0 	65.8 	65.8 	64.9 	64.4 	64.1 	61.5 	61.3 	61.8 	62.1 	63.0 	63.3 	63.7 	63.3 	64.1 	65.8 	66.4 	66.1 	65.7 	66.2 
A,PC_TOT_EXP,SITC6_8,EU27_2020,FI	59.4 	60.1 	60.3 	59.8 	61.3 	60.9 	61.3 	59.4 	58.0 	57.5 	56.2 	55.4 	57.5 	58.7 	58.3 	58.3 	56.3 	53.9 	56.6 	59.5 	61.1 	64.4 	64.8 	64.5 
A,PC_TOT_EXP,SITC6_8,EU27_2020,FR	58.2 	60.1 	60.4 	59.8 	60.7 	61.1 	60.7 	59.0 	58.4 	57.9 	55.0 	54.9 	55.0 	54.4 	54.8 	56.0 	55.7 	53.6 	54.7 	57.1 	57.0 	55.2 	55.0 	55.4 
A,PC_TOT_EXP,SITC6_8,EU27_2020,HR	78.0 	77.6 	76.0 	70.8 	72.4 	70.5 	70.2 	70.0 	72.5 	74.0 	74.8 	72.4 	74.3 	75.8 	75.0 	75.1 	73.9 	77.0 	74.3 	75.5 	75.8 	74.3 	71.9 	73.1 
A,PC_TOT_EXP,SITC6_8,EU27_2020,HU	83.8 	84.6 	83.6 	83.1 	83.9 	83.9 	83.3 	82.1 	81.8 	81.9 	79.9 	79.1 	79.3 	78.1 	78.2 	78.9 	78.7 	78.1 	78.0 	78.6 	77.0 	77.8 	77.2 	76.1 
A,PC_TOT_EXP,SITC6_8,EU27_2020,IE	37.3 	39.1 	32.3 	36.7 	34.1 	36.0 	36.2 	35.7 	35.1 	37.9 	35.8 	36.7 	34.6 	35.5 	37.3 	33.5 	33.6 	33.7 	32.8 	32.4 	30.5 	32.2 	34.2 	32.3 
A,PC_TOT_EXP,SITC6_8,EU27_2020,IT	54.3 	55.9 	56.6 	56.5 	56.7 	57.1 	56.2 	56.1 	56.1 	55.6 	52.5 	51.1 	51.4 	50.7 	51.8 	52.6 	52.8 	51.8 	53.2 	54.9 	55.2 	54.4 	52.8 	54.6 
A,PC_TOT_EXP,SITC6_8,EU27_2020,LT	68.8 	69.2 	68.6 	67.7 	65.9 	63.4 	57.8 	60.9 	58.1 	57.4 	53.7 	50.0 	50.3 	56.0 	56.6 	56.3 	57.8 	57.2 	59.6 	61.9 	62.6 	62.2 	67.0 	69.5 
A,PC_TOT_EXP,SITC6_8,EU27_2020,LU	79.9 	81.0 	81.8 	79.2 	79.8 	79.8 	81.3 	81.7 	79.5 	80.2 	78.6 	78.4 	77.2 	75.4 	77.9 	78.8 	78.3 	77.1 	78.0 	79.4 	79.1 	77.8 	78.8 	80.0 
A,PC_TOT_EXP,SITC6_8,EU27_2020,LV	73.7 	75.3 	72.5 	71.1 	70.3 	71.1 	68.2 	65.2 	66.5 	65.9 	62.6 	67.3 	70.2 	70.2 	70.9 	70.1 	69.5 	69.0 	69.8 	72.3 	69.8 	66.4 	70.5 	70.6 
A,PC_TOT_EXP,SITC6_8,EU27_2020,MT	52.2 	54.4 	52.4 	54.9 	51.2 	49.8 	49.7 	51.5 	59.1 	58.9 	56.8 	54.5 	55.5 	54.5 	63.6 	63.1 	57.2 	54.1 	50.4 	48.5 	47.9 	42.1 	41.3 	40.7 
A,PC_TOT_EXP,SITC6_8,EU27_2020,NL	70.5 	71.7 	70.7 	71.5 	72.6 	76.2 	76.6 	75.3 	76.3 	76.7 	73.1 	73.1 	73.5 	72.9 	73.5 	73.4 	73.1 	71.9 	72.3 	75.5 	75.8 	74.7 	73.8 	74.2 
A,PC_TOT_EXP,SITC6_8,EU27_2020,PL	77.4 	78.6 	76.6 	75.1 	75.0 	74.7 	74.6 	74.9 	75.2 	75.1 	73.1 	73.2 	75.0 	76.9 	77.0 	77.1 	77.9 	77.5 	77.9 	78.8 	79.3 	78.3 	77.5 	78.8 
A,PC_TOT_EXP,SITC6_8,EU27_2020,PT	70.8 	73.0 	73.1 	75.1 	76.1 	76.5 	74.3 	73.6 	73.1 	71.9 	68.0 	66.2 	66.1 	67.3 	69.9 	69.7 	70.8 	71.2 	72.2 	71.9 	72.2 	73.3 	72.8 	74.1 
A,PC_TOT_EXP,SITC6_8,EU27_2020,RO	75.7 	75.7 	73.9 	72.0 	75.3 	75.5 	77.1 	79.0 	76.6 	77.0 	75.1 	75.3 	75.5 	75.0 	75.9 	76.3 	77.9 	77.7 	77.6 	77.7 	76.8 	75.5 	76.2 	77.0 
A,PC_TOT_EXP,SITC6_8,EU27_2020,SE	55.3 	56.0 	56.2 	56.2 	57.4 	57.6 	58.3 	56.6 	56.2 	55.2 	54.1 	55.4 	55.0 	55.4 	56.4 	57.5 	57.8 	56.8 	57.2 	58.0 	57.9 	56.2 	55.1 	55.2 
A,PC_TOT_EXP,SITC6_8,EU27_2020,SI	77.2 	78.0 	77.5 	76.8 	76.7 	76.5 	75.9 	75.8 	75.9 	76.4 	74.7 	74.7 	74.9 	75.2 	74.6 	73.6 	74.5 	74.4 	75.0 	76.2 	76.0 	75.0 	78.5 	78.4 
A,PC_TOT_EXP,SITC6_8,EU27_2020,SK	85.8 	86.9 	87.2 	85.5 	85.9 	85.5 	86.4 	86.5 	86.9 	87.6 	86.2 	85.0 	84.8 	85.0 	84.7 	85.6 	86.3 	85.5 	85.4 	86.9 	85.9 	85.5 	85.4 	84.3 
A,PC_TOT_EXP,SITC6_8,EXT_EU27_2020,AT	27.6 	26.0 	27.0 	28.8 	28.8 	28.7 	28.5 	29.1 	28.7 	28.9 	30.8 	31.6 	31.1 	30.4 	29.2 	29.4 	28.9 	29.2 	28.4 	28.6 	27.0 	27.4 	28.3 	27.7 
A,PC_TOT_EXP,SITC6_8,EXT_EU27_2020,BE	37.8 	34.0 	33.6 	33.8 	32.2 	31.4 	30.0 	31.7 	35.0 	36.4 	38.2 	38.8 	38.9 	36.7 	36.4 	35.2 	34.1 	33.3 	32.3 	29.8 	28.3 	26.7 	26.3 	26.3 
A,PC_TOT_EXP,SITC6_8,EXT_EU27_2020,BG	27.0 	26.7 	27.0 	28.4 	29.6 	30.4 	26.0 	27.3 	32.0 	29.5 	32.3 	30.6 	30.7 	30.9 	32.7 	37.5 	35.0 	32.0 	33.9 	32.7 	25.3 	25.9 	25.5 	31.0 
A,PC_TOT_EXP,SITC6_8,EXT_EU27_2020,CY	54.1 	50.2 	40.7 	40.1 	33.4 	27.3 	26.7 	22.0 	30.2 	34.5 	49.4 	58.1 	62.3 	71.3 	70.1 	68.3 	72.8 	62.9 	56.3 	48.1 	43.6 	35.4 	32.4 	33.4 
A,PC_TOT_EXP,SITC6_8,EXT_EU27_2020,CZ	17.8 	17.0 	17.3 	18.9 	18.5 	18.6 	18.0 	19.2 	19.4 	19.4 	21.0 	20.8 	20.5 	20.1 	19.0 	19.0 	18.4 	18.4 	18.2 	17.6 	16.9 	17.1 	18.7 	18.9 
A,PC_TOT_EXP,SITC6_8,EXT_EU27_2020,DE	39.0 	38.3 	38.8 	38.3 	38.4 	37.2 	37.8 	38.6 	39.2 	40.0 	42.5 	42.4 	41.7 	41.4 	40.8 	41.3 	40.5 	40.7 	40.6 	39.2 	38.2 	38.1 	38.0 	37.7 
A,PC_TOT_EXP,SITC6_8,EXT_EU27_2020,DK	35.0 	34.7 	34.7 	34.3 	33.6 	33.2 	33.2 	34.1 	35.5 	36.1 	37.8 	37.2 	36.3 	36.6 	36.4 	37.5 	36.2 	36.1 	35.7 	35.3 	34.2 	33.7 	36.3 	35.4 
A,PC_TOT_EXP,SITC6_8,EXT_EU27_2020,EE	22.0 	20.8 	23.8 	25.2 	27.7 	26.1 	27.2 	26.1 	27.6 	28.2 	30.1 	30.3 	28.8 	25.8 	26.1 	25.7 	25.3 	25.0 	23.9 	24.0 	25.3 	24.4 	23.5 	22.2 
A,PC_TOT_EXP,SITC6_8,EXT_EU27_2020,EL	37.1 	36.3 	35.0 	35.7 	31.9 	31.2 	34.8 	38.0 	38.3 	39.1 	43.8 	42.5 	41.3 	41.9 	38.6 	37.8 	37.6 	33.3 	31.3 	30.4 	31.1 	32.3 	34.7 	33.7 
A,PC_TOT_EXP,SITC6_8,EXT_EU27_2020,ES	37.6 	35.9 	34.8 	34.2 	34.0 	34.2 	34.9 	35.2 	35.5 	37.1 	41.3 	42.1 	41.7 	42.1 	40.7 	40.4 	39.9 	38.8 	37.6 	35.7 	34.7 	32.4 	33.7 	33.2 
A,PC_TOT_EXP,SITC6_8,EXT_EU27_2020,EU27_2020	37.3 	35.8 	35.8 	35.7 	35.0 	34.2 	34.2 	35.1 	35.6 	35.9 	38.5 	38.7 	38.2 	37.9 	37.0 	36.7 	36.3 	36.7 	35.9 	34.2 	33.6 	33.9 	34.3 	33.8 
A,PC_TOT_EXP,SITC6_8,EXT_EU27_2020,FI	40.6 	39.9 	39.7 	40.2 	38.7 	39.1 	38.7 	40.6 	42.0 	42.5 	43.8 	44.6 	42.5 	41.3 	41.7 	41.7 	43.7 	46.1 	43.4 	40.5 	38.9 	35.6 	35.2 	35.5 
A,PC_TOT_EXP,SITC6_8,EXT_EU27_2020,FR	41.8 	39.9 	39.6 	40.2 	39.3 	38.9 	39.3 	41.0 	41.6 	42.1 	45.0 	45.1 	45.0 	45.6 	45.2 	44.0 	44.3 	46.4 	45.3 	42.9 	43.0 	44.8 	45.0 	44.6 
A,PC_TOT_EXP,SITC6_8,EXT_EU27_2020,HR	22.0 	22.4 	24.0 	29.2 	27.6 	29.5 	29.8 	30.0 	27.5 	26.0 	25.2 	27.6 	25.7 	24.2 	25.0 	24.9 	26.1 	23.0 	25.7 	24.5 	24.2 	25.7 	28.1 	26.9 
A,PC_TOT_EXP,SITC6_8,EXT_EU27_2020,HU	16.2 	15.4 	16.4 	16.9 	16.1 	16.1 	16.7 	17.9 	18.2 	18.1 	20.1 	20.9 	20.7 	21.9 	21.8 	21.1 	21.3 	21.9 	22.0 	21.4 	23.0 	22.2 	22.8 	23.9 
A,PC_TOT_EXP,SITC6_8,EXT_EU27_2020,IE	62.7 	60.9 	67.7 	63.3 	65.9 	64.0 	63.8 	64.3 	64.9 	62.1 	64.2 	63.3 	65.4 	64.5 	62.7 	66.5 	66.4 	66.3 	67.2 	67.6 	69.5 	67.8 	65.8 	67.7 
A,PC_TOT_EXP,SITC6_8,EXT_EU27_2020,IT	45.7 	44.1 	43.4 	43.5 	43.3 	42.9 	43.8 	43.9 	43.9 	44.4 	47.5 	48.9 	48.6 	49.3 	48.2 	47.4 	47.2 	48.2 	46.8 	45.1 	44.8 	45.6 	47.2 	45.4 
A,PC_TOT_EXP,SITC6_8,EXT_EU27_2020,LT	31.2 	30.8 	31.4 	32.3 	34.1 	36.6 	42.2 	39.1 	41.9 	42.6 	46.3 	50.0 	49.7 	44.0 	43.4 	43.7 	42.2 	42.8 	40.4 	38.1 	37.4 	37.8 	33.0 	30.5 
A,PC_TOT_EXP,SITC6_8,EXT_EU27_2020,LU	20.1 	19.0 	18.2 	20.8 	20.2 	20.2 	18.7 	18.3 	20.5 	19.8 	21.4 	21.6 	22.8 	24.6 	22.1 	21.2 	21.7 	22.9 	22.0 	20.6 	20.9 	22.2 	21.2 	20.0 
A,PC_TOT_EXP,SITC6_8,EXT_EU27_2020,LV	26.3 	24.7 	27.5 	28.9 	29.7 	28.9 	31.8 	34.8 	33.5 	34.1 	37.4 	32.7 	29.8 	29.8 	29.1 	29.9 	30.5 	31.0 	30.2 	27.7 	30.2 	33.6 	29.5 	29.4 
A,PC_TOT_EXP,SITC6_8,EXT_EU27_2020,MT	47.8 	45.6 	47.6 	45.1 	48.8 	50.2 	50.3 	48.5 	40.9 	41.1 	43.2 	45.5 	44.5 	45.5 	36.4 	36.9 	42.8 	45.9 	49.6 	51.5 	52.1 	57.9 	58.7 	59.3 
A,PC_TOT_EXP,SITC6_8,EXT_EU27_2020,NL	29.5 	28.3 	29.3 	28.5 	27.4 	23.8 	23.4 	24.7 	23.7 	23.3 	26.9 	26.9 	26.5 	27.1 	26.5 	26.6 	26.9 	28.1 	27.7 	24.5 	24.2 	25.3 	26.2 	25.8 
A,PC_TOT_EXP,SITC6_8,EXT_EU27_2020,PL	22.6 	21.4 	23.4 	24.9 	25.0 	25.3 	25.4 	25.1 	24.8 	24.9 	26.9 	26.8 	25.0 	23.1 	23.0 	22.9 	22.1 	22.5 	22.1 	21.2 	20.7 	21.7 	22.5 	21.2 
A,PC_TOT_EXP,SITC6_8,EXT_EU27_2020,PT	29.2 	27.0 	26.9 	24.9 	23.9 	23.5 	25.7 	26.4 	26.9 	28.1 	32.0 	33.8 	33.9 	32.7 	30.1 	30.3 	29.2 	28.8 	27.8 	28.1 	27.8 	26.7 	27.2 	25.9 
A,PC_TOT_EXP,SITC6_8,EXT_EU27_2020,RO	24.3 	24.3 	26.1 	28.0 	24.7 	24.5 	22.9 	21.0 	23.4 	23.0 	24.9 	24.7 	24.5 	25.0 	24.1 	23.7 	22.1 	22.3 	22.4 	22.3 	23.2 	24.5 	23.8 	23.0 
A,PC_TOT_EXP,SITC6_8,EXT_EU27_2020,SE	44.7 	44.0 	43.8 	43.8 	42.6 	42.4 	41.7 	43.4 	43.8 	44.8 	45.9 	44.6 	45.0 	44.6 	43.6 	42.5 	42.2 	43.2 	42.8 	42.0 	42.1 	43.8 	44.9 	44.8 
A,PC_TOT_EXP,SITC6_8,EXT_EU27_2020,SI	22.8 	22.0 	22.5 	23.2 	23.3 	23.5 	24.1 	24.2 	24.1 	23.6 	25.3 	25.3 	25.1 	24.8 	25.4 	26.4 	25.5 	25.6 	25.0 	23.8 	24.0 	25.0 	21.5 	21.6 
A,PC_TOT_EXP,SITC6_8,EXT_EU27_2020,SK	14.2 	13.1 	12.8 	14.5 	14.1 	14.5 	13.6 	13.5 	13.1 	12.4 	13.8 	15.0 	15.2 	15.0 	15.3 	14.4 	13.7 	14.5 	14.6 	13.1 	14.1 	14.5 	14.6 	15.7 
A,PC_TOT_EXP,SITC7,EU27_2020,AT	70.6 	69.2 	67.1 	65.1 	67.2 	68.2 	67.2 	67.2 	66.1 	64.1 	63.5 	64.9 	63.8 	64.0 	65.7 	66.3 	65.9 	64.6 	65.2 	65.6 	64.7 	63.7 	63.6 	65.0 
A,PC_TOT_EXP,SITC7,EU27_2020,BE	66.1 	68.3 	69.0 	68.3 	68.2 	68.4 	67.4 	66.7 	63.9 	61.5 	58.2 	58.9 	60.3 	61.5 	62.1 	63.5 	64.1 	66.2 	66.9 	72.0 	69.7 	68.4 	70.4 	70.3 
A,PC_TOT_EXP,SITC7,EU27_2020,BG	56.8 	61.6 	61.5 	62.9 	67.0 	65.4 	63.0 	70.4 	69.6 	72.1 	70.0 	68.9 	71.6 	71.6 	71.2 	70.8 	74.0 	74.3 	74.9 	75.1 	73.9 	71.2 	69.8 	68.7 
A,PC_TOT_EXP,SITC7,EU27_2020,CY	38.2 	43.6 	32.1 	60.3 	50.7 	54.1 	56.8 	55.6 	66.4 	59.3 	35.5 	22.4 	40.2 	41.5 	35.7 	27.7 	19.6 	46.2 	27.4 	16.8 	13.4 	10.7 	14.1 	42.4 
A,PC_TOT_EXP,SITC7,EU27_2020,CZ	77.9 	81.2 	82.5 	80.6 	79.9 	78.6 	77.7 	78.1 	76.9 	75.9 	72.7 	72.2 	73.6 	74.9 	75.4 	76.4 	77.6 	77.7 	77.9 	78.5 	79.4 	79.7 	77.0 	76.1 
A,PC_TOT_EXP,SITC7,EU27_2020,DE	50.7 	51.5 	51.1 	51.7 	51.0 	52.2 	51.1 	49.5 	46.6 	45.6 	42.5 	42.0 	42.7 	43.2 	45.0 	45.8 	46.1 	46.3 	46.2 	47.1 	47.3 	48.4 	48.3 	50.9 
A,PC_TOT_EXP,SITC7,EU27_2020,DK	56.4 	60.4 	58.5 	57.4 	56.0 	55.5 	52.5 	50.1 	48.2 	47.3 	47.5 	51.5 	53.6 	54.0 	54.4 	47.9 	52.0 	52.2 	54.7 	50.3 	53.9 	52.7 	50.3 	51.6 
A,PC_TOT_EXP,SITC7,EU27_2020,EE	88.1 	88.7 	86.6 	87.3 	78.2 	81.2 	76.5 	77.5 	74.6 	68.8 	67.0 	71.8 	73.6 	77.6 	74.9 	72.0 	63.6 	63.7 	59.3 	59.8 	67.5 	73.1 	73.0 	78.1 
A,PC_TOT_EXP,SITC7,EU27_2020,EL	50.9 	56.0 	59.8 	50.0 	62.2 	57.8 	50.2 	37.9 	48.4 	52.4 	49.0 	47.5 	50.9 	55.8 	60.9 	60.3 	65.3 	63.3 	64.3 	64.1 	65.2 	63.4 	63.0 	62.9 
A,PC_TOT_EXP,SITC7,EU27_2020,ES	68.5 	68.4 	67.1 	65.1 	64.7 	65.1 	65.0 	67.4 	65.9 	63.8 	59.7 	55.9 	57.7 	58.4 	60.0 	60.5 	61.9 	61.5 	64.9 	63.6 	63.0 	62.3 	62.1 	60.9 
A,PC_TOT_EXP,SITC7,EU27_2020,EU27_2020	56.7 	58.3 	58.0 	57.6 	58.2 	58.4 	57.5 	57.3 	55.4 	54.4 	52.0 	51.8 	53.0 	53.7 	55.1 	55.5 	56.4 	56.7 	57.8 	58.5 	58.6 	58.7 	58.3 	58.8 
A,PC_TOT_EXP,SITC7,EU27_2020,FI	43.0 	43.0 	38.8 	39.7 	40.6 	40.7 	39.5 	42.6 	36.7 	38.2 	36.5 	39.6 	43.2 	49.0 	49.2 	53.5 	52.9 	54.4 	50.7 	56.4 	50.2 	47.0 	52.2 	46.8 
A,PC_TOT_EXP,SITC7,EU27_2020,FR	53.9 	55.9 	54.7 	51.5 	55.9 	54.8 	53.0 	52.8 	51.0 	50.5 	48.0 	48.8 	49.7 	49.4 	51.1 	49.1 	49.7 	49.2 	53.6 	53.1 	53.1 	53.2 	50.4 	48.8 
A,PC_TOT_EXP,SITC7,EU27_2020,HR	61.1 	71.5 	68.1 	67.5 	66.1 	60.8 	63.9 	60.5 	65.3 	62.1 	56.7 	58.9 	60.0 	62.4 	63.4 	64.3 	71.1 	67.5 	68.3 	66.4 	70.9 	70.8 	68.2 	70.0 
A,PC_TOT_EXP,SITC7,EU27_2020,HU	82.6 	82.1 	79.4 	77.1 	75.3 	73.7 	72.4 	72.1 	69.2 	67.7 	68.9 	71.4 	75.6 	77.6 	77.9 	78.7 	80.1 	80.9 	80.9 	80.1 	76.9 	77.2 	75.8 	75.3 
A,PC_TOT_EXP,SITC7,EU27_2020,IE	35.1 	44.9 	44.7 	44.2 	45.9 	45.2 	40.6 	36.9 	39.8 	42.0 	38.9 	41.8 	41.1 	37.1 	29.2 	33.7 	30.4 	25.8 	24.6 	25.6 	23.2 	26.4 	29.3 	29.2 
A,PC_TOT_EXP,SITC7,EU27_2020,IT	53.0 	54.2 	53.9 	53.8 	54.1 	53.4 	51.7 	49.0 	48.2 	47.8 	45.9 	44.7 	45.2 	45.8 	46.8 	46.8 	48.9 	49.3 	49.4 	49.3 	48.9 	48.8 	48.6 	49.0 
A,PC_TOT_EXP,SITC7,EU27_2020,LT	44.0 	52.1 	49.5 	48.6 	46.7 	44.3 	37.9 	45.8 	40.1 	35.5 	32.8 	32.3 	33.8 	48.0 	50.3 	47.3 	48.7 	47.7 	49.2 	53.2 	55.0 	58.8 	70.5 	73.8 
A,PC_TOT_EXP,SITC7,EU27_2020,LU	75.9 	76.7 	79.7 	79.9 	78.9 	79.6 	80.1 	74.6 	61.4 	58.6 	60.6 	69.8 	78.0 	78.5 	75.2 	78.6 	78.8 	79.0 	77.1 	74.7 	73.2 	74.4 	75.1 	80.0 
A,PC_TOT_EXP,SITC7,EU27_2020,LV	59.5 	62.3 	58.1 	66.2 	60.1 	58.2 	60.2 	64.6 	63.1 	60.8 	61.1 	61.5 	66.7 	66.3 	67.2 	61.5 	63.8 	63.6 	64.9 	66.5 	66.0 	68.3 	79.6 	80.7 
A,PC_TOT_EXP,SITC7,EU27_2020,MT	31.3 	32.6 	34.2 	36.2 	39.6 	34.9 	33.2 	31.6 	31.0 	26.8 	24.7 	26.5 	32.7 	30.7 	35.9 	39.8 	42.1 	49.5 	49.4 	43.2 	48.7 	61.6 	51.2 	54.4 
A,PC_TOT_EXP,SITC7,EU27_2020,NL	66.3 	66.7 	65.7 	67.1 	65.7 	63.6 	64.8 	66.0 	65.7 	64.6 	62.5 	61.6 	61.9 	62.0 	63.4 	63.7 	63.2 	62.5 	63.9 	66.0 	66.4 	63.9 	63.6 	62.3 
A,PC_TOT_EXP,SITC7,EU27_2020,PL	77.3 	78.2 	75.1 	72.1 	72.3 	71.7 	70.0 	73.1 	71.6 	68.4 	65.3 	62.9 	67.1 	68.3 	69.9 	70.9 	71.5 	71.8 	72.6 	72.6 	72.9 	73.2 	72.4 	72.4 
A,PC_TOT_EXP,SITC7,EU27_2020,PT	74.1 	70.5 	68.9 	69.8 	68.6 	67.8 	65.6 	69.0 	70.8 	71.8 	66.4 	65.6 	64.6 	66.6 	69.3 	68.0 	72.9 	75.6 	75.7 	76.2 	76.6 	75.2 	76.0 	74.7 
A,PC_TOT_EXP,SITC7,EU27_2020,RO	66.1 	72.8 	76.3 	72.6 	72.5 	72.2 	71.7 	74.4 	71.3 	71.5 	71.2 	68.7 	71.0 	72.5 	74.2 	75.0 	76.0 	78.0 	79.7 	79.0 	79.7 	80.4 	77.7 	78.1 
A,PC_TOT_EXP,SITC7,EU27_2020,SE	43.8 	45.2 	47.5 	45.7 	48.7 	49.8 	47.2 	44.7 	43.2 	43.0 	44.2 	45.8 	47.0 	47.6 	49.6 	48.9 	50.2 	50.7 	50.3 	50.4 	50.0 	52.1 	50.4 	51.2 
A,PC_TOT_EXP,SITC7,EU27_2020,SI	81.1 	80.9 	77.9 	78.7 	77.0 	78.1 	78.0 	80.5 	79.8 	79.0 	75.4 	76.2 	78.1 	78.4 	76.8 	78.7 	79.7 	80.6 	78.7 	79.9 	80.1 	79.8 	79.4 	77.5 
A,PC_TOT_EXP,SITC7,EU27_2020,SK	87.5 	79.9 	78.7 	80.5 	78.6 	77.5 	74.8 	76.0 	74.7 	74.2 	72.9 	71.3 	73.3 	75.2 	75.6 	76.2 	76.4 	75.7 	74.6 	75.4 	74.6 	71.5 	72.1 	73.4 
A,PC_TOT_EXP,SITC7,EXT_EU27_2020,AT	29.4 	30.8 	32.9 	34.9 	32.8 	31.8 	32.8 	32.8 	33.9 	35.9 	36.5 	35.1 	36.2 	36.0 	34.3 	33.7 	34.1 	35.4 	34.8 	34.4 	35.3 	36.3 	36.4 	35.0 
A,PC_TOT_EXP,SITC7,EXT_EU27_2020,BE	33.9 	31.7 	31.0 	31.7 	31.8 	31.6 	32.6 	33.3 	36.1 	38.5 	41.8 	41.1 	39.7 	38.5 	37.9 	36.5 	35.9 	33.8 	33.1 	28.0 	30.3 	31.6 	29.6 	29.7 
A,PC_TOT_EXP,SITC7,EXT_EU27_2020,BG	43.2 	38.4 	38.5 	37.1 	33.0 	34.6 	37.0 	29.6 	30.4 	27.9 	30.0 	31.1 	28.4 	28.4 	28.8 	29.2 	26.0 	25.7 	25.1 	24.9 	26.1 	28.8 	30.2 	31.3 
A,PC_TOT_EXP,SITC7,EXT_EU27_2020,CY	61.8 	56.4 	67.9 	39.7 	49.3 	45.9 	43.2 	44.4 	33.6 	40.7 	64.5 	77.6 	59.8 	58.5 	64.3 	72.3 	80.4 	53.8 	72.6 	83.2 	86.6 	89.3 	85.9 	57.6 
A,PC_TOT_EXP,SITC7,EXT_EU27_2020,CZ	22.1 	18.8 	17.5 	19.4 	20.1 	21.4 	22.3 	21.9 	23.1 	24.1 	27.3 	27.8 	26.4 	25.1 	24.6 	23.6 	22.4 	22.3 	22.1 	21.5 	20.6 	20.3 	23.0 	23.9 
A,PC_TOT_EXP,SITC7,EXT_EU27_2020,DE	49.3 	48.5 	48.9 	48.3 	49.0 	47.8 	48.9 	50.5 	53.4 	54.4 	57.5 	58.0 	57.3 	56.8 	55.0 	54.2 	53.9 	53.7 	53.8 	52.9 	52.7 	51.6 	51.7 	49.1 
A,PC_TOT_EXP,SITC7,EXT_EU27_2020,DK	43.6 	39.6 	41.5 	42.6 	44.0 	44.5 	47.5 	49.9 	51.8 	52.7 	52.5 	48.5 	46.4 	46.0 	45.6 	52.1 	48.0 	47.8 	45.3 	49.7 	46.1 	47.3 	49.7 	48.4 
A,PC_TOT_EXP,SITC7,EXT_EU27_2020,EE	11.9 	11.3 	13.4 	12.7 	21.8 	18.8 	23.5 	22.5 	25.4 	31.2 	33.0 	28.2 	26.4 	22.4 	25.1 	28.0 	36.4 	36.3 	40.7 	40.2 	32.5 	26.9 	27.0 	21.9 
A,PC_TOT_EXP,SITC7,EXT_EU27_2020,EL	49.1 	44.0 	40.2 	50.0 	37.8 	42.2 	49.8 	62.1 	51.6 	47.6 	51.0 	52.5 	49.1 	44.2 	39.1 	39.7 	34.7 	36.7 	35.7 	35.9 	34.8 	36.6 	37.0 	37.1 
A,PC_TOT_EXP,SITC7,EXT_EU27_2020,ES	31.5 	31.6 	32.9 	34.9 	35.3 	34.9 	35.0 	32.6 	34.1 	36.2 	40.3 	44.1 	42.3 	41.6 	40.0 	39.5 	38.1 	38.5 	35.1 	36.4 	37.0 	37.7 	37.9 	39.1 
A,PC_TOT_EXP,SITC7,EXT_EU27_2020,EU27_2020	43.3 	41.7 	42.0 	42.4 	41.8 	41.6 	42.5 	42.7 	44.6 	45.6 	48.0 	48.2 	47.0 	46.3 	44.9 	44.5 	43.6 	43.3 	42.2 	41.5 	41.4 	41.3 	41.7 	41.2 
A,PC_TOT_EXP,SITC7,EXT_EU27_2020,FI	57.0 	57.0 	61.2 	60.3 	59.4 	59.3 	60.5 	57.4 	63.3 	61.8 	63.5 	60.4 	56.8 	51.0 	50.8 	46.5 	47.1 	45.6 	49.3 	43.6 	49.8 	53.0 	47.8 	53.2 
A,PC_TOT_EXP,SITC7,EXT_EU27_2020,FR	46.1 	44.1 	45.3 	48.5 	44.1 	45.2 	47.0 	47.2 	49.0 	49.5 	52.0 	51.2 	50.3 	50.6 	48.9 	50.9 	50.3 	50.8 	46.4 	46.9 	46.9 	46.8 	49.6 	51.2 
A,PC_TOT_EXP,SITC7,EXT_EU27_2020,HR	38.9 	28.5 	31.9 	32.5 	33.9 	39.2 	36.1 	39.5 	34.7 	37.9 	43.3 	41.1 	40.0 	37.6 	36.6 	35.7 	28.9 	32.5 	31.7 	33.6 	29.1 	29.2 	31.8 	30.0 
A,PC_TOT_EXP,SITC7,EXT_EU27_2020,HU	17.4 	17.9 	20.6 	22.9 	24.7 	26.3 	27.6 	27.9 	30.8 	32.3 	31.1 	28.6 	24.4 	22.4 	22.1 	21.3 	19.9 	19.1 	19.1 	19.9 	23.1 	22.8 	24.2 	24.7 
A,PC_TOT_EXP,SITC7,EXT_EU27_2020,IE	64.9 	55.1 	55.3 	55.8 	54.1 	54.8 	59.4 	63.1 	60.2 	58.0 	61.1 	58.2 	58.9 	62.9 	70.8 	66.3 	69.6 	74.2 	75.4 	74.4 	76.8 	73.6 	70.7 	70.8 
A,PC_TOT_EXP,SITC7,EXT_EU27_2020,IT	47.0 	45.8 	46.1 	46.2 	45.9 	46.6 	48.3 	51.0 	51.8 	52.2 	54.1 	55.3 	54.8 	54.2 	53.2 	53.2 	51.1 	50.7 	50.6 	50.7 	51.1 	51.2 	51.4 	51.0 
A,PC_TOT_EXP,SITC7,EXT_EU27_2020,LT	56.0 	47.9 	50.5 	51.4 	53.3 	55.7 	62.1 	54.2 	59.9 	64.5 	67.2 	67.7 	66.2 	52.0 	49.7 	52.7 	51.3 	52.3 	50.8 	46.8 	45.0 	41.2 	29.5 	26.2 
A,PC_TOT_EXP,SITC7,EXT_EU27_2020,LU	24.1 	23.3 	20.3 	20.1 	21.1 	20.4 	19.9 	25.4 	38.6 	41.4 	39.4 	30.2 	22.0 	21.5 	24.8 	21.4 	21.2 	21.0 	22.9 	25.3 	26.8 	25.6 	24.9 	20.0 
A,PC_TOT_EXP,SITC7,EXT_EU27_2020,LV	40.5 	37.7 	41.9 	33.8 	39.9 	41.8 	39.8 	35.4 	36.9 	39.2 	38.9 	38.5 	33.3 	33.7 	32.8 	38.5 	36.2 	36.4 	35.1 	33.5 	34.0 	31.7 	20.4 	19.3 
A,PC_TOT_EXP,SITC7,EXT_EU27_2020,MT	68.7 	67.4 	65.8 	63.8 	60.4 	65.1 	66.8 	68.4 	69.0 	73.2 	75.3 	73.5 	67.3 	69.3 	64.1 	60.2 	57.9 	50.5 	50.6 	56.8 	51.3 	38.4 	48.8 	45.6 
A,PC_TOT_EXP,SITC7,EXT_EU27_2020,NL	33.7 	33.3 	34.3 	32.9 	34.3 	36.4 	35.2 	34.0 	34.3 	35.4 	37.5 	38.4 	38.1 	38.0 	36.6 	36.3 	36.8 	37.5 	36.1 	34.0 	33.6 	36.1 	36.4 	37.7 
A,PC_TOT_EXP,SITC7,EXT_EU27_2020,PL	22.7 	21.8 	24.9 	27.9 	27.7 	28.3 	30.0 	26.9 	28.4 	31.6 	34.7 	37.1 	32.9 	31.7 	30.1 	29.1 	28.5 	28.2 	27.4 	27.4 	27.1 	26.8 	27.6 	27.6 
A,PC_TOT_EXP,SITC7,EXT_EU27_2020,PT	25.9 	29.5 	31.1 	30.2 	31.4 	32.2 	34.4 	31.0 	29.2 	28.2 	33.6 	34.4 	35.4 	33.4 	30.7 	32.0 	27.1 	24.4 	24.3 	23.8 	23.4 	24.8 	24.0 	25.3 
A,PC_TOT_EXP,SITC7,EXT_EU27_2020,RO	33.9 	27.2 	23.7 	27.4 	27.5 	27.8 	28.3 	25.6 	28.7 	28.5 	28.8 	31.3 	29.0 	27.5 	25.8 	25.0 	24.0 	22.0 	20.3 	21.0 	20.3 	19.6 	22.3 	21.9 
A,PC_TOT_EXP,SITC7,EXT_EU27_2020,SE	56.2 	54.8 	52.5 	54.3 	51.3 	50.2 	52.8 	55.3 	56.8 	57.0 	55.8 	54.2 	53.0 	52.4 	50.4 	51.1 	49.8 	49.3 	49.7 	49.6 	50.0 	47.9 	49.6 	48.8 
A,PC_TOT_EXP,SITC7,EXT_EU27_2020,SI	18.9 	19.1 	22.1 	21.3 	23.0 	21.9 	22.0 	19.5 	20.2 	21.0 	24.6 	23.8 	21.9 	21.6 	23.2 	21.3 	20.3 	19.4 	21.3 	20.1 	19.9 	20.2 	20.6 	22.5 
A,PC_TOT_EXP,SITC7,EXT_EU27_2020,SK	12.5 	20.1 	21.3 	19.5 	21.4 	22.5 	25.2 	24.0 	25.3 	25.8 	27.1 	28.7 	26.7 	24.8 	24.4 	23.8 	23.6 	24.3 	25.4 	24.6 	25.4 	28.5 	27.9 	26.6 
A,PC_TOT_EXP,SITC9,EU27_2020,AT	58.9 	61.1 	47.4 	15.6 	21.4 	2.7 	20.6 	54.9 	69.1 	77.1 	71.5 	61.2 	39.0 	50.1 	55.3 	60.7 	77.3 	75.0 	78.3 	67.9 	68.9 	53.1 	61.3 	58.4 
A,PC_TOT_EXP,SITC9,EU27_2020,BE	69.2 	71.4 	74.0 	83.9 	76.6 	71.2 	35.0 	38.9 	54.8 	48.7 	58.9 	48.8 	48.6 	49.1 	45.9 	50.4 	40.3 	37.8 	48.4 	55.8 	54.1 	59.8 	55.8 	63.4 
A,PC_TOT_EXP,SITC9,EU27_2020,BG	12.5 	25.9 	42.4 	0.0 	0.1 	11.6 	23.8 	26.9 	34.5 	31.7 	25.3 	35.5 	51.1 	59.4 	62.1 	68.4 	69.3 	67.9 	65.2 	59.3 	71.9 	5.1 	10.0 	37.9 
A,PC_TOT_EXP,SITC9,EU27_2020,CY	68.0 	78.3 	24.4 	58.5 	56.8 	45.5 	84.7 	49.3 	10.3 	4.1 	0.8 	3.0 	2.4 	21.0 	26.4 	18.5 	17.8 	15.6 	21.4 	7.8 	5.0 	5.6 	42.1 	8.1 
A,PC_TOT_EXP,SITC9,EU27_2020,CZ	80.9 	92.1 	76.4 	101.2 	85.3 	87.5 	74.5 	77.6 	77.6 	72.4 	67.8 	72.7 	69.9 	69.3 	82.6 	75.0 	58.3 	55.7 	52.3 	37.6 	50.0 	60.5 	72.3 	74.5 
A,PC_TOT_EXP,SITC9,EU27_2020,DE	57.5 	63.3 	64.0 	27.7 	38.9 	38.3 	44.3 	44.8 	35.2 	23.6 	31.6 	34.6 	33.0 	33.7 	33.8 	35.7 	34.4 	32.5 	38.1 	56.6 	53.7 	29.1 	21.6 	31.7 
A,PC_TOT_EXP,SITC9,EU27_2020,DK	51.7 	30.2 	28.2 	-24.5 	34.2 	32.2 	31.6 	26.7 	40.8 	44.2 	42.6 	45.0 	49.2 	47.8 	-4.6 	-32.6 	-24.0 	-10.5 	-26.2 	68.0 	30.4 	25.6 	13.7 	7.2 
A,PC_TOT_EXP,SITC9,EU27_2020,EE	53.8 	98.7 	82.2 	83.6 	89.9 	89.2 	86.0 	83.5 	81.3 	80.1 	73.3 	55.9 	63.7 	72.2 	75.7 	73.6 	72.2 	75.4 	91.2 	89.6 	82.7 	74.3 	73.9 	78.3 
A,PC_TOT_EXP,SITC9,EU27_2020,EL	77.6 	73.0 	71.7 	4.2 	5.6 	0.4 	0.3 	1.1 	56.4 	54.0 	56.1 	51.4 	55.6 	56.9 	54.0 	52.4 	54.4 	51.6 	44.6 	46.0 	20.9 	21.4 	32.8 	40.5 
A,PC_TOT_EXP,SITC9,EU27_2020,ES	29.3 	34.8 	39.1 	13.4 	12.2 	23.1 	18.0 	9.1 	33.5 	31.2 	30.3 	33.9 	41.4 	39.9 	38.3 	46.1 	48.0 	41.9 	46.2 	48.9 	39.6 	46.5 	40.0 	37.5 
A,PC_TOT_EXP,SITC9,EU27_2020,EU27_2020	50.4 	55.8 	48.3 	25.7 	28.9 	35.5 	20.8 	24.9 	30.0 	29.9 	31.9 	29.3 	29.1 	30.8 	28.8 	34.5 	24.9 	26.6 	32.7 	41.3 	43.9 	35.3 	33.5 	36.2 
A,PC_TOT_EXP,SITC9,EU27_2020,FI	82.4 	84.0 	62.9 	-784.5 	-548.3 	-682.1 	-1236.1 	-205.8 	-94.3 	-31.5 	-88.8 	-81.6 	-136.4 	-48.1 	-28.9 	-24.6 	-25.1 	-21.2 	-118.1 	6.3 	24.4 	51.8 	43.9 	24.2 
A,PC_TOT_EXP,SITC9,EU27_2020,FR	21.8 	24.3 	21.7 	24.0 	13.4 	44.5 	19.7 	22.2 	32.0 	39.6 	41.0 	32.9 	34.6 	26.5 	29.8 	32.2 	30.1 	25.0 	35.5 	32.7 	42.3 	37.9 	42.6 	44.8 
A,PC_TOT_EXP,SITC9,EU27_2020,HR	98.2 	100.0 	100.0 	99.9 	99.2 	100.0 	100.0 	100.0 	100.0 	99.5 	100.0 	96.5 	86.2 	91.3 	86.0 	84.8 	85.1 	77.1 	64.4 	71.6 	65.1 	72.5 	67.1 	55.4 
A,PC_TOT_EXP,SITC9,EU27_2020,HU	80.5 	81.7 	77.4 	72.2 	72.3 	80.1 	83.2 	74.8 	73.7 	80.5 	70.7 	74.1 	59.7 	43.8 	73.4 	32.9 	-52.4 	32.7 	32.6 	27.7 	11.1 	17.8 	30.4 	36.6 
A,PC_TOT_EXP,SITC9,EU27_2020,IE	40.6 	39.9 	42.0 	45.4 	44.4 	43.8 	37.0 	29.1 	9.5 	31.1 	30.0 	30.0 	29.5 	26.7 	26.6 	26.0 	27.2 	33.0 	48.2 	79.8 	69.1 	40.1 	31.7 	69.8 
A,PC_TOT_EXP,SITC9,EU27_2020,IT	60.6 	70.2 	18.9 	21.5 	25.0 	15.7 	14.4 	11.0 	14.7 	18.9 	17.4 	13.0 	10.0 	8.9 	10.2 	12.9 	14.9 	13.3 	9.3 	10.3 	15.1 	16.8 	22.1 	15.1 
A,PC_TOT_EXP,SITC9,EU27_2020,LT	39.9 	41.5 	43.1 	20.6 	29.2 	31.4 	36.8 	12.2 	24.8 	14.9 	35.6 	33.5 	27.6 	37.0 	24.9 	39.0 	14.8 	21.2 	23.1 	25.3 	28.8 	31.0 	29.2 	36.2 
A,PC_TOT_EXP,SITC9,EU27_2020,LU	66.1 	71.8 	68.0 	42.5 	77.2 	45.0 	54.0 	47.1 	71.6 	48.2 	60.7 	87.1 	46.5 	65.7 	54.6 	49.1 	76.2 	73.1 	79.9 	81.6 	76.9 	48.8 	72.7 	72.3 
A,PC_TOT_EXP,SITC9,EU27_2020,LV	19.0 	18.5 	97.3 	99.3 	25.2 	19.8 	19.9 	66.4 	57.3 	73.2 	69.8 	68.9 	55.4 	45.1 	43.3 	60.9 	52.9 	67.2 	49.4 	54.2 	11.6 	10.5 	15.0 	16.7 
A,PC_TOT_EXP,SITC9,EU27_2020,MT	65.6 	76.3 	95.9 	98.7 	94.2 	97.2 	96.3 	88.7 	75.1 	87.5 	85.6 	78.6 	79.7 	82.5 	82.2 	75.3 	84.8 	85.5 	89.5 	68.3 	69.4 	66.9 	32.0 	40.2 
A,PC_TOT_EXP,SITC9,EU27_2020,NL	2.8 	-20.0 	8.7 	-7.0 	24.4 	15.5 	-113.3 	-59.2 	-35.5 	-8.7 	-24.0 	-73.5 	-91.7 	-23.6 	-59.6 	14.6 	-76.3 	-29.4 	-10.4 	27.2 	51.1 	43.8 	27.3 	25.9 
A,PC_TOT_EXP,SITC9,EU27_2020,PL	80.5 	89.0 	75.6 	84.5 	52.5 	84.2 	60.6 	43.9 	57.0 	85.8 	93.1 	81.2 	51.2 	57.2 	45.7 	23.7 	33.9 	33.8 	42.6 	68.1 	25.3 	38.1 	42.8 	24.5 
A,PC_TOT_EXP,SITC9,EU27_2020,PT	28.8 	24.6 	25.7 	-24.5 	-24.7 	7.8 	45.0 	64.3 	82.3 	96.1 	97.7 	95.5 	93.5 	85.8 	88.7 	88.2 	84.4 	89.6 	78.0 	76.6 	82.6 	83.4 	88.7 	90.0 
A,PC_TOT_EXP,SITC9,EU27_2020,RO	23.0 	33.6 	12.5 	0.6 	3.3 	100.0 	200.0 	28.6 	445765996.6 	-101.8 	-71.8 	-3.2 	-8.4 	-21.0 	-26.4 	-66.1 	-75.6 	-14.4 	-1.5 	0.1 	0.1 	58.3 	55.8 	52.3 
A,PC_TOT_EXP,SITC9,EU27_2020,SE	72.2 	67.2 	-13.9 	-16.8 	-0.1 	-6.5 	-15.1 	-0.1 	-3.6 	-2.9 	-0.7 	-6.8 	-16.1 	-10.3 	-9.3 	-7.9 	-14.3 	-16.6 	9.8 	26.8 	15.0 	12.1 	20.7 	27.0 
A,PC_TOT_EXP,SITC9,EU27_2020,SI	69.7 	61.1 	67.1 	36.0 	80.6 	41.7 	22.5 	42.5 	44.5 	62.0 	74.1 	75.6 	54.3 	58.1 	86.9 	82.0 	80.2 	83.9 	76.7 	71.2 	54.7 	46.9 	85.7 	96.0 
A,PC_TOT_EXP,SITC9,EU27_2020,SK	67.6 	60.8 	63.4 	75.8 	85.6 	88.8 	87.4 	85.2 	90.6 	94.2 	80.9 	52.3 	84.5 	75.5 	77.9 	82.1 	75.6 	72.1 	84.9 	93.0 	85.8 	94.8 	89.3 	96.3 
A,PC_TOT_EXP,SITC9,EXT_EU27_2020,AT	41.1 	38.9 	52.6 	84.4 	78.6 	97.3 	79.4 	45.1 	30.9 	22.9 	28.5 	38.8 	61.0 	49.9 	44.7 	39.3 	22.7 	25.0 	21.7 	32.1 	31.1 	46.9 	38.7 	41.6 
A,PC_TOT_EXP,SITC9,EXT_EU27_2020,BE	30.8 	28.6 	26.0 	16.1 	23.4 	28.8 	65.0 	61.1 	45.2 	51.3 	41.1 	51.2 	51.4 	50.9 	54.1 	49.6 	59.7 	62.2 	51.6 	44.2 	45.9 	40.2 	44.2 	36.6 
A,PC_TOT_EXP,SITC9,EXT_EU27_2020,BG	87.5 	74.1 	57.6 	100.0 	99.9 	88.4 	76.2 	73.1 	65.5 	68.3 	74.7 	64.5 	48.9 	40.6 	37.9 	31.6 	30.7 	32.1 	34.8 	40.7 	28.1 	94.9 	90.0 	62.1 
A,PC_TOT_EXP,SITC9,EXT_EU27_2020,CY	32.0 	21.7 	75.6 	41.5 	43.2 	54.5 	15.3 	50.7 	89.7 	95.9 	99.2 	97.0 	97.6 	79.0 	73.6 	81.5 	82.2 	84.4 	78.6 	92.2 	95.0 	94.4 	57.9 	91.9 
A,PC_TOT_EXP,SITC9,EXT_EU27_2020,CZ	19.1 	7.9 	23.6 	-1.2 	14.7 	12.5 	25.5 	22.4 	22.4 	27.6 	32.2 	27.3 	30.1 	30.7 	17.4 	25.0 	41.7 	44.3 	47.7 	62.4 	50.0 	39.5 	27.7 	25.5 
A,PC_TOT_EXP,SITC9,EXT_EU27_2020,DE	42.5 	36.7 	36.0 	72.3 	61.1 	61.7 	55.7 	55.2 	64.8 	76.4 	68.4 	65.4 	67.0 	66.3 	66.2 	64.3 	65.6 	67.5 	61.9 	43.4 	46.3 	70.9 	78.4 	68.3 
A,PC_TOT_EXP,SITC9,EXT_EU27_2020,DK	48.3 	69.8 	71.8 	124.5 	65.8 	67.8 	68.4 	73.3 	59.2 	55.8 	57.4 	55.0 	50.8 	52.2 	104.6 	132.6 	124.0 	110.5 	126.2 	32.0 	69.6 	74.4 	86.3 	92.8 
A,PC_TOT_EXP,SITC9,EXT_EU27_2020,EE	46.2 	1.3 	17.8 	16.4 	10.1 	10.8 	14.0 	16.5 	18.7 	19.9 	26.7 	44.1 	36.3 	27.8 	24.3 	26.4 	27.8 	24.6 	8.8 	10.4 	17.3 	25.7 	26.1 	21.7 
A,PC_TOT_EXP,SITC9,EXT_EU27_2020,EL	22.4 	27.0 	28.3 	95.8 	94.4 	99.6 	99.7 	98.9 	43.6 	46.0 	43.9 	48.6 	44.4 	43.1 	46.0 	47.6 	45.6 	48.4 	55.4 	54.0 	79.1 	78.6 	67.2 	59.5 
A,PC_TOT_EXP,SITC9,EXT_EU27_2020,ES	70.7 	65.2 	60.9 	86.6 	87.8 	76.9 	82.0 	90.9 	66.5 	68.8 	69.7 	66.1 	58.6 	60.1 	61.7 	53.9 	52.0 	58.1 	53.8 	51.1 	60.4 	53.5 	60.0 	62.5 
A,PC_TOT_EXP,SITC9,EXT_EU27_2020,EU27_2020	49.6 	44.2 	51.7 	74.3 	71.1 	64.5 	79.2 	75.1 	70.0 	70.1 	68.1 	70.7 	70.9 	69.2 	71.2 	65.5 	75.1 	73.4 	67.3 	58.7 	56.1 	64.7 	66.5 	63.8 
A,PC_TOT_EXP,SITC9,EXT_EU27_2020,FI	17.6 	16.0 	37.1 	884.5 	648.3 	782.1 	1336.1 	305.8 	194.3 	131.5 	188.8 	181.6 	236.4 	148.1 	128.9 	124.6 	125.1 	121.2 	218.1 	93.7 	75.6 	48.2 	56.1 	75.8 
A,PC_TOT_EXP,SITC9,EXT_EU27_2020,FR	78.2 	75.7 	78.3 	76.0 	86.6 	55.5 	80.3 	77.8 	68.0 	60.4 	59.0 	67.1 	65.4 	73.5 	70.2 	67.8 	69.9 	75.0 	64.5 	67.3 	57.7 	62.1 	57.4 	55.2 
A,PC_TOT_EXP,SITC9,EXT_EU27_2020,HR	1.8 	0.0 	0.0 	0.1 	0.8 	0.0 	0.0 	0.0 	0.0 	0.5 	0.0 	3.5 	13.8 	8.7 	14.0 	15.2 	14.9 	22.9 	35.6 	28.4 	34.9 	27.5 	32.9 	44.6 
A,PC_TOT_EXP,SITC9,EXT_EU27_2020,HU	19.5 	18.3 	22.6 	27.8 	27.7 	19.9 	16.8 	25.2 	26.3 	19.5 	29.3 	25.9 	40.3 	56.2 	26.6 	67.1 	152.4 	67.3 	67.4 	72.3 	88.9 	82.2 	69.6 	63.4 
A,PC_TOT_EXP,SITC9,EXT_EU27_2020,IE	59.4 	60.1 	58.0 	54.6 	55.6 	56.2 	63.0 	70.9 	90.5 	68.9 	70.0 	70.0 	70.5 	73.3 	73.4 	74.0 	72.8 	67.0 	51.8 	20.2 	30.9 	59.9 	68.3 	30.2 
A,PC_TOT_EXP,SITC9,EXT_EU27_2020,IT	39.4 	29.8 	81.1 	78.5 	75.0 	84.3 	85.6 	89.0 	85.3 	81.1 	82.6 	87.0 	90.0 	91.1 	89.8 	87.1 	85.1 	86.7 	90.7 	89.7 	84.9 	83.2 	77.9 	84.9 
A,PC_TOT_EXP,SITC9,EXT_EU27_2020,LT	60.1 	58.5 	56.9 	79.4 	70.8 	68.6 	63.2 	87.8 	75.2 	85.1 	64.4 	66.5 	72.4 	63.0 	75.1 	61.0 	85.2 	78.8 	76.9 	74.7 	71.2 	69.0 	70.8 	63.8 
A,PC_TOT_EXP,SITC9,EXT_EU27_2020,LU	33.9 	28.2 	32.0 	57.5 	22.8 	55.0 	46.0 	52.9 	28.4 	51.8 	39.3 	12.9 	53.5 	34.3 	45.4 	50.9 	23.8 	26.9 	20.1 	18.4 	23.1 	51.2 	27.3 	27.7 
A,PC_TOT_EXP,SITC9,EXT_EU27_2020,LV	81.0 	81.5 	2.7 	0.7 	74.8 	80.2 	80.1 	33.6 	42.7 	26.8 	30.2 	31.1 	44.6 	54.9 	56.7 	39.1 	47.1 	32.8 	50.6 	45.8 	88.4 	89.5 	85.0 	83.3 
A,PC_TOT_EXP,SITC9,EXT_EU27_2020,MT	34.4 	23.7 	4.1 	1.3 	5.8 	2.8 	3.7 	11.3 	24.9 	12.5 	14.4 	21.4 	20.3 	17.5 	17.8 	24.7 	15.2 	14.5 	10.5 	31.7 	30.6 	33.1 	68.0 	59.8 
A,PC_TOT_EXP,SITC9,EXT_EU27_2020,NL	97.2 	120.0 	91.3 	107.0 	75.6 	84.5 	213.3 	159.2 	135.5 	108.7 	124.0 	173.5 	191.7 	123.6 	159.6 	85.4 	176.3 	129.4 	110.4 	72.8 	48.9 	56.2 	72.7 	74.1 
A,PC_TOT_EXP,SITC9,EXT_EU27_2020,PL	19.5 	11.0 	24.4 	15.5 	47.5 	15.8 	39.4 	56.1 	43.0 	14.2 	6.9 	18.8 	48.8 	42.8 	54.3 	76.3 	66.1 	66.2 	57.4 	31.9 	74.7 	61.9 	57.2 	75.5 
A,PC_TOT_EXP,SITC9,EXT_EU27_2020,PT	71.2 	75.4 	74.3 	124.5 	124.7 	92.2 	55.0 	35.7 	17.7 	3.9 	2.3 	4.5 	6.5 	14.2 	11.3 	11.8 	15.6 	10.4 	22.0 	23.4 	17.4 	16.6 	11.3 	10.0 
A,PC_TOT_EXP,SITC9,EXT_EU27_2020,RO	77.0 	66.4 	87.5 	99.4 	96.7 	0.0 	-100.0 	71.4 	-445765896.6 	201.8 	171.8 	103.2 	108.4 	121.0 	126.4 	166.1 	175.6 	114.4 	101.5 	99.9 	99.9 	41.7 	44.2 	47.7 
A,PC_TOT_EXP,SITC9,EXT_EU27_2020,SE	27.8 	32.8 	113.9 	116.8 	100.1 	106.5 	115.1 	100.1 	103.6 	102.9 	100.7 	106.8 	116.1 	110.3 	109.3 	107.9 	114.3 	116.6 	90.2 	73.2 	85.0 	87.9 	79.3 	73.0 
A,PC_TOT_EXP,SITC9,EXT_EU27_2020,SI	30.3 	38.9 	32.9 	64.0 	19.4 	58.3 	77.5 	57.5 	55.5 	38.0 	25.9 	24.4 	45.7 	41.9 	13.1 	18.0 	19.8 	16.1 	23.3 	28.8 	45.3 	53.1 	14.3 	4.0 
A,PC_TOT_EXP,SITC9,EXT_EU27_2020,SK	32.4 	39.2 	36.6 	24.2 	14.4 	11.2 	12.6 	14.8 	9.4 	5.8 	19.1 	47.7 	15.5 	24.5 	22.1 	17.9 	24.4 	27.9 	15.1 	7.0 	14.2 	5.2 	10.7 	3.7 
A,PC_TOT_EXP,TOTAL,EU27_2020,AT	71.2 	71.8 	70.6 	69.1 	69.4 	70.3 	70.3 	69.7 	69.2 	68.4 	67.3 	67.2 	66.8 	66.9 	67.6 	68.5 	68.6 	67.9 	68.7 	69.1 	69.6 	69.4 	68.1 	69.0 
A,PC_TOT_EXP,TOTAL,EU27_2020,BE	65.9 	68.2 	68.5 	68.6 	68.6 	68.6 	69.7 	68.5 	66.0 	65.0 	63.0 	62.6 	62.2 	62.9 	63.1 	64.0 	65.1 	65.1 	64.9 	67.0 	68.2 	66.5 	67.4 	69.2 
A,PC_TOT_EXP,TOTAL,EU27_2020,BG	59.4 	61.2 	60.2 	59.2 	59.8 	59.3 	58.7 	63.5 	59.4 	60.8 	57.0 	57.8 	60.2 	62.4 	63.9 	61.2 	65.2 	64.2 	65.5 	66.5 	65.2 	63.4 	64.6 	64.1 
A,PC_TOT_EXP,TOTAL,EU27_2020,CY	42.5 	46.8 	44.9 	56.5 	55.3 	57.6 	58.9 	58.2 	58.1 	58.5 	51.2 	44.2 	43.3 	39.9 	36.6 	32.5 	25.5 	40.6 	33.9 	27.7 	25.8 	22.7 	24.9 	27.6 
A,PC_TOT_EXP,TOTAL,EU27_2020,CZ	80.5 	82.5 	83.1 	81.4 	81.4 	80.7 	80.6 	80.2 	79.4 	78.8 	76.5 	76.3 	77.2 	78.0 	78.4 	78.9 	79.7 	79.4 	79.7 	80.4 	81.6 	81.5 	79.3 	78.8 
A,PC_TOT_EXP,TOTAL,EU27_2020,DE	55.4 	56.8 	56.7 	56.9 	56.6 	57.8 	57.1 	56.0 	54.2 	53.3 	50.3 	50.3 	50.6 	50.5 	51.4 	51.8 	52.7 	52.5 	52.6 	54.0 	55.2 	54.6 	54.2 	55.9 
A,PC_TOT_EXP,TOTAL,EU27_2020,DK	60.1 	61.9 	62.1 	62.1 	62.5 	62.3 	61.7 	59.0 	57.6 	56.0 	53.8 	55.1 	55.9 	55.0 	55.2 	53.6 	54.3 	52.6 	51.8 	53.0 	55.2 	55.1 	54.5 	54.3 
A,PC_TOT_EXP,TOTAL,EU27_2020,EE	76.9 	78.3 	76.6 	74.7 	63.2 	67.5 	67.4 	67.5 	66.6 	64.3 	63.9 	68.6 	69.9 	72.3 	71.5 	69.6 	65.8 	68.6 	66.2 	67.1 	70.4 	74.0 	72.9 	74.9 
A,PC_TOT_EXP,TOTAL,EU27_2020,EL	56.8 	59.2 	59.1 	57.1 	60.5 	58.6 	56.2 	52.7 	50.2 	48.0 	41.4 	43.5 	44.8 	50.2 	52.1 	49.8 	49.2 	52.4 	57.5 	53.8 	55.9 	57.1 	55.0 	57.1 
A,PC_TOT_EXP,TOTAL,EU27_2020,ES	65.2 	66.1 	65.5 	64.1 	63.3 	63.2 	62.6 	63.6 	62.5 	60.1 	57.3 	56.0 	56.8 	57.7 	58.9 	59.4 	59.8 	59.8 	61.3 	62.1 	63.3 	63.1 	62.1 	61.8 
A,PC_TOT_EXP,TOTAL,EU27_2020,EU27_2020	60.0 	61.6 	61.5 	61.4 	61.7 	62.1 	61.9 	61.2 	60.1 	59.5 	57.4 	57.3 	57.8 	57.8 	58.4 	58.8 	59.4 	59.0 	59.7 	61.2 	62.3 	61.6 	60.9 	61.0 
A,PC_TOT_EXP,TOTAL,EU27_2020,FI	51.6 	52.3 	51.1 	50.2 	50.8 	51.1 	50.5 	50.5 	49.8 	50.7 	48.6 	50.1 	51.9 	53.8 	53.9 	55.1 	54.5 	54.7 	54.2 	56.2 	56.3 	56.6 	58.1 	56.5 
A,PC_TOT_EXP,TOTAL,EU27_2020,FR	55.4 	57.4 	56.7 	55.3 	57.3 	57.5 	56.4 	55.5 	54.3 	54.4 	52.2 	52.5 	53.1 	51.8 	52.4 	52.1 	52.3 	51.4 	53.6 	54.6 	56.0 	55.4 	54.0 	53.7 
A,PC_TOT_EXP,TOTAL,EU27_2020,HR	64.8 	67.2 	64.6 	61.9 	62.5 	58.4 	58.6 	58.4 	59.6 	58.4 	56.6 	59.7 	62.0 	64.2 	64.1 	62.5 	66.3 	66.2 	67.3 	67.4 	68.3 	67.4 	65.3 	66.5 
A,PC_TOT_EXP,TOTAL,EU27_2020,HU	80.7 	80.6 	78.8 	77.3 	76.3 	76.0 	75.1 	74.9 	73.0 	72.9 	73.3 	73.9 	76.3 	77.3 	77.4 	77.7 	78.0 	78.5 	78.4 	78.1 	76.4 	76.6 	76.0 	75.1 
A,PC_TOT_EXP,TOTAL,EU27_2020,IE	41.9 	44.3 	45.0 	46.4 	45.4 	44.7 	44.5 	45.2 	42.3 	42.6 	42.9 	41.3 	40.0 	39.2 	37.6 	37.9 	38.8 	37.0 	40.5 	38.1 	39.5 	42.1 	39.6 	33.4 
A,PC_TOT_EXP,TOTAL,EU27_2020,IT	54.7 	56.1 	55.6 	55.4 	55.9 	55.9 	54.5 	53.3 	52.7 	52.0 	49.4 	48.7 	49.6 	49.4 	50.6 	50.6 	51.4 	51.1 	51.5 	52.7 	52.8 	51.8 	50.9 	51.3 
A,PC_TOT_EXP,TOTAL,EU27_2020,LT	55.2 	56.3 	61.9 	61.0 	59.3 	60.3 	55.7 	60.0 	56.1 	57.4 	54.2 	50.5 	51.1 	56.9 	56.4 	54.8 	55.0 	55.0 	56.0 	57.6 	62.2 	61.0 	67.0 	69.3 
A,PC_TOT_EXP,TOTAL,EU27_2020,LU	79.6 	80.3 	81.8 	80.9 	80.4 	80.7 	81.9 	79.3 	73.8 	73.0 	73.6 	78.2 	79.3 	79.2 	79.0 	80.3 	81.0 	79.9 	80.4 	80.8 	80.4 	79.5 	81.0 	83.1 
A,PC_TOT_EXP,TOTAL,EU27_2020,LV	63.2 	63.9 	64.7 	66.5 	65.0 	66.0 	65.2 	64.7 	64.1 	63.3 	60.6 	63.0 	64.3 	64.7 	64.8 	62.2 	63.0 	62.1 	61.8 	63.7 	65.5 	63.7 	69.1 	69.3 
A,PC_TOT_EXP,TOTAL,EU27_2020,MT	36.1 	37.4 	38.1 	41.0 	42.3 	35.4 	33.4 	35.2 	36.5 	36.5 	35.3 	41.3 	45.6 	40.5 	38.7 	53.3 	53.2 	55.3 	50.6 	48.1 	47.8 	53.2 	50.0 	51.9 
A,PC_TOT_EXP,TOTAL,EU27_2020,NL	69.7 	70.4 	69.9 	70.8 	69.9 	69.0 	70.2 	69.4 	69.7 	69.6 	67.9 	67.3 	67.2 	66.5 	66.4 	66.4 	66.0 	65.3 	65.8 	69.4 	71.3 	69.8 	69.1 	69.1 
A,PC_TOT_EXP,TOTAL,EU27_2020,PL	76.3 	77.2 	75.2 	73.3 	73.6 	73.3 	72.4 	73.5 	73.1 	71.8 	69.4 	68.5 	71.0 	72.6 	73.1 	73.5 	74.3 	74.0 	74.0 	75.0 	75.5 	74.6 	74.2 	74.8 
A,PC_TOT_EXP,TOTAL,EU27_2020,PT	71.0 	70.8 	70.5 	72.0 	71.3 	71.1 	69.0 	69.8 	70.0 	69.2 	65.8 	64.8 	64.7 	65.9 	68.0 	67.5 	69.8 	70.7 	71.4 	71.5 	70.5 	70.1 	71.0 	72.3 
A,PC_TOT_EXP,TOTAL,EU27_2020,RO	68.3 	69.3 	68.8 	65.5 	66.0 	68.3 	67.6 	71.2 	68.8 	68.1 	66.8 	65.5 	67.0 	69.3 	70.7 	71.7 	72.8 	73.2 	74.1 	73.2 	72.3 	72.6 	72.0 	71.4 
A,PC_TOT_EXP,TOTAL,EU27_2020,SE	50.6 	51.2 	51.5 	51.4 	53.1 	54.1 	52.8 	51.1 	49.8 	49.1 	49.3 	51.2 	51.3 	51.3 	53.1 	52.9 	53.8 	52.5 	52.2 	53.7 	54.0 	55.0 	54.0 	54.4 
A,PC_TOT_EXP,TOTAL,EU27_2020,SI	74.9 	74.9 	74.5 	74.9 	74.6 	74.9 	74.3 	74.9 	75.5 	75.3 	73.2 	73.1 	73.5 	74.1 	73.4 	74.0 	74.6 	72.0 	67.3 	67.7 	62.9 	58.8 	55.4 	49.2 
A,PC_TOT_EXP,TOTAL,EU27_2020,SK	87.7 	84.4 	84.3 	84.5 	83.4 	82.4 	81.2 	81.8 	81.3 	81.5 	80.1 	78.5 	79.3 	80.1 	80.0 	80.7 	81.0 	80.0 	79.0 	80.5 	80.1 	77.4 	77.8 	78.3 
A,PC_TOT_EXP,TOTAL,EXT_EU27_2020,AT	28.8 	28.2 	29.4 	30.9 	30.6 	29.7 	29.7 	30.3 	30.8 	31.6 	32.7 	32.8 	33.2 	33.1 	32.4 	31.5 	31.4 	32.1 	31.3 	30.9 	30.4 	30.6 	31.9 	31.0 
A,PC_TOT_EXP,TOTAL,EXT_EU27_2020,BE	34.1 	31.8 	31.5 	31.4 	31.4 	31.4 	30.3 	31.5 	34.0 	35.0 	37.0 	37.4 	37.8 	37.1 	36.9 	36.0 	34.9 	34.9 	35.1 	33.0 	31.8 	33.5 	32.6 	30.8 
A,PC_TOT_EXP,TOTAL,EXT_EU27_2020,BG	40.6 	38.8 	39.8 	40.8 	40.2 	40.7 	41.3 	36.5 	40.6 	39.2 	43.0 	42.2 	39.8 	37.6 	36.1 	38.8 	34.8 	35.8 	34.5 	33.5 	34.8 	36.6 	35.4 	35.9 
A,PC_TOT_EXP,TOTAL,EXT_EU27_2020,CY	57.5 	53.2 	55.1 	43.5 	44.7 	42.4 	41.1 	41.8 	41.9 	41.5 	48.8 	55.8 	56.7 	60.1 	63.4 	67.5 	74.5 	59.4 	66.1 	72.3 	74.2 	77.3 	75.1 	72.4 
A,PC_TOT_EXP,TOTAL,EXT_EU27_2020,CZ	19.5 	17.5 	16.9 	18.6 	18.6 	19.3 	19.4 	19.8 	20.6 	21.2 	23.5 	23.7 	22.8 	22.0 	21.6 	21.1 	20.3 	20.6 	20.3 	19.6 	18.4 	18.5 	20.7 	21.2 
A,PC_TOT_EXP,TOTAL,EXT_EU27_2020,DE	44.6 	43.2 	43.3 	43.1 	43.4 	42.2 	42.9 	44.0 	45.8 	46.7 	49.7 	49.7 	49.4 	49.5 	48.6 	48.2 	47.3 	47.5 	47.4 	46.0 	44.8 	45.4 	45.8 	44.1 
A,PC_TOT_EXP,TOTAL,EXT_EU27_2020,DK	39.9 	38.1 	37.9 	37.9 	37.5 	37.7 	38.3 	41.0 	42.4 	44.0 	46.2 	44.9 	44.1 	45.0 	44.8 	46.4 	45.7 	47.4 	48.2 	47.0 	44.8 	44.9 	45.5 	45.7 
A,PC_TOT_EXP,TOTAL,EXT_EU27_2020,EE	23.1 	21.7 	23.4 	25.3 	36.8 	32.5 	32.6 	32.5 	33.4 	35.7 	36.1 	31.4 	30.1 	27.7 	28.5 	30.4 	34.2 	31.4 	33.8 	32.9 	29.6 	26.0 	27.1 	25.1 
A,PC_TOT_EXP,TOTAL,EXT_EU27_2020,EL	43.2 	40.8 	40.9 	42.9 	39.5 	41.4 	43.8 	47.3 	49.8 	52.0 	58.6 	56.5 	55.2 	49.8 	47.9 	50.2 	50.8 	47.6 	42.5 	46.2 	44.1 	42.9 	45.0 	42.9 
A,PC_TOT_EXP,TOTAL,EXT_EU27_2020,ES	34.8 	33.9 	34.5 	35.9 	36.7 	36.8 	37.4 	36.4 	37.5 	39.9 	42.7 	44.0 	43.2 	42.3 	41.1 	40.6 	40.2 	40.2 	38.7 	37.9 	36.7 	36.9 	37.9 	38.2 
A,PC_TOT_EXP,TOTAL,EXT_EU27_2020,EU27_2020	40.0 	38.4 	38.5 	38.6 	38.3 	37.9 	38.1 	38.8 	39.9 	40.5 	42.6 	42.7 	42.2 	42.2 	41.6 	41.2 	40.6 	41.0 	40.3 	38.8 	37.7 	38.4 	39.1 	39.0 
A,PC_TOT_EXP,TOTAL,EXT_EU27_2020,FI	48.4 	47.7 	48.9 	49.8 	49.2 	48.9 	49.5 	49.5 	50.2 	49.3 	51.4 	49.9 	48.1 	46.2 	46.1 	44.9 	45.5 	45.3 	45.8 	43.8 	43.7 	43.4 	41.9 	43.5 
A,PC_TOT_EXP,TOTAL,EXT_EU27_2020,FR	44.6 	42.6 	43.3 	44.7 	42.7 	42.5 	43.6 	44.5 	45.7 	45.6 	47.8 	47.5 	46.9 	48.2 	47.6 	47.9 	47.7 	48.6 	46.4 	45.4 	44.0 	44.6 	46.0 	46.3 
A,PC_TOT_EXP,TOTAL,EXT_EU27_2020,HR	35.2 	32.8 	35.4 	38.1 	37.5 	41.6 	41.4 	41.6 	40.4 	41.6 	43.4 	40.3 	38.0 	35.8 	35.9 	37.5 	33.7 	33.8 	32.7 	32.6 	31.7 	32.6 	34.7 	33.5 
A,PC_TOT_EXP,TOTAL,EXT_EU27_2020,HU	19.3 	19.4 	21.2 	22.7 	23.7 	24.0 	24.9 	25.1 	27.0 	27.1 	26.7 	26.1 	23.7 	22.7 	22.6 	22.3 	22.0 	21.5 	21.6 	21.9 	23.6 	23.4 	24.0 	24.9 
A,PC_TOT_EXP,TOTAL,EXT_EU27_2020,IE	58.1 	55.7 	55.0 	53.6 	54.6 	55.3 	55.5 	54.8 	57.7 	57.4 	57.1 	58.7 	60.0 	60.8 	62.4 	62.1 	61.2 	63.0 	59.5 	61.9 	60.5 	57.9 	60.4 	66.6 
A,PC_TOT_EXP,TOTAL,EXT_EU27_2020,IT	45.3 	43.9 	44.4 	44.6 	44.1 	44.1 	45.5 	46.7 	47.3 	48.0 	50.6 	51.3 	50.4 	50.6 	49.4 	49.4 	48.6 	48.9 	48.5 	47.3 	47.2 	48.2 	49.1 	48.7 
A,PC_TOT_EXP,TOTAL,EXT_EU27_2020,LT	44.8 	43.7 	38.1 	39.0 	40.7 	39.7 	44.3 	40.0 	43.9 	42.6 	45.8 	49.5 	48.9 	43.1 	43.6 	45.2 	45.0 	45.0 	44.0 	42.4 	37.8 	39.0 	33.0 	30.7 
A,PC_TOT_EXP,TOTAL,EXT_EU27_2020,LU	20.4 	19.7 	18.2 	19.1 	19.6 	19.3 	18.1 	20.7 	26.2 	27.0 	26.4 	21.8 	20.7 	20.8 	21.0 	19.7 	19.0 	20.1 	19.6 	19.2 	19.6 	20.5 	19.0 	16.9 
A,PC_TOT_EXP,TOTAL,EXT_EU27_2020,LV	36.8 	36.1 	35.3 	33.5 	35.0 	34.0 	34.8 	35.3 	35.9 	36.7 	39.4 	37.0 	35.7 	35.3 	35.2 	37.8 	37.0 	37.9 	38.2 	36.3 	34.5 	36.3 	30.9 	30.7 
A,PC_TOT_EXP,TOTAL,EXT_EU27_2020,MT	63.9 	62.6 	61.9 	59.0 	57.7 	64.6 	66.6 	64.8 	63.5 	63.5 	64.7 	58.7 	54.4 	59.5 	61.3 	46.7 	46.8 	44.7 	49.4 	51.9 	52.2 	46.8 	50.0 	48.1 
A,PC_TOT_EXP,TOTAL,EXT_EU27_2020,NL	30.3 	29.6 	30.1 	29.2 	30.1 	31.0 	29.8 	30.6 	30.3 	30.4 	32.1 	32.7 	32.8 	33.5 	33.6 	33.6 	34.0 	34.7 	34.2 	30.6 	28.7 	30.2 	30.9 	30.9 
A,PC_TOT_EXP,TOTAL,EXT_EU27_2020,PL	23.7 	22.8 	24.8 	26.7 	26.4 	26.7 	27.6 	26.5 	26.9 	28.2 	30.6 	31.5 	29.0 	27.4 	26.9 	26.5 	25.7 	26.0 	26.0 	25.0 	24.5 	25.4 	25.8 	25.2 
A,PC_TOT_EXP,TOTAL,EXT_EU27_2020,PT	29.0 	29.2 	29.5 	28.0 	28.7 	28.9 	31.0 	30.2 	30.0 	30.8 	34.2 	35.2 	35.3 	34.1 	32.0 	32.5 	30.2 	29.3 	28.6 	28.5 	29.5 	29.9 	29.0 	27.7 
A,PC_TOT_EXP,TOTAL,EXT_EU27_2020,RO	31.7 	30.7 	31.2 	34.5 	34.0 	31.7 	32.4 	28.8 	31.2 	31.9 	33.2 	34.5 	33.0 	30.7 	29.3 	28.3 	27.2 	26.8 	25.9 	26.8 	27.7 	27.4 	28.0 	28.6 
A,PC_TOT_EXP,TOTAL,EXT_EU27_2020,SE	49.4 	48.8 	48.5 	48.6 	46.9 	45.9 	47.2 	48.9 	50.2 	50.9 	50.7 	48.8 	48.7 	48.7 	46.9 	47.1 	46.2 	47.5 	47.8 	46.3 	46.0 	45.0 	46.0 	45.6 
A,PC_TOT_EXP,TOTAL,EXT_EU27_2020,SI	25.1 	25.1 	25.5 	25.1 	25.4 	25.1 	25.7 	25.1 	24.5 	24.7 	26.8 	26.9 	26.5 	25.9 	26.6 	26.0 	25.4 	28.0 	32.7 	32.3 	37.1 	41.2 	44.6 	50.8 
A,PC_TOT_EXP,TOTAL,EXT_EU27_2020,SK	12.3 	15.6 	15.7 	15.5 	16.6 	17.6 	18.8 	18.2 	18.7 	18.5 	19.9 	21.5 	20.7 	19.9 	20.0 	19.3 	19.0 	20.0 	21.0 	19.5 	19.9 	22.6 	22.2 	21.7 
A,PC_TOT_IMP,SITC0_1,EU27_2020,AT	87.4 	87.2 	87.3 	86.9 	85.1 	83.9 	84.6 	84.2 	84.1 	85.1 	84.8 	85.0 	85.3 	84.7 	84.8 	85.3 	85.6 	85.1 	85.0 	86.4 	87.7 	88.2 	87.5 	89.1 
A,PC_TOT_IMP,SITC0_1,EU27_2020,BE	72.7 	73.0 	72.2 	72.9 	71.9 	72.3 	71.2 	72.3 	72.9 	71.9 	73.6 	74.9 	72.4 	72.3 	73.1 	73.6 	74.6 	74.7 	75.5 	77.9 	77.6 	80.6 	77.9 	76.8 
A,PC_TOT_IMP,SITC0_1,EU27_2020,BG	47.5 	49.5 	46.7 	51.0 	51.0 	74.6 	75.5 	74.3 	78.4 	79.7 	82.7 	80.1 	80.1 	78.6 	78.1 	79.7 	78.9 	77.6 	78.0 	76.9 	75.6 	75.9 	75.3 	74.0 
A,PC_TOT_IMP,SITC0_1,EU27_2020,CY	46.2 	48.2 	61.7 	66.5 	67.5 	67.2 	63.3 	70.5 	69.2 	71.2 	72.3 	74.0 	74.2 	70.6 	72.5 	72.8 	73.5 	73.6 	74.8 	78.9 	74.9 	74.7 	75.5 	77.6 
A,PC_TOT_IMP,SITC0_1,EU27_2020,CZ	74.9 	74.5 	83.8 	88.1 	91.7 	91.9 	92.0 	92.6 	92.2 	91.5 	91.2 	91.6 	91.2 	91.5 	91.8 	91.8 	92.1 	92.4 	92.1 	92.4 	92.0 	92.8 	92.5 	92.1 
A,PC_TOT_IMP,SITC0_1,EU27_2020,DE	76.5 	77.7 	77.6 	77.1 	76.9 	76.5 	76.6 	76.8 	75.4 	73.9 	75.0 	76.9 	76.3 	75.4 	76.8 	78.5 	79.4 	79.7 	80.1 	81.3 	79.9 	83.1 	81.8 	80.4 
A,PC_TOT_IMP,SITC0_1,EU27_2020,DK	57.1 	58.6 	60.2 	60.9 	61.9 	62.8 	64.1 	64.9 	62.2 	63.7 	65.4 	64.5 	64.3 	63.5 	62.8 	63.2 	63.4 	63.3 	65.3 	66.7 	65.8 	67.3 	68.9 	69.1 
A,PC_TOT_IMP,SITC0_1,EU27_2020,EE	78.0 	76.2 	81.8 	87.1 	88.4 	83.1 	85.4 	87.9 	87.1 	86.6 	86.6 	87.1 	86.1 	89.7 	89.7 	92.6 	92.0 	91.2 	90.3 	89.1 	90.1 	90.3 	88.4 	88.1 
A,PC_TOT_IMP,SITC0_1,EU27_2020,EL	74.7 	76.3 	76.1 	77.1 	77.2 	75.3 	76.5 	78.9 	79.8 	78.4 	79.7 	80.0 	80.4 	78.0 	77.8 	78.0 	77.8 	77.1 	76.9 	77.4 	76.5 	76.0 	76.2 	75.8 
A,PC_TOT_IMP,SITC0_1,EU27_2020,ES	55.5 	55.6 	56.5 	57.5 	57.2 	54.6 	55.7 	62.1 	60.9 	58.7 	58.2 	58.8 	59.2 	58.0 	58.5 	58.5 	56.9 	58.1 	59.2 	60.8 	57.8 	60.5 	59.7 	60.2 
A,PC_TOT_IMP,SITC0_1,EU27_2020,EU27_2020	69.0 	69.9 	70.8 	71.0 	71.0 	70.8 	71.0 	72.1 	71.5 	70.6 	71.4 	72.0 	71.3 	70.4 	71.0 	71.8 	71.9 	72.0 	72.8 	73.9 	72.7 	74.9 	74.0 	73.5 
A,PC_TOT_IMP,SITC0_1,EU27_2020,FI	78.4 	79.7 	80.9 	79.9 	79.4 	79.8 	81.3 	81.7 	80.2 	77.9 	79.7 	80.9 	80.7 	79.7 	79.2 	79.4 	80.2 	81.3 	82.1 	82.6 	80.9 	85.3 	85.8 	85.5 
A,PC_TOT_IMP,SITC0_1,EU27_2020,FR	71.1 	72.0 	72.9 	72.6 	73.3 	73.2 	73.0 	74.0 	73.8 	73.7 	74.0 	73.9 	73.2 	72.8 	73.8 	73.7 	74.6 	74.5 	75.6 	74.4 	74.0 	75.6 	74.5 	74.4 
A,PC_TOT_IMP,SITC0_1,EU27_2020,HR	73.5 	74.0 	72.9 	72.5 	72.8 	67.9 	66.7 	67.2 	68.4 	68.2 	67.2 	75.8 	81.6 	82.0 	83.0 	84.9 	86.7 	87.1 	86.4 	85.9 	84.6 	84.6 	86.8 	87.2 
A,PC_TOT_IMP,SITC0_1,EU27_2020,HU	64.4 	67.3 	81.2 	89.1 	91.0 	90.7 	91.6 	92.2 	91.9 	91.1 	90.3 	90.4 	91.6 	91.2 	91.8 	90.9 	90.8 	90.9 	91.0 	92.1 	87.2 	89.0 	91.8 	92.1 
A,PC_TOT_IMP,SITC0_1,EU27_2020,IE	27.7 	27.9 	26.3 	28.0 	28.1 	29.5 	31.7 	30.4 	29.7 	30.0 	31.9 	32.7 	31.4 	31.7 	32.5 	32.7 	32.3 	32.2 	37.0 	40.0 	39.3 	42.6 	42.0 	40.7 
A,PC_TOT_IMP,SITC0_1,EU27_2020,IT	73.7 	75.3 	75.7 	75.8 	75.8 	74.7 	73.6 	74.3 	75.0 	73.2 	74.4 	74.6 	73.1 	70.8 	71.7 	72.6 	73.1 	73.1 	72.5 	73.7 	73.1 	74.7 	74.1 	72.7 
A,PC_TOT_IMP,SITC0_1,EU27_2020,LT	65.4 	63.6 	76.7 	76.5 	78.0 	81.9 	83.1 	83.9 	85.6 	83.5 	84.2 	84.8 	84.4 	82.9 	82.2 	83.9 	82.8 	82.3 	81.8 	83.9 	83.7 	86.0 	86.0 	87.3 
A,PC_TOT_IMP,SITC0_1,EU27_2020,LU	91.5 	93.6 	95.0 	93.9 	94.9 	95.7 	96.5 	95.6 	94.4 	94.9 	95.6 	95.5 	93.9 	92.1 	93.8 	95.2 	95.4 	95.6 	95.3 	96.7 	98.0 	98.4 	98.4 	98.5 
A,PC_TOT_IMP,SITC0_1,EU27_2020,LV	80.3 	80.8 	83.3 	84.6 	85.4 	86.4 	85.7 	87.7 	89.5 	89.8 	89.8 	86.3 	87.3 	85.5 	86.7 	86.0 	81.9 	84.8 	83.7 	89.0 	84.5 	84.5 	85.8 	89.7 
A,PC_TOT_IMP,SITC0_1,EU27_2020,MT	58.1 	57.9 	66.5 	70.5 	73.2 	74.1 	72.9 	78.4 	77.3 	78.5 	75.6 	79.1 	79.3 	79.3 	75.9 	74.2 	75.1 	76.7 	77.3 	79.4 	76.6 	77.3 	81.3 	82.2 
A,PC_TOT_IMP,SITC0_1,EU27_2020,NL	60.8 	60.6 	62.2 	60.2 	60.1 	59.6 	58.2 	57.7 	57.0 	56.7 	57.7 	57.5 	55.8 	56.1 	55.4 	56.6 	56.1 	55.4 	56.5 	58.4 	58.7 	59.4 	55.6 	54.2 
A,PC_TOT_IMP,SITC0_1,EU27_2020,PL	61.0 	60.3 	71.0 	75.8 	74.6 	75.6 	79.3 	78.9 	78.9 	78.4 	78.5 	79.5 	78.4 	77.3 	78.0 	78.2 	78.2 	77.7 	77.2 	79.7 	77.0 	79.8 	80.4 	81.4 
A,PC_TOT_IMP,SITC0_1,EU27_2020,PT	70.7 	73.2 	73.0 	75.2 	78.1 	76.0 	74.6 	80.2 	79.5 	75.7 	76.9 	77.5 	80.6 	78.8 	78.6 	78.9 	78.6 	79.1 	80.5 	81.7 	80.1 	81.7 	82.1 	82.1 
A,PC_TOT_IMP,SITC0_1,EU27_2020,RO	58.5 	58.0 	52.2 	53.2 	53.8 	73.9 	80.1 	81.0 	80.2 	77.8 	79.0 	81.3 	81.7 	81.4 	84.1 	83.7 	84.5 	85.4 	85.5 	85.0 	80.6 	81.3 	83.8 	84.2 
A,PC_TOT_IMP,SITC0_1,EU27_2020,SE	68.4 	70.3 	70.1 	67.0 	65.2 	64.7 	65.8 	64.7 	61.5 	61.8 	62.5 	61.2 	59.3 	58.4 	56.8 	59.2 	58.5 	58.6 	59.5 	60.1 	59.1 	60.0 	61.4 	63.2 
A,PC_TOT_IMP,SITC0_1,EU27_2020,SI	78.1 	77.2 	84.0 	80.9 	77.7 	75.4 	75.4 	72.4 	72.1 	73.5 	67.2 	70.3 	74.4 	71.3 	71.0 	71.9 	70.6 	70.8 	70.3 	68.6 	66.2 	66.2 	68.2 	70.3 
A,PC_TOT_IMP,SITC0_1,EU27_2020,SK	81.7 	81.1 	88.5 	93.7 	94.4 	95.7 	96.1 	96.6 	96.7 	96.9 	96.8 	96.4 	96.2 	96.8 	96.7 	95.9 	96.3 	96.6 	96.6 	96.9 	95.0 	95.8 	96.7 	96.9 
A,PC_TOT_IMP,SITC0_1,EXT_EU27_2020,AT	12.6 	12.8 	12.7 	13.1 	14.9 	16.1 	15.4 	15.8 	15.9 	14.9 	15.2 	15.0 	14.7 	15.3 	15.2 	14.7 	14.4 	14.9 	15.0 	13.6 	12.3 	11.8 	12.5 	10.9 
A,PC_TOT_IMP,SITC0_1,EXT_EU27_2020,BE	27.3 	27.0 	27.8 	27.1 	28.1 	27.7 	28.8 	27.7 	27.1 	28.1 	26.4 	25.1 	27.6 	27.7 	26.9 	26.4 	25.4 	25.3 	24.5 	22.1 	22.4 	19.4 	22.1 	23.2 
A,PC_TOT_IMP,SITC0_1,EXT_EU27_2020,BG	52.5 	50.5 	53.3 	49.0 	49.0 	25.4 	24.5 	25.7 	21.6 	20.3 	17.3 	19.9 	19.9 	21.4 	21.9 	20.3 	21.1 	22.4 	22.0 	23.1 	24.4 	24.1 	24.7 	26.0 
A,PC_TOT_IMP,SITC0_1,EXT_EU27_2020,CY	53.8 	51.8 	38.3 	33.5 	32.5 	32.8 	36.7 	29.5 	30.8 	28.8 	27.7 	26.0 	25.8 	29.4 	27.5 	27.2 	26.5 	26.4 	25.2 	21.1 	25.1 	25.3 	24.5 	22.4 
A,PC_TOT_IMP,SITC0_1,EXT_EU27_2020,CZ	25.1 	25.5 	16.2 	11.9 	8.3 	8.1 	8.0 	7.4 	7.8 	8.5 	8.8 	8.4 	8.8 	8.5 	8.2 	8.2 	7.9 	7.6 	7.9 	7.6 	8.0 	7.2 	7.5 	7.9 
A,PC_TOT_IMP,SITC0_1,EXT_EU27_2020,DE	23.5 	22.3 	22.4 	22.9 	23.1 	23.5 	23.4 	23.2 	24.6 	26.1 	25.0 	23.1 	23.7 	24.6 	23.2 	21.5 	20.6 	20.3 	19.9 	18.7 	20.1 	16.9 	18.2 	19.6 
A,PC_TOT_IMP,SITC0_1,EXT_EU27_2020,DK	42.9 	41.4 	39.8 	39.1 	38.1 	37.2 	35.9 	35.1 	37.8 	36.3 	34.6 	35.5 	35.7 	36.5 	37.2 	36.8 	36.6 	36.7 	34.7 	33.3 	34.2 	32.7 	31.1 	30.9 
A,PC_TOT_IMP,SITC0_1,EXT_EU27_2020,EE	22.0 	23.8 	18.2 	12.9 	11.6 	16.9 	14.6 	12.1 	12.9 	13.4 	13.4 	12.9 	13.9 	10.3 	10.3 	7.4 	8.0 	8.8 	9.7 	10.9 	9.9 	9.7 	11.6 	11.9 
A,PC_TOT_IMP,SITC0_1,EXT_EU27_2020,EL	25.3 	23.7 	23.9 	22.9 	22.8 	24.7 	23.5 	21.1 	20.2 	21.6 	20.3 	20.0 	19.6 	22.0 	22.2 	22.0 	22.2 	22.9 	23.1 	22.6 	23.5 	24.0 	23.8 	24.2 
A,PC_TOT_IMP,SITC0_1,EXT_EU27_2020,ES	44.5 	44.4 	43.5 	42.5 	42.8 	45.4 	44.3 	37.9 	39.1 	41.3 	41.8 	41.2 	40.8 	42.0 	41.5 	41.5 	43.1 	41.9 	40.8 	39.2 	42.2 	39.5 	40.3 	39.8 
A,PC_TOT_IMP,SITC0_1,EXT_EU27_2020,EU27_2020	31.0 	30.1 	29.2 	29.0 	29.0 	29.2 	29.0 	27.9 	28.5 	29.4 	28.6 	28.0 	28.7 	29.6 	29.0 	28.2 	28.1 	28.0 	27.2 	26.1 	27.3 	25.1 	26.0 	26.5 
A,PC_TOT_IMP,SITC0_1,EXT_EU27_2020,FI	21.6 	20.3 	19.1 	20.1 	20.6 	20.2 	18.7 	18.3 	19.8 	22.1 	20.3 	19.1 	19.3 	20.3 	20.8 	20.6 	19.8 	18.7 	17.9 	17.4 	19.1 	14.7 	14.2 	14.5 
A,PC_TOT_IMP,SITC0_1,EXT_EU27_2020,FR	28.9 	28.0 	27.1 	27.4 	26.7 	26.8 	27.0 	26.0 	26.2 	26.3 	26.0 	26.1 	26.8 	27.2 	26.2 	26.3 	25.4 	25.5 	24.4 	25.6 	26.0 	24.4 	25.5 	25.6 
A,PC_TOT_IMP,SITC0_1,EXT_EU27_2020,HR	26.5 	26.0 	27.1 	27.5 	27.2 	32.1 	33.3 	32.8 	31.6 	31.8 	32.8 	24.2 	18.4 	18.0 	17.0 	15.1 	13.3 	12.9 	13.6 	14.1 	15.4 	15.4 	13.2 	12.8 
A,PC_TOT_IMP,SITC0_1,EXT_EU27_2020,HU	35.6 	32.7 	18.8 	10.9 	9.0 	9.3 	8.4 	7.8 	8.1 	8.9 	9.7 	9.6 	8.4 	8.8 	8.2 	9.1 	9.2 	9.1 	9.0 	7.9 	12.8 	11.0 	8.2 	7.9 
A,PC_TOT_IMP,SITC0_1,EXT_EU27_2020,IE	72.3 	72.1 	73.7 	72.0 	71.9 	70.5 	68.3 	69.6 	70.3 	70.0 	68.1 	67.3 	68.6 	68.3 	67.5 	67.3 	67.7 	67.8 	63.0 	60.0 	60.7 	57.4 	58.0 	59.3 
A,PC_TOT_IMP,SITC0_1,EXT_EU27_2020,IT	26.3 	24.7 	24.3 	24.2 	24.2 	25.3 	26.4 	25.7 	25.0 	26.8 	25.6 	25.4 	26.9 	29.2 	28.3 	27.4 	26.9 	26.9 	27.5 	26.3 	26.9 	25.3 	25.9 	27.3 
A,PC_TOT_IMP,SITC0_1,EXT_EU27_2020,LT	34.6 	36.4 	23.3 	23.5 	22.0 	18.1 	16.9 	16.1 	14.4 	16.5 	15.8 	15.2 	15.6 	17.1 	17.8 	16.1 	17.2 	17.7 	18.2 	16.1 	16.3 	14.0 	14.0 	12.7 
A,PC_TOT_IMP,SITC0_1,EXT_EU27_2020,LU	8.5 	6.4 	5.0 	6.1 	5.1 	4.3 	3.5 	4.4 	5.6 	5.1 	4.4 	4.5 	6.1 	7.9 	6.2 	4.8 	4.6 	4.4 	4.7 	3.3 	2.0 	1.6 	1.6 	1.5 
A,PC_TOT_IMP,SITC0_1,EXT_EU27_2020,LV	19.7 	19.2 	16.7 	15.4 	14.6 	13.6 	14.3 	12.3 	10.5 	10.2 	10.2 	13.7 	12.7 	14.5 	13.3 	14.0 	18.1 	15.2 	16.3 	11.0 	15.5 	15.5 	14.2 	10.3 
A,PC_TOT_IMP,SITC0_1,EXT_EU27_2020,MT	41.9 	42.1 	33.5 	29.5 	26.8 	25.9 	27.1 	21.6 	22.7 	21.5 	24.4 	20.9 	20.7 	20.7 	24.1 	25.8 	24.9 	23.3 	22.7 	20.6 	23.4 	22.7 	18.7 	17.8 
A,PC_TOT_IMP,SITC0_1,EXT_EU27_2020,NL	39.2 	39.4 	37.8 	39.8 	39.9 	40.4 	41.8 	42.3 	43.0 	43.3 	42.3 	42.5 	44.2 	43.9 	44.6 	43.4 	43.9 	44.6 	43.5 	41.6 	41.3 	40.6 	44.4 	45.8 
A,PC_TOT_IMP,SITC0_1,EXT_EU27_2020,PL	39.0 	39.7 	29.0 	24.2 	25.4 	24.4 	20.7 	21.1 	21.1 	21.6 	21.5 	20.5 	21.6 	22.7 	22.0 	21.8 	21.8 	22.3 	22.8 	20.3 	23.0 	20.2 	19.6 	18.6 
A,PC_TOT_IMP,SITC0_1,EXT_EU27_2020,PT	29.3 	26.8 	27.0 	24.8 	21.9 	24.0 	25.4 	19.8 	20.5 	24.3 	23.1 	22.5 	19.4 	21.2 	21.4 	21.1 	21.4 	20.9 	19.5 	18.3 	19.9 	18.3 	17.9 	17.9 
A,PC_TOT_IMP,SITC0_1,EXT_EU27_2020,RO	41.5 	42.0 	47.8 	46.8 	46.2 	26.1 	19.9 	19.0 	19.8 	22.2 	21.0 	18.7 	18.3 	18.6 	15.9 	16.3 	15.5 	14.6 	14.5 	15.0 	19.4 	18.7 	16.2 	15.8 
A,PC_TOT_IMP,SITC0_1,EXT_EU27_2020,SE	31.6 	29.7 	29.9 	33.0 	34.8 	35.3 	34.2 	35.3 	38.5 	38.2 	37.5 	38.8 	40.7 	41.6 	43.2 	40.8 	41.5 	41.4 	40.5 	39.9 	40.9 	40.0 	38.6 	36.8 
A,PC_TOT_IMP,SITC0_1,EXT_EU27_2020,SI	21.9 	22.8 	16.0 	19.1 	22.3 	24.6 	24.6 	27.6 	27.9 	26.5 	32.8 	29.7 	25.6 	28.7 	29.0 	28.1 	29.4 	29.2 	29.7 	31.4 	33.8 	33.8 	31.8 	29.7 
A,PC_TOT_IMP,SITC0_1,EXT_EU27_2020,SK	18.3 	18.9 	11.5 	6.3 	5.6 	4.3 	3.9 	3.4 	3.3 	3.1 	3.2 	3.6 	3.8 	3.2 	3.3 	4.1 	3.7 	3.4 	3.4 	3.1 	5.0 	4.2 	3.3 	3.1 
A,PC_TOT_IMP,SITC2_4,EU27_2020,AT	75.3 	76.8 	77.0 	76.3 	79.6 	80.5 	78.8 	82.8 	79.2 	77.7 	80.1 	79.8 	78.3 	80.7 	82.7 	81.5 	81.3 	79.4 	81.8 	80.9 	82.6 	84.0 	84.4 	85.3 
A,PC_TOT_IMP,SITC2_4,EU27_2020,BE	56.1 	56.8 	63.2 	63.3 	61.9 	60.8 	66.0 	65.3 	61.1 	61.0 	58.0 	58.3 	59.5 	55.9 	57.1 	57.0 	56.1 	54.4 	56.8 	58.8 	55.2 	57.9 	59.8 	59.4 
A,PC_TOT_IMP,SITC2_4,EU27_2020,BG	32.5 	27.8 	27.1 	25.6 	23.8 	23.2 	28.4 	26.8 	35.1 	63.6 	60.9 	62.6 	62.0 	58.3 	58.4 	58.1 	54.0 	48.2 	22.0 	30.9 	25.9 	31.3 	27.9 	30.2 
A,PC_TOT_IMP,SITC2_4,EU27_2020,CY	63.7 	66.9 	65.6 	64.3 	65.1 	67.0 	60.1 	65.8 	71.3 	68.5 	57.6 	60.9 	65.5 	60.1 	63.5 	62.7 	64.2 	58.8 	64.7 	55.0 	60.7 	58.8 	62.5 	58.2 
A,PC_TOT_IMP,SITC2_4,EU27_2020,CZ	54.1 	54.3 	59.7 	63.5 	63.9 	65.6 	59.2 	69.9 	62.1 	60.6 	66.3 	65.0 	65.4 	69.2 	70.9 	68.1 	67.2 	65.7 	66.1 	62.5 	68.1 	72.1 	75.1 	74.8 
A,PC_TOT_IMP,SITC2_4,EU27_2020,DE	61.2 	62.7 	62.3 	64.2 	61.7 	62.3 	62.6 	64.0 	63.2 	62.2 	62.2 	64.3 	64.6 	66.0 	66.5 	65.9 	65.4 	65.5 	63.0 	62.3 	63.2 	66.6 	67.8 	67.0 
A,PC_TOT_IMP,SITC2_4,EU27_2020,DK	69.5 	70.8 	70.2 	71.0 	72.8 	71.4 	70.8 	73.0 	72.3 	71.5 	66.5 	69.9 	69.4 	70.3 	68.9 	69.5 	67.1 	64.4 	64.2 	70.8 	67.6 	68.8 	65.2 	65.1 
A,PC_TOT_IMP,SITC2_4,EU27_2020,EE	51.5 	44.2 	42.2 	47.5 	47.6 	46.7 	66.7 	61.2 	60.4 	60.7 	65.3 	70.1 	68.2 	66.3 	64.9 	64.4 	62.4 	62.9 	62.1 	57.8 	72.3 	86.2 	87.3 	86.1 
A,PC_TOT_IMP,SITC2_4,EU27_2020,EL	48.7 	47.9 	47.2 	48.0 	50.2 	48.0 	42.2 	49.2 	49.0 	46.3 	44.6 	46.0 	49.5 	48.7 	49.1 	51.0 	49.6 	44.6 	44.0 	41.3 	43.3 	47.8 	47.6 	45.5 
A,PC_TOT_IMP,SITC2_4,EU27_2020,ES	40.6 	41.6 	42.7 	41.7 	41.8 	41.6 	39.5 	40.7 	38.7 	36.8 	37.2 	36.4 	36.0 	36.6 	37.2 	33.7 	35.6 	37.5 	36.9 	37.3 	41.1 	44.1 	41.5 	42.3 
A,PC_TOT_IMP,SITC2_4,EU27_2020,EU27_2020	53.3 	54.3 	55.2 	55.2 	55.3 	55.4 	54.7 	58.4 	56.0 	55.6 	55.8 	56.7 	57.5 	57.7 	58.4 	57.5 	57.6 	56.6 	55.9 	56.3 	56.4 	59.3 	59.1 	59.4 
A,PC_TOT_IMP,SITC2_4,EU27_2020,FI	32.8 	35.3 	36.0 	40.4 	43.6 	44.6 	46.5 	55.4 	55.5 	56.6 	51.3 	53.4 	56.6 	54.3 	50.9 	52.4 	50.6 	48.1 	43.6 	45.9 	47.6 	53.9 	52.7 	50.5 
A,PC_TOT_IMP,SITC2_4,EU27_2020,FR	56.8 	58.4 	61.2 	59.8 	59.4 	59.4 	57.2 	62.8 	59.0 	57.4 	58.2 	60.6 	63.1 	65.4 	65.4 	64.7 	66.0 	64.3 	65.0 	64.5 	65.7 	69.2 	68.3 	67.6 
A,PC_TOT_IMP,SITC2_4,EU27_2020,HR	53.3 	56.3 	57.0 	57.9 	57.2 	58.6 	52.0 	61.8 	57.6 	52.7 	57.5 	59.8 	70.5 	71.2 	70.8 	73.9 	75.4 	70.4 	70.3 	71.0 	73.6 	72.4 	72.1 	71.3 
A,PC_TOT_IMP,SITC2_4,EU27_2020,HU	62.8 	61.6 	61.1 	63.7 	65.8 	64.1 	68.1 	73.2 	64.3 	67.8 	71.0 	74.5 	74.9 	70.3 	71.9 	69.2 	70.3 	71.2 	73.2 	76.7 	68.4 	72.4 	78.5 	79.3 
A,PC_TOT_IMP,SITC2_4,EU27_2020,IE	28.8 	31.2 	30.9 	28.4 	30.6 	31.5 	34.4 	36.3 	31.0 	29.8 	31.6 	32.2 	32.3 	32.5 	33.3 	33.7 	33.6 	34.5 	36.7 	41.7 	42.5 	43.7 	41.7 	41.1 
A,PC_TOT_IMP,SITC2_4,EU27_2020,IT	50.9 	52.2 	53.2 	52.8 	53.4 	53.6 	51.6 	53.4 	52.4 	50.7 	52.4 	52.4 	54.8 	53.6 	54.4 	55.9 	55.3 	53.2 	52.1 	53.8 	55.2 	57.1 	58.3 	61.1 
A,PC_TOT_IMP,SITC2_4,EU27_2020,LT	43.1 	41.8 	46.8 	44.8 	44.4 	49.0 	38.7 	45.2 	48.1 	47.4 	47.2 	50.7 	53.5 	49.0 	54.4 	54.6 	52.4 	48.8 	50.3 	49.2 	58.3 	71.9 	69.9 	65.0 
A,PC_TOT_IMP,SITC2_4,EU27_2020,LU	90.4 	91.1 	92.2 	90.3 	90.4 	94.0 	94.2 	96.3 	97.2 	97.3 	97.3 	95.7 	93.2 	93.7 	94.3 	94.4 	97.7 	97.1 	94.2 	94.4 	95.1 	95.7 	96.7 	97.3 
A,PC_TOT_IMP,SITC2_4,EU27_2020,LV	66.8 	56.2 	47.9 	48.7 	50.3 	50.4 	63.5 	72.3 	71.0 	75.7 	66.0 	74.0 	70.6 	70.4 	70.1 	68.9 	61.6 	59.2 	61.1 	59.2 	63.4 	73.1 	74.0 	82.4 
A,PC_TOT_IMP,SITC2_4,EU27_2020,MT	71.9 	74.4 	70.0 	72.2 	69.1 	66.8 	71.7 	66.5 	61.0 	71.8 	73.5 	68.1 	70.0 	69.3 	70.5 	73.0 	75.2 	69.1 	67.1 	71.1 	71.6 	70.7 	66.4 	61.0 
A,PC_TOT_IMP,SITC2_4,EU27_2020,NL	41.7 	42.4 	41.0 	38.4 	41.2 	40.5 	37.1 	43.0 	37.8 	38.2 	38.7 	38.9 	39.9 	41.2 	40.3 	39.5 	40.4 	40.1 	41.7 	41.2 	40.7 	41.3 	40.3 	40.0 
A,PC_TOT_IMP,SITC2_4,EU27_2020,PL	50.6 	49.8 	51.5 	57.0 	52.0 	52.4 	53.4 	61.3 	57.7 	56.8 	56.5 	58.4 	59.8 	60.3 	62.2 	60.5 	62.6 	57.9 	60.1 	60.7 	58.1 	60.7 	60.9 	63.7 
A,PC_TOT_IMP,SITC2_4,EU27_2020,PT	50.7 	56.0 	54.5 	58.1 	59.9 	56.8 	56.1 	61.1 	60.9 	62.1 	64.9 	63.6 	63.8 	63.1 	65.0 	66.2 	65.5 	64.5 	66.4 	67.0 	63.9 	67.3 	64.4 	66.2 
A,PC_TOT_IMP,SITC2_4,EU27_2020,RO	35.2 	34.2 	32.3 	32.9 	35.4 	44.0 	50.0 	62.2 	61.3 	59.0 	60.0 	58.4 	61.3 	59.8 	61.5 	61.5 	61.3 	61.2 	60.8 	58.7 	52.7 	68.6 	70.1 	68.9 
A,PC_TOT_IMP,SITC2_4,EU27_2020,SE	59.0 	62.1 	61.2 	59.7 	59.2 	60.6 	58.2 	60.6 	60.5 	62.4 	61.2 	63.8 	61.3 	62.5 	67.4 	68.2 	69.1 	68.2 	67.9 	65.3 	66.9 	64.5 	66.7 	62.8 
A,PC_TOT_IMP,SITC2_4,EU27_2020,SI	73.4 	72.0 	75.3 	73.6 	74.3 	76.6 	72.0 	77.0 	67.2 	61.3 	65.1 	67.9 	69.5 	72.1 	73.0 	73.8 	73.9 	72.8 	73.1 	72.4 	68.4 	70.1 	67.7 	63.4 
A,PC_TOT_IMP,SITC2_4,EU27_2020,SK	57.0 	56.8 	55.8 	58.0 	59.8 	63.5 	63.4 	73.8 	68.5 	69.4 	73.3 	70.0 	69.3 	73.0 	71.2 	62.3 	62.6 	61.2 	66.6 	58.9 	61.4 	66.6 	70.4 	75.9 
A,PC_TOT_IMP,SITC2_4,EXT_EU27_2020,AT	24.7 	23.2 	23.0 	23.7 	20.4 	19.5 	21.2 	17.2 	20.8 	22.3 	19.9 	20.2 	21.7 	19.3 	17.3 	18.5 	18.7 	20.6 	18.2 	19.1 	17.4 	16.0 	15.6 	14.7 
A,PC_TOT_IMP,SITC2_4,EXT_EU27_2020,BE	43.9 	43.2 	36.8 	36.7 	38.1 	39.2 	34.0 	34.7 	38.9 	39.0 	42.0 	41.7 	40.5 	44.1 	42.9 	43.0 	43.9 	45.6 	43.2 	41.2 	44.8 	42.1 	40.2 	40.6 
A,PC_TOT_IMP,SITC2_4,EXT_EU27_2020,BG	67.5 	72.2 	72.9 	74.4 	76.2 	76.8 	71.6 	73.2 	64.9 	36.4 	39.1 	37.4 	38.0 	41.7 	41.6 	41.9 	46.0 	51.8 	78.0 	69.1 	74.1 	68.7 	72.1 	69.8 
A,PC_TOT_IMP,SITC2_4,EXT_EU27_2020,CY	36.3 	33.1 	34.4 	35.7 	34.9 	33.0 	39.9 	34.2 	28.7 	31.5 	42.4 	39.1 	34.5 	39.9 	36.5 	37.3 	35.8 	41.2 	35.3 	45.0 	39.3 	41.2 	37.5 	41.8 
A,PC_TOT_IMP,SITC2_4,EXT_EU27_2020,CZ	45.9 	45.7 	40.3 	36.5 	36.1 	34.4 	40.8 	30.1 	37.9 	39.4 	33.7 	35.0 	34.6 	30.8 	29.1 	31.9 	32.8 	34.3 	33.9 	37.5 	31.9 	27.9 	24.9 	25.2 
A,PC_TOT_IMP,SITC2_4,EXT_EU27_2020,DE	38.8 	37.3 	37.7 	35.8 	38.3 	37.7 	37.4 	36.0 	36.8 	37.8 	37.8 	35.7 	35.4 	34.0 	33.5 	34.1 	34.6 	34.5 	37.0 	37.7 	36.8 	33.4 	32.2 	33.0 
A,PC_TOT_IMP,SITC2_4,EXT_EU27_2020,DK	30.5 	29.2 	29.8 	29.0 	27.2 	28.6 	29.2 	27.0 	27.7 	28.5 	33.5 	30.1 	30.6 	29.7 	31.1 	30.5 	32.9 	35.6 	35.8 	29.2 	32.4 	31.2 	34.8 	34.9 
A,PC_TOT_IMP,SITC2_4,EXT_EU27_2020,EE	48.5 	55.8 	57.8 	52.5 	52.4 	53.3 	33.3 	38.8 	39.6 	39.3 	34.7 	29.9 	31.8 	33.7 	35.1 	35.6 	37.6 	37.1 	37.9 	42.2 	27.7 	13.8 	12.7 	13.9 
A,PC_TOT_IMP,SITC2_4,EXT_EU27_2020,EL	51.3 	52.1 	52.8 	52.0 	49.8 	52.0 	57.8 	50.8 	51.0 	53.7 	55.4 	54.0 	50.5 	51.3 	50.9 	49.0 	50.4 	55.4 	56.0 	58.7 	56.7 	52.2 	52.4 	54.5 
A,PC_TOT_IMP,SITC2_4,EXT_EU27_2020,ES	59.4 	58.4 	57.3 	58.3 	58.2 	58.4 	60.5 	59.3 	61.3 	63.2 	62.8 	63.6 	64.0 	63.4 	62.8 	66.3 	64.4 	62.5 	63.1 	62.7 	58.9 	55.9 	58.5 	57.7 
A,PC_TOT_IMP,SITC2_4,EXT_EU27_2020,EU27_2020	46.7 	45.7 	44.8 	44.8 	44.7 	44.6 	45.3 	41.6 	44.0 	44.4 	44.2 	43.3 	42.5 	42.3 	41.6 	42.5 	42.4 	43.4 	44.1 	43.7 	43.6 	40.7 	40.9 	40.6 
A,PC_TOT_IMP,SITC2_4,EXT_EU27_2020,FI	67.2 	64.7 	64.0 	59.6 	56.4 	55.4 	53.5 	44.6 	44.5 	43.4 	48.7 	46.6 	43.4 	45.7 	49.1 	47.6 	49.4 	51.9 	56.4 	54.1 	52.4 	46.1 	47.3 	49.5 
A,PC_TOT_IMP,SITC2_4,EXT_EU27_2020,FR	43.2 	41.6 	38.8 	40.2 	40.6 	40.6 	42.8 	37.2 	41.0 	42.6 	41.8 	39.4 	36.9 	34.6 	34.6 	35.3 	34.0 	35.7 	35.0 	35.5 	34.3 	30.8 	31.7 	32.4 
A,PC_TOT_IMP,SITC2_4,EXT_EU27_2020,HR	46.7 	43.7 	43.0 	42.1 	42.8 	41.4 	48.0 	38.2 	42.4 	47.3 	42.5 	40.2 	29.5 	28.8 	29.2 	26.1 	24.6 	29.6 	29.7 	29.0 	26.4 	27.6 	27.9 	28.7 
A,PC_TOT_IMP,SITC2_4,EXT_EU27_2020,HU	37.2 	38.4 	38.9 	36.3 	34.2 	35.9 	31.9 	26.8 	35.7 	32.2 	29.0 	25.5 	25.1 	29.7 	28.1 	30.8 	29.7 	28.8 	26.8 	23.3 	31.6 	27.6 	21.5 	20.7 
A,PC_TOT_IMP,SITC2_4,EXT_EU27_2020,IE	71.2 	68.8 	69.1 	71.6 	69.4 	68.5 	65.6 	63.7 	69.0 	70.2 	68.4 	67.8 	67.7 	67.5 	66.7 	66.3 	66.4 	65.5 	63.3 	58.3 	57.5 	56.3 	58.3 	58.9 
A,PC_TOT_IMP,SITC2_4,EXT_EU27_2020,IT	49.1 	47.8 	46.8 	47.2 	46.6 	46.4 	48.4 	46.6 	47.6 	49.3 	47.6 	47.6 	45.2 	46.4 	45.6 	44.1 	44.7 	46.8 	47.9 	46.2 	44.8 	42.9 	41.7 	38.9 
A,PC_TOT_IMP,SITC2_4,EXT_EU27_2020,LT	56.9 	58.2 	53.2 	55.2 	55.6 	51.0 	61.3 	54.8 	51.9 	52.6 	52.8 	49.3 	46.5 	51.0 	45.6 	45.4 	47.6 	51.2 	49.7 	50.8 	41.7 	28.1 	30.1 	35.0 
A,PC_TOT_IMP,SITC2_4,EXT_EU27_2020,LU	9.6 	8.9 	7.8 	9.7 	9.6 	6.0 	5.8 	3.7 	2.8 	2.7 	2.7 	4.3 	6.8 	6.3 	5.7 	5.6 	2.3 	2.9 	5.8 	5.6 	4.9 	4.3 	3.3 	2.7 
A,PC_TOT_IMP,SITC2_4,EXT_EU27_2020,LV	33.2 	43.8 	52.1 	51.3 	49.7 	49.6 	36.5 	27.7 	29.0 	24.3 	34.0 	26.0 	29.4 	29.6 	29.9 	31.1 	38.4 	40.8 	38.9 	40.8 	36.6 	26.9 	26.0 	17.6 
A,PC_TOT_IMP,SITC2_4,EXT_EU27_2020,MT	28.1 	25.6 	30.0 	27.8 	30.9 	33.2 	28.3 	33.5 	39.0 	28.2 	26.5 	31.9 	30.0 	30.7 	29.5 	27.0 	24.8 	30.9 	32.9 	28.9 	28.4 	29.3 	33.6 	39.0 
A,PC_TOT_IMP,SITC2_4,EXT_EU27_2020,NL	58.3 	57.6 	59.0 	61.6 	58.8 	59.5 	62.9 	57.0 	62.2 	61.8 	61.3 	61.1 	60.1 	58.8 	59.7 	60.5 	59.6 	59.9 	58.3 	58.8 	59.3 	58.7 	59.7 	60.0 
A,PC_TOT_IMP,SITC2_4,EXT_EU27_2020,PL	49.4 	50.2 	48.5 	43.0 	48.0 	47.6 	46.6 	38.7 	42.3 	43.2 	43.5 	41.6 	40.2 	39.7 	37.8 	39.5 	37.4 	42.1 	39.9 	39.3 	41.9 	39.3 	39.1 	36.3 
A,PC_TOT_IMP,SITC2_4,EXT_EU27_2020,PT	49.3 	44.0 	45.5 	41.9 	40.1 	43.2 	43.9 	38.9 	39.1 	37.9 	35.1 	36.4 	36.2 	36.9 	35.0 	33.8 	34.5 	35.5 	33.6 	33.0 	36.1 	32.7 	35.6 	33.8 
A,PC_TOT_IMP,SITC2_4,EXT_EU27_2020,RO	64.8 	65.8 	67.7 	67.1 	64.6 	56.0 	50.0 	37.8 	38.7 	41.0 	40.0 	41.6 	38.7 	40.2 	38.5 	38.5 	38.7 	38.8 	39.2 	41.3 	47.3 	31.4 	29.9 	31.1 
A,PC_TOT_IMP,SITC2_4,EXT_EU27_2020,SE	41.0 	37.9 	38.8 	40.3 	40.8 	39.4 	41.8 	39.4 	39.5 	37.6 	38.8 	36.2 	38.7 	37.5 	32.6 	31.8 	30.9 	31.8 	32.1 	34.7 	33.1 	35.5 	33.3 	37.2 
A,PC_TOT_IMP,SITC2_4,EXT_EU27_2020,SI	26.6 	28.0 	24.7 	26.4 	25.7 	23.4 	28.0 	23.0 	32.8 	38.7 	34.9 	32.1 	30.5 	27.9 	27.0 	26.2 	26.1 	27.2 	26.9 	27.6 	31.6 	29.9 	32.3 	36.6 
A,PC_TOT_IMP,SITC2_4,EXT_EU27_2020,SK	43.0 	43.2 	44.2 	42.0 	40.2 	36.5 	36.6 	26.2 	31.5 	30.6 	26.7 	30.0 	30.7 	27.0 	28.8 	37.7 	37.4 	38.8 	33.4 	41.1 	38.6 	33.4 	29.6 	24.1 
A,PC_TOT_IMP,SITC3,EU27_2020,AT	52.8 	60.3 	66.8 	66.9 	58.7 	56.6 	54.3 	56.4 	57.1 	53.2 	49.3 	50.5 	52.8 	53.3 	57.0 	55.3 	51.1 	53.8 	59.1 	51.4 	58.0 	53.5 	50.0 	65.0 
A,PC_TOT_IMP,SITC3,EU27_2020,BE	66.2 	64.3 	66.3 	65.0 	64.5 	67.0 	65.7 	62.6 	63.5 	62.1 	66.3 	63.9 	65.7 	60.8 	62.7 	61.3 	61.1 	63.8 	63.9 	64.2 	50.4 	59.2 	66.7 	66.5 
A,PC_TOT_IMP,SITC3,EU27_2020,BG	32.8 	35.8 	34.6 	54.3 	62.1 	15.1 	13.2 	14.1 	14.6 	12.3 	14.8 	15.6 	18.3 	17.5 	20.5 	21.2 	20.2 	19.9 	30.1 	30.6 	22.9 	15.1 	33.1 	32.2 
A,PC_TOT_IMP,SITC3,EU27_2020,CY	15.6 	25.5 	39.7 	34.9 	39.9 	40.2 	48.0 	49.5 	44.5 	41.5 	46.7 	48.1 	58.9 	61.2 	53.1 	47.5 	40.9 	56.4 	58.1 	54.2 	47.6 	49.8 	39.6 	26.6 
A,PC_TOT_IMP,SITC3,EU27_2020,CZ	31.1 	30.6 	42.7 	36.0 	34.1 	37.3 	32.6 	39.9 	37.5 	44.2 	42.0 	42.9 	42.1 	53.4 	67.4 	59.6 	58.4 	53.1 	54.7 	61.8 	75.0 	67.6 	66.8 	71.5 
A,PC_TOT_IMP,SITC3,EU27_2020,DE	31.7 	29.7 	32.7 	31.4 	29.6 	28.9 	30.0 	34.1 	36.0 	36.6 	35.4 	36.9 	36.3 	40.3 	39.1 	41.4 	42.2 	46.8 	49.7 	42.8 	39.0 	46.4 	44.2 	46.6 
A,PC_TOT_IMP,SITC3,EU27_2020,DK	42.7 	38.0 	34.3 	34.8 	33.5 	33.0 	36.3 	28.5 	35.3 	28.9 	30.5 	29.0 	29.2 	27.5 	30.5 	26.0 	28.9 	30.4 	40.3 	42.3 	49.5 	35.9 	32.2 	32.7 
A,PC_TOT_IMP,SITC3,EU27_2020,EE	39.0 	38.1 	48.1 	36.9 	34.0 	44.6 	52.5 	56.4 	58.1 	43.5 	47.4 	58.1 	58.3 	58.6 	56.3 	53.4 	40.3 	48.7 	47.4 	42.5 	72.2 	90.1 	93.3 	93.8 
A,PC_TOT_IMP,SITC3,EU27_2020,EL	5.0 	5.6 	8.2 	7.4 	6.3 	4.7 	5.2 	5.6 	6.8 	7.3 	7.8 	7.3 	7.4 	9.4 	9.1 	8.9 	8.0 	9.5 	9.7 	6.9 	8.2 	8.7 	6.8 	9.0 
A,PC_TOT_IMP,SITC3,EU27_2020,ES	11.6 	13.3 	13.8 	11.5 	10.9 	14.2 	11.3 	10.9 	12.4 	11.3 	10.4 	8.2 	9.2 	10.7 	12.9 	13.5 	13.6 	11.2 	14.1 	15.7 	12.7 	14.5 	13.8 	14.0 
A,PC_TOT_IMP,SITC3,EU27_2020,EU27_2020	26.0 	26.5 	28.3 	28.3 	26.6 	25.9 	25.9 	27.3 	27.5 	27.8 	28.1 	29.4 	29.7 	32.0 	32.6 	31.9 	30.8 	31.7 	34.7 	33.7 	32.0 	33.7 	33.9 	35.3 
A,PC_TOT_IMP,SITC3,EU27_2020,FI	24.4 	19.8 	16.6 	17.5 	14.9 	11.6 	10.9 	9.5 	10.6 	11.2 	14.5 	23.1 	26.2 	32.8 	28.2 	29.2 	27.4 	29.0 	35.2 	38.8 	39.3 	34.8 	35.3 	39.5 
A,PC_TOT_IMP,SITC3,EU27_2020,FR	16.8 	18.7 	20.5 	28.7 	27.1 	24.9 	26.0 	28.6 	28.0 	26.2 	30.6 	31.9 	31.9 	34.7 	34.4 	32.4 	31.2 	28.9 	34.4 	38.4 	35.3 	38.1 	33.6 	25.6 
A,PC_TOT_IMP,SITC3,EU27_2020,HR	18.8 	27.4 	25.8 	28.6 	31.1 	24.7 	33.7 	27.0 	28.4 	43.1 	47.9 	41.8 	46.1 	49.0 	44.1 	44.5 	44.3 	57.0 	47.6 	35.1 	39.9 	45.8 	53.0 	48.4 
A,PC_TOT_IMP,SITC3,EU27_2020,HU	29.8 	31.6 	28.1 	25.1 	24.0 	24.2 	22.6 	30.3 	29.3 	29.1 	33.3 	29.6 	37.0 	43.7 	45.4 	40.6 	37.1 	39.6 	51.8 	54.4 	49.7 	49.9 	52.2 	55.6 
A,PC_TOT_IMP,SITC3,EU27_2020,IE	5.9 	7.1 	8.0 	5.1 	8.6 	11.8 	21.4 	17.2 	12.7 	8.2 	4.3 	8.9 	6.3 	5.4 	7.4 	7.2 	12.4 	13.9 	7.9 	13.3 	7.8 	15.8 	26.3 	21.1 
A,PC_TOT_IMP,SITC3,EU27_2020,IT	8.5 	7.7 	10.1 	7.9 	8.3 	7.2 	7.1 	8.7 	8.9 	11.1 	10.4 	12.9 	13.3 	14.9 	13.5 	13.4 	10.4 	13.1 	12.8 	13.5 	9.9 	10.8 	11.2 	14.0 
A,PC_TOT_IMP,SITC3,EU27_2020,LT	1.8 	1.3 	2.0 	1.9 	2.9 	4.3 	1.9 	2.9 	4.7 	6.9 	8.6 	7.7 	8.2 	13.3 	16.0 	13.0 	13.3 	11.9 	17.5 	21.8 	24.8 	19.2 	18.2 	16.5 
A,PC_TOT_IMP,SITC3,EU27_2020,LU	100.0 	100.0 	100.0 	100.0 	100.0 	100.0 	100.0 	100.0 	100.0 	100.0 	100.0 	100.0 	100.0 	100.0 	100.0 	100.0 	99.9 	99.8 	100.0 	99.9 	100.0 	99.9 	100.0 	100.0 
A,PC_TOT_IMP,SITC3,EU27_2020,LV	30.8 	31.2 	43.0 	37.3 	36.5 	42.2 	42.8 	38.6 	44.2 	52.9 	55.0 	60.6 	61.0 	59.9 	61.3 	60.4 	62.8 	68.4 	71.2 	58.9 	79.9 	85.6 	85.8 	91.9 
A,PC_TOT_IMP,SITC3,EU27_2020,MT	66.7 	82.1 	80.5 	90.4 	86.0 	57.2 	77.3 	81.3 	88.5 	91.5 	93.2 	86.7 	70.7 	83.3 	83.9 	75.4 	84.0 	80.9 	71.7 	85.9 	88.3 	82.0 	85.4 	91.3 
A,PC_TOT_IMP,SITC3,EU27_2020,NL	23.6 	25.3 	27.7 	25.3 	21.9 	21.2 	20.2 	21.0 	21.1 	21.4 	21.5 	22.6 	22.4 	24.5 	25.1 	25.2 	22.9 	21.2 	23.5 	21.4 	22.2 	21.7 	22.7 	22.9 
A,PC_TOT_IMP,SITC3,EU27_2020,PL	15.4 	14.6 	20.3 	19.9 	20.4 	25.8 	24.6 	24.9 	19.1 	18.0 	13.9 	13.7 	16.5 	19.3 	21.7 	20.4 	16.6 	17.7 	19.9 	22.3 	29.4 	33.2 	29.7 	37.0 
A,PC_TOT_IMP,SITC3,EU27_2020,PT	28.8 	27.2 	21.8 	27.0 	19.4 	21.2 	22.4 	22.3 	20.6 	21.5 	22.1 	21.3 	25.9 	24.8 	24.6 	22.0 	20.7 	21.6 	19.6 	29.4 	29.2 	31.2 	27.4 	33.8 
A,PC_TOT_IMP,SITC3,EU27_2020,RO	7.9 	7.2 	9.3 	9.2 	7.7 	10.7 	10.3 	13.6 	20.6 	20.8 	23.1 	22.4 	17.2 	23.3 	20.6 	21.8 	19.2 	22.6 	28.3 	31.4 	44.5 	35.3 	35.2 	42.6 
A,PC_TOT_IMP,SITC3,EU27_2020,SE	34.8 	35.0 	41.6 	39.6 	42.4 	43.2 	39.4 	35.5 	33.9 	31.9 	30.3 	33.6 	28.6 	34.1 	37.3 	33.8 	31.4 	34.3 	33.5 	32.1 	29.3 	31.2 	28.8 	34.6 
A,PC_TOT_IMP,SITC3,EU27_2020,SI	64.9 	67.4 	71.8 	70.0 	70.6 	70.1 	59.8 	54.6 	57.2 	64.7 	69.2 	58.1 	57.4 	66.0 	64.3 	60.8 	51.8 	58.8 	52.7 	56.7 	54.2 	58.1 	61.9 	61.0 
A,PC_TOT_IMP,SITC3,EU27_2020,SK	17.9 	20.0 	28.4 	24.0 	21.5 	23.9 	23.1 	28.4 	33.8 	29.4 	29.5 	27.5 	31.6 	35.0 	39.0 	42.6 	37.8 	39.2 	41.4 	40.6 	46.3 	42.2 	48.3 	52.8 
A,PC_TOT_IMP,SITC3,EXT_EU27_2020,AT	47.2 	39.7 	33.2 	33.1 	41.3 	43.4 	45.7 	43.6 	42.9 	46.8 	50.7 	49.5 	47.2 	46.7 	43.0 	44.7 	48.9 	46.2 	40.9 	48.6 	42.0 	46.5 	50.0 	35.0 
A,PC_TOT_IMP,SITC3,EXT_EU27_2020,BE	33.8 	35.7 	33.7 	35.0 	35.5 	33.0 	34.3 	37.4 	36.5 	37.9 	33.7 	36.1 	34.3 	39.2 	37.3 	38.7 	38.9 	36.2 	36.1 	35.8 	49.6 	40.8 	33.3 	33.5 
A,PC_TOT_IMP,SITC3,EXT_EU27_2020,BG	67.2 	64.2 	65.4 	45.7 	37.9 	84.9 	86.8 	85.9 	85.4 	87.7 	85.2 	84.4 	81.7 	82.5 	79.5 	78.8 	79.8 	80.1 	69.9 	69.4 	77.1 	84.9 	66.9 	67.8 
A,PC_TOT_IMP,SITC3,EXT_EU27_2020,CY	84.4 	74.5 	60.3 	65.1 	60.1 	59.8 	52.0 	50.5 	55.5 	58.5 	53.3 	51.9 	41.1 	38.8 	46.9 	52.5 	59.1 	43.6 	41.9 	45.8 	52.4 	50.2 	60.4 	73.4 
A,PC_TOT_IMP,SITC3,EXT_EU27_2020,CZ	68.9 	69.4 	57.3 	64.0 	65.9 	62.7 	67.4 	60.1 	62.5 	55.8 	58.0 	57.1 	57.9 	46.6 	32.6 	40.4 	41.6 	46.9 	45.3 	38.2 	25.0 	32.4 	33.2 	28.5 
A,PC_TOT_IMP,SITC3,EXT_EU27_2020,DE	68.3 	70.3 	67.3 	68.6 	70.4 	71.1 	70.0 	65.9 	64.0 	63.4 	64.6 	63.1 	63.7 	59.7 	60.9 	58.6 	57.8 	53.2 	50.3 	57.2 	61.0 	53.6 	55.8 	53.4 
A,PC_TOT_IMP,SITC3,EXT_EU27_2020,DK	57.3 	62.0 	65.7 	65.2 	66.5 	67.0 	63.7 	71.5 	64.7 	71.1 	69.5 	71.0 	70.8 	72.5 	69.5 	74.0 	71.1 	69.6 	59.7 	57.7 	50.5 	64.1 	67.8 	67.3 
A,PC_TOT_IMP,SITC3,EXT_EU27_2020,EE	61.0 	61.9 	51.9 	63.1 	66.0 	55.4 	47.5 	43.6 	41.9 	56.5 	52.6 	41.9 	41.7 	41.4 	43.7 	46.6 	59.7 	51.3 	52.6 	57.5 	27.8 	9.9 	6.7 	6.2 
A,PC_TOT_IMP,SITC3,EXT_EU27_2020,EL	95.0 	94.4 	91.8 	92.6 	93.7 	95.3 	94.8 	94.4 	93.2 	92.7 	92.2 	92.7 	92.6 	90.6 	90.9 	91.1 	92.0 	90.5 	90.3 	93.1 	91.8 	91.3 	93.2 	91.0 
A,PC_TOT_IMP,SITC3,EXT_EU27_2020,ES	88.4 	86.7 	86.2 	88.5 	89.1 	85.8 	88.7 	89.1 	87.6 	88.7 	89.6 	91.8 	90.8 	89.3 	87.1 	86.5 	86.4 	88.8 	85.9 	84.3 	87.3 	85.5 	86.2 	86.0 
A,PC_TOT_IMP,SITC3,EXT_EU27_2020,EU27_2020	74.0 	73.5 	71.7 	71.7 	73.4 	74.1 	74.1 	72.7 	72.5 	72.2 	71.9 	70.6 	70.3 	68.0 	67.4 	68.1 	69.2 	68.3 	65.3 	66.3 	68.0 	66.3 	66.1 	64.7 
A,PC_TOT_IMP,SITC3,EXT_EU27_2020,FI	75.6 	80.2 	83.4 	82.5 	85.1 	88.4 	89.1 	90.5 	89.4 	88.8 	85.5 	76.9 	73.8 	67.2 	71.8 	70.8 	72.6 	71.0 	64.8 	61.2 	60.7 	65.2 	64.7 	60.5 
A,PC_TOT_IMP,SITC3,EXT_EU27_2020,FR	83.2 	81.3 	79.5 	71.3 	72.9 	75.1 	74.0 	71.4 	72.0 	73.8 	69.4 	68.1 	68.1 	65.3 	65.6 	67.6 	68.8 	71.1 	65.6 	61.6 	64.7 	61.9 	66.4 	74.4 
A,PC_TOT_IMP,SITC3,EXT_EU27_2020,HR	81.2 	72.6 	74.2 	71.4 	68.9 	75.3 	66.3 	73.0 	71.6 	56.9 	52.1 	58.2 	53.9 	51.0 	55.9 	55.5 	55.7 	43.0 	52.4 	64.9 	60.1 	54.2 	47.0 	51.6 
A,PC_TOT_IMP,SITC3,EXT_EU27_2020,HU	70.2 	68.4 	71.9 	74.9 	76.0 	75.8 	77.4 	69.7 	70.7 	70.9 	66.7 	70.4 	63.0 	56.3 	54.6 	59.4 	62.9 	60.4 	48.2 	45.6 	50.3 	50.1 	47.8 	44.4 
A,PC_TOT_IMP,SITC3,EXT_EU27_2020,IE	94.1 	92.9 	92.0 	94.9 	91.4 	88.2 	78.6 	82.8 	87.3 	91.8 	95.7 	91.1 	93.7 	94.6 	92.6 	92.8 	87.6 	86.1 	92.1 	86.7 	92.2 	84.2 	73.7 	78.9 
A,PC_TOT_IMP,SITC3,EXT_EU27_2020,IT	91.5 	92.3 	89.9 	92.1 	91.7 	92.8 	92.9 	91.3 	91.1 	88.9 	89.6 	87.1 	86.7 	85.1 	86.5 	86.6 	89.6 	86.9 	87.2 	86.5 	90.1 	89.2 	88.8 	86.0 
A,PC_TOT_IMP,SITC3,EXT_EU27_2020,LT	98.2 	98.7 	98.0 	98.1 	97.1 	95.7 	98.1 	97.1 	95.3 	93.1 	91.4 	92.3 	91.8 	86.7 	84.0 	87.0 	86.7 	88.1 	82.5 	78.2 	75.2 	80.8 	81.8 	83.5 
A,PC_TOT_IMP,SITC3,EXT_EU27_2020,LU	0.0 	0.0 	0.0 	0.0 	0.0 	0.0 	0.0 	0.0 	0.0 	0.0 	0.0 	0.0 	0.0 	0.0 	0.0 	0.0 	0.1 	0.2 	0.0 	0.1 	0.0 	0.1 	0.0 	0.0 
A,PC_TOT_IMP,SITC3,EXT_EU27_2020,LV	69.2 	68.8 	57.0 	62.7 	63.5 	57.8 	57.2 	61.4 	55.8 	47.1 	45.0 	39.4 	39.0 	40.1 	38.7 	39.6 	37.2 	31.6 	28.8 	41.1 	20.1 	14.4 	14.2 	8.1 
A,PC_TOT_IMP,SITC3,EXT_EU27_2020,MT	33.3 	17.9 	19.5 	9.6 	14.0 	42.8 	22.7 	18.7 	11.5 	8.5 	6.8 	13.3 	29.3 	16.7 	16.1 	24.6 	16.0 	19.1 	28.3 	14.1 	11.7 	18.0 	14.6 	8.7 
A,PC_TOT_IMP,SITC3,EXT_EU27_2020,NL	76.4 	74.7 	72.3 	74.7 	78.1 	78.8 	79.8 	79.0 	78.9 	78.6 	78.5 	77.4 	77.6 	75.5 	74.9 	74.8 	77.1 	78.8 	76.5 	78.6 	77.8 	78.3 	77.3 	77.1 
A,PC_TOT_IMP,SITC3,EXT_EU27_2020,PL	84.6 	85.4 	79.7 	80.1 	79.6 	74.2 	75.4 	75.1 	80.9 	82.0 	86.1 	86.3 	83.5 	80.7 	78.3 	79.6 	83.4 	82.3 	80.1 	77.7 	70.6 	66.8 	70.3 	63.0 
A,PC_TOT_IMP,SITC3,EXT_EU27_2020,PT	71.2 	72.8 	78.2 	73.0 	80.6 	78.8 	77.6 	77.7 	79.4 	78.5 	77.9 	78.7 	74.1 	75.2 	75.4 	78.0 	79.3 	78.4 	80.4 	70.6 	70.8 	68.8 	72.6 	66.2 
A,PC_TOT_IMP,SITC3,EXT_EU27_2020,RO	92.1 	92.8 	90.7 	90.8 	92.3 	89.3 	89.7 	86.4 	79.4 	79.2 	76.9 	77.6 	82.8 	76.7 	79.4 	78.2 	80.8 	77.4 	71.7 	68.6 	55.5 	64.7 	64.8 	57.4 
A,PC_TOT_IMP,SITC3,EXT_EU27_2020,SE	65.2 	65.0 	58.4 	60.4 	57.6 	56.8 	60.6 	64.5 	66.1 	68.1 	69.7 	66.4 	71.4 	65.9 	62.7 	66.2 	68.6 	65.7 	66.5 	67.9 	70.7 	68.8 	71.2 	65.4 
A,PC_TOT_IMP,SITC3,EXT_EU27_2020,SI	35.1 	32.6 	28.2 	30.0 	29.4 	29.9 	40.2 	45.4 	42.8 	35.3 	30.8 	41.9 	42.6 	34.0 	35.7 	39.2 	48.2 	41.2 	47.3 	43.3 	45.8 	41.9 	38.1 	39.0 
A,PC_TOT_IMP,SITC3,EXT_EU27_2020,SK	82.1 	80.0 	71.6 	76.0 	78.5 	76.1 	76.9 	71.6 	66.2 	70.6 	70.5 	72.5 	68.4 	65.0 	61.0 	57.4 	62.2 	60.8 	58.6 	59.4 	53.7 	57.8 	51.7 	47.2 
A,PC_TOT_IMP,SITC5,EU27_2020,AT	77.7 	79.0 	79.2 	77.3 	76.3 	77.5 	79.0 	75.1 	72.6 	72.6 	72.0 	71.9 	70.9 	67.9 	67.5 	67.1 	70.7 	70.1 	71.8 	70.1 	72.0 	67.8 	75.4 	71.3 
A,PC_TOT_IMP,SITC5,EU27_2020,BE	75.6 	74.5 	75.1 	75.3 	74.9 	74.1 	73.0 	73.2 	70.7 	67.8 	64.8 	61.9 	60.6 	58.5 	59.3 	61.2 	61.2 	60.2 	62.4 	68.4 	66.0 	63.5 	63.6 	62.8 
A,PC_TOT_IMP,SITC5,EU27_2020,BG	72.6 	73.7 	73.5 	73.4 	73.2 	78.3 	77.1 	77.2 	77.2 	74.8 	73.9 	72.7 	73.3 	73.1 	75.8 	75.0 	74.1 	74.4 	75.6 	74.6 	72.3 	73.7 	71.4 	71.2 
A,PC_TOT_IMP,SITC5,EU27_2020,CY	63.8 	65.8 	66.5 	68.8 	69.5 	70.3 	70.9 	73.5 	73.2 	73.1 	73.0 	73.0 	72.6 	71.1 	71.0 	72.2 	69.0 	68.9 	70.8 	73.2 	73.8 	73.2 	74.3 	70.3 
A,PC_TOT_IMP,SITC5,EU27_2020,CZ	81.0 	80.2 	84.5 	86.0 	86.7 	86.2 	86.4 	87.1 	86.9 	87.2 	87.9 	87.6 	87.0 	87.4 	86.4 	86.2 	86.4 	87.3 	88.6 	87.9 	88.2 	88.3 	87.9 	87.1 
A,PC_TOT_IMP,SITC5,EU27_2020,DE	66.2 	67.2 	67.6 	69.4 	68.7 	69.8 	70.1 	69.5 	69.9 	68.8 	68.4 	68.8 	68.6 	67.6 	66.5 	66.5 	70.2 	69.9 	69.2 	72.1 	69.4 	71.9 	71.2 	70.1 
A,PC_TOT_IMP,SITC5,EU27_2020,DK	75.9 	75.0 	75.3 	75.5 	75.6 	75.7 	76.8 	76.5 	75.4 	75.8 	76.1 	75.8 	76.4 	75.5 	77.3 	76.7 	76.3 	76.0 	77.4 	77.0 	77.4 	77.3 	71.7 	74.3 
A,PC_TOT_IMP,SITC5,EU27_2020,EE	79.6 	75.8 	82.2 	86.0 	85.8 	89.0 	86.6 	90.3 	90.4 	84.7 	83.4 	85.2 	87.3 	85.4 	86.4 	83.7 	82.2 	81.9 	84.2 	82.5 	82.6 	88.3 	88.7 	84.9 
A,PC_TOT_IMP,SITC5,EU27_2020,EL	75.0 	76.0 	75.9 	77.4 	77.1 	76.2 	74.7 	75.2 	73.8 	76.0 	77.3 	76.6 	76.2 	76.5 	77.0 	78.3 	78.3 	81.5 	84.0 	81.1 	77.7 	80.4 	80.1 	79.9 
A,PC_TOT_IMP,SITC5,EU27_2020,ES	71.2 	70.3 	69.1 	69.6 	69.9 	69.0 	67.5 	68.0 	64.3 	63.5 	63.2 	65.1 	66.3 	66.7 	66.3 	67.2 	65.8 	64.5 	64.7 	60.5 	61.5 	65.1 	66.6 	68.3 
A,PC_TOT_IMP,SITC5,EU27_2020,EU27_2020	68.2 	68.9 	69.6 	70.4 	70.2 	70.5 	70.3 	70.0 	69.2 	68.6 	68.1 	68.4 	68.3 	67.2 	67.1 	67.5 	68.7 	67.8 	67.9 	69.6 	67.6 	67.7 	67.9 	66.9 
A,PC_TOT_IMP,SITC5,EU27_2020,FI	74.6 	75.0 	75.4 	74.7 	76.0 	75.1 	74.4 	79.2 	76.8 	74.0 	73.0 	74.1 	73.5 	73.8 	75.1 	76.0 	75.6 	76.0 	78.1 	76.7 	75.3 	79.9 	80.2 	78.2 
A,PC_TOT_IMP,SITC5,EU27_2020,FR	63.3 	65.0 	65.6 	65.2 	65.7 	67.0 	69.7 	68.0 	68.5 	70.1 	70.4 	72.5 	73.5 	72.5 	73.0 	74.1 	75.3 	75.4 	75.3 	75.0 	74.4 	73.0 	73.9 	72.7 
A,PC_TOT_IMP,SITC5,EU27_2020,HR	79.1 	79.6 	79.1 	79.6 	78.2 	77.5 	76.6 	78.0 	73.7 	69.9 	71.7 	75.8 	79.3 	78.2 	72.1 	78.7 	79.7 	80.9 	84.6 	84.1 	82.3 	84.1 	84.6 	83.9 
A,PC_TOT_IMP,SITC5,EU27_2020,HU	75.5 	75.3 	77.5 	83.0 	83.2 	82.7 	82.5 	83.6 	82.1 	80.5 	81.5 	82.4 	82.8 	80.6 	81.5 	79.6 	78.5 	78.7 	74.1 	74.2 	71.1 	63.6 	70.6 	74.8 
A,PC_TOT_IMP,SITC5,EU27_2020,IE	29.7 	33.0 	33.8 	37.8 	37.0 	38.7 	39.9 	40.0 	39.0 	40.5 	39.4 	41.6 	38.1 	34.4 	34.6 	36.5 	50.8 	34.3 	34.6 	37.8 	34.0 	36.1 	45.0 	52.2 
A,PC_TOT_IMP,SITC5,EU27_2020,IT	69.4 	68.8 	70.4 	71.2 	71.9 	71.8 	70.1 	69.3 	68.0 	66.0 	67.3 	70.3 	69.4 	69.5 	69.1 	69.8 	70.8 	70.8 	72.2 	73.7 	71.0 	69.1 	65.6 	58.1 
A,PC_TOT_IMP,SITC5,EU27_2020,LT	73.0 	70.2 	77.9 	78.3 	77.9 	78.5 	76.9 	80.7 	80.9 	80.9 	77.4 	80.3 	78.7 	74.5 	76.9 	77.6 	78.9 	77.9 	80.1 	79.1 	76.3 	80.9 	78.7 	78.4 
A,PC_TOT_IMP,SITC5,EU27_2020,LU	92.3 	90.7 	88.0 	86.3 	82.6 	81.4 	88.1 	93.1 	86.9 	83.7 	82.2 	83.6 	86.8 	87.7 	87.3 	86.6 	87.0 	89.0 	88.2 	89.2 	89.6 	90.6 	91.1 	90.9 
A,PC_TOT_IMP,SITC5,EU27_2020,LV	74.4 	74.7 	76.3 	80.6 	80.4 	79.0 	80.7 	79.0 	79.5 	78.9 	81.3 	81.9 	81.3 	78.6 	79.1 	78.5 	80.4 	80.2 	79.8 	79.2 	82.2 	84.8 	82.3 	83.2 
A,PC_TOT_IMP,SITC5,EU27_2020,MT	59.0 	58.6 	61.1 	61.5 	58.5 	52.7 	55.8 	55.6 	53.8 	51.6 	48.6 	49.0 	47.6 	46.3 	49.7 	47.4 	44.2 	47.2 	46.4 	48.2 	49.5 	49.5 	46.7 	44.4 
A,PC_TOT_IMP,SITC5,EU27_2020,NL	54.6 	58.0 	57.3 	57.1 	55.6 	55.9 	54.6 	55.2 	56.1 	55.3 	54.1 	53.5 	53.6 	52.7 	51.4 	50.8 	49.6 	49.2 	50.0 	55.1 	55.2 	59.4 	62.1 	61.9 
A,PC_TOT_IMP,SITC5,EU27_2020,PL	77.4 	77.4 	81.2 	83.8 	83.2 	82.4 	81.5 	82.3 	81.2 	81.4 	80.6 	80.4 	79.3 	78.5 	79.7 	79.9 	80.7 	79.5 	78.7 	78.8 	75.1 	76.0 	79.4 	79.3 
A,PC_TOT_IMP,SITC5,EU27_2020,PT	81.3 	82.5 	82.7 	82.4 	82.8 	82.2 	83.1 	84.6 	81.5 	81.2 	81.3 	82.7 	83.0 	82.4 	83.3 	83.1 	81.6 	80.3 	81.2 	83.0 	80.4 	84.9 	85.2 	85.5 
A,PC_TOT_IMP,SITC5,EU27_2020,RO	75.0 	75.4 	73.1 	72.6 	73.1 	78.2 	77.0 	79.3 	79.0 	78.7 	79.8 	80.1 	80.3 	81.3 	81.5 	81.4 	82.3 	81.8 	79.3 	79.0 	76.3 	80.9 	77.1 	78.1 
A,PC_TOT_IMP,SITC5,EU27_2020,SE	66.9 	69.1 	70.3 	69.1 	69.9 	70.8 	72.0 	68.5 	68.8 	69.0 	68.2 	69.9 	72.4 	72.6 	71.9 	72.3 	71.6 	72.8 	72.9 	75.0 	74.5 	73.0 	75.2 	76.8 
A,PC_TOT_IMP,SITC5,EU27_2020,SI	79.8 	78.2 	83.2 	85.1 	85.2 	84.6 	83.2 	83.4 	81.8 	78.8 	77.5 	75.7 	74.2 	71.9 	71.9 	71.3 	67.4 	48.3 	39.8 	35.2 	29.4 	22.5 	16.0 	16.1 
A,PC_TOT_IMP,SITC5,EU27_2020,SK	79.2 	80.2 	83.4 	88.5 	87.7 	88.1 	86.5 	88.2 	88.4 	89.4 	89.7 	88.2 	88.5 	88.8 	89.1 	89.6 	89.7 	90.2 	90.9 	91.0 	92.2 	92.7 	92.0 	91.5 
A,PC_TOT_IMP,SITC5,EXT_EU27_2020,AT	22.3 	21.0 	20.8 	22.7 	23.7 	22.5 	21.0 	24.9 	27.4 	27.4 	28.0 	28.1 	29.1 	32.1 	32.5 	32.9 	29.3 	29.9 	28.2 	29.9 	28.0 	32.2 	24.6 	28.7 
A,PC_TOT_IMP,SITC5,EXT_EU27_2020,BE	24.4 	25.5 	24.9 	24.7 	25.1 	25.9 	27.0 	26.8 	29.3 	32.2 	35.2 	38.1 	39.4 	41.5 	40.7 	38.8 	38.8 	39.8 	37.6 	31.6 	34.0 	36.5 	36.4 	37.2 
A,PC_TOT_IMP,SITC5,EXT_EU27_2020,BG	27.4 	26.3 	26.5 	26.6 	26.8 	21.7 	22.9 	22.8 	22.8 	25.2 	26.1 	27.3 	26.7 	26.9 	24.2 	25.0 	25.9 	25.6 	24.4 	25.4 	27.7 	26.3 	28.6 	28.8 
A,PC_TOT_IMP,SITC5,EXT_EU27_2020,CY	36.2 	34.2 	33.5 	31.2 	30.5 	29.7 	29.1 	26.5 	26.8 	26.9 	27.0 	27.0 	27.4 	28.9 	29.0 	27.8 	31.0 	31.1 	29.2 	26.8 	26.2 	26.8 	25.7 	29.7 
A,PC_TOT_IMP,SITC5,EXT_EU27_2020,CZ	19.0 	19.8 	15.5 	14.0 	13.3 	13.8 	13.6 	12.9 	13.1 	12.8 	12.1 	12.4 	13.0 	12.6 	13.6 	13.8 	13.6 	12.7 	11.4 	12.1 	11.8 	11.7 	12.1 	12.9 
A,PC_TOT_IMP,SITC5,EXT_EU27_2020,DE	33.8 	32.8 	32.4 	30.6 	31.3 	30.2 	29.9 	30.5 	30.1 	31.2 	31.6 	31.2 	31.4 	32.4 	33.5 	33.5 	29.8 	30.1 	30.8 	27.9 	30.6 	28.1 	28.8 	29.9 
A,PC_TOT_IMP,SITC5,EXT_EU27_2020,DK	24.1 	25.0 	24.7 	24.5 	24.4 	24.3 	23.2 	23.5 	24.6 	24.2 	23.9 	24.2 	23.6 	24.5 	22.7 	23.3 	23.7 	24.0 	22.6 	23.0 	22.6 	22.7 	28.3 	25.7 
A,PC_TOT_IMP,SITC5,EXT_EU27_2020,EE	20.4 	24.2 	17.8 	14.0 	14.2 	11.0 	13.4 	9.7 	9.6 	15.3 	16.6 	14.8 	12.7 	14.6 	13.6 	16.3 	17.8 	18.1 	15.8 	17.5 	17.4 	11.7 	11.3 	15.1 
A,PC_TOT_IMP,SITC5,EXT_EU27_2020,EL	25.0 	24.0 	24.1 	22.6 	22.9 	23.8 	25.3 	24.8 	26.2 	24.0 	22.7 	23.4 	23.8 	23.5 	23.0 	21.7 	21.7 	18.5 	16.0 	18.9 	22.3 	19.6 	19.9 	20.1 
A,PC_TOT_IMP,SITC5,EXT_EU27_2020,ES	28.8 	29.7 	30.9 	30.4 	30.1 	31.0 	32.5 	32.0 	35.7 	36.5 	36.8 	34.9 	33.7 	33.3 	33.7 	32.8 	34.2 	35.5 	35.3 	39.5 	38.5 	34.9 	33.4 	31.7 
A,PC_TOT_IMP,SITC5,EXT_EU27_2020,EU27_2020	31.8 	31.1 	30.4 	29.6 	29.8 	29.5 	29.7 	30.0 	30.8 	31.4 	31.9 	31.6 	31.7 	32.8 	32.9 	32.5 	31.3 	32.2 	32.1 	30.4 	32.4 	32.3 	32.1 	33.1 
A,PC_TOT_IMP,SITC5,EXT_EU27_2020,FI	25.4 	25.0 	24.6 	25.3 	24.0 	24.9 	25.6 	20.8 	23.2 	26.0 	27.0 	25.9 	26.5 	26.2 	24.9 	24.0 	24.4 	24.0 	21.9 	23.3 	24.7 	20.1 	19.8 	21.8 
A,PC_TOT_IMP,SITC5,EXT_EU27_2020,FR	36.7 	35.0 	34.4 	34.8 	34.3 	33.0 	30.3 	32.0 	31.5 	29.9 	29.6 	27.5 	26.5 	27.5 	27.0 	25.9 	24.7 	24.6 	24.7 	25.0 	25.6 	27.0 	26.1 	27.3 
A,PC_TOT_IMP,SITC5,EXT_EU27_2020,HR	20.9 	20.4 	20.9 	20.4 	21.8 	22.5 	23.4 	22.0 	26.3 	30.1 	28.3 	24.2 	20.7 	21.8 	27.9 	21.3 	20.3 	19.1 	15.4 	15.9 	17.7 	15.9 	15.4 	16.1 
A,PC_TOT_IMP,SITC5,EXT_EU27_2020,HU	24.5 	24.7 	22.5 	17.0 	16.8 	17.3 	17.5 	16.4 	17.9 	19.5 	18.5 	17.6 	17.2 	19.4 	18.5 	20.4 	21.5 	21.3 	25.9 	25.8 	28.9 	36.4 	29.4 	25.2 
A,PC_TOT_IMP,SITC5,EXT_EU27_2020,IE	70.3 	67.0 	66.2 	62.2 	63.0 	61.3 	60.1 	60.0 	61.0 	59.5 	60.6 	58.4 	61.9 	65.6 	65.4 	63.5 	49.2 	65.7 	65.4 	62.2 	66.0 	63.9 	55.0 	47.8 
A,PC_TOT_IMP,SITC5,EXT_EU27_2020,IT	30.6 	31.2 	29.6 	28.8 	28.1 	28.2 	29.9 	30.7 	32.0 	34.0 	32.7 	29.7 	30.6 	30.5 	30.9 	30.2 	29.2 	29.2 	27.8 	26.3 	29.0 	30.9 	34.4 	41.9 
A,PC_TOT_IMP,SITC5,EXT_EU27_2020,LT	27.0 	29.8 	22.1 	21.7 	22.1 	21.5 	23.1 	19.3 	19.1 	19.1 	22.6 	19.7 	21.3 	25.5 	23.1 	22.4 	21.1 	22.1 	19.9 	20.9 	23.7 	19.1 	21.3 	21.6 
A,PC_TOT_IMP,SITC5,EXT_EU27_2020,LU	7.7 	9.3 	12.0 	13.7 	17.4 	18.6 	11.9 	6.9 	13.1 	16.3 	17.8 	16.4 	13.2 	12.3 	12.7 	13.4 	13.0 	11.0 	11.8 	10.8 	10.4 	9.4 	8.9 	9.1 
A,PC_TOT_IMP,SITC5,EXT_EU27_2020,LV	25.6 	25.3 	23.7 	19.4 	19.6 	21.0 	19.3 	21.0 	20.5 	21.1 	18.7 	18.1 	18.7 	21.4 	20.9 	21.5 	19.6 	19.8 	20.2 	20.8 	17.8 	15.2 	17.7 	16.8 
A,PC_TOT_IMP,SITC5,EXT_EU27_2020,MT	41.0 	41.4 	38.9 	38.5 	41.5 	47.3 	44.2 	44.4 	46.2 	48.4 	51.4 	51.0 	52.4 	53.7 	50.3 	52.6 	55.8 	52.8 	53.6 	51.8 	50.5 	50.5 	53.3 	55.6 
A,PC_TOT_IMP,SITC5,EXT_EU27_2020,NL	45.4 	42.0 	42.7 	42.9 	44.4 	44.1 	45.4 	44.8 	43.9 	44.7 	45.9 	46.5 	46.4 	47.3 	48.6 	49.2 	50.4 	50.8 	50.0 	44.9 	44.8 	40.6 	37.9 	38.1 
A,PC_TOT_IMP,SITC5,EXT_EU27_2020,PL	22.6 	22.6 	18.8 	16.2 	16.8 	17.6 	18.5 	17.7 	18.8 	18.6 	19.4 	19.6 	20.7 	21.5 	20.3 	20.1 	19.3 	20.5 	21.3 	21.2 	24.9 	24.0 	20.6 	20.7 
A,PC_TOT_IMP,SITC5,EXT_EU27_2020,PT	18.7 	17.5 	17.3 	17.6 	17.2 	17.8 	16.9 	15.4 	18.5 	18.8 	18.7 	17.3 	17.0 	17.6 	16.7 	16.9 	18.4 	19.7 	18.8 	17.0 	19.6 	15.1 	14.8 	14.5 
A,PC_TOT_IMP,SITC5,EXT_EU27_2020,RO	25.0 	24.6 	26.9 	27.4 	26.9 	21.8 	23.0 	20.7 	21.0 	21.3 	20.2 	19.9 	19.7 	18.7 	18.5 	18.6 	17.7 	18.2 	20.7 	21.0 	23.7 	19.1 	22.9 	21.9 
A,PC_TOT_IMP,SITC5,EXT_EU27_2020,SE	33.1 	30.9 	29.7 	30.9 	30.1 	29.2 	28.0 	31.5 	31.2 	31.0 	31.8 	30.1 	27.6 	27.4 	28.1 	27.7 	28.4 	27.2 	27.1 	25.0 	25.5 	27.0 	24.8 	23.2 
A,PC_TOT_IMP,SITC5,EXT_EU27_2020,SI	20.2 	21.8 	16.8 	14.9 	14.8 	15.4 	16.8 	16.6 	18.2 	21.2 	22.5 	24.3 	25.8 	28.1 	28.1 	28.7 	32.6 	51.7 	60.2 	64.8 	70.6 	77.5 	84.0 	83.9 
A,PC_TOT_IMP,SITC5,EXT_EU27_2020,SK	20.8 	19.8 	16.6 	11.5 	12.3 	11.9 	13.5 	11.8 	11.6 	10.6 	10.3 	11.8 	11.5 	11.2 	10.9 	10.4 	10.3 	9.8 	9.1 	9.0 	7.8 	7.3 	8.0 	8.5 
A,PC_TOT_IMP,SITC6_8,EU27_2020,AT	84.3 	84.7 	84.6 	83.5 	83.1 	81.7 	82.6 	82.7 	82.4 	82.1 	82.6 	82.5 	81.7 	80.8 	81.1 	81.8 	82.4 	81.9 	81.6 	82.9 	81.4 	79.7 	83.8 	82.5 
A,PC_TOT_IMP,SITC6_8,EU27_2020,BE	53.1 	55.7 	54.6 	52.9 	53.1 	51.4 	52.8 	54.9 	50.8 	48.8 	49.4 	49.0 	47.9 	46.3 	46.6 	48.7 	49.0 	49.6 	51.6 	50.9 	48.9 	53.3 	53.8 	55.8 
A,PC_TOT_IMP,SITC6_8,EU27_2020,BG	71.4 	69.9 	66.6 	62.4 	60.4 	63.2 	61.2 	69.0 	67.8 	65.7 	65.9 	64.5 	63.3 	64.0 	62.5 	60.6 	60.6 	58.7 	59.2 	56.5 	56.4 	58.8 	54.5 	52.6 
A,PC_TOT_IMP,SITC6_8,EU27_2020,CY	51.6 	55.3 	64.6 	66.3 	64.8 	64.1 	63.7 	67.6 	61.9 	68.1 	68.4 	70.4 	68.8 	65.3 	71.0 	74.1 	76.0 	73.4 	73.6 	76.0 	74.2 	75.3 	76.2 	73.7 
A,PC_TOT_IMP,SITC6_8,EU27_2020,CZ	78.9 	78.9 	83.5 	85.4 	84.7 	83.5 	81.7 	81.9 	82.1 	82.4 	82.8 	83.3 	82.8 	82.3 	81.4 	81.7 	82.7 	82.8 	81.3 	82.0 	80.7 	82.6 	81.9 	80.9 
A,PC_TOT_IMP,SITC6_8,EU27_2020,DE	61.3 	61.9 	61.2 	61.7 	61.5 	60.9 	61.3 	60.0 	60.0 	60.5 	61.1 	61.9 	61.9 	60.8 	62.0 	62.7 	63.1 	62.7 	61.3 	63.9 	63.0 	65.6 	65.1 	65.9 
A,PC_TOT_IMP,SITC6_8,EU27_2020,DK	69.6 	68.4 	66.7 	65.9 	66.5 	65.7 	65.5 	63.8 	61.4 	62.1 	63.2 	64.4 	63.2 	62.1 	63.3 	63.1 	63.7 	63.7 	64.1 	64.0 	62.6 	65.5 	64.2 	63.8 
A,PC_TOT_IMP,SITC6_8,EU27_2020,EE	72.9 	71.6 	74.8 	78.6 	78.3 	78.0 	79.0 	82.5 	81.3 	80.3 	79.9 	80.5 	80.7 	80.3 	79.5 	80.0 	79.2 	78.0 	77.1 	77.0 	78.5 	82.4 	80.9 	76.3 
A,PC_TOT_IMP,SITC6_8,EU27_2020,EL	67.2 	67.0 	65.5 	64.6 	63.7 	61.1 	62.9 	65.2 	61.3 	60.9 	61.1 	61.3 	60.6 	59.2 	59.9 	58.7 	57.8 	55.8 	56.4 	56.2 	52.4 	56.3 	58.4 	59.0 
A,PC_TOT_IMP,SITC6_8,EU27_2020,ES	67.1 	66.1 	64.9 	62.8 	61.1 	60.4 	62.0 	62.5 	60.5 	59.9 	59.8 	59.6 	58.6 	56.4 	56.9 	55.4 	55.1 	55.4 	55.2 	56.0 	55.4 	60.0 	57.8 	56.4 
A,PC_TOT_IMP,SITC6_8,EU27_2020,EU27_2020	64.3 	65.1 	64.9 	64.3 	63.5 	63.0 	63.6 	63.9 	62.5 	62.4 	62.8 	63.3 	62.6 	61.5 	62.4 	62.8 	62.9 	62.6 	62.3 	63.2 	61.6 	64.3 	63.6 	63.3 
A,PC_TOT_IMP,SITC6_8,EU27_2020,FI	72.2 	73.7 	72.9 	74.1 	72.2 	71.1 	71.8 	72.9 	72.8 	71.8 	74.1 	75.3 	74.7 	74.8 	75.0 	69.7 	71.3 	75.5 	75.1 	72.5 	73.4 	79.9 	79.3 	80.3 
A,PC_TOT_IMP,SITC6_8,EU27_2020,FR	68.0 	70.1 	70.0 	69.0 	69.0 	69.5 	69.8 	68.5 	67.4 	67.3 	66.7 	66.9 	66.0 	65.0 	65.8 	66.4 	66.4 	64.6 	63.9 	67.5 	66.1 	67.6 	65.5 	65.4 
A,PC_TOT_IMP,SITC6_8,EU27_2020,HR	79.1 	78.6 	74.9 	71.4 	69.9 	67.6 	66.1 	65.9 	64.1 	63.2 	63.0 	72.1 	81.6 	81.4 	80.3 	78.9 	78.4 	78.8 	77.1 	78.4 	77.0 	78.3 	78.3 	77.9 
A,PC_TOT_IMP,SITC6_8,EU27_2020,HU	76.3 	76.6 	78.7 	79.9 	83.1 	83.0 	83.8 	84.1 	84.5 	84.5 	82.7 	82.9 	83.6 	83.2 	82.4 	80.8 	79.8 	79.1 	73.8 	80.0 	76.1 	75.7 	75.1 	73.2 
A,PC_TOT_IMP,SITC6_8,EU27_2020,IE	21.5 	21.5 	22.4 	23.0 	23.6 	24.2 	24.9 	23.4 	22.8 	23.7 	23.3 	25.2 	25.7 	24.3 	26.5 	26.6 	25.9 	26.9 	27.6 	31.1 	31.0 	32.5 	31.5 	30.7 
A,PC_TOT_IMP,SITC6_8,EU27_2020,IT	58.9 	58.6 	58.1 	56.7 	54.3 	53.1 	53.1 	55.1 	53.4 	53.4 	55.2 	55.0 	54.2 	53.2 	54.7 	54.8 	54.7 	54.9 	54.5 	55.0 	54.8 	58.6 	58.8 	57.3 
A,PC_TOT_IMP,SITC6_8,EU27_2020,LT	69.5 	67.7 	74.6 	75.6 	75.7 	75.6 	75.4 	77.4 	76.3 	76.1 	75.4 	76.2 	75.1 	74.7 	75.5 	75.7 	74.5 	74.9 	73.3 	72.6 	75.3 	80.6 	76.2 	76.0 
A,PC_TOT_IMP,SITC6_8,EU27_2020,LU	90.4 	90.3 	89.0 	88.8 	87.3 	87.2 	92.2 	86.8 	85.5 	82.8 	78.7 	79.7 	78.5 	75.5 	75.3 	76.0 	84.4 	89.7 	88.7 	89.7 	90.1 	89.3 	91.7 	92.2 
A,PC_TOT_IMP,SITC6_8,EU27_2020,LV	77.4 	75.5 	73.8 	76.6 	74.9 	73.8 	71.9 	75.9 	71.2 	67.6 	74.8 	77.6 	77.5 	75.1 	75.0 	74.1 	72.0 	74.3 	73.8 	71.2 	78.5 	83.4 	81.8 	81.4 
A,PC_TOT_IMP,SITC6_8,EU27_2020,MT	59.8 	60.0 	60.1 	61.5 	58.5 	60.3 	63.2 	61.9 	59.7 	59.5 	59.2 	57.4 	56.7 	57.0 	58.3 	55.7 	57.7 	54.4 	57.6 	58.7 	58.3 	61.1 	60.0 	64.6 
A,PC_TOT_IMP,SITC6_8,EU27_2020,NL	57.2 	56.9 	54.9 	53.5 	51.1 	50.3 	50.8 	51.6 	47.9 	47.8 	47.6 	47.9 	46.5 	45.9 	47.6 	47.8 	47.5 	47.7 	49.5 	47.4 	44.0 	46.9 	46.1 	45.3 
A,PC_TOT_IMP,SITC6_8,EU27_2020,PL	75.4 	75.9 	80.1 	80.9 	80.2 	77.9 	77.4 	77.7 	78.7 	77.8 	77.4 	77.7 	76.1 	74.5 	73.2 	72.7 	72.0 	70.7 	70.3 	69.5 	68.1 	70.3 	68.6 	67.7 
A,PC_TOT_IMP,SITC6_8,EU27_2020,PT	82.0 	82.1 	80.6 	81.9 	81.2 	81.1 	82.4 	84.0 	82.1 	82.2 	83.6 	83.0 	82.8 	82.0 	82.2 	81.3 	79.8 	79.6 	79.0 	77.5 	77.3 	79.8 	78.8 	79.1 
A,PC_TOT_IMP,SITC6_8,EU27_2020,RO	78.7 	79.3 	77.0 	74.5 	73.8 	74.5 	72.7 	77.8 	77.2 	77.0 	77.6 	78.8 	77.2 	75.9 	75.8 	75.2 	74.2 	73.6 	71.7 	72.1 	71.5 	71.9 	70.5 	69.1 
A,PC_TOT_IMP,SITC6_8,EU27_2020,SE	62.2 	63.6 	64.8 	64.6 	63.9 	61.6 	63.0 	62.3 	62.1 	62.8 	62.2 	63.9 	62.6 	62.3 	64.4 	65.1 	65.6 	64.6 	65.4 	64.3 	62.5 	67.5 	65.9 	65.4 
A,PC_TOT_IMP,SITC6_8,EU27_2020,SI	81.5 	79.6 	85.4 	84.5 	83.1 	81.2 	79.3 	79.3 	76.6 	74.9 	74.2 	73.5 	72.7 	71.4 	71.6 	70.6 	69.8 	69.8 	68.4 	67.4 	67.2 	69.9 	68.9 	69.6 
A,PC_TOT_IMP,SITC6_8,EU27_2020,SK	81.9 	82.5 	85.3 	84.4 	79.6 	85.1 	83.1 	81.2 	80.0 	79.0 	75.6 	76.2 	76.4 	77.8 	78.6 	82.8 	83.5 	84.8 	85.2 	86.8 	82.9 	83.1 	81.4 	81.0 
A,PC_TOT_IMP,SITC6_8,EXT_EU27_2020,AT	15.7 	15.3 	15.4 	16.5 	16.9 	18.3 	17.4 	17.3 	17.6 	17.9 	17.4 	17.5 	18.3 	19.2 	18.9 	18.2 	17.6 	18.1 	18.4 	17.1 	18.6 	20.3 	16.2 	17.5 
A,PC_TOT_IMP,SITC6_8,EXT_EU27_2020,BE	46.9 	44.3 	45.4 	47.1 	46.9 	48.6 	47.2 	45.1 	49.2 	51.2 	50.6 	51.0 	52.1 	53.7 	53.4 	51.3 	51.0 	50.4 	48.4 	49.1 	51.1 	46.7 	46.2 	44.2 
A,PC_TOT_IMP,SITC6_8,EXT_EU27_2020,BG	28.6 	30.1 	33.4 	37.6 	39.6 	36.8 	38.8 	31.0 	32.2 	34.3 	34.1 	35.5 	36.7 	36.0 	37.5 	39.4 	39.4 	41.3 	40.8 	43.5 	43.6 	41.2 	45.5 	47.4 
A,PC_TOT_IMP,SITC6_8,EXT_EU27_2020,CY	48.4 	44.7 	35.4 	33.7 	35.2 	35.9 	36.3 	32.4 	38.1 	31.9 	31.6 	29.6 	31.2 	34.7 	29.0 	25.9 	24.0 	26.6 	26.4 	24.0 	25.8 	24.7 	23.8 	26.3 
A,PC_TOT_IMP,SITC6_8,EXT_EU27_2020,CZ	21.1 	21.1 	16.5 	14.6 	15.3 	16.5 	18.3 	18.1 	17.9 	17.6 	17.2 	16.7 	17.2 	17.7 	18.6 	18.3 	17.3 	17.2 	18.7 	18.0 	19.3 	17.4 	18.1 	19.1 
A,PC_TOT_IMP,SITC6_8,EXT_EU27_2020,DE	38.7 	38.1 	38.8 	38.3 	38.5 	39.1 	38.7 	40.0 	40.0 	39.5 	38.9 	38.1 	38.1 	39.2 	38.0 	37.3 	36.9 	37.3 	38.7 	36.1 	37.0 	34.4 	34.9 	34.1 
A,PC_TOT_IMP,SITC6_8,EXT_EU27_2020,DK	30.4 	31.6 	33.3 	34.1 	33.5 	34.3 	34.5 	36.2 	38.6 	37.9 	36.8 	35.6 	36.8 	37.9 	36.7 	36.9 	36.3 	36.3 	35.9 	36.0 	37.4 	34.5 	35.8 	36.2 
A,PC_TOT_IMP,SITC6_8,EXT_EU27_2020,EE	27.1 	28.4 	25.2 	21.4 	21.7 	22.0 	21.0 	17.5 	18.7 	19.7 	20.1 	19.5 	19.3 	19.7 	20.5 	20.0 	20.8 	22.0 	22.9 	23.0 	21.5 	17.6 	19.1 	23.7 
A,PC_TOT_IMP,SITC6_8,EXT_EU27_2020,EL	32.8 	33.0 	34.5 	35.4 	36.3 	38.9 	37.1 	34.8 	38.7 	39.1 	38.9 	38.7 	39.4 	40.8 	40.1 	41.3 	42.2 	44.2 	43.6 	43.8 	47.6 	43.7 	41.6 	41.0 
A,PC_TOT_IMP,SITC6_8,EXT_EU27_2020,ES	32.9 	33.9 	35.1 	37.2 	38.9 	39.6 	38.0 	37.5 	39.5 	40.1 	40.2 	40.4 	41.4 	43.6 	43.1 	44.6 	44.9 	44.6 	44.8 	44.0 	44.6 	40.0 	42.2 	43.6 
A,PC_TOT_IMP,SITC6_8,EXT_EU27_2020,EU27_2020	35.7 	34.9 	35.1 	35.7 	36.5 	37.0 	36.4 	36.1 	37.5 	37.6 	37.2 	36.7 	37.4 	38.5 	37.6 	37.2 	37.1 	37.4 	37.7 	36.8 	38.4 	35.7 	36.4 	36.7 
A,PC_TOT_IMP,SITC6_8,EXT_EU27_2020,FI	27.8 	26.3 	27.1 	25.9 	27.8 	28.9 	28.2 	27.1 	27.2 	28.2 	25.9 	24.7 	25.3 	25.2 	25.0 	30.3 	28.7 	24.5 	24.9 	27.5 	26.6 	20.1 	20.7 	19.7 
A,PC_TOT_IMP,SITC6_8,EXT_EU27_2020,FR	32.0 	29.9 	30.0 	31.0 	31.0 	30.5 	30.2 	31.5 	32.6 	32.7 	33.3 	33.1 	34.0 	35.0 	34.2 	33.6 	33.6 	35.4 	36.1 	32.5 	33.9 	32.4 	34.5 	34.6 
A,PC_TOT_IMP,SITC6_8,EXT_EU27_2020,HR	20.9 	21.4 	25.1 	28.6 	30.1 	32.4 	33.9 	34.1 	35.9 	36.8 	37.0 	27.9 	18.4 	18.6 	19.7 	21.1 	21.6 	21.2 	22.9 	21.6 	23.0 	21.7 	21.7 	22.1 
A,PC_TOT_IMP,SITC6_8,EXT_EU27_2020,HU	23.7 	23.4 	21.3 	20.1 	16.9 	17.0 	16.2 	15.9 	15.5 	15.5 	17.3 	17.1 	16.4 	16.8 	17.6 	19.2 	20.2 	20.9 	26.2 	20.0 	23.9 	24.3 	24.9 	26.8 
A,PC_TOT_IMP,SITC6_8,EXT_EU27_2020,IE	78.5 	78.5 	77.6 	77.0 	76.4 	75.8 	75.1 	76.6 	77.2 	76.3 	76.7 	74.8 	74.3 	75.7 	73.5 	73.4 	74.1 	73.1 	72.4 	68.9 	69.0 	67.5 	68.5 	69.3 
A,PC_TOT_IMP,SITC6_8,EXT_EU27_2020,IT	41.1 	41.4 	41.9 	43.3 	45.7 	46.9 	46.9 	44.9 	46.6 	46.6 	44.8 	45.0 	45.8 	46.8 	45.3 	45.2 	45.3 	45.1 	45.5 	45.0 	45.2 	41.4 	41.2 	42.7 
A,PC_TOT_IMP,SITC6_8,EXT_EU27_2020,LT	30.5 	32.3 	25.4 	24.4 	24.3 	24.4 	24.6 	22.6 	23.7 	23.9 	24.6 	23.8 	24.9 	25.3 	24.5 	24.3 	25.5 	25.1 	26.7 	27.4 	24.7 	19.4 	23.8 	24.0 
A,PC_TOT_IMP,SITC6_8,EXT_EU27_2020,LU	9.6 	9.7 	11.0 	11.2 	12.7 	12.8 	7.8 	13.2 	14.5 	17.2 	21.3 	20.3 	21.5 	24.5 	24.7 	24.0 	15.6 	10.3 	11.3 	10.3 	9.9 	10.7 	8.3 	7.8 
A,PC_TOT_IMP,SITC6_8,EXT_EU27_2020,LV	22.6 	24.5 	26.2 	23.4 	25.1 	26.2 	28.1 	24.1 	28.8 	32.4 	25.2 	22.4 	22.5 	24.9 	25.0 	25.9 	28.0 	25.7 	26.2 	28.8 	21.5 	16.6 	18.2 	18.6 
A,PC_TOT_IMP,SITC6_8,EXT_EU27_2020,MT	40.2 	40.0 	39.9 	38.5 	41.5 	39.7 	36.8 	38.1 	40.3 	40.5 	40.8 	42.6 	43.3 	43.0 	41.7 	44.3 	42.3 	45.6 	42.4 	41.3 	41.7 	38.9 	40.0 	35.4 
A,PC_TOT_IMP,SITC6_8,EXT_EU27_2020,NL	42.8 	43.1 	45.1 	46.5 	48.9 	49.7 	49.2 	48.4 	52.1 	52.2 	52.4 	52.1 	53.5 	54.1 	52.4 	52.2 	52.5 	52.3 	50.5 	52.6 	56.0 	53.1 	53.9 	54.7 
A,PC_TOT_IMP,SITC6_8,EXT_EU27_2020,PL	24.6 	24.1 	19.9 	19.1 	19.8 	22.1 	22.6 	22.3 	21.3 	22.2 	22.6 	22.3 	23.9 	25.5 	26.8 	27.3 	28.0 	29.3 	29.7 	30.5 	31.9 	29.7 	31.4 	32.3 
A,PC_TOT_IMP,SITC6_8,EXT_EU27_2020,PT	18.0 	17.9 	19.4 	18.1 	18.8 	18.9 	17.6 	16.0 	17.9 	17.8 	16.4 	17.0 	17.2 	18.0 	17.8 	18.7 	20.2 	20.4 	21.0 	22.5 	22.7 	20.2 	21.2 	20.9 
A,PC_TOT_IMP,SITC6_8,EXT_EU27_2020,RO	21.3 	20.7 	23.0 	25.5 	26.2 	25.5 	27.3 	22.2 	22.8 	23.0 	22.4 	21.2 	22.8 	24.1 	24.2 	24.8 	25.8 	26.4 	28.3 	27.9 	28.5 	28.1 	29.5 	30.9 
A,PC_TOT_IMP,SITC6_8,EXT_EU27_2020,SE	37.8 	36.4 	35.2 	35.4 	36.1 	38.4 	37.0 	37.7 	37.9 	37.2 	37.8 	36.1 	37.4 	37.7 	35.6 	34.9 	34.4 	35.4 	34.6 	35.7 	37.5 	32.5 	34.1 	34.6 
A,PC_TOT_IMP,SITC6_8,EXT_EU27_2020,SI	18.5 	20.4 	14.6 	15.5 	16.9 	18.8 	20.7 	20.7 	23.4 	25.1 	25.8 	26.5 	27.3 	28.6 	28.4 	29.4 	30.2 	30.2 	31.6 	32.6 	32.8 	30.1 	31.1 	30.4 
A,PC_TOT_IMP,SITC6_8,EXT_EU27_2020,SK	18.1 	17.5 	14.7 	15.6 	20.4 	14.9 	16.9 	18.8 	20.0 	21.0 	24.4 	23.8 	23.6 	22.2 	21.4 	17.2 	16.5 	15.2 	14.8 	13.2 	17.1 	16.9 	18.6 	19.0 
A,PC_TOT_IMP,SITC7,EU27_2020,AT	79.2 	80.8 	83.0 	78.9 	79.8 	80.2 	80.1 	80.4 	80.0 	80.9 	79.2 	78.2 	77.2 	77.5 	78.1 	77.1 	76.4 	77.1 	77.6 	78.2 	76.9 	78.6 	78.6 	78.2 
A,PC_TOT_IMP,SITC7,EU27_2020,BE	68.2 	68.6 	67.6 	66.4 	66.1 	66.0 	66.0 	66.6 	67.3 	67.4 	67.2 	67.1 	64.8 	63.1 	65.3 	64.7 	64.8 	63.5 	65.2 	63.2 	59.5 	62.2 	60.3 	61.5 
A,PC_TOT_IMP,SITC7,EU27_2020,BG	73.3 	69.9 	69.1 	65.3 	65.8 	78.7 	77.8 	78.0 	76.3 	76.3 	75.4 	76.2 	75.0 	76.9 	75.1 	73.9 	74.3 	74.6 	72.0 	72.6 	71.1 	73.2 	71.5 	66.5 
A,PC_TOT_IMP,SITC7,EU27_2020,CY	53.2 	49.4 	61.2 	63.1 	60.9 	58.9 	57.1 	60.8 	68.1 	60.0 	63.3 	65.2 	39.0 	35.4 	52.9 	38.6 	32.3 	43.2 	38.6 	55.1 	49.9 	40.7 	49.7 	57.6 
A,PC_TOT_IMP,SITC7,EU27_2020,CZ	67.0 	65.9 	77.5 	81.5 	79.9 	77.6 	75.2 	73.3 	68.1 	67.2 	68.9 	70.7 	71.3 	68.1 	69.0 	68.8 	66.9 	66.5 	64.0 	65.0 	60.1 	62.1 	59.7 	61.1 
A,PC_TOT_IMP,SITC7,EU27_2020,DE	58.5 	59.8 	58.1 	58.0 	58.8 	60.3 	60.5 	61.9 	58.2 	60.3 	61.0 	62.3 	63.7 	62.5 	62.9 	62.3 	62.2 	62.3 	62.5 	62.6 	61.6 	63.5 	64.3 	64.0 
A,PC_TOT_IMP,SITC7,EU27_2020,DK	66.0 	68.6 	65.9 	67.6 	69.8 	74.2 	72.1 	67.1 	70.0 	73.5 	74.4 	73.7 	71.5 	71.9 	75.1 	72.7 	74.3 	75.5 	77.1 	75.3 	72.8 	74.9 	72.0 	72.9 
A,PC_TOT_IMP,SITC7,EU27_2020,EE	61.4 	56.0 	71.7 	76.6 	81.2 	83.2 	82.8 	82.3 	80.1 	77.2 	76.3 	79.6 	81.2 	81.4 	82.2 	81.3 	80.0 	80.8 	79.7 	80.3 	81.1 	83.9 	82.8 	83.5 
A,PC_TOT_IMP,SITC7,EU27_2020,EL	56.4 	53.0 	61.3 	65.5 	61.8 	63.1 	62.7 	52.0 	62.7 	69.8 	64.5 	68.2 	67.7 	64.6 	65.0 	68.7 	67.9 	65.6 	67.3 	67.1 	61.1 	66.2 	65.0 	65.9 
A,PC_TOT_IMP,SITC7,EU27_2020,ES	76.1 	76.0 	74.4 	71.8 	71.3 	73.7 	72.1 	74.2 	70.1 	73.1 	71.3 	73.5 	74.0 	72.2 	71.3 	70.5 	71.5 	69.3 	68.9 	69.2 	66.5 	66.9 	67.3 	66.2 
A,PC_TOT_IMP,SITC7,EU27_2020,EU27_2020	62.4 	63.7 	64.2 	63.2 	64.2 	65.9 	65.8 	64.8 	63.3 	64.7 	64.1 	65.0 	65.6 	64.2 	64.9 	64.6 	64.4 	63.9 	63.6 	63.4 	61.5 	63.7 	63.4 	62.7 
A,PC_TOT_IMP,SITC7,EU27_2020,FI	68.8 	67.6 	69.2 	70.2 	67.1 	66.9 	67.5 	71.2 	74.3 	73.9 	75.1 	80.1 	80.2 	81.0 	81.6 	82.5 	81.8 	81.8 	82.7 	81.4 	76.4 	76.9 	77.4 	78.4 
A,PC_TOT_IMP,SITC7,EU27_2020,FR	64.6 	67.3 	66.1 	65.0 	69.2 	71.7 	72.3 	71.4 	70.5 	70.6 	68.9 	68.7 	69.6 	68.1 	67.7 	67.9 	66.9 	66.2 	68.0 	67.2 	65.0 	66.6 	65.2 	63.2 
A,PC_TOT_IMP,SITC7,EU27_2020,HR	77.0 	75.7 	75.3 	72.7 	71.9 	70.5 	69.3 	66.0 	62.3 	64.7 	63.1 	69.7 	83.7 	84.4 	84.8 	85.1 	84.2 	84.0 	79.6 	81.7 	79.7 	82.9 	82.6 	79.6 
A,PC_TOT_IMP,SITC7,EU27_2020,HU	58.5 	57.6 	62.8 	66.0 	66.4 	63.9 	64.8 	61.1 	60.5 	64.2 	66.3 	68.7 	73.3 	72.8 	73.3 	73.6 	73.3 	70.5 	67.6 	66.8 	68.2 	69.5 	68.9 	67.5 
A,PC_TOT_IMP,SITC7,EU27_2020,IE	22.3 	28.4 	32.8 	31.3 	33.9 	33.9 	33.3 	29.3 	37.2 	36.4 	36.4 	38.6 	43.3 	45.9 	48.5 	49.7 	41.2 	48.8 	47.8 	43.9 	42.3 	47.8 	47.1 	41.8 
A,PC_TOT_IMP,SITC7,EU27_2020,IT	69.2 	70.5 	70.6 	70.1 	70.8 	72.3 	71.2 	70.4 	67.5 	66.3 	65.8 	65.5 	66.1 	66.0 	66.9 	67.6 	67.6 	67.3 	67.0 	67.0 	65.6 	67.4 	65.9 	66.5 
A,PC_TOT_IMP,SITC7,EU27_2020,LT	63.3 	65.3 	78.4 	78.3 	80.6 	80.5 	80.8 	80.7 	81.2 	83.4 	84.0 	83.8 	79.6 	85.1 	85.8 	85.4 	85.7 	85.1 	82.9 	84.8 	83.5 	85.8 	82.1 	80.2 
A,PC_TOT_IMP,SITC7,EU27_2020,LU	63.0 	51.9 	50.2 	45.3 	37.5 	48.2 	46.7 	44.2 	61.5 	62.4 	54.5 	57.5 	62.6 	49.7 	61.7 	74.0 	78.7 	68.4 	84.1 	80.6 	83.2 	84.0 	84.9 	71.1 
A,PC_TOT_IMP,SITC7,EU27_2020,LV	85.8 	83.4 	83.9 	85.3 	86.9 	87.4 	85.8 	82.2 	82.4 	84.8 	82.5 	82.5 	82.6 	81.8 	82.4 	78.0 	80.7 	80.7 	79.6 	79.5 	81.2 	82.7 	82.3 	79.8 
A,PC_TOT_IMP,SITC7,EU27_2020,MT	55.5 	56.2 	59.3 	61.8 	56.1 	58.0 	59.1 	55.9 	49.8 	51.0 	52.0 	50.3 	37.0 	45.4 	27.7 	37.8 	50.3 	38.7 	55.8 	46.2 	42.5 	54.3 	57.2 	62.1 
A,PC_TOT_IMP,SITC7,EU27_2020,NL	42.8 	42.2 	41.4 	37.8 	38.8 	40.8 	41.9 	39.8 	38.2 	39.7 	38.2 	38.8 	38.7 	36.7 	37.2 	36.1 	37.0 	37.5 	35.4 	35.7 	34.2 	36.2 	36.9 	36.2 
A,PC_TOT_IMP,SITC7,EU27_2020,PL	68.2 	68.3 	76.9 	78.4 	76.9 	77.3 	76.7 	72.3 	70.9 	74.0 	71.7 	70.2 	70.6 	68.7 	71.0 	71.7 	70.8 	68.8 	67.7 	67.0 	66.3 	69.2 	68.5 	67.0 
A,PC_TOT_IMP,SITC7,EU27_2020,PT	83.2 	82.2 	80.7 	83.7 	85.8 	85.0 	84.4 	85.4 	84.3 	83.9 	82.6 	82.4 	82.2 	82.6 	81.0 	81.7 	83.8 	83.5 	81.6 	80.1 	77.5 	79.8 	80.1 	79.8 
A,PC_TOT_IMP,SITC7,EU27_2020,RO	67.4 	68.7 	68.6 	67.8 	69.7 	80.7 	80.1 	75.3 	74.3 	77.7 	79.3 	80.5 	80.6 	79.8 	78.7 	77.2 	77.1 	77.1 	77.1 	76.8 	76.9 	78.6 	76.5 	75.5 
A,PC_TOT_IMP,SITC7,EU27_2020,SE	65.3 	67.3 	69.1 	68.4 	68.0 	69.6 	69.3 	68.8 	68.9 	71.9 	71.1 	72.1 	73.0 	73.0 	74.2 	75.8 	74.7 	74.3 	77.2 	75.7 	74.8 	77.9 	76.7 	74.6 
A,PC_TOT_IMP,SITC7,EU27_2020,SI	79.3 	79.3 	87.3 	84.2 	82.0 	72.6 	71.6 	72.1 	68.1 	67.3 	67.5 	65.0 	63.0 	64.5 	67.2 	65.2 	64.0 	62.0 	61.4 	58.3 	54.7 	55.6 	55.3 	54.3 
A,PC_TOT_IMP,SITC7,EU27_2020,SK	78.1 	79.3 	85.4 	84.4 	83.0 	73.3 	73.7 	71.6 	68.9 	75.7 	77.1 	78.6 	79.2 	79.9 	80.0 	78.4 	79.2 	78.2 	78.5 	76.1 	77.1 	79.4 	80.0 	80.1 
A,PC_TOT_IMP,SITC7,EXT_EU27_2020,AT	20.8 	19.2 	17.0 	21.1 	20.2 	19.8 	19.9 	19.6 	20.0 	19.1 	20.8 	21.8 	22.8 	22.5 	21.9 	22.9 	23.6 	22.9 	22.4 	21.8 	23.1 	21.4 	21.4 	21.8 
A,PC_TOT_IMP,SITC7,EXT_EU27_2020,BE	31.8 	31.4 	32.4 	33.6 	33.9 	34.0 	34.0 	33.4 	32.7 	32.6 	32.8 	32.9 	35.2 	36.9 	34.7 	35.3 	35.2 	36.5 	34.8 	36.8 	40.5 	37.8 	39.7 	38.5 
A,PC_TOT_IMP,SITC7,EXT_EU27_2020,BG	26.7 	30.1 	30.9 	34.7 	34.2 	21.3 	22.2 	22.0 	23.7 	23.7 	24.6 	23.8 	25.0 	23.1 	24.9 	26.1 	25.7 	25.4 	28.0 	27.4 	28.9 	26.8 	28.5 	33.5 
A,PC_TOT_IMP,SITC7,EXT_EU27_2020,CY	46.8 	50.6 	38.8 	36.9 	39.1 	41.1 	42.9 	39.2 	31.9 	40.0 	36.7 	34.8 	61.0 	64.6 	47.1 	61.4 	67.7 	56.8 	61.4 	44.9 	50.1 	59.3 	50.3 	42.4 
A,PC_TOT_IMP,SITC7,EXT_EU27_2020,CZ	33.0 	34.1 	22.5 	18.5 	20.1 	22.4 	24.8 	26.7 	31.9 	32.8 	31.1 	29.3 	28.7 	31.9 	31.0 	31.2 	33.1 	33.5 	36.0 	35.0 	39.9 	37.9 	40.3 	38.9 
A,PC_TOT_IMP,SITC7,EXT_EU27_2020,DE	41.5 	40.2 	41.9 	42.0 	41.2 	39.7 	39.5 	38.1 	41.8 	39.7 	39.0 	37.7 	36.3 	37.5 	37.1 	37.7 	37.8 	37.7 	37.5 	37.4 	38.4 	36.5 	35.7 	36.0 
A,PC_TOT_IMP,SITC7,EXT_EU27_2020,DK	34.0 	31.4 	34.1 	32.4 	30.2 	25.8 	27.9 	32.9 	30.0 	26.5 	25.6 	26.3 	28.5 	28.1 	24.9 	27.3 	25.7 	24.5 	22.9 	24.7 	27.2 	25.1 	28.0 	27.1 
A,PC_TOT_IMP,SITC7,EXT_EU27_2020,EE	38.6 	44.0 	28.3 	23.4 	18.8 	16.8 	17.2 	17.7 	19.9 	22.8 	23.7 	20.4 	18.8 	18.6 	17.8 	18.7 	20.0 	19.2 	20.3 	19.7 	18.9 	16.1 	17.2 	16.5 
A,PC_TOT_IMP,SITC7,EXT_EU27_2020,EL	43.6 	47.0 	38.7 	34.5 	38.2 	36.9 	37.3 	48.0 	37.3 	30.2 	35.5 	31.8 	32.3 	35.4 	35.0 	31.3 	32.1 	34.4 	32.7 	32.9 	38.9 	33.8 	35.0 	34.1 
A,PC_TOT_IMP,SITC7,EXT_EU27_2020,ES	23.9 	24.0 	25.6 	28.2 	28.7 	26.3 	27.9 	25.8 	29.9 	26.9 	28.7 	26.5 	26.0 	27.8 	28.7 	29.5 	28.5 	30.7 	31.1 	30.8 	33.5 	33.1 	32.7 	33.8 
A,PC_TOT_IMP,SITC7,EXT_EU27_2020,EU27_2020	37.6 	36.3 	35.8 	36.8 	35.8 	34.1 	34.2 	35.2 	36.7 	35.3 	35.9 	35.0 	34.4 	35.8 	35.1 	35.4 	35.6 	36.1 	36.4 	36.6 	38.5 	36.3 	36.6 	37.3 
A,PC_TOT_IMP,SITC7,EXT_EU27_2020,FI	31.2 	32.4 	30.8 	29.8 	32.9 	33.1 	32.5 	28.8 	25.7 	26.1 	24.9 	19.9 	19.8 	19.0 	18.4 	17.5 	18.2 	18.2 	17.3 	18.6 	23.6 	23.1 	22.6 	21.6 
A,PC_TOT_IMP,SITC7,EXT_EU27_2020,FR	35.4 	32.7 	33.9 	35.0 	30.8 	28.3 	27.7 	28.6 	29.5 	29.4 	31.1 	31.3 	30.4 	31.9 	32.3 	32.1 	33.1 	33.8 	32.0 	32.8 	35.0 	33.4 	34.8 	36.8 
A,PC_TOT_IMP,SITC7,EXT_EU27_2020,HR	23.0 	24.3 	24.7 	27.3 	28.1 	29.5 	30.7 	34.0 	37.7 	35.3 	36.9 	30.3 	16.3 	15.6 	15.2 	14.9 	15.8 	16.0 	20.4 	18.3 	20.3 	17.1 	17.4 	20.4 
A,PC_TOT_IMP,SITC7,EXT_EU27_2020,HU	41.5 	42.4 	37.2 	34.0 	33.6 	36.1 	35.2 	38.9 	39.5 	35.8 	33.7 	31.3 	26.7 	27.2 	26.7 	26.4 	26.7 	29.5 	32.4 	33.2 	31.8 	30.5 	31.1 	32.5 
A,PC_TOT_IMP,SITC7,EXT_EU27_2020,IE	77.7 	71.6 	67.2 	68.7 	66.1 	66.1 	66.7 	70.7 	62.8 	63.6 	63.6 	61.4 	56.7 	54.1 	51.5 	50.3 	58.8 	51.2 	52.2 	56.1 	57.7 	52.2 	52.9 	58.2 
A,PC_TOT_IMP,SITC7,EXT_EU27_2020,IT	30.8 	29.5 	29.4 	29.9 	29.2 	27.7 	28.8 	29.6 	32.5 	33.7 	34.2 	34.5 	33.9 	34.0 	33.1 	32.4 	32.4 	32.7 	33.0 	33.0 	34.4 	32.6 	34.1 	33.5 
A,PC_TOT_IMP,SITC7,EXT_EU27_2020,LT	36.7 	34.7 	21.6 	21.7 	19.4 	19.5 	19.2 	19.3 	18.8 	16.6 	16.0 	16.2 	20.4 	14.9 	14.2 	14.6 	14.3 	14.9 	17.1 	15.2 	16.5 	14.2 	17.9 	19.8 
A,PC_TOT_IMP,SITC7,EXT_EU27_2020,LU	37.0 	48.1 	49.8 	54.7 	62.5 	51.8 	53.3 	55.8 	38.5 	37.6 	45.5 	42.5 	37.4 	50.3 	38.3 	26.0 	21.3 	31.6 	15.9 	19.4 	16.8 	16.0 	15.1 	28.9 
A,PC_TOT_IMP,SITC7,EXT_EU27_2020,LV	14.2 	16.6 	16.1 	14.7 	13.1 	12.6 	14.2 	17.8 	17.6 	15.2 	17.5 	17.5 	17.4 	18.2 	17.6 	22.0 	19.3 	19.3 	20.4 	20.5 	18.8 	17.3 	17.7 	20.2 
A,PC_TOT_IMP,SITC7,EXT_EU27_2020,MT	44.5 	43.8 	40.7 	38.2 	43.9 	42.0 	40.9 	44.1 	50.2 	49.0 	48.0 	49.7 	63.0 	54.6 	72.3 	62.2 	49.7 	61.3 	44.2 	53.8 	57.5 	45.7 	42.8 	37.9 
A,PC_TOT_IMP,SITC7,EXT_EU27_2020,NL	57.2 	57.8 	58.6 	62.2 	61.2 	59.2 	58.1 	60.2 	61.8 	60.3 	61.8 	61.2 	61.3 	63.3 	62.8 	63.9 	63.0 	62.5 	64.6 	64.3 	65.8 	63.8 	63.1 	63.8 
A,PC_TOT_IMP,SITC7,EXT_EU27_2020,PL	31.8 	31.7 	23.1 	21.6 	23.1 	22.7 	23.3 	27.7 	29.1 	26.0 	28.3 	29.8 	29.4 	31.3 	29.0 	28.3 	29.2 	31.2 	32.3 	33.0 	33.7 	30.8 	31.5 	33.0 
A,PC_TOT_IMP,SITC7,EXT_EU27_2020,PT	16.8 	17.8 	19.3 	16.3 	14.2 	15.0 	15.6 	14.6 	15.7 	16.1 	17.4 	17.6 	17.8 	17.4 	19.0 	18.3 	16.2 	16.5 	18.4 	19.9 	22.5 	20.2 	19.9 	20.2 
A,PC_TOT_IMP,SITC7,EXT_EU27_2020,RO	32.6 	31.3 	31.4 	32.2 	30.3 	19.3 	19.9 	24.7 	25.7 	22.3 	20.7 	19.5 	19.4 	20.2 	21.3 	22.8 	22.9 	22.9 	22.9 	23.2 	23.1 	21.4 	23.5 	24.5 
A,PC_TOT_IMP,SITC7,EXT_EU27_2020,SE	34.7 	32.7 	30.9 	31.6 	32.0 	30.4 	30.7 	31.2 	31.1 	28.1 	28.9 	27.9 	27.0 	27.0 	25.8 	24.2 	25.3 	25.7 	22.8 	24.3 	25.2 	22.1 	23.3 	25.4 
A,PC_TOT_IMP,SITC7,EXT_EU27_2020,SI	20.7 	20.7 	12.7 	15.8 	18.0 	27.4 	28.4 	27.9 	31.9 	32.7 	32.5 	35.0 	37.0 	35.5 	32.8 	34.8 	36.0 	38.0 	38.6 	41.7 	45.3 	44.4 	44.7 	45.7 
A,PC_TOT_IMP,SITC7,EXT_EU27_2020,SK	21.9 	20.7 	14.6 	15.6 	17.0 	26.7 	26.3 	28.4 	31.1 	24.3 	22.9 	21.4 	20.8 	20.1 	20.0 	21.6 	20.8 	21.8 	21.5 	23.9 	22.9 	20.6 	20.0 	19.9 
A,PC_TOT_IMP,SITC9,EU27_2020,AT	33.9 	32.3 	33.2 	13.2 	13.5 	-1.1 	-3.8 	3.6 	2.8 	4.0 	9.0 	5.2 	-7.4 	8.2 	0.3 	4.7 	18.6 	17.5 	26.7 	47.8 	38.2 	42.9 	37.0 	58.0 
A,PC_TOT_IMP,SITC9,EU27_2020,BE	69.8 	49.6 	50.5 	53.1 	53.5 	56.5 	13.5 	19.1 	48.4 	46.2 	47.8 	46.9 	43.4 	36.7 	38.1 	35.5 	32.9 	34.9 	39.4 	48.7 	43.7 	57.2 	50.6 	56.4 
A,PC_TOT_IMP,SITC9,EU27_2020,BG	8.0 	9.4 	8.3 	31.4 	19.4 	48.0 	63.9 	84.3 	82.6 	74.4 	84.1 	85.6 	84.3 	86.5 	82.3 	86.8 	86.3 	87.6 	89.0 	88.5 	45.1 	63.8 	73.1 	89.8 
A,PC_TOT_IMP,SITC9,EU27_2020,CY	57.4 	50.9 	54.1 	51.6 	55.0 	54.9 	49.0 	81.8 	82.4 	53.9 	47.6 	32.9 	22.1 	6.5 	60.8 	66.3 	50.5 	57.1 	44.9 	45.2 	56.7 	44.9 	52.3 	40.4 
A,PC_TOT_IMP,SITC9,EU27_2020,CZ	94.0 	98.2 	89.3 	93.1 	91.4 	94.1 	87.2 	83.7 	89.4 	83.7 	84.1 	85.6 	82.7 	75.2 	75.8 	80.6 	84.7 	87.9 	81.8 	80.3 	80.8 	82.1 	63.1 	55.9 
A,PC_TOT_IMP,SITC9,EU27_2020,DE	61.2 	68.1 	70.6 	22.3 	38.7 	39.9 	42.9 	33.7 	35.5 	30.6 	37.2 	31.3 	33.0 	33.8 	36.1 	29.8 	29.1 	29.2 	28.9 	27.1 	27.6 	37.3 	42.4 	35.0 
A,PC_TOT_IMP,SITC9,EU27_2020,DK	56.1 	51.9 	50.1 	43.9 	67.0 	35.8 	35.9 	30.6 	27.5 	32.1 	26.6 	27.5 	36.0 	34.8 	34.9 	32.3 	33.3 	34.3 	25.7 	26.0 	25.2 	38.4 	19.6 	32.6 
A,PC_TOT_IMP,SITC9,EU27_2020,EE	14.8 	42.2 	68.6 	31.9 	0.6 	0.2 	0.5 	1.6 	28.3 	28.9 	40.3 	47.6 	47.2 	32.3 	37.4 	24.6 	20.9 	34.7 	27.2 	19.4 	18.7 	38.3 	37.0 	33.7 
A,PC_TOT_IMP,SITC9,EU27_2020,EL	31.3 	61.7 	76.8 	57.9 	59.3 	17.9 	47.6 	31.5 	91.1 	76.7 	61.7 	55.0 	13.1 	79.9 	55.9 	19.5 	47.9 	7.6 	33.5 	22.9 	15.7 	13.8 	29.5 	21.4 
A,PC_TOT_IMP,SITC9,EU27_2020,ES	33.7 	30.8 	40.7 	30.4 	23.9 	43.3 	32.9 	22.3 	39.5 	53.9 	58.6 	55.8 	48.2 	44.5 	42.7 	56.3 	62.2 	51.1 	56.3 	38.6 	37.9 	45.6 	41.1 	40.5 
A,PC_TOT_IMP,SITC9,EU27_2020,EU27_2020	44.1 	51.3 	56.3 	30.1 	34.5 	33.3 	28.1 	25.9 	29.0 	34.7 	35.8 	29.6 	24.9 	28.0 	29.6 	27.4 	25.5 	27.9 	29.9 	32.9 	36.4 	45.4 	43.5 	45.5 
A,PC_TOT_IMP,SITC9,EU27_2020,FI	90.0 	88.6 	89.5 	-49.4 	-123.9 	-86.8 	-25.0 	-6.6 	-31.2 	13.1 	-29.4 	-139.4 	-52.5 	-94.0 	-3.2 	23.5 	-27.8 	-55.1 	-31.8 	16.0 	35.3 	42.6 	61.8 	64.1 
A,PC_TOT_IMP,SITC9,EU27_2020,FR	29.7 	31.3 	32.5 	38.1 	30.0 	40.6 	42.9 	48.8 	54.6 	55.0 	59.7 	57.6 	39.9 	44.7 	37.0 	38.0 	43.4 	42.8 	48.1 	53.4 	49.7 	52.0 	49.6 	53.9 
A,PC_TOT_IMP,SITC9,EU27_2020,HR	99.3 	100.0 	99.9 	93.7 	99.9 	100.0 	99.9 	100.0 	99.4 	5.6 	66.3 	23.5 	81.3 	57.2 	60.4 	82.1 	84.4 	84.4 	90.8 	96.4 	99.8 	99.9 	99.6 	99.5 
A,PC_TOT_IMP,SITC9,EU27_2020,HU	15.7 	16.2 	22.6 	77.6 	73.2 	68.4 	69.4 	51.4 	90.7 	93.5 	94.3 	94.3 	91.3 	92.8 	91.7 	68.3 	67.1 	77.1 	88.6 	87.4 	63.5 	72.9 	75.3 	81.1 
A,PC_TOT_IMP,SITC9,EU27_2020,IE	59.4 	49.8 	47.6 	52.0 	57.0 	57.4 	53.2 	47.8 	20.5 	29.8 	31.7 	32.5 	34.4 	30.9 	33.6 	32.9 	31.7 	34.9 	48.0 	78.0 	66.5 	70.3 	65.6 	65.1 
A,PC_TOT_IMP,SITC9,EU27_2020,IT	25.5 	37.7 	6.1 	10.1 	15.1 	4.3 	-1.0 	12.1 	21.1 	37.1 	46.8 	31.3 	23.0 	24.5 	25.6 	21.0 	17.6 	18.7 	12.9 	16.0 	21.3 	29.4 	30.6 	37.5 
A,PC_TOT_IMP,SITC9,EU27_2020,LT	9.7 	5.5 	39.1 	6.7 	24.0 	23.4 	13.7 	88.8 	85.9 	79.0 	83.6 	84.8 	88.2 	95.8 	94.0 	91.4 	86.0 	91.6 	92.8 	81.3 	72.7 	28.0 	12.9 	11.0 
A,PC_TOT_IMP,SITC9,EU27_2020,LU	40.1 	87.7 	82.8 	12.4 	57.4 	36.6 	14.6 	42.5 	26.8 	54.9 	28.7 	61.7 	42.7 	33.7 	36.1 	52.9 	64.6 	56.2 	83.8 	67.2 	66.7 	80.9 	61.6 	93.5 
A,PC_TOT_IMP,SITC9,EU27_2020,LV	82.8 	64.4 	99.8 	83.6 	97.9 	84.7 	51.9 	38.4 	98.8 	92.8 	87.7 	95.3 	96.8 	56.1 	60.7 	72.0 	31.0 	95.3 	99.8 	99.1 	65.3 	46.5 	40.4 	63.4 
A,PC_TOT_IMP,SITC9,EU27_2020,MT	9.1 	12.6 	29.6 	25.4 	20.7 	26.9 	20.0 	10.3 	20.7 	44.9 	31.4 	31.7 	19.8 	5.4 	0.3 	3.4 	1.3 	4.6 	3.9 	3.9 	15.0 	3.6 	0.2 	0.2 
A,PC_TOT_IMP,SITC9,EU27_2020,NL	-220.2 	-204.3 	59.7 	3.1 	69.4 	83.9 	7.6 	-52.2 	-66.0 	37.4 	-58.7 	-86.1 	-267.2 	-118.4 	-62.9 	-76.1 	-362.4 	-382.2 	-59.3 	95.8 	60.8 	93.1 	91.6 	90.7 
A,PC_TOT_IMP,SITC9,EU27_2020,PL	39.3 	41.4 	85.6 	80.1 	6.0 	7.7 	7.7 	11.9 	10.6 	15.0 	15.9 	19.9 	16.2 	13.4 	7.0 	19.8 	15.7 	16.5 	17.3 	18.5 	41.3 	51.5 	46.5 	49.7 
A,PC_TOT_IMP,SITC9,EU27_2020,PT	59.5 	68.4 	73.3 	69.3 	71.1 	62.2 	59.1 	39.4 	46.9 	80.2 	91.1 	97.1 	97.9 	94.2 	96.4 	95.3 	95.6 	98.5 	98.0 	89.8 	80.0 	78.0 	94.2 	94.8 
A,PC_TOT_IMP,SITC9,EU27_2020,RO	37.3 	45.7 	9.3 	11.3 	11.3 	100.0 	0.0 	62.5 	144878986.5 	-4990.7 	-487.8 	-366.8 	-283.7 	-150.6 	-199.6 	-356.8 	-116.9 	-44.6 	-41.3 	1.9 	88.7 	100.0 	83.3 	80.2 
A,PC_TOT_IMP,SITC9,EU27_2020,SE	99.1 	99.1 	17.6 	16.6 	4.3 	9.1 	20.4 	2.0 	33.3 	-17.0 	12.8 	24.2 	24.0 	20.6 	32.2 	18.1 	29.5 	21.2 	15.3 	25.3 	49.3 	79.6 	31.5 	38.7 
A,PC_TOT_IMP,SITC9,EU27_2020,SI	90.0 	443.4 	88.7 	58.5 	73.9 	83.2 	90.1 	86.7 	88.8 	93.3 	91.4 	91.1 	84.9 	89.8 	95.5 	97.1 	98.1 	94.1 	97.4 	98.5 	94.4 	93.8 	45.0 	33.4 
A,PC_TOT_IMP,SITC9,EU27_2020,SK	80.6 	91.6 	97.2 	99.5 	98.8 	96.9 	98.7 	99.2 	99.3 	98.2 	97.9 	90.2 	92.7 	91.0 	71.0 	70.4 	62.5 	65.2 	94.9 	97.1 	96.3 	97.9 	65.9 	52.4 
A,PC_TOT_IMP,SITC9,EXT_EU27_2020,AT	66.1 	67.7 	66.8 	86.8 	86.5 	101.1 	103.8 	96.4 	97.2 	96.0 	91.0 	94.8 	107.4 	91.8 	99.7 	95.3 	81.4 	82.5 	73.3 	52.2 	61.8 	57.1 	63.0 	42.0 
A,PC_TOT_IMP,SITC9,EXT_EU27_2020,BE	30.2 	50.4 	49.5 	46.9 	46.5 	43.5 	86.5 	80.9 	51.6 	53.8 	52.2 	53.1 	56.6 	63.3 	61.9 	64.5 	67.1 	65.1 	60.6 	51.3 	56.3 	42.8 	49.4 	43.6 
A,PC_TOT_IMP,SITC9,EXT_EU27_2020,BG	92.0 	90.6 	91.7 	68.6 	80.6 	52.0 	36.1 	15.7 	17.4 	25.6 	15.9 	14.4 	15.7 	13.5 	17.7 	13.2 	13.7 	12.4 	11.0 	11.5 	54.9 	36.2 	26.9 	10.2 
A,PC_TOT_IMP,SITC9,EXT_EU27_2020,CY	42.6 	49.1 	45.9 	48.4 	45.0 	45.1 	51.0 	18.2 	17.6 	46.1 	52.4 	67.1 	77.9 	93.5 	39.2 	33.7 	49.5 	42.9 	55.1 	54.8 	43.3 	55.1 	47.7 	59.6 
A,PC_TOT_IMP,SITC9,EXT_EU27_2020,CZ	6.0 	1.8 	10.7 	6.9 	8.6 	5.9 	12.8 	16.3 	10.6 	16.3 	15.9 	14.4 	17.3 	24.8 	24.2 	19.4 	15.3 	12.1 	18.2 	19.7 	19.2 	17.9 	36.9 	44.1 
A,PC_TOT_IMP,SITC9,EXT_EU27_2020,DE	38.8 	31.9 	29.4 	77.7 	61.3 	60.1 	57.1 	66.3 	64.5 	69.4 	62.8 	68.7 	67.0 	66.2 	63.9 	70.2 	70.9 	70.8 	71.1 	72.9 	72.4 	62.7 	57.6 	65.0 
A,PC_TOT_IMP,SITC9,EXT_EU27_2020,DK	43.9 	48.1 	49.9 	56.1 	33.0 	64.2 	64.1 	69.4 	72.5 	67.9 	73.4 	72.5 	64.0 	65.2 	65.1 	67.7 	66.7 	65.7 	74.3 	74.0 	74.8 	61.6 	80.4 	67.4 
A,PC_TOT_IMP,SITC9,EXT_EU27_2020,EE	85.2 	57.8 	31.4 	68.1 	99.4 	99.8 	99.5 	98.4 	71.7 	71.1 	59.7 	52.4 	52.8 	67.7 	62.6 	75.4 	79.1 	65.3 	72.8 	80.6 	81.3 	61.7 	63.0 	66.3 
A,PC_TOT_IMP,SITC9,EXT_EU27_2020,EL	68.7 	38.3 	23.2 	42.1 	40.7 	82.1 	52.4 	68.5 	8.9 	23.3 	38.3 	45.0 	86.9 	20.1 	44.1 	80.5 	52.1 	92.4 	66.5 	77.1 	84.3 	86.2 	70.5 	78.6 
A,PC_TOT_IMP,SITC9,EXT_EU27_2020,ES	66.3 	69.2 	59.3 	69.6 	76.1 	56.7 	67.1 	77.7 	60.5 	46.1 	41.4 	44.2 	51.8 	55.5 	57.3 	43.7 	37.8 	48.9 	43.7 	61.4 	62.1 	54.4 	58.9 	59.5 
A,PC_TOT_IMP,SITC9,EXT_EU27_2020,EU27_2020	55.9 	48.7 	43.7 	69.9 	65.5 	66.7 	71.9 	74.1 	71.0 	65.3 	64.2 	70.4 	75.1 	72.0 	70.4 	72.6 	74.5 	72.1 	70.1 	67.1 	63.6 	54.6 	56.5 	54.5 
A,PC_TOT_IMP,SITC9,EXT_EU27_2020,FI	10.0 	11.4 	10.5 	149.4 	223.9 	186.8 	125.0 	106.6 	131.2 	86.9 	129.4 	239.4 	152.5 	194.0 	103.2 	76.5 	127.8 	155.1 	131.8 	84.0 	64.7 	57.4 	38.2 	35.9 
A,PC_TOT_IMP,SITC9,EXT_EU27_2020,FR	70.3 	68.7 	67.5 	61.9 	70.0 	59.4 	57.1 	51.2 	45.4 	45.0 	40.3 	42.4 	60.1 	55.3 	63.0 	62.0 	56.6 	57.2 	51.9 	46.6 	50.3 	48.0 	50.4 	46.1 
A,PC_TOT_IMP,SITC9,EXT_EU27_2020,HR	0.7 	0.0 	0.1 	6.3 	0.1 	0.0 	0.1 	0.0 	0.6 	94.4 	33.7 	76.5 	18.7 	42.8 	39.6 	17.9 	15.6 	15.6 	9.2 	3.6 	0.2 	0.1 	0.4 	0.5 
A,PC_TOT_IMP,SITC9,EXT_EU27_2020,HU	84.3 	83.8 	77.4 	22.4 	26.8 	31.6 	30.6 	48.6 	9.3 	6.5 	5.7 	5.7 	8.7 	7.2 	8.3 	31.7 	32.9 	22.9 	11.4 	12.6 	36.5 	27.1 	24.7 	18.9 
A,PC_TOT_IMP,SITC9,EXT_EU27_2020,IE	40.6 	50.2 	52.4 	48.0 	43.0 	42.6 	46.8 	52.2 	79.5 	70.2 	68.3 	67.5 	65.6 	69.1 	66.4 	67.1 	68.3 	65.1 	52.0 	22.0 	33.5 	29.7 	34.4 	34.9 
A,PC_TOT_IMP,SITC9,EXT_EU27_2020,IT	74.5 	62.3 	93.9 	89.9 	84.9 	95.7 	101.0 	87.9 	78.9 	62.9 	53.2 	68.7 	77.0 	75.5 	74.4 	79.0 	82.4 	81.3 	87.1 	84.0 	78.7 	70.6 	69.4 	62.5 
A,PC_TOT_IMP,SITC9,EXT_EU27_2020,LT	90.3 	94.5 	60.9 	93.3 	76.0 	76.6 	86.3 	11.2 	14.1 	21.0 	16.4 	15.2 	11.8 	4.2 	6.0 	8.6 	14.0 	8.4 	7.2 	18.7 	27.3 	72.0 	87.1 	89.0 
A,PC_TOT_IMP,SITC9,EXT_EU27_2020,LU	59.9 	12.3 	17.2 	87.6 	42.6 	63.4 	85.4 	57.5 	73.2 	45.1 	71.3 	38.3 	57.3 	66.3 	63.9 	47.1 	35.4 	43.8 	16.2 	32.8 	33.3 	19.1 	38.4 	6.5 
A,PC_TOT_IMP,SITC9,EXT_EU27_2020,LV	17.2 	35.6 	0.2 	16.4 	2.1 	15.3 	48.1 	61.6 	1.2 	7.2 	12.3 	4.7 	3.2 	43.9 	39.3 	28.0 	69.0 	4.7 	0.2 	0.9 	34.7 	53.5 	59.6 	36.6 
A,PC_TOT_IMP,SITC9,EXT_EU27_2020,MT	90.9 	87.4 	70.4 	74.6 	79.3 	73.1 	80.0 	89.7 	79.3 	55.1 	68.6 	68.3 	80.2 	94.6 	99.7 	96.6 	98.7 	95.4 	96.1 	96.1 	85.0 	96.4 	99.8 	99.8 
A,PC_TOT_IMP,SITC9,EXT_EU27_2020,NL	320.2 	304.3 	40.3 	96.9 	30.6 	16.1 	92.4 	152.2 	166.0 	62.6 	158.7 	186.1 	367.2 	218.4 	162.9 	176.1 	462.4 	482.2 	159.3 	4.2 	39.2 	6.9 	8.4 	9.3 
A,PC_TOT_IMP,SITC9,EXT_EU27_2020,PL	60.7 	58.6 	14.4 	19.9 	94.0 	92.3 	92.3 	88.1 	89.4 	85.0 	84.1 	80.1 	83.8 	86.6 	93.0 	80.2 	84.3 	83.5 	82.7 	81.5 	58.7 	48.5 	53.5 	50.3 
A,PC_TOT_IMP,SITC9,EXT_EU27_2020,PT	40.5 	31.6 	26.7 	30.7 	28.9 	37.8 	40.9 	60.6 	53.1 	19.8 	8.9 	2.9 	2.1 	5.8 	3.6 	4.7 	4.4 	1.5 	2.0 	10.2 	20.0 	22.0 	5.8 	5.2 
A,PC_TOT_IMP,SITC9,EXT_EU27_2020,RO	62.7 	54.3 	90.7 	88.7 	88.7 	0.0 	100.0 	37.5 	-144878886.5 	5090.7 	587.8 	466.8 	383.7 	250.6 	299.6 	456.8 	216.9 	144.6 	141.3 	98.1 	11.3 	0.0 	16.7 	19.8 
A,PC_TOT_IMP,SITC9,EXT_EU27_2020,SE	0.9 	0.9 	82.4 	83.4 	95.7 	90.9 	79.6 	98.0 	66.7 	117.0 	87.2 	75.8 	76.0 	79.4 	67.8 	81.9 	70.5 	78.8 	84.7 	74.7 	50.7 	20.4 	68.5 	61.3 
A,PC_TOT_IMP,SITC9,EXT_EU27_2020,SI	10.0 	-343.4 	11.3 	41.5 	26.1 	16.8 	9.9 	13.3 	11.2 	6.7 	8.6 	8.9 	15.1 	10.2 	4.5 	2.9 	1.9 	5.9 	2.6 	1.5 	5.6 	6.2 	55.0 	66.6 
A,PC_TOT_IMP,SITC9,EXT_EU27_2020,SK	19.4 	8.4 	2.8 	0.5 	1.2 	3.1 	1.3 	0.8 	0.7 	1.8 	2.1 	9.8 	7.3 	9.0 	29.0 	29.6 	37.5 	34.8 	5.1 	2.9 	3.7 	2.1 	34.1 	47.6 
A,PC_TOT_IMP,TOTAL,EU27_2020,AT	78.9 	80.3 	81.6 	78.8 	78.3 	78.0 	77.0 	77.0 	76.6 	75.8 	75.0 	75.1 	75.1 	75.0 	76.2 	75.7 	75.8 	76.2 	76.9 	76.4 	75.1 	75.6 	78.3 	78.4 
A,PC_TOT_IMP,TOTAL,EU27_2020,BE	65.4 	66.1 	66.0 	65.3 	64.9 	64.3 	64.2 	65.1 	63.5 	61.8 	62.1 	61.1 	60.1 	57.7 	59.0 	59.7 	60.0 	59.9 	61.6 	63.1 	58.1 	61.7 	62.4 	62.9 
A,PC_TOT_IMP,TOTAL,EU27_2020,BG	55.2 	55.5 	54.8 	60.2 	59.1 	57.2 	55.6 	58.8 	57.1 	57.9 	57.3 	58.2 	60.0 	62.5 	64.1 	62.4 	62.1 	61.2 	61.0 	60.5 	55.2 	59.9 	58.2 	57.4 
A,PC_TOT_IMP,TOTAL,EU27_2020,CY	49.1 	52.0 	60.6 	60.4 	59.9 	59.5 	59.3 	63.6 	62.2 	60.4 	61.8 	63.9 	58.2 	55.0 	60.7 	54.6 	51.0 	59.2 	57.8 	64.8 	60.6 	57.5 	59.7 	57.0 
A,PC_TOT_IMP,TOTAL,EU27_2020,CZ	69.5 	68.8 	77.5 	78.9 	77.8 	77.5 	74.2 	75.4 	72.2 	72.3 	73.0 	74.4 	74.9 	74.7 	75.9 	75.2 	74.3 	74.0 	72.9 	73.7 	72.0 	72.8 	71.6 	72.3 
A,PC_TOT_IMP,TOTAL,EU27_2020,DE	59.3 	60.2 	59.7 	58.3 	58.1 	59.2 	58.6 	60.0 	58.7 	58.8 	58.9 	60.1 	61.1 	61.3 	62.2 	62.2 	62.7 	63.1 	63.1 	63.4 	60.9 	65.1 	65.4 	65.2 
A,PC_TOT_IMP,TOTAL,EU27_2020,DK	66.1 	66.5 	64.9 	65.1 	66.5 	67.8 	66.6 	64.3 	63.9 	64.3 	64.8 	64.8 	64.7 	65.0 	67.2 	65.8 	66.3 	66.7 	69.0 	68.0 	66.4 	68.1 	66.1 	67.1 
A,PC_TOT_IMP,TOTAL,EU27_2020,EE	66.4 	62.7 	71.5 	74.0 	72.4 	75.3 	76.9 	78.2 	77.7 	73.1 	73.9 	77.9 	78.6 	78.9 	79.3 	78.5 	74.0 	75.8 	75.2 	72.1 	78.3 	85.1 	84.3 	82.2 
A,PC_TOT_IMP,TOTAL,EU27_2020,EL	57.0 	56.2 	59.3 	57.7 	55.4 	54.9 	52.8 	53.8 	52.2 	49.8 	45.1 	45.9 	47.2 	51.8 	54.2 	52.8 	50.1 	51.3 	57.1 	51.6 	43.7 	50.8 	51.7 	55.6 
A,PC_TOT_IMP,TOTAL,EU27_2020,ES	62.5 	62.7 	61.6 	58.4 	56.6 	58.0 	54.6 	57.4 	54.1 	52.4 	50.1 	51.2 	52.9 	55.8 	57.5 	55.7 	55.0 	54.6 	56.7 	54.6 	50.5 	55.5 	55.5 	56.1 
A,PC_TOT_IMP,TOTAL,EU27_2020,EU27_2020	60.3 	61.3 	61.5 	60.0 	59.5 	60.3 	59.1 	60.4 	58.8 	58.3 	57.7 	58.8 	59.6 	60.3 	61.6 	61.2 	60.8 	60.8 	62.0 	61.4 	57.8 	61.4 	61.6 	61.6 
A,PC_TOT_IMP,TOTAL,EU27_2020,FI	64.0 	63.0 	62.8 	62.4 	59.3 	59.1 	57.9 	61.9 	61.0 	58.5 	59.7 	63.1 	65.0 	69.7 	69.9 	68.9 	67.6 	68.9 	71.6 	69.7 	65.9 	70.4 	71.0 	72.1 
A,PC_TOT_IMP,TOTAL,EU27_2020,FR	61.3 	63.3 	62.7 	61.7 	62.6 	63.9 	63.2 	64.5 	63.5 	62.4 	62.1 	63.0 	63.8 	64.6 	65.4 	65.1 	64.5 	63.7 	66.1 	66.0 	61.5 	64.7 	63.7 	62.7 
A,PC_TOT_IMP,TOTAL,EU27_2020,HR	69.9 	71.1 	69.1 	66.0 	65.3 	63.0 	62.2 	61.0 	58.6 	60.3 	61.0 	65.6 	74.9 	76.6 	75.9 	76.5 	76.4 	78.7 	77.1 	74.3 	69.6 	75.8 	77.6 	76.5 
A,PC_TOT_IMP,TOTAL,EU27_2020,HU	62.3 	61.9 	66.1 	67.6 	68.0 	67.3 	66.6 	67.0 	66.2 	67.7 	68.8 	69.9 	73.4 	74.7 	75.7 	74.1 	72.8 	71.9 	70.6 	71.2 	68.2 	69.2 	70.6 	70.5 
A,PC_TOT_IMP,TOTAL,EU27_2020,IE	25.2 	28.1 	29.8 	29.5 	31.0 	31.4 	32.2 	30.3 	30.2 	30.2 	29.8 	32.1 	33.6 	34.6 	37.4 	38.4 	38.0 	38.1 	37.9 	38.0 	34.7 	39.1 	42.0 	41.5 
A,PC_TOT_IMP,TOTAL,EU27_2020,IT	58.1 	58.9 	58.3 	55.8 	54.4 	54.7 	51.9 	54.6 	52.5 	51.4 	50.8 	52.8 	54.2 	55.7 	57.7 	57.3 	56.2 	57.0 	58.3 	56.7 	51.3 	56.7 	56.8 	56.7 
A,PC_TOT_IMP,TOTAL,EU27_2020,LT	53.5 	52.8 	61.2 	57.3 	60.1 	65.6 	55.7 	57.5 	55.0 	55.1 	55.4 	58.0 	61.4 	64.8 	68.3 	67.4 	66.1 	66.4 	70.8 	68.5 	63.3 	70.4 	68.7 	68.8 
A,PC_TOT_IMP,TOTAL,EU27_2020,LU	79.8 	75.1 	74.6 	70.3 	64.9 	72.0 	73.3 	70.0 	79.1 	80.2 	75.8 	77.8 	78.8 	71.1 	76.3 	81.8 	86.6 	83.5 	89.0 	88.7 	90.8 	90.7 	91.5 	86.6 
A,PC_TOT_IMP,TOTAL,EU27_2020,LV	75.2 	73.3 	73.7 	73.5 	74.6 	75.9 	74.0 	73.7 	74.3 	74.4 	75.9 	77.9 	78.0 	76.8 	78.1 	76.3 	75.7 	77.4 	77.3 	75.3 	79.9 	83.2 	82.7 	83.7 
A,PC_TOT_IMP,TOTAL,EU27_2020,MT	57.5 	58.7 	61.5 	64.6 	60.7 	59.7 	63.7 	63.3 	60.8 	65.9 	69.9 	64.4 	55.1 	59.1 	49.5 	54.6 	63.1 	53.9 	60.4 	59.7 	58.4 	62.7 	65.0 	68.1 
A,PC_TOT_IMP,TOTAL,EU27_2020,NL	47.2 	47.5 	46.8 	43.6 	42.6 	43.3 	42.3 	43.1 	40.8 	40.6 	38.8 	39.8 	39.8 	40.8 	41.6 	40.9 	40.2 	40.3 	41.7 	41.2 	38.7 	41.1 	42.4 	42.3 
A,PC_TOT_IMP,TOTAL,EU27_2020,PL	65.9 	65.9 	72.0 	72.3 	70.1 	70.3 	69.1 	69.5 	67.9 	67.3 	65.2 	66.2 	66.9 	67.8 	69.6 	69.0 	67.4 	66.5 	67.7 	66.4 	63.8 	67.5 	67.6 	67.8 
A,PC_TOT_IMP,TOTAL,EU27_2020,PT	74.7 	74.6 	72.5 	73.3 	72.9 	72.9 	71.5 	75.3 	72.6 	70.0 	68.5 	69.1 	71.7 	73.4 	74.9 	73.7 	73.4 	73.8 	74.7 	73.6 	69.5 	74.6 	74.5 	76.5 
A,PC_TOT_IMP,TOTAL,EU27_2020,RO	64.4 	64.9 	62.8 	60.3 	61.0 	69.5 	67.9 	71.0 	70.3 	70.5 	71.3 	73.5 	73.1 	74.7 	74.8 	73.6 	72.6 	72.7 	73.6 	72.5 	70.9 	73.3 	72.1 	72.1 
A,PC_TOT_IMP,TOTAL,EU27_2020,SE	63.0 	64.3 	65.1 	63.6 	63.3 	63.8 	62.9 	62.4 	61.5 	62.4 	60.8 	62.9 	62.6 	64.5 	65.9 	66.4 	65.0 	65.5 	67.8 	66.4 	63.4 	67.3 	66.8 	67.4 
A,PC_TOT_IMP,TOTAL,EU27_2020,SI	78.7 	78.1 	84.0 	82.1 	80.8 	76.9 	74.1 	74.1 	71.4 	70.8 	70.8 	68.5 	67.9 	68.7 	69.6 	68.2 	66.0 	62.2 	58.7 	56.0 	51.9 	48.7 	41.6 	41.5 
A,PC_TOT_IMP,TOTAL,EU27_2020,SK	70.6 	72.4 	77.3 	76.4 	74.0 	73.5 	71.8 	72.5 	70.6 	72.0 	72.5 	72.9 	75.3 	77.5 	78.8 	78.6 	78.5 	78.9 	80.3 	78.2 	76.8 	79.4 	80.0 	80.7 
A,PC_TOT_IMP,TOTAL,EXT_EU27_2020,AT	21.1 	19.7 	18.4 	21.2 	21.7 	22.0 	23.0 	23.0 	23.4 	24.2 	25.0 	24.9 	24.9 	25.0 	23.8 	24.3 	24.2 	23.8 	23.1 	23.6 	24.9 	24.4 	21.7 	21.6 
A,PC_TOT_IMP,TOTAL,EXT_EU27_2020,BE	34.6 	33.9 	34.0 	34.7 	35.1 	35.7 	35.8 	34.9 	36.5 	38.2 	37.9 	38.9 	39.9 	42.3 	41.0 	40.3 	40.0 	40.1 	38.4 	36.9 	41.9 	38.3 	37.6 	37.1 
A,PC_TOT_IMP,TOTAL,EXT_EU27_2020,BG	44.8 	44.5 	45.2 	39.8 	40.9 	42.8 	44.4 	41.2 	42.9 	42.1 	42.7 	41.8 	40.0 	37.5 	35.9 	37.6 	37.9 	38.8 	39.0 	39.5 	44.8 	40.1 	41.8 	42.6 
A,PC_TOT_IMP,TOTAL,EXT_EU27_2020,CY	50.9 	48.0 	39.4 	39.6 	40.1 	40.5 	40.7 	36.4 	37.8 	39.6 	38.2 	36.1 	41.8 	45.0 	39.3 	45.4 	49.0 	40.8 	42.2 	35.2 	39.4 	42.5 	40.3 	43.0 
A,PC_TOT_IMP,TOTAL,EXT_EU27_2020,CZ	30.5 	31.2 	22.5 	21.1 	22.2 	22.5 	25.8 	24.6 	27.8 	27.7 	27.0 	25.6 	25.1 	25.3 	24.1 	24.8 	25.7 	26.0 	27.1 	26.3 	28.0 	27.2 	28.4 	27.7 
A,PC_TOT_IMP,TOTAL,EXT_EU27_2020,DE	40.7 	39.8 	40.3 	41.7 	41.9 	40.8 	41.4 	40.0 	41.3 	41.2 	41.1 	39.9 	38.9 	38.7 	37.8 	37.8 	37.3 	36.9 	36.9 	36.6 	39.1 	34.9 	34.6 	34.8 
A,PC_TOT_IMP,TOTAL,EXT_EU27_2020,DK	33.9 	33.5 	35.1 	34.9 	33.5 	32.2 	33.4 	35.7 	36.1 	35.7 	35.2 	35.2 	35.3 	35.0 	32.8 	34.2 	33.7 	33.3 	31.0 	32.0 	33.6 	31.9 	33.9 	32.9 
A,PC_TOT_IMP,TOTAL,EXT_EU27_2020,EE	33.6 	37.3 	28.5 	26.0 	27.6 	24.7 	23.1 	21.8 	22.3 	26.9 	26.1 	22.1 	21.4 	21.1 	20.7 	21.5 	26.0 	24.2 	24.8 	27.9 	21.7 	14.9 	15.7 	17.8 
A,PC_TOT_IMP,TOTAL,EXT_EU27_2020,EL	43.0 	43.8 	40.7 	42.3 	44.6 	45.1 	47.2 	46.2 	47.8 	50.2 	54.9 	54.1 	52.8 	48.2 	45.8 	47.2 	49.9 	48.7 	42.9 	48.4 	56.3 	49.2 	48.3 	44.4 
A,PC_TOT_IMP,TOTAL,EXT_EU27_2020,ES	37.5 	37.3 	38.4 	41.6 	43.4 	42.0 	45.4 	42.6 	45.9 	47.6 	49.9 	48.8 	47.1 	44.2 	42.5 	44.3 	45.0 	45.4 	43.3 	45.4 	49.5 	44.5 	44.5 	43.9 
A,PC_TOT_IMP,TOTAL,EXT_EU27_2020,EU27_2020	39.7 	38.7 	38.5 	40.0 	40.5 	39.7 	40.9 	39.6 	41.2 	41.7 	42.3 	41.2 	40.4 	39.7 	38.4 	38.8 	39.2 	39.2 	38.0 	38.6 	42.2 	38.6 	38.4 	38.4 
A,PC_TOT_IMP,TOTAL,EXT_EU27_2020,FI	36.0 	37.0 	37.2 	37.6 	40.7 	40.9 	42.1 	38.1 	39.0 	41.5 	40.3 	36.9 	35.0 	30.3 	30.1 	31.1 	32.4 	31.1 	28.4 	30.3 	34.1 	29.6 	29.0 	27.9 
A,PC_TOT_IMP,TOTAL,EXT_EU27_2020,FR	38.7 	36.7 	37.3 	38.3 	37.4 	36.1 	36.8 	35.5 	36.5 	37.6 	37.9 	37.0 	36.2 	35.4 	34.6 	34.9 	35.5 	36.3 	33.9 	34.0 	38.5 	35.3 	36.3 	37.3 
A,PC_TOT_IMP,TOTAL,EXT_EU27_2020,HR	30.1 	28.9 	30.9 	34.0 	34.7 	37.0 	37.8 	39.0 	41.4 	39.7 	39.0 	34.4 	25.1 	23.4 	24.1 	23.5 	23.6 	21.3 	22.9 	25.7 	30.4 	24.2 	22.4 	23.5 
A,PC_TOT_IMP,TOTAL,EXT_EU27_2020,HU	37.7 	38.1 	33.9 	32.4 	32.0 	32.7 	33.4 	33.0 	33.8 	32.3 	31.2 	30.1 	26.6 	25.3 	24.3 	25.9 	27.2 	28.1 	29.4 	28.8 	31.8 	30.8 	29.4 	29.5 
A,PC_TOT_IMP,TOTAL,EXT_EU27_2020,IE	74.8 	71.9 	70.2 	70.5 	69.0 	68.6 	67.8 	69.7 	69.8 	69.8 	70.2 	67.9 	66.4 	65.4 	62.6 	61.6 	62.0 	61.9 	62.1 	62.0 	65.3 	60.9 	58.0 	58.5 
A,PC_TOT_IMP,TOTAL,EXT_EU27_2020,IT	41.9 	41.1 	41.7 	44.2 	45.6 	45.3 	48.1 	45.4 	47.5 	48.6 	49.2 	47.2 	45.8 	44.3 	42.3 	42.7 	43.8 	43.0 	41.7 	43.3 	48.7 	43.3 	43.2 	43.3 
A,PC_TOT_IMP,TOTAL,EXT_EU27_2020,LT	46.5 	47.2 	38.8 	42.7 	39.9 	34.4 	44.3 	42.5 	45.0 	44.9 	44.6 	42.0 	38.6 	35.2 	31.7 	32.6 	33.9 	33.6 	29.2 	31.5 	36.7 	29.6 	31.3 	31.2 
A,PC_TOT_IMP,TOTAL,EXT_EU27_2020,LU	20.2 	24.9 	25.4 	29.7 	35.1 	28.0 	26.7 	30.0 	20.9 	19.8 	24.2 	22.2 	21.2 	28.9 	23.7 	18.2 	13.4 	16.5 	11.0 	11.3 	9.2 	9.3 	8.5 	13.4 
A,PC_TOT_IMP,TOTAL,EXT_EU27_2020,LV	24.8 	26.7 	26.3 	26.5 	25.4 	24.1 	26.0 	26.3 	25.7 	25.6 	24.1 	22.1 	22.0 	23.2 	21.9 	23.7 	24.3 	22.6 	22.7 	24.7 	20.1 	16.8 	17.3 	16.3 
A,PC_TOT_IMP,TOTAL,EXT_EU27_2020,MT	42.5 	41.3 	38.5 	35.4 	39.3 	40.3 	36.3 	36.7 	39.2 	34.1 	30.1 	35.6 	44.9 	40.9 	50.5 	45.4 	36.9 	46.1 	39.6 	40.3 	41.6 	37.3 	35.0 	31.9 
A,PC_TOT_IMP,TOTAL,EXT_EU27_2020,NL	52.8 	52.5 	53.2 	56.4 	57.4 	56.7 	57.7 	56.9 	59.2 	59.4 	61.2 	60.2 	60.2 	59.2 	58.4 	59.1 	59.8 	59.7 	58.3 	58.8 	61.3 	58.9 	57.6 	57.7 
A,PC_TOT_IMP,TOTAL,EXT_EU27_2020,PL	34.1 	34.1 	28.0 	27.7 	29.9 	29.7 	30.9 	30.5 	32.1 	32.7 	34.8 	33.8 	33.1 	32.2 	30.4 	31.0 	32.6 	33.5 	32.3 	33.6 	36.2 	32.5 	32.4 	32.2 
A,PC_TOT_IMP,TOTAL,EXT_EU27_2020,PT	25.3 	25.4 	27.5 	26.7 	27.1 	27.1 	28.5 	24.7 	27.4 	30.0 	31.5 	30.9 	28.3 	26.6 	25.1 	26.3 	26.6 	26.2 	25.3 	26.4 	30.5 	25.4 	25.5 	23.5 
A,PC_TOT_IMP,TOTAL,EXT_EU27_2020,RO	35.6 	35.1 	37.2 	39.7 	39.0 	30.5 	32.1 	29.0 	29.7 	29.5 	28.7 	26.5 	26.9 	25.3 	25.2 	26.4 	27.4 	27.3 	26.4 	27.5 	29.1 	26.7 	27.9 	27.9 
A,PC_TOT_IMP,TOTAL,EXT_EU27_2020,SE	37.0 	35.7 	34.9 	36.4 	36.7 	36.2 	37.1 	37.6 	38.5 	37.6 	39.2 	37.1 	37.4 	35.5 	34.1 	33.6 	35.0 	34.5 	32.2 	33.6 	36.6 	32.7 	33.2 	32.6 
A,PC_TOT_IMP,TOTAL,EXT_EU27_2020,SI	21.3 	21.9 	16.0 	17.9 	19.2 	23.1 	25.9 	25.9 	28.6 	29.2 	29.2 	31.5 	32.1 	31.3 	30.4 	31.8 	34.0 	37.8 	41.3 	44.0 	48.1 	51.3 	58.4 	58.5 
A,PC_TOT_IMP,TOTAL,EXT_EU27_2020,SK	29.4 	27.6 	22.7 	23.6 	26.0 	26.5 	28.2 	27.5 	29.4 	28.0 	27.5 	27.1 	24.7 	22.5 	21.2 	21.4 	21.5 	21.1 	19.7 	21.8 	23.2 	20.6 	20.0 	19.3 
