DATAFLOW,LAST UPDATE,freq,age,unit,sex,geo,TIME_PERIOD,OBS_VALUE,OBS_FLAG,CONF_STATUS
ESTAT:UNE_RT_A$DEFAULTVIEW(1.0),11/06/26 23:00:00,Annual,From 15 to 74 years,Percentage of population in the labour force,Total,Austria,2016,6.5,,
ESTAT:UNE_RT_A$DEFAULTVIEW(1.0),11/06/26 23:00:00,Annual,From 15 to 74 years,Percentage of population in the labour force,Total,Austria,2017,5.9,,
ESTAT:UNE_RT_A$DEFAULTVIEW(1.0),11/06/26 23:00:00,Annual,From 15 to 74 years,Percentage of population in the labour force,Total,Austria,2018,5.2,,
ESTAT:UNE_RT_A$DEFAULTVIEW(1.0),11/06/26 23:00:00,Annual,From 15 to 74 years,Percentage of population in the labour force,Total,Austria,2019,4.8,,
ESTAT:UNE_RT_A$DEFAULTVIEW(1.0),11/06/26 23:00:00,Annual,From 15 to 74 years,Percentage of population in the labour force,Total,Austria,2020,6.0,,
ESTAT:UNE_RT_A$DEFAULTVIEW(1.0),11/06/26 23:00:00,Annual,From 15 to 74 years,Percentage of population in the labour force,Total,Austria,2021,6.2,,
ESTAT:UNE_RT_A$DEFAULTVIEW(1.0),11/06/26 23:00:00,Annual,From 15 to 74 years,Percentage of population in the labour force,Total,Austria,2022,4.8,,
ESTAT:UNE_RT_A$DEFAULTVIEW(1.0),11/06/26 23:00:00,Annual,From 15 to 74 years,Percentage of population in the labour force,Total,Austria,2023,5.1,,
ESTAT:UNE_RT_A$DEFAULTVIEW(1.0),11/06/26 23:00:00,Annual,From 15 to 74 years,Percentage of population in the labour force,Total,Austria,2024,5.2,,
ESTAT:UNE_RT_A$DEFAULTVIEW(1.0),11/06/26 23:00:00,Annual,From 15 to 74 years,Percentage of population in the labour force,Total,Austria,2025,5.7,,
ESTAT:UNE_RT_A$DEFAULTVIEW(1.0),11/06/26 23:00:00,Annual,From 15 to 74 years,Percentage of population in the labour force,Total,Bosnia and Herzegovina,2021,17.4,,
ESTAT:UNE_RT_A$DEFAULTVIEW(1.0),11/06/26 23:00:00,Annual,From 15 to 74 years,Percentage of population in the labour force,Total,Bosnia and Herzegovina,2022,15.4,,
ESTAT:UNE_RT_A$DEFAULTVIEW(1.0),11/06/26 23:00:00,Annual,From 15 to 74 years,Percentage of population in the labour force,Total,Bosnia and Herzegovina,2023,13.2,,
ESTAT:UNE_RT_A$DEFAULTVIEW(1.0),11/06/26 23:00:00,Annual,From 15 to 74 years,Percentage of population in the labour force,Total,Bosnia and Herzegovina,2024,12.6,,
ESTAT:UNE_RT_A$DEFAULTVIEW(1.0),11/06/26 23:00:00,Annual,From 15 to 74 years,Percentage of population in the labour force,Total,Bosnia and Herzegovina,2025,12.2,,
ESTAT:UNE_RT_A$DEFAULTVIEW(1.0),11/06/26 23:00:00,Annual,From 15 to 74 years,Percentage of population in the labour force,Total,Belgium,2016,7.9,,
ESTAT:UNE_RT_A$DEFAULTVIEW(1.0),11/06/26 23:00:00,Annual,From 15 to 74 years,Percentage of population in the labour force,Total,Belgium,2017,7.2,b,
ESTAT:UNE_RT_A$DEFAULTVIEW(1.0),11/06/26 23:00:00,Annual,From 15 to 74 years,Percentage of population in the labour force,Total,Belgium,2018,6.0,,
ESTAT:UNE_RT_A$DEFAULTVIEW(1.0),11/06/26 23:00:00,Annual,From 15 to 74 years,Percentage of population in the labour force,Total,Belgium,2019,5.5,,
ESTAT:UNE_RT_A$DEFAULTVIEW(1.0),11/06/26 23:00:00,Annual,From 15 to 74 years,Percentage of population in the labour force,Total,Belgium,2020,5.8,,
ESTAT:UNE_RT_A$DEFAULTVIEW(1.0),11/06/26 23:00:00,Annual,From 15 to 74 years,Percentage of population in the labour force,Total,Belgium,2021,6.3,,
ESTAT:UNE_RT_A$DEFAULTVIEW(1.0),11/06/26 23:00:00,Annual,From 15 to 74 years,Percentage of population in the labour force,Total,Belgium,2022,5.6,,
ESTAT:UNE_RT_A$DEFAULTVIEW(1.0),11/06/26 23:00:00,Annual,From 15 to 74 years,Percentage of population in the labour force,Total,Belgium,2023,5.5,,
ESTAT:UNE_RT_A$DEFAULTVIEW(1.0),11/06/26 23:00:00,Annual,From 15 to 74 years,Percentage of population in the labour force,Total,Belgium,2024,5.7,,
ESTAT:UNE_RT_A$DEFAULTVIEW(1.0),11/06/26 23:00:00,Annual,From 15 to 74 years,Percentage of population in the labour force,Total,Belgium,2025,6.2,,
ESTAT:UNE_RT_A$DEFAULTVIEW(1.0),11/06/26 23:00:00,Annual,From 15 to 74 years,Percentage of population in the labour force,Total,Bulgaria,2016,8.6,,
ESTAT:UNE_RT_A$DEFAULTVIEW(1.0),11/06/26 23:00:00,Annual,From 15 to 74 years,Percentage of population in the labour force,Total,Bulgaria,2017,7.2,,
ESTAT:UNE_RT_A$DEFAULTVIEW(1.0),11/06/26 23:00:00,Annual,From 15 to 74 years,Percentage of population in the labour force,Total,Bulgaria,2018,6.2,,
ESTAT:UNE_RT_A$DEFAULTVIEW(1.0),11/06/26 23:00:00,Annual,From 15 to 74 years,Percentage of population in the labour force,Total,Bulgaria,2019,5.2,b,
ESTAT:UNE_RT_A$DEFAULTVIEW(1.0),11/06/26 23:00:00,Annual,From 15 to 74 years,Percentage of population in the labour force,Total,Bulgaria,2020,6.1,,
ESTAT:UNE_RT_A$DEFAULTVIEW(1.0),11/06/26 23:00:00,Annual,From 15 to 74 years,Percentage of population in the labour force,Total,Bulgaria,2021,5.2,,
ESTAT:UNE_RT_A$DEFAULTVIEW(1.0),11/06/26 23:00:00,Annual,From 15 to 74 years,Percentage of population in the labour force,Total,Bulgaria,2022,4.2,,
ESTAT:UNE_RT_A$DEFAULTVIEW(1.0),11/06/26 23:00:00,Annual,From 15 to 74 years,Percentage of population in the labour force,Total,Bulgaria,2023,4.3,,
ESTAT:UNE_RT_A$DEFAULTVIEW(1.0),11/06/26 23:00:00,Annual,From 15 to 74 years,Percentage of population in the labour force,Total,Bulgaria,2024,4.2,b,
ESTAT:UNE_RT_A$DEFAULTVIEW(1.0),11/06/26 23:00:00,Annual,From 15 to 74 years,Percentage of population in the labour force,Total,Bulgaria,2025,3.5,,
ESTAT:UNE_RT_A$DEFAULTVIEW(1.0),11/06/26 23:00:00,Annual,From 15 to 74 years,Percentage of population in the labour force,Total,Switzerland,2016,5.0,,
ESTAT:UNE_RT_A$DEFAULTVIEW(1.0),11/06/26 23:00:00,Annual,From 15 to 74 years,Percentage of population in the labour force,Total,Switzerland,2017,4.8,,
ESTAT:UNE_RT_A$DEFAULTVIEW(1.0),11/06/26 23:00:00,Annual,From 15 to 74 years,Percentage of population in the labour force,Total,Switzerland,2018,4.7,,
ESTAT:UNE_RT_A$DEFAULTVIEW(1.0),11/06/26 23:00:00,Annual,From 15 to 74 years,Percentage of population in the labour force,Total,Switzerland,2019,4.4,,
ESTAT:UNE_RT_A$DEFAULTVIEW(1.0),11/06/26 23:00:00,Annual,From 15 to 74 years,Percentage of population in the labour force,Total,Switzerland,2020,4.8,,
ESTAT:UNE_RT_A$DEFAULTVIEW(1.0),11/06/26 23:00:00,Annual,From 15 to 74 years,Percentage of population in the labour force,Total,Switzerland,2021,5.1,,
ESTAT:UNE_RT_A$DEFAULTVIEW(1.0),11/06/26 23:00:00,Annual,From 15 to 74 years,Percentage of population in the labour force,Total,Switzerland,2022,4.1,,
ESTAT:UNE_RT_A$DEFAULTVIEW(1.0),11/06/26 23:00:00,Annual,From 15 to 74 years,Percentage of population in the labour force,Total,Switzerland,2023,4.1,,
ESTAT:UNE_RT_A$DEFAULTVIEW(1.0),11/06/26 23:00:00,Annual,From 15 to 74 years,Percentage of population in the labour force,Total,Switzerland,2024,4.4,,
ESTAT:UNE_RT_A$DEFAULTVIEW(1.0),11/06/26 23:00:00,Annual,From 15 to 74 years,Percentage of population in the labour force,Total,Switzerland,2025,4.9,,
ESTAT:UNE_RT_A$DEFAULTVIEW(1.0),11/06/26 23:00:00,Annual,From 15 to 74 years,Percentage of population in the labour force,Total,Cyprus,2016,13.0,,
ESTAT:UNE_RT_A$DEFAULTVIEW(1.0),11/06/26 23:00:00,Annual,From 15 to 74 years,Percentage of population in the labour force,Total,Cyprus,2017,11.1,,
ESTAT:UNE_RT_A$DEFAULTVIEW(1.0),11/06/26 23:00:00,Annual,From 15 to 74 years,Percentage of population in the labour force,Total,Cyprus,2018,8.4,,
ESTAT:UNE_RT_A$DEFAULTVIEW(1.0),11/06/26 23:00:00,Annual,From 15 to 74 years,Percentage of population in the labour force,Total,Cyprus,2019,7.2,,
ESTAT:UNE_RT_A$DEFAULTVIEW(1.0),11/06/26 23:00:00,Annual,From 15 to 74 years,Percentage of population in the labour force,Total,Cyprus,2020,7.6,,
ESTAT:UNE_RT_A$DEFAULTVIEW(1.0),11/06/26 23:00:00,Annual,From 15 to 74 years,Percentage of population in the labour force,Total,Cyprus,2021,7.2,,
ESTAT:UNE_RT_A$DEFAULTVIEW(1.0),11/06/26 23:00:00,Annual,From 15 to 74 years,Percentage of population in the labour force,Total,Cyprus,2022,6.3,,
ESTAT:UNE_RT_A$DEFAULTVIEW(1.0),11/06/26 23:00:00,Annual,From 15 to 74 years,Percentage of population in the labour force,Total,Cyprus,2023,5.8,,
ESTAT:UNE_RT_A$DEFAULTVIEW(1.0),11/06/26 23:00:00,Annual,From 15 to 74 years,Percentage of population in the labour force,Total,Cyprus,2024,4.8,,
ESTAT:UNE_RT_A$DEFAULTVIEW(1.0),11/06/26 23:00:00,Annual,From 15 to 74 years,Percentage of population in the labour force,Total,Cyprus,2025,4.4,,
ESTAT:UNE_RT_A$DEFAULTVIEW(1.0),11/06/26 23:00:00,Annual,From 15 to 74 years,Percentage of population in the labour force,Total,Czechia,2016,4.0,,
ESTAT:UNE_RT_A$DEFAULTVIEW(1.0),11/06/26 23:00:00,Annual,From 15 to 74 years,Percentage of population in the labour force,Total,Czechia,2017,2.9,,
ESTAT:UNE_RT_A$DEFAULTVIEW(1.0),11/06/26 23:00:00,Annual,From 15 to 74 years,Percentage of population in the labour force,Total,Czechia,2018,2.2,,
ESTAT:UNE_RT_A$DEFAULTVIEW(1.0),11/06/26 23:00:00,Annual,From 15 to 74 years,Percentage of population in the labour force,Total,Czechia,2019,2.0,,
ESTAT:UNE_RT_A$DEFAULTVIEW(1.0),11/06/26 23:00:00,Annual,From 15 to 74 years,Percentage of population in the labour force,Total,Czechia,2020,2.6,,
ESTAT:UNE_RT_A$DEFAULTVIEW(1.0),11/06/26 23:00:00,Annual,From 15 to 74 years,Percentage of population in the labour force,Total,Czechia,2021,2.8,,
ESTAT:UNE_RT_A$DEFAULTVIEW(1.0),11/06/26 23:00:00,Annual,From 15 to 74 years,Percentage of population in the labour force,Total,Czechia,2022,2.2,,
ESTAT:UNE_RT_A$DEFAULTVIEW(1.0),11/06/26 23:00:00,Annual,From 15 to 74 years,Percentage of population in the labour force,Total,Czechia,2023,2.6,,
ESTAT:UNE_RT_A$DEFAULTVIEW(1.0),11/06/26 23:00:00,Annual,From 15 to 74 years,Percentage of population in the labour force,Total,Czechia,2024,2.6,,
ESTAT:UNE_RT_A$DEFAULTVIEW(1.0),11/06/26 23:00:00,Annual,From 15 to 74 years,Percentage of population in the labour force,Total,Czechia,2025,2.8,,
ESTAT:UNE_RT_A$DEFAULTVIEW(1.0),11/06/26 23:00:00,Annual,From 15 to 74 years,Percentage of population in the labour force,Total,Germany,2016,3.9,,
ESTAT:UNE_RT_A$DEFAULTVIEW(1.0),11/06/26 23:00:00,Annual,From 15 to 74 years,Percentage of population in the labour force,Total,Germany,2017,3.5,,
ESTAT:UNE_RT_A$DEFAULTVIEW(1.0),11/06/26 23:00:00,Annual,From 15 to 74 years,Percentage of population in the labour force,Total,Germany,2018,3.2,,
ESTAT:UNE_RT_A$DEFAULTVIEW(1.0),11/06/26 23:00:00,Annual,From 15 to 74 years,Percentage of population in the labour force,Total,Germany,2019,2.9,,
ESTAT:UNE_RT_A$DEFAULTVIEW(1.0),11/06/26 23:00:00,Annual,From 15 to 74 years,Percentage of population in the labour force,Total,Germany,2020,3.6,b,
ESTAT:UNE_RT_A$DEFAULTVIEW(1.0),11/06/26 23:00:00,Annual,From 15 to 74 years,Percentage of population in the labour force,Total,Germany,2021,3.6,,
ESTAT:UNE_RT_A$DEFAULTVIEW(1.0),11/06/26 23:00:00,Annual,From 15 to 74 years,Percentage of population in the labour force,Total,Germany,2022,3.1,,
ESTAT:UNE_RT_A$DEFAULTVIEW(1.0),11/06/26 23:00:00,Annual,From 15 to 74 years,Percentage of population in the labour force,Total,Germany,2023,3.1,,
ESTAT:UNE_RT_A$DEFAULTVIEW(1.0),11/06/26 23:00:00,Annual,From 15 to 74 years,Percentage of population in the labour force,Total,Germany,2024,3.5,,
ESTAT:UNE_RT_A$DEFAULTVIEW(1.0),11/06/26 23:00:00,Annual,From 15 to 74 years,Percentage of population in the labour force,Total,Germany,2025,3.8,,
ESTAT:UNE_RT_A$DEFAULTVIEW(1.0),11/06/26 23:00:00,Annual,From 15 to 74 years,Percentage of population in the labour force,Total,Denmark,2016,6.0,b,
ESTAT:UNE_RT_A$DEFAULTVIEW(1.0),11/06/26 23:00:00,Annual,From 15 to 74 years,Percentage of population in the labour force,Total,Denmark,2017,5.8,b,
ESTAT:UNE_RT_A$DEFAULTVIEW(1.0),11/06/26 23:00:00,Annual,From 15 to 74 years,Percentage of population in the labour force,Total,Denmark,2018,5.1,,
ESTAT:UNE_RT_A$DEFAULTVIEW(1.0),11/06/26 23:00:00,Annual,From 15 to 74 years,Percentage of population in the labour force,Total,Denmark,2019,5.0,,
ESTAT:UNE_RT_A$DEFAULTVIEW(1.0),11/06/26 23:00:00,Annual,From 15 to 74 years,Percentage of population in the labour force,Total,Denmark,2020,5.6,,
ESTAT:UNE_RT_A$DEFAULTVIEW(1.0),11/06/26 23:00:00,Annual,From 15 to 74 years,Percentage of population in the labour force,Total,Denmark,2021,5.1,,
ESTAT:UNE_RT_A$DEFAULTVIEW(1.0),11/06/26 23:00:00,Annual,From 15 to 74 years,Percentage of population in the labour force,Total,Denmark,2022,4.5,,
ESTAT:UNE_RT_A$DEFAULTVIEW(1.0),11/06/26 23:00:00,Annual,From 15 to 74 years,Percentage of population in the labour force,Total,Denmark,2023,5.1,b,
ESTAT:UNE_RT_A$DEFAULTVIEW(1.0),11/06/26 23:00:00,Annual,From 15 to 74 years,Percentage of population in the labour force,Total,Denmark,2024,6.2,,
ESTAT:UNE_RT_A$DEFAULTVIEW(1.0),11/06/26 23:00:00,Annual,From 15 to 74 years,Percentage of population in the labour force,Total,Denmark,2025,6.4,,
ESTAT:UNE_RT_A$DEFAULTVIEW(1.0),11/06/26 23:00:00,Annual,From 15 to 74 years,Percentage of population in the labour force,Total,Euro area – 20 countries (2023-2025),2016,10.1,,
ESTAT:UNE_RT_A$DEFAULTVIEW(1.0),11/06/26 23:00:00,Annual,From 15 to 74 years,Percentage of population in the labour force,Total,Euro area – 20 countries (2023-2025),2017,9.1,,
ESTAT:UNE_RT_A$DEFAULTVIEW(1.0),11/06/26 23:00:00,Annual,From 15 to 74 years,Percentage of population in the labour force,Total,Euro area – 20 countries (2023-2025),2018,8.2,,
ESTAT:UNE_RT_A$DEFAULTVIEW(1.0),11/06/26 23:00:00,Annual,From 15 to 74 years,Percentage of population in the labour force,Total,Euro area – 20 countries (2023-2025),2019,7.6,,
ESTAT:UNE_RT_A$DEFAULTVIEW(1.0),11/06/26 23:00:00,Annual,From 15 to 74 years,Percentage of population in the labour force,Total,Euro area – 20 countries (2023-2025),2020,8.0,,
ESTAT:UNE_RT_A$DEFAULTVIEW(1.0),11/06/26 23:00:00,Annual,From 15 to 74 years,Percentage of population in the labour force,Total,Euro area – 20 countries (2023-2025),2021,7.8,,
ESTAT:UNE_RT_A$DEFAULTVIEW(1.0),11/06/26 23:00:00,Annual,From 15 to 74 years,Percentage of population in the labour force,Total,Euro area – 20 countries (2023-2025),2022,6.8,,
ESTAT:UNE_RT_A$DEFAULTVIEW(1.0),11/06/26 23:00:00,Annual,From 15 to 74 years,Percentage of population in the labour force,Total,Euro area – 20 countries (2023-2025),2023,6.6,,
ESTAT:UNE_RT_A$DEFAULTVIEW(1.0),11/06/26 23:00:00,Annual,From 15 to 74 years,Percentage of population in the labour force,Total,Euro area – 20 countries (2023-2025),2024,6.4,,
ESTAT:UNE_RT_A$DEFAULTVIEW(1.0),11/06/26 23:00:00,Annual,From 15 to 74 years,Percentage of population in the labour force,Total,Euro area – 20 countries (2023-2025),2025,6.4,,
ESTAT:UNE_RT_A$DEFAULTVIEW(1.0),11/06/26 23:00:00,Annual,From 15 to 74 years,Percentage of population in the labour force,Total,Euro area – 21 countries (from 2026),2016,10.1,,
ESTAT:UNE_RT_A$DEFAULTVIEW(1.0),11/06/26 23:00:00,Annual,From 15 to 74 years,Percentage of population in the labour force,Total,Euro area – 21 countries (from 2026),2017,9.1,,
ESTAT:UNE_RT_A$DEFAULTVIEW(1.0),11/06/26 23:00:00,Annual,From 15 to 74 years,Percentage of population in the labour force,Total,Euro area – 21 countries (from 2026),2018,8.2,,
ESTAT:UNE_RT_A$DEFAULTVIEW(1.0),11/06/26 23:00:00,Annual,From 15 to 74 years,Percentage of population in the labour force,Total,Euro area – 21 countries (from 2026),2019,7.6,,
ESTAT:UNE_RT_A$DEFAULTVIEW(1.0),11/06/26 23:00:00,Annual,From 15 to 74 years,Percentage of population in the labour force,Total,Euro area – 21 countries (from 2026),2020,7.9,,
ESTAT:UNE_RT_A$DEFAULTVIEW(1.0),11/06/26 23:00:00,Annual,From 15 to 74 years,Percentage of population in the labour force,Total,Euro area – 21 countries (from 2026),2021,7.7,,
ESTAT:UNE_RT_A$DEFAULTVIEW(1.0),11/06/26 23:00:00,Annual,From 15 to 74 years,Percentage of population in the labour force,Total,Euro area – 21 countries (from 2026),2022,6.7,,
ESTAT:UNE_RT_A$DEFAULTVIEW(1.0),11/06/26 23:00:00,Annual,From 15 to 74 years,Percentage of population in the labour force,Total,Euro area – 21 countries (from 2026),2023,6.5,,
ESTAT:UNE_RT_A$DEFAULTVIEW(1.0),11/06/26 23:00:00,Annual,From 15 to 74 years,Percentage of population in the labour force,Total,Euro area – 21 countries (from 2026),2024,6.4,,
ESTAT:UNE_RT_A$DEFAULTVIEW(1.0),11/06/26 23:00:00,Annual,From 15 to 74 years,Percentage of population in the labour force,Total,Euro area – 21 countries (from 2026),2025,6.4,,
ESTAT:UNE_RT_A$DEFAULTVIEW(1.0),11/06/26 23:00:00,Annual,From 15 to 74 years,Percentage of population in the labour force,Total,Estonia,2016,6.8,,
ESTAT:UNE_RT_A$DEFAULTVIEW(1.0),11/06/26 23:00:00,Annual,From 15 to 74 years,Percentage of population in the labour force,Total,Estonia,2017,5.8,,
ESTAT:UNE_RT_A$DEFAULTVIEW(1.0),11/06/26 23:00:00,Annual,From 15 to 74 years,Percentage of population in the labour force,Total,Estonia,2018,5.4,,
ESTAT:UNE_RT_A$DEFAULTVIEW(1.0),11/06/26 23:00:00,Annual,From 15 to 74 years,Percentage of population in the labour force,Total,Estonia,2019,4.5,,
ESTAT:UNE_RT_A$DEFAULTVIEW(1.0),11/06/26 23:00:00,Annual,From 15 to 74 years,Percentage of population in the labour force,Total,Estonia,2020,6.9,,
ESTAT:UNE_RT_A$DEFAULTVIEW(1.0),11/06/26 23:00:00,Annual,From 15 to 74 years,Percentage of population in the labour force,Total,Estonia,2021,6.2,,
ESTAT:UNE_RT_A$DEFAULTVIEW(1.0),11/06/26 23:00:00,Annual,From 15 to 74 years,Percentage of population in the labour force,Total,Estonia,2022,5.6,,
ESTAT:UNE_RT_A$DEFAULTVIEW(1.0),11/06/26 23:00:00,Annual,From 15 to 74 years,Percentage of population in the labour force,Total,Estonia,2023,6.4,,
ESTAT:UNE_RT_A$DEFAULTVIEW(1.0),11/06/26 23:00:00,Annual,From 15 to 74 years,Percentage of population in the labour force,Total,Estonia,2024,7.6,,
ESTAT:UNE_RT_A$DEFAULTVIEW(1.0),11/06/26 23:00:00,Annual,From 15 to 74 years,Percentage of population in the labour force,Total,Estonia,2025,7.5,,
ESTAT:UNE_RT_A$DEFAULTVIEW(1.0),11/06/26 23:00:00,Annual,From 15 to 74 years,Percentage of population in the labour force,Total,Greece,2016,23.9,,
ESTAT:UNE_RT_A$DEFAULTVIEW(1.0),11/06/26 23:00:00,Annual,From 15 to 74 years,Percentage of population in the labour force,Total,Greece,2017,21.8,,
ESTAT:UNE_RT_A$DEFAULTVIEW(1.0),11/06/26 23:00:00,Annual,From 15 to 74 years,Percentage of population in the labour force,Total,Greece,2018,19.7,,
ESTAT:UNE_RT_A$DEFAULTVIEW(1.0),11/06/26 23:00:00,Annual,From 15 to 74 years,Percentage of population in the labour force,Total,Greece,2019,17.9,,
ESTAT:UNE_RT_A$DEFAULTVIEW(1.0),11/06/26 23:00:00,Annual,From 15 to 74 years,Percentage of population in the labour force,Total,Greece,2020,17.6,,
ESTAT:UNE_RT_A$DEFAULTVIEW(1.0),11/06/26 23:00:00,Annual,From 15 to 74 years,Percentage of population in the labour force,Total,Greece,2021,14.7,,
ESTAT:UNE_RT_A$DEFAULTVIEW(1.0),11/06/26 23:00:00,Annual,From 15 to 74 years,Percentage of population in the labour force,Total,Greece,2022,12.5,,
ESTAT:UNE_RT_A$DEFAULTVIEW(1.0),11/06/26 23:00:00,Annual,From 15 to 74 years,Percentage of population in the labour force,Total,Greece,2023,11.1,,
ESTAT:UNE_RT_A$DEFAULTVIEW(1.0),11/06/26 23:00:00,Annual,From 15 to 74 years,Percentage of population in the labour force,Total,Greece,2024,10.1,,
ESTAT:UNE_RT_A$DEFAULTVIEW(1.0),11/06/26 23:00:00,Annual,From 15 to 74 years,Percentage of population in the labour force,Total,Greece,2025,8.9,,
ESTAT:UNE_RT_A$DEFAULTVIEW(1.0),11/06/26 23:00:00,Annual,From 15 to 74 years,Percentage of population in the labour force,Total,Spain,2016,19.6,,
ESTAT:UNE_RT_A$DEFAULTVIEW(1.0),11/06/26 23:00:00,Annual,From 15 to 74 years,Percentage of population in the labour force,Total,Spain,2017,17.2,,
ESTAT:UNE_RT_A$DEFAULTVIEW(1.0),11/06/26 23:00:00,Annual,From 15 to 74 years,Percentage of population in the labour force,Total,Spain,2018,15.3,,
ESTAT:UNE_RT_A$DEFAULTVIEW(1.0),11/06/26 23:00:00,Annual,From 15 to 74 years,Percentage of population in the labour force,Total,Spain,2019,14.1,,
ESTAT:UNE_RT_A$DEFAULTVIEW(1.0),11/06/26 23:00:00,Annual,From 15 to 74 years,Percentage of population in the labour force,Total,Spain,2020,15.5,,
ESTAT:UNE_RT_A$DEFAULTVIEW(1.0),11/06/26 23:00:00,Annual,From 15 to 74 years,Percentage of population in the labour force,Total,Spain,2021,14.9,d,
ESTAT:UNE_RT_A$DEFAULTVIEW(1.0),11/06/26 23:00:00,Annual,From 15 to 74 years,Percentage of population in the labour force,Total,Spain,2022,13.0,d,
ESTAT:UNE_RT_A$DEFAULTVIEW(1.0),11/06/26 23:00:00,Annual,From 15 to 74 years,Percentage of population in the labour force,Total,Spain,2023,12.2,d,
ESTAT:UNE_RT_A$DEFAULTVIEW(1.0),11/06/26 23:00:00,Annual,From 15 to 74 years,Percentage of population in the labour force,Total,Spain,2024,11.4,d,
ESTAT:UNE_RT_A$DEFAULTVIEW(1.0),11/06/26 23:00:00,Annual,From 15 to 74 years,Percentage of population in the labour force,Total,Spain,2025,10.5,d,
ESTAT:UNE_RT_A$DEFAULTVIEW(1.0),11/06/26 23:00:00,Annual,From 15 to 74 years,Percentage of population in the labour force,Total,European Union - 27 countries (from 2020),2016,9.3,,
ESTAT:UNE_RT_A$DEFAULTVIEW(1.0),11/06/26 23:00:00,Annual,From 15 to 74 years,Percentage of population in the labour force,Total,European Union - 27 countries (from 2020),2017,8.3,,
ESTAT:UNE_RT_A$DEFAULTVIEW(1.0),11/06/26 23:00:00,Annual,From 15 to 74 years,Percentage of population in the labour force,Total,European Union - 27 countries (from 2020),2018,7.4,,
ESTAT:UNE_RT_A$DEFAULTVIEW(1.0),11/06/26 23:00:00,Annual,From 15 to 74 years,Percentage of population in the labour force,Total,European Union - 27 countries (from 2020),2019,6.8,,
ESTAT:UNE_RT_A$DEFAULTVIEW(1.0),11/06/26 23:00:00,Annual,From 15 to 74 years,Percentage of population in the labour force,Total,European Union - 27 countries (from 2020),2020,7.2,,
ESTAT:UNE_RT_A$DEFAULTVIEW(1.0),11/06/26 23:00:00,Annual,From 15 to 74 years,Percentage of population in the labour force,Total,European Union - 27 countries (from 2020),2021,7.1,,
ESTAT:UNE_RT_A$DEFAULTVIEW(1.0),11/06/26 23:00:00,Annual,From 15 to 74 years,Percentage of population in the labour force,Total,European Union - 27 countries (from 2020),2022,6.2,,
ESTAT:UNE_RT_A$DEFAULTVIEW(1.0),11/06/26 23:00:00,Annual,From 15 to 74 years,Percentage of population in the labour force,Total,European Union - 27 countries (from 2020),2023,6.1,,
ESTAT:UNE_RT_A$DEFAULTVIEW(1.0),11/06/26 23:00:00,Annual,From 15 to 74 years,Percentage of population in the labour force,Total,European Union - 27 countries (from 2020),2024,6.0,,
ESTAT:UNE_RT_A$DEFAULTVIEW(1.0),11/06/26 23:00:00,Annual,From 15 to 74 years,Percentage of population in the labour force,Total,European Union - 27 countries (from 2020),2025,6.0,,
ESTAT:UNE_RT_A$DEFAULTVIEW(1.0),11/06/26 23:00:00,Annual,From 15 to 74 years,Percentage of population in the labour force,Total,Finland,2016,8.9,,
ESTAT:UNE_RT_A$DEFAULTVIEW(1.0),11/06/26 23:00:00,Annual,From 15 to 74 years,Percentage of population in the labour force,Total,Finland,2017,8.7,,
ESTAT:UNE_RT_A$DEFAULTVIEW(1.0),11/06/26 23:00:00,Annual,From 15 to 74 years,Percentage of population in the labour force,Total,Finland,2018,7.5,,
ESTAT:UNE_RT_A$DEFAULTVIEW(1.0),11/06/26 23:00:00,Annual,From 15 to 74 years,Percentage of population in the labour force,Total,Finland,2019,6.8,,
ESTAT:UNE_RT_A$DEFAULTVIEW(1.0),11/06/26 23:00:00,Annual,From 15 to 74 years,Percentage of population in the labour force,Total,Finland,2020,7.7,,
ESTAT:UNE_RT_A$DEFAULTVIEW(1.0),11/06/26 23:00:00,Annual,From 15 to 74 years,Percentage of population in the labour force,Total,Finland,2021,7.7,,
ESTAT:UNE_RT_A$DEFAULTVIEW(1.0),11/06/26 23:00:00,Annual,From 15 to 74 years,Percentage of population in the labour force,Total,Finland,2022,6.8,,
ESTAT:UNE_RT_A$DEFAULTVIEW(1.0),11/06/26 23:00:00,Annual,From 15 to 74 years,Percentage of population in the labour force,Total,Finland,2023,7.2,,
ESTAT:UNE_RT_A$DEFAULTVIEW(1.0),11/06/26 23:00:00,Annual,From 15 to 74 years,Percentage of population in the labour force,Total,Finland,2024,8.4,,
ESTAT:UNE_RT_A$DEFAULTVIEW(1.0),11/06/26 23:00:00,Annual,From 15 to 74 years,Percentage of population in the labour force,Total,Finland,2025,9.7,,
ESTAT:UNE_RT_A$DEFAULTVIEW(1.0),11/06/26 23:00:00,Annual,From 15 to 74 years,Percentage of population in the labour force,Total,France,2016,10.1,,
ESTAT:UNE_RT_A$DEFAULTVIEW(1.0),11/06/26 23:00:00,Annual,From 15 to 74 years,Percentage of population in the labour force,Total,France,2017,9.4,,
ESTAT:UNE_RT_A$DEFAULTVIEW(1.0),11/06/26 23:00:00,Annual,From 15 to 74 years,Percentage of population in the labour force,Total,France,2018,9.0,,
ESTAT:UNE_RT_A$DEFAULTVIEW(1.0),11/06/26 23:00:00,Annual,From 15 to 74 years,Percentage of population in the labour force,Total,France,2019,8.4,,
ESTAT:UNE_RT_A$DEFAULTVIEW(1.0),11/06/26 23:00:00,Annual,From 15 to 74 years,Percentage of population in the labour force,Total,France,2020,8.0,,
ESTAT:UNE_RT_A$DEFAULTVIEW(1.0),11/06/26 23:00:00,Annual,From 15 to 74 years,Percentage of population in the labour force,Total,France,2021,7.9,d,
ESTAT:UNE_RT_A$DEFAULTVIEW(1.0),11/06/26 23:00:00,Annual,From 15 to 74 years,Percentage of population in the labour force,Total,France,2022,7.3,d,
ESTAT:UNE_RT_A$DEFAULTVIEW(1.0),11/06/26 23:00:00,Annual,From 15 to 74 years,Percentage of population in the labour force,Total,France,2023,7.3,d,
ESTAT:UNE_RT_A$DEFAULTVIEW(1.0),11/06/26 23:00:00,Annual,From 15 to 74 years,Percentage of population in the labour force,Total,France,2024,7.4,bd,
ESTAT:UNE_RT_A$DEFAULTVIEW(1.0),11/06/26 23:00:00,Annual,From 15 to 74 years,Percentage of population in the labour force,Total,France,2025,7.7,d,
ESTAT:UNE_RT_A$DEFAULTVIEW(1.0),11/06/26 23:00:00,Annual,From 15 to 74 years,Percentage of population in the labour force,Total,Croatia,2016,13.0,,
ESTAT:UNE_RT_A$DEFAULTVIEW(1.0),11/06/26 23:00:00,Annual,From 15 to 74 years,Percentage of population in the labour force,Total,Croatia,2017,11.1,,
ESTAT:UNE_RT_A$DEFAULTVIEW(1.0),11/06/26 23:00:00,Annual,From 15 to 74 years,Percentage of population in the labour force,Total,Croatia,2018,8.3,,
ESTAT:UNE_RT_A$DEFAULTVIEW(1.0),11/06/26 23:00:00,Annual,From 15 to 74 years,Percentage of population in the labour force,Total,Croatia,2019,6.6,,
ESTAT:UNE_RT_A$DEFAULTVIEW(1.0),11/06/26 23:00:00,Annual,From 15 to 74 years,Percentage of population in the labour force,Total,Croatia,2020,7.4,,
ESTAT:UNE_RT_A$DEFAULTVIEW(1.0),11/06/26 23:00:00,Annual,From 15 to 74 years,Percentage of population in the labour force,Total,Croatia,2021,7.5,,
ESTAT:UNE_RT_A$DEFAULTVIEW(1.0),11/06/26 23:00:00,Annual,From 15 to 74 years,Percentage of population in the labour force,Total,Croatia,2022,6.8,,
ESTAT:UNE_RT_A$DEFAULTVIEW(1.0),11/06/26 23:00:00,Annual,From 15 to 74 years,Percentage of population in the labour force,Total,Croatia,2023,6.1,,
ESTAT:UNE_RT_A$DEFAULTVIEW(1.0),11/06/26 23:00:00,Annual,From 15 to 74 years,Percentage of population in the labour force,Total,Croatia,2024,5.0,,
ESTAT:UNE_RT_A$DEFAULTVIEW(1.0),11/06/26 23:00:00,Annual,From 15 to 74 years,Percentage of population in the labour force,Total,Croatia,2025,4.9,,
ESTAT:UNE_RT_A$DEFAULTVIEW(1.0),11/06/26 23:00:00,Annual,From 15 to 74 years,Percentage of population in the labour force,Total,Hungary,2016,5.0,,
ESTAT:UNE_RT_A$DEFAULTVIEW(1.0),11/06/26 23:00:00,Annual,From 15 to 74 years,Percentage of population in the labour force,Total,Hungary,2017,4.0,,
ESTAT:UNE_RT_A$DEFAULTVIEW(1.0),11/06/26 23:00:00,Annual,From 15 to 74 years,Percentage of population in the labour force,Total,Hungary,2018,3.6,b,
ESTAT:UNE_RT_A$DEFAULTVIEW(1.0),11/06/26 23:00:00,Annual,From 15 to 74 years,Percentage of population in the labour force,Total,Hungary,2019,3.3,,
ESTAT:UNE_RT_A$DEFAULTVIEW(1.0),11/06/26 23:00:00,Annual,From 15 to 74 years,Percentage of population in the labour force,Total,Hungary,2020,4.1,,
ESTAT:UNE_RT_A$DEFAULTVIEW(1.0),11/06/26 23:00:00,Annual,From 15 to 74 years,Percentage of population in the labour force,Total,Hungary,2021,4.0,,
ESTAT:UNE_RT_A$DEFAULTVIEW(1.0),11/06/26 23:00:00,Annual,From 15 to 74 years,Percentage of population in the labour force,Total,Hungary,2022,3.6,,
ESTAT:UNE_RT_A$DEFAULTVIEW(1.0),11/06/26 23:00:00,Annual,From 15 to 74 years,Percentage of population in the labour force,Total,Hungary,2023,4.1,,
ESTAT:UNE_RT_A$DEFAULTVIEW(1.0),11/06/26 23:00:00,Annual,From 15 to 74 years,Percentage of population in the labour force,Total,Hungary,2024,4.5,,
ESTAT:UNE_RT_A$DEFAULTVIEW(1.0),11/06/26 23:00:00,Annual,From 15 to 74 years,Percentage of population in the labour force,Total,Hungary,2025,4.4,,
ESTAT:UNE_RT_A$DEFAULTVIEW(1.0),11/06/26 23:00:00,Annual,From 15 to 74 years,Percentage of population in the labour force,Total,Ireland,2016,8.4,,
ESTAT:UNE_RT_A$DEFAULTVIEW(1.0),11/06/26 23:00:00,Annual,From 15 to 74 years,Percentage of population in the labour force,Total,Ireland,2017,6.7,,
ESTAT:UNE_RT_A$DEFAULTVIEW(1.0),11/06/26 23:00:00,Annual,From 15 to 74 years,Percentage of population in the labour force,Total,Ireland,2018,5.8,,
ESTAT:UNE_RT_A$DEFAULTVIEW(1.0),11/06/26 23:00:00,Annual,From 15 to 74 years,Percentage of population in the labour force,Total,Ireland,2019,5.0,,
ESTAT:UNE_RT_A$DEFAULTVIEW(1.0),11/06/26 23:00:00,Annual,From 15 to 74 years,Percentage of population in the labour force,Total,Ireland,2020,5.9,,
ESTAT:UNE_RT_A$DEFAULTVIEW(1.0),11/06/26 23:00:00,Annual,From 15 to 74 years,Percentage of population in the labour force,Total,Ireland,2021,6.2,b,
ESTAT:UNE_RT_A$DEFAULTVIEW(1.0),11/06/26 23:00:00,Annual,From 15 to 74 years,Percentage of population in the labour force,Total,Ireland,2022,4.5,,
ESTAT:UNE_RT_A$DEFAULTVIEW(1.0),11/06/26 23:00:00,Annual,From 15 to 74 years,Percentage of population in the labour force,Total,Ireland,2023,4.3,,
ESTAT:UNE_RT_A$DEFAULTVIEW(1.0),11/06/26 23:00:00,Annual,From 15 to 74 years,Percentage of population in the labour force,Total,Ireland,2024,4.3,,
ESTAT:UNE_RT_A$DEFAULTVIEW(1.0),11/06/26 23:00:00,Annual,From 15 to 74 years,Percentage of population in the labour force,Total,Ireland,2025,4.7,,
ESTAT:UNE_RT_A$DEFAULTVIEW(1.0),11/06/26 23:00:00,Annual,From 15 to 74 years,Percentage of population in the labour force,Total,Iceland,2016,3.0,,
ESTAT:UNE_RT_A$DEFAULTVIEW(1.0),11/06/26 23:00:00,Annual,From 15 to 74 years,Percentage of population in the labour force,Total,Iceland,2017,2.7,,
ESTAT:UNE_RT_A$DEFAULTVIEW(1.0),11/06/26 23:00:00,Annual,From 15 to 74 years,Percentage of population in the labour force,Total,Iceland,2018,2.7,,
ESTAT:UNE_RT_A$DEFAULTVIEW(1.0),11/06/26 23:00:00,Annual,From 15 to 74 years,Percentage of population in the labour force,Total,Iceland,2019,3.5,,
ESTAT:UNE_RT_A$DEFAULTVIEW(1.0),11/06/26 23:00:00,Annual,From 15 to 74 years,Percentage of population in the labour force,Total,Iceland,2020,5.5,b,
ESTAT:UNE_RT_A$DEFAULTVIEW(1.0),11/06/26 23:00:00,Annual,From 15 to 74 years,Percentage of population in the labour force,Total,Iceland,2021,6.1,,
ESTAT:UNE_RT_A$DEFAULTVIEW(1.0),11/06/26 23:00:00,Annual,From 15 to 74 years,Percentage of population in the labour force,Total,Iceland,2022,3.8,,
ESTAT:UNE_RT_A$DEFAULTVIEW(1.0),11/06/26 23:00:00,Annual,From 15 to 74 years,Percentage of population in the labour force,Total,Iceland,2023,3.5,,
ESTAT:UNE_RT_A$DEFAULTVIEW(1.0),11/06/26 23:00:00,Annual,From 15 to 74 years,Percentage of population in the labour force,Total,Iceland,2024,3.6,,
ESTAT:UNE_RT_A$DEFAULTVIEW(1.0),11/06/26 23:00:00,Annual,From 15 to 74 years,Percentage of population in the labour force,Total,Iceland,2025,4.5,,
ESTAT:UNE_RT_A$DEFAULTVIEW(1.0),11/06/26 23:00:00,Annual,From 15 to 74 years,Percentage of population in the labour force,Total,Italy,2016,11.7,,
ESTAT:UNE_RT_A$DEFAULTVIEW(1.0),11/06/26 23:00:00,Annual,From 15 to 74 years,Percentage of population in the labour force,Total,Italy,2017,11.3,,
ESTAT:UNE_RT_A$DEFAULTVIEW(1.0),11/06/26 23:00:00,Annual,From 15 to 74 years,Percentage of population in the labour force,Total,Italy,2018,10.6,b,
ESTAT:UNE_RT_A$DEFAULTVIEW(1.0),11/06/26 23:00:00,Annual,From 15 to 74 years,Percentage of population in the labour force,Total,Italy,2019,9.9,,
ESTAT:UNE_RT_A$DEFAULTVIEW(1.0),11/06/26 23:00:00,Annual,From 15 to 74 years,Percentage of population in the labour force,Total,Italy,2020,9.3,,
ESTAT:UNE_RT_A$DEFAULTVIEW(1.0),11/06/26 23:00:00,Annual,From 15 to 74 years,Percentage of population in the labour force,Total,Italy,2021,9.5,,
ESTAT:UNE_RT_A$DEFAULTVIEW(1.0),11/06/26 23:00:00,Annual,From 15 to 74 years,Percentage of population in the labour force,Total,Italy,2022,8.1,,
ESTAT:UNE_RT_A$DEFAULTVIEW(1.0),11/06/26 23:00:00,Annual,From 15 to 74 years,Percentage of population in the labour force,Total,Italy,2023,7.7,,
ESTAT:UNE_RT_A$DEFAULTVIEW(1.0),11/06/26 23:00:00,Annual,From 15 to 74 years,Percentage of population in the labour force,Total,Italy,2024,6.5,,
ESTAT:UNE_RT_A$DEFAULTVIEW(1.0),11/06/26 23:00:00,Annual,From 15 to 74 years,Percentage of population in the labour force,Total,Italy,2025,6.1,,
ESTAT:UNE_RT_A$DEFAULTVIEW(1.0),11/06/26 23:00:00,Annual,From 15 to 74 years,Percentage of population in the labour force,Total,Lithuania,2016,7.9,,
ESTAT:UNE_RT_A$DEFAULTVIEW(1.0),11/06/26 23:00:00,Annual,From 15 to 74 years,Percentage of population in the labour force,Total,Lithuania,2017,7.1,,
ESTAT:UNE_RT_A$DEFAULTVIEW(1.0),11/06/26 23:00:00,Annual,From 15 to 74 years,Percentage of population in the labour force,Total,Lithuania,2018,6.2,,
ESTAT:UNE_RT_A$DEFAULTVIEW(1.0),11/06/26 23:00:00,Annual,From 15 to 74 years,Percentage of population in the labour force,Total,Lithuania,2019,6.3,,
ESTAT:UNE_RT_A$DEFAULTVIEW(1.0),11/06/26 23:00:00,Annual,From 15 to 74 years,Percentage of population in the labour force,Total,Lithuania,2020,8.5,,
ESTAT:UNE_RT_A$DEFAULTVIEW(1.0),11/06/26 23:00:00,Annual,From 15 to 74 years,Percentage of population in the labour force,Total,Lithuania,2021,7.1,,
ESTAT:UNE_RT_A$DEFAULTVIEW(1.0),11/06/26 23:00:00,Annual,From 15 to 74 years,Percentage of population in the labour force,Total,Lithuania,2022,6.0,,
ESTAT:UNE_RT_A$DEFAULTVIEW(1.0),11/06/26 23:00:00,Annual,From 15 to 74 years,Percentage of population in the labour force,Total,Lithuania,2023,6.9,,
ESTAT:UNE_RT_A$DEFAULTVIEW(1.0),11/06/26 23:00:00,Annual,From 15 to 74 years,Percentage of population in the labour force,Total,Lithuania,2024,7.1,,
ESTAT:UNE_RT_A$DEFAULTVIEW(1.0),11/06/26 23:00:00,Annual,From 15 to 74 years,Percentage of population in the labour force,Total,Lithuania,2025,6.9,,
ESTAT:UNE_RT_A$DEFAULTVIEW(1.0),11/06/26 23:00:00,Annual,From 15 to 74 years,Percentage of population in the labour force,Total,Luxembourg,2016,6.3,,
ESTAT:UNE_RT_A$DEFAULTVIEW(1.0),11/06/26 23:00:00,Annual,From 15 to 74 years,Percentage of population in the labour force,Total,Luxembourg,2017,5.5,,
ESTAT:UNE_RT_A$DEFAULTVIEW(1.0),11/06/26 23:00:00,Annual,From 15 to 74 years,Percentage of population in the labour force,Total,Luxembourg,2018,5.6,,
ESTAT:UNE_RT_A$DEFAULTVIEW(1.0),11/06/26 23:00:00,Annual,From 15 to 74 years,Percentage of population in the labour force,Total,Luxembourg,2019,5.6,,
ESTAT:UNE_RT_A$DEFAULTVIEW(1.0),11/06/26 23:00:00,Annual,From 15 to 74 years,Percentage of population in the labour force,Total,Luxembourg,2020,6.8,,
ESTAT:UNE_RT_A$DEFAULTVIEW(1.0),11/06/26 23:00:00,Annual,From 15 to 74 years,Percentage of population in the labour force,Total,Luxembourg,2021,5.3,,
ESTAT:UNE_RT_A$DEFAULTVIEW(1.0),11/06/26 23:00:00,Annual,From 15 to 74 years,Percentage of population in the labour force,Total,Luxembourg,2022,4.6,,
ESTAT:UNE_RT_A$DEFAULTVIEW(1.0),11/06/26 23:00:00,Annual,From 15 to 74 years,Percentage of population in the labour force,Total,Luxembourg,2023,5.2,,
ESTAT:UNE_RT_A$DEFAULTVIEW(1.0),11/06/26 23:00:00,Annual,From 15 to 74 years,Percentage of population in the labour force,Total,Luxembourg,2024,6.4,,
ESTAT:UNE_RT_A$DEFAULTVIEW(1.0),11/06/26 23:00:00,Annual,From 15 to 74 years,Percentage of population in the labour force,Total,Luxembourg,2025,6.5,,
ESTAT:UNE_RT_A$DEFAULTVIEW(1.0),11/06/26 23:00:00,Annual,From 15 to 74 years,Percentage of population in the labour force,Total,Latvia,2016,9.7,,
ESTAT:UNE_RT_A$DEFAULTVIEW(1.0),11/06/26 23:00:00,Annual,From 15 to 74 years,Percentage of population in the labour force,Total,Latvia,2017,8.7,,
ESTAT:UNE_RT_A$DEFAULTVIEW(1.0),11/06/26 23:00:00,Annual,From 15 to 74 years,Percentage of population in the labour force,Total,Latvia,2018,7.4,,
ESTAT:UNE_RT_A$DEFAULTVIEW(1.0),11/06/26 23:00:00,Annual,From 15 to 74 years,Percentage of population in the labour force,Total,Latvia,2019,6.3,,
ESTAT:UNE_RT_A$DEFAULTVIEW(1.0),11/06/26 23:00:00,Annual,From 15 to 74 years,Percentage of population in the labour force,Total,Latvia,2020,8.1,,
ESTAT:UNE_RT_A$DEFAULTVIEW(1.0),11/06/26 23:00:00,Annual,From 15 to 74 years,Percentage of population in the labour force,Total,Latvia,2021,7.6,,
ESTAT:UNE_RT_A$DEFAULTVIEW(1.0),11/06/26 23:00:00,Annual,From 15 to 74 years,Percentage of population in the labour force,Total,Latvia,2022,6.9,,
ESTAT:UNE_RT_A$DEFAULTVIEW(1.0),11/06/26 23:00:00,Annual,From 15 to 74 years,Percentage of population in the labour force,Total,Latvia,2023,6.5,,
ESTAT:UNE_RT_A$DEFAULTVIEW(1.0),11/06/26 23:00:00,Annual,From 15 to 74 years,Percentage of population in the labour force,Total,Latvia,2024,6.9,,
ESTAT:UNE_RT_A$DEFAULTVIEW(1.0),11/06/26 23:00:00,Annual,From 15 to 74 years,Percentage of population in the labour force,Total,Latvia,2025,6.9,,
ESTAT:UNE_RT_A$DEFAULTVIEW(1.0),11/06/26 23:00:00,Annual,From 15 to 74 years,Percentage of population in the labour force,Total,Montenegro,2016,17.8,,
ESTAT:UNE_RT_A$DEFAULTVIEW(1.0),11/06/26 23:00:00,Annual,From 15 to 74 years,Percentage of population in the labour force,Total,Montenegro,2017,16.1,,
ESTAT:UNE_RT_A$DEFAULTVIEW(1.0),11/06/26 23:00:00,Annual,From 15 to 74 years,Percentage of population in the labour force,Total,Montenegro,2018,15.2,,
ESTAT:UNE_RT_A$DEFAULTVIEW(1.0),11/06/26 23:00:00,Annual,From 15 to 74 years,Percentage of population in the labour force,Total,Montenegro,2019,15.2,,
ESTAT:UNE_RT_A$DEFAULTVIEW(1.0),11/06/26 23:00:00,Annual,From 15 to 74 years,Percentage of population in the labour force,Total,Montenegro,2020,17.9,,
ESTAT:UNE_RT_A$DEFAULTVIEW(1.0),11/06/26 23:00:00,Annual,From 15 to 74 years,Percentage of population in the labour force,Total,North Macedonia,2016,23.7,,
ESTAT:UNE_RT_A$DEFAULTVIEW(1.0),11/06/26 23:00:00,Annual,From 15 to 74 years,Percentage of population in the labour force,Total,North Macedonia,2017,22.4,,
ESTAT:UNE_RT_A$DEFAULTVIEW(1.0),11/06/26 23:00:00,Annual,From 15 to 74 years,Percentage of population in the labour force,Total,North Macedonia,2018,20.8,,
ESTAT:UNE_RT_A$DEFAULTVIEW(1.0),11/06/26 23:00:00,Annual,From 15 to 74 years,Percentage of population in the labour force,Total,North Macedonia,2019,17.3,,
ESTAT:UNE_RT_A$DEFAULTVIEW(1.0),11/06/26 23:00:00,Annual,From 15 to 74 years,Percentage of population in the labour force,Total,North Macedonia,2020,16.4,,
ESTAT:UNE_RT_A$DEFAULTVIEW(1.0),11/06/26 23:00:00,Annual,From 15 to 74 years,Percentage of population in the labour force,Total,North Macedonia,2021,15.5,b,
ESTAT:UNE_RT_A$DEFAULTVIEW(1.0),11/06/26 23:00:00,Annual,From 15 to 74 years,Percentage of population in the labour force,Total,North Macedonia,2022,14.4,,
ESTAT:UNE_RT_A$DEFAULTVIEW(1.0),11/06/26 23:00:00,Annual,From 15 to 74 years,Percentage of population in the labour force,Total,North Macedonia,2023,13.1,,
ESTAT:UNE_RT_A$DEFAULTVIEW(1.0),11/06/26 23:00:00,Annual,From 15 to 74 years,Percentage of population in the labour force,Total,North Macedonia,2024,12.3,,
ESTAT:UNE_RT_A$DEFAULTVIEW(1.0),11/06/26 23:00:00,Annual,From 15 to 74 years,Percentage of population in the labour force,Total,North Macedonia,2025,11.5,,
ESTAT:UNE_RT_A$DEFAULTVIEW(1.0),11/06/26 23:00:00,Annual,From 15 to 74 years,Percentage of population in the labour force,Total,Malta,2016,4.7,,
ESTAT:UNE_RT_A$DEFAULTVIEW(1.0),11/06/26 23:00:00,Annual,From 15 to 74 years,Percentage of population in the labour force,Total,Malta,2017,4.0,,
ESTAT:UNE_RT_A$DEFAULTVIEW(1.0),11/06/26 23:00:00,Annual,From 15 to 74 years,Percentage of population in the labour force,Total,Malta,2018,4.0,,
ESTAT:UNE_RT_A$DEFAULTVIEW(1.0),11/06/26 23:00:00,Annual,From 15 to 74 years,Percentage of population in the labour force,Total,Malta,2019,4.1,,
ESTAT:UNE_RT_A$DEFAULTVIEW(1.0),11/06/26 23:00:00,Annual,From 15 to 74 years,Percentage of population in the labour force,Total,Malta,2020,4.9,,
ESTAT:UNE_RT_A$DEFAULTVIEW(1.0),11/06/26 23:00:00,Annual,From 15 to 74 years,Percentage of population in the labour force,Total,Malta,2021,3.8,,
ESTAT:UNE_RT_A$DEFAULTVIEW(1.0),11/06/26 23:00:00,Annual,From 15 to 74 years,Percentage of population in the labour force,Total,Malta,2022,3.5,,
ESTAT:UNE_RT_A$DEFAULTVIEW(1.0),11/06/26 23:00:00,Annual,From 15 to 74 years,Percentage of population in the labour force,Total,Malta,2023,3.5,,
ESTAT:UNE_RT_A$DEFAULTVIEW(1.0),11/06/26 23:00:00,Annual,From 15 to 74 years,Percentage of population in the labour force,Total,Malta,2024,3.2,,
ESTAT:UNE_RT_A$DEFAULTVIEW(1.0),11/06/26 23:00:00,Annual,From 15 to 74 years,Percentage of population in the labour force,Total,Malta,2025,3.1,,
ESTAT:UNE_RT_A$DEFAULTVIEW(1.0),11/06/26 23:00:00,Annual,From 15 to 74 years,Percentage of population in the labour force,Total,Netherlands,2016,7.0,,
ESTAT:UNE_RT_A$DEFAULTVIEW(1.0),11/06/26 23:00:00,Annual,From 15 to 74 years,Percentage of population in the labour force,Total,Netherlands,2017,5.9,,
ESTAT:UNE_RT_A$DEFAULTVIEW(1.0),11/06/26 23:00:00,Annual,From 15 to 74 years,Percentage of population in the labour force,Total,Netherlands,2018,4.9,,
ESTAT:UNE_RT_A$DEFAULTVIEW(1.0),11/06/26 23:00:00,Annual,From 15 to 74 years,Percentage of population in the labour force,Total,Netherlands,2019,4.4,,
ESTAT:UNE_RT_A$DEFAULTVIEW(1.0),11/06/26 23:00:00,Annual,From 15 to 74 years,Percentage of population in the labour force,Total,Netherlands,2020,4.9,,
ESTAT:UNE_RT_A$DEFAULTVIEW(1.0),11/06/26 23:00:00,Annual,From 15 to 74 years,Percentage of population in the labour force,Total,Netherlands,2021,4.2,,
ESTAT:UNE_RT_A$DEFAULTVIEW(1.0),11/06/26 23:00:00,Annual,From 15 to 74 years,Percentage of population in the labour force,Total,Netherlands,2022,3.5,,
ESTAT:UNE_RT_A$DEFAULTVIEW(1.0),11/06/26 23:00:00,Annual,From 15 to 74 years,Percentage of population in the labour force,Total,Netherlands,2023,3.6,,
ESTAT:UNE_RT_A$DEFAULTVIEW(1.0),11/06/26 23:00:00,Annual,From 15 to 74 years,Percentage of population in the labour force,Total,Netherlands,2024,3.7,,
ESTAT:UNE_RT_A$DEFAULTVIEW(1.0),11/06/26 23:00:00,Annual,From 15 to 74 years,Percentage of population in the labour force,Total,Netherlands,2025,3.9,,
ESTAT:UNE_RT_A$DEFAULTVIEW(1.0),11/06/26 23:00:00,Annual,From 15 to 74 years,Percentage of population in the labour force,Total,Norway,2016,4.9,,
ESTAT:UNE_RT_A$DEFAULTVIEW(1.0),11/06/26 23:00:00,Annual,From 15 to 74 years,Percentage of population in the labour force,Total,Norway,2017,4.4,,
ESTAT:UNE_RT_A$DEFAULTVIEW(1.0),11/06/26 23:00:00,Annual,From 15 to 74 years,Percentage of population in the labour force,Total,Norway,2018,4.0,,
ESTAT:UNE_RT_A$DEFAULTVIEW(1.0),11/06/26 23:00:00,Annual,From 15 to 74 years,Percentage of population in the labour force,Total,Norway,2019,3.9,,
ESTAT:UNE_RT_A$DEFAULTVIEW(1.0),11/06/26 23:00:00,Annual,From 15 to 74 years,Percentage of population in the labour force,Total,Norway,2020,4.7,,
ESTAT:UNE_RT_A$DEFAULTVIEW(1.0),11/06/26 23:00:00,Annual,From 15 to 74 years,Percentage of population in the labour force,Total,Norway,2021,4.4,,
ESTAT:UNE_RT_A$DEFAULTVIEW(1.0),11/06/26 23:00:00,Annual,From 15 to 74 years,Percentage of population in the labour force,Total,Norway,2022,3.2,,
ESTAT:UNE_RT_A$DEFAULTVIEW(1.0),11/06/26 23:00:00,Annual,From 15 to 74 years,Percentage of population in the labour force,Total,Norway,2023,3.6,,
ESTAT:UNE_RT_A$DEFAULTVIEW(1.0),11/06/26 23:00:00,Annual,From 15 to 74 years,Percentage of population in the labour force,Total,Norway,2024,4.0,,
ESTAT:UNE_RT_A$DEFAULTVIEW(1.0),11/06/26 23:00:00,Annual,From 15 to 74 years,Percentage of population in the labour force,Total,Norway,2025,4.5,,
ESTAT:UNE_RT_A$DEFAULTVIEW(1.0),11/06/26 23:00:00,Annual,From 15 to 74 years,Percentage of population in the labour force,Total,Poland,2016,6.3,,
ESTAT:UNE_RT_A$DEFAULTVIEW(1.0),11/06/26 23:00:00,Annual,From 15 to 74 years,Percentage of population in the labour force,Total,Poland,2017,5.0,,
ESTAT:UNE_RT_A$DEFAULTVIEW(1.0),11/06/26 23:00:00,Annual,From 15 to 74 years,Percentage of population in the labour force,Total,Poland,2018,3.9,,
ESTAT:UNE_RT_A$DEFAULTVIEW(1.0),11/06/26 23:00:00,Annual,From 15 to 74 years,Percentage of population in the labour force,Total,Poland,2019,3.3,b,
ESTAT:UNE_RT_A$DEFAULTVIEW(1.0),11/06/26 23:00:00,Annual,From 15 to 74 years,Percentage of population in the labour force,Total,Poland,2020,3.2,,
ESTAT:UNE_RT_A$DEFAULTVIEW(1.0),11/06/26 23:00:00,Annual,From 15 to 74 years,Percentage of population in the labour force,Total,Poland,2021,3.4,,
ESTAT:UNE_RT_A$DEFAULTVIEW(1.0),11/06/26 23:00:00,Annual,From 15 to 74 years,Percentage of population in the labour force,Total,Poland,2022,2.9,,
ESTAT:UNE_RT_A$DEFAULTVIEW(1.0),11/06/26 23:00:00,Annual,From 15 to 74 years,Percentage of population in the labour force,Total,Poland,2023,2.8,,
ESTAT:UNE_RT_A$DEFAULTVIEW(1.0),11/06/26 23:00:00,Annual,From 15 to 74 years,Percentage of population in the labour force,Total,Poland,2024,2.9,,
ESTAT:UNE_RT_A$DEFAULTVIEW(1.0),11/06/26 23:00:00,Annual,From 15 to 74 years,Percentage of population in the labour force,Total,Poland,2025,3.1,,
ESTAT:UNE_RT_A$DEFAULTVIEW(1.0),11/06/26 23:00:00,Annual,From 15 to 74 years,Percentage of population in the labour force,Total,Portugal,2016,11.5,,
ESTAT:UNE_RT_A$DEFAULTVIEW(1.0),11/06/26 23:00:00,Annual,From 15 to 74 years,Percentage of population in the labour force,Total,Portugal,2017,9.2,,
ESTAT:UNE_RT_A$DEFAULTVIEW(1.0),11/06/26 23:00:00,Annual,From 15 to 74 years,Percentage of population in the labour force,Total,Portugal,2018,7.2,,
ESTAT:UNE_RT_A$DEFAULTVIEW(1.0),11/06/26 23:00:00,Annual,From 15 to 74 years,Percentage of population in the labour force,Total,Portugal,2019,6.6,,
ESTAT:UNE_RT_A$DEFAULTVIEW(1.0),11/06/26 23:00:00,Annual,From 15 to 74 years,Percentage of population in the labour force,Total,Portugal,2020,7.1,,
ESTAT:UNE_RT_A$DEFAULTVIEW(1.0),11/06/26 23:00:00,Annual,From 15 to 74 years,Percentage of population in the labour force,Total,Portugal,2021,6.7,,
ESTAT:UNE_RT_A$DEFAULTVIEW(1.0),11/06/26 23:00:00,Annual,From 15 to 74 years,Percentage of population in the labour force,Total,Portugal,2022,6.2,,
ESTAT:UNE_RT_A$DEFAULTVIEW(1.0),11/06/26 23:00:00,Annual,From 15 to 74 years,Percentage of population in the labour force,Total,Portugal,2023,6.5,,
ESTAT:UNE_RT_A$DEFAULTVIEW(1.0),11/06/26 23:00:00,Annual,From 15 to 74 years,Percentage of population in the labour force,Total,Portugal,2024,6.5,,
ESTAT:UNE_RT_A$DEFAULTVIEW(1.0),11/06/26 23:00:00,Annual,From 15 to 74 years,Percentage of population in the labour force,Total,Portugal,2025,6.0,,
ESTAT:UNE_RT_A$DEFAULTVIEW(1.0),11/06/26 23:00:00,Annual,From 15 to 74 years,Percentage of population in the labour force,Total,Romania,2016,7.2,,
ESTAT:UNE_RT_A$DEFAULTVIEW(1.0),11/06/26 23:00:00,Annual,From 15 to 74 years,Percentage of population in the labour force,Total,Romania,2017,6.1,,
ESTAT:UNE_RT_A$DEFAULTVIEW(1.0),11/06/26 23:00:00,Annual,From 15 to 74 years,Percentage of population in the labour force,Total,Romania,2018,5.3,,
ESTAT:UNE_RT_A$DEFAULTVIEW(1.0),11/06/26 23:00:00,Annual,From 15 to 74 years,Percentage of population in the labour force,Total,Romania,2019,4.9,,
ESTAT:UNE_RT_A$DEFAULTVIEW(1.0),11/06/26 23:00:00,Annual,From 15 to 74 years,Percentage of population in the labour force,Total,Romania,2020,6.1,,
ESTAT:UNE_RT_A$DEFAULTVIEW(1.0),11/06/26 23:00:00,Annual,From 15 to 74 years,Percentage of population in the labour force,Total,Romania,2021,5.6,,
ESTAT:UNE_RT_A$DEFAULTVIEW(1.0),11/06/26 23:00:00,Annual,From 15 to 74 years,Percentage of population in the labour force,Total,Romania,2022,5.6,,
ESTAT:UNE_RT_A$DEFAULTVIEW(1.0),11/06/26 23:00:00,Annual,From 15 to 74 years,Percentage of population in the labour force,Total,Romania,2023,5.6,,
ESTAT:UNE_RT_A$DEFAULTVIEW(1.0),11/06/26 23:00:00,Annual,From 15 to 74 years,Percentage of population in the labour force,Total,Romania,2024,5.4,,
ESTAT:UNE_RT_A$DEFAULTVIEW(1.0),11/06/26 23:00:00,Annual,From 15 to 74 years,Percentage of population in the labour force,Total,Romania,2025,6.1,,
ESTAT:UNE_RT_A$DEFAULTVIEW(1.0),11/06/26 23:00:00,Annual,From 15 to 74 years,Percentage of population in the labour force,Total,Serbia,2016,16.5,,
ESTAT:UNE_RT_A$DEFAULTVIEW(1.0),11/06/26 23:00:00,Annual,From 15 to 74 years,Percentage of population in the labour force,Total,Serbia,2017,14.6,,
ESTAT:UNE_RT_A$DEFAULTVIEW(1.0),11/06/26 23:00:00,Annual,From 15 to 74 years,Percentage of population in the labour force,Total,Serbia,2018,13.8,,
ESTAT:UNE_RT_A$DEFAULTVIEW(1.0),11/06/26 23:00:00,Annual,From 15 to 74 years,Percentage of population in the labour force,Total,Serbia,2019,11.4,,
ESTAT:UNE_RT_A$DEFAULTVIEW(1.0),11/06/26 23:00:00,Annual,From 15 to 74 years,Percentage of population in the labour force,Total,Serbia,2020,9.8,,
ESTAT:UNE_RT_A$DEFAULTVIEW(1.0),11/06/26 23:00:00,Annual,From 15 to 74 years,Percentage of population in the labour force,Total,Serbia,2021,11.2,,
ESTAT:UNE_RT_A$DEFAULTVIEW(1.0),11/06/26 23:00:00,Annual,From 15 to 74 years,Percentage of population in the labour force,Total,Serbia,2022,9.6,,
ESTAT:UNE_RT_A$DEFAULTVIEW(1.0),11/06/26 23:00:00,Annual,From 15 to 74 years,Percentage of population in the labour force,Total,Serbia,2023,9.5,,
ESTAT:UNE_RT_A$DEFAULTVIEW(1.0),11/06/26 23:00:00,Annual,From 15 to 74 years,Percentage of population in the labour force,Total,Serbia,2024,8.6,,
ESTAT:UNE_RT_A$DEFAULTVIEW(1.0),11/06/26 23:00:00,Annual,From 15 to 74 years,Percentage of population in the labour force,Total,Serbia,2025,8.7,,
ESTAT:UNE_RT_A$DEFAULTVIEW(1.0),11/06/26 23:00:00,Annual,From 15 to 74 years,Percentage of population in the labour force,Total,Sweden,2016,7.1,,
ESTAT:UNE_RT_A$DEFAULTVIEW(1.0),11/06/26 23:00:00,Annual,From 15 to 74 years,Percentage of population in the labour force,Total,Sweden,2017,6.8,,
ESTAT:UNE_RT_A$DEFAULTVIEW(1.0),11/06/26 23:00:00,Annual,From 15 to 74 years,Percentage of population in the labour force,Total,Sweden,2018,6.5,,
ESTAT:UNE_RT_A$DEFAULTVIEW(1.0),11/06/26 23:00:00,Annual,From 15 to 74 years,Percentage of population in the labour force,Total,Sweden,2019,6.9,,
ESTAT:UNE_RT_A$DEFAULTVIEW(1.0),11/06/26 23:00:00,Annual,From 15 to 74 years,Percentage of population in the labour force,Total,Sweden,2020,8.5,,
ESTAT:UNE_RT_A$DEFAULTVIEW(1.0),11/06/26 23:00:00,Annual,From 15 to 74 years,Percentage of population in the labour force,Total,Sweden,2021,8.9,,
ESTAT:UNE_RT_A$DEFAULTVIEW(1.0),11/06/26 23:00:00,Annual,From 15 to 74 years,Percentage of population in the labour force,Total,Sweden,2022,7.5,,
ESTAT:UNE_RT_A$DEFAULTVIEW(1.0),11/06/26 23:00:00,Annual,From 15 to 74 years,Percentage of population in the labour force,Total,Sweden,2023,7.7,,
ESTAT:UNE_RT_A$DEFAULTVIEW(1.0),11/06/26 23:00:00,Annual,From 15 to 74 years,Percentage of population in the labour force,Total,Sweden,2024,8.4,,
ESTAT:UNE_RT_A$DEFAULTVIEW(1.0),11/06/26 23:00:00,Annual,From 15 to 74 years,Percentage of population in the labour force,Total,Sweden,2025,8.8,,
ESTAT:UNE_RT_A$DEFAULTVIEW(1.0),11/06/26 23:00:00,Annual,From 15 to 74 years,Percentage of population in the labour force,Total,Slovenia,2016,8.0,,
ESTAT:UNE_RT_A$DEFAULTVIEW(1.0),11/06/26 23:00:00,Annual,From 15 to 74 years,Percentage of population in the labour force,Total,Slovenia,2017,6.6,,
ESTAT:UNE_RT_A$DEFAULTVIEW(1.0),11/06/26 23:00:00,Annual,From 15 to 74 years,Percentage of population in the labour force,Total,Slovenia,2018,5.1,,
ESTAT:UNE_RT_A$DEFAULTVIEW(1.0),11/06/26 23:00:00,Annual,From 15 to 74 years,Percentage of population in the labour force,Total,Slovenia,2019,4.4,,
ESTAT:UNE_RT_A$DEFAULTVIEW(1.0),11/06/26 23:00:00,Annual,From 15 to 74 years,Percentage of population in the labour force,Total,Slovenia,2020,5.0,,
ESTAT:UNE_RT_A$DEFAULTVIEW(1.0),11/06/26 23:00:00,Annual,From 15 to 74 years,Percentage of population in the labour force,Total,Slovenia,2021,4.8,,
ESTAT:UNE_RT_A$DEFAULTVIEW(1.0),11/06/26 23:00:00,Annual,From 15 to 74 years,Percentage of population in the labour force,Total,Slovenia,2022,4.0,,
ESTAT:UNE_RT_A$DEFAULTVIEW(1.0),11/06/26 23:00:00,Annual,From 15 to 74 years,Percentage of population in the labour force,Total,Slovenia,2023,3.7,,
ESTAT:UNE_RT_A$DEFAULTVIEW(1.0),11/06/26 23:00:00,Annual,From 15 to 74 years,Percentage of population in the labour force,Total,Slovenia,2024,3.7,,
ESTAT:UNE_RT_A$DEFAULTVIEW(1.0),11/06/26 23:00:00,Annual,From 15 to 74 years,Percentage of population in the labour force,Total,Slovenia,2025,3.9,,
ESTAT:UNE_RT_A$DEFAULTVIEW(1.0),11/06/26 23:00:00,Annual,From 15 to 74 years,Percentage of population in the labour force,Total,Slovakia,2016,9.6,,
ESTAT:UNE_RT_A$DEFAULTVIEW(1.0),11/06/26 23:00:00,Annual,From 15 to 74 years,Percentage of population in the labour force,Total,Slovakia,2017,8.1,,
ESTAT:UNE_RT_A$DEFAULTVIEW(1.0),11/06/26 23:00:00,Annual,From 15 to 74 years,Percentage of population in the labour force,Total,Slovakia,2018,6.5,,
ESTAT:UNE_RT_A$DEFAULTVIEW(1.0),11/06/26 23:00:00,Annual,From 15 to 74 years,Percentage of population in the labour force,Total,Slovakia,2019,5.7,,
ESTAT:UNE_RT_A$DEFAULTVIEW(1.0),11/06/26 23:00:00,Annual,From 15 to 74 years,Percentage of population in the labour force,Total,Slovakia,2020,6.7,,
ESTAT:UNE_RT_A$DEFAULTVIEW(1.0),11/06/26 23:00:00,Annual,From 15 to 74 years,Percentage of population in the labour force,Total,Slovakia,2021,6.8,,
ESTAT:UNE_RT_A$DEFAULTVIEW(1.0),11/06/26 23:00:00,Annual,From 15 to 74 years,Percentage of population in the labour force,Total,Slovakia,2022,6.1,,
ESTAT:UNE_RT_A$DEFAULTVIEW(1.0),11/06/26 23:00:00,Annual,From 15 to 74 years,Percentage of population in the labour force,Total,Slovakia,2023,5.8,,
ESTAT:UNE_RT_A$DEFAULTVIEW(1.0),11/06/26 23:00:00,Annual,From 15 to 74 years,Percentage of population in the labour force,Total,Slovakia,2024,5.3,,
ESTAT:UNE_RT_A$DEFAULTVIEW(1.0),11/06/26 23:00:00,Annual,From 15 to 74 years,Percentage of population in the labour force,Total,Slovakia,2025,5.4,,
ESTAT:UNE_RT_A$DEFAULTVIEW(1.0),11/06/26 23:00:00,Annual,From 15 to 74 years,Percentage of population in the labour force,Total,Türkiye,2016,10.9,,
ESTAT:UNE_RT_A$DEFAULTVIEW(1.0),11/06/26 23:00:00,Annual,From 15 to 74 years,Percentage of population in the labour force,Total,Türkiye,2017,10.9,,
ESTAT:UNE_RT_A$DEFAULTVIEW(1.0),11/06/26 23:00:00,Annual,From 15 to 74 years,Percentage of population in the labour force,Total,Türkiye,2018,10.9,,
ESTAT:UNE_RT_A$DEFAULTVIEW(1.0),11/06/26 23:00:00,Annual,From 15 to 74 years,Percentage of population in the labour force,Total,Türkiye,2019,13.7,,
ESTAT:UNE_RT_A$DEFAULTVIEW(1.0),11/06/26 23:00:00,Annual,From 15 to 74 years,Percentage of population in the labour force,Total,Türkiye,2020,13.2,,
ESTAT:UNE_RT_A$DEFAULTVIEW(1.0),11/06/26 23:00:00,Annual,From 15 to 74 years,Percentage of population in the labour force,Total,Türkiye,2021,12.0,b,
ESTAT:UNE_RT_A$DEFAULTVIEW(1.0),11/06/26 23:00:00,Annual,From 15 to 74 years,Percentage of population in the labour force,Total,Türkiye,2022,10.5,,
ESTAT:UNE_RT_A$DEFAULTVIEW(1.0),11/06/26 23:00:00,Annual,From 15 to 74 years,Percentage of population in the labour force,Total,Türkiye,2023,9.4,,
ESTAT:UNE_RT_A$DEFAULTVIEW(1.0),11/06/26 23:00:00,Annual,From 15 to 74 years,Percentage of population in the labour force,Total,Türkiye,2024,8.8,,
ESTAT:UNE_RT_A$DEFAULTVIEW(1.0),11/06/26 23:00:00,Annual,From 15 to 74 years,Percentage of population in the labour force,Total,Türkiye,2025,8.4,,
ESTAT:UNE_RT_A$DEFAULTVIEW(1.0),11/06/26 23:00:00,Annual,From 15 to 74 years,Percentage of total population,Total,Austria,2016,4.4,,
ESTAT:UNE_RT_A$DEFAULTVIEW(1.0),11/06/26 23:00:00,Annual,From 15 to 74 years,Percentage of total population,Total,Austria,2017,4.0,,
ESTAT:UNE_RT_A$DEFAULTVIEW(1.0),11/06/26 23:00:00,Annual,From 15 to 74 years,Percentage of total population,Total,Austria,2018,3.6,,
ESTAT:UNE_RT_A$DEFAULTVIEW(1.0),11/06/26 23:00:00,Annual,From 15 to 74 years,Percentage of total population,Total,Austria,2019,3.3,,
ESTAT:UNE_RT_A$DEFAULTVIEW(1.0),11/06/26 23:00:00,Annual,From 15 to 74 years,Percentage of total population,Total,Austria,2020,4.1,,
ESTAT:UNE_RT_A$DEFAULTVIEW(1.0),11/06/26 23:00:00,Annual,From 15 to 74 years,Percentage of total population,Total,Austria,2021,4.2,,
ESTAT:UNE_RT_A$DEFAULTVIEW(1.0),11/06/26 23:00:00,Annual,From 15 to 74 years,Percentage of total population,Total,Austria,2022,3.3,,
ESTAT:UNE_RT_A$DEFAULTVIEW(1.0),11/06/26 23:00:00,Annual,From 15 to 74 years,Percentage of total population,Total,Austria,2023,3.5,,
ESTAT:UNE_RT_A$DEFAULTVIEW(1.0),11/06/26 23:00:00,Annual,From 15 to 74 years,Percentage of total population,Total,Austria,2024,3.6,,
ESTAT:UNE_RT_A$DEFAULTVIEW(1.0),11/06/26 23:00:00,Annual,From 15 to 74 years,Percentage of total population,Total,Austria,2025,3.9,,
ESTAT:UNE_RT_A$DEFAULTVIEW(1.0),11/06/26 23:00:00,Annual,From 15 to 74 years,Percentage of total population,Total,Bosnia and Herzegovina,2021,9.0,,
ESTAT:UNE_RT_A$DEFAULTVIEW(1.0),11/06/26 23:00:00,Annual,From 15 to 74 years,Percentage of total population,Total,Bosnia and Herzegovina,2022,7.9,,
ESTAT:UNE_RT_A$DEFAULTVIEW(1.0),11/06/26 23:00:00,Annual,From 15 to 74 years,Percentage of total population,Total,Bosnia and Herzegovina,2023,6.8,,
ESTAT:UNE_RT_A$DEFAULTVIEW(1.0),11/06/26 23:00:00,Annual,From 15 to 74 years,Percentage of total population,Total,Bosnia and Herzegovina,2024,6.7,,
ESTAT:UNE_RT_A$DEFAULTVIEW(1.0),11/06/26 23:00:00,Annual,From 15 to 74 years,Percentage of total population,Total,Bosnia and Herzegovina,2025,6.6,,
ESTAT:UNE_RT_A$DEFAULTVIEW(1.0),11/06/26 23:00:00,Annual,From 15 to 74 years,Percentage of total population,Total,Belgium,2016,4.7,,
ESTAT:UNE_RT_A$DEFAULTVIEW(1.0),11/06/26 23:00:00,Annual,From 15 to 74 years,Percentage of total population,Total,Belgium,2017,4.3,b,
ESTAT:UNE_RT_A$DEFAULTVIEW(1.0),11/06/26 23:00:00,Annual,From 15 to 74 years,Percentage of total population,Total,Belgium,2018,3.6,,
ESTAT:UNE_RT_A$DEFAULTVIEW(1.0),11/06/26 23:00:00,Annual,From 15 to 74 years,Percentage of total population,Total,Belgium,2019,3.3,,
ESTAT:UNE_RT_A$DEFAULTVIEW(1.0),11/06/26 23:00:00,Annual,From 15 to 74 years,Percentage of total population,Total,Belgium,2020,3.4,,
ESTAT:UNE_RT_A$DEFAULTVIEW(1.0),11/06/26 23:00:00,Annual,From 15 to 74 years,Percentage of total population,Total,Belgium,2021,3.8,,
ESTAT:UNE_RT_A$DEFAULTVIEW(1.0),11/06/26 23:00:00,Annual,From 15 to 74 years,Percentage of total population,Total,Belgium,2022,3.4,,
ESTAT:UNE_RT_A$DEFAULTVIEW(1.0),11/06/26 23:00:00,Annual,From 15 to 74 years,Percentage of total population,Total,Belgium,2023,3.4,,
ESTAT:UNE_RT_A$DEFAULTVIEW(1.0),11/06/26 23:00:00,Annual,From 15 to 74 years,Percentage of total population,Total,Belgium,2024,3.5,,
ESTAT:UNE_RT_A$DEFAULTVIEW(1.0),11/06/26 23:00:00,Annual,From 15 to 74 years,Percentage of total population,Total,Belgium,2025,3.9,,
ESTAT:UNE_RT_A$DEFAULTVIEW(1.0),11/06/26 23:00:00,Annual,From 15 to 74 years,Percentage of total population,Total,Bulgaria,2016,5.1,,
ESTAT:UNE_RT_A$DEFAULTVIEW(1.0),11/06/26 23:00:00,Annual,From 15 to 74 years,Percentage of total population,Total,Bulgaria,2017,4.4,,
ESTAT:UNE_RT_A$DEFAULTVIEW(1.0),11/06/26 23:00:00,Annual,From 15 to 74 years,Percentage of total population,Total,Bulgaria,2018,3.8,,
ESTAT:UNE_RT_A$DEFAULTVIEW(1.0),11/06/26 23:00:00,Annual,From 15 to 74 years,Percentage of total population,Total,Bulgaria,2019,3.3,b,
ESTAT:UNE_RT_A$DEFAULTVIEW(1.0),11/06/26 23:00:00,Annual,From 15 to 74 years,Percentage of total population,Total,Bulgaria,2020,3.7,,
ESTAT:UNE_RT_A$DEFAULTVIEW(1.0),11/06/26 23:00:00,Annual,From 15 to 74 years,Percentage of total population,Total,Bulgaria,2021,3.2,,
ESTAT:UNE_RT_A$DEFAULTVIEW(1.0),11/06/26 23:00:00,Annual,From 15 to 74 years,Percentage of total population,Total,Bulgaria,2022,2.6,,
ESTAT:UNE_RT_A$DEFAULTVIEW(1.0),11/06/26 23:00:00,Annual,From 15 to 74 years,Percentage of total population,Total,Bulgaria,2023,2.7,,
ESTAT:UNE_RT_A$DEFAULTVIEW(1.0),11/06/26 23:00:00,Annual,From 15 to 74 years,Percentage of total population,Total,Bulgaria,2024,2.6,b,
ESTAT:UNE_RT_A$DEFAULTVIEW(1.0),11/06/26 23:00:00,Annual,From 15 to 74 years,Percentage of total population,Total,Bulgaria,2025,2.2,,
ESTAT:UNE_RT_A$DEFAULTVIEW(1.0),11/06/26 23:00:00,Annual,From 15 to 74 years,Percentage of total population,Total,Switzerland,2016,3.7,,
ESTAT:UNE_RT_A$DEFAULTVIEW(1.0),11/06/26 23:00:00,Annual,From 15 to 74 years,Percentage of total population,Total,Switzerland,2017,3.7,,
ESTAT:UNE_RT_A$DEFAULTVIEW(1.0),11/06/26 23:00:00,Annual,From 15 to 74 years,Percentage of total population,Total,Switzerland,2018,3.6,,
ESTAT:UNE_RT_A$DEFAULTVIEW(1.0),11/06/26 23:00:00,Annual,From 15 to 74 years,Percentage of total population,Total,Switzerland,2019,3.4,,
ESTAT:UNE_RT_A$DEFAULTVIEW(1.0),11/06/26 23:00:00,Annual,From 15 to 74 years,Percentage of total population,Total,Switzerland,2020,3.7,,
ESTAT:UNE_RT_A$DEFAULTVIEW(1.0),11/06/26 23:00:00,Annual,From 15 to 74 years,Percentage of total population,Total,Switzerland,2021,3.8,,
ESTAT:UNE_RT_A$DEFAULTVIEW(1.0),11/06/26 23:00:00,Annual,From 15 to 74 years,Percentage of total population,Total,Switzerland,2022,3.1,,
ESTAT:UNE_RT_A$DEFAULTVIEW(1.0),11/06/26 23:00:00,Annual,From 15 to 74 years,Percentage of total population,Total,Switzerland,2023,3.1,,
ESTAT:UNE_RT_A$DEFAULTVIEW(1.0),11/06/26 23:00:00,Annual,From 15 to 74 years,Percentage of total population,Total,Switzerland,2024,3.3,,
ESTAT:UNE_RT_A$DEFAULTVIEW(1.0),11/06/26 23:00:00,Annual,From 15 to 74 years,Percentage of total population,Total,Switzerland,2025,3.7,,
ESTAT:UNE_RT_A$DEFAULTVIEW(1.0),11/06/26 23:00:00,Annual,From 15 to 74 years,Percentage of total population,Total,Cyprus,2016,8.6,,
ESTAT:UNE_RT_A$DEFAULTVIEW(1.0),11/06/26 23:00:00,Annual,From 15 to 74 years,Percentage of total population,Total,Cyprus,2017,7.4,,
ESTAT:UNE_RT_A$DEFAULTVIEW(1.0),11/06/26 23:00:00,Annual,From 15 to 74 years,Percentage of total population,Total,Cyprus,2018,5.7,,
ESTAT:UNE_RT_A$DEFAULTVIEW(1.0),11/06/26 23:00:00,Annual,From 15 to 74 years,Percentage of total population,Total,Cyprus,2019,4.9,,
ESTAT:UNE_RT_A$DEFAULTVIEW(1.0),11/06/26 23:00:00,Annual,From 15 to 74 years,Percentage of total population,Total,Cyprus,2020,5.2,,
ESTAT:UNE_RT_A$DEFAULTVIEW(1.0),11/06/26 23:00:00,Annual,From 15 to 74 years,Percentage of total population,Total,Cyprus,2021,5.0,,
ESTAT:UNE_RT_A$DEFAULTVIEW(1.0),11/06/26 23:00:00,Annual,From 15 to 74 years,Percentage of total population,Total,Cyprus,2022,4.5,,
ESTAT:UNE_RT_A$DEFAULTVIEW(1.0),11/06/26 23:00:00,Annual,From 15 to 74 years,Percentage of total population,Total,Cyprus,2023,4.1,,
ESTAT:UNE_RT_A$DEFAULTVIEW(1.0),11/06/26 23:00:00,Annual,From 15 to 74 years,Percentage of total population,Total,Cyprus,2024,3.4,,
ESTAT:UNE_RT_A$DEFAULTVIEW(1.0),11/06/26 23:00:00,Annual,From 15 to 74 years,Percentage of total population,Total,Cyprus,2025,3.1,,
ESTAT:UNE_RT_A$DEFAULTVIEW(1.0),11/06/26 23:00:00,Annual,From 15 to 74 years,Percentage of total population,Total,Czechia,2016,2.6,,
ESTAT:UNE_RT_A$DEFAULTVIEW(1.0),11/06/26 23:00:00,Annual,From 15 to 74 years,Percentage of total population,Total,Czechia,2017,1.9,,
ESTAT:UNE_RT_A$DEFAULTVIEW(1.0),11/06/26 23:00:00,Annual,From 15 to 74 years,Percentage of total population,Total,Czechia,2018,1.5,,
ESTAT:UNE_RT_A$DEFAULTVIEW(1.0),11/06/26 23:00:00,Annual,From 15 to 74 years,Percentage of total population,Total,Czechia,2019,1.3,,
ESTAT:UNE_RT_A$DEFAULTVIEW(1.0),11/06/26 23:00:00,Annual,From 15 to 74 years,Percentage of total population,Total,Czechia,2020,1.7,,
ESTAT:UNE_RT_A$DEFAULTVIEW(1.0),11/06/26 23:00:00,Annual,From 15 to 74 years,Percentage of total population,Total,Czechia,2021,1.9,,
ESTAT:UNE_RT_A$DEFAULTVIEW(1.0),11/06/26 23:00:00,Annual,From 15 to 74 years,Percentage of total population,Total,Czechia,2022,1.5,,
ESTAT:UNE_RT_A$DEFAULTVIEW(1.0),11/06/26 23:00:00,Annual,From 15 to 74 years,Percentage of total population,Total,Czechia,2023,1.7,,
ESTAT:UNE_RT_A$DEFAULTVIEW(1.0),11/06/26 23:00:00,Annual,From 15 to 74 years,Percentage of total population,Total,Czechia,2024,1.8,,
ESTAT:UNE_RT_A$DEFAULTVIEW(1.0),11/06/26 23:00:00,Annual,From 15 to 74 years,Percentage of total population,Total,Czechia,2025,1.9,,
ESTAT:UNE_RT_A$DEFAULTVIEW(1.0),11/06/26 23:00:00,Annual,From 15 to 74 years,Percentage of total population,Total,Germany,2016,2.6,,
ESTAT:UNE_RT_A$DEFAULTVIEW(1.0),11/06/26 23:00:00,Annual,From 15 to 74 years,Percentage of total population,Total,Germany,2017,2.4,,
ESTAT:UNE_RT_A$DEFAULTVIEW(1.0),11/06/26 23:00:00,Annual,From 15 to 74 years,Percentage of total population,Total,Germany,2018,2.2,,
ESTAT:UNE_RT_A$DEFAULTVIEW(1.0),11/06/26 23:00:00,Annual,From 15 to 74 years,Percentage of total population,Total,Germany,2019,2.0,,
ESTAT:UNE_RT_A$DEFAULTVIEW(1.0),11/06/26 23:00:00,Annual,From 15 to 74 years,Percentage of total population,Total,Germany,2020,2.5,b,
ESTAT:UNE_RT_A$DEFAULTVIEW(1.0),11/06/26 23:00:00,Annual,From 15 to 74 years,Percentage of total population,Total,Germany,2021,2.5,,
ESTAT:UNE_RT_A$DEFAULTVIEW(1.0),11/06/26 23:00:00,Annual,From 15 to 74 years,Percentage of total population,Total,Germany,2022,2.2,,
ESTAT:UNE_RT_A$DEFAULTVIEW(1.0),11/06/26 23:00:00,Annual,From 15 to 74 years,Percentage of total population,Total,Germany,2023,2.2,,
ESTAT:UNE_RT_A$DEFAULTVIEW(1.0),11/06/26 23:00:00,Annual,From 15 to 74 years,Percentage of total population,Total,Germany,2024,2.4,,
ESTAT:UNE_RT_A$DEFAULTVIEW(1.0),11/06/26 23:00:00,Annual,From 15 to 74 years,Percentage of total population,Total,Germany,2025,2.7,,
ESTAT:UNE_RT_A$DEFAULTVIEW(1.0),11/06/26 23:00:00,Annual,From 15 to 74 years,Percentage of total population,Total,Denmark,2016,4.1,b,
ESTAT:UNE_RT_A$DEFAULTVIEW(1.0),11/06/26 23:00:00,Annual,From 15 to 74 years,Percentage of total population,Total,Denmark,2017,4.0,b,
ESTAT:UNE_RT_A$DEFAULTVIEW(1.0),11/06/26 23:00:00,Annual,From 15 to 74 years,Percentage of total population,Total,Denmark,2018,3.5,,
ESTAT:UNE_RT_A$DEFAULTVIEW(1.0),11/06/26 23:00:00,Annual,From 15 to 74 years,Percentage of total population,Total,Denmark,2019,3.5,,
ESTAT:UNE_RT_A$DEFAULTVIEW(1.0),11/06/26 23:00:00,Annual,From 15 to 74 years,Percentage of total population,Total,Denmark,2020,3.9,,
ESTAT:UNE_RT_A$DEFAULTVIEW(1.0),11/06/26 23:00:00,Annual,From 15 to 74 years,Percentage of total population,Total,Denmark,2021,3.6,,
ESTAT:UNE_RT_A$DEFAULTVIEW(1.0),11/06/26 23:00:00,Annual,From 15 to 74 years,Percentage of total population,Total,Denmark,2022,3.2,,
ESTAT:UNE_RT_A$DEFAULTVIEW(1.0),11/06/26 23:00:00,Annual,From 15 to 74 years,Percentage of total population,Total,Denmark,2023,3.7,b,
ESTAT:UNE_RT_A$DEFAULTVIEW(1.0),11/06/26 23:00:00,Annual,From 15 to 74 years,Percentage of total population,Total,Denmark,2024,4.6,,
ESTAT:UNE_RT_A$DEFAULTVIEW(1.0),11/06/26 23:00:00,Annual,From 15 to 74 years,Percentage of total population,Total,Denmark,2025,4.7,,
ESTAT:UNE_RT_A$DEFAULTVIEW(1.0),11/06/26 23:00:00,Annual,From 15 to 74 years,Percentage of total population,Total,Euro area – 20 countries (2023-2025),2016,6.5,,
ESTAT:UNE_RT_A$DEFAULTVIEW(1.0),11/06/26 23:00:00,Annual,From 15 to 74 years,Percentage of total population,Total,Euro area – 20 countries (2023-2025),2017,5.9,,
ESTAT:UNE_RT_A$DEFAULTVIEW(1.0),11/06/26 23:00:00,Annual,From 15 to 74 years,Percentage of total population,Total,Euro area – 20 countries (2023-2025),2018,5.3,,
ESTAT:UNE_RT_A$DEFAULTVIEW(1.0),11/06/26 23:00:00,Annual,From 15 to 74 years,Percentage of total population,Total,Euro area – 20 countries (2023-2025),2019,4.9,,
ESTAT:UNE_RT_A$DEFAULTVIEW(1.0),11/06/26 23:00:00,Annual,From 15 to 74 years,Percentage of total population,Total,Euro area – 20 countries (2023-2025),2020,5.0,,
ESTAT:UNE_RT_A$DEFAULTVIEW(1.0),11/06/26 23:00:00,Annual,From 15 to 74 years,Percentage of total population,Total,Euro area – 20 countries (2023-2025),2021,5.0,,
ESTAT:UNE_RT_A$DEFAULTVIEW(1.0),11/06/26 23:00:00,Annual,From 15 to 74 years,Percentage of total population,Total,Euro area – 20 countries (2023-2025),2022,4.4,,
ESTAT:UNE_RT_A$DEFAULTVIEW(1.0),11/06/26 23:00:00,Annual,From 15 to 74 years,Percentage of total population,Total,Euro area – 20 countries (2023-2025),2023,4.3,,
ESTAT:UNE_RT_A$DEFAULTVIEW(1.0),11/06/26 23:00:00,Annual,From 15 to 74 years,Percentage of total population,Total,Euro area – 20 countries (2023-2025),2024,4.2,,
ESTAT:UNE_RT_A$DEFAULTVIEW(1.0),11/06/26 23:00:00,Annual,From 15 to 74 years,Percentage of total population,Total,Euro area – 20 countries (2023-2025),2025,4.2,,
ESTAT:UNE_RT_A$DEFAULTVIEW(1.0),11/06/26 23:00:00,Annual,From 15 to 74 years,Percentage of total population,Total,Euro area – 21 countries (from 2026),2016,6.4,,
ESTAT:UNE_RT_A$DEFAULTVIEW(1.0),11/06/26 23:00:00,Annual,From 15 to 74 years,Percentage of total population,Total,Euro area – 21 countries (from 2026),2017,5.8,,
ESTAT:UNE_RT_A$DEFAULTVIEW(1.0),11/06/26 23:00:00,Annual,From 15 to 74 years,Percentage of total population,Total,Euro area – 21 countries (from 2026),2018,5.3,,
ESTAT:UNE_RT_A$DEFAULTVIEW(1.0),11/06/26 23:00:00,Annual,From 15 to 74 years,Percentage of total population,Total,Euro area – 21 countries (from 2026),2019,4.9,,
ESTAT:UNE_RT_A$DEFAULTVIEW(1.0),11/06/26 23:00:00,Annual,From 15 to 74 years,Percentage of total population,Total,Euro area – 21 countries (from 2026),2020,5.0,,
ESTAT:UNE_RT_A$DEFAULTVIEW(1.0),11/06/26 23:00:00,Annual,From 15 to 74 years,Percentage of total population,Total,Euro area – 21 countries (from 2026),2021,5.0,,
ESTAT:UNE_RT_A$DEFAULTVIEW(1.0),11/06/26 23:00:00,Annual,From 15 to 74 years,Percentage of total population,Total,Euro area – 21 countries (from 2026),2022,4.4,,
ESTAT:UNE_RT_A$DEFAULTVIEW(1.0),11/06/26 23:00:00,Annual,From 15 to 74 years,Percentage of total population,Total,Euro area – 21 countries (from 2026),2023,4.3,,
ESTAT:UNE_RT_A$DEFAULTVIEW(1.0),11/06/26 23:00:00,Annual,From 15 to 74 years,Percentage of total population,Total,Euro area – 21 countries (from 2026),2024,4.2,,
ESTAT:UNE_RT_A$DEFAULTVIEW(1.0),11/06/26 23:00:00,Annual,From 15 to 74 years,Percentage of total population,Total,Euro area – 21 countries (from 2026),2025,4.2,,
ESTAT:UNE_RT_A$DEFAULTVIEW(1.0),11/06/26 23:00:00,Annual,From 15 to 74 years,Percentage of total population,Total,Estonia,2016,4.9,,
ESTAT:UNE_RT_A$DEFAULTVIEW(1.0),11/06/26 23:00:00,Annual,From 15 to 74 years,Percentage of total population,Total,Estonia,2017,4.2,,
ESTAT:UNE_RT_A$DEFAULTVIEW(1.0),11/06/26 23:00:00,Annual,From 15 to 74 years,Percentage of total population,Total,Estonia,2018,3.9,,
ESTAT:UNE_RT_A$DEFAULTVIEW(1.0),11/06/26 23:00:00,Annual,From 15 to 74 years,Percentage of total population,Total,Estonia,2019,3.2,,
ESTAT:UNE_RT_A$DEFAULTVIEW(1.0),11/06/26 23:00:00,Annual,From 15 to 74 years,Percentage of total population,Total,Estonia,2020,5.0,,
ESTAT:UNE_RT_A$DEFAULTVIEW(1.0),11/06/26 23:00:00,Annual,From 15 to 74 years,Percentage of total population,Total,Estonia,2021,4.4,,
ESTAT:UNE_RT_A$DEFAULTVIEW(1.0),11/06/26 23:00:00,Annual,From 15 to 74 years,Percentage of total population,Total,Estonia,2022,4.1,,
ESTAT:UNE_RT_A$DEFAULTVIEW(1.0),11/06/26 23:00:00,Annual,From 15 to 74 years,Percentage of total population,Total,Estonia,2023,4.7,,
ESTAT:UNE_RT_A$DEFAULTVIEW(1.0),11/06/26 23:00:00,Annual,From 15 to 74 years,Percentage of total population,Total,Estonia,2024,5.6,,
ESTAT:UNE_RT_A$DEFAULTVIEW(1.0),11/06/26 23:00:00,Annual,From 15 to 74 years,Percentage of total population,Total,Estonia,2025,5.6,,
ESTAT:UNE_RT_A$DEFAULTVIEW(1.0),11/06/26 23:00:00,Annual,From 15 to 74 years,Percentage of total population,Total,Greece,2016,14.2,,
ESTAT:UNE_RT_A$DEFAULTVIEW(1.0),11/06/26 23:00:00,Annual,From 15 to 74 years,Percentage of total population,Total,Greece,2017,13.0,,
ESTAT:UNE_RT_A$DEFAULTVIEW(1.0),11/06/26 23:00:00,Annual,From 15 to 74 years,Percentage of total population,Total,Greece,2018,11.7,,
ESTAT:UNE_RT_A$DEFAULTVIEW(1.0),11/06/26 23:00:00,Annual,From 15 to 74 years,Percentage of total population,Total,Greece,2019,10.7,,
ESTAT:UNE_RT_A$DEFAULTVIEW(1.0),11/06/26 23:00:00,Annual,From 15 to 74 years,Percentage of total population,Total,Greece,2020,10.0,,
ESTAT:UNE_RT_A$DEFAULTVIEW(1.0),11/06/26 23:00:00,Annual,From 15 to 74 years,Percentage of total population,Total,Greece,2021,8.6,,
ESTAT:UNE_RT_A$DEFAULTVIEW(1.0),11/06/26 23:00:00,Annual,From 15 to 74 years,Percentage of total population,Total,Greece,2022,7.5,,
ESTAT:UNE_RT_A$DEFAULTVIEW(1.0),11/06/26 23:00:00,Annual,From 15 to 74 years,Percentage of total population,Total,Greece,2023,6.7,,
ESTAT:UNE_RT_A$DEFAULTVIEW(1.0),11/06/26 23:00:00,Annual,From 15 to 74 years,Percentage of total population,Total,Greece,2024,6.2,,
ESTAT:UNE_RT_A$DEFAULTVIEW(1.0),11/06/26 23:00:00,Annual,From 15 to 74 years,Percentage of total population,Total,Greece,2025,5.4,,
ESTAT:UNE_RT_A$DEFAULTVIEW(1.0),11/06/26 23:00:00,Annual,From 15 to 74 years,Percentage of total population,Total,Spain,2016,12.8,,
ESTAT:UNE_RT_A$DEFAULTVIEW(1.0),11/06/26 23:00:00,Annual,From 15 to 74 years,Percentage of total population,Total,Spain,2017,11.2,,
ESTAT:UNE_RT_A$DEFAULTVIEW(1.0),11/06/26 23:00:00,Annual,From 15 to 74 years,Percentage of total population,Total,Spain,2018,9.9,,
ESTAT:UNE_RT_A$DEFAULTVIEW(1.0),11/06/26 23:00:00,Annual,From 15 to 74 years,Percentage of total population,Total,Spain,2019,9.1,,
ESTAT:UNE_RT_A$DEFAULTVIEW(1.0),11/06/26 23:00:00,Annual,From 15 to 74 years,Percentage of total population,Total,Spain,2020,9.9,,
ESTAT:UNE_RT_A$DEFAULTVIEW(1.0),11/06/26 23:00:00,Annual,From 15 to 74 years,Percentage of total population,Total,Spain,2021,9.6,d,
ESTAT:UNE_RT_A$DEFAULTVIEW(1.0),11/06/26 23:00:00,Annual,From 15 to 74 years,Percentage of total population,Total,Spain,2022,8.5,d,
ESTAT:UNE_RT_A$DEFAULTVIEW(1.0),11/06/26 23:00:00,Annual,From 15 to 74 years,Percentage of total population,Total,Spain,2023,8.0,d,
ESTAT:UNE_RT_A$DEFAULTVIEW(1.0),11/06/26 23:00:00,Annual,From 15 to 74 years,Percentage of total population,Total,Spain,2024,7.4,d,
ESTAT:UNE_RT_A$DEFAULTVIEW(1.0),11/06/26 23:00:00,Annual,From 15 to 74 years,Percentage of total population,Total,Spain,2025,6.9,d,
ESTAT:UNE_RT_A$DEFAULTVIEW(1.0),11/06/26 23:00:00,Annual,From 15 to 74 years,Percentage of total population,Total,European Union - 27 countries (from 2020),2016,5.9,,
ESTAT:UNE_RT_A$DEFAULTVIEW(1.0),11/06/26 23:00:00,Annual,From 15 to 74 years,Percentage of total population,Total,European Union - 27 countries (from 2020),2017,5.3,,
ESTAT:UNE_RT_A$DEFAULTVIEW(1.0),11/06/26 23:00:00,Annual,From 15 to 74 years,Percentage of total population,Total,European Union - 27 countries (from 2020),2018,4.7,,
ESTAT:UNE_RT_A$DEFAULTVIEW(1.0),11/06/26 23:00:00,Annual,From 15 to 74 years,Percentage of total population,Total,European Union - 27 countries (from 2020),2019,4.4,,
ESTAT:UNE_RT_A$DEFAULTVIEW(1.0),11/06/26 23:00:00,Annual,From 15 to 74 years,Percentage of total population,Total,European Union - 27 countries (from 2020),2020,4.6,,
ESTAT:UNE_RT_A$DEFAULTVIEW(1.0),11/06/26 23:00:00,Annual,From 15 to 74 years,Percentage of total population,Total,European Union - 27 countries (from 2020),2021,4.5,,
ESTAT:UNE_RT_A$DEFAULTVIEW(1.0),11/06/26 23:00:00,Annual,From 15 to 74 years,Percentage of total population,Total,European Union - 27 countries (from 2020),2022,4.0,,
ESTAT:UNE_RT_A$DEFAULTVIEW(1.0),11/06/26 23:00:00,Annual,From 15 to 74 years,Percentage of total population,Total,European Union - 27 countries (from 2020),2023,4.0,,
ESTAT:UNE_RT_A$DEFAULTVIEW(1.0),11/06/26 23:00:00,Annual,From 15 to 74 years,Percentage of total population,Total,European Union - 27 countries (from 2020),2024,3.9,,
ESTAT:UNE_RT_A$DEFAULTVIEW(1.0),11/06/26 23:00:00,Annual,From 15 to 74 years,Percentage of total population,Total,European Union - 27 countries (from 2020),2025,4.0,,
ESTAT:UNE_RT_A$DEFAULTVIEW(1.0),11/06/26 23:00:00,Annual,From 15 to 74 years,Percentage of total population,Total,Finland,2016,5.8,,
ESTAT:UNE_RT_A$DEFAULTVIEW(1.0),11/06/26 23:00:00,Annual,From 15 to 74 years,Percentage of total population,Total,Finland,2017,5.7,,
ESTAT:UNE_RT_A$DEFAULTVIEW(1.0),11/06/26 23:00:00,Annual,From 15 to 74 years,Percentage of total population,Total,Finland,2018,4.9,,
ESTAT:UNE_RT_A$DEFAULTVIEW(1.0),11/06/26 23:00:00,Annual,From 15 to 74 years,Percentage of total population,Total,Finland,2019,4.5,,
ESTAT:UNE_RT_A$DEFAULTVIEW(1.0),11/06/26 23:00:00,Annual,From 15 to 74 years,Percentage of total population,Total,Finland,2020,5.1,,
ESTAT:UNE_RT_A$DEFAULTVIEW(1.0),11/06/26 23:00:00,Annual,From 15 to 74 years,Percentage of total population,Total,Finland,2021,5.2,,
ESTAT:UNE_RT_A$DEFAULTVIEW(1.0),11/06/26 23:00:00,Annual,From 15 to 74 years,Percentage of total population,Total,Finland,2022,4.6,,
ESTAT:UNE_RT_A$DEFAULTVIEW(1.0),11/06/26 23:00:00,Annual,From 15 to 74 years,Percentage of total population,Total,Finland,2023,5.0,,
ESTAT:UNE_RT_A$DEFAULTVIEW(1.0),11/06/26 23:00:00,Annual,From 15 to 74 years,Percentage of total population,Total,Finland,2024,5.8,,
ESTAT:UNE_RT_A$DEFAULTVIEW(1.0),11/06/26 23:00:00,Annual,From 15 to 74 years,Percentage of total population,Total,Finland,2025,6.7,,
ESTAT:UNE_RT_A$DEFAULTVIEW(1.0),11/06/26 23:00:00,Annual,From 15 to 74 years,Percentage of total population,Total,France,2016,6.3,,
ESTAT:UNE_RT_A$DEFAULTVIEW(1.0),11/06/26 23:00:00,Annual,From 15 to 74 years,Percentage of total population,Total,France,2017,5.9,,
ESTAT:UNE_RT_A$DEFAULTVIEW(1.0),11/06/26 23:00:00,Annual,From 15 to 74 years,Percentage of total population,Total,France,2018,5.7,,
ESTAT:UNE_RT_A$DEFAULTVIEW(1.0),11/06/26 23:00:00,Annual,From 15 to 74 years,Percentage of total population,Total,France,2019,5.3,,
ESTAT:UNE_RT_A$DEFAULTVIEW(1.0),11/06/26 23:00:00,Annual,From 15 to 74 years,Percentage of total population,Total,France,2020,5.0,,
ESTAT:UNE_RT_A$DEFAULTVIEW(1.0),11/06/26 23:00:00,Annual,From 15 to 74 years,Percentage of total population,Total,France,2021,4.9,d,
ESTAT:UNE_RT_A$DEFAULTVIEW(1.0),11/06/26 23:00:00,Annual,From 15 to 74 years,Percentage of total population,Total,France,2022,4.6,d,
ESTAT:UNE_RT_A$DEFAULTVIEW(1.0),11/06/26 23:00:00,Annual,From 15 to 74 years,Percentage of total population,Total,France,2023,4.7,d,
ESTAT:UNE_RT_A$DEFAULTVIEW(1.0),11/06/26 23:00:00,Annual,From 15 to 74 years,Percentage of total population,Total,France,2024,4.8,bd,
ESTAT:UNE_RT_A$DEFAULTVIEW(1.0),11/06/26 23:00:00,Annual,From 15 to 74 years,Percentage of total population,Total,France,2025,5.0,d,
ESTAT:UNE_RT_A$DEFAULTVIEW(1.0),11/06/26 23:00:00,Annual,From 15 to 74 years,Percentage of total population,Total,Croatia,2016,7.4,,
ESTAT:UNE_RT_A$DEFAULTVIEW(1.0),11/06/26 23:00:00,Annual,From 15 to 74 years,Percentage of total population,Total,Croatia,2017,6.4,,
ESTAT:UNE_RT_A$DEFAULTVIEW(1.0),11/06/26 23:00:00,Annual,From 15 to 74 years,Percentage of total population,Total,Croatia,2018,4.7,,
ESTAT:UNE_RT_A$DEFAULTVIEW(1.0),11/06/26 23:00:00,Annual,From 15 to 74 years,Percentage of total population,Total,Croatia,2019,3.7,,
ESTAT:UNE_RT_A$DEFAULTVIEW(1.0),11/06/26 23:00:00,Annual,From 15 to 74 years,Percentage of total population,Total,Croatia,2020,4.2,,
ESTAT:UNE_RT_A$DEFAULTVIEW(1.0),11/06/26 23:00:00,Annual,From 15 to 74 years,Percentage of total population,Total,Croatia,2021,4.4,,
ESTAT:UNE_RT_A$DEFAULTVIEW(1.0),11/06/26 23:00:00,Annual,From 15 to 74 years,Percentage of total population,Total,Croatia,2022,4.0,,
ESTAT:UNE_RT_A$DEFAULTVIEW(1.0),11/06/26 23:00:00,Annual,From 15 to 74 years,Percentage of total population,Total,Croatia,2023,3.6,,
ESTAT:UNE_RT_A$DEFAULTVIEW(1.0),11/06/26 23:00:00,Annual,From 15 to 74 years,Percentage of total population,Total,Croatia,2024,3.0,,
ESTAT:UNE_RT_A$DEFAULTVIEW(1.0),11/06/26 23:00:00,Annual,From 15 to 74 years,Percentage of total population,Total,Croatia,2025,2.9,,
ESTAT:UNE_RT_A$DEFAULTVIEW(1.0),11/06/26 23:00:00,Annual,From 15 to 74 years,Percentage of total population,Total,Hungary,2016,3.1,,
ESTAT:UNE_RT_A$DEFAULTVIEW(1.0),11/06/26 23:00:00,Annual,From 15 to 74 years,Percentage of total population,Total,Hungary,2017,2.6,,
ESTAT:UNE_RT_A$DEFAULTVIEW(1.0),11/06/26 23:00:00,Annual,From 15 to 74 years,Percentage of total population,Total,Hungary,2018,2.3,b,
ESTAT:UNE_RT_A$DEFAULTVIEW(1.0),11/06/26 23:00:00,Annual,From 15 to 74 years,Percentage of total population,Total,Hungary,2019,2.1,,
ESTAT:UNE_RT_A$DEFAULTVIEW(1.0),11/06/26 23:00:00,Annual,From 15 to 74 years,Percentage of total population,Total,Hungary,2020,2.7,,
ESTAT:UNE_RT_A$DEFAULTVIEW(1.0),11/06/26 23:00:00,Annual,From 15 to 74 years,Percentage of total population,Total,Hungary,2021,2.6,,
ESTAT:UNE_RT_A$DEFAULTVIEW(1.0),11/06/26 23:00:00,Annual,From 15 to 74 years,Percentage of total population,Total,Hungary,2022,2.4,,
ESTAT:UNE_RT_A$DEFAULTVIEW(1.0),11/06/26 23:00:00,Annual,From 15 to 74 years,Percentage of total population,Total,Hungary,2023,2.8,,
ESTAT:UNE_RT_A$DEFAULTVIEW(1.0),11/06/26 23:00:00,Annual,From 15 to 74 years,Percentage of total population,Total,Hungary,2024,3.1,,
ESTAT:UNE_RT_A$DEFAULTVIEW(1.0),11/06/26 23:00:00,Annual,From 15 to 74 years,Percentage of total population,Total,Hungary,2025,3.0,,
ESTAT:UNE_RT_A$DEFAULTVIEW(1.0),11/06/26 23:00:00,Annual,From 15 to 74 years,Percentage of total population,Total,Ireland,2016,5.6,,
ESTAT:UNE_RT_A$DEFAULTVIEW(1.0),11/06/26 23:00:00,Annual,From 15 to 74 years,Percentage of total population,Total,Ireland,2017,4.5,,
ESTAT:UNE_RT_A$DEFAULTVIEW(1.0),11/06/26 23:00:00,Annual,From 15 to 74 years,Percentage of total population,Total,Ireland,2018,3.9,,
ESTAT:UNE_RT_A$DEFAULTVIEW(1.0),11/06/26 23:00:00,Annual,From 15 to 74 years,Percentage of total population,Total,Ireland,2019,3.3,,
ESTAT:UNE_RT_A$DEFAULTVIEW(1.0),11/06/26 23:00:00,Annual,From 15 to 74 years,Percentage of total population,Total,Ireland,2020,3.8,,
ESTAT:UNE_RT_A$DEFAULTVIEW(1.0),11/06/26 23:00:00,Annual,From 15 to 74 years,Percentage of total population,Total,Ireland,2021,4.3,b,
ESTAT:UNE_RT_A$DEFAULTVIEW(1.0),11/06/26 23:00:00,Annual,From 15 to 74 years,Percentage of total population,Total,Ireland,2022,3.1,,
ESTAT:UNE_RT_A$DEFAULTVIEW(1.0),11/06/26 23:00:00,Annual,From 15 to 74 years,Percentage of total population,Total,Ireland,2023,3.1,,
ESTAT:UNE_RT_A$DEFAULTVIEW(1.0),11/06/26 23:00:00,Annual,From 15 to 74 years,Percentage of total population,Total,Ireland,2024,3.1,,
ESTAT:UNE_RT_A$DEFAULTVIEW(1.0),11/06/26 23:00:00,Annual,From 15 to 74 years,Percentage of total population,Total,Ireland,2025,3.4,,
ESTAT:UNE_RT_A$DEFAULTVIEW(1.0),11/06/26 23:00:00,Annual,From 15 to 74 years,Percentage of total population,Total,Iceland,2016,2.5,,
ESTAT:UNE_RT_A$DEFAULTVIEW(1.0),11/06/26 23:00:00,Annual,From 15 to 74 years,Percentage of total population,Total,Iceland,2017,2.3,,
ESTAT:UNE_RT_A$DEFAULTVIEW(1.0),11/06/26 23:00:00,Annual,From 15 to 74 years,Percentage of total population,Total,Iceland,2018,2.2,,
ESTAT:UNE_RT_A$DEFAULTVIEW(1.0),11/06/26 23:00:00,Annual,From 15 to 74 years,Percentage of total population,Total,Iceland,2019,2.8,,
ESTAT:UNE_RT_A$DEFAULTVIEW(1.0),11/06/26 23:00:00,Annual,From 15 to 74 years,Percentage of total population,Total,Iceland,2020,4.3,b,
ESTAT:UNE_RT_A$DEFAULTVIEW(1.0),11/06/26 23:00:00,Annual,From 15 to 74 years,Percentage of total population,Total,Iceland,2021,4.8,,
ESTAT:UNE_RT_A$DEFAULTVIEW(1.0),11/06/26 23:00:00,Annual,From 15 to 74 years,Percentage of total population,Total,Iceland,2022,3.0,,
ESTAT:UNE_RT_A$DEFAULTVIEW(1.0),11/06/26 23:00:00,Annual,From 15 to 74 years,Percentage of total population,Total,Iceland,2023,2.8,,
ESTAT:UNE_RT_A$DEFAULTVIEW(1.0),11/06/26 23:00:00,Annual,From 15 to 74 years,Percentage of total population,Total,Iceland,2024,2.9,,
ESTAT:UNE_RT_A$DEFAULTVIEW(1.0),11/06/26 23:00:00,Annual,From 15 to 74 years,Percentage of total population,Total,Iceland,2025,3.6,,
ESTAT:UNE_RT_A$DEFAULTVIEW(1.0),11/06/26 23:00:00,Annual,From 15 to 74 years,Percentage of total population,Total,Italy,2016,6.6,,
ESTAT:UNE_RT_A$DEFAULTVIEW(1.0),11/06/26 23:00:00,Annual,From 15 to 74 years,Percentage of total population,Total,Italy,2017,6.4,,
ESTAT:UNE_RT_A$DEFAULTVIEW(1.0),11/06/26 23:00:00,Annual,From 15 to 74 years,Percentage of total population,Total,Italy,2018,6.1,b,
ESTAT:UNE_RT_A$DEFAULTVIEW(1.0),11/06/26 23:00:00,Annual,From 15 to 74 years,Percentage of total population,Total,Italy,2019,5.7,,
ESTAT:UNE_RT_A$DEFAULTVIEW(1.0),11/06/26 23:00:00,Annual,From 15 to 74 years,Percentage of total population,Total,Italy,2020,5.2,,
ESTAT:UNE_RT_A$DEFAULTVIEW(1.0),11/06/26 23:00:00,Annual,From 15 to 74 years,Percentage of total population,Total,Italy,2021,5.3,,
ESTAT:UNE_RT_A$DEFAULTVIEW(1.0),11/06/26 23:00:00,Annual,From 15 to 74 years,Percentage of total population,Total,Italy,2022,4.6,,
ESTAT:UNE_RT_A$DEFAULTVIEW(1.0),11/06/26 23:00:00,Annual,From 15 to 74 years,Percentage of total population,Total,Italy,2023,4.4,,
ESTAT:UNE_RT_A$DEFAULTVIEW(1.0),11/06/26 23:00:00,Annual,From 15 to 74 years,Percentage of total population,Total,Italy,2024,3.8,,
ESTAT:UNE_RT_A$DEFAULTVIEW(1.0),11/06/26 23:00:00,Annual,From 15 to 74 years,Percentage of total population,Total,Italy,2025,3.6,,
ESTAT:UNE_RT_A$DEFAULTVIEW(1.0),11/06/26 23:00:00,Annual,From 15 to 74 years,Percentage of total population,Total,Lithuania,2016,5.3,,
ESTAT:UNE_RT_A$DEFAULTVIEW(1.0),11/06/26 23:00:00,Annual,From 15 to 74 years,Percentage of total population,Total,Lithuania,2017,4.8,,
ESTAT:UNE_RT_A$DEFAULTVIEW(1.0),11/06/26 23:00:00,Annual,From 15 to 74 years,Percentage of total population,Total,Lithuania,2018,4.3,,
ESTAT:UNE_RT_A$DEFAULTVIEW(1.0),11/06/26 23:00:00,Annual,From 15 to 74 years,Percentage of total population,Total,Lithuania,2019,4.4,,
ESTAT:UNE_RT_A$DEFAULTVIEW(1.0),11/06/26 23:00:00,Annual,From 15 to 74 years,Percentage of total population,Total,Lithuania,2020,6.0,,
ESTAT:UNE_RT_A$DEFAULTVIEW(1.0),11/06/26 23:00:00,Annual,From 15 to 74 years,Percentage of total population,Total,Lithuania,2021,5.0,,
ESTAT:UNE_RT_A$DEFAULTVIEW(1.0),11/06/26 23:00:00,Annual,From 15 to 74 years,Percentage of total population,Total,Lithuania,2022,4.2,,
ESTAT:UNE_RT_A$DEFAULTVIEW(1.0),11/06/26 23:00:00,Annual,From 15 to 74 years,Percentage of total population,Total,Lithuania,2023,4.8,,
ESTAT:UNE_RT_A$DEFAULTVIEW(1.0),11/06/26 23:00:00,Annual,From 15 to 74 years,Percentage of total population,Total,Lithuania,2024,5.1,,
ESTAT:UNE_RT_A$DEFAULTVIEW(1.0),11/06/26 23:00:00,Annual,From 15 to 74 years,Percentage of total population,Total,Lithuania,2025,4.9,,
ESTAT:UNE_RT_A$DEFAULTVIEW(1.0),11/06/26 23:00:00,Annual,From 15 to 74 years,Percentage of total population,Total,Luxembourg,2016,4.0,,
ESTAT:UNE_RT_A$DEFAULTVIEW(1.0),11/06/26 23:00:00,Annual,From 15 to 74 years,Percentage of total population,Total,Luxembourg,2017,3.5,,
ESTAT:UNE_RT_A$DEFAULTVIEW(1.0),11/06/26 23:00:00,Annual,From 15 to 74 years,Percentage of total population,Total,Luxembourg,2018,3.6,,
ESTAT:UNE_RT_A$DEFAULTVIEW(1.0),11/06/26 23:00:00,Annual,From 15 to 74 years,Percentage of total population,Total,Luxembourg,2019,3.7,,
ESTAT:UNE_RT_A$DEFAULTVIEW(1.0),11/06/26 23:00:00,Annual,From 15 to 74 years,Percentage of total population,Total,Luxembourg,2020,4.4,,
ESTAT:UNE_RT_A$DEFAULTVIEW(1.0),11/06/26 23:00:00,Annual,From 15 to 74 years,Percentage of total population,Total,Luxembourg,2021,3.5,,
ESTAT:UNE_RT_A$DEFAULTVIEW(1.0),11/06/26 23:00:00,Annual,From 15 to 74 years,Percentage of total population,Total,Luxembourg,2022,3.1,,
ESTAT:UNE_RT_A$DEFAULTVIEW(1.0),11/06/26 23:00:00,Annual,From 15 to 74 years,Percentage of total population,Total,Luxembourg,2023,3.5,,
ESTAT:UNE_RT_A$DEFAULTVIEW(1.0),11/06/26 23:00:00,Annual,From 15 to 74 years,Percentage of total population,Total,Luxembourg,2024,4.3,,
ESTAT:UNE_RT_A$DEFAULTVIEW(1.0),11/06/26 23:00:00,Annual,From 15 to 74 years,Percentage of total population,Total,Luxembourg,2025,4.4,,
ESTAT:UNE_RT_A$DEFAULTVIEW(1.0),11/06/26 23:00:00,Annual,From 15 to 74 years,Percentage of total population,Total,Latvia,2016,6.6,,
ESTAT:UNE_RT_A$DEFAULTVIEW(1.0),11/06/26 23:00:00,Annual,From 15 to 74 years,Percentage of total population,Total,Latvia,2017,6.0,,
ESTAT:UNE_RT_A$DEFAULTVIEW(1.0),11/06/26 23:00:00,Annual,From 15 to 74 years,Percentage of total population,Total,Latvia,2018,5.2,,
ESTAT:UNE_RT_A$DEFAULTVIEW(1.0),11/06/26 23:00:00,Annual,From 15 to 74 years,Percentage of total population,Total,Latvia,2019,4.4,,
ESTAT:UNE_RT_A$DEFAULTVIEW(1.0),11/06/26 23:00:00,Annual,From 15 to 74 years,Percentage of total population,Total,Latvia,2020,5.7,,
ESTAT:UNE_RT_A$DEFAULTVIEW(1.0),11/06/26 23:00:00,Annual,From 15 to 74 years,Percentage of total population,Total,Latvia,2021,5.1,,
ESTAT:UNE_RT_A$DEFAULTVIEW(1.0),11/06/26 23:00:00,Annual,From 15 to 74 years,Percentage of total population,Total,Latvia,2022,4.7,,
ESTAT:UNE_RT_A$DEFAULTVIEW(1.0),11/06/26 23:00:00,Annual,From 15 to 74 years,Percentage of total population,Total,Latvia,2023,4.5,,
ESTAT:UNE_RT_A$DEFAULTVIEW(1.0),11/06/26 23:00:00,Annual,From 15 to 74 years,Percentage of total population,Total,Latvia,2024,4.8,,
ESTAT:UNE_RT_A$DEFAULTVIEW(1.0),11/06/26 23:00:00,Annual,From 15 to 74 years,Percentage of total population,Total,Latvia,2025,4.8,,
ESTAT:UNE_RT_A$DEFAULTVIEW(1.0),11/06/26 23:00:00,Annual,From 15 to 74 years,Percentage of total population,Total,Montenegro,2016,10.3,,
ESTAT:UNE_RT_A$DEFAULTVIEW(1.0),11/06/26 23:00:00,Annual,From 15 to 74 years,Percentage of total population,Total,Montenegro,2017,9.4,,
ESTAT:UNE_RT_A$DEFAULTVIEW(1.0),11/06/26 23:00:00,Annual,From 15 to 74 years,Percentage of total population,Total,Montenegro,2018,9.1,,
ESTAT:UNE_RT_A$DEFAULTVIEW(1.0),11/06/26 23:00:00,Annual,From 15 to 74 years,Percentage of total population,Total,Montenegro,2019,9.3,,
ESTAT:UNE_RT_A$DEFAULTVIEW(1.0),11/06/26 23:00:00,Annual,From 15 to 74 years,Percentage of total population,Total,Montenegro,2020,10.2,,
ESTAT:UNE_RT_A$DEFAULTVIEW(1.0),11/06/26 23:00:00,Annual,From 15 to 74 years,Percentage of total population,Total,North Macedonia,2016,13.8,,
ESTAT:UNE_RT_A$DEFAULTVIEW(1.0),11/06/26 23:00:00,Annual,From 15 to 74 years,Percentage of total population,Total,North Macedonia,2017,13.1,,
ESTAT:UNE_RT_A$DEFAULTVIEW(1.0),11/06/26 23:00:00,Annual,From 15 to 74 years,Percentage of total population,Total,North Macedonia,2018,12.2,,
ESTAT:UNE_RT_A$DEFAULTVIEW(1.0),11/06/26 23:00:00,Annual,From 15 to 74 years,Percentage of total population,Total,North Macedonia,2019,10.2,,
ESTAT:UNE_RT_A$DEFAULTVIEW(1.0),11/06/26 23:00:00,Annual,From 15 to 74 years,Percentage of total population,Total,North Macedonia,2020,9.6,,
ESTAT:UNE_RT_A$DEFAULTVIEW(1.0),11/06/26 23:00:00,Annual,From 15 to 74 years,Percentage of total population,Total,North Macedonia,2021,9.0,b,
ESTAT:UNE_RT_A$DEFAULTVIEW(1.0),11/06/26 23:00:00,Annual,From 15 to 74 years,Percentage of total population,Total,North Macedonia,2022,8.3,,
ESTAT:UNE_RT_A$DEFAULTVIEW(1.0),11/06/26 23:00:00,Annual,From 15 to 74 years,Percentage of total population,Total,North Macedonia,2023,7.4,,
ESTAT:UNE_RT_A$DEFAULTVIEW(1.0),11/06/26 23:00:00,Annual,From 15 to 74 years,Percentage of total population,Total,North Macedonia,2024,7.0,,
ESTAT:UNE_RT_A$DEFAULTVIEW(1.0),11/06/26 23:00:00,Annual,From 15 to 74 years,Percentage of total population,Total,North Macedonia,2025,6.6,,
ESTAT:UNE_RT_A$DEFAULTVIEW(1.0),11/06/26 23:00:00,Annual,From 15 to 74 years,Percentage of total population,Total,Malta,2016,2.9,,
ESTAT:UNE_RT_A$DEFAULTVIEW(1.0),11/06/26 23:00:00,Annual,From 15 to 74 years,Percentage of total population,Total,Malta,2017,2.5,,
ESTAT:UNE_RT_A$DEFAULTVIEW(1.0),11/06/26 23:00:00,Annual,From 15 to 74 years,Percentage of total population,Total,Malta,2018,2.5,,
ESTAT:UNE_RT_A$DEFAULTVIEW(1.0),11/06/26 23:00:00,Annual,From 15 to 74 years,Percentage of total population,Total,Malta,2019,2.7,,
ESTAT:UNE_RT_A$DEFAULTVIEW(1.0),11/06/26 23:00:00,Annual,From 15 to 74 years,Percentage of total population,Total,Malta,2020,3.2,,
ESTAT:UNE_RT_A$DEFAULTVIEW(1.0),11/06/26 23:00:00,Annual,From 15 to 74 years,Percentage of total population,Total,Malta,2021,2.5,,
ESTAT:UNE_RT_A$DEFAULTVIEW(1.0),11/06/26 23:00:00,Annual,From 15 to 74 years,Percentage of total population,Total,Malta,2022,2.4,,
ESTAT:UNE_RT_A$DEFAULTVIEW(1.0),11/06/26 23:00:00,Annual,From 15 to 74 years,Percentage of total population,Total,Malta,2023,2.5,,
ESTAT:UNE_RT_A$DEFAULTVIEW(1.0),11/06/26 23:00:00,Annual,From 15 to 74 years,Percentage of total population,Total,Malta,2024,2.3,,
ESTAT:UNE_RT_A$DEFAULTVIEW(1.0),11/06/26 23:00:00,Annual,From 15 to 74 years,Percentage of total population,Total,Malta,2025,2.3,,
ESTAT:UNE_RT_A$DEFAULTVIEW(1.0),11/06/26 23:00:00,Annual,From 15 to 74 years,Percentage of total population,Total,Netherlands,2016,5.1,,
ESTAT:UNE_RT_A$DEFAULTVIEW(1.0),11/06/26 23:00:00,Annual,From 15 to 74 years,Percentage of total population,Total,Netherlands,2017,4.2,,
ESTAT:UNE_RT_A$DEFAULTVIEW(1.0),11/06/26 23:00:00,Annual,From 15 to 74 years,Percentage of total population,Total,Netherlands,2018,3.6,,
ESTAT:UNE_RT_A$DEFAULTVIEW(1.0),11/06/26 23:00:00,Annual,From 15 to 74 years,Percentage of total population,Total,Netherlands,2019,3.3,,
ESTAT:UNE_RT_A$DEFAULTVIEW(1.0),11/06/26 23:00:00,Annual,From 15 to 74 years,Percentage of total population,Total,Netherlands,2020,3.6,,
ESTAT:UNE_RT_A$DEFAULTVIEW(1.0),11/06/26 23:00:00,Annual,From 15 to 74 years,Percentage of total population,Total,Netherlands,2021,3.1,,
ESTAT:UNE_RT_A$DEFAULTVIEW(1.0),11/06/26 23:00:00,Annual,From 15 to 74 years,Percentage of total population,Total,Netherlands,2022,2.6,,
ESTAT:UNE_RT_A$DEFAULTVIEW(1.0),11/06/26 23:00:00,Annual,From 15 to 74 years,Percentage of total population,Total,Netherlands,2023,2.7,,
ESTAT:UNE_RT_A$DEFAULTVIEW(1.0),11/06/26 23:00:00,Annual,From 15 to 74 years,Percentage of total population,Total,Netherlands,2024,2.8,,
ESTAT:UNE_RT_A$DEFAULTVIEW(1.0),11/06/26 23:00:00,Annual,From 15 to 74 years,Percentage of total population,Total,Netherlands,2025,3.0,,
ESTAT:UNE_RT_A$DEFAULTVIEW(1.0),11/06/26 23:00:00,Annual,From 15 to 74 years,Percentage of total population,Total,Norway,2016,3.5,,
ESTAT:UNE_RT_A$DEFAULTVIEW(1.0),11/06/26 23:00:00,Annual,From 15 to 74 years,Percentage of total population,Total,Norway,2017,3.1,,
ESTAT:UNE_RT_A$DEFAULTVIEW(1.0),11/06/26 23:00:00,Annual,From 15 to 74 years,Percentage of total population,Total,Norway,2018,2.8,,
ESTAT:UNE_RT_A$DEFAULTVIEW(1.0),11/06/26 23:00:00,Annual,From 15 to 74 years,Percentage of total population,Total,Norway,2019,2.8,,
ESTAT:UNE_RT_A$DEFAULTVIEW(1.0),11/06/26 23:00:00,Annual,From 15 to 74 years,Percentage of total population,Total,Norway,2020,3.4,,
ESTAT:UNE_RT_A$DEFAULTVIEW(1.0),11/06/26 23:00:00,Annual,From 15 to 74 years,Percentage of total population,Total,Norway,2021,3.2,,
ESTAT:UNE_RT_A$DEFAULTVIEW(1.0),11/06/26 23:00:00,Annual,From 15 to 74 years,Percentage of total population,Total,Norway,2022,2.4,,
ESTAT:UNE_RT_A$DEFAULTVIEW(1.0),11/06/26 23:00:00,Annual,From 15 to 74 years,Percentage of total population,Total,Norway,2023,2.6,,
ESTAT:UNE_RT_A$DEFAULTVIEW(1.0),11/06/26 23:00:00,Annual,From 15 to 74 years,Percentage of total population,Total,Norway,2024,2.9,,
ESTAT:UNE_RT_A$DEFAULTVIEW(1.0),11/06/26 23:00:00,Annual,From 15 to 74 years,Percentage of total population,Total,Norway,2025,3.3,,
ESTAT:UNE_RT_A$DEFAULTVIEW(1.0),11/06/26 23:00:00,Annual,From 15 to 74 years,Percentage of total population,Total,Poland,2016,3.8,,
ESTAT:UNE_RT_A$DEFAULTVIEW(1.0),11/06/26 23:00:00,Annual,From 15 to 74 years,Percentage of total population,Total,Poland,2017,3.0,,
ESTAT:UNE_RT_A$DEFAULTVIEW(1.0),11/06/26 23:00:00,Annual,From 15 to 74 years,Percentage of total population,Total,Poland,2018,2.4,,
ESTAT:UNE_RT_A$DEFAULTVIEW(1.0),11/06/26 23:00:00,Annual,From 15 to 74 years,Percentage of total population,Total,Poland,2019,2.0,b,
ESTAT:UNE_RT_A$DEFAULTVIEW(1.0),11/06/26 23:00:00,Annual,From 15 to 74 years,Percentage of total population,Total,Poland,2020,1.9,,
ESTAT:UNE_RT_A$DEFAULTVIEW(1.0),11/06/26 23:00:00,Annual,From 15 to 74 years,Percentage of total population,Total,Poland,2021,2.1,,
ESTAT:UNE_RT_A$DEFAULTVIEW(1.0),11/06/26 23:00:00,Annual,From 15 to 74 years,Percentage of total population,Total,Poland,2022,1.8,,
ESTAT:UNE_RT_A$DEFAULTVIEW(1.0),11/06/26 23:00:00,Annual,From 15 to 74 years,Percentage of total population,Total,Poland,2023,1.8,,
ESTAT:UNE_RT_A$DEFAULTVIEW(1.0),11/06/26 23:00:00,Annual,From 15 to 74 years,Percentage of total population,Total,Poland,2024,1.8,,
ESTAT:UNE_RT_A$DEFAULTVIEW(1.0),11/06/26 23:00:00,Annual,From 15 to 74 years,Percentage of total population,Total,Poland,2025,2.0,,
ESTAT:UNE_RT_A$DEFAULTVIEW(1.0),11/06/26 23:00:00,Annual,From 15 to 74 years,Percentage of total population,Total,Portugal,2016,7.3,,
ESTAT:UNE_RT_A$DEFAULTVIEW(1.0),11/06/26 23:00:00,Annual,From 15 to 74 years,Percentage of total population,Total,Portugal,2017,5.9,,
ESTAT:UNE_RT_A$DEFAULTVIEW(1.0),11/06/26 23:00:00,Annual,From 15 to 74 years,Percentage of total population,Total,Portugal,2018,4.7,,
ESTAT:UNE_RT_A$DEFAULTVIEW(1.0),11/06/26 23:00:00,Annual,From 15 to 74 years,Percentage of total population,Total,Portugal,2019,4.3,,
ESTAT:UNE_RT_A$DEFAULTVIEW(1.0),11/06/26 23:00:00,Annual,From 15 to 74 years,Percentage of total population,Total,Portugal,2020,4.5,,
ESTAT:UNE_RT_A$DEFAULTVIEW(1.0),11/06/26 23:00:00,Annual,From 15 to 74 years,Percentage of total population,Total,Portugal,2021,4.4,,
ESTAT:UNE_RT_A$DEFAULTVIEW(1.0),11/06/26 23:00:00,Annual,From 15 to 74 years,Percentage of total population,Total,Portugal,2022,4.1,,
ESTAT:UNE_RT_A$DEFAULTVIEW(1.0),11/06/26 23:00:00,Annual,From 15 to 74 years,Percentage of total population,Total,Portugal,2023,4.4,,
ESTAT:UNE_RT_A$DEFAULTVIEW(1.0),11/06/26 23:00:00,Annual,From 15 to 74 years,Percentage of total population,Total,Portugal,2024,4.4,,
ESTAT:UNE_RT_A$DEFAULTVIEW(1.0),11/06/26 23:00:00,Annual,From 15 to 74 years,Percentage of total population,Total,Portugal,2025,4.1,,
ESTAT:UNE_RT_A$DEFAULTVIEW(1.0),11/06/26 23:00:00,Annual,From 15 to 74 years,Percentage of total population,Total,Romania,2016,3.8,,
ESTAT:UNE_RT_A$DEFAULTVIEW(1.0),11/06/26 23:00:00,Annual,From 15 to 74 years,Percentage of total population,Total,Romania,2017,3.3,,
ESTAT:UNE_RT_A$DEFAULTVIEW(1.0),11/06/26 23:00:00,Annual,From 15 to 74 years,Percentage of total population,Total,Romania,2018,2.9,,
ESTAT:UNE_RT_A$DEFAULTVIEW(1.0),11/06/26 23:00:00,Annual,From 15 to 74 years,Percentage of total population,Total,Romania,2019,2.7,,
ESTAT:UNE_RT_A$DEFAULTVIEW(1.0),11/06/26 23:00:00,Annual,From 15 to 74 years,Percentage of total population,Total,Romania,2020,3.4,,
ESTAT:UNE_RT_A$DEFAULTVIEW(1.0),11/06/26 23:00:00,Annual,From 15 to 74 years,Percentage of total population,Total,Romania,2021,3.2,,
ESTAT:UNE_RT_A$DEFAULTVIEW(1.0),11/06/26 23:00:00,Annual,From 15 to 74 years,Percentage of total population,Total,Romania,2022,3.2,,
ESTAT:UNE_RT_A$DEFAULTVIEW(1.0),11/06/26 23:00:00,Annual,From 15 to 74 years,Percentage of total population,Total,Romania,2023,3.2,,
ESTAT:UNE_RT_A$DEFAULTVIEW(1.0),11/06/26 23:00:00,Annual,From 15 to 74 years,Percentage of total population,Total,Romania,2024,3.1,,
ESTAT:UNE_RT_A$DEFAULTVIEW(1.0),11/06/26 23:00:00,Annual,From 15 to 74 years,Percentage of total population,Total,Romania,2025,3.5,,
ESTAT:UNE_RT_A$DEFAULTVIEW(1.0),11/06/26 23:00:00,Annual,From 15 to 74 years,Percentage of total population,Total,Serbia,2016,9.4,,
ESTAT:UNE_RT_A$DEFAULTVIEW(1.0),11/06/26 23:00:00,Annual,From 15 to 74 years,Percentage of total population,Total,Serbia,2017,8.4,,
ESTAT:UNE_RT_A$DEFAULTVIEW(1.0),11/06/26 23:00:00,Annual,From 15 to 74 years,Percentage of total population,Total,Serbia,2018,8.0,,
ESTAT:UNE_RT_A$DEFAULTVIEW(1.0),11/06/26 23:00:00,Annual,From 15 to 74 years,Percentage of total population,Total,Serbia,2019,6.5,,
ESTAT:UNE_RT_A$DEFAULTVIEW(1.0),11/06/26 23:00:00,Annual,From 15 to 74 years,Percentage of total population,Total,Serbia,2020,5.5,,
ESTAT:UNE_RT_A$DEFAULTVIEW(1.0),11/06/26 23:00:00,Annual,From 15 to 74 years,Percentage of total population,Total,Serbia,2021,6.6,,
ESTAT:UNE_RT_A$DEFAULTVIEW(1.0),11/06/26 23:00:00,Annual,From 15 to 74 years,Percentage of total population,Total,Serbia,2022,5.7,,
ESTAT:UNE_RT_A$DEFAULTVIEW(1.0),11/06/26 23:00:00,Annual,From 15 to 74 years,Percentage of total population,Total,Serbia,2023,5.8,,
ESTAT:UNE_RT_A$DEFAULTVIEW(1.0),11/06/26 23:00:00,Annual,From 15 to 74 years,Percentage of total population,Total,Serbia,2024,5.4,,
ESTAT:UNE_RT_A$DEFAULTVIEW(1.0),11/06/26 23:00:00,Annual,From 15 to 74 years,Percentage of total population,Total,Serbia,2025,5.4,,
ESTAT:UNE_RT_A$DEFAULTVIEW(1.0),11/06/26 23:00:00,Annual,From 15 to 74 years,Percentage of total population,Total,Sweden,2016,5.1,,
ESTAT:UNE_RT_A$DEFAULTVIEW(1.0),11/06/26 23:00:00,Annual,From 15 to 74 years,Percentage of total population,Total,Sweden,2017,4.9,,
ESTAT:UNE_RT_A$DEFAULTVIEW(1.0),11/06/26 23:00:00,Annual,From 15 to 74 years,Percentage of total population,Total,Sweden,2018,4.7,,
ESTAT:UNE_RT_A$DEFAULTVIEW(1.0),11/06/26 23:00:00,Annual,From 15 to 74 years,Percentage of total population,Total,Sweden,2019,5.0,,
ESTAT:UNE_RT_A$DEFAULTVIEW(1.0),11/06/26 23:00:00,Annual,From 15 to 74 years,Percentage of total population,Total,Sweden,2020,6.2,,
ESTAT:UNE_RT_A$DEFAULTVIEW(1.0),11/06/26 23:00:00,Annual,From 15 to 74 years,Percentage of total population,Total,Sweden,2021,6.6,,
ESTAT:UNE_RT_A$DEFAULTVIEW(1.0),11/06/26 23:00:00,Annual,From 15 to 74 years,Percentage of total population,Total,Sweden,2022,5.6,,
ESTAT:UNE_RT_A$DEFAULTVIEW(1.0),11/06/26 23:00:00,Annual,From 15 to 74 years,Percentage of total population,Total,Sweden,2023,5.8,,
ESTAT:UNE_RT_A$DEFAULTVIEW(1.0),11/06/26 23:00:00,Annual,From 15 to 74 years,Percentage of total population,Total,Sweden,2024,6.3,,
ESTAT:UNE_RT_A$DEFAULTVIEW(1.0),11/06/26 23:00:00,Annual,From 15 to 74 years,Percentage of total population,Total,Sweden,2025,6.7,,
ESTAT:UNE_RT_A$DEFAULTVIEW(1.0),11/06/26 23:00:00,Annual,From 15 to 74 years,Percentage of total population,Total,Slovenia,2016,5.0,,
ESTAT:UNE_RT_A$DEFAULTVIEW(1.0),11/06/26 23:00:00,Annual,From 15 to 74 years,Percentage of total population,Total,Slovenia,2017,4.2,,
ESTAT:UNE_RT_A$DEFAULTVIEW(1.0),11/06/26 23:00:00,Annual,From 15 to 74 years,Percentage of total population,Total,Slovenia,2018,3.3,,
ESTAT:UNE_RT_A$DEFAULTVIEW(1.0),11/06/26 23:00:00,Annual,From 15 to 74 years,Percentage of total population,Total,Slovenia,2019,2.9,,
ESTAT:UNE_RT_A$DEFAULTVIEW(1.0),11/06/26 23:00:00,Annual,From 15 to 74 years,Percentage of total population,Total,Slovenia,2020,3.2,,
ESTAT:UNE_RT_A$DEFAULTVIEW(1.0),11/06/26 23:00:00,Annual,From 15 to 74 years,Percentage of total population,Total,Slovenia,2021,3.1,,
ESTAT:UNE_RT_A$DEFAULTVIEW(1.0),11/06/26 23:00:00,Annual,From 15 to 74 years,Percentage of total population,Total,Slovenia,2022,2.6,,
ESTAT:UNE_RT_A$DEFAULTVIEW(1.0),11/06/26 23:00:00,Annual,From 15 to 74 years,Percentage of total population,Total,Slovenia,2023,2.4,,
ESTAT:UNE_RT_A$DEFAULTVIEW(1.0),11/06/26 23:00:00,Annual,From 15 to 74 years,Percentage of total population,Total,Slovenia,2024,2.4,,
ESTAT:UNE_RT_A$DEFAULTVIEW(1.0),11/06/26 23:00:00,Annual,From 15 to 74 years,Percentage of total population,Total,Slovenia,2025,2.5,,
ESTAT:UNE_RT_A$DEFAULTVIEW(1.0),11/06/26 23:00:00,Annual,From 15 to 74 years,Percentage of total population,Total,Slovakia,2016,6.4,,
ESTAT:UNE_RT_A$DEFAULTVIEW(1.0),11/06/26 23:00:00,Annual,From 15 to 74 years,Percentage of total population,Total,Slovakia,2017,5.4,,
ESTAT:UNE_RT_A$DEFAULTVIEW(1.0),11/06/26 23:00:00,Annual,From 15 to 74 years,Percentage of total population,Total,Slovakia,2018,4.3,,
ESTAT:UNE_RT_A$DEFAULTVIEW(1.0),11/06/26 23:00:00,Annual,From 15 to 74 years,Percentage of total population,Total,Slovakia,2019,3.8,,
ESTAT:UNE_RT_A$DEFAULTVIEW(1.0),11/06/26 23:00:00,Annual,From 15 to 74 years,Percentage of total population,Total,Slovakia,2020,4.4,,
ESTAT:UNE_RT_A$DEFAULTVIEW(1.0),11/06/26 23:00:00,Annual,From 15 to 74 years,Percentage of total population,Total,Slovakia,2021,4.5,,
ESTAT:UNE_RT_A$DEFAULTVIEW(1.0),11/06/26 23:00:00,Annual,From 15 to 74 years,Percentage of total population,Total,Slovakia,2022,4.1,,
ESTAT:UNE_RT_A$DEFAULTVIEW(1.0),11/06/26 23:00:00,Annual,From 15 to 74 years,Percentage of total population,Total,Slovakia,2023,3.9,,
ESTAT:UNE_RT_A$DEFAULTVIEW(1.0),11/06/26 23:00:00,Annual,From 15 to 74 years,Percentage of total population,Total,Slovakia,2024,3.6,,
ESTAT:UNE_RT_A$DEFAULTVIEW(1.0),11/06/26 23:00:00,Annual,From 15 to 74 years,Percentage of total population,Total,Slovakia,2025,3.6,,
ESTAT:UNE_RT_A$DEFAULTVIEW(1.0),11/06/26 23:00:00,Annual,From 15 to 74 years,Percentage of total population,Total,Türkiye,2016,5.9,,
ESTAT:UNE_RT_A$DEFAULTVIEW(1.0),11/06/26 23:00:00,Annual,From 15 to 74 years,Percentage of total population,Total,Türkiye,2017,6.0,,
ESTAT:UNE_RT_A$DEFAULTVIEW(1.0),11/06/26 23:00:00,Annual,From 15 to 74 years,Percentage of total population,Total,Türkiye,2018,6.1,,
ESTAT:UNE_RT_A$DEFAULTVIEW(1.0),11/06/26 23:00:00,Annual,From 15 to 74 years,Percentage of total population,Total,Türkiye,2019,7.6,,
ESTAT:UNE_RT_A$DEFAULTVIEW(1.0),11/06/26 23:00:00,Annual,From 15 to 74 years,Percentage of total population,Total,Türkiye,2020,6.8,,
ESTAT:UNE_RT_A$DEFAULTVIEW(1.0),11/06/26 23:00:00,Annual,From 15 to 74 years,Percentage of total population,Total,Türkiye,2021,6.4,b,
ESTAT:UNE_RT_A$DEFAULTVIEW(1.0),11/06/26 23:00:00,Annual,From 15 to 74 years,Percentage of total population,Total,Türkiye,2022,5.8,,
ESTAT:UNE_RT_A$DEFAULTVIEW(1.0),11/06/26 23:00:00,Annual,From 15 to 74 years,Percentage of total population,Total,Türkiye,2023,5.3,,
ESTAT:UNE_RT_A$DEFAULTVIEW(1.0),11/06/26 23:00:00,Annual,From 15 to 74 years,Percentage of total population,Total,Türkiye,2024,5.0,,
ESTAT:UNE_RT_A$DEFAULTVIEW(1.0),11/06/26 23:00:00,Annual,From 15 to 74 years,Percentage of total population,Total,Türkiye,2025,4.7,,
ESTAT:UNE_RT_A$DEFAULTVIEW(1.0),11/06/26 23:00:00,Annual,From 15 to 74 years,Thousand persons,Total,Austria,2016,290,,
ESTAT:UNE_RT_A$DEFAULTVIEW(1.0),11/06/26 23:00:00,Annual,From 15 to 74 years,Thousand persons,Total,Austria,2017,267,,
ESTAT:UNE_RT_A$DEFAULTVIEW(1.0),11/06/26 23:00:00,Annual,From 15 to 74 years,Thousand persons,Total,Austria,2018,237,,
ESTAT:UNE_RT_A$DEFAULTVIEW(1.0),11/06/26 23:00:00,Annual,From 15 to 74 years,Thousand persons,Total,Austria,2019,220,,
ESTAT:UNE_RT_A$DEFAULTVIEW(1.0),11/06/26 23:00:00,Annual,From 15 to 74 years,Thousand persons,Total,Austria,2020,272,,
ESTAT:UNE_RT_A$DEFAULTVIEW(1.0),11/06/26 23:00:00,Annual,From 15 to 74 years,Thousand persons,Total,Austria,2021,284,,
ESTAT:UNE_RT_A$DEFAULTVIEW(1.0),11/06/26 23:00:00,Annual,From 15 to 74 years,Thousand persons,Total,Austria,2022,221,,
ESTAT:UNE_RT_A$DEFAULTVIEW(1.0),11/06/26 23:00:00,Annual,From 15 to 74 years,Thousand persons,Total,Austria,2023,241,,
ESTAT:UNE_RT_A$DEFAULTVIEW(1.0),11/06/26 23:00:00,Annual,From 15 to 74 years,Thousand persons,Total,Austria,2024,244,,
ESTAT:UNE_RT_A$DEFAULTVIEW(1.0),11/06/26 23:00:00,Annual,From 15 to 74 years,Thousand persons,Total,Austria,2025,270,,
ESTAT:UNE_RT_A$DEFAULTVIEW(1.0),11/06/26 23:00:00,Annual,From 15 to 74 years,Thousand persons,Total,Bosnia and Herzegovina,2021,242,,
ESTAT:UNE_RT_A$DEFAULTVIEW(1.0),11/06/26 23:00:00,Annual,From 15 to 74 years,Thousand persons,Total,Bosnia and Herzegovina,2022,211,,
ESTAT:UNE_RT_A$DEFAULTVIEW(1.0),11/06/26 23:00:00,Annual,From 15 to 74 years,Thousand persons,Total,Bosnia and Herzegovina,2023,181,,
ESTAT:UNE_RT_A$DEFAULTVIEW(1.0),11/06/26 23:00:00,Annual,From 15 to 74 years,Thousand persons,Total,Bosnia and Herzegovina,2024,179,,
ESTAT:UNE_RT_A$DEFAULTVIEW(1.0),11/06/26 23:00:00,Annual,From 15 to 74 years,Thousand persons,Total,Bosnia and Herzegovina,2025,173,,
ESTAT:UNE_RT_A$DEFAULTVIEW(1.0),11/06/26 23:00:00,Annual,From 15 to 74 years,Thousand persons,Total,Belgium,2016,395,,
ESTAT:UNE_RT_A$DEFAULTVIEW(1.0),11/06/26 23:00:00,Annual,From 15 to 74 years,Thousand persons,Total,Belgium,2017,357,b,
ESTAT:UNE_RT_A$DEFAULTVIEW(1.0),11/06/26 23:00:00,Annual,From 15 to 74 years,Thousand persons,Total,Belgium,2018,305,,
ESTAT:UNE_RT_A$DEFAULTVIEW(1.0),11/06/26 23:00:00,Annual,From 15 to 74 years,Thousand persons,Total,Belgium,2019,278,,
ESTAT:UNE_RT_A$DEFAULTVIEW(1.0),11/06/26 23:00:00,Annual,From 15 to 74 years,Thousand persons,Total,Belgium,2020,291,,
ESTAT:UNE_RT_A$DEFAULTVIEW(1.0),11/06/26 23:00:00,Annual,From 15 to 74 years,Thousand persons,Total,Belgium,2021,324,,
ESTAT:UNE_RT_A$DEFAULTVIEW(1.0),11/06/26 23:00:00,Annual,From 15 to 74 years,Thousand persons,Total,Belgium,2022,294,,
ESTAT:UNE_RT_A$DEFAULTVIEW(1.0),11/06/26 23:00:00,Annual,From 15 to 74 years,Thousand persons,Total,Belgium,2023,294,,
ESTAT:UNE_RT_A$DEFAULTVIEW(1.0),11/06/26 23:00:00,Annual,From 15 to 74 years,Thousand persons,Total,Belgium,2024,306,,
ESTAT:UNE_RT_A$DEFAULTVIEW(1.0),11/06/26 23:00:00,Annual,From 15 to 74 years,Thousand persons,Total,Belgium,2025,339,,
ESTAT:UNE_RT_A$DEFAULTVIEW(1.0),11/06/26 23:00:00,Annual,From 15 to 74 years,Thousand persons,Total,Bulgaria,2016,280,,
ESTAT:UNE_RT_A$DEFAULTVIEW(1.0),11/06/26 23:00:00,Annual,From 15 to 74 years,Thousand persons,Total,Bulgaria,2017,240,,
ESTAT:UNE_RT_A$DEFAULTVIEW(1.0),11/06/26 23:00:00,Annual,From 15 to 74 years,Thousand persons,Total,Bulgaria,2018,206,,
ESTAT:UNE_RT_A$DEFAULTVIEW(1.0),11/06/26 23:00:00,Annual,From 15 to 74 years,Thousand persons,Total,Bulgaria,2019,165,b,
ESTAT:UNE_RT_A$DEFAULTVIEW(1.0),11/06/26 23:00:00,Annual,From 15 to 74 years,Thousand persons,Total,Bulgaria,2020,187,,
ESTAT:UNE_RT_A$DEFAULTVIEW(1.0),11/06/26 23:00:00,Annual,From 15 to 74 years,Thousand persons,Total,Bulgaria,2021,157,,
ESTAT:UNE_RT_A$DEFAULTVIEW(1.0),11/06/26 23:00:00,Annual,From 15 to 74 years,Thousand persons,Total,Bulgaria,2022,127,,
ESTAT:UNE_RT_A$DEFAULTVIEW(1.0),11/06/26 23:00:00,Annual,From 15 to 74 years,Thousand persons,Total,Bulgaria,2023,132,,
ESTAT:UNE_RT_A$DEFAULTVIEW(1.0),11/06/26 23:00:00,Annual,From 15 to 74 years,Thousand persons,Total,Bulgaria,2024,127,b,
ESTAT:UNE_RT_A$DEFAULTVIEW(1.0),11/06/26 23:00:00,Annual,From 15 to 74 years,Thousand persons,Total,Bulgaria,2025,107,,
ESTAT:UNE_RT_A$DEFAULTVIEW(1.0),11/06/26 23:00:00,Annual,From 15 to 74 years,Thousand persons,Total,Switzerland,2016,238,,
ESTAT:UNE_RT_A$DEFAULTVIEW(1.0),11/06/26 23:00:00,Annual,From 15 to 74 years,Thousand persons,Total,Switzerland,2017,234,,
ESTAT:UNE_RT_A$DEFAULTVIEW(1.0),11/06/26 23:00:00,Annual,From 15 to 74 years,Thousand persons,Total,Switzerland,2018,231,,
ESTAT:UNE_RT_A$DEFAULTVIEW(1.0),11/06/26 23:00:00,Annual,From 15 to 74 years,Thousand persons,Total,Switzerland,2019,216,,
ESTAT:UNE_RT_A$DEFAULTVIEW(1.0),11/06/26 23:00:00,Annual,From 15 to 74 years,Thousand persons,Total,Switzerland,2020,238,,
ESTAT:UNE_RT_A$DEFAULTVIEW(1.0),11/06/26 23:00:00,Annual,From 15 to 74 years,Thousand persons,Total,Switzerland,2021,248,,
ESTAT:UNE_RT_A$DEFAULTVIEW(1.0),11/06/26 23:00:00,Annual,From 15 to 74 years,Thousand persons,Total,Switzerland,2022,204,,
ESTAT:UNE_RT_A$DEFAULTVIEW(1.0),11/06/26 23:00:00,Annual,From 15 to 74 years,Thousand persons,Total,Switzerland,2023,204,,
ESTAT:UNE_RT_A$DEFAULTVIEW(1.0),11/06/26 23:00:00,Annual,From 15 to 74 years,Thousand persons,Total,Switzerland,2024,221,,
ESTAT:UNE_RT_A$DEFAULTVIEW(1.0),11/06/26 23:00:00,Annual,From 15 to 74 years,Thousand persons,Total,Switzerland,2025,249,,
ESTAT:UNE_RT_A$DEFAULTVIEW(1.0),11/06/26 23:00:00,Annual,From 15 to 74 years,Thousand persons,Total,Cyprus,2016,54,,
ESTAT:UNE_RT_A$DEFAULTVIEW(1.0),11/06/26 23:00:00,Annual,From 15 to 74 years,Thousand persons,Total,Cyprus,2017,47,,
ESTAT:UNE_RT_A$DEFAULTVIEW(1.0),11/06/26 23:00:00,Annual,From 15 to 74 years,Thousand persons,Total,Cyprus,2018,37,,
ESTAT:UNE_RT_A$DEFAULTVIEW(1.0),11/06/26 23:00:00,Annual,From 15 to 74 years,Thousand persons,Total,Cyprus,2019,33,,
ESTAT:UNE_RT_A$DEFAULTVIEW(1.0),11/06/26 23:00:00,Annual,From 15 to 74 years,Thousand persons,Total,Cyprus,2020,35,,
ESTAT:UNE_RT_A$DEFAULTVIEW(1.0),11/06/26 23:00:00,Annual,From 15 to 74 years,Thousand persons,Total,Cyprus,2021,34,,
ESTAT:UNE_RT_A$DEFAULTVIEW(1.0),11/06/26 23:00:00,Annual,From 15 to 74 years,Thousand persons,Total,Cyprus,2022,31,,
ESTAT:UNE_RT_A$DEFAULTVIEW(1.0),11/06/26 23:00:00,Annual,From 15 to 74 years,Thousand persons,Total,Cyprus,2023,29,,
ESTAT:UNE_RT_A$DEFAULTVIEW(1.0),11/06/26 23:00:00,Annual,From 15 to 74 years,Thousand persons,Total,Cyprus,2024,25,,
ESTAT:UNE_RT_A$DEFAULTVIEW(1.0),11/06/26 23:00:00,Annual,From 15 to 74 years,Thousand persons,Total,Cyprus,2025,23,,
ESTAT:UNE_RT_A$DEFAULTVIEW(1.0),11/06/26 23:00:00,Annual,From 15 to 74 years,Thousand persons,Total,Czechia,2016,211,,
ESTAT:UNE_RT_A$DEFAULTVIEW(1.0),11/06/26 23:00:00,Annual,From 15 to 74 years,Thousand persons,Total,Czechia,2017,155,,
ESTAT:UNE_RT_A$DEFAULTVIEW(1.0),11/06/26 23:00:00,Annual,From 15 to 74 years,Thousand persons,Total,Czechia,2018,121,,
ESTAT:UNE_RT_A$DEFAULTVIEW(1.0),11/06/26 23:00:00,Annual,From 15 to 74 years,Thousand persons,Total,Czechia,2019,109,,
ESTAT:UNE_RT_A$DEFAULTVIEW(1.0),11/06/26 23:00:00,Annual,From 15 to 74 years,Thousand persons,Total,Czechia,2020,137,,
ESTAT:UNE_RT_A$DEFAULTVIEW(1.0),11/06/26 23:00:00,Annual,From 15 to 74 years,Thousand persons,Total,Czechia,2021,150,,
ESTAT:UNE_RT_A$DEFAULTVIEW(1.0),11/06/26 23:00:00,Annual,From 15 to 74 years,Thousand persons,Total,Czechia,2022,118,,
ESTAT:UNE_RT_A$DEFAULTVIEW(1.0),11/06/26 23:00:00,Annual,From 15 to 74 years,Thousand persons,Total,Czechia,2023,134,,
ESTAT:UNE_RT_A$DEFAULTVIEW(1.0),11/06/26 23:00:00,Annual,From 15 to 74 years,Thousand persons,Total,Czechia,2024,139,,
ESTAT:UNE_RT_A$DEFAULTVIEW(1.0),11/06/26 23:00:00,Annual,From 15 to 74 years,Thousand persons,Total,Czechia,2025,151,,
ESTAT:UNE_RT_A$DEFAULTVIEW(1.0),11/06/26 23:00:00,Annual,From 15 to 74 years,Thousand persons,Total,Germany,2016,1630,,
ESTAT:UNE_RT_A$DEFAULTVIEW(1.0),11/06/26 23:00:00,Annual,From 15 to 74 years,Thousand persons,Total,Germany,2017,1487,,
ESTAT:UNE_RT_A$DEFAULTVIEW(1.0),11/06/26 23:00:00,Annual,From 15 to 74 years,Thousand persons,Total,Germany,2018,1341,,
ESTAT:UNE_RT_A$DEFAULTVIEW(1.0),11/06/26 23:00:00,Annual,From 15 to 74 years,Thousand persons,Total,Germany,2019,1250,,
ESTAT:UNE_RT_A$DEFAULTVIEW(1.0),11/06/26 23:00:00,Annual,From 15 to 74 years,Thousand persons,Total,Germany,2020,1512,b,
ESTAT:UNE_RT_A$DEFAULTVIEW(1.0),11/06/26 23:00:00,Annual,From 15 to 74 years,Thousand persons,Total,Germany,2021,1517,,
ESTAT:UNE_RT_A$DEFAULTVIEW(1.0),11/06/26 23:00:00,Annual,From 15 to 74 years,Thousand persons,Total,Germany,2022,1355,,
ESTAT:UNE_RT_A$DEFAULTVIEW(1.0),11/06/26 23:00:00,Annual,From 15 to 74 years,Thousand persons,Total,Germany,2023,1342,,
ESTAT:UNE_RT_A$DEFAULTVIEW(1.0),11/06/26 23:00:00,Annual,From 15 to 74 years,Thousand persons,Total,Germany,2024,1518,,
ESTAT:UNE_RT_A$DEFAULTVIEW(1.0),11/06/26 23:00:00,Annual,From 15 to 74 years,Thousand persons,Total,Germany,2025,1692,,
ESTAT:UNE_RT_A$DEFAULTVIEW(1.0),11/06/26 23:00:00,Annual,From 15 to 74 years,Thousand persons,Total,Denmark,2016,176,b,
ESTAT:UNE_RT_A$DEFAULTVIEW(1.0),11/06/26 23:00:00,Annual,From 15 to 74 years,Thousand persons,Total,Denmark,2017,173,b,
ESTAT:UNE_RT_A$DEFAULTVIEW(1.0),11/06/26 23:00:00,Annual,From 15 to 74 years,Thousand persons,Total,Denmark,2018,153,,
ESTAT:UNE_RT_A$DEFAULTVIEW(1.0),11/06/26 23:00:00,Annual,From 15 to 74 years,Thousand persons,Total,Denmark,2019,152,,
ESTAT:UNE_RT_A$DEFAULTVIEW(1.0),11/06/26 23:00:00,Annual,From 15 to 74 years,Thousand persons,Total,Denmark,2020,171,,
ESTAT:UNE_RT_A$DEFAULTVIEW(1.0),11/06/26 23:00:00,Annual,From 15 to 74 years,Thousand persons,Total,Denmark,2021,155,,
ESTAT:UNE_RT_A$DEFAULTVIEW(1.0),11/06/26 23:00:00,Annual,From 15 to 74 years,Thousand persons,Total,Denmark,2022,139,,
ESTAT:UNE_RT_A$DEFAULTVIEW(1.0),11/06/26 23:00:00,Annual,From 15 to 74 years,Thousand persons,Total,Denmark,2023,162,b,
ESTAT:UNE_RT_A$DEFAULTVIEW(1.0),11/06/26 23:00:00,Annual,From 15 to 74 years,Thousand persons,Total,Denmark,2024,202,,
ESTAT:UNE_RT_A$DEFAULTVIEW(1.0),11/06/26 23:00:00,Annual,From 15 to 74 years,Thousand persons,Total,Denmark,2025,209,,
ESTAT:UNE_RT_A$DEFAULTVIEW(1.0),11/06/26 23:00:00,Annual,From 15 to 74 years,Thousand persons,Total,Euro area – 20 countries (2023-2025),2016,16490,,
ESTAT:UNE_RT_A$DEFAULTVIEW(1.0),11/06/26 23:00:00,Annual,From 15 to 74 years,Thousand persons,Total,Euro area – 20 countries (2023-2025),2017,14943,,
ESTAT:UNE_RT_A$DEFAULTVIEW(1.0),11/06/26 23:00:00,Annual,From 15 to 74 years,Thousand persons,Total,Euro area – 20 countries (2023-2025),2018,13514,,
ESTAT:UNE_RT_A$DEFAULTVIEW(1.0),11/06/26 23:00:00,Annual,From 15 to 74 years,Thousand persons,Total,Euro area – 20 countries (2023-2025),2019,12532,,
ESTAT:UNE_RT_A$DEFAULTVIEW(1.0),11/06/26 23:00:00,Annual,From 15 to 74 years,Thousand persons,Total,Euro area – 20 countries (2023-2025),2020,12929,,
ESTAT:UNE_RT_A$DEFAULTVIEW(1.0),11/06/26 23:00:00,Annual,From 15 to 74 years,Thousand persons,Total,Euro area – 20 countries (2023-2025),2021,12780,,
ESTAT:UNE_RT_A$DEFAULTVIEW(1.0),11/06/26 23:00:00,Annual,From 15 to 74 years,Thousand persons,Total,Euro area – 20 countries (2023-2025),2022,11364,,
ESTAT:UNE_RT_A$DEFAULTVIEW(1.0),11/06/26 23:00:00,Annual,From 15 to 74 years,Thousand persons,Total,Euro area – 20 countries (2023-2025),2023,11158,,
ESTAT:UNE_RT_A$DEFAULTVIEW(1.0),11/06/26 23:00:00,Annual,From 15 to 74 years,Thousand persons,Total,Euro area – 20 countries (2023-2025),2024,10966,,
ESTAT:UNE_RT_A$DEFAULTVIEW(1.0),11/06/26 23:00:00,Annual,From 15 to 74 years,Thousand persons,Total,Euro area – 20 countries (2023-2025),2025,11068,,
ESTAT:UNE_RT_A$DEFAULTVIEW(1.0),11/06/26 23:00:00,Annual,From 15 to 74 years,Thousand persons,Total,Euro area – 21 countries (from 2026),2016,16770,,
ESTAT:UNE_RT_A$DEFAULTVIEW(1.0),11/06/26 23:00:00,Annual,From 15 to 74 years,Thousand persons,Total,Euro area – 21 countries (from 2026),2017,15183,,
ESTAT:UNE_RT_A$DEFAULTVIEW(1.0),11/06/26 23:00:00,Annual,From 15 to 74 years,Thousand persons,Total,Euro area – 21 countries (from 2026),2018,13721,,
ESTAT:UNE_RT_A$DEFAULTVIEW(1.0),11/06/26 23:00:00,Annual,From 15 to 74 years,Thousand persons,Total,Euro area – 21 countries (from 2026),2019,12697,,
ESTAT:UNE_RT_A$DEFAULTVIEW(1.0),11/06/26 23:00:00,Annual,From 15 to 74 years,Thousand persons,Total,Euro area – 21 countries (from 2026),2020,13116,,
ESTAT:UNE_RT_A$DEFAULTVIEW(1.0),11/06/26 23:00:00,Annual,From 15 to 74 years,Thousand persons,Total,Euro area – 21 countries (from 2026),2021,12937,,
ESTAT:UNE_RT_A$DEFAULTVIEW(1.0),11/06/26 23:00:00,Annual,From 15 to 74 years,Thousand persons,Total,Euro area – 21 countries (from 2026),2022,11491,,
ESTAT:UNE_RT_A$DEFAULTVIEW(1.0),11/06/26 23:00:00,Annual,From 15 to 74 years,Thousand persons,Total,Euro area – 21 countries (from 2026),2023,11291,,
ESTAT:UNE_RT_A$DEFAULTVIEW(1.0),11/06/26 23:00:00,Annual,From 15 to 74 years,Thousand persons,Total,Euro area – 21 countries (from 2026),2024,11093,,
ESTAT:UNE_RT_A$DEFAULTVIEW(1.0),11/06/26 23:00:00,Annual,From 15 to 74 years,Thousand persons,Total,Euro area – 21 countries (from 2026),2025,11175,,
ESTAT:UNE_RT_A$DEFAULTVIEW(1.0),11/06/26 23:00:00,Annual,From 15 to 74 years,Thousand persons,Total,Estonia,2016,47,,
ESTAT:UNE_RT_A$DEFAULTVIEW(1.0),11/06/26 23:00:00,Annual,From 15 to 74 years,Thousand persons,Total,Estonia,2017,40,,
ESTAT:UNE_RT_A$DEFAULTVIEW(1.0),11/06/26 23:00:00,Annual,From 15 to 74 years,Thousand persons,Total,Estonia,2018,38,,
ESTAT:UNE_RT_A$DEFAULTVIEW(1.0),11/06/26 23:00:00,Annual,From 15 to 74 years,Thousand persons,Total,Estonia,2019,31,,
ESTAT:UNE_RT_A$DEFAULTVIEW(1.0),11/06/26 23:00:00,Annual,From 15 to 74 years,Thousand persons,Total,Estonia,2020,48,,
ESTAT:UNE_RT_A$DEFAULTVIEW(1.0),11/06/26 23:00:00,Annual,From 15 to 74 years,Thousand persons,Total,Estonia,2021,43,,
ESTAT:UNE_RT_A$DEFAULTVIEW(1.0),11/06/26 23:00:00,Annual,From 15 to 74 years,Thousand persons,Total,Estonia,2022,40,,
ESTAT:UNE_RT_A$DEFAULTVIEW(1.0),11/06/26 23:00:00,Annual,From 15 to 74 years,Thousand persons,Total,Estonia,2023,48,,
ESTAT:UNE_RT_A$DEFAULTVIEW(1.0),11/06/26 23:00:00,Annual,From 15 to 74 years,Thousand persons,Total,Estonia,2024,57,,
ESTAT:UNE_RT_A$DEFAULTVIEW(1.0),11/06/26 23:00:00,Annual,From 15 to 74 years,Thousand persons,Total,Estonia,2025,56,,
ESTAT:UNE_RT_A$DEFAULTVIEW(1.0),11/06/26 23:00:00,Annual,From 15 to 74 years,Thousand persons,Total,Greece,2016,1146,,
ESTAT:UNE_RT_A$DEFAULTVIEW(1.0),11/06/26 23:00:00,Annual,From 15 to 74 years,Thousand persons,Total,Greece,2017,1043,,
ESTAT:UNE_RT_A$DEFAULTVIEW(1.0),11/06/26 23:00:00,Annual,From 15 to 74 years,Thousand persons,Total,Greece,2018,935,,
ESTAT:UNE_RT_A$DEFAULTVIEW(1.0),11/06/26 23:00:00,Annual,From 15 to 74 years,Thousand persons,Total,Greece,2019,847,,
ESTAT:UNE_RT_A$DEFAULTVIEW(1.0),11/06/26 23:00:00,Annual,From 15 to 74 years,Thousand persons,Total,Greece,2020,791,,
ESTAT:UNE_RT_A$DEFAULTVIEW(1.0),11/06/26 23:00:00,Annual,From 15 to 74 years,Thousand persons,Total,Greece,2021,678,,
ESTAT:UNE_RT_A$DEFAULTVIEW(1.0),11/06/26 23:00:00,Annual,From 15 to 74 years,Thousand persons,Total,Greece,2022,588,,
ESTAT:UNE_RT_A$DEFAULTVIEW(1.0),11/06/26 23:00:00,Annual,From 15 to 74 years,Thousand persons,Total,Greece,2023,522,,
ESTAT:UNE_RT_A$DEFAULTVIEW(1.0),11/06/26 23:00:00,Annual,From 15 to 74 years,Thousand persons,Total,Greece,2024,480,,
ESTAT:UNE_RT_A$DEFAULTVIEW(1.0),11/06/26 23:00:00,Annual,From 15 to 74 years,Thousand persons,Total,Greece,2025,422,,
ESTAT:UNE_RT_A$DEFAULTVIEW(1.0),11/06/26 23:00:00,Annual,From 15 to 74 years,Thousand persons,Total,Spain,2016,4481,,
ESTAT:UNE_RT_A$DEFAULTVIEW(1.0),11/06/26 23:00:00,Annual,From 15 to 74 years,Thousand persons,Total,Spain,2017,3917,,
ESTAT:UNE_RT_A$DEFAULTVIEW(1.0),11/06/26 23:00:00,Annual,From 15 to 74 years,Thousand persons,Total,Spain,2018,3479,,
ESTAT:UNE_RT_A$DEFAULTVIEW(1.0),11/06/26 23:00:00,Annual,From 15 to 74 years,Thousand persons,Total,Spain,2019,3248,,
ESTAT:UNE_RT_A$DEFAULTVIEW(1.0),11/06/26 23:00:00,Annual,From 15 to 74 years,Thousand persons,Total,Spain,2020,3531,,
ESTAT:UNE_RT_A$DEFAULTVIEW(1.0),11/06/26 23:00:00,Annual,From 15 to 74 years,Thousand persons,Total,Spain,2021,3476,d,
ESTAT:UNE_RT_A$DEFAULTVIEW(1.0),11/06/26 23:00:00,Annual,From 15 to 74 years,Thousand persons,Total,Spain,2022,3079,d,
ESTAT:UNE_RT_A$DEFAULTVIEW(1.0),11/06/26 23:00:00,Annual,From 15 to 74 years,Thousand persons,Total,Spain,2023,2937,d,
ESTAT:UNE_RT_A$DEFAULTVIEW(1.0),11/06/26 23:00:00,Annual,From 15 to 74 years,Thousand persons,Total,Spain,2024,2771,d,
ESTAT:UNE_RT_A$DEFAULTVIEW(1.0),11/06/26 23:00:00,Annual,From 15 to 74 years,Thousand persons,Total,Spain,2025,2608,d,
ESTAT:UNE_RT_A$DEFAULTVIEW(1.0),11/06/26 23:00:00,Annual,From 15 to 74 years,Thousand persons,Total,European Union - 27 countries (from 2020),2016,19407,,
ESTAT:UNE_RT_A$DEFAULTVIEW(1.0),11/06/26 23:00:00,Annual,From 15 to 74 years,Thousand persons,Total,European Union - 27 countries (from 2020),2017,17409,,
ESTAT:UNE_RT_A$DEFAULTVIEW(1.0),11/06/26 23:00:00,Annual,From 15 to 74 years,Thousand persons,Total,European Union - 27 countries (from 2020),2018,15602,,
ESTAT:UNE_RT_A$DEFAULTVIEW(1.0),11/06/26 23:00:00,Annual,From 15 to 74 years,Thousand persons,Total,European Union - 27 countries (from 2020),2019,14460,,
ESTAT:UNE_RT_A$DEFAULTVIEW(1.0),11/06/26 23:00:00,Annual,From 15 to 74 years,Thousand persons,Total,European Union - 27 countries (from 2020),2020,15135,,
ESTAT:UNE_RT_A$DEFAULTVIEW(1.0),11/06/26 23:00:00,Annual,From 15 to 74 years,Thousand persons,Total,European Union - 27 countries (from 2020),2021,14987,,
ESTAT:UNE_RT_A$DEFAULTVIEW(1.0),11/06/26 23:00:00,Annual,From 15 to 74 years,Thousand persons,Total,European Union - 27 countries (from 2020),2022,13318,,
ESTAT:UNE_RT_A$DEFAULTVIEW(1.0),11/06/26 23:00:00,Annual,From 15 to 74 years,Thousand persons,Total,European Union - 27 countries (from 2020),2023,13185,,
ESTAT:UNE_RT_A$DEFAULTVIEW(1.0),11/06/26 23:00:00,Annual,From 15 to 74 years,Thousand persons,Total,European Union - 27 countries (from 2020),2024,13097,,
ESTAT:UNE_RT_A$DEFAULTVIEW(1.0),11/06/26 23:00:00,Annual,From 15 to 74 years,Thousand persons,Total,European Union - 27 countries (from 2020),2025,13320,,
ESTAT:UNE_RT_A$DEFAULTVIEW(1.0),11/06/26 23:00:00,Annual,From 15 to 74 years,Thousand persons,Total,Finland,2016,236,,
ESTAT:UNE_RT_A$DEFAULTVIEW(1.0),11/06/26 23:00:00,Annual,From 15 to 74 years,Thousand persons,Total,Finland,2017,233,,
ESTAT:UNE_RT_A$DEFAULTVIEW(1.0),11/06/26 23:00:00,Annual,From 15 to 74 years,Thousand persons,Total,Finland,2018,202,,
ESTAT:UNE_RT_A$DEFAULTVIEW(1.0),11/06/26 23:00:00,Annual,From 15 to 74 years,Thousand persons,Total,Finland,2019,184,,
ESTAT:UNE_RT_A$DEFAULTVIEW(1.0),11/06/26 23:00:00,Annual,From 15 to 74 years,Thousand persons,Total,Finland,2020,209,,
ESTAT:UNE_RT_A$DEFAULTVIEW(1.0),11/06/26 23:00:00,Annual,From 15 to 74 years,Thousand persons,Total,Finland,2021,212,,
ESTAT:UNE_RT_A$DEFAULTVIEW(1.0),11/06/26 23:00:00,Annual,From 15 to 74 years,Thousand persons,Total,Finland,2022,190,,
ESTAT:UNE_RT_A$DEFAULTVIEW(1.0),11/06/26 23:00:00,Annual,From 15 to 74 years,Thousand persons,Total,Finland,2023,204,,
ESTAT:UNE_RT_A$DEFAULTVIEW(1.0),11/06/26 23:00:00,Annual,From 15 to 74 years,Thousand persons,Total,Finland,2024,238,,
ESTAT:UNE_RT_A$DEFAULTVIEW(1.0),11/06/26 23:00:00,Annual,From 15 to 74 years,Thousand persons,Total,Finland,2025,278,,
ESTAT:UNE_RT_A$DEFAULTVIEW(1.0),11/06/26 23:00:00,Annual,From 15 to 74 years,Thousand persons,Total,France,2016,2992,,
ESTAT:UNE_RT_A$DEFAULTVIEW(1.0),11/06/26 23:00:00,Annual,From 15 to 74 years,Thousand persons,Total,France,2017,2807,,
ESTAT:UNE_RT_A$DEFAULTVIEW(1.0),11/06/26 23:00:00,Annual,From 15 to 74 years,Thousand persons,Total,France,2018,2701,,
ESTAT:UNE_RT_A$DEFAULTVIEW(1.0),11/06/26 23:00:00,Annual,From 15 to 74 years,Thousand persons,Total,France,2019,2519,,
ESTAT:UNE_RT_A$DEFAULTVIEW(1.0),11/06/26 23:00:00,Annual,From 15 to 74 years,Thousand persons,Total,France,2020,2381,,
ESTAT:UNE_RT_A$DEFAULTVIEW(1.0),11/06/26 23:00:00,Annual,From 15 to 74 years,Thousand persons,Total,France,2021,2365,d,
ESTAT:UNE_RT_A$DEFAULTVIEW(1.0),11/06/26 23:00:00,Annual,From 15 to 74 years,Thousand persons,Total,France,2022,2234,d,
ESTAT:UNE_RT_A$DEFAULTVIEW(1.0),11/06/26 23:00:00,Annual,From 15 to 74 years,Thousand persons,Total,France,2023,2263,d,
ESTAT:UNE_RT_A$DEFAULTVIEW(1.0),11/06/26 23:00:00,Annual,From 15 to 74 years,Thousand persons,Total,France,2024,2331,bd,
ESTAT:UNE_RT_A$DEFAULTVIEW(1.0),11/06/26 23:00:00,Annual,From 15 to 74 years,Thousand persons,Total,France,2025,2451,d,
ESTAT:UNE_RT_A$DEFAULTVIEW(1.0),11/06/26 23:00:00,Annual,From 15 to 74 years,Thousand persons,Total,Croatia,2016,231,,
ESTAT:UNE_RT_A$DEFAULTVIEW(1.0),11/06/26 23:00:00,Annual,From 15 to 74 years,Thousand persons,Total,Croatia,2017,195,,
ESTAT:UNE_RT_A$DEFAULTVIEW(1.0),11/06/26 23:00:00,Annual,From 15 to 74 years,Thousand persons,Total,Croatia,2018,143,,
ESTAT:UNE_RT_A$DEFAULTVIEW(1.0),11/06/26 23:00:00,Annual,From 15 to 74 years,Thousand persons,Total,Croatia,2019,111,,
ESTAT:UNE_RT_A$DEFAULTVIEW(1.0),11/06/26 23:00:00,Annual,From 15 to 74 years,Thousand persons,Total,Croatia,2020,125,,
ESTAT:UNE_RT_A$DEFAULTVIEW(1.0),11/06/26 23:00:00,Annual,From 15 to 74 years,Thousand persons,Total,Croatia,2021,128,,
ESTAT:UNE_RT_A$DEFAULTVIEW(1.0),11/06/26 23:00:00,Annual,From 15 to 74 years,Thousand persons,Total,Croatia,2022,117,,
ESTAT:UNE_RT_A$DEFAULTVIEW(1.0),11/06/26 23:00:00,Annual,From 15 to 74 years,Thousand persons,Total,Croatia,2023,106,,
ESTAT:UNE_RT_A$DEFAULTVIEW(1.0),11/06/26 23:00:00,Annual,From 15 to 74 years,Thousand persons,Total,Croatia,2024,89,,
ESTAT:UNE_RT_A$DEFAULTVIEW(1.0),11/06/26 23:00:00,Annual,From 15 to 74 years,Thousand persons,Total,Croatia,2025,87,,
ESTAT:UNE_RT_A$DEFAULTVIEW(1.0),11/06/26 23:00:00,Annual,From 15 to 74 years,Thousand persons,Total,Hungary,2016,234,,
ESTAT:UNE_RT_A$DEFAULTVIEW(1.0),11/06/26 23:00:00,Annual,From 15 to 74 years,Thousand persons,Total,Hungary,2017,192,,
ESTAT:UNE_RT_A$DEFAULTVIEW(1.0),11/06/26 23:00:00,Annual,From 15 to 74 years,Thousand persons,Total,Hungary,2018,169,b,
ESTAT:UNE_RT_A$DEFAULTVIEW(1.0),11/06/26 23:00:00,Annual,From 15 to 74 years,Thousand persons,Total,Hungary,2019,158,,
ESTAT:UNE_RT_A$DEFAULTVIEW(1.0),11/06/26 23:00:00,Annual,From 15 to 74 years,Thousand persons,Total,Hungary,2020,196,,
ESTAT:UNE_RT_A$DEFAULTVIEW(1.0),11/06/26 23:00:00,Annual,From 15 to 74 years,Thousand persons,Total,Hungary,2021,193,,
ESTAT:UNE_RT_A$DEFAULTVIEW(1.0),11/06/26 23:00:00,Annual,From 15 to 74 years,Thousand persons,Total,Hungary,2022,174,,
ESTAT:UNE_RT_A$DEFAULTVIEW(1.0),11/06/26 23:00:00,Annual,From 15 to 74 years,Thousand persons,Total,Hungary,2023,201,,
ESTAT:UNE_RT_A$DEFAULTVIEW(1.0),11/06/26 23:00:00,Annual,From 15 to 74 years,Thousand persons,Total,Hungary,2024,220,,
ESTAT:UNE_RT_A$DEFAULTVIEW(1.0),11/06/26 23:00:00,Annual,From 15 to 74 years,Thousand persons,Total,Hungary,2025,216,,
ESTAT:UNE_RT_A$DEFAULTVIEW(1.0),11/06/26 23:00:00,Annual,From 15 to 74 years,Thousand persons,Total,Ireland,2016,195,,
ESTAT:UNE_RT_A$DEFAULTVIEW(1.0),11/06/26 23:00:00,Annual,From 15 to 74 years,Thousand persons,Total,Ireland,2017,158,,
ESTAT:UNE_RT_A$DEFAULTVIEW(1.0),11/06/26 23:00:00,Annual,From 15 to 74 years,Thousand persons,Total,Ireland,2018,138,,
ESTAT:UNE_RT_A$DEFAULTVIEW(1.0),11/06/26 23:00:00,Annual,From 15 to 74 years,Thousand persons,Total,Ireland,2019,121,,
ESTAT:UNE_RT_A$DEFAULTVIEW(1.0),11/06/26 23:00:00,Annual,From 15 to 74 years,Thousand persons,Total,Ireland,2020,139,,
ESTAT:UNE_RT_A$DEFAULTVIEW(1.0),11/06/26 23:00:00,Annual,From 15 to 74 years,Thousand persons,Total,Ireland,2021,160,b,
ESTAT:UNE_RT_A$DEFAULTVIEW(1.0),11/06/26 23:00:00,Annual,From 15 to 74 years,Thousand persons,Total,Ireland,2022,121,,
ESTAT:UNE_RT_A$DEFAULTVIEW(1.0),11/06/26 23:00:00,Annual,From 15 to 74 years,Thousand persons,Total,Ireland,2023,120,,
ESTAT:UNE_RT_A$DEFAULTVIEW(1.0),11/06/26 23:00:00,Annual,From 15 to 74 years,Thousand persons,Total,Ireland,2024,123,,
ESTAT:UNE_RT_A$DEFAULTVIEW(1.0),11/06/26 23:00:00,Annual,From 15 to 74 years,Thousand persons,Total,Ireland,2025,137,,
ESTAT:UNE_RT_A$DEFAULTVIEW(1.0),11/06/26 23:00:00,Annual,From 15 to 74 years,Thousand persons,Total,Iceland,2016,6,,
ESTAT:UNE_RT_A$DEFAULTVIEW(1.0),11/06/26 23:00:00,Annual,From 15 to 74 years,Thousand persons,Total,Iceland,2017,5,,
ESTAT:UNE_RT_A$DEFAULTVIEW(1.0),11/06/26 23:00:00,Annual,From 15 to 74 years,Thousand persons,Total,Iceland,2018,6,,
ESTAT:UNE_RT_A$DEFAULTVIEW(1.0),11/06/26 23:00:00,Annual,From 15 to 74 years,Thousand persons,Total,Iceland,2019,7,,
ESTAT:UNE_RT_A$DEFAULTVIEW(1.0),11/06/26 23:00:00,Annual,From 15 to 74 years,Thousand persons,Total,Iceland,2020,11,b,
ESTAT:UNE_RT_A$DEFAULTVIEW(1.0),11/06/26 23:00:00,Annual,From 15 to 74 years,Thousand persons,Total,Iceland,2021,13,,
ESTAT:UNE_RT_A$DEFAULTVIEW(1.0),11/06/26 23:00:00,Annual,From 15 to 74 years,Thousand persons,Total,Iceland,2022,8,,
ESTAT:UNE_RT_A$DEFAULTVIEW(1.0),11/06/26 23:00:00,Annual,From 15 to 74 years,Thousand persons,Total,Iceland,2023,8,,
ESTAT:UNE_RT_A$DEFAULTVIEW(1.0),11/06/26 23:00:00,Annual,From 15 to 74 years,Thousand persons,Total,Iceland,2024,8,,
ESTAT:UNE_RT_A$DEFAULTVIEW(1.0),11/06/26 23:00:00,Annual,From 15 to 74 years,Thousand persons,Total,Iceland,2025,11,,
ESTAT:UNE_RT_A$DEFAULTVIEW(1.0),11/06/26 23:00:00,Annual,From 15 to 74 years,Thousand persons,Total,Italy,2016,2978,,
ESTAT:UNE_RT_A$DEFAULTVIEW(1.0),11/06/26 23:00:00,Annual,From 15 to 74 years,Thousand persons,Total,Italy,2017,2873,,
ESTAT:UNE_RT_A$DEFAULTVIEW(1.0),11/06/26 23:00:00,Annual,From 15 to 74 years,Thousand persons,Total,Italy,2018,2709,b,
ESTAT:UNE_RT_A$DEFAULTVIEW(1.0),11/06/26 23:00:00,Annual,From 15 to 74 years,Thousand persons,Total,Italy,2019,2540,,
ESTAT:UNE_RT_A$DEFAULTVIEW(1.0),11/06/26 23:00:00,Annual,From 15 to 74 years,Thousand persons,Total,Italy,2020,2301,,
ESTAT:UNE_RT_A$DEFAULTVIEW(1.0),11/06/26 23:00:00,Annual,From 15 to 74 years,Thousand persons,Total,Italy,2021,2367,,
ESTAT:UNE_RT_A$DEFAULTVIEW(1.0),11/06/26 23:00:00,Annual,From 15 to 74 years,Thousand persons,Total,Italy,2022,2027,,
ESTAT:UNE_RT_A$DEFAULTVIEW(1.0),11/06/26 23:00:00,Annual,From 15 to 74 years,Thousand persons,Total,Italy,2023,1947,,
ESTAT:UNE_RT_A$DEFAULTVIEW(1.0),11/06/26 23:00:00,Annual,From 15 to 74 years,Thousand persons,Total,Italy,2024,1664,,
ESTAT:UNE_RT_A$DEFAULTVIEW(1.0),11/06/26 23:00:00,Annual,From 15 to 74 years,Thousand persons,Total,Italy,2025,1576,,
ESTAT:UNE_RT_A$DEFAULTVIEW(1.0),11/06/26 23:00:00,Annual,From 15 to 74 years,Thousand persons,Total,Lithuania,2016,116,,
ESTAT:UNE_RT_A$DEFAULTVIEW(1.0),11/06/26 23:00:00,Annual,From 15 to 74 years,Thousand persons,Total,Lithuania,2017,103,,
ESTAT:UNE_RT_A$DEFAULTVIEW(1.0),11/06/26 23:00:00,Annual,From 15 to 74 years,Thousand persons,Total,Lithuania,2018,90,,
ESTAT:UNE_RT_A$DEFAULTVIEW(1.0),11/06/26 23:00:00,Annual,From 15 to 74 years,Thousand persons,Total,Lithuania,2019,92,,
ESTAT:UNE_RT_A$DEFAULTVIEW(1.0),11/06/26 23:00:00,Annual,From 15 to 74 years,Thousand persons,Total,Lithuania,2020,126,,
ESTAT:UNE_RT_A$DEFAULTVIEW(1.0),11/06/26 23:00:00,Annual,From 15 to 74 years,Thousand persons,Total,Lithuania,2021,105,,
ESTAT:UNE_RT_A$DEFAULTVIEW(1.0),11/06/26 23:00:00,Annual,From 15 to 74 years,Thousand persons,Total,Lithuania,2022,90,,
ESTAT:UNE_RT_A$DEFAULTVIEW(1.0),11/06/26 23:00:00,Annual,From 15 to 74 years,Thousand persons,Total,Lithuania,2023,106,,
ESTAT:UNE_RT_A$DEFAULTVIEW(1.0),11/06/26 23:00:00,Annual,From 15 to 74 years,Thousand persons,Total,Lithuania,2024,112,,
ESTAT:UNE_RT_A$DEFAULTVIEW(1.0),11/06/26 23:00:00,Annual,From 15 to 74 years,Thousand persons,Total,Lithuania,2025,108,,
ESTAT:UNE_RT_A$DEFAULTVIEW(1.0),11/06/26 23:00:00,Annual,From 15 to 74 years,Thousand persons,Total,Luxembourg,2016,17,,
ESTAT:UNE_RT_A$DEFAULTVIEW(1.0),11/06/26 23:00:00,Annual,From 15 to 74 years,Thousand persons,Total,Luxembourg,2017,16,,
ESTAT:UNE_RT_A$DEFAULTVIEW(1.0),11/06/26 23:00:00,Annual,From 15 to 74 years,Thousand persons,Total,Luxembourg,2018,17,,
ESTAT:UNE_RT_A$DEFAULTVIEW(1.0),11/06/26 23:00:00,Annual,From 15 to 74 years,Thousand persons,Total,Luxembourg,2019,17,,
ESTAT:UNE_RT_A$DEFAULTVIEW(1.0),11/06/26 23:00:00,Annual,From 15 to 74 years,Thousand persons,Total,Luxembourg,2020,21,,
ESTAT:UNE_RT_A$DEFAULTVIEW(1.0),11/06/26 23:00:00,Annual,From 15 to 74 years,Thousand persons,Total,Luxembourg,2021,17,,
ESTAT:UNE_RT_A$DEFAULTVIEW(1.0),11/06/26 23:00:00,Annual,From 15 to 74 years,Thousand persons,Total,Luxembourg,2022,15,,
ESTAT:UNE_RT_A$DEFAULTVIEW(1.0),11/06/26 23:00:00,Annual,From 15 to 74 years,Thousand persons,Total,Luxembourg,2023,18,,
ESTAT:UNE_RT_A$DEFAULTVIEW(1.0),11/06/26 23:00:00,Annual,From 15 to 74 years,Thousand persons,Total,Luxembourg,2024,22,,
ESTAT:UNE_RT_A$DEFAULTVIEW(1.0),11/06/26 23:00:00,Annual,From 15 to 74 years,Thousand persons,Total,Luxembourg,2025,23,,
ESTAT:UNE_RT_A$DEFAULTVIEW(1.0),11/06/26 23:00:00,Annual,From 15 to 74 years,Thousand persons,Total,Latvia,2016,96,,
ESTAT:UNE_RT_A$DEFAULTVIEW(1.0),11/06/26 23:00:00,Annual,From 15 to 74 years,Thousand persons,Total,Latvia,2017,86,,
ESTAT:UNE_RT_A$DEFAULTVIEW(1.0),11/06/26 23:00:00,Annual,From 15 to 74 years,Thousand persons,Total,Latvia,2018,73,,
ESTAT:UNE_RT_A$DEFAULTVIEW(1.0),11/06/26 23:00:00,Annual,From 15 to 74 years,Thousand persons,Total,Latvia,2019,62,,
ESTAT:UNE_RT_A$DEFAULTVIEW(1.0),11/06/26 23:00:00,Annual,From 15 to 74 years,Thousand persons,Total,Latvia,2020,79,,
ESTAT:UNE_RT_A$DEFAULTVIEW(1.0),11/06/26 23:00:00,Annual,From 15 to 74 years,Thousand persons,Total,Latvia,2021,71,,
ESTAT:UNE_RT_A$DEFAULTVIEW(1.0),11/06/26 23:00:00,Annual,From 15 to 74 years,Thousand persons,Total,Latvia,2022,65,,
ESTAT:UNE_RT_A$DEFAULTVIEW(1.0),11/06/26 23:00:00,Annual,From 15 to 74 years,Thousand persons,Total,Latvia,2023,62,,
ESTAT:UNE_RT_A$DEFAULTVIEW(1.0),11/06/26 23:00:00,Annual,From 15 to 74 years,Thousand persons,Total,Latvia,2024,65,,
ESTAT:UNE_RT_A$DEFAULTVIEW(1.0),11/06/26 23:00:00,Annual,From 15 to 74 years,Thousand persons,Total,Latvia,2025,66,,
ESTAT:UNE_RT_A$DEFAULTVIEW(1.0),11/06/26 23:00:00,Annual,From 15 to 74 years,Thousand persons,Total,Montenegro,2016,48,,
ESTAT:UNE_RT_A$DEFAULTVIEW(1.0),11/06/26 23:00:00,Annual,From 15 to 74 years,Thousand persons,Total,Montenegro,2017,44,,
ESTAT:UNE_RT_A$DEFAULTVIEW(1.0),11/06/26 23:00:00,Annual,From 15 to 74 years,Thousand persons,Total,Montenegro,2018,42,,
ESTAT:UNE_RT_A$DEFAULTVIEW(1.0),11/06/26 23:00:00,Annual,From 15 to 74 years,Thousand persons,Total,Montenegro,2019,43,,
ESTAT:UNE_RT_A$DEFAULTVIEW(1.0),11/06/26 23:00:00,Annual,From 15 to 74 years,Thousand persons,Total,Montenegro,2020,48,,
ESTAT:UNE_RT_A$DEFAULTVIEW(1.0),11/06/26 23:00:00,Annual,From 15 to 74 years,Thousand persons,Total,North Macedonia,2016,225,,
ESTAT:UNE_RT_A$DEFAULTVIEW(1.0),11/06/26 23:00:00,Annual,From 15 to 74 years,Thousand persons,Total,North Macedonia,2017,214,,
ESTAT:UNE_RT_A$DEFAULTVIEW(1.0),11/06/26 23:00:00,Annual,From 15 to 74 years,Thousand persons,Total,North Macedonia,2018,199,,
ESTAT:UNE_RT_A$DEFAULTVIEW(1.0),11/06/26 23:00:00,Annual,From 15 to 74 years,Thousand persons,Total,North Macedonia,2019,166,,
ESTAT:UNE_RT_A$DEFAULTVIEW(1.0),11/06/26 23:00:00,Annual,From 15 to 74 years,Thousand persons,Total,North Macedonia,2020,156,,
ESTAT:UNE_RT_A$DEFAULTVIEW(1.0),11/06/26 23:00:00,Annual,From 15 to 74 years,Thousand persons,Total,North Macedonia,2021,127,b,
ESTAT:UNE_RT_A$DEFAULTVIEW(1.0),11/06/26 23:00:00,Annual,From 15 to 74 years,Thousand persons,Total,North Macedonia,2022,116,,
ESTAT:UNE_RT_A$DEFAULTVIEW(1.0),11/06/26 23:00:00,Annual,From 15 to 74 years,Thousand persons,Total,North Macedonia,2023,104,,
ESTAT:UNE_RT_A$DEFAULTVIEW(1.0),11/06/26 23:00:00,Annual,From 15 to 74 years,Thousand persons,Total,North Macedonia,2024,98,,
ESTAT:UNE_RT_A$DEFAULTVIEW(1.0),11/06/26 23:00:00,Annual,From 15 to 74 years,Thousand persons,Total,North Macedonia,2025,92,,
ESTAT:UNE_RT_A$DEFAULTVIEW(1.0),11/06/26 23:00:00,Annual,From 15 to 74 years,Thousand persons,Total,Malta,2016,10,,
ESTAT:UNE_RT_A$DEFAULTVIEW(1.0),11/06/26 23:00:00,Annual,From 15 to 74 years,Thousand persons,Total,Malta,2017,9,,
ESTAT:UNE_RT_A$DEFAULTVIEW(1.0),11/06/26 23:00:00,Annual,From 15 to 74 years,Thousand persons,Total,Malta,2018,10,,
ESTAT:UNE_RT_A$DEFAULTVIEW(1.0),11/06/26 23:00:00,Annual,From 15 to 74 years,Thousand persons,Total,Malta,2019,11,,
ESTAT:UNE_RT_A$DEFAULTVIEW(1.0),11/06/26 23:00:00,Annual,From 15 to 74 years,Thousand persons,Total,Malta,2020,13,,
ESTAT:UNE_RT_A$DEFAULTVIEW(1.0),11/06/26 23:00:00,Annual,From 15 to 74 years,Thousand persons,Total,Malta,2021,10,,
ESTAT:UNE_RT_A$DEFAULTVIEW(1.0),11/06/26 23:00:00,Annual,From 15 to 74 years,Thousand persons,Total,Malta,2022,10,,
ESTAT:UNE_RT_A$DEFAULTVIEW(1.0),11/06/26 23:00:00,Annual,From 15 to 74 years,Thousand persons,Total,Malta,2023,11,,
ESTAT:UNE_RT_A$DEFAULTVIEW(1.0),11/06/26 23:00:00,Annual,From 15 to 74 years,Thousand persons,Total,Malta,2024,10,,
ESTAT:UNE_RT_A$DEFAULTVIEW(1.0),11/06/26 23:00:00,Annual,From 15 to 74 years,Thousand persons,Total,Malta,2025,10,,
ESTAT:UNE_RT_A$DEFAULTVIEW(1.0),11/06/26 23:00:00,Annual,From 15 to 74 years,Thousand persons,Total,Netherlands,2016,647,,
ESTAT:UNE_RT_A$DEFAULTVIEW(1.0),11/06/26 23:00:00,Annual,From 15 to 74 years,Thousand persons,Total,Netherlands,2017,547,,
ESTAT:UNE_RT_A$DEFAULTVIEW(1.0),11/06/26 23:00:00,Annual,From 15 to 74 years,Thousand persons,Total,Netherlands,2018,459,,
ESTAT:UNE_RT_A$DEFAULTVIEW(1.0),11/06/26 23:00:00,Annual,From 15 to 74 years,Thousand persons,Total,Netherlands,2019,423,,
ESTAT:UNE_RT_A$DEFAULTVIEW(1.0),11/06/26 23:00:00,Annual,From 15 to 74 years,Thousand persons,Total,Netherlands,2020,466,,
ESTAT:UNE_RT_A$DEFAULTVIEW(1.0),11/06/26 23:00:00,Annual,From 15 to 74 years,Thousand persons,Total,Netherlands,2021,408,,
ESTAT:UNE_RT_A$DEFAULTVIEW(1.0),11/06/26 23:00:00,Annual,From 15 to 74 years,Thousand persons,Total,Netherlands,2022,350,,
ESTAT:UNE_RT_A$DEFAULTVIEW(1.0),11/06/26 23:00:00,Annual,From 15 to 74 years,Thousand persons,Total,Netherlands,2023,359,,
ESTAT:UNE_RT_A$DEFAULTVIEW(1.0),11/06/26 23:00:00,Annual,From 15 to 74 years,Thousand persons,Total,Netherlands,2024,372,,
ESTAT:UNE_RT_A$DEFAULTVIEW(1.0),11/06/26 23:00:00,Annual,From 15 to 74 years,Thousand persons,Total,Netherlands,2025,396,,
ESTAT:UNE_RT_A$DEFAULTVIEW(1.0),11/06/26 23:00:00,Annual,From 15 to 74 years,Thousand persons,Total,Norway,2016,137,,
ESTAT:UNE_RT_A$DEFAULTVIEW(1.0),11/06/26 23:00:00,Annual,From 15 to 74 years,Thousand persons,Total,Norway,2017,122,,
ESTAT:UNE_RT_A$DEFAULTVIEW(1.0),11/06/26 23:00:00,Annual,From 15 to 74 years,Thousand persons,Total,Norway,2018,113,,
ESTAT:UNE_RT_A$DEFAULTVIEW(1.0),11/06/26 23:00:00,Annual,From 15 to 74 years,Thousand persons,Total,Norway,2019,111,,
ESTAT:UNE_RT_A$DEFAULTVIEW(1.0),11/06/26 23:00:00,Annual,From 15 to 74 years,Thousand persons,Total,Norway,2020,136,,
ESTAT:UNE_RT_A$DEFAULTVIEW(1.0),11/06/26 23:00:00,Annual,From 15 to 74 years,Thousand persons,Total,Norway,2021,128,,
ESTAT:UNE_RT_A$DEFAULTVIEW(1.0),11/06/26 23:00:00,Annual,From 15 to 74 years,Thousand persons,Total,Norway,2022,96,,
ESTAT:UNE_RT_A$DEFAULTVIEW(1.0),11/06/26 23:00:00,Annual,From 15 to 74 years,Thousand persons,Total,Norway,2023,107,,
ESTAT:UNE_RT_A$DEFAULTVIEW(1.0),11/06/26 23:00:00,Annual,From 15 to 74 years,Thousand persons,Total,Norway,2024,121,,
ESTAT:UNE_RT_A$DEFAULTVIEW(1.0),11/06/26 23:00:00,Annual,From 15 to 74 years,Thousand persons,Total,Norway,2025,136,,
ESTAT:UNE_RT_A$DEFAULTVIEW(1.0),11/06/26 23:00:00,Annual,From 15 to 74 years,Thousand persons,Total,Poland,2016,1063,,
ESTAT:UNE_RT_A$DEFAULTVIEW(1.0),11/06/26 23:00:00,Annual,From 15 to 74 years,Thousand persons,Total,Poland,2017,843,,
ESTAT:UNE_RT_A$DEFAULTVIEW(1.0),11/06/26 23:00:00,Annual,From 15 to 74 years,Thousand persons,Total,Poland,2018,659,,
ESTAT:UNE_RT_A$DEFAULTVIEW(1.0),11/06/26 23:00:00,Annual,From 15 to 74 years,Thousand persons,Total,Poland,2019,567,b,
ESTAT:UNE_RT_A$DEFAULTVIEW(1.0),11/06/26 23:00:00,Annual,From 15 to 74 years,Thousand persons,Total,Poland,2020,552,,
ESTAT:UNE_RT_A$DEFAULTVIEW(1.0),11/06/26 23:00:00,Annual,From 15 to 74 years,Thousand persons,Total,Poland,2021,599,,
ESTAT:UNE_RT_A$DEFAULTVIEW(1.0),11/06/26 23:00:00,Annual,From 15 to 74 years,Thousand persons,Total,Poland,2022,511,,
ESTAT:UNE_RT_A$DEFAULTVIEW(1.0),11/06/26 23:00:00,Annual,From 15 to 74 years,Thousand persons,Total,Poland,2023,502,,
ESTAT:UNE_RT_A$DEFAULTVIEW(1.0),11/06/26 23:00:00,Annual,From 15 to 74 years,Thousand persons,Total,Poland,2024,512,,
ESTAT:UNE_RT_A$DEFAULTVIEW(1.0),11/06/26 23:00:00,Annual,From 15 to 74 years,Thousand persons,Total,Poland,2025,558,,
ESTAT:UNE_RT_A$DEFAULTVIEW(1.0),11/06/26 23:00:00,Annual,From 15 to 74 years,Thousand persons,Total,Portugal,2016,574,,
ESTAT:UNE_RT_A$DEFAULTVIEW(1.0),11/06/26 23:00:00,Annual,From 15 to 74 years,Thousand persons,Total,Portugal,2017,465,,
ESTAT:UNE_RT_A$DEFAULTVIEW(1.0),11/06/26 23:00:00,Annual,From 15 to 74 years,Thousand persons,Total,Portugal,2018,366,,
ESTAT:UNE_RT_A$DEFAULTVIEW(1.0),11/06/26 23:00:00,Annual,From 15 to 74 years,Thousand persons,Total,Portugal,2019,339,,
ESTAT:UNE_RT_A$DEFAULTVIEW(1.0),11/06/26 23:00:00,Annual,From 15 to 74 years,Thousand persons,Total,Portugal,2020,354,,
ESTAT:UNE_RT_A$DEFAULTVIEW(1.0),11/06/26 23:00:00,Annual,From 15 to 74 years,Thousand persons,Total,Portugal,2021,344,,
ESTAT:UNE_RT_A$DEFAULTVIEW(1.0),11/06/26 23:00:00,Annual,From 15 to 74 years,Thousand persons,Total,Portugal,2022,323,,
ESTAT:UNE_RT_A$DEFAULTVIEW(1.0),11/06/26 23:00:00,Annual,From 15 to 74 years,Thousand persons,Total,Portugal,2023,351,,
ESTAT:UNE_RT_A$DEFAULTVIEW(1.0),11/06/26 23:00:00,Annual,From 15 to 74 years,Thousand persons,Total,Portugal,2024,351,,
ESTAT:UNE_RT_A$DEFAULTVIEW(1.0),11/06/26 23:00:00,Annual,From 15 to 74 years,Thousand persons,Total,Portugal,2025,337,,
ESTAT:UNE_RT_A$DEFAULTVIEW(1.0),11/06/26 23:00:00,Annual,From 15 to 74 years,Thousand persons,Total,Romania,2016,581,,
ESTAT:UNE_RT_A$DEFAULTVIEW(1.0),11/06/26 23:00:00,Annual,From 15 to 74 years,Thousand persons,Total,Romania,2017,500,,
ESTAT:UNE_RT_A$DEFAULTVIEW(1.0),11/06/26 23:00:00,Annual,From 15 to 74 years,Thousand persons,Total,Romania,2018,429,,
ESTAT:UNE_RT_A$DEFAULTVIEW(1.0),11/06/26 23:00:00,Annual,From 15 to 74 years,Thousand persons,Total,Romania,2019,400,,
ESTAT:UNE_RT_A$DEFAULTVIEW(1.0),11/06/26 23:00:00,Annual,From 15 to 74 years,Thousand persons,Total,Romania,2020,497,,
ESTAT:UNE_RT_A$DEFAULTVIEW(1.0),11/06/26 23:00:00,Annual,From 15 to 74 years,Thousand persons,Total,Romania,2021,459,,
ESTAT:UNE_RT_A$DEFAULTVIEW(1.0),11/06/26 23:00:00,Annual,From 15 to 74 years,Thousand persons,Total,Romania,2022,465,,
ESTAT:UNE_RT_A$DEFAULTVIEW(1.0),11/06/26 23:00:00,Annual,From 15 to 74 years,Thousand persons,Total,Romania,2023,456,,
ESTAT:UNE_RT_A$DEFAULTVIEW(1.0),11/06/26 23:00:00,Annual,From 15 to 74 years,Thousand persons,Total,Romania,2024,451,,
ESTAT:UNE_RT_A$DEFAULTVIEW(1.0),11/06/26 23:00:00,Annual,From 15 to 74 years,Thousand persons,Total,Romania,2025,500,,
ESTAT:UNE_RT_A$DEFAULTVIEW(1.0),11/06/26 23:00:00,Annual,From 15 to 74 years,Thousand persons,Total,Serbia,2016,506,,
ESTAT:UNE_RT_A$DEFAULTVIEW(1.0),11/06/26 23:00:00,Annual,From 15 to 74 years,Thousand persons,Total,Serbia,2017,450,,
ESTAT:UNE_RT_A$DEFAULTVIEW(1.0),11/06/26 23:00:00,Annual,From 15 to 74 years,Thousand persons,Total,Serbia,2018,426,,
ESTAT:UNE_RT_A$DEFAULTVIEW(1.0),11/06/26 23:00:00,Annual,From 15 to 74 years,Thousand persons,Total,Serbia,2019,343,,
ESTAT:UNE_RT_A$DEFAULTVIEW(1.0),11/06/26 23:00:00,Annual,From 15 to 74 years,Thousand persons,Total,Serbia,2020,290,,
ESTAT:UNE_RT_A$DEFAULTVIEW(1.0),11/06/26 23:00:00,Annual,From 15 to 74 years,Thousand persons,Total,Serbia,2021,344,,
ESTAT:UNE_RT_A$DEFAULTVIEW(1.0),11/06/26 23:00:00,Annual,From 15 to 74 years,Thousand persons,Total,Serbia,2022,296,,
ESTAT:UNE_RT_A$DEFAULTVIEW(1.0),11/06/26 23:00:00,Annual,From 15 to 74 years,Thousand persons,Total,Serbia,2023,296,,
ESTAT:UNE_RT_A$DEFAULTVIEW(1.0),11/06/26 23:00:00,Annual,From 15 to 74 years,Thousand persons,Total,Serbia,2024,272,,
ESTAT:UNE_RT_A$DEFAULTVIEW(1.0),11/06/26 23:00:00,Annual,From 15 to 74 years,Thousand persons,Total,Serbia,2025,272,,
ESTAT:UNE_RT_A$DEFAULTVIEW(1.0),11/06/26 23:00:00,Annual,From 15 to 74 years,Thousand persons,Total,Sweden,2016,371,,
ESTAT:UNE_RT_A$DEFAULTVIEW(1.0),11/06/26 23:00:00,Annual,From 15 to 74 years,Thousand persons,Total,Sweden,2017,363,,
ESTAT:UNE_RT_A$DEFAULTVIEW(1.0),11/06/26 23:00:00,Annual,From 15 to 74 years,Thousand persons,Total,Sweden,2018,349,,
ESTAT:UNE_RT_A$DEFAULTVIEW(1.0),11/06/26 23:00:00,Annual,From 15 to 74 years,Thousand persons,Total,Sweden,2019,377,,
ESTAT:UNE_RT_A$DEFAULTVIEW(1.0),11/06/26 23:00:00,Annual,From 15 to 74 years,Thousand persons,Total,Sweden,2020,466,,
ESTAT:UNE_RT_A$DEFAULTVIEW(1.0),11/06/26 23:00:00,Annual,From 15 to 74 years,Thousand persons,Total,Sweden,2021,493,,
ESTAT:UNE_RT_A$DEFAULTVIEW(1.0),11/06/26 23:00:00,Annual,From 15 to 74 years,Thousand persons,Total,Sweden,2022,421,,
ESTAT:UNE_RT_A$DEFAULTVIEW(1.0),11/06/26 23:00:00,Annual,From 15 to 74 years,Thousand persons,Total,Sweden,2023,440,,
ESTAT:UNE_RT_A$DEFAULTVIEW(1.0),11/06/26 23:00:00,Annual,From 15 to 74 years,Thousand persons,Total,Sweden,2024,480,,
ESTAT:UNE_RT_A$DEFAULTVIEW(1.0),11/06/26 23:00:00,Annual,From 15 to 74 years,Thousand persons,Total,Sweden,2025,510,,
ESTAT:UNE_RT_A$DEFAULTVIEW(1.0),11/06/26 23:00:00,Annual,From 15 to 74 years,Thousand persons,Total,Slovenia,2016,79,,
ESTAT:UNE_RT_A$DEFAULTVIEW(1.0),11/06/26 23:00:00,Annual,From 15 to 74 years,Thousand persons,Total,Slovenia,2017,67,,
ESTAT:UNE_RT_A$DEFAULTVIEW(1.0),11/06/26 23:00:00,Annual,From 15 to 74 years,Thousand persons,Total,Slovenia,2018,52,,
ESTAT:UNE_RT_A$DEFAULTVIEW(1.0),11/06/26 23:00:00,Annual,From 15 to 74 years,Thousand persons,Total,Slovenia,2019,45,,
ESTAT:UNE_RT_A$DEFAULTVIEW(1.0),11/06/26 23:00:00,Annual,From 15 to 74 years,Thousand persons,Total,Slovenia,2020,51,,
ESTAT:UNE_RT_A$DEFAULTVIEW(1.0),11/06/26 23:00:00,Annual,From 15 to 74 years,Thousand persons,Total,Slovenia,2021,48,,
ESTAT:UNE_RT_A$DEFAULTVIEW(1.0),11/06/26 23:00:00,Annual,From 15 to 74 years,Thousand persons,Total,Slovenia,2022,41,,
ESTAT:UNE_RT_A$DEFAULTVIEW(1.0),11/06/26 23:00:00,Annual,From 15 to 74 years,Thousand persons,Total,Slovenia,2023,38,,
ESTAT:UNE_RT_A$DEFAULTVIEW(1.0),11/06/26 23:00:00,Annual,From 15 to 74 years,Thousand persons,Total,Slovenia,2024,38,,
ESTAT:UNE_RT_A$DEFAULTVIEW(1.0),11/06/26 23:00:00,Annual,From 15 to 74 years,Thousand persons,Total,Slovenia,2025,40,,
ESTAT:UNE_RT_A$DEFAULTVIEW(1.0),11/06/26 23:00:00,Annual,From 15 to 74 years,Thousand persons,Total,Slovakia,2016,274,,
ESTAT:UNE_RT_A$DEFAULTVIEW(1.0),11/06/26 23:00:00,Annual,From 15 to 74 years,Thousand persons,Total,Slovakia,2017,229,,
ESTAT:UNE_RT_A$DEFAULTVIEW(1.0),11/06/26 23:00:00,Annual,From 15 to 74 years,Thousand persons,Total,Slovakia,2018,184,,
ESTAT:UNE_RT_A$DEFAULTVIEW(1.0),11/06/26 23:00:00,Annual,From 15 to 74 years,Thousand persons,Total,Slovakia,2019,161,,
ESTAT:UNE_RT_A$DEFAULTVIEW(1.0),11/06/26 23:00:00,Annual,From 15 to 74 years,Thousand persons,Total,Slovakia,2020,186,,
ESTAT:UNE_RT_A$DEFAULTVIEW(1.0),11/06/26 23:00:00,Annual,From 15 to 74 years,Thousand persons,Total,Slovakia,2021,188,,
ESTAT:UNE_RT_A$DEFAULTVIEW(1.0),11/06/26 23:00:00,Annual,From 15 to 74 years,Thousand persons,Total,Slovakia,2022,170,,
ESTAT:UNE_RT_A$DEFAULTVIEW(1.0),11/06/26 23:00:00,Annual,From 15 to 74 years,Thousand persons,Total,Slovakia,2023,162,,
ESTAT:UNE_RT_A$DEFAULTVIEW(1.0),11/06/26 23:00:00,Annual,From 15 to 74 years,Thousand persons,Total,Slovakia,2024,148,,
ESTAT:UNE_RT_A$DEFAULTVIEW(1.0),11/06/26 23:00:00,Annual,From 15 to 74 years,Thousand persons,Total,Slovakia,2025,150,,
ESTAT:UNE_RT_A$DEFAULTVIEW(1.0),11/06/26 23:00:00,Annual,From 15 to 74 years,Thousand persons,Total,Türkiye,2016,3308,,
ESTAT:UNE_RT_A$DEFAULTVIEW(1.0),11/06/26 23:00:00,Annual,From 15 to 74 years,Thousand persons,Total,Türkiye,2017,3421,,
ESTAT:UNE_RT_A$DEFAULTVIEW(1.0),11/06/26 23:00:00,Annual,From 15 to 74 years,Thousand persons,Total,Türkiye,2018,3512,,
ESTAT:UNE_RT_A$DEFAULTVIEW(1.0),11/06/26 23:00:00,Annual,From 15 to 74 years,Thousand persons,Total,Türkiye,2019,4445,,
ESTAT:UNE_RT_A$DEFAULTVIEW(1.0),11/06/26 23:00:00,Annual,From 15 to 74 years,Thousand persons,Total,Türkiye,2020,4045,,
ESTAT:UNE_RT_A$DEFAULTVIEW(1.0),11/06/26 23:00:00,Annual,From 15 to 74 years,Thousand persons,Total,Türkiye,2021,3915,b,
ESTAT:UNE_RT_A$DEFAULTVIEW(1.0),11/06/26 23:00:00,Annual,From 15 to 74 years,Thousand persons,Total,Türkiye,2022,3591,,
ESTAT:UNE_RT_A$DEFAULTVIEW(1.0),11/06/26 23:00:00,Annual,From 15 to 74 years,Thousand persons,Total,Türkiye,2023,3274,,
ESTAT:UNE_RT_A$DEFAULTVIEW(1.0),11/06/26 23:00:00,Annual,From 15 to 74 years,Thousand persons,Total,Türkiye,2024,3113,,
ESTAT:UNE_RT_A$DEFAULTVIEW(1.0),11/06/26 23:00:00,Annual,From 15 to 74 years,Thousand persons,Total,Türkiye,2025,2970,,
